user_name,user_post_url,user_content,user_timestamp,user_replying_to,user_image_alts,user_likes,user_replies,user_reposts,user_shares,brand_reply_url,brand_reply_content,brand_reply_timestamp,brand_replying_to,brand_reply_image_alts,brand_reply_likes,brand_reply_replies,brand_reply_reposts,brand_reply_shares
lunlun_melody_0119,https://www.threads.com/@lunlun_melody_0119/post/DXt4qTTFFd9,"我人生從來沒想過去啤酒節耶
要解鎖了嗎😆
7eleventw
高雄啤酒音樂節
Born To Beat！",2026年4月29日 星期三 下午9:17,,,34,1,233,2228,https://www.threads.com/@7eleventw/post/DXskhEyD4EC,Born To Beat！,2026年4月29日 星期三 上午9:02,,,9128,133,233,2228
yye_923,https://www.threads.com/@yye_923/post/DXrYUoRFNAP,您好陌生人，路過請留下4個字,2026年4月28日 星期二 下午9:56,,,1520,2612,8,19,https://www.threads.com/@7eleventw/post/DXt1Imwj5F7,統一布布,2026年4月29日 星期三 下午8:46,,,171,5,0,1
__dreammoon,https://www.threads.com/@__dreammoon/post/DXrQIkxFKUT,"❤️🖤🤍
台灣超商7-11、全家、萊爾富
可口可樂 × BTS V聯名活動整理
⿻ 7-11 ⿻
4/27–5/12（兌換至5/26）
涼麵＋可樂，可集1點✨
4點換V明信片組（3張）
4/29–5/26
可樂600ml 4入 $98
買2組贈送V應援扇或書籤組（3張）
⿻ 全家 ⿻
4/29-5/26
指定冷凍、冷藏食品 + 可口可樂隨型罐，可集1章✨
5章換V明信片組（3張）
4/29–5/26
指定飲品（包含所有口味可口可樂、芬達、美粒果等）滿8件送V應援扇或便利貼
⿻ 萊爾富 ⿻
4/1-4/28
指定便當+ 可口可樂隨型罐，可集1章✨
3章換V明信片組（3張）
——————
覺得明信片的部分，萊爾富最好拿到，
而且最近他們的便當聽說大進步！🍱
今天活動最後一天，下班直接到公司附近的萊爾富破關🐻✨
謝謝超好的店員還幫我找到一個沒有明列在集章指定商品，但其實可以集的便當，不然就要跑兩家了🥹謝謝上天總賜予我好運🍀
想要的扇子和明信片，全家店長也幫忙預留了💜✨追星路上不能沒有你啊店長！還要感謝好同事們，幫不喝可樂的我把16瓶都認購走😭感激涕零😭",2026年4月28日 星期二 下午8:45,,"May be an image of calendar and text | May be a cartoon of poster and text that says '(盛道 OSTUE 微此集房 限量明信片乙組 （3張/組） 《數量有限， （救量有限,完為止） 開完為止） 恭喜您已成功兌換的 請至 我的東西商品兌換蓋章兌換 蓋章兌換 我的東西 商品兌換 領取 返回來蓋章 前往我的東西' | May be an image of phone and text | May be an image of sparkling water and text | May be an image of poster and text | May be an image of poster and text | May be an image of text that says 'Read 10：16 10:16AM 想要便條紙 AM 想要便條紙 10:16 10:16AM 可以幫我留嗎？ Read 可以幫我留嗎？ 10:16 10:16AM 可樂八瓶？ Read 可樂八瓶？ 可以 12:59PM 可以12:59PM PM 現在。..就先幫你留了 現在 就先幫你留了 12:59PM Read 12:59PM 1232耶 耶 Read 1：00PN PM 是幾號可以去結賬？ 還多留一個扇子 以免你臨時想要 1:00PM PM 星期三 1:00 1:00PM 星期三1：00PM PM Read 1:01PM 好!那我都要！ 好！ 好 好！那我都要！'",841,31,90,953,https://www.threads.com/@7eleventw/post/DXt0nxMDwkI,用心整理給推,2026年4月29日 星期三 下午8:42,,,14,1,0,2
letscoolup,https://www.threads.com/@letscoolup/post/DXsx_PSEvbf,我想認識各行各業的小編😍,2026年4月29日 星期三 上午11:00,,,250,600,2,5,https://www.threads.com/@7eleventw/post/DXt0jAOjxth,您好，我是7-ELEVEN~,2026年4月29日 星期三 下午8:41,,,64,3,0,0
yutain_huang,https://www.threads.com/@yutain_huang/post/DXrPY00AZIw,"同事今晚叫的香腸炒飯😂😂😂
超好笑🤣
要確餒？！",2026年4月28日 星期二 下午8:38,,"May be an image of fried rice, sausage, egg and text",18000,954,100,906,https://www.threads.com/@7eleventw/post/DXtfvccj6yd,不好意思，請問有熱狗炒飯嗎？,2026年4月29日 星期三 下午5:39,,,260,1,2,3
horiching.tattoo,https://www.threads.com/@horiching.tattoo/post/DXtCCe3DjqF,戰鬥陀螺X,2026年4月29日 星期三 下午1:22,,,0,0,0,0,https://www.threads.com/@7eleventw/post/DXtfdJ_j6NK,戰鬥陀螺變成遊戲王,2026年4月29日 星期三 下午5:37,,,216,6,0,1
5yvxzn,https://www.threads.com/@5yvxzn/post/DXoWcBmk3WF,每天都在「要戒糖」跟「我今天已經過的很苦了」之間猶豫,2026年4月27日 星期一 下午5:42,,,40000,191,6979,6162,https://www.threads.com/@7eleventw/post/DXsvS3rj_S3,我不喜歡看到自己出現在這篇貼文裡（咕嚕咕嚕喝飲料）,2026年4月29日 星期三 上午10:36,,,103,2,0,0
penguinbear_0916,https://www.threads.com/@penguinbear_0916/post/DXltM9_gavw,覺得自己想太多的時候就用英文想 這樣你就發現自己想不了太多了。,2026年4月26日 星期日 下午5:03,,,75000,465,7431,18000,https://www.threads.com/@7eleventw/post/DXsvJ29D3Kz,謝謝你！我的煩惱只剩下Seven跟Eleven,2026年4月29日 星期三 上午10:35,,,481,3,0,9
_jiahsuan63_,https://www.threads.com/@_jiahsuan63_/post/DXli6nhCWeM,吉什麼吉,2026年4月26日 星期日 下午3:34,,,37000,297,1802,7629,https://www.threads.com/@7eleventw/post/DXsugsfjy2V,小心氣吉攻心,2026年4月29日 星期三 上午10:29,,,1165,1,0,10
na.507_yan,https://www.threads.com/@na.507_yan/post/DXmb7l8j_1X,祝每個點開的人都能夠非常幸福,2026年4月26日 星期日 下午11:51,,"May be an image of train, bus and text",82000,696,2374,1796,https://www.threads.com/@7eleventw/post/DXsuNeVDwSq,幸福為你 Always OPEN,2026年4月29日 星期三 上午10:27,,"May be an image of map, floor plan, radar and text that says 'x 陽 張街 張街路 張 路 四 段 T-ELEVEN 安樂街 六 張 街 1 2 大 6 智 巷 街 ELEVEN 雙图街5 出曲街57巷34天 安 安睫街 巷34弄 正義北路2 正義北路256巷 正義北路244 雙園街 ELEVEN 安慶街 大同北路2 7-ELEVEN 7-ELEVEN幸福門市 幸福門市 門市店號 門市店號：832498 832498 前往 撥打 分享 常用 ቦ 新北市三重區自强路一段272號 民 生 街 大同北路221巷 長壽西街 189巷 不含北每189 仁 ELEVEN 街 大 三段5巷 巷'",1867,2,11,9
toasty2510,https://www.threads.com/@toasty2510/post/DXoR0xMDZqL,"去完倫敦
就對台灣好失望
台灣外食比較便宜就算了
連在咖啡廳裡面
想要享受一杯最普通的冰美式放鬆心情都沒辦法
因為店裡甜點跟早午餐香氣比倫敦任何一家咖啡廳的都還要香還要誘人
台灣的減重和飲控品質到底要怎麼跟國外比⋯⋯",2026年4月27日 星期一 下午5:02,,,14000,555,232,386,https://www.threads.com/@7eleventw/post/DXst_9zj4Pk,爆意思，我們Always OPEN讓台灣人有太多好吃的...（用力吸一口茶葉蛋香）,2026年4月29日 星期三 上午10:25,,,29,0,0,0
emily27539,https://www.threads.com/@emily27539/post/DXlrTJIGd1K,這個鏟屎的很沒良心盡拍一些醜照,2026年4月26日 星期日 下午4:47,,May be an image of kitten and text,40000,311,1567,5047,https://www.threads.com/@7eleventw/post/DXstIA3j6f1,這張照片拍出貓咪懷才不遇屢遭貶官的抑鬱心情,2026年4月29日 星期三 上午10:17,,,1031,0,1,54
super_blackgoldtank,https://www.threads.com/@super_blackgoldtank/post/DXl6a0oE2l_,有大神可以評評比我弟的想法嗎,2026年4月26日 星期日 下午6:59,,,5344,667,160,3924,https://www.threads.com/@7eleventw/post/DXss_zej24-,我將放下海巡研究這盤青醬麵,2026年4月29日 星期三 上午10:16,,,67,3,0,0
yiiii__25,https://www.threads.com/@yiiii__25/post/DXpIy7qktMR,我再也不亂玩刀盾了 對不起。,2026年4月28日 星期二 上午1:02,,"May be an image of one or more people, train, bus and text that says '晨（夜） 友喜車 FriendlyCamias 喜 Cariiaa #tMorning/Highr NighT 友 Friendry tMorning 幹他笑那麽爽欸？一定有看到持 幹他笑那麽爽欸 ？一定有看到操 我不活了。反正二技也考得很扇 我不活了。 反正二技也考得很屎'",130000,878,8418,31000,https://www.threads.com/@7eleventw/post/DXss7xeD-tP,拍攝者不救！欸不對刀盾狗兇手就是拍攝者（指）,2026年4月29日 星期三 上午10:15,,,61,0,0,0
wen_lung1111,https://www.threads.com/@wen_lung1111/post/DXi42YVkeSC,我有滷肉，你有什麼,2026年4月25日 星期六 下午2:47,,,15000,2655,92,360,https://www.threads.com/@7eleventw/post/DXss1oYD5QZ,我有七千間門市的茶葉蛋,2026年4月29日 星期三 上午10:15,,,28000,195,33,203
har._3z,https://www.threads.com/@har._3z/post/DXqp9NPn2ZZ,追蹤har._3z 更多正在回覆@7eleventw可沾茶葉蛋的湯水來吃嗎讚4 轉發分享,2026年4月28日 星期二 下午3:11,,,,,,,https://www.threads.com/@7eleventw/post/DXqqm-lD22o,追蹤7eleventw已驗證 更多不太建議讚14回覆轉發分享,2026年4月28日 星期二 下午3:17,,,,,,
ben202328,https://www.threads.com/@ben202328/post/DXo3CEJFAj9,追蹤ben202328 更多正在回覆@7eleventw可以放電鍋嘛讚2 轉發分享,2026年4月27日 星期一 下午10:27,,,,,,,https://www.threads.com/@7eleventw/post/DXqqk_fD0QR,追蹤7eleventw已驗證 更多可以買回家放家裡的讚8回覆轉發分享,2026年4月28日 星期二 下午3:16,,,,,,
theaya1108,https://www.threads.com/@theaya1108/post/DXqZq3hlNJ4,追蹤theaya1108 更多正在回覆@7eleventw7-11小編到底有沒有加薪？他讓我天天都好開心讚1 轉發分享,2026年4月28日 星期二 下午12:49,,,,,,,https://www.threads.com/@7eleventw/post/DXqqhTED8Te,追蹤7eleventw已驗證 更多沒有...讚15 轉發分享,2026年4月28日 星期二 下午3:16,,,,,,
aei_ing,https://www.threads.com/@aei_ing/post/DXqnkLQkirj,追蹤aei_ing 更多7-11編講話越來越大聲，是按到擴音鍵膩😍💙讚797 轉發2,2026年4月28日 星期二 下午2:50,,,,,,,https://www.threads.com/@7eleventw/post/DXqpvNbj9UN,追蹤7eleventw已驗證 更多沒有(氣音)讚672 轉發1,2026年4月28日 星期二 下午3:09,,,,,,
cuijk._99,https://www.threads.com/@cuijk._99/post/DXqhUg9EUBF,我保證我這輩子跟全家相依為命！讚975回覆21轉發1分享13,2026年4月28日 星期二 下午1:56,,,,,,,https://www.threads.com/@7eleventw/post/DXqmOfaj0Ry,"追蹤7eleventw已驗證 原作者說讚更多您可以帶你全家來我家讚1,333 轉發2",2026年4月28日 星期二 下午2:38,,,,,,
hhhhhhhh.625,https://www.threads.com/@hhhhhhhh.625/post/DXqkmiECR0Z,已驗證Twice 已編輯更多,2026年4月28日 星期二 下午2:24,,,0,0,0,0,https://www.threads.com/@7eleventw/post/DXqmJCKj6O0,"追蹤7eleventw已驗證 原作者說讚更多我是叫你帶錢好嗎？讚1,828 轉發3",2026年4月28日 星期二 下午2:38,,,,,,
hhhhhhhh.625,https://www.threads.com/@hhhhhhhh.625/post/DXqkRhzic-m,是的話 貸款也要去！讚2回覆1轉發分享,2026年4月28日 星期二 下午2:21,,,,,,,https://www.threads.com/@7eleventw/post/DXqkX-MjxYC,追蹤7eleventw已驗證 更多建議先帶款讚11 轉發分享,2026年4月28日 星期二 下午2:22,,,,,,
kaohsiungfans,https://www.threads.com/@kaohsiungfans/post/DXnlcXOgRRe,"追蹤kaohsiungfans 更多許願了各位 ~ 高雄啤酒音樂節 登場！讚3,610 轉發75",2026年4月27日 星期一 上午10:34,,"May be an image of text that says '超過20組台韓藝人 高雄啤酒音樂節 7.3-7.5開喝 首波卡司即將公布 f 高雄粉 fOG@kaohsiungfans f O 6@ @kaohsiungfans' | May be an image of poster, magazine and text that says '7-ELEVEN 2026 KAOHSIUNG 高雄啤酒音樂節 音樂節 18ｔ 18+BEERROCKFESTIVAL BEER ROCK FESTIVAL 20 7,3i-7,5 7,3:- 3:-7,5 U и N 高雄夢時代對面暖場 ャ 初夏超High High 音樂節 禁止酒駕· 止酒駕·未滿十八歲禁止飲深 f0@@kaohsiungfans foC @kaohsiungfans' | May be an image of text",,,,,https://www.threads.com/@7eleventw/post/DXqjo5pj-3C,追蹤7eleventw已驗證 更多看我主頁讚38回覆轉發分享2,2026年4月28日 星期二 下午2:16,,,,,,
imwhitepepper,https://www.threads.com/@imwhitepepper/post/DXqSvxzlEjD,追蹤imwhitepepper 更多正在回覆@7eleventw把子瑜請來我一年內不去任何一家非7-11的便利商店消費讚19 轉發分享,2026年4月28日 星期二 上午11:48,,,,,,,https://www.threads.com/@7eleventw/post/DXqjgHmD6rS,追蹤7eleventw已驗證 更多但你有追蹤我了嗎？讚14 轉發分享,2026年4月28日 星期二 下午2:15,,,,,,
once_withfries,https://www.threads.com/@once_withfries/post/DXqRZ7aCXDj,"他其實4月初就在預告了🤩 1/2讚6,509回覆19轉發105分享560",2026年4月28日 星期二 上午11:36,,"May be a cartoon of poster, magazine and text that says '7-ELEVEN 高雄啤酒音樂飾7/3-7/5 高雄啤酒音樂節7/3 7,3-7,5 3-75 18れ 18tBEER BEER 18mBEERROCKFESTIVAL BERROCKFESTIVAL高動参開代動面量 75: N ROCK FESTIVAL AL高雄夢時代對面廣場 Now Nowsayokay say okay 只腊準這顆星 被射中的你 快來和小編一起期待 禁止酒駕·未滿十八歲禁 禁止酒駕 ·未滿+八歲禁止飲酒 未滿十八歲禁' | May be an image of one or more people, hair, top, miniskirt and text",,,,,https://www.threads.com/@7eleventw/post/DXqjaS5D3aM,追蹤7eleventw已驗證 原作者說讚更多看我主頁讚379 轉發分享5,2026年4月28日 星期二 下午2:14,,,,,,
y1730542,https://www.threads.com/@y1730542/post/DXqulx5mtkZ,"
😆那如果是全家的全家呢？那個怎麼辦？！又去當鄰居嗎？",2026年4月28日 星期二 下午3:51,@7eleventw,,2,1,0,0,https://www.threads.com/@7eleventw/post/DXrdbaCj39X,我歡迎大家都來買票,2026年4月28日 星期二 下午10:41,,,7,1,0,0
ha860315,https://www.threads.com/@ha860315/post/DXqsacQE8jK,"
最好不要騙我
不然我這輩子都不喝711咖啡了
改喝全家！",2026年4月28日 星期二 下午3:32,@7eleventw,,2,1,0,0,https://www.threads.com/@7eleventw/post/DXrdQb-j2Ip,反過來呢？,2026年4月28日 星期二 下午10:39,,,3,0,0,0
_20131011,https://www.threads.com/@_20131011/post/DXrAnsVD8qC,"
最好不要騙人喔
不然我要連署換小編",2026年4月28日 星期二 下午6:29,@7eleventw,,1,1,0,0,https://www.threads.com/@7eleventw/post/DXrdJQhD_NQ,,2026年4月28日 星期二 下午10:38,,,4,0,0,0
spk_1022,https://www.threads.com/@spk_1022/post/DXpEixAgGyA,布丁買回來才發現，這是啥玩意兒🤣,2026年4月28日 星期二 上午12:25,,"May be an image of condiment, milk, wafer and text | May be an image of wafer, durian and text | May be an image of text",41000,1361,174,1394,https://www.threads.com/@7eleventw/post/DXrcIEkjzNh,抱歉，您是想吃丁的部份嗎？,2026年4月28日 星期二 下午10:29,,,46000,180,66,843
liuyunyun__,https://www.threads.com/@liuyunyun__/post/DXqzTbzEptE,"我爸追蹤我的脆了
我是超正常的人類
勸網友嘴巴都放乾淨一點
不乾淨的話我先說對不起",2026年4月28日 星期二 下午4:33,,,17000,1519,127,469,https://www.threads.com/@7eleventw/post/DXrb53FD1d1,"💙￼
我只放個愛心應該可以吧？",2026年4月28日 星期二 下午10:27,,,623,1,0,0
zaa_1224,https://www.threads.com/@zaa_1224/post/DXqbt91iUo-,"我最近常做怪夢
夢到一個酷東西
統一半半布丁
一半黑糖一半布丁
重點是夢裡連價格都有
25塊…
現在問題來了
這種東西 有沒有可能真的出現🤔
劇透",2026年4月28日 星期二 下午1:07,,May be an image of wafer and text,17000,608,247,2639,https://www.threads.com/@7eleventw/post/DXq4dhaD8qf,不要出那麼難的題目啦...,2026年4月28日 星期二 下午5:18,,,26000,118,26,332
__chyuu__,https://www.threads.com/@__chyuu__/post/DXqmNChkYfv,"
我又再度追蹤你了711",2026年4月28日 星期二 下午2:38,@7eleventw,,2,1,0,0,https://www.threads.com/@7eleventw/post/DXqrGSlDwo6,什麼再度,2026年4月28日 星期二 下午3:21,,,5,0,0,0
wec123467,https://www.threads.com/@wec123467/post/DXqqEyKj4iz,"
吸氣 吐氣。放氣",2026年4月28日 星期二 下午3:12,@7eleventw,,0,1,0,0,https://www.threads.com/@7eleventw/post/DXqq3lGDxdk,你有看過新烏龍院對吧,2026年4月28日 星期二 下午3:19,,,13,0,0,0
evil_hsuan,https://www.threads.com/@evil_hsuan/post/DXqpmtMj4ox,"
可以幫我剝皮嗎",2026年4月28日 星期二 下午3:08,@7eleventw,,5,1,0,0,https://www.threads.com/@7eleventw/post/DXqqrSgjyf_,可以幫你結帳輸入會員,2026年4月28日 星期二 下午3:17,,,4,0,0,0
s.y.h0622,https://www.threads.com/@s.y.h0622/post/DXqDM4AmXdh,Twice,2026年4月28日 星期二 上午9:32,,,0,0,0,0,https://www.threads.com/@7eleventw/post/DXqjY0Hj2ZD,看我主頁,2026年4月28日 星期二 下午2:14,,,97,2,0,0
xinyixhl,https://www.threads.com/@xinyixhl/post/DXqD2kUCYAl,周子瑜要去高雄啤酒節 真假啦,2026年4月28日 星期二 上午9:38,,,1269,24,9,306,https://www.threads.com/@7eleventw/post/DXqY5iajzph,,2026年4月28日 星期二 下午12:42,,,200,1,0,0
2w1ce__,https://www.threads.com/@2w1ce__/post/DXqHZMWEwDn,"想不到有天我能因為周子瑜被711回
7eleventw
正在回覆 @2w1ce__
看我主頁",2026年4月28日 星期二 上午10:09,,,187,2,6,46,https://www.threads.com/@7eleventw/post/DXqFWYOD2uS,"正在回覆 @2w1ce__
看我主頁",2026年4月28日 星期二 上午9:51,,,1610,4,6,46
lovely_1230321,https://www.threads.com/@lovely_1230321/post/DXqCRysGQUL,"啊啊啊快不行了！！！
子瑜啤酒節！？
上次被罵這次有改善欸 超級直白🤣
@7eleventw
有改有推",2026年4月28日 星期二 上午9:24,,May be a cartoon of poster and text,399,4,1,29,https://www.threads.com/@7eleventw/post/DXqXyvUj6Hl,,2026年4月28日 星期二 下午12:32,,,82,2,1,0
z.y.lai12,https://www.threads.com/@z.y.lai12/post/DXqFAG-gVus,"看見7-11啤酒節將會是 周子瑜💙
我的人生又是彩色的啦～～～～
感謝
@7eleventw",2026年4月28日 星期二 上午9:48,,May be an image of crowd and text,1443,9,2,9,https://www.threads.com/@7eleventw/post/DXqXvj9j7xX,看我主頁,2026年4月28日 星期二 下午12:32,,,214,1,0,3
can_t.stop.mi_,https://www.threads.com/@can_t.stop.mi_/post/DXqCQ3Pjxz2,好的 ONCE們可以衝了,2026年4月28日 星期二 上午9:24,,"May be a Twitter screenshot of text that says 'tani.ce.nter14分鐘 nter 14分鐘 tani. 如果不是請不要來亂 如果是那我會感謝你 G 13 Q1 G 3 7eleventw8分鐘·作者 8分鐘 作者 7eleventw LV感謝我 ELEVEN 感謝我 28 28 8 顯示回覆' | May be a cartoon of text that says 'T-ELEVEN 高雄摩酒音樂節7/3-75 7,3-7/5 7,5 3：-7 484BEERROCKFESTIVAL 18th BEER ROCK FESTIVAL 18.BEPROCKESTIAL高參限代和面局 高雄參時代的面廣場 VAL Now Nowsayokay okay say 只喵準這顆星 被射中的你 快來和小編一起期待 禁止酒駕·未滿十八歲禁止飲酒 未滿十八歲禁止 十八歲禁止飲酒 禁止酒駕' | May be a Twitter screenshot of ‎deer and ‎text that says '‎ELEVEN 7eleventw 23分鐘 Threads 1/2 460 460 74 89 89 463 最相關 ELEVEN 查看動態， > 7eleventw20分鐘 20分鐘 7eleventw GuessWho? Guess Who? حلمم #2026高雄啤酒音樂節 時間︱ 時間 時間|2026/7/3-7/5 3-7/5 地點| 地點 高雄夢時代前廣場 卡司 COMINGSOON... 54 **禁止酒駕 *禁止酒駕，未滿十八歲請勿飲酒* 未滿十八歲請勿飲酒* 1 2/2 G 19 顯示回覆‎'‎‎",3503,40,67,1160,https://www.threads.com/@7eleventw/post/DXqXtJ_j5U8,看我主頁,2026年4月28日 星期二 下午12:32,,,85,1,0,1
aftertom86,https://www.threads.com/@aftertom86/post/DXqEhnCDxTy,"
如果是🦌💙 7-11真的好棒棒",2026年4月28日 星期二 上午9:44,@7eleventw,,29,1,0,1,https://www.threads.com/@7eleventw/post/DXqXiNKD5r0,,2026年4月28日 星期二 下午12:30,,,25,0,0,0
jusang_0331,https://www.threads.com/@jusang_0331/post/DXqBiEjE0jI,"
7-11我愛你==",2026年4月28日 星期二 上午9:18,@7eleventw,,6,1,0,0,https://www.threads.com/@7eleventw/post/DXqXgrmDyoY,,2026年4月28日 星期二 下午12:30,,,9,0,0,0
evelyniwi,https://www.threads.com/@evelyniwi/post/DXqRgtyk26T,,2026年4月28日 星期二 上午11:37,@7eleventw,,3,1,0,0,https://www.threads.com/@7eleventw/post/DXqXf5vD9es,,2026年4月28日 星期二 下午12:30,,,5,0,0,0
phoebe20151122,https://www.threads.com/@phoebe20151122/post/DXqD_wsEmZP,"
品牌大使要來了吧😍😍",2026年4月28日 星期二 上午9:39,@7eleventw,,16,1,0,0,https://www.threads.com/@7eleventw/post/DXqXdz4DzkE,,2026年4月28日 星期二 下午12:29,,,17,1,0,0
mk5.5,https://www.threads.com/@mk5.5/post/DXqJek0k3MM,"
小編 確定嗎😭",2026年4月28日 星期二 上午10:27,@7eleventw,,7,1,0,0,https://www.threads.com/@7eleventw/post/DXqXZl8j063,,2026年4月28日 星期二 下午12:29,,,11,0,0,0
gfk931,https://www.threads.com/@gfk931/post/DXqDOR8CVPt,"
騙人的話，此生拒買7-11",2026年4月28日 星期二 上午9:33,@7eleventw,,44,2,0,3,https://www.threads.com/@7eleventw/post/DXqXWETD4mi,,2026年4月28日 星期二 下午12:28,,,22,1,0,0
shaneshamedidi,https://www.threads.com/@shaneshamedidi/post/DXqHT4WgYie,"
感謝7-11(;´༎ຶД༎ຶ`)",2026年4月28日 星期二 上午10:08,@7eleventw,,6,1,0,0,https://www.threads.com/@7eleventw/post/DXqXToyj9Zz,,2026年4月28日 星期二 下午12:28,,,7,0,0,0
howell_wei_0309,https://www.threads.com/@howell_wei_0309/post/DXqVTE9k91G,"
真的假的啦",2026年4月28日 星期二 下午12:10,@7eleventw,,2,1,0,0,https://www.threads.com/@7eleventw/post/DXqXScZj3-W,,2026年4月28日 星期二 下午12:28,,,6,0,0,0
ranvan1994,https://www.threads.com/@ranvan1994/post/DXqW911kbtO,"
@7eleventw
我愛你",2026年4月28日 星期二 下午12:25,@7eleventw,,8,1,0,0,https://www.threads.com/@7eleventw/post/DXqXQK1DxyJ,我愛大家,2026年4月28日 星期二 下午12:28,,,9,0,0,0
h.luxni.j_,https://www.threads.com/@h.luxni.j_/post/DXqIf-JEygl,"
是她的話我今天真的去把家附近架上的i珍食掃光🥹
不是的話當我沒說我絕對不會再去😀",2026年4月28日 星期二 上午10:19,@7eleventw,,62,1,0,3,https://www.threads.com/@7eleventw/post/DXqXNLWD-w_,記得去掃唷,2026年4月28日 星期二 下午12:27,,,81,3,0,5
jamesiscurlytoo,https://www.threads.com/@jamesiscurlytoo/post/DXqT6HrEix2,,2026年4月28日 星期二 上午11:58,,,0,0,0,0,https://www.threads.com/@7eleventw/post/DXqXKbZj8vq,,2026年4月28日 星期二 下午12:27,,,6,0,0,0
xinyixhl,https://www.threads.com/@xinyixhl/post/DXqB6pRCf7G,"
好像該去了",2026年4月28日 星期二 上午9:21,@7eleventw,,6,1,0,0,https://www.threads.com/@7eleventw/post/DXqXId1DzCe,該來,2026年4月28日 星期二 下午12:27,,,8,0,0,0
liketeashop,https://www.threads.com/@liketeashop/post/DXp79BojxSq,"小賴突然想不起來這句詩後面接什麼？
留友接龍回答
「眾裡尋他千百度，驀然回首，老賴就在巷口轉角處」",2026年4月28日 星期二 上午8:29,,,245,108,4,3,https://www.threads.com/@7eleventw/post/DXqV4BEDyhY,「眾裡尋他千百度，驀然回首，🦌🦌💙￼💙」,2026年4月28日 星期二 下午12:16,,,474,2,1,17
4.52.wen,https://www.threads.com/@4.52.wen/post/DXqGboEGc8M,"如果啤酒節不是周子瑜的話
我這輩子再也不去711哈哈哈哈哈",2026年4月28日 星期二 上午10:01,,"May be a Twitter screenshot of text that says '高雄牌酒音樂節 雄牌酒合 .ននន 7,3-7 + beerrockfest>高雄啤酒音樂 高雄啤酒音樂節 1小時 beerrockfest 台南女兒駕到 ර 1,906 135 340 1,940 7eleventw ELEVEN + 59 59分鐘 6 1/2 2,359 144 303 1,644'",4690,32,23,297,https://www.threads.com/@7eleventw/post/DXqTr-wjwc8,呃😅,2026年4月28日 星期二 上午11:56,,,2053,13,1,110
___yooooooou____,https://www.threads.com/@___yooooooou____/post/DXntxq8EVD0,啤酒節集氣 TWICE 任一成員 🫵🏻🫵🏻🫵🏻,2026年4月27日 星期一 上午11:47,,,4161,37,14,37,https://www.threads.com/@7eleventw/post/DXqFShGj5Ka,看我主頁,2026年4月28日 星期二 上午9:51,,,3099,25,4,96
tani.ce.nter,https://www.threads.com/@tani.ce.nter/post/DXqAeRnEgeI,"
如果不是請不要來亂
如果是那我會感謝你",2026年4月28日 星期二 上午9:09,@7eleventw,,0,1,0,0,https://www.threads.com/@7eleventw/post/DXqBLEOj9UK,感謝我,2026年4月28日 星期二 上午9:15,,,2348,9,9,218
chen___0727,https://www.threads.com/@chen___0727/post/DXqAToLk3ee,"
@jiang7223
7-11現在是什麼意思？？？",2026年4月28日 星期二 上午9:07,@7eleventw,,10,1,0,0,https://www.threads.com/@7eleventw/post/DXqA440j9oK,,2026年4月28日 星期二 上午9:12,,,62,0,0,0
y.yutang_,https://www.threads.com/@y.yutang_/post/DXjWUuxkxrP,內臟脂肪太高了 醫生叫我要多吃圓形食物⋯,2026年4月25日 星期六 下午7:05,,"May be an image of croquette, coconut macaroon, crumbcake, cupcake, powdered sugar, fritter, muffin, eclair and text | May be an image of cream cheese, bagel and text | May be an image of wafer and text | May be an image of pie and text | May be an image of pie, tart and text | May be an image of coconut macaroon, pastry and text | May be an image of dessert and text | May be an image of croquette, shiitake mushrooms, onion, fritter and text",19000,290,342,1234,https://www.threads.com/@7eleventw/post/DXo3CwZDztT,吃7-11的圓形茶葉蛋,2026年4月27日 星期一 下午10:27,,,1813,12,0,3
78.yu,https://www.threads.com/@78.yu/post/DXmiL8-E51A,講一件事 證明你曾經有錢過！,2026年4月27日 星期一 上午12:46,,"May be an image of one or more people, bangs, top and text",5160,1710,20,145,https://www.threads.com/@7eleventw/post/DXo2wgZD4pM,我大亨堡夾兩支熱狗、吃泡麵+2顆茶葉蛋,2026年4月27日 星期一 下午10:24,,,153,3,1,2
stevenchen568,https://www.threads.com/@stevenchen568/post/DXoJFgmEs70,"來，自爆一下。
你有沒有一個很燒錢，但完全戒不掉的愛好？",2026年4月27日 星期一 下午3:45,,,70000,10000,1255,6047,https://www.threads.com/@7eleventw/post/DXo2N7-D2go,,2026年4月27日 星期一 下午10:20,,,218,1,0,1
yao.exe_9188,https://www.threads.com/@yao.exe_9188/post/DXjqSW9AfCE,"哪句台詞
就算不提演員姓名
也能知道他是誰？",2026年4月25日 星期六 下午9:59,,,5076,2959,50,188,https://www.threads.com/@7eleventw/post/DXo2CXbj3xm,"always~open~
7~11~",2026年4月27日 星期一 下午10:18,,,16,0,0,0
jj_.1022,https://www.threads.com/@jj_.1022/post/DXmEDY6lOPV,"我很不爽，
高級一點怎麼說？",2026年4月26日 星期日 下午8:23,,,2289,803,18,126,https://www.threads.com/@7eleventw/post/DXo1jfZD5Vn,我對此感到不太滿意,2026年4月27日 星期一 下午10:14,,,54,2,0,0
sosophiaisme,https://www.threads.com/@sosophiaisme/post/DXoVBELklJa,"那個 我男友想替他自己取一個藝名
用來參加陀螺比賽
可以幫他想一個炫炮的名字嗎
要跟陀螺有關
拜託大家集思廣益🙏🏻
我只想的到陀螺絲釘這種爛名字",2026年4月27日 星期一 下午5:30,,,709,678,10,251,https://www.threads.com/@7eleventw/post/DXo1Svkj47R,"I say 轉轉轉
open將",2026年4月27日 星期一 下午10:12,,,15,1,0,0
tzw_9588,https://www.threads.com/@tzw_9588/post/DXmeNfzkz4H,"為了證明臺灣人什麼都能吵
我放兩根熱狗在這
劇透",2026年4月27日 星期一 上午12:11,,"May be an image of hotdog, sausage and text",9983,479,28,88,https://www.threads.com/@7eleventw/post/DXo06zND3yg,「不要跟我說這要微波🙂」,2026年4月27日 星期一 下午10:08,,,8830,62,0,25
isahumorousguy,https://www.threads.com/@isahumorousguy/post/DXl_IrDFO0E,"剛剛發現如果你在7-11買一隻原味熱狗然後給店員100
他就會說：「67」",2026年4月26日 星期日 下午7:40,,"May be an image of hotdog, sausage, salami and text",7528,47,241,1760,https://www.threads.com/@7eleventw/post/DXoyIjoD0Yg,Six Seven-ELEVEN,2026年4月27日 星期一 下午9:44,,,92,3,0,3
tzuying1014,https://www.threads.com/@tzuying1014/post/DXjbuuHk-hO,"史上屁眼最大的布丁狗獎就搬給你了！
當初是為了這隻才預購小七的布丁狗馬克杯(附贈玩偶
誰知道實體不但非常寬胖厚實可愛，屁眼還超大超有存在感🤣🤣🤣
今天馬上抓出門吃飯，真是太可愛了😍",2026年4月25日 星期六 下午7:52,,"May be an image of toy and text | May be an image of wafer, pancake, powdered sugar, whipped cream and text | May be an image of toy and text | May be an image of pasta, spaghetti and text that says 'MR.BROWN MR. BROWN AASP YWN' | May be an image of toy and text | May be an image of toy and text | May be an image of toy, measuring cups and text | May be an image of toy and text | May be an image of toy and text | May be an image of toy and text | May be an image of tea maker, coffee cup, chinaware, measuring cups, canister, teapot, tableware, pottery and text | May be an image of coffee cup, chiffon cake, box, pie, measuring cups, carton, strainer and text | May be an image of box, hamper, carton, bread, pie and text that says '$ 造型馬克杯+絨毛吊飾 ompurin Pompompurin Pompompurin 造型馬克杯+織毛吊飾 Pompurin' | May be an image of ‎toy, box, hand cream, carton, hamper and ‎text that says '‎pompompurin 造型馬克杯+絨毛吊飾 ሥ *布丁狗30周年限定款 *附12cm絨毛吊飾 *附 12cm 絨毛吊飾 *選用優質陶土燒製， 輕盈質感， 輕盈質感，安全耐用 安全耐用 *造型上蓋，可愛實用 可愛實用 *造型上蓋， لهیل tc C3‎'‎‎",1144,29,18,297,https://www.threads.com/@7eleventw/post/DXoxoyPj2lI,"送上回禮謝謝光臨！：
╭━﹅━╮
╭╰━━━╯╮
╭╯┃𖧹⠀ᴥ⠀𖧹┃╰╮
╰━╯ 𑁘 ✻ᡴ ╰━╯
┃ ┃
乀 ノ
╰╯▔╰╯",2026年4月27日 星期一 下午9:40,,,329,1,8,24
lanzeh,https://www.threads.com/@lanzeh/post/DXlT8K3ktFW,"宜蘭的阿伯騎著野狼
到田野間演奏著他的陶笛 （應該是）
怎麼那麼浪漫😌",2026年4月26日 星期日 下午1:22,,"May be an image of scooter, outdoors and text",69000,679,1388,1583,https://www.threads.com/@7eleventw/post/DXoxTz-j5Pt,在田間吹〈望月想你〉太浪漫惹！,2026年4月27日 星期一 下午9:37,,,14,0,0,0
_hyun.316,https://www.threads.com/@_hyun.316/post/DXlL8ZhETMN,"我剛剛去買飲料
店員問我甜度冰塊
我就說微微
他給我接孟孟...",2026年4月26日 星期日 下午12:13,,,33000,80,1489,5162,https://www.threads.com/@7eleventw/post/DXohLYiDxsi,店員在邀你一起去日本,2026年4月27日 星期一 下午7:16,,,78,1,0,0
pazliu_8155,https://www.threads.com/@pazliu_8155/post/DXlKLjkEcSk,你是赤道來的小貓嗎 外面有30度耶,2026年4月26日 星期日 上午11:58,,,22000,455,152,520,https://www.threads.com/@7eleventw/post/DXohH6Wjztf,原來是赤道小貓！還以為是躲在地底的長尾土撥鼠,2026年4月27日 星期一 下午7:15,,,219,1,0,1
m.by__wesplaccee,https://www.threads.com/@m.by__wesplaccee/post/DXmnBIAAb5C,,2026年4月27日 星期一 上午1:28,,,0,0,0,0,https://www.threads.com/@7eleventw/post/DXogvajDwhf,留友看比奇堡的小七品牌大使,2026年4月27日 星期一 下午7:12,,,249,2,1,2
lucylin0121,https://www.threads.com/@lucylin0121/post/DXmF2yDia7L,"讓學生做廣告作業，沒想到會收到這樣的成品。
嚇一跳第二波。
看完後希望大家的 Monday Blue 會變成開心的 Blue！
謝謝左營高中藍藍的制服。
（那個裙子長度、皮鞋白襪只有左舞校友可以明白那個體感PTSD 😂）",2026年4月26日 星期日 下午8:45,,,110000,1093,3538,5664,https://www.threads.com/@7eleventw/post/DXogqBzD0is,好青春🤩 願你們永遠這麼快樂！,2026年4月27日 星期一 下午7:11,,,468,1,0,0
db2ryan,https://www.threads.com/@db2ryan/post/DXhAGEMlNSH,我需要一個不可以退出文壇的文案,2026年4月24日 星期五 下午9:12,,,59000,1856,1614,8675,https://www.threads.com/@7eleventw/post/DXof0Wsj5-4,累薯,2026年4月27日 星期一 下午7:04,,,30,0,0,0
hoemnshc,https://www.threads.com/@hoemnshc/post/DXoRRJzoNxw,"左邊 全家 BTS V 活動
右邊 7-11 BTS V 活動
你要選哪家超商~",2026年4月27日 星期一 下午4:57,,"May be an image of poster, magazine and text | May be an image of text",3772,70,109,1552,https://www.threads.com/@7eleventw/post/DXodQzAj1Ia,不好意思，我選7-11,2026年4月27日 星期一 下午6:42,,,281,1,0,1
xien_yeh,https://www.threads.com/@xien_yeh/post/DXnvWd5DWGz,"【再會了，全能的雜貨店家】
🍦告別了近3年的霜淇淋行銷工作，
這期間推出了近50種不同的口味組合，
聯名了琳瑯滿目的品牌，
從日本IP到台灣在地水果，
從國際食品到時尚流行品牌，
酸、甜、苦、辣、鹹等各種口味的霜淇淋，
好像也默默代表著我這份工作的心情😭
很幸運可以負責行銷這個便利商店的明星商品，
從當個喜歡吃的消費者，變成背後設計的行銷人，
很感謝這段時間與所有人的相識與合作，
從單純的吃冰變成了解到霜料背後的點點滴滴，
除了霜淇淋也做了好多冰沙與有趣的週邊，
看到大家對商品的好評或是路人掛著週邊，
對我來說就是這份工作最有成就感的瞬間✨
這期間不只拍了商品的電視廣告，
自己也不時會意外變成發稿模特🤣
再次感謝這段時間所有的相遇，
祝福朋友們未來都能健康快樂、一帆風順💙💚",2026年4月27日 星期一 下午12:00,,"May be an image of one or more people and text that says 'FamilyMart Mart' | May be an image of timer, phone, thermostat, calculator and text that says '2026/01/24 2026/04/24 週五 18:01:40 01 :40 8:01 合湾卡： 產縮客 HUNDURE LINK 3 F1 6 F2 2022/09/07 2022/09/87週日 週三 18:11:08 出勤刷卡機' | May be an image of gelato, ice cream and text that says 'Cm Fami ami' | May be an image of scoreboard, stadium and text that says '全台最多 2200+霜淇淋店 霜淇淋店 2200+' | May be an image of gelato, ice cream and text | May be an image of gelato, ice cream and text | May be an image of ice cream and text | May be an image of text that says 'PANTONE® PANTONE® PANTONE PANTONE PANTONEPANTONEYel Yellow 5807 c PANTONE Green PANTONE Black PANTONE Trans. Wt. PANTONE 5797 c PANTONE Yellow PANTONE PANTONEGreen Green PANTONE Black PANTONE Trans. Wt. PANTONE 5787 c PANTO PAN' | May be an image of gelato, ice cream and text that says 'FamilyMart FamilyMartFami.ce Famiice FamilyMart' | May be an image of kilt, sportswear, sweatpants, sock, brick wall and text | May be an image of shorts, flannel and text | May be an image of one or more people and text | May be an image of melon, fruit cocktail, boiled egg, longan and text | May be an image of vending machine, display case, cash machine and text | May be an image of ice cream, yogurt, signboard and text | May be an image of durian and text | May be an image of ice cream, gelato and text | May be an image of ‎text that says '‎Family FamilyMal ilyMart Rru th les ب عالی lyMart‎'‎ | May be an image of text that says 'PREMIER12 WBSC 9-2 -24NOVE RAXUS 24NOVEMBER.20 MBER ER 2024 HOEOR Shi xian YE FamilyMart Manager BACKSTAGE 後台 金馬美 造 BeHиcKи 2 GUEST @WBSC ΤΗ6EΕ 13 nAйллo Rлo RRRRERLE TA FFFFF HREB 全家 LSENO EB FREBALL 葉適賢' | May be an image of one or more people, hot pot and text that says '塩 모로몬 全家 羽道社'",3061,67,20,300,https://www.threads.com/@7eleventw/post/DXoEpw5Dwdh,緩光臨?,2026年4月27日 星期一 下午3:07,,,431,6,1,30
dont_like_me_toomuch,https://www.threads.com/@dont_like_me_toomuch/post/DXlp4eEEiPe,"笑到去世⋯⋯回到家看到我的居民們都不見了
走去客廳發現我媽吊在吊燈上⋯差點快笑死😂",2026年4月26日 星期日 下午4:34,,"May be an image of lighting, wind chime, lamp, chandelier, lamp shade, lightbulb and text | May be an image of toy, wind chime and text | May be an image of wind chime and text",49000,407,1044,9639,https://www.threads.com/@7eleventw/post/DXnYf_gD7Av,留友看比奇堡居民鋼管舞秀,2026年4月27日 星期一 上午8:41,,,5662,7,10,143
0406.yoon_xuan,https://www.threads.com/@0406.yoon_xuan/post/DXmWOtQE4pX,忙了半個月我都沒瘦，我家貓倒是瘦了5斤😕,2026年4月26日 星期日 下午11:02,,,32000,181,828,6823,https://www.threads.com/@7eleventw/post/DXmW92hD2g3,這位健身教練非常認真,2026年4月26日 星期日 下午11:08,,,781,1,3,9
jiaying9.26,https://www.threads.com/@jiaying9.26/post/DXlKE1xkV28,"
靈感來自
@7eleventw",2026年4月26日 星期日 上午11:56,@jiaying9.26,,1,1,0,0,https://www.threads.com/@7eleventw/post/DXlKfwEj10s,卡哇伊(⁎⁍̴̛ᴗ⁍̴̛⁎),2026年4月26日 星期日 下午12:00,,,3,0,0,0
cattt8250,https://www.threads.com/@cattt8250/post/DXjr1w1CUDb,"🐈：嗯？不對！人！你在外面有其他咪了😤
神經貓 😂",2026年4月25日 星期六 下午10:14,,,37000,161,1388,8220,https://www.threads.com/@7eleventw/post/DXk-z_Xjx3q,牠不是離開，是退出這段關係。,2026年4月26日 星期日 上午10:18,,,3755,1,5,60
fabio_67871,https://www.threads.com/@fabio_67871/post/DU3ISclE8_r,"急！
被親戚小孩嗆技術很爛
有沒有戰鬥陀螺專家
推薦三顆最強、最噁心、無解
可以把小朋友打哭的那種陀螺！
預算無上限！
明天一早直奔去新光三越買！",2026年2月17日 星期二 下午9:53,,,170000,8846,5082,49000,https://www.threads.com/@7eleventw/post/DXk4n6PDx0A,一切的起點,2026年4月26日 星期日 上午9:24,,,5362,22,12,282
christine______q,https://www.threads.com/@christine______q/post/DXkyHM6j1I0,"
7有把浪漫留給臺灣嗎❓",2026年4月26日 星期日 上午8:27,@7eleventw,,0,1,0,0,https://www.threads.com/@7eleventw/post/DXk2VljD6Fr,當然🫶,2026年4月26日 星期日 上午9:04,,,3,1,0,0
jk.v.1123,https://www.threads.com/@jk.v.1123/post/DXj0jl2AUJX,剛去7-11看到的 扇子好讚啊啊啊啊啊我想要,2026年4月25日 星期六 下午11:29,,May be an image of plastic bag and text,6846,63,158,2438,https://www.threads.com/@7eleventw/post/DXkATTPjwM3,,2026年4月26日 星期日 上午1:12,,,162,4,3,4
moonmoon.pic,https://www.threads.com/@moonmoon.pic/post/DXjdOSFCXio,瘋掉 爸媽偷跑去拍結婚30週年婚紗,2026年4月25日 星期六 下午8:05,,"May be an image of one or more people, umbrella, street, road and text that says '左方道路不這 S ン' | May be an image of one or more people, baby's-breath, wedding and text | May be an image of one or more people, wedding, outdoors and text | May be an image of bouquet, flower arrangement, baby's-breath, wedding and text | May be an image of outdoors and text | May be an image of bouquet, dress, prairie gentian, wedding, outdoors and text | May be an image of one or more people, wedding, outdoors and text | May be an image of one or more people, poster, baby's-breath, wedding, outdoors and text | May be an image of one or more people, wedding, outdoors and text | May be an image of poster, magazine and text that says '左' | May be an image of one or more people, mirror, poster, magazine and text that says '道路不通 m' | May be an image of one or more people, dress, prairie gentian, wedding, outdoors and text | May be an image of one or more people, people kissing, wedding and text | May be an image of one or more people, wedding, outdoors and text | May be an image of scarecrow, baby's-breath, prairie gentian, grass and text | May be an image of one or more people, parasol, umbrella, wedding, Fushimi Inari Taisha and text | May be an image of one or more people, baby's-breath, street, wedding and text that says '金香泡獨 十貨 育 口滑 KEUU Bar' | May be an image of one or more people, poster, outdoors and text | May be a black-and-white image of one or more people, people kissing, wedding and text",410000,4769,15000,37000,https://www.threads.com/@7eleventw/post/DXjyF27D2vZ,"有些人不是不浪漫
是把浪漫留給一輩子的人🥺",2026年4月25日 星期六 下午11:07,,,5576,13,31,61
94life_sunnizee,https://www.threads.com/@94life_sunnizee/post/DXijLmxkysF,"青埔新開幕711 Fresh
全台灣只有八間！
開幕抽到星巴克星座馬克杯🤓 1/2已靜音已靜音已靜音讚945回覆55轉發12分享928",2026年4月25日 星期六 上午11:38,,"May be an image of fruit, vegetable and text | May be an image of brussels sprouts, seaweed, cabbage, asparagus and text",,,,,https://www.threads.com/@7eleventw/post/DXjORf7j0eM,追蹤7eleventw已驗證 更多留友看幸運的顧客讚27回覆轉發分享1,2026年4月25日 星期六 下午5:54,,,,,,
sing_.0604,https://www.threads.com/@sing_.0604/post/DXiaowjD_qZ,"猜猜她是誰
難度：⭐讚3,580回覆83轉發9分享15",2026年4月25日 星期六 上午10:23,,May be a closeup of text,,,,,https://www.threads.com/@7eleventw/post/DXi-P4dj_sV,"追蹤7eleventw已驗證 原作者說讚更多當然是我的品牌大使✨💙讚2,598 轉發6",2026年4月25日 星期六 下午3:34,,,,,,
llove40102,https://www.threads.com/@llove40102/post/DXbntBhE5L2,每一顆陀螺的軌跡 都是要研究得很徹底！已靜音讚3.1 萬回覆446轉發726分享1 萬,2026年4月22日 星期三 下午7:05,,,,,,,https://www.threads.com/@7eleventw/post/DXiXPHKj8r8,讓我直接錯過整場比賽🙂讚238回覆1轉發1分享,2026年4月25日 星期六 上午9:53,,,,,,
juuanaana,https://www.threads.com/@juuanaana/post/DXiIL6HE_Zl,抓！ 現在週六已經起床的人💓讚541回覆213轉發1分享,2026年4月25日 星期六 上午7:42,,,,,,,https://www.threads.com/@7eleventw/post/DXiSfj3j3t7,讓咖啡幫你慢慢醒來☕讚26回覆1轉發分享,2026年4月25日 星期六 上午9:12,,,,,,
lijin.j,https://www.threads.com/@lijin.j/post/DXdtlMck3Gc,"追蹤lijin.j 更多喔 讚6 萬回覆2,322 分享6,587",2026年4月23日 星期四 下午2:33,,,,,,,https://www.threads.com/@7eleventw/post/DXhICbRj5D2,追蹤7eleventw已驗證 更多喔pen將!讚772 轉發1,2026年4月24日 星期五 下午10:21,,,,,,
garlic6213,https://www.threads.com/@garlic6213/post/DXgBEFDEV0C,追蹤garlic6213 更多我剛剛看到 有人打一個字 就可以破萬我是什麼很可憐的人嗎🤣 讚250 轉發7,2026年4月24日 星期五 下午12:01,,,,,,,https://www.threads.com/@7eleventw/post/DXhHvMnD0ja,追蹤7eleventw已驗證 原作者說讚更多追我😳讚26 轉發分享,2026年4月24日 星期五 下午10:19,,,,,,
teddybear43588,https://www.threads.com/@teddybear43588/post/DXgl7b1kd_F,你有什麼？讚138回覆121轉發分享1,2026年4月24日 星期五 下午5:23,,,,,,,https://www.threads.com/@7eleventw/post/DXhHqboj3xy,追蹤7eleventw已驗證 原作者說讚更多35萬追蹤讚100 轉發分享,2026年4月24日 星期五 下午10:18,,,,,,
nn_rou,https://www.threads.com/@nn_rou/post/DXej8K2EYvp,"只能說四個字
你會說什麼？？讚6.6 萬回覆6,192轉發654分享2,954",2026年4月23日 星期四 下午10:28,,,,,,,https://www.threads.com/@7eleventw/post/DXhHZNjD9x_,追蹤7eleventw已驗證 更多統測加油讚272 轉發分享,2026年4月24日 星期五 下午10:16,,,,,,
zero_01111010,https://www.threads.com/@zero_01111010/post/DXg7BG9mV5B,"追蹤zero_01111010 更多明天就統測了欸，路過的能幫我說聲加油嗎？讚2,288 轉發1",2026年4月24日 星期五 下午8:28,,,,,,,https://www.threads.com/@7eleventw/post/DXhCB0QD7ZB,追蹤7eleventw已驗證 原作者說讚更多加油加油㊗️讚30回覆轉發分享,2026年4月24日 星期五 下午9:29,,,,,,
goodbye_world44,https://www.threads.com/@goodbye_world44/post/DXg5B4mEvxz,"
什麼時候出",2026年4月24日 星期五 下午8:10,@7eleventw,,8,1,0,0,https://www.threads.com/@7eleventw/post/DXg7MIWj0to,這不會出,2026年4月24日 星期五 下午8:29,,,78,1,0,0
cameo_cnt,https://www.threads.com/@cameo_cnt/post/DXcN3lBD025,很多店家主打「深夜咖啡」、「深夜食堂」，但是都晚上11、12點就打烊！ 是不是誤會深夜的意思了！！！ 可以給我一些真正的「深夜」嗎～～～,2026年4月23日 星期四 上午12:36,,,4733,246,155,252,https://www.threads.com/@7eleventw/post/DXg4rSUDwPb,"自帶旋律
always open~
厶ㄟ門 eleven!",2026年4月24日 星期五 下午8:07,,,25,0,0,0
wuyaya__,https://www.threads.com/@wuyaya__/post/DXgL4EVlDXJ,"媽媽說ㄙˇ字不能掛嘴邊
所以我……",2026年4月24日 星期五 下午1:36,,May be a meme of text that says '浴室真的好滑 差點 差點goodgoodsee good good see',3865,81,85,1112,https://www.threads.com/@7eleventw/post/DXg4hzHjy59,厶ㄟ 門可以掛嘴邊吧！😁,2026年4月24日 星期五 下午8:06,,,102,2,0,0
chiemi__rose,https://www.threads.com/@chiemi__rose/post/DXeT1_nCfRM,台湾の皆様に感謝を伝えたいです😭先日、台中へ1人旅に行ったのですが、私の不注意で財布をどこかで落としてしまい…取り急ぎ警察署に駆け込んだのですが、暑さで記憶も曖昧なうえに言葉もカタコトな怪しい小娘に台中の警察の皆様は50嵐の飲み物や台湾のお菓子をくれながらめちゃくちゃ親身に話を聞いてくれて、防犯カメラの映像も本当に細かく分析してくれたんです😭それだけでも感動なのに、後日なんと財布が見つかったと連絡がありびっくり仰天、しかも現金が1ドルも抜かれていない状態で…！警察の方々は注意力散漫な私のためにお忙しいだろうに時間を割いていただいただけではなく、無事に帰れたかとか電車に乗れたかまで気にかけてくれてもう何とお礼を伝えたらいいかわからないくらい親切でした。それに加え、この観光客丸出しの持ち物をまっすぐ届けてくださった市民の方にも本当に感謝しかないです。直接お礼はできませんがどこかで沢山の幸せに囲まれて生きていてほしいなと思います。台湾ってなんてあったかくて優しい場所なんだろうって、大感動です。今後航空券が高くなったとしても絶対毎年行きます！大好き台湾！！そしてもう2度と財布は落としません！！,2026年4月23日 星期四 下午8:07,,,13000,168,128,60,https://www.threads.com/@7eleventw/post/DXg4Vf4j0OS,歡迎再來玩😊😊,2026年4月24日 星期五 下午8:04,,,31,0,0,0
miumiu.lee_0601,https://www.threads.com/@miumiu.lee_0601/post/DXggryElMbZ,我找到床底下的球了！！！！！！！,2026年4月24日 星期五 下午4:38,,"May be an image of turtle, Maltese, toy and text",19000,62,864,1240,https://www.threads.com/@7eleventw/post/DXgyTVUD5Gj,🐶 霸託霸託,2026年4月24日 星期五 下午7:12,,,45,0,0,0
tbc.0624,https://www.threads.com/@tbc.0624/post/DXfqld8GXju,"我自行宣佈
第一屆《怎麼用兩個字形容自己 》大賽
正式開始
選手如下：",2026年4月24日 星期五 上午8:45,,,2143,1392,18,41,https://www.threads.com/@7eleventw/post/DXgx9SyDwf7,水粉,2026年4月24日 星期五 下午7:09,,,230,2,1,0
cyx_aby,https://www.threads.com/@cyx_aby/post/DXgVuNtE5Xm,請問後面板子什麼顏色的？,2026年4月24日 星期五 下午3:02,,,6320,682,170,8814,https://www.threads.com/@7eleventw/post/DXgx4sbjy02,我沒看到板子啊,2026年4月24日 星期五 下午7:08,,,104,1,0,2
iamteresa0424,https://www.threads.com/@iamteresa0424/post/DXf99kkiRL6,"古娃娃的冰，上面竟然有整大塊布朗尼！！！！
（但看起來實在有夠像大溪豆乾…我道歉🥲）",2026年4月24日 星期五 上午11:34,,"May be an image of gelato, wafer, tiramisu and text | May be an image of wafer and text | May be an image of gelato, cake, chocolate mousse, fudge, wafer, tiramisu and text | May be an image of gelato, hummus, avocado and text",7322,60,158,2965,https://www.threads.com/@7eleventw/post/DXgxvg7Dz7x,這應該不是豬血糕吧？,2026年4月24日 星期五 下午7:07,,,25,0,0,1
_.yhh78,https://www.threads.com/@_.yhh78/post/DXgiFQMgSE4,全黑的叫丁丁 全黃的叫布布 那混在一起要叫什麽？,2026年4月24日 星期五 下午4:50,,May be an image of text,8400,1327,55,875,https://www.threads.com/@7eleventw/post/DXgxW4nD5ww,拜託你先不要這樣,2026年4月24日 星期五 下午7:03,,,5558,21,5,65
neuropathy32,https://www.threads.com/@neuropathy32/post/DXepQzIkRrr,"⠀
講真的 有時候約我不出來
不一定是我們關係降級了
也可能是我的消費降級了",2026年4月23日 星期四 下午11:14,,,55000,148,5935,8075,https://www.threads.com/@7eleventw/post/DXgwuEyj8o0,我會一直在巷口守護你們的友情,2026年4月24日 星期五 下午6:58,,,76,1,0,3
ckru.0719____,https://www.threads.com/@ckru.0719____/post/DXdf_1rjoAw,笑死了脆到底哪來這麼多文案。。😂😂,2026年4月23日 星期四 下午12:34,,"May be an image of ‎signboard, Tokyo Tower, Times Square and ‎text that says '‎ylica ミルク 每日骨关 きいにちほねねと 再日骨太 30 30周年 周年 いにちほねぶと いにちほねぶと ありがどう 日骨太 MBP かぜに 改源 חכת 日を、元気に！ تتة CHINTĂL 大生有時會提到鐵板， 此時此刻我在大阪 大生有時會提到鐵板，此時此刻我在大成 ቆን 43‎'‎‎ | May be an image of text that says 'II 人生的路不會永遠走下坡 有時候在新加坡' | May be an image of one or more people, monument and text that says '願真在家蹲，不如在倫敦 與其在家蹲， 不如在倫敦' | May be an image of lamppost and text | May be an image of overcoat, duffle coat, cornflower and text that says 'Ni 生活總是出爾反輔 生活總是出爾反爾，但有時會在首爾 生活總是出爾反爾，但有 但有時會在首能' | May be an image of boat, Tokyo Tower, night and text | May be an image of the Temple of Heaven, Gyeongbokgung Palace and text | May be an image of Piazza di Spagna, the Aqueduct of Segovia, The Trevi Fountain and text that says '人生不會一直富牛馬 人生不會一直當牛馬，有時候也會在羅 有時候也會在羅馬 CECC 10000 000a redan Α' | May be an image of Eltz Castle and text | May be an image of La Sagrada Familia and text | May be an image of ‎phone, overcoat, Rijksmuseum and ‎text that says '‎susu.foodfood Replying Replyingto@szms_95 to @szms_95 ර 人生的夢想是去荷蘭拍一組照片 文案寫 我不在乎你了 我不在乎你了，我在呼嘛。 我在呼嘛。 120 likes 西0.0容量 סיםמם 我沒呼‎'‎‎ | May be an image of text that says 'มนิศอ 我不煩你了，我在梵蒂岡 我在梵蒂岡 我不煩你了' | May be an image of text | May be an image of text that says 'DOLCE DOLGE+GABBANA GABBANA 妳那落大雨，我這洛杉機 三磯 Kith 妳那落大雨 ，我這洛杉磯 ET' | May be an image of top, Victoria Peak and text",75000,1488,6537,24000,https://www.threads.com/@7eleventw/post/DXgwqAgD2P2,你喜歡有人幫你開車門，我直接自己開ㄙㄟ門,2026年4月24日 星期五 下午6:57,,,56,0,0,1
666.aoi,https://www.threads.com/@666.aoi/post/DXc4XgbEgbj,歸去來兮是乾脆來死的台語嗎,2026年4月23日 星期四 上午6:48,,,92000,2449,7703,34000,https://www.threads.com/@7eleventw/post/DXgwjiPD9J1,City Cafe就是喜提卡費的英文,2026年4月24日 星期五 下午6:56,,,48,1,0,0
shanahuang_,https://www.threads.com/@shanahuang_/post/DXeNQ7ok-p6,"客人：我要兩杯摩可卡卡碎片星冰樂
：（忍住 不准笑⋯）",2026年4月23日 星期四 下午7:09,,,20000,112,341,1392,https://www.threads.com/@7eleventw/post/DXgwbzrD1e8,卡卡的咚滋咚滋跳針跳針,2026年4月24日 星期五 下午6:55,,,31,0,0,0
carat._.once._.2026,https://www.threads.com/@carat._.once._.2026/post/DXb5gasFO24,"我們忙內子瑜🦌就算長大了還是會被賊賊們說可愛🥰
是被愛包圍長大的子瑜🦌💙",2026年4月22日 星期三 下午9:38,,,10000,43,529,349,https://www.threads.com/@7eleventw/post/DXgwWz5j8RE,謝謝賊賊疼愛我們品牌大使,2026年4月24日 星期五 下午6:55,,,913,2,1,2
michelin112__,https://www.threads.com/@michelin112__/post/DXeEgK6mIgX,還以為抱的是個嬰兒👶🏻,2026年4月23日 星期四 下午5:53,,,53000,262,762,3140,https://www.threads.com/@7eleventw/post/DXgwGhCjxIT,貓貓也是個BABY🐱,2026年4月24日 星期五 下午6:52,,,1831,1,1,1
baconbacon_a5,https://www.threads.com/@baconbacon_a5/post/DXdxfGoDq-W,"幹跑到一半真的繃不住
健身房播崴崴孟孟
上一秒才在bigbang而已
下一秒馬上崴崴孟孟
真的有人把這首加進歌單",2026年4月23日 星期四 下午3:07,,,10000,256,1080,8648,https://www.threads.com/@7eleventw/post/DXgv-BZj03z,彷彿走跑步機可以一起去日本,2026年4月24日 星期五 下午6:51,,,237,0,3,26
3.3_2024,https://www.threads.com/@3.3_2024/post/DXeqw9jAR1-,"走進7-11要買明天要喝的水
怎麼是家金珉奎痛店
可能是為了下個月的活動準備吧（？
7-11高雄海音門市",2026年4月23日 星期四 下午11:27,,"May be an image of one or more people, bangs, people playing basketball, basketball jersey, banner, sportswear, sports equipment, poster, ball and text | May be an image of basketball, ball and text | May be an image of basketball, basketball jersey, banner, sportswear, poster and text | May be an image of poster, strawberry, banner, signboard and text",1924,5,51,275,https://www.threads.com/@7eleventw/post/DXgv2uCjzzZ,奎擔必打卡小七！,2026年4月24日 星期五 下午6:50,,,17,0,2,0
stevenchen568,https://www.threads.com/@stevenchen568/post/DXdJnhykmUh,"賣拉麵的，餓了可以吃拉麵。
賣炸雞的，餓了可以吃炸雞。
你的職業，餓了可以吃什麼？",2026年4月23日 星期四 上午9:18,,,36000,7517,345,2291,https://www.threads.com/@7eleventw/post/DXgvta_j422,（看了一下門市）應該可以吃到飽,2026年4月24日 星期五 下午6:49,,,224,3,0,0
_dazz333999,https://www.threads.com/@_dazz333999/post/DXew1t5k_38,我的0元購咬壞了我的2萬5,2026年4月24日 星期五 上午12:20,,May be an image of sling and text | May be an image of dog and text,40000,373,367,1572,https://www.threads.com/@7eleventw/post/DXguZQbj1iG,你的0元看起來是無價,2026年4月24日 星期五 下午6:37,,,243,1,1,0
xieyaling3087,https://www.threads.com/@xieyaling3087/post/DXVxc4dFB6h,"一間找不到對手的便當店
超好吃的",2026年4月20日 星期一 下午12:32,,"May be an image of pork, sausage and text",8005,541,261,4446,https://www.threads.com/@7eleventw/post/DXermChD66a,請問是7寶飯嗎？,2026年4月23日 星期四 下午11:34,,,256,3,1,3
oxyzz4.6,https://www.threads.com/@oxyzz4.6/post/DXdpXjlk8ek,大家真的很喜歡布丁狗的皮炎…,2026年4月23日 星期四 下午1:56,,,23000,200,846,6972,https://www.threads.com/@7eleventw/post/DXerYsZDxxb,,2026年4月23日 星期四 下午11:33,,,324,0,0,0
yingfu_,https://www.threads.com/@yingfu_/post/DXbwAusj5VR,現在的小朋友知道這些嗎🥹,2026年4月22日 星期三 下午8:15,,May be an image of text,60000,1335,2628,8000,https://www.threads.com/@7eleventw/post/DXeXCkfD35a,"凡走過必留下痕跡：
🍮
升
高
布
咘",2026年4月23日 星期四 下午8:35,,,951,2,0,4
chiao_annn,https://www.threads.com/@chiao_annn/post/DXaE_HWDtTf,在倫敦的我就這樣🥲🥲🥲,2026年4月22日 星期三 上午4:40,,"May be an image of ‎map, radar and ‎text that says '‎ア וימ 園 国 瑞典 挪威 俄羅斯 我羅斯 波蘭 法國 放我回 烏克蘭 土耳其 哈薩克 蒙古 可爾及利亞 利比亞 伊拉克 伊拉克 埃及 鬥富汗 伊朗 中國 馬利 馬利工尼日 尼日 巴基斯坦 沙鳥地 阿拉伯 蘇丹 印度 中奈及利亞 奈及利亞 衣索比亞/ 剛果民主肯亞 /肯亞 剛果民主 共和國 坦尚尼亞 安哥拉子 安哥拉 納米比亞 波札那 印尼 馬達加斯加 南非 印度洋‎'‎‎",26000,912,839,2491,https://www.threads.com/@7eleventw/post/DXeW8iRDwBH,Hello from the other side~~~~,2026年4月23日 星期四 下午8:34,,,59,1,0,1
wilsonisme07734,https://www.threads.com/@wilsonisme07734/post/DXa8JBxEl4L,"原本想說一個午餐要129 有點貴
來了發現129有點划",2026年4月22日 星期三 下午12:42,,May be an image of text,25000,154,305,1653,https://www.threads.com/@7eleventw/post/DXeWTbzD0MR,有統一布丁絕對是ㄅ級分,2026年4月23日 星期四 下午8:28,,,399,1,1,1
lemon__seal,https://www.threads.com/@lemon__seal/post/DXUBk9lgWDR,"
冷知識 這樣玩很好玩",2026年4月19日 星期日 下午8:15,@kaodi_gua1211,,21000,269,638,8268,https://www.threads.com/@7eleventw/post/DXeWKLAj9VF,乖我們不看,2026年4月23日 星期四 下午8:27,,"May be an image of dental floss, bandage, ointment, sharpener, ball and text",7,0,1,1
fatyoyoyo,https://www.threads.com/@fatyoyoyo/post/DXa2k9MGWeq,"IG應該停止推薦“你可能認識的人”，
我可能認識他們，但我不喜歡他們。",2026年4月22日 星期三 上午11:53,,,18000,184,1183,747,https://www.threads.com/@7eleventw/post/DXeV8jYj1RK,還有那種常常被tag在一起的痛苦，誰懂,2026年4月23日 星期四 下午8:25,,,31,1,0,0
shioutai0208,https://www.threads.com/@shioutai0208/post/DXbSExTjktk,我以為是布丁狗的皮炎 拿起來看被騙了,2026年4月22日 星期三 下午3:54,,,12000,58,237,2338,https://www.threads.com/@7eleventw/post/DXeV397j6Gj,"布丁狗感謝飛天小女警的努力：
╭━﹅━╮
╭╰━━━╯╮
╭╯┃𖧹⠀ᴥ⠀𖧹┃╰╮
╰━╯ 𑁘 ✻ᡴ ╰━╯
┃ ┃
乀 ノ
╰╯▔╰╯",2026年4月23日 星期四 下午8:25,,,7900,9,68,277
valerievelvet__,https://www.threads.com/@valerievelvet__/post/DXby8DQAZtX,你可以是香香軟軟的小蛋糕，也可以是硬梆梆的法國麵包，或豬肉滿福堡加蛋，或夏威夷披薩，或青醬蛤蠣義大利麵，或辣炒年糕加起司，或台式大飯糰或whatever you want.,2026年4月22日 星期三 下午8:41,,,5327,44,815,373,https://www.threads.com/@7eleventw/post/DXeVSrxD5Gd,感覺都是我們家可愛的小商品,2026年4月23日 星期四 下午8:20,,,8,0,0,0
shanti.nord,https://www.threads.com/@shanti.nord/post/DXb6XwvktfF,"有一個剛學中文沒多久的男友
對話總是能得到非常有禮貌又非常沒禮貌的回答",2026年4月22日 星期三 下午9:46,,May be an image of text that says 'P 4/20 4/20（週一 （週 週一 已讀 13:50 你今天想要一起去夜市嗎 不好意思。我不要 我不要 不好意思 13:51',120000,645,2618,11000,https://www.threads.com/@7eleventw/post/DXeVAVNjw_q,嘴上說不好意思但內容很好意思🤣,2026年4月23日 星期四 下午8:17,,,67,0,0,0
sk_.0625,https://www.threads.com/@sk_.0625/post/DXdcO2CEXo0,不覺得只要前面多加一個 小 就會聽起來很曖昧嗎,2026年4月23日 星期四 下午12:01,,,20000,1373,192,2057,https://www.threads.com/@7eleventw/post/DXdpPQmj4Jh,難怪大家都叫我小7(˶‾᷄ ⁻̫ ‾᷅˵),2026年4月23日 星期四 下午1:55,,,10000,45,31,146
pq753951,https://www.threads.com/@pq753951/post/DXZN3lSEU2Q,如果說陳雷是台灣GD 大家可以接受嗎,2026年4月21日 星期二 下午8:38,,"May be an image of hat, costume, top, concert and text",39000,1167,554,11000,https://www.threads.com/@7eleventw/post/DXdhMpsD3h0,歡喜就好！,2026年4月23日 星期四 下午12:44,,,1205,2,1,21
fine0629,https://www.threads.com/@fine0629/post/DXcKf2TjyJN,"跟媽媽說晚上想吃泡麵
然後一回家就看到這碗高級泡麵(?)",2026年4月23日 星期四 上午12:07,,"May be an image of noodles, ramen, shrimp, prawn and text",14000,230,130,422,https://www.threads.com/@7eleventw/post/DXdY0tBjyYk,報名當女兒的隊伍在哪,2026年4月23日 星期四 上午11:31,,,1594,7,0,1
wang_fu_kai,https://www.threads.com/@wang_fu_kai/post/DXdMYBzAVcW,"最近常看各家品牌小編「練肖灰」
大家有自己的心頭好有哪些呢？
還是有小編要來留個「金句」！",2026年4月23日 星期四 上午9:42,,,70,138,3,2,https://www.threads.com/@7eleventw/post/DXdYofKD7h1,經過來緩光臨~一下,2026年4月23日 星期四 上午11:29,,,12,1,0,0
hsiu_0414,https://www.threads.com/@hsiu_0414/post/DXb1a27ER1H,"疑似全家都在罵我
只有我受傷的世界達成",2026年4月22日 星期三 下午9:03,,,396,34,1,10,https://www.threads.com/@7eleventw/post/DXb2rXgj-UQ,小七安慰你，不哭,2026年4月22日 星期三 下午9:14,,,684,7,1,16
chon030,https://www.threads.com/@chon030/post/DXZbOo0Dy05,"我覺得如果有一天我突然被外星人抓走了
我外甥會是第一個發現我不在這世上的人
忙完停下來看都會有一種安全感🤣",2026年4月21日 星期二 下午10:35,,May be an image of text that says '< <99+ Kyle~楷 <99+Kyle~楷 ～楷 Kyle N 姨姨你在哪裡下午4： 下午4：01 姨姨你在哪裡 姨姨你吃什麽下午65， 下午6:52 姨姨你吃什麽 姨姨你在哪裡下午6：54 下午6:54 姨姨你在哪裡 姨姨你在忙嗎晚上7：00 晚上7：00 姨姨你在忙嗎 你吃完晚餐了嗎 晚上7：12 姨姨你在全家嗎 晚上8：42',50000,966,233,1548,https://www.threads.com/@7eleventw/post/DXb2heXj3I-,姨姨您在厶門對吧對吧？,2026年4月22日 星期三 下午9:12,,,1081,9,0,14
vickyvickykao,https://www.threads.com/@vickyvickykao/post/DXay_-WCeMa,"
馬麻看不懂笑點怎某辦！",2026年4月22日 星期三 上午11:22,@7eleventw,,1,1,0,0,https://www.threads.com/@7eleventw/post/DXb2Y6Vj4Gl,你唱給他聽,2026年4月22日 星期三 下午9:11,,,0,0,0,0
iw_funson,https://www.threads.com/@iw_funson/post/DXaw2F6k3e3,"
什麼東西會卡住肺
City 咖啡（卡肺）",2026年4月22日 星期三 上午11:03,@7eleventw,,6,1,0,0,https://www.threads.com/@7eleventw/post/DXb2WzAj3UA,哈哈哈哈哈,2026年4月22日 星期三 下午9:11,,,3,0,0,0
dannelyu,https://www.threads.com/@dannelyu/post/DXbL--AExVz,"
@7eleventw
小編要失業了",2026年4月22日 星期三 下午3:00,@ryderyao,,4,1,0,0,https://www.threads.com/@7eleventw/post/DXbtvfuD8KY,應該不會,2026年4月22日 星期三 下午7:55,,,4,0,0,0
z.z.0710,https://www.threads.com/@z.z.0710/post/DXazJF8mvyy,我真的是我爸親生的嗎⋯⋯,2026年4月22日 星期三 上午11:23,,May be an illustration of text that says '今天 已讀 上午11：09 上午 11:09 我明天要去當老師了 已讀 上午 上午11：09 11:09 已讀 上午 上午11：09 11:09 加油上午11：21 加油 上午11：21 11:21 上午 上午11：22 午22緊張餒 已讀 緊張餒 W 已讀 上午11：22 上午722粉緊張餵 11:22 粉緊張餒 上午 ￥ 上午11：22 是被你帶的小孩才要緊張吧 上午11：22 11:22 已讀 上午11：22 .............. 這個怪阿姨是誰啊 上午11：22 እቲት 上午11：22',8253,225,19,119,https://www.threads.com/@7eleventw/post/DXbnvXKD6JL,老師好,2026年4月22日 星期三 下午7:03,,,721,3,0,1
again_912,https://www.threads.com/@again_912/post/DXZ2SOaE6Iu,朋友問我為什麼都不出門，我給他看了這張圖,2026年4月22日 星期三 上午2:32,,"May be an image of food, cooler, refrigerator and text",76000,1812,1451,7946,https://www.threads.com/@7eleventw/post/DXbVMs1j1hI,沒道理你家開了一間ㄙㄟ門,2026年4月22日 星期三 下午4:21,,,7554,19,9,69
pu.jiii,https://www.threads.com/@pu.jiii/post/DXZJQf2CcDJ,"在拿到分數前
看一下布雷克孩子撫慰人心( ³ω³ )
太可愛了啦( -̥̥̥̥̥̥̥̥̥̥̥̥̥̥̥̥̥̥̥̥̥̥̥̥̥᷄◞ω◟-̥̥̥̥̥̥̥̥̥̥̥̥̥̥̥̥̥̥̥̥̥̥̥̥̥᷅ )",2026年4月21日 星期二 下午7:59,,,5939,22,112,471,https://www.threads.com/@7eleventw/post/DXbVIZaD5Kv,好像第一次喝到思樂冰的表情🤩,2026年4月22日 星期三 下午4:20,,,54,1,0,0
ida.chiou,https://www.threads.com/@ida.chiou/post/DXYjVaaEa7O,之前阿嬤幫我的布丁狗織圍兜兜，拍了幾張量身照（覺得很可愛💕💕）,2026年4月21日 星期二 下午2:27,,"May be an image of bear, toy, stitching and text | May be an image of one or more people and text | May be an image of toy and text",45000,368,1193,2975,https://www.threads.com/@7eleventw/post/DXbU11cjyxQ,"送給阿嬤一個禮物：
╭━﹅━╮
╭╰━━━╯╮
╭╯┃𖧹⠀ᴥ⠀𖧹┃╰╮
╰━╯ 𑁘💝ᡴ ╰━╯
┃ ┃
乀 ノ
╰╯▔╰╯",2026年4月22日 星期三 下午4:18,,,20000,49,182,673
ginnyniii,https://www.threads.com/@ginnyniii/post/DXYYujVknqD,,2026年4月21日 星期二 下午12:54,,,0,0,0,0,https://www.threads.com/@7eleventw/post/DXbUfs2D9Sf,還有小七陪你吃,2026年4月22日 星期三 下午4:15,,,31,1,0,0
jk.yifspace,https://www.threads.com/@jk.yifspace/post/DXZUZz7j0A0,英語小教室,2026年4月21日 星期二 下午9:36,,,0,0,0,0,https://www.threads.com/@7eleventw/post/DXbUFeoD9bM,"我以為是A Seven-eleven, A Paradise 的意思",2026年4月22日 星期三 下午4:11,,,41,1,0,2
www777yu,https://www.threads.com/@www777yu/post/DXZVRRNks2A,"即將離開待了快三年ㄉ公司
在上班的最後幾天收到ㄌ下一個地方的
Pingu通知",2026年4月21日 星期二 下午9:43,,May be a cartoon of emperor penguin and text,29000,187,1508,5702,https://www.threads.com/@7eleventw/post/DXbUBkaj3K3,自己的聘僱自己努力,2026年4月22日 星期三 下午4:11,,"May be an image of penguin, welcome mat, bathmat, carpet, mat and text that says 'C NOOT!'",119,0,0,1
nokia09152002,https://www.threads.com/@nokia09152002/post/DXWONyMEjNQ,"昨天晚上.女兒要去7-11影印文件
是我理解能力差.我有印錯嗎？",2026年4月20日 星期一 下午4:44,,"May be a Twitter screenshot of phone, thermostat and text | May be an image of ticket stub, thermostat and text | May be an image of printer, plastic bag, water filter and text",93000,1180,3107,28000,https://www.threads.com/@7eleventw/post/DXbTr1pDywx,爸爸第一次印援有點慌張,2026年4月22日 星期三 下午4:08,,,280,0,0,3
y.an_ink,https://www.threads.com/@y.an_ink/post/DXZbyyLiVZv,半路殺出個程咬金,2026年4月21日 星期二 下午10:40,,,15000,249,655,4559,https://www.threads.com/@7eleventw/post/DXa-mrmD5Ld,幫配音：呃...,2026年4月22日 星期三 下午1:04,,,148,1,0,1
chandlersmith0002,https://www.threads.com/@chandlersmith0002/post/DXanJ5pD5RT,"
難怪到處都看的到小七😸😺",2026年4月22日 星期三 上午9:39,@throk.ai,,12,1,0,1,https://www.threads.com/@7eleventw/post/DXavWRyj7Wz,緩光臨～,2026年4月22日 星期三 上午10:50,,,20,0,0,0
throk.ai,https://www.threads.com/@throk.ai/post/DXZoK1VlEvT,"非正式 Threads 台灣瀏覽次數 Top 10 出來了
前三名有兩家是新聞台
TVBS 7,430萬
東森 6,440萬
但第一名不是媒體
不是品牌
不是名人
是一個叫 PIPI🦋 的帳號",2026年4月22日 星期三 上午12:28,,"May be an image of top and text that says 'Threads台灣排行 Threads 台灣排行 最近瀏覽次數 Top Top10排行榜 10 排行榜 （非正式統計） 1 D0 PIPIH @pipi__1103 @pipi 1103 PIS 7,900萬 TVBS新聞網 @tvbslivenews @tvbsli 東森新聞 青広島限 EBC 東森新聞 7,430萬 NUO 6,440萬 了護 @thewho0711 童榮地 4,800萬 @rongditong gdit Throk 4,390萬' | May be an image of text that says 'Threads台灣排行 Threads 台灣排行 最近瀏覽次數 Top Top10排行榜 10 排行榜 （非正式統計） 新新 7-ELEVEnTaiwa 7-ELEVEn Taiwan @7eleventw Kunsun KunsunLee Lee @kunsun5705 3,980萬 3,640萬 Bileencat @bileencat 安。 3,440萬 三立娛樂星間 @setstarmedia o 3,050萬 中時新聞網 @ch @chinatimessocial Throk 3,000萬 throk.ai'",1704,294,40,185,https://www.threads.com/@7eleventw/post/DXaudSMj9HC,我要叫老闆幫我+雞腿🍗,2026年4月22日 星期三 上午10:42,,,537,10,0,3
hsiehquille,https://www.threads.com/@hsiehquille/post/DXaYkkLk2fC,"
@7eleventw
名震江湖 西門一雷門 94 ni嗎",2026年4月22日 星期三 上午7:31,@7eleventw,,0,1,0,0,https://www.threads.com/@7eleventw/post/DXaeZj6D5Kj,ni說3900萬名震江湖的我嗎？,2026年4月22日 星期三 上午8:22,,,2,0,0,0
rosed.0000,https://www.threads.com/@rosed.0000/post/DXaOHI1kxut,"小七你有特權是不是？
為什麼你的可以翻轉？",2026年4月22日 星期三 上午6:01,,,423,21,1,1,https://www.threads.com/@7eleventw/post/DXaa2qtksHC,因為 翻轉布丁,2026年4月22日 星期三 上午7:51,,,820,2,1,0
jh.systems,https://www.threads.com/@jh.systems/post/DXYIQ6ZEY0F,我有系統櫃，你有什麼？,2026年4月21日 星期二 上午10:30,,,444,743,7,5,https://www.threads.com/@7eleventw/post/DXZrTQGj1Rk,子瑜品牌大使💙,2026年4月22日 星期三 上午12:56,,,471,4,0,3
9lll9.u,https://www.threads.com/@9lll9.u/post/DXW2zeYiehx,"朋友來家裡做客
我的狗：",2026年4月20日 星期一 下午10:38,,,65000,860,1138,3652,https://www.threads.com/@7eleventw/post/DXZYZHnD3Mq,請問有缺朋友嗎？,2026年4月21日 星期二 下午10:10,,,108,1,0,0
onextop.optical,https://www.threads.com/@onextop.optical/post/DXODve3Ey4N,故人西辭黃鶴樓 卡地亞 FENDI YSL,2026年4月17日 星期五 下午12:38,,May be an illustration of text,27000,839,1706,14000,https://www.threads.com/@7eleventw/post/DXZX4KaD_62,故人何處在？7-11門口,2026年4月21日 星期二 下午10:06,,,56,2,0,1
gen_chovy1,https://www.threads.com/@gen_chovy1/post/DXWBkvtGcYG,看過這些的都幾歲了,2026年4月20日 星期一 下午2:53,,"May be an image of card and text | May be a cartoon of ‎lego, doll, sharpener and ‎text that says '‎எමதഗி YOURDREAM DREAM YOUR OuR ounprram osam ናህርጠ YOURDRERM YOUR DREAM TIII GpeM YOURDREAM YOUR DREAM URD ف gt ΣΑ ลลก YOUR YOURDREAM DREAM YOUR YOURDREAM DREAM‎'‎‎ | May be an image of coffee cup, toy, measuring cups, cup, mug, teacup and text | May be an image of eraser, lego, sharpener and text | May be an image of bear, toy and text | May be a cartoon of pencil case, lego, eraser, sharpener and text | May be a cartoon of lego, beach ball, bucket and text | May be an image of toy, sharpener, eraser and text that says 'MNGRYBISDS 絨毛筆 撮格 紅島 黑島 藍局 黃局 綠島 白局 白局 XA' | May be an image of perfume and text that says '迪士尼奇妙夢幻旅程 迪士尼經典公仔 ISNEY MagicalMibiatures Miniatureś 臺灣珍藏版 Special SpecialTaiwamEdifion TAIWAn Edifion 1.1 米商去鼠 Mickey 美妮具 Misiale 辛志輔 Polasld 高飛 Gooly 市動批 Deisy 员見 Selle 荣洋 nsmalt 日場松主 有堂面 Dopi 无使稱 ត០០០ 精事造' | May be an image of button, lego, poster and text | May be an image of gingerbread cookie, button, Sonic the Hedgehog, lego and text | May be an image of bottle and text | May be an image of childrens toy, lego, thimble and text",50000,1428,2991,9756,https://www.threads.com/@7eleventw/post/DXZXTGSDzaE,你該不會是我的粉絲吧！,2026年4月21日 星期二 下午10:01,,,662,1,1,2
fullonhotelkaohsiung,https://www.threads.com/@fullonhotelkaohsiung/post/DXYIntpgUea,"好啊
沒關係，我瞬間跌落谷底！
這個功能就讓我社死在這邊啊⋯⋯
來啊～～都來啊～～～
瀏覽次數",2026年4月21日 星期二 上午10:33,,,269,159,5,2,https://www.threads.com/@7eleventw/post/DXZW_zNDxj1,加油😇,2026年4月21日 星期二 下午9:58,,,7,1,0,1
dailyview.tw,https://www.threads.com/@dailyview.tw/post/DXY0ndmALhc,"7-11這次也太過分了吧！
根本意圖使人錢包破洞啊啊啊",2026年4月21日 星期二 下午5:00,,,21,1,0,7,https://www.threads.com/@7eleventw/post/DXZVvYuD8WE,謝謝你喜歡,2026年4月21日 星期二 下午9:47,,,9,0,0,0
alice.shie0000,https://www.threads.com/@alice.shie0000/post/DXZIwq1H3AF,,2026年4月21日 星期二 下午7:54,,,0,0,0,0,https://www.threads.com/@7eleventw/post/DXZVSPvD_ji,雞蛋糕,2026年4月21日 星期二 下午9:43,,,28,1,0,0
yuan____86.6,https://www.threads.com/@yuan____86.6/post/DXYnw5cicKI,好想知道破100w會是什麼顏色？,2026年4月21日 星期二 下午3:06,,,1979,551,3,24,https://www.threads.com/@7eleventw/post/DXZVOrHD7Fi,沒有什麼顏色...,2026年4月21日 星期二 下午9:43,,,120,3,1,1
wang_fu_kai,https://www.threads.com/@wang_fu_kai/post/DXW9SRhgbrx,"這麼晚 應該不多人吧
有的話舉個手手👐
現在還這麼認真的小編或脆友
一定會有好回報的！",2026年4月20日 星期一 下午11:35,,,202,208,1,0,https://www.threads.com/@7eleventw/post/DXZO1FUj8Cg,流量王來了,2026年4月21日 星期二 下午8:47,,,19,1,0,0
onlyyunn_hi,https://www.threads.com/@onlyyunn_hi/post/DXXZaaCEyMX,"靠北超好笑 7-11這樣取名的？
我問我朋友你在哪個門市
他說：",2026年4月21日 星期二 上午3:41,,,26000,1100,404,3799,https://www.threads.com/@7eleventw/post/DXZN6kXD8u1,是在哈囉（一不小心就死語復甦了）,2026年4月21日 星期二 下午8:39,,,642,4,1,8
7xhonl_,https://www.threads.com/@7xhonl_/post/DXUYwoCkzm3,大學生真的不要再相信一個晚上一個奇蹟了,2026年4月19日 星期日 下午11:37,,,52000,780,3687,7106,https://www.threads.com/@7eleventw/post/DXZN1IvD3br,不如一個晚上一起吃雞,2026年4月21日 星期二 下午8:38,,"May be an image of durian, wafer and text",81,1,0,1
yiyao1120_,https://www.threads.com/@yiyao1120_/post/DXWCPqagSpK,"這對小情侶 在我窗戶旁邊 看我忙東忙西
還不進來幫忙😆😆😆",2026年4月20日 星期一 下午2:59,,"May be an image of one or more people, cash machine, window and text | May be an image of one or more people, window and text",100000,648,1463,1595,https://www.threads.com/@7eleventw/post/DXZNqKQD45G,留友看笑瞇瞇的小情侶,2026年4月21日 星期二 下午8:37,,,84,1,0,0
suchirabbit.model,https://www.threads.com/@suchirabbit.model/post/DXWRic7FF0u,有一個很奇怪的冰柱，我拔走了,2026年4月20日 星期一 下午5:13,,"May be an image of text | May be an image of paper weight, sculpture, fountain and text",55000,893,365,1695,https://www.threads.com/@7eleventw/post/DXZNS9VD3gB,"沒關係我是炎柱
炎之呼吸第711型！",2026年4月21日 星期二 下午8:33,,,83,1,0,0
nigo_woof,https://www.threads.com/@nigo_woof/post/DXZMItAEjOd,"
沒事就來小七蹭一下🤭",2026年4月21日 星期二 下午8:23,@7eleventw,May be an image of Saint Bernard and text,19,1,0,0,https://www.threads.com/@7eleventw/post/DXZM1-wD1fB,緩光臨,2026年4月21日 星期二 下午8:30,,,3,0,0,0
1_y.uan,https://www.threads.com/@1_y.uan/post/DXS_bLJGfY6,"誰的學生證掉了 我幫你交去服務處了呦
在小人國這邊 平鎮國中",2026年4月19日 星期日 上午10:37,,May be an image of text that says '桃園市立 平鎮國民中學 SERe 桃。林經味發 高0學生證 桃 1110485 陳萱萱 學生證 TAOYUAN CITIZEN TIZEN 第 CARD Student ID 學生卡 Stu 學 生卡 卡 生',41000,919,977,10000,https://www.threads.com/@7eleventw/post/DXZMCLGDykq,萱萱的朋友大概跟我們的門市一樣多,2026年4月21日 星期二 下午8:22,,,96,0,1,2
xuann__.o9,https://www.threads.com/@xuann__.o9/post/DXXvKMmgUyi,已找到已領回謝謝各位,2026年4月21日 星期二 上午6:51,,May be a selfie of one or more people and text that says '市立 民中學 10485 萱萱 Student 卡 ID 學 Student1D 生' | May be an image of fish and text,26000,338,197,1579,https://www.threads.com/@7eleventw/post/DXZLu_Tj9bX,也算是官萱了，恭喜找回學生證,2026年4月21日 星期二 下午8:20,,,131,0,0,3
_goblinelder,https://www.threads.com/@_goblinelder/post/DXWakHziSVL,"望周知
如果你沒有超過40歲
進公司乖乖取一個英文名字
不要給我什麼宗哲、承翰、偉祥的
他媽誰記得住",2026年4月20日 星期一 下午6:32,,,9749,489,42,541,https://www.threads.com/@7eleventw/post/DXZLXDyD8nd,還好我已經有英文名Seven-Eleven，但你也可以叫我ㄙㄟ門,2026年4月21日 星期二 下午8:17,,,158,5,0,0
shirley881209,https://www.threads.com/@shirley881209/post/DXWgaiqEeo_,最近黏男友的程度是洗澡時都要逼他拉椅子進來陪我：）,2026年4月20日 星期一 下午7:23,,"May be an image of bathtub, shower, sink and text",15000,95,144,6188,https://www.threads.com/@7eleventw/post/DXZLCRnj_YZ,這是一份always open的感情！,2026年4月21日 星期二 下午8:14,,,28,0,0,0
xcurating,https://www.threads.com/@xcurating/post/DXZA6GQkmX7,".
但我真心認為青埔之戰沒什麼好看的，今天的脆流量之戰比較精彩。
.
話說，全家是不是偷偷把流量數隱藏了 🤨讚63回覆11轉發2分享7",2026年4月21日 星期二 下午6:45,,"May be an image of card and text that says 'ELEVEN 3,900萬 29.5萬 Carrefour 115萬 A 十人縣 3.6萬'",,,,,https://www.threads.com/@7eleventw/post/DXZDtXnj0Ve,追蹤7eleventw已驗證 原作者說讚更多真是不好意思讚29 轉發1分享,2026年4月21日 星期二 下午7:10,,,,,,
susu.uuu,https://www.threads.com/@susu.uuu/post/DXWwpx1CcmI,"就算已經看過好幾次 再滑到還是會停下來><!!!
希望子瑜能一直開開心心
希望未來都只有好🌲🥜 ✨已靜音Instagram logowinters.bleu讚9,749回覆49轉發299分享292",2026年4月20日 星期一 下午9:45,,,,,,,https://www.threads.com/@7eleventw/post/DXY_cZcD_wT,"追蹤7eleventw已驗證 原作者說讚更多已被我的品牌大使融化🥺讚1,003 轉發分享8",2026年4月21日 星期二 下午6:32,,,,,,
kssogo.tw,https://www.threads.com/@kssogo.tw/post/DXY7IvSCfHf,追蹤kssogo.tw 原作者說讚更多正在回覆@7eleventw是廣編目前看到最多的 🙌🙌🙌讚27 轉發分享,2026年4月21日 星期二 下午5:55,,,,,,,https://www.threads.com/@7eleventw/post/DXY7TbMj60l,追蹤7eleventw已驗證 更多請大家都來當我朋友讚17回覆轉發分享,2026年4月21日 星期二 下午5:56,,,,,,
nellyipanda2024,https://www.threads.com/@nellyipanda2024/post/DXY7AKSE6R2,追蹤nellyipanda2024 原作者說讚更多正在回覆@7eleventw祝你下次7711萬讚7 轉發分享,2026年4月21日 星期二 下午5:54,,,,,,,https://www.threads.com/@7eleventw/post/DXY7E0zjztR,追蹤7eleventw已驗證 更多愛惹🫶讚7回覆轉發分享,2026年4月21日 星期二 下午5:54,,,,,,
sandra.0701,https://www.threads.com/@sandra.0701/post/DXWgBbPCd_Q,已編輯更多,2026年4月20日 星期一 下午7:19,,,0,0,0,0,https://www.threads.com/@7eleventw/post/DXYkMoAj7_2,追蹤7eleventw已驗證 更多筆記筆記讚14回覆轉發分享,2026年4月21日 星期二 下午2:34,,,,,,
rayjun567,https://www.threads.com/@rayjun567/post/DXWAsEZlO13,"8年級生們～讚6 萬回覆1,786轉發4,046分享1.0 萬",2026年4月20日 星期一 下午2:46,,"May be an image of slow loris, bear and text | May be an image of text that says '2002 07 07, 7.09 .0 《麻辣女孩》 2007 08 8. B.17 17 《飛哥與小佛》' | May be an image of poster and text that says '2003 10.01 《校園神兵》 2001 2001.11.03 《校園嬌娃》' | May be a doodle of text | May be an image of ‎text that says '‎2006.07.28 .28 2006. 華海そズ .口 leemTet 製で مس رهرم 《替身計畫》 2003 9.20 ス 星際寶貝系列‎'‎",,,,,https://www.threads.com/@7eleventw/post/DXYfBCMD3xx,親不停 追不停 愛不完 🎤🎤讚228回覆轉發分享7,2026年4月21日 星期二 下午1:49,,,,,,
its_catsplanet,https://www.threads.com/@its_catsplanet/post/DXWW6wDkyVJ,追蹤its_catsplanet 更多太精準了 翻譯已靜音Instagram logomeowwww_meme讚4.0 萬回覆470 分享1.0 萬,2026年4月20日 星期一 下午6:00,,,,,,,https://www.threads.com/@7eleventw/post/DXX4-D-kkao,追蹤7eleventw已驗證 更多能做到這種程度也是很厲害讚641回覆轉發分享2,2026年4月21日 星期二 上午8:17,,,,,,
5xupyc,https://www.threads.com/@5xupyc/post/DXWG2NLAOPX,"追蹤5xupyc 更多大學了 不知道交不交得到新朋友讚9.6 萬回覆1,044 分享1.0 萬",2026年4月20日 星期一 下午3:39,,"May be an image of studying, diary, newspaper and text",,,,,https://www.threads.com/@7eleventw/post/DXXHWN3D2yw,追蹤7eleventw已驗證 原作者說讚更多小編也想認領一張✍️讚361回覆轉發1分享,2026年4月21日 星期二 上午1:03,,,,,,
01._lele__,https://www.threads.com/@01._lele__/post/DXWmUbdCXdT,"我剛洗澡洗到一半，我媽直接破門而入
直接往我嘴裡塞了一個香瓜後
又在我手上放了一個
然後頭也不回地離開浴室😇❓️ 1/2讚7.7 萬回覆1,114轉發823分享3,402",2026年4月20日 星期一 下午8:14,,"May be an image of soap, melon and text",,,,,https://www.threads.com/@7eleventw/post/DXXG2HAD7SS,追蹤7eleventw已驗證 更多吃瓜讚467 轉發1,2026年4月21日 星期二 上午12:59,,,,,,
hsu0633_uwu,https://www.threads.com/@hsu0633_uwu/post/DXWQkMCEe5K,"但牠真的一路滑下來 1/2已靜音讚5.2 萬回覆366轉發2,325分享5,163",2026年4月20日 星期一 下午5:05,,,,,,,https://www.threads.com/@7eleventw/post/DXXGaLaj8VE,追蹤7eleventw已驗證 更多🐶 背癢順便嚕一下！讚168回覆轉發分享1,2026年4月21日 星期二 上午12:55,,,,,,
xc_mood_,https://www.threads.com/@xc_mood_/post/DXWzJ8vE-CE,"超好笑我剛剛走在路上想說怎麼突然下大雨
結果是旁邊工地從高處噴射泥巴…
然後我就變這樣ㄌ
重點是還繼續默默走去工作
難道這就是長大嗎",2026年4月20日 星期一 下午10:07,,"May be a selfie of one or more people, hair, mirror, top and text | May be an illustration of text that says 'Read 5:30PM 我走在路上被水泥潑到 5:30PM 不知道是什麽 Read 不知道是什麽 泥水 5:30PM d泥水 Read 5:31PM 怎麽這樣 5:31PM 施工的地方突然從天上潑下來的 5:31PM 施工的地方突然從天上潑下來的 Read 太過分了吧 5:31PM 還滿酷的 5:31PM Read還滿酷的 Read'",160000,3549,1310,8891,https://www.threads.com/@7eleventw/post/DXZK6ELj_zD,泥辛苦了！,2026年4月21日 星期二 下午8:13,,,52,0,0,0
6owldoor,https://www.threads.com/@6owldoor/post/DXYg8swj5TS,"老闆這個觀看次數，可以換成獎金給堂ㄚ門嗎
瀏覽次數",2026年4月21日 星期二 下午2:06,,,120,61,5,6,https://www.threads.com/@7eleventw/post/DXZKkOdjz5m,我也覺得這個提議很棒,2026年4月21日 星期二 下午8:10,,,16,0,0,0
eatbubao,https://www.threads.com/@eatbubao/post/DXYJ-cviWZ4,用碳水開啟微醺的一天吧～～🍙,2026年4月21日 星期二 上午10:45,,,4054,268,50,1343,https://www.threads.com/@7eleventw/post/DXZKgslj01s,暈~,2026年4月21日 星期二 下午8:09,,,27,0,0,0
pei__.428,https://www.threads.com/@pei__.428/post/DXV8cw9jiT6,天啊育達驚現暴王龍🦖,2026年4月20日 星期一 下午2:09,,,46000,722,911,5130,https://www.threads.com/@7eleventw/post/DXZKYw6j2hW,我辦脆就是要看這個！,2026年4月21日 星期二 下午8:08,,,171,1,0,2
fcu456,https://www.threads.com/@fcu456/post/DXZGXmOEpj5,"
🤣小心你鄰居跟風參戰",2026年4月21日 星期二 下午7:33,@7eleventw,,1,1,0,0,https://www.threads.com/@7eleventw/post/DXZH6REjztA,,2026年4月21日 星期二 下午7:46,,,3,0,0,0
takaojuju,https://www.threads.com/@takaojuju/post/DXZFQsQExZd,7-11到底怎麼輸 怎麼還有一堆人在吹其他超商 才進幾罐飲料就開始吹了,2026年4月21日 星期二 下午7:23,,"May be an image of carton, wafer, vending machine, lego and text | May be an image of vending machine, rack, newsstand and text | May be an image of French toast, toast, steak and text | May be an image of cornflower and text | May be an image of petfood and text | May be an image of shelf, newsstand and text | May be an image of toy, hamper, hand cream, shelf and text | May be an image of vending machine, refrigerator, rack, display case and text | May be an image of display case, rack and text | May be an image of rack, newsstand and text | May be an image of gelato, ice cream, vending machine, signboard, poster and text | May be an image of video games and text | May be an image of signboard, terminal and text that says 'ELEVEN T-ELEVEN, Fresh'",95,13,1,0,https://www.threads.com/@7eleventw/post/DXZGVC-j9sS,愛了,2026年4月21日 星期二 下午7:33,,,15,0,0,0
yienn_0527,https://www.threads.com/@yienn_0527/post/DXVzchIGh6q,"我台語很爛
請問休假是小姐的意思嗎",2026年4月20日 星期一 下午12:50,,,14000,886,258,1656,https://www.threads.com/@7eleventw/post/DXZFUSwj5Om,請問青菜是隨便的意思嗎？,2026年4月21日 星期二 下午7:24,,,533,7,0,3
caco_tw,https://www.threads.com/@caco_tw/post/DXZCpQtmR_n,"謝謝大家💛💛💛
瀏覽次數",2026年4月21日 星期二 下午7:00,,,23,2,0,0,https://www.threads.com/@7eleventw/post/DXZE3PTj1Br,一起加油~,2026年4月21日 星期二 下午7:20,,,11,1,0,0
dato_jt,https://www.threads.com/@dato_jt/post/DXZDoM3kUTj,"
慕了",2026年4月21日 星期二 下午7:09,@7eleventw,,0,1,0,0,https://www.threads.com/@7eleventw/post/DXZD2otj87W,愛了,2026年4月21日 星期二 下午7:11,,,3,0,0,0
a9854666998,https://www.threads.com/@a9854666998/post/DXTV9-PE8xX,童年回憶,2026年4月19日 星期日 下午1:54,,,0,0,0,0,https://www.threads.com/@7eleventw/post/DXW_SUdD8YT,拼命收到這一套,2026年4月20日 星期一 下午11:53,,"May be an image of lego, computer keyboard and text",358,6,1,12
tseng_botsang,https://www.threads.com/@tseng_botsang/post/DXLhYzGkUwF,小七：一上市就超熱賣，有什麼頭緒嗎？,2026年4月16日 星期四 下午1:00,,"May be an image of medicine, milk and text that says '2024 YGBF59 拉 ย 高山茶葉 清香甘甜 2026.04.28_YGBF59 28 YGBF59 2026 04 2026.04.28 一明年月日 高山家梁 山ラメーい 清香甘甜 Tryit! 純喫茶 金萱青茶餐 Maetar Thinhstan Tryit! Try 純喫茶 金萱青茶餐 Thinhstan Setelt Tot Spocialle 使用高山金萱茶葉 專利焙火技術 新鮮更升級 無糖 無香料 使用高山金萱茶葉 專利培火技術 新鮮更升級 無糖 無香料'",608,12,2,69,https://www.threads.com/@7eleventw/post/DXW_MNsj6dW,謝謝泓弦推推🌱,2026年4月20日 星期一 下午11:52,,,24,0,0,0
bickmiya,https://www.threads.com/@bickmiya/post/DXPDKVIAfoV,我發明了櫛排,2026年4月17日 星期五 下午9:53,,,50000,1872,1691,16000,https://www.threads.com/@7eleventw/post/DXW_B0Aj9tg,大家的留言也是一種櫛外生枝,2026年4月20日 星期一 下午11:50,,,577,1,0,8
a9854666998,https://www.threads.com/@a9854666998/post/DXQ0-OwlGpr,"一張照片證明你有多老
我先：",2026年4月18日 星期六 下午2:27,,May be an image of text,110000,11000,5416,30000,https://www.threads.com/@7eleventw/post/DXW--b8j1xz,抽屜裡的大亨堡麵包,2026年4月20日 星期一 下午11:50,,"May be an image of hotdog, eclair, sausage, buns and text",51,0,0,0
mijinawa__,https://www.threads.com/@mijinawa__/post/DXRxow9knp7,以後開樂器行就叫越響樂器,2026年4月18日 星期六 下午11:17,,,75000,1028,3957,10000,https://www.threads.com/@7eleventw/post/DXW-2I3D6vr,我要開一間超商感情,2026年4月20日 星期一 下午11:49,,,31,0,0,0
rouzhen_0713,https://www.threads.com/@rouzhen_0713/post/DXSM__Zklk3,"在台南什麼事都會發生
ex:在路上撿到一條超肥的虱目魚",2026年4月19日 星期日 上午3:16,,"May be an image of fish, sardine and text",33000,488,756,4150,https://www.threads.com/@7eleventw/post/DXW-r-vjyPX,魚你相遇好幸運～,2026年4月20日 星期一 下午11:47,,,42,1,0,0
yinxuan_0621,https://www.threads.com/@yinxuan_0621/post/DXThm3AiW0S,"聽說是慣犯
第一次看到這種車主來了還不走的⋯⋯",2026年4月19日 星期日 下午3:38,,,34000,234,467,694,https://www.threads.com/@7eleventw/post/DXW-l4jj0LK,需要抱緊處理,2026年4月20日 星期一 下午11:46,,,260,1,0,3
aakkkk4477,https://www.threads.com/@aakkkk4477/post/DXVz40lEz2p,今天績效炸裂 好好獎勵自己一把,2026年4月20日 星期一 下午12:54,,May be a meme of boiled egg and text,4372,122,31,153,https://www.threads.com/@7eleventw/post/DXWoRbiD4_M,等等，你這該不會是傳說中的5個7-11茶葉蛋吧,2026年4月20日 星期一 下午8:31,,,2028,7,1,6
yuchen_1211,https://www.threads.com/@yuchen_1211/post/DXWUMcSEvK-,"99%臺灣人說「蛤」，他們只是為了爭取思考時間。
而我是剩下的那1%，是真的耳包。",2026年4月20日 星期一 下午5:36,,,20000,172,1466,2193,https://www.threads.com/@7eleventw/post/DXWoMVJj-fx,蛤？,2026年4月20日 星期一 下午8:31,,,473,1,0,1
chemis0820,https://www.threads.com/@chemis0820/post/DXUXOWYgcCt,關於大半夜的布丁狗有專屬保全的這件事,2026年4月19日 星期日 下午11:24,,May be an image of text,46000,199,1549,8058,https://www.threads.com/@7eleventw/post/DXV32SFDwYj,可以幫我看看他有沒有＊嗎,2026年4月20日 星期一 下午1:28,,,7937,28,15,520
chihsienwu,https://www.threads.com/@chihsienwu/post/DXRvOG9CX63,快30歲了阿公還是擔心我沒生活費😭,2026年4月18日 星期六 下午10:59,,,48000,1114,383,2033,https://www.threads.com/@7eleventw/post/DXT_Q7HD7bs,阿公你還有一個孫子在ㄙㄟ門當小編,2026年4月19日 星期日 下午7:55,,,3899,17,11,12
ken750305,https://www.threads.com/@ken750305/post/DXT2grwEQYx,"當大人有什麼好處？
我想讓那些學生羨慕羨慕",2026年4月19日 星期日 下午6:38,,,112,95,0,2,https://www.threads.com/@7eleventw/post/DXT-dznD5Cn,去ㄙㄟ門想買什麼零食就買什麼零食！,2026年4月19日 星期日 下午7:48,,,41,1,0,0
store__foodie,https://www.threads.com/@store__foodie/post/DXReqsvgYVo,"《7-11》
貳樓蒜辣海鮮義大利麵
蒜味控必吃🫶🏻🫶🏻🫶🏻
真的好蒜喔～～～",2026年4月18日 星期六 下午8:31,,"May be an image of text | May be an image of pasta, shrimp, chow mein, spaghetti, shellfish and text | May be an image of pasta, shrimp, chow mein, spaghetti, shellfish and text | May be an image of pasta, noodles, shrimp, spaghetti, shellfish and text | May be an image of pasta, chow mein, shrimp, noodles, spaghetti, shellfish and text | May be an image of pasta, shrimp, chow mein, shellfish, spaghetti and text",631,10,16,662,https://www.threads.com/@7eleventw/post/DXT-IlGD_us,蒜你內行🧄,2026年4月19日 星期日 下午7:45,,,41,2,0,6
life20250913,https://www.threads.com/@life20250913/post/DXQPUEckyWE,這就是頂級玩家的玩法,2026年4月18日 星期六 上午8:59,,,22000,216,742,5323,https://www.threads.com/@7eleventw/post/DXTrMF1jxu6,這冠軍戰卡通要畫5集,2026年4月19日 星期日 下午4:59,,,2263,0,2,14
tai_lo_chi720__,https://www.threads.com/@tai_lo_chi720__/post/DXTZX5nEgZc,"如果你文筆很好
請用你的文字寫出「曖昧」",2026年4月19日 星期日 下午2:24,,,11000,2021,668,1468,https://www.threads.com/@7eleventw/post/DXTqoFjD2-1,你幫我挑茶葉蛋會問「要幾顆」,2026年4月19日 星期日 下午4:54,,,290,2,0,6
bing_hong146,https://www.threads.com/@bing_hong146/post/DXS1FzujxF5,"七個人的群組能叫什麼名字
先說不要七大罪因為取過了",2026年4月19日 星期日 上午9:07,,,3356,2064,8,46,https://www.threads.com/@7eleventw/post/DXTNj4wD8sy,7-ELEVEN,2026年4月19日 星期日 下午12:40,,,742,5,0,0
amos_4_4,https://www.threads.com/@amos_4_4/post/DXRahcHGLEp,爸爸你兒子現在過得很好,2026年4月18日 星期六 下午7:55,,"May be an image of hotdog, pretzel and text",2188,236,24,80,https://www.threads.com/@7eleventw/post/DXTCRUij7f2,這張圖證明你過的非常好,2026年4月19日 星期日 上午11:02,,,534,1,0,0
hinin__,https://www.threads.com/@hinin__/post/DXRLJQoE4Rw,#三刀流,2026年4月18日 星期六 下午5:41,,"May be an image of steak, top, skewer, parka, sausage and text | May be an image of sword and text",76000,578,1773,8567,https://www.threads.com/@7eleventw/post/DXTCLsJj8H2,霸氣讓我隔著螢幕聞到香腸的香味,2026年4月19日 星期日 上午11:01,,,426,1,0,2
purple._.fear,https://www.threads.com/@purple._.fear/post/DXJmvCkD2gI,"我就想甩尾給你們看
結果直接甩進田裡🙂",2026年4月15日 星期三 下午7:08,,May be an image of text,40000,496,1436,16000,https://www.threads.com/@7eleventw/post/DXTBhHuD359,默默按了小飛機,2026年4月19日 星期日 上午10:55,,,257,0,0,58
a_xuan715,https://www.threads.com/@a_xuan715/post/DXRbhrVj_2B,秦徹生日應援,2026年4月18日 星期六 下午8:04,,,0,0,0,0,https://www.threads.com/@7eleventw/post/DXTAmzsD-F4,小七也有秦徹應援！,2026年4月19日 星期日 上午10:47,,,26,1,2,2
_07._27ljk,https://www.threads.com/@_07._27ljk/post/DXQ8hMxEb7N,麥當勞,2026年4月18日 星期六 下午3:33,,,0,0,0,0,https://www.threads.com/@7eleventw/post/DXTAg-MDxRk,可以看甲賀忍蛙嗎？,2026年4月19日 星期日 上午10:46,,,96,1,0,0
honey.ngoc_nd_,https://www.threads.com/@honey.ngoc_nd_/post/DXNk4ShktC_,"Quẹt 2 pic dính nhau, bùm—tiên cá xuất hiện như filter sống ảo 🧜🏻‍♂️",2026年4月17日 星期五 上午8:09,,May be an image of text | May be an image of text,100000,1833,7207,21000,https://www.threads.com/@7eleventw/post/DXRR3Lkj5I3,有盤鮪魚大腹,2026年4月18日 星期六 下午6:39,,,410,0,0,9
randomlyinggg,https://www.threads.com/@randomlyinggg/post/DXO1toJgZE-,"蓋一個樓
-
請發出你覺得世界上最神顏、最耐看、最美的一張臉在評論區
( K-pop 篇)",2026年4月17日 星期五 下午7:55,,,6285,969,74,217,https://www.threads.com/@7eleventw/post/DXQvOnZj777,必須是我的品牌大使😤😤,2026年4月18日 星期六 下午1:37,,,3825,12,10,22
_yir.ouo,https://www.threads.com/@_yir.ouo/post/DXOxG_ND7Bo,給大家看一下我家的跳不高貓,2026年4月17日 星期五 下午7:15,,,140000,1658,6026,42000,https://www.threads.com/@7eleventw/post/DXQRrvVD9Hf,這隻貓一定會找到屬於自己的拿手技能 🐾,2026年4月18日 星期六 上午9:19,,,3027,3,1,25
angela_satou,https://www.threads.com/@angela_satou/post/DXOzn-3lMJZ,"因為我在回日本的飛機上幾乎都在吃東西✈️
所以一到機場就很容易被動植物檢疫探知犬鎖定🐶
（當然在抵達日本前就已經全部吃光了，沒有攜帶任何肉類入境！）
……原來是我本人自帶食物香味嗎🤔",2026年4月17日 星期五 下午7:37,,"May be an image of rice, seaweed and text",11000,104,44,343,https://www.threads.com/@7eleventw/post/DXO423bDzvJ,"🐶：這味道…不是隔壁那家
（然後默默坐下）",2026年4月17日 星期五 下午8:22,,,204,1,0,0
cavity2658,https://www.threads.com/@cavity2658/post/DXLQ2F-EUvt,"布丁狗30週年生日
結果美樂蒂在那邊帶布丁狗頭套我真的笑死
我看到的時候還想說這是啥？？？",2026年4月16日 星期四 上午10:35,,May be a doodle of heart and text that says ''26 SANRIO 著作 （株）サンリオ （株）',14000,50,935,3466,https://www.threads.com/@7eleventw/post/DXO1iOgD8_T,"壽星派我來送美樂蒂回禮：
╭━﹅━╮
╭╰━━━╯╮
╭╯┃𖧹⠀ᴥ⠀𖧹┃╰╮
╰━╯ 𑁘 ✻ᡴ ╰━╯
┃ ┃
乀 ノ
╰╯▔╰╯",2026年4月17日 星期五 下午7:53,,,404,2,2,10
xinzhexianxin,https://www.threads.com/@xinzhexianxin/post/DXHJ7RNkxvI,"大家手機裡應該都有的軟體
🟥🟥⬛️⬛️
🟥🟨🟨⬛️
🟩🟩🟨🟦
🟩🟩🟦🟦",2026年4月14日 星期二 下午8:18,,,23000,199,326,219,https://www.threads.com/@7eleventw/post/DXO1F59j72W,"大家應該都熟悉的好鄰居：
⬜⬜⬜⬜⬜⬜⬜⬜⬜⬜
⬜🟧🟧🟧🟧🟧🟧🟧🟥⬜
⬜🟧🟧🟧🟧🟧🟧🟥🟥⬜
⬜⬜⬜⬜⬜⬜🟥🟥⬜⬜
⬜⬜⬜⬜⬜🟥🟥⬜⬜⬜
⬜🟩🟩🟩🟩🟩🟩🟩🟩⬜
⬜🟩🟩🟩🟩🟩🟩🟩🟩⬜
⬜⬜⬜⬜🟥🟥⬜⬜⬜⬜
⬜⬜⬜⬜🟥🟥⬜⬜⬜⬜
⬜⬜⬜⬜🟥🟥⬜⬜⬜⬜
⬜⬜⬜⬜⬜⬜⬜⬜⬜⬜",2026年4月17日 星期五 下午7:50,,,213,2,1,2
sshit._.f,https://www.threads.com/@sshit._.f/post/DXLieBJFHIO,"收集了我今年可能用得到的出國文案：
人生沒有劇本 有時會出現在日本
失戀不一定要靠酒精 也可以靠東京
工作總是會踢到鐵板 有時候是大阪
人生不會一直在深山 但有時候會在釜山
生活總是出爾反爾 但有時候會在首爾
如果被現實絆倒 那就去一趟濟州島
青春沒有售價 仁川第一航廈
人生不會總是前途光明 但有時候會在胡志明
人生不會一直走下坡 有時會在新加坡
人在低谷 出走曼谷",2026年4月16日 星期四 下午1:09,,,50000,1426,9726,29000,https://www.threads.com/@7eleventw/post/DXO1CCHj5GI,上帝關了你一扇門，必定會為你開一間巷口ㄙㄟ門,2026年4月17日 星期五 下午7:49,,,36,1,0,1
wjh6_527,https://www.threads.com/@wjh6_527/post/DXLbKYakbPt,這個年頭真的是什麼人才都有啦,2026年4月16日 星期四 下午12:05,,,38000,1104,898,12000,https://www.threads.com/@7eleventw/post/DXO062jD8_Z,我們只有翻轉布丁，翻轉車子不是我們的專業,2026年4月17日 星期五 下午7:48,,,48,2,0,1
the_lu_raymond,https://www.threads.com/@the_lu_raymond/post/DXK_jNjGdEM,"寄出去才發現 我好想挖個地洞躲起來
超丟臉乾",2026年4月16日 星期四 上午8:04,,"May be an image of text that says 'I |remain very interested in the opportu Thank you again for your time. M Best regards,'",20000,377,484,1870,https://www.threads.com/@7eleventw/post/DXO0oR0D0kV,對方將捨棄睡眠研究此ㄋ,2026年4月17日 星期五 下午7:46,,,15,0,0,0
practice332026,https://www.threads.com/@practice332026/post/DXMJI6imbHP,"自從我跟92歲的奶奶說：
超人為什麼要穿緊身衣的冷笑話之後…
奶奶非常開心，還笑到流眼淚！
她現在每個禮拜都在等我的冷笑話…
我已經沒有庫存彈藥了…
請求支援 🧎‍♂️🧎‍♂️🧎‍♂️",2026年4月16日 星期四 下午6:47,,,70000,2802,5033,17000,https://www.threads.com/@7eleventw/post/DXO0ehzDzt4,留友困在留言區傻笑,2026年4月17日 星期五 下午7:44,,,26,1,0,0
weweeb_24,https://www.threads.com/@weweeb_24/post/DXMSysYEmae,"剛才買雞排回家跟一個小弟弟一起搭同一台電梯
弟弟：「我可以聞聞看你的雞排嗎」
我：「呃可以啊」
*兩個人在電梯裡聞雞排*",2026年4月16日 星期四 下午8:11,,,23000,152,355,824,https://www.threads.com/@7eleventw/post/DXO0Vumj9zP,要是你們一個大跳那就變成聞雞起舞,2026年4月17日 星期五 下午7:43,,,38,0,0,0
superwaterchu,https://www.threads.com/@superwaterchu/post/DXKHCZNDwN9,"紀錄一些脆上學到且愛用的生活智慧
1. 回家先洗澡，保證心情好
2. 洗澡要用手搓洗腳趾（以前真的不知道）
3. 日文的分鐘數，只有 9527 是ふん，其他是ぷん",2026年4月15日 星期三 下午11:50,,,16000,483,989,2594,https://www.threads.com/@7eleventw/post/DXO0Qhxj1LV,謝謝9527-11,2026年4月17日 星期五 下午7:42,,,2,0,0,1
nuczieoy,https://www.threads.com/@nuczieoy/post/DXNwJ08gcMc,兩隻狗都以為對方沒有回頭,2026年4月17日 星期五 上午9:47,,"May be an image of collie, Groenendael, outdoors and text | May be an image of Groenendael, calf, collie and text",90000,658,5207,6311,https://www.threads.com/@7eleventw/post/DXORgAeD1hu,這也太虐心了,2026年4月17日 星期五 下午2:39,,,428,0,0,3
simple_0914,https://www.threads.com/@simple_0914/post/DXMfA5ngaK2,以防大家沒看到布丁狗生日演唱精華,2026年4月16日 星期四 下午9:58,,,70000,623,6850,39000,https://www.threads.com/@7eleventw/post/DXMnZr9D_hx,好…好幸福,2026年4月16日 星期四 下午11:11,,,461,3,0,11
memm_pw,https://www.threads.com/@memm_pw/post/DXLl81XETy1,"
反串要公告",2026年4月16日 星期四 下午1:40,@7eleventw,,0,1,0,0,https://www.threads.com/@7eleventw/post/DXMJbYBj0hg,對，反串,2026年4月16日 星期四 下午6:50,,,3,0,0,0
yan4_0603,https://www.threads.com/@yan4_0603/post/DXLu_bGEu_r,"
一堆看不懂哏的在下面說別人認真沒幽默感🤡",2026年4月16日 星期四 下午2:59,@7eleventw,,16,1,0,0,https://www.threads.com/@7eleventw/post/DXMJYW7D7DU,你懂我,2026年4月16日 星期四 下午6:49,,,15,0,0,0
imsherryc_,https://www.threads.com/@imsherryc_/post/DXLytRUAT0r,"
故意認真是最強的😂",2026年4月16日 星期四 下午3:31,@7eleventw,,5,1,0,0,https://www.threads.com/@7eleventw/post/DXMJXAED3tp,你懂我,2026年4月16日 星期四 下午6:49,,,2,0,0,0
haha.hana313,https://www.threads.com/@haha.hana313/post/DXL-x66EUWy,"
ㄟ 我覺得小七也是在反串吧？
謝謝你蒙古門市🤣",2026年4月16日 星期四 下午5:16,@7eleventw,,5,1,0,1,https://www.threads.com/@7eleventw/post/DXMJUy6j-r7,你懂我！,2026年4月16日 星期四 下午6:49,,,4,0,0,0
victorfan009,https://www.threads.com/@victorfan009/post/DXME9y0AZTE,"
我站小編在玩反邏輯的哏這邊",2026年4月16日 星期四 下午6:11,@7eleventw,,10,1,0,0,https://www.threads.com/@7eleventw/post/DXMJSDnD5Bv,你懂我！,2026年4月16日 星期四 下午6:48,,,8,0,0,0
hhsshsh120,https://www.threads.com/@hhsshsh120/post/DXI2w2dD1f8,"如何證明你不是台灣人
劇透",2026年4月15日 星期三 下午12:09,,"May be an image of fondue, measuring stick, breadstick, chopsticks, tongs, skewer, stick, sugarcane and text",15000,404,78,214,https://www.threads.com/@7eleventw/post/DXMI_Ixj4Fx,統一說明咘可以,2026年4月16日 星期四 下午6:46,,,951,0,2,1
black0629,https://www.threads.com/@black0629/post/DXGe-50Ccvo,"我相信在場的各位
只看這樣就會知道是誰了
源自FB爆廢公社",2026年4月14日 星期二 下午2:02,,"May be an image of train, bus, terminal and text",27000,536,142,1126,https://www.threads.com/@7eleventw/post/DXMI8r5j2FW,統一布丁搭高鐵,2026年4月16日 星期四 下午6:45,,,14000,17,28,93
viregeek,https://www.threads.com/@viregeek/post/DXJssIuEWpE,"你怎麼翻譯這句英文：
I like you , but just like you.
我的英文水準有限。",2026年4月15日 星期三 下午8:00,,,4879,454,47,86,https://www.threads.com/@7eleventw/post/DXMImQMD2ZL,我喜歡你，但我不喊緩光臨,2026年4月16日 星期四 下午6:42,,,435,2,0,3
vip_02_23,https://www.threads.com/@vip_02_23/post/DXJnlVgERo1,"在711吃到這個貳樓的酸辣海鮮義大利麵
超好吃超級蒜== 真的就是圖片上這樣
超多蒜！！好好吃喔喔喔喔喔喔喔😭😭",2026年4月15日 星期三 下午7:15,,"May be an image of pasta, shrimp, chow mein, spaghetti and text | May be an image of ramen, noodles, soy sauce and text | May be an image of ramen, noodles and text",4777,108,148,5745,https://www.threads.com/@7eleventw/post/DXMIEvQjzTi,蒜你內行🧄,2026年4月16日 星期四 下午6:38,,,39,0,0,1
sakura06.18,https://www.threads.com/@sakura06.18/post/DXHyV2Bk0EN,"「我們分手吧」
下一句應該怎樣
回才能不輸🤔",2026年4月15日 星期三 上午2:11,,,30000,3191,402,2360,https://www.threads.com/@7eleventw/post/DXMICwVD8qN,那我想分你的腳,2026年4月16日 星期四 下午6:37,,,102,2,0,4
threads,https://www.threads.com/@threads/post/DXKndyHkcoF,,2026年4月16日 星期四 上午4:34,,,0,0,0,0,https://www.threads.com/@7eleventw/post/DXMH_tOD8xA,"Sir, this is 7-ELEVEN.",2026年4月16日 星期四 下午6:37,,,1236,5,1,2
aroooooommmm,https://www.threads.com/@aroooooommmm/post/DXIqb0Aj8k8,"J人朋友：
我也可以很chill啊！
但是你要先告訴我那天要很chill，我要計劃好那天是要chill的行程。
P人的我：
😳😳😳😳😳😳😳😳",2026年4月15日 星期三 上午10:21,,,17000,370,653,4232,https://www.threads.com/@7eleventw/post/DXMH9kgD43R,我們肯定是大Ｐ人，因為Always OPEN😎,2026年4月16日 星期四 下午6:37,,,7,0,0,0
ya_0_11,https://www.threads.com/@ya_0_11/post/DXJ1W66kYjr,"試問
有人看得懂嗎
在線求解🤣🤣🤣🤣🤣
（我已經先大笑了哈哈哈哈哈）",2026年4月15日 星期三 下午9:16,,May be an image of ‎text that says '‎長 T 共 12 分 ャ ፉ や 幫 っえ 大 কਨন حلام x수 Y 正 林 七」 간 1. S 少 級 語 年 一 國 試 六餐 卷 第 照券 二 樣分 面 造 句： 每 格 2 分 妹 妹や 2. 聞 #Y 樹 C 我 裡 水 عال 学 上 ا 的 的 陪 G 白 X ال 每 題 分 ت 陪 ح か 爸 河 6 共 12 分 去 ٢ 好 好 تن ان ఇ 買子 美茶 공 菜‎'‎,3506,291,54,1062,https://www.threads.com/@7eleventw/post/DXKJ3K9DxSk,圈起來但沒扣分,2026年4月16日 星期四 上午12:15,,,3293,16,3,15
webberc4,https://www.threads.com/@webberc4/post/DXJoKuOH_d7,"英文不太好
請問country是傷口的意思嗎？",2026年4月15日 星期三 下午7:20,,,81000,4512,4636,35000,https://www.threads.com/@7eleventw/post/DXKJw0TD11c,不是喔，country 跟「傷口」完全沒關係 。country 的意思是：國家,2026年4月16日 星期四 上午12:14,,,1870,228,5,123
homete.channel,https://www.threads.com/@homete.channel/post/DXJyZzjgXml,"布丁狗跟我同一天生日ㄟ！而且我們都30歲ㄟ！
而且我身上也有＊難道說我其實是一種布丁狗嗎…😳🍮
7eleventw
2026-4-15
布丁狗來分享關於自己的冷知識：
1. 他是一隻黃金獵犬寶寶
2. 4/16誕生的牡羊座
3. 今年剛好30歲
4. 身高是五個布丁高
5. 基本上都必備 ✻",2026年4月15日 星期三 下午8:50,,"May be an image of fruit cocktail, juice, longan and text | May be an image of dessert and text",34,2,759,2086,https://www.threads.com/@7eleventw/post/DXJhG6Sj7vD,"布丁狗來分享關於自己的冷知識：
1. 他是一隻黃金獵犬寶寶
2. 4/16誕生的牡羊座
3. 今年剛好30歲
4. 身高是五個布丁高
5. 基本上都必備 ✻",2026年4月15日 星期三 下午6:19,,"May be an image of fruit cocktail, juice, longan and text | May be an image of dessert and text",6981,614,759,2086
huang_77889,https://www.threads.com/@huang_77889/post/DXJXKUJE_Kn,"@7eleventw
請問你們老闆真的有出這個任務嗎
711店員今天一直冒出來？？？
怪怪ㄉ",2026年4月15日 星期三 下午4:52,,May be an image of kitchenware and text that says 'ELEVED noma.waller7-11日常43分鐘 noma. noma.waller 7-11日常 43分鐘 我是7-11店員 經理給我派任務要我在Theas漲100分 Threads 漲100粉 經理給我派任務 要我在Threads漲100 要我在 費用他出 出我就直接送福利回饋大家 7-11新品迷你不銹鋼杯 免費送50個 顔色隨機完全免費 領取方式： 頂取方式：只要追蹤我就符合資格 只要追蹤我就行合員格 幫我完成任務真的超感謝大家 幫我完成任務 真的超感謝大家 国男優影 50・g ほろよい ほろよい SUNTORY OTИEлeлHR T8O-LIRAL ကတေ',22,3,0,1,https://www.threads.com/@7eleventw/post/DXJtTeAj73a,不是我,2026年4月15日 星期三 下午8:05,,,56,0,0,0
yucheng1763,https://www.threads.com/@yucheng1763/post/DXH6ofyk4FM,"2Y兒子 洗澡的時候 大便在地上
為了不讓他摸 我只好搶快處理
結果他又大了一顆 我只好繼續搶
他為了防止我搶下一個，乾脆用手捂住屁股
媽的⋯⋯
這輩子沒想過我竟然要搶大便",2026年4月15日 星期三 上午3:23,,,57000,357,772,9386,https://www.threads.com/@7eleventw/post/DXJsScxj84S,屎勾以捏....,2026年4月15日 星期三 下午7:56,,,1011,2,2,9
sahansi.steak,https://www.threads.com/@sahansi.steak/post/DXJBVWEILNk,"防止大家沉迷Threads，請每個人說一個S開頭的英文單字
我先來：sahansi",2026年4月15日 星期三 下午1:41,,,344,337,4,5,https://www.threads.com/@7eleventw/post/DXJrxWFj-Rq,Seven Eleven,2026年4月15日 星期三 下午7:52,,,381,4,0,0
1_sxyz,https://www.threads.com/@1_sxyz/post/DXIIq2KEgt3,,2026年4月15日 星期三 上午5:26,,,0,0,0,0,https://www.threads.com/@7eleventw/post/DXJrN90j9yA,那你可是精華中的精華!,2026年4月15日 星期三 下午7:47,,,48,0,0,0
thewho0711,https://www.threads.com/@thewho0711/post/DXG6BWeEe4h,"好好笑
剛剛7-11用餐區
有個年輕人在指導老人用眼前的筆電
聽起來應該是寄email
老人一直弄不好
兩個人都有點不耐煩
年輕人：吼！你這邊要編輯主旨啦！！
老人（崩潰雙手往空中揮）
：幹拎娘！！我還要編竹子？！
看著同時覺得對方很荒謬的老人跟年輕人
我咖啡真的噴了一點出來",2026年4月14日 星期二 下午5:59,,,60000,181,2182,8453,https://www.threads.com/@7eleventw/post/DXJq7fzj97B,先說我們沒有賣竹子,2026年4月15日 星期三 下午7:45,,,93,1,0,1
y.w.c.c_,https://www.threads.com/@y.w.c.c_/post/DXGM5S-GHBC,"謝謝小學生的創意
對了！這題誰會哈哈哈哈哈",2026年4月14日 星期二 上午11:24,,May be an image of ‎text that says '‎V. 在 十 在 在 造 着 句 每 題 。 分 3 共 6 分 方 方！ بچر Pa 是 是便 便 媽 中馬 華 长 ال A 井 想 术 去 כי 便牛 利 利奶 奶 商 但 店家 店 家 買視 0 横 有‎'‎,442,32,10,146,https://www.threads.com/@7eleventw/post/DXJqynnD8Hz,便利商店本人覺得這題對✅,2026年4月15日 星期三 下午7:43,,,42,0,0,0
imobert,https://www.threads.com/@imobert/post/DXGCqyiGaqN,突然想發起一個「在Email信尾寫Best Regret什麼時候會被發現」大挑戰。,2026年4月14日 星期二 上午9:55,,,14000,417,714,3582,https://www.threads.com/@7eleventw/post/DXJqsbyjz1W,"Hello, I am Steven Eleven",2026年4月15日 星期三 下午7:43,,,17,0,0,0
hardyyyli,https://www.threads.com/@hardyyyli/post/DXGwIKykbIC,"那天跟太太聊到如果現在單身，很像不知道該怎麼認識新對象。
我：
「我應該還是會玩交友軟體，
然後第一次見面經過『和牛涮』的時候，
再跟對方說：『這間ㄏㄢ、牛 ㄕㄨㄚˉ很像滿好吃的，下次有機會再一起來吃。」
再細細品嚐對方覺得很解、好感瞬間歸零的表情，回家再期待對方封鎖我。
太太：「你到底有什麼毛病？」",2026年4月14日 星期二 下午4:32,,,39000,1782,1793,12000,https://www.threads.com/@7eleventw/post/DXJqmpMD4Xd,也可以去小七買恩樂冰配大享堡,2026年4月15日 星期三 下午7:42,,,16,0,0,0
coh12330,https://www.threads.com/@coh12330/post/DXA9PllgQf4,"阿同：安靜點，媽祖要唱歌了。
媽祖：....",2026年4月12日 星期日 上午10:31,,May be an image of statue and text,100000,1592,3980,32000,https://www.threads.com/@7eleventw/post/DXJqd4yD0B7,留友看超神的文,2026年4月15日 星期三 下午7:41,,,135,0,0,1
winds2834,https://www.threads.com/@winds2834/post/DXE-UYMkhjC,本p人將帶著這個備忘錄前往日本了,2026年4月13日 星期一 下午11:58,,May be an image of text that says '11:58 返回 返回 5G 5 4/14 4/14-4/20 4/20 4/14 00：10桃 1400：10桃機 桃機 4/20 4/2005:25羽田機場 05:25 羽田機場',95000,2032,2811,21000,https://www.threads.com/@7eleventw/post/DXJqaiMD4NZ,在P人旅程中佔有一席之地，7-11倍感欣慰,2026年4月15日 星期三 下午7:40,,,161,1,0,3
viregeek,https://www.threads.com/@viregeek/post/DXHHCLhkSaU,"你怎麼翻譯這句英文：
She is a ten.
我的英文水準有限。",2026年4月14日 星期二 下午7:52,,,8849,757,29,303,https://www.threads.com/@7eleventw/post/DXJqQcNjxrY,"She is a ten.
I am seven eleven.",2026年4月15日 星期三 下午7:39,,,146,0,0,0
coy._.900.0,https://www.threads.com/@coy._.900.0/post/DXEV5zKE09U,為什麼馬會是數學教獸,2026年4月13日 星期一 下午6:05,,May be an image of text that says 'SO 90 6 professor [pra fesa] 109 n. [C] .[C]教授 教授 106 103 Mark Markisaprofessorofmathatth is a professor of math at the university. 馬可是大學的數學教授。',17000,68,929,1957,https://www.threads.com/@7eleventw/post/DXJqI7iDyzt,"Whrere is the WIFI?
妻子在哪裡？",2026年4月15日 星期三 下午7:38,,,61,0,0,1
__penggg__,https://www.threads.com/@__penggg__/post/DXHGloZiYYq,這是設計嗎 還是鋪馬路的時候沒有注意到這片完美的楓葉🍁,2026年4月14日 星期二 下午7:49,,"May be an image of parking meter, tire, manhole, street and text | May be a black-and-white image of curb and text",99000,235,2512,1424,https://www.threads.com/@7eleventw/post/DXJqCcXD7rZ,給這個楓功偉葉一個讚！,2026年4月15日 星期三 下午7:37,,,56,1,0,0
linselect.daily,https://www.threads.com/@linselect.daily/post/DW-q3snE_-u,你人生回購率最高的東西是？,2026年4月11日 星期六 下午1:12,,,4333,1051,63,640,https://www.threads.com/@7eleventw/post/DXI_BsUD9EI,ㄙㄟ門的咖灰,2026年4月15日 星期三 下午1:21,,,121,2,2,0
y201023,https://www.threads.com/@y201023/post/DXIzgL1kbco,"太扯
7-11新品飯糰蝦超爆多
（是我這顆做錯？？）
而且蝦很Q彈新鮮
很久沒吃到這麼好吃的超商飯糰！！！",2026年4月15日 星期三 上午11:40,,"May be an image of seaweed, cream cheese, rice and text | May be an image of sushi, sashimi, soy sauce, rice, seaweed and text",2355,47,23,631,https://www.threads.com/@7eleventw/post/DXI-38WD78p,小七御飯糰最高🙌,2026年4月15日 星期三 下午1:20,,,236,6,0,2
yenccu,https://www.threads.com/@yenccu/post/DXFIWw1k2BS,"追蹤yenccu 更多交出你手機裡的軟爛貓咪照 劇透讚4,487 轉發70",2026年4月14日 星期二 上午1:25,,"May be an image of sleeping, Abyssinian cat, kitten and text",,,,,https://www.threads.com/@7eleventw/post/DXHdKDzj6Ox,追蹤7eleventw已驗證 更多今天不想上班 喵～讚192回覆轉發分享1,2026年4月14日 星期二 下午11:06,,,,,,
ruei_yu601,https://www.threads.com/@ruei_yu601/post/DXEd8TXkmrs,"追蹤ruei_yu601 更多講出你最莫名的堅持 讚3,422 轉發48",2026年4月13日 星期一 下午7:15,,,,,,,https://www.threads.com/@7eleventw/post/DXHdDjKjwre,追蹤7eleventw已驗證 原作者說讚更多Always OPEN! 翻譯讚77 轉發分享,2026年4月14日 星期二 下午11:05,,,,,,
ugly_face_time,https://www.threads.com/@ugly_face_time/post/DXHCaceEz8M,"⠀⠀
⠀⠀
⠀ ⠀⠀連垃圾車都有人追 你還是沒人追 ⠀
⠀
⠀
⠀讚6,623回覆223轉發353分享917",2026年4月14日 星期二 下午7:12,,,,,,,https://www.threads.com/@7eleventw/post/DXHbz9oj7_r,追蹤7eleventw已驗證 更多沒關係 小七 Always OPEN 回覆5 分享3,2026年4月14日 星期二 下午10:54,,,,,,
lefood555,https://www.threads.com/@lefood555/post/DXE3WIEE5Zw,"我要續盤謝謝已靜音讚1.2 萬回覆395轉發256分享3,410",2026年4月13日 星期一 下午10:57,,May be an image of text | May be an image of egg and text,,,,,https://www.threads.com/@7eleventw/post/DXHbr-YjwU_,追蹤7eleventw已驗證 原作者說讚更多謝謝支持!讚34 轉發分享,2026年4月14日 星期二 下午10:53,,,,,,
hkkk__3,https://www.threads.com/@hkkk__3/post/DXE5DNJE5eZ,追蹤hkkk__3 更多冷知識： 黑色情人節其實是給單身的人過的 讚4 萬回覆483 分享2.2 萬,2026年4月13日 星期一 下午11:12,,May be an image of text,,,,,https://www.threads.com/@7eleventw/post/DXHbgi8j9oG,追蹤7eleventw已驗證 更多別難過我陪各位過🖤讚25 轉發分享,2026年4月14日 星期二 下午10:51,,,,,,
s0800733.kh,https://www.threads.com/@s0800733.kh/post/DXEfnKmkXdU,"在父母面前，吃冰淇淋絕對不能咳嗽讚4.0 萬回覆290轉發1,440分享2,625",2026年4月13日 星期一 下午7:29,,,,,,,https://www.threads.com/@7eleventw/post/DXHa6gxj-M8,追蹤7eleventw已驗證 原作者說讚更多吃思樂冰也不行🤫讚275 轉發分享,2026年4月14日 星期二 下午10:46,,,,,,
aaron_wei.photo,https://www.threads.com/@aaron_wei.photo/post/DXCFFTlEUvs,"然後我老婆突然看到草皮上
有一隻食材逃逸了
想了一下還是把食材拿去給廚房
想看有沒有人有更誇張的逃逸食材已靜音已靜音讚2.9 萬回覆407轉發338分享4,165",2026年4月12日 星期日 下午8:59,,,,,,,https://www.threads.com/@7eleventw/post/DXHa3ptD2jE,追蹤7eleventw已驗證 更多上面有蝴蝶結，我看倒像橫著走的結婚禮車讚28回覆轉發分享,2026年4月14日 星期二 下午10:46,,,,,,
___yu__326,https://www.threads.com/@___yu__326/post/DXDzRBZkzlM,"追蹤___yu__326白沙屯 更多：當護理師要上班又想走白沙屯 已靜音讚5.5 萬回覆1,412 分享1.0 萬",2026年4月13日 星期一 下午1:02,,,,,,,https://www.threads.com/@7eleventw/post/DXHazDij3qk,追蹤7eleventw已驗證 更多還有擦汗太有儀式感，肯定心誠則靈讚312回覆轉發分享2,2026年4月14日 星期二 下午10:45,,,,,,
zxc21328,https://www.threads.com/@zxc21328/post/DXErLB4EkHq,"兩個消息跟大家分享好消息 我們順利拍完婚紗了
壞消息 攝影師發現我是統一布丁了⋯
（先附上設計師幫忙側拍的照片）沙崙海水浴場讚598回覆8轉發分享29",2026年4月13日 星期一 下午9:10,,"May be an image of suit, bow, bowtie, dinner jacket, beach and text",,,,,https://www.threads.com/@7eleventw/post/DXHafhfj_xb,追蹤7eleventw已驗證 原作者說讚更多官方認證：已經不像統一布丁了讚21回覆轉發分享,2026年4月14日 星期二 下午10:42,,,,,,
balloon_14,https://www.threads.com/@balloon_14/post/DW_I7D0CeKr,"追蹤balloon_14 更多這狗沒辦法要了，誰要帶走 讚7.1 萬回覆1,752 分享8,096",2026年4月11日 星期六 下午5:35,,May be an image of mastiff and text,,,,,https://www.threads.com/@7eleventw/post/DXHaYWxjxdj,"追蹤7eleventw已驗證 更多好大一顆杜拜巧克力Ｑ餅讚4,884 轉發15",2026年4月14日 星期二 下午10:41,,,,,,
sys_foods,https://www.threads.com/@sys_foods/post/DXHAz80AZuG,"
7-11 燈光明亮 冷氣會涼",2026年4月14日 星期二 下午6:58,@likeyou_999,,5,2,0,0,https://www.threads.com/@7eleventw/post/DXHdPPxj4l1,我們Always OPEN歡迎❤️,2026年4月14日 星期二 下午11:06,,,4,1,0,0
pigggggggggg_ya,https://www.threads.com/@pigggggggggg_ya/post/DXCK2mTAVsa,"今天在蘇家莊園看到的一幕
我直接眼眶泛淚
因為遊戲器材織網的洞有點大
女兒想走，爸爸就一步一步的把手撐在網子下
讓女兒踩著自己的手往前走
女兒走的很慢很慢
但爸爸超級有耐心 陪她走完一整趟
覺得超級感動……
不知道有沒有機會可以把這張照片
給照片裡的爸爸呢？
有點後悔、應該當下就給他的😭
讓他知道他是一個很棒的爸爸😭😭",2026年4月12日 星期日 下午9:50,,"May be an image of child, climbing, slide, park and text",37000,277,693,1559,https://www.threads.com/@7eleventw/post/DXHaVkPjy9X,好可愛的畫面🥹,2026年4月14日 星期二 下午10:41,,,30,0,0,0
avalanch.e_,https://www.threads.com/@avalanch.e_/post/DXEn4S5D86i,自從我媽去健康檢查獲得500$全家禮券後：,2026年4月13日 星期一 下午8:42,,May be an image of text that says '要不要用我賣血換來的錢去買2個雞胸肉？ 個雞胸肉？ 20:40 Read 20:41 可以不要講得這麼悲情嗎',48000,182,1064,4396,https://www.threads.com/@7eleventw/post/DXHSFBij6qI,"看來健康檢查不只顧身體
還會影響品牌忠誠度了
🥲🥲🥲",2026年4月14日 星期二 下午9:29,,,115,1,0,3
jack_loves_the_sea,https://www.threads.com/@jack_loves_the_sea/post/DXDrJJXEWPx,有沒有一個地方，一去就心情很好？,2026年4月13日 星期一 上午11:51,,,2882,918,55,316,https://www.threads.com/@7eleventw/post/DXHRrkUD2Lv,"always~open!
7~11~~❤️❤️",2026年4月14日 星期二 下午9:25,,,39,2,0,1
all4kyungmin,https://www.threads.com/@all4kyungmin/post/DXGpRmbFAUD,"台灣也有7-ELEVEN特典了😍
這必須支持的吧！！
歡迎TWS加入灶腳大賽
7eleventw",2026年4月14日 星期二 下午3:32,,"Photo by 7-ELEVEn Taiwan on April 14, 2026. May be an image of poster, magazine, card and text. | Photo by 7-ELEVEn Taiwan on April 14, 2026. May be an image of poster and text. | Photo by 7-ELEVEn Taiwan on April 14, 2026. May be an image of card, poster, magazine and text.",3387,101,227,2687,https://www.threads.com/@7eleventw/post/DXHRk_sj-au,追蹤我看更多好康！😁😁😁,2026年4月14日 星期二 下午9:25,,,31,1,0,3
usagi_samurai,https://www.threads.com/@usagi_samurai/post/DXBCjcxiRgM,"あかんwwこの二人傑作すぎるwww
🤣🤣🤣",2026年4月12日 星期日 上午11:18,,,100000,2827,3772,26000,https://www.threads.com/@7eleventw/post/DXGVwtIj_HN,點開時我已猜到了結局,2026年4月14日 星期二 下午12:42,,,787,0,1,0
coco2019.2.22,https://www.threads.com/@coco2019.2.22/post/DXExjIlkTH-,完了，體重失控,2026年4月13日 星期一 下午10:06,,"May be an image of kitten, Abyssinian cat and text | May be an image of kitten and text",24000,245,361,1237,https://www.threads.com/@7eleventw/post/DXFFFZIj3cs,不愧是阿嬤養的！！,2026年4月14日 星期二 上午12:57,,,443,0,0,4
imandrewkan,https://www.threads.com/@imandrewkan/post/DXESqn6j-uD,"身為42歲的中年男子
上面三排我都不敢買來喝",2026年4月13日 星期一 下午5:36,,"May be an image of vending machine, refrigerator, sparkling water and text",5794,1121,28,363,https://www.threads.com/@7eleventw/post/DXFEpxjj6yx,小編都喝大麥氣泡飲（嗝～,2026年4月14日 星期二 上午12:53,,,27,3,0,0
fish_j87,https://www.threads.com/@fish_j87/post/DXBQcvumNWZ,"你們不覺得
thick聽起來很薄嗎",2026年4月12日 星期日 下午1:19,,,34000,1413,1554,3168,https://www.threads.com/@7eleventw/post/DXEvD-ID8SS,Seven聽起來就很好逛,2026年4月13日 星期一 下午9:44,,,1232,5,3,24
hsd1312,https://www.threads.com/@hsd1312/post/DXABZZbkwRF,剩我一個人，整個休息室，其實我也要回家了，一天的工作，留下安靜的後台，熄燈,2026年4月12日 星期日 上午1:48,,"May be a selfie of eyeglasses, hospital, office and text",80000,1989,1012,6857,https://www.threads.com/@7eleventw/post/DXEvACGj4OR,真的辛苦了，小七永遠為鱈魚香斯大哥加油打氣,2026年4月13日 星期一 下午9:44,,,109,0,0,2
sk_.0625,https://www.threads.com/@sk_.0625/post/DXBI-wUEbir,"世界上最可怕的事：
恐怖片❌
沒男/女朋友❌
早上吞口水發現喉嚨會痛⭕️",2026年4月12日 星期日 下午12:14,,,88000,318,4851,4780,https://www.threads.com/@7eleventw/post/DXEu3wZD2RJ,下一步通常就是立刻去小七買喉糖,2026年4月13日 星期一 下午9:43,,,158,0,0,0
sarah981121,https://www.threads.com/@sarah981121/post/DXCD1ZXifnj,"？我剛剛去康是美
店員：歡迎光臨～找不到東西的話
可以慢慢找
？？？？？？？？",2026年4月12日 星期日 下午8:48,,,51000,249,1053,4008,https://www.threads.com/@7eleventw/post/DXEu1LfD6_z,慢慢找是因為：緩～～～光臨,2026年4月13日 星期一 下午9:42,,,73,1,0,0
samyeh_ccc,https://www.threads.com/@samyeh_ccc/post/DXBiMYhE8ts,"靠北！
被常吃的鹹水雞老闆
抓到我買其他間鹹水雞
他媽超像偷情被抓到
我現在還在跟他解釋",2026年4月12日 星期日 下午3:54,,,40000,405,653,1650,https://www.threads.com/@7eleventw/post/DXEuwrvjz99,所以巷口買咖啡記得找我，我才是你家（插腰）,2026年4月13日 星期一 下午9:42,,,69,0,0,2
7._.ek,https://www.threads.com/@7._.ek/post/DXCBMMIj6Nf,"各位有瀏海的女生們聽好了
這個事情很嚴重
瀏海要變條碼的季節到了",2026年4月12日 星期日 下午8:25,,,22000,197,1384,1573,https://www.threads.com/@7eleventw/post/DXEuuosDx0g,去吧！條碼貓，就決定是你了！,2026年4月13日 星期一 下午9:42,,"May be an illustration of kitten, sparkler and text",74,0,0,3
panda.0204,https://www.threads.com/@panda.0204/post/DXBV66KEh4b,"剛看到一個國小妹妹在玩皮克敏
她的每日貼紙都是開心😃
讓厭世的初級大人好生羨慕",2026年4月12日 星期日 下午2:07,,May be a doodle of text that says '四 五 六 日',27000,173,694,1131,https://www.threads.com/@7eleventw/post/DXEupMvD6cS,妹妹的皮克敏是Always OPEN的黑皮,2026年4月13日 星期一 下午9:41,,,38,0,0,0
ben____yang,https://www.threads.com/@ben____yang/post/DW9LiOrk5e-,這是玩具桌遊店…,2026年4月10日 星期五 下午11:21,,,25000,534,1181,5010,https://www.threads.com/@7eleventw/post/DXEulrAD_cT,就差一間小七進駐了,2026年4月13日 星期一 下午9:40,,,24,0,0,1
ag_ininder,https://www.threads.com/@ag_ininder/post/DW_6UjjoBE8,"有點可以理解收藏挖寶的樂趣了
開始買tomica之後就想要買一個旋轉櫃回去
但一直還沒有真的下手
但前幾天下班去文具店買個東西的時候
就看到在窗台旁超髒的角落 有個旋轉塔放在那邊
忍不住問老闆說
：「欸你們那個tomica的櫃子有要賣嗎？」
老闆好像有點嚇到有人要買櫃子
「你要買這個？」
：「對啊，開個價」
老闆：「400」
：「好 我要了」
直接付了錢拿走，超怕老闆反悔
這種挖寶的感覺好有趣
有一種幫一個物品增加很多故事上去的過程
蠻特別的",2026年4月12日 星期日 上午12:47,,"May be an image of vending machine, lego, newsstand and text | May be an image of vending machine, cash machine, lego, display case and text | May be an image of ‎lego, rack and ‎text that says '‎TOHK PAMIGA 多寒小汽車 日本 אאונבד የትኔግ โม. tomsica TOMICA 上カ 日本 Tomy. Http:ilwww. Http://www.funbox.com.tv Jwww Http: 多美小汽車 funbox .com. tw YOar! tamica 16 7508 피 tumica 03 園 tnmica 111대% Rlar tomica TEN さと、 35 135‎'‎‎",21000,414,291,5789,https://www.threads.com/@7eleventw/post/DXEuc4HD5ej,快樂的份量讓你中途要去小七休息一下😍🚗🚕🚓🚎,2026年4月13日 星期一 下午9:39,,"May be an image of vending machine, cash machine, rack, display case, newsstand and text",86,1,0,1
lucy05022010,https://www.threads.com/@lucy05022010/post/DXBwvjzibHZ,捕捉到媽媽下班,2026年4月12日 星期日 下午6:01,,"May be an image of chaise lounge, carpet, armchair, indoors and text",36000,182,541,3005,https://www.threads.com/@7eleventw/post/DXEuSDmjydL,媽媽去巷口小七買咖啡了,2026年4月13日 星期一 下午9:38,,,60,0,0,0
kim_dudu_0801,https://www.threads.com/@kim_dudu_0801/post/DXEBujWkxZL,太陽這造型很像在開輝達發表會😍😍😍,2026年4月13日 星期一 下午3:09,,,23000,263,949,6212,https://www.threads.com/@7eleventw/post/DXEP_84D5sl,等等就會有對比圖了,2026年4月13日 星期一 下午5:13,,,664,6,0,2
stevenchen568,https://www.threads.com/@stevenchen568/post/DXDUqkPkqjX,"不透露你的職業
你每天上班會說10次以上的話是什麼?",2026年4月13日 星期一 上午8:35,,,21000,10000,394,2198,https://www.threads.com/@7eleventw/post/DXEGgpHjyJ3,緩光臨~,2026年4月13日 星期一 下午3:50,,,2581,8,0,14
nn_rou,https://www.threads.com/@nn_rou/post/DXDiYs8EVfz,"正式宣佈
從今天開始我就不是單身狗了，而是熱狗
熱死了",2026年4月13日 星期一 上午10:34,,,65000,193,5153,7085,https://www.threads.com/@7eleventw/post/DXEGWC6Dw06,緩光臨小七把自己變大亨堡,2026年4月13日 星期一 下午3:49,,,485,0,5,12
1995.tw,https://www.threads.com/@1995.tw/post/DXBnTa8mgeq,,2026年4月12日 星期日 下午4:39,,,0,0,0,0,https://www.threads.com/@7eleventw/post/DXDQ-Kzj52N,"規則越荒謬
代表當初的人越離譜🙂",2026年4月13日 星期一 上午8:02,,,5824,8,8,23
win.585888,https://www.threads.com/@win.585888/post/DW770KjGDg3,"一句話證明你是台灣人
-
-
-
我先來：你是在靠杯啥小啦",2026年4月10日 星期五 上午11:43,,,1453,1374,16,11,https://www.threads.com/@7eleventw/post/DXCXM20j6rv,走！Seven,2026年4月12日 星期日 下午11:37,,,155,6,0,0
huang_kai0818,https://www.threads.com/@huang_kai0818/post/DXBEvcakcHP,還不太會走路，要叫啥名還在想真頭痛，大家一起幫我想想好了,2026年4月12日 星期日 上午11:37,,,18000,1974,181,489,https://www.threads.com/@7eleventw/post/DXCXD0sj_12,茶葉蛋,2026年4月12日 星期日 下午11:36,,,348,2,0,0
aliceep__0520,https://www.threads.com/@aliceep__0520/post/DXCCGh9k2ih,"我幫柴犬烘烤肉乾，一直跟他說有肉肉
烤好了我就馬上叫他起床🫳🏻
結果我按錯模式
⋯柴犬看起來很生氣",2026年4月12日 星期日 下午8:33,,"May be an image of dog and text | May be an image of food, tinfoil and text",5310,103,64,767,https://www.threads.com/@7eleventw/post/DXCLov6D5F4,"這種眼神
通常是準備記一輩子的那種",2026年4月12日 星期日 下午9:56,,,67,1,0,2
gator.getter,https://www.threads.com/@gator.getter/post/DXB6KtUjw5q,"我：不是說合租嗎 我的室友呢？
房東：妳進去就知道了
我：……",2026年4月12日 星期日 下午7:24,,"May be an image of rat, rodent, hamster, cage and text",3065,31,58,349,https://www.threads.com/@7eleventw/post/DXCF8PvD7zd,我要笑鼠！,2026年4月12日 星期日 下午9:07,,,62,0,0,0
dabajianmountain2012,https://www.threads.com/@dabajianmountain2012/post/DXBnJjViZmb,"
等等7-11小編會不會來留言5顆茶葉蛋🤣",2026年4月12日 星期日 下午4:38,@sharonrun1256,,4,3,0,0,https://www.threads.com/@7eleventw/post/DXBoQO7j3r-,回囉，幫按愛心!,2026年4月12日 星期日 下午4:47,,,5,0,0,0
sharonrun1256,https://www.threads.com/@sharonrun1256/post/DXBP3VbDxDB,晚餐50元可以吃到什麼,2026年4月12日 星期日 下午1:14,,,191,159,1,4,https://www.threads.com/@7eleventw/post/DXBoNg6D1Vx,5顆7-11茶葉蛋！,2026年4月12日 星期日 下午4:47,,,157,3,0,0
k.a.t.p.a,https://www.threads.com/@k.a.t.p.a/post/DW-8u17FNYx,"來自台灣珍貴的禮物！感謝您！
chinatimessocial",2026年4月11日 星期六 下午3:48,,,120000,1361,3202,12000,https://www.threads.com/@7eleventw/post/DXBjVAMj0Q4,"溫馨又感人的故事
謝謝您的愛心~
不過小編的河道怎麼長這樣😅😅😅",2026年4月12日 星期日 下午4:04,,"May be an image of ‎Groenendael, collie and ‎text that says '‎隨著離開台灣的時間 ح 雪越來越近 だ 5.8萬 811 G1,541 1,541 6,967 joanna_ joanna_shi_199915小 15小時 自從檳郁被成功收編後 「反正緊緊的跟著環島的人， 就會有一個家」 「反正緊緊的服著環島的人，就會有一個家」這件事 這件事 在黑狗界就開始傳開。 7,651 29 16 113 balloon_1416小時 balloon 16小時 這狗沒辦法要了，誰要帶走 這狗沒辦法要了 誰要帶走‎'‎‎",107,1,0,2
capybara_2024_,https://www.threads.com/@capybara_2024_/post/DXBKjLwD_E2,碰我一下是什麼意思😳,2026年4月12日 星期日 下午12:28,,,20000,184,440,593,https://www.threads.com/@7eleventw/post/DXBgM6rD31p,抓！換你當鬼,2026年4月12日 星期日 下午3:37,,,1548,1,1,11
chun0327tw,https://www.threads.com/@chun0327tw/post/DW_H6t5j9SO,"在那邊嚇人鴨
scoreemedia",2026年4月11日 星期六 下午5:26,,,53000,641,880,5492,https://www.threads.com/@7eleventw/post/DXA38kHj6f6,沒事，只是不想上班而已,2026年4月12日 星期日 上午9:45,,,1183,3,0,7
niniolidada,https://www.threads.com/@niniolidada/post/DW_o1XYk8WR,喵：哦..乾….你在家喔😨,2026年4月11日 星期六 下午10:14,,"May be an image of standing, kitten and text",62000,281,1618,8007,https://www.threads.com/@7eleventw/post/DXA2gn-D_QQ,你不尷尬，尷尬的就是貓,2026年4月12日 星期日 上午9:33,,,1963,1,4,19
wewe727su,https://www.threads.com/@wewe727su/post/DW_kvKVEf74,"
含笑半布丁",2026年4月11日 星期六 下午9:38,@7eleventw,,14,2,0,0,https://www.threads.com/@7eleventw/post/DW_lWhCj__f,952711,2026年4月11日 星期六 下午9:43,,,17,2,0,2
wiwiwang5,https://www.threads.com/@wiwiwang5/post/DW_EeG8kqpU,"
那會去全聯嗎",2026年4月11日 星期六 下午4:56,@7eleventw,,79,1,0,0,https://www.threads.com/@7eleventw/post/DW_k4F4j3s4,去家樂福,2026年4月11日 星期六 下午9:39,,,431,1,0,0
aliceep__0520,https://www.threads.com/@aliceep__0520/post/DW_bvj2k4Wr,柴犬斜走⋯但又都在白線上🤣？,2026年4月11日 星期六 下午8:20,,,1815,45,27,99,https://www.threads.com/@7eleventw/post/DW_ks7bD-zY,線條小狗😅,2026年4月11日 星期六 下午9:38,,,156,1,0,0
rain_.10_2,https://www.threads.com/@rain_.10_2/post/DW9IOcyibXc,“對不起一直給你添麻糬.”,2026年4月10日 星期五 下午10:50,,May be an image of pen and text,42000,781,1417,4569,https://www.threads.com/@7eleventw/post/DW_koC3D9Di,走一步算一布丁,2026年4月11日 星期六 下午9:37,,,2367,3,6,41
dobby_itssofluffy,https://www.threads.com/@dobby_itssofluffy/post/DW_d5gIEccW,不吃蔬菜水果的多比成為水狗大王,2026年4月11日 星期六 下午8:38,,"May be an image of apple, signboard, banner, park and text | May be an image of Bedlington terrier, banner, poster, signboard, park and text | May be an image of signboard, park and text",53000,213,3496,13000,https://www.threads.com/@7eleventw/post/DW_kdwrj5id,少了 熱狗啦,2026年4月11日 星期六 下午9:36,,,98,0,0,0
hong.1207_,https://www.threads.com/@hong.1207_/post/DW-1m01E8l8,4月就熱到靠背難以想像7月會多熱,2026年4月11日 星期六 下午2:46,,,68000,284,6538,3009,https://www.threads.com/@7eleventw/post/DW_SHYzjwhS,歡迎來厶ㄟ門吹冷氣,2026年4月11日 星期六 下午6:55,,,2969,9,2,36
cola2010_coffee2018,https://www.threads.com/@cola2010_coffee2018/post/DW-iO1kkeFS,"DAY 313 每日一頂-布布
🐶：布丁的小名是布布🍮
我的小名叫：Fefe～～",2026年4月11日 星期六 上午11:57,,May be an image of dog and text,10000,88,235,1114,https://www.threads.com/@7eleventw/post/DW_EqAiD21s,可愛到布可思議~~~,2026年4月11日 星期六 下午4:58,,,389,4,0,3
shuhua.my.lover,https://www.threads.com/@shuhua.my.lover/post/DW-2j7vEeso,想問7-11小編會去全家嗎,2026年4月11日 星期六 下午2:55,,,5614,109,4,29,https://www.threads.com/@7eleventw/post/DW_EUVoD-sf,不會。,2026年4月11日 星期六 下午4:55,,,13000,80,18,54
monica_tsai27,https://www.threads.com/@monica_tsai27/post/DW-ZRmQEvs5,"
超商的小編比較活躍在脆上喔
你是茶葉蛋10、20顆的小編嗎？🤣",2026年4月11日 星期六 上午10:39,@7eleventw,,4,1,0,0,https://www.threads.com/@7eleventw/post/DW-ZlQ2D7dk,對😁,2026年4月11日 星期六 上午10:41,,,10,0,0,0
ithinkirich,https://www.threads.com/@ithinkirich/post/DW9FCi1mdD4,"好不可思議🫪抓一隻章魚🐙
pierrentrepreneur",2026年4月10日 星期五 下午10:23,,,22000,116,205,427,https://www.threads.com/@7eleventw/post/DW-WGNSj3Gv,使用 噴射水槍！,2026年4月11日 星期六 上午10:11,,,1374,4,0,25
irene_yiping,https://www.threads.com/@irene_yiping/post/DW80_MYE-Vj,大家會去全家還是7-11呢？,2026年4月10日 星期五 下午8:02,,,278,209,0,1,https://www.threads.com/@7eleventw/post/DW-VrUXDyeq,7-11,2026年4月11日 星期六 上午10:07,,,519,4,1,0
chloe205205,https://www.threads.com/@chloe205205/post/DW-UoW6kYfo,7-11的飯團比全家的好吃,2026年4月11日 星期六 上午9:58,,,40,8,0,0,https://www.threads.com/@7eleventw/post/DW-VTN3D583,,2026年4月11日 星期六 上午10:04,,,60,1,0,0
only_me998866,https://www.threads.com/@only_me998866/post/DW8KQecjs5o,"本來想煮地瓜粥給媽媽吃
這下⋯⋯
媽媽叫我自己吃😅",2026年4月10日 星期五 下午1:50,,,4347,1036,68,1226,https://www.threads.com/@7eleventw/post/DW-PTVEj4iY,筆記,2026年4月11日 星期六 上午9:11,,,103,4,0,1
volkswagen,https://www.threads.com/@volkswagen/post/DW8zUNICPzX,,2026年4月10日 星期五 下午7:48,,,16000,1109,208,135,https://www.threads.com/@7eleventw/post/DW9TV8ND2j7,,2026年4月11日 星期六 上午12:28,,,3871,15,19,6
cy06010907yu,https://www.threads.com/@cy06010907yu/post/DW86jU7D-oY,有沒有類似那種「輕舟已經後空翻」這種淡淡瘋感的句子？？,2026年4月10日 星期五 下午8:51,,,51000,2962,6999,18000,https://www.threads.com/@7eleventw/post/DW9TE0nj4ud,人生得意先去睡,2026年4月11日 星期六 上午12:25,,,2855,14,3,34
underbird_pigmaybe,https://www.threads.com/@underbird_pigmaybe/post/DW1KVLOEiXG,"生命是一席華美的蝨子
長滿了袍",2026年4月7日 星期二 下午8:35,,,19000,490,1699,3225,https://www.threads.com/@7eleventw/post/DW9GaDdD2yc,先天下之憂而憂，後天下思樂而冰,2026年4月10日 星期五 下午10:35,,,47,0,0,1
eric_will_become_goat,https://www.threads.com/@eric_will_become_goat/post/DW6mXaNEcJi,"今天經過學校的化學館時看到有個展示魚缸擺在那
想說過去看看是什麼魚這麼鮮艷
走過去一看啊怎麼是你==",2026年4月9日 星期四 下午11:16,,"May be an image of display case, poster and text | May be an image of goldfish, guppy, wind chime and text | May be an image of goldfish, wind chime and text",30000,78,1386,6943,https://www.threads.com/@7eleventw/post/DW9GV-Pj90u,且看且珍惜，下次可能就進化成暴鯉龍,2026年4月10日 星期五 下午10:34,,,530,0,0,10
1nyuzj._,https://www.threads.com/@1nyuzj._/post/DW633PcE25Y,講疊字不覺得很曖昧嗎,2026年4月10日 星期五 上午1:49,,,25000,2621,253,2641,https://www.threads.com/@7eleventw/post/DW9DVWCD6WU,七一一,2026年4月10日 星期五 下午10:08,,,724,4,0,4
lzhiiij,https://www.threads.com/@lzhiiij/post/DW5J-UlEcRy,"跪求暈碳早餐
我準備每天請主管吃
有沒有比大飯糰更猛的？",2026年4月9日 星期四 上午9:49,,"May be an image of juice, bread and text | May be an image of text | May be an image of bread and text | May be an image of gelato and text that says 'cano Latte 我自己則是吃雞胸肉配上冰美式 挑整13月至.04. 有效日 日期2026. 有效日期2026.04.2 04.2 04 批號13A A 强 —便用ー 使用 使用一 Forest （森林管理委員 森林管理委員 ForestStewartbhyCam 驗證紙材' | May be an image of milk and text | May be an image of burrito, pie, durian and text | May be an image of drink and text | May be an image of bread and text",30000,402,862,7567,https://www.threads.com/@7eleventw/post/DW86cZ7j0lA,你這麼常來小七我先暈你,2026年4月10日 星期五 下午8:50,,,127,0,1,2
gmsohandsome,https://www.threads.com/@gmsohandsome/post/DW6k7PBCf7F,"
這題我會，你為什麼花兩塊錢在小七買塑膠袋",2026年4月9日 星期四 下午11:03,@pin0120_,,1446,25,3,22,https://www.threads.com/@7eleventw/post/DW86Wysj9t5,欸不是，不要為了我吵架！,2026年4月10日 星期五 下午8:49,,,14,1,0,0
ava4919ava,https://www.threads.com/@ava4919ava/post/DW61ON9kgTk,"極限運動呀 1/2已靜音讚1.8 萬回覆755轉發183分享1,041",2026年4月10日 星期五 上午1:27,,,,,,,https://www.threads.com/@7eleventw/post/DW7gXW0ErkZ,追蹤7eleventw已驗證 更多直線30秒測驗讚544 轉發分享3,2026年4月10日 星期五 上午7:43,,,,,,
traveler00000001,https://www.threads.com/@traveler00000001/post/DW5PZxKgetL,"追蹤traveler00000001 更多好的，沒問提拉米蘇 讚7.1 萬回覆1,986 分享2.0 萬",2026年4月9日 星期四 上午10:36,,"May be an image of text that says '+ wwanope wwanope5日 5日 對不起 我一直給你添麻器 ර 11.4万 1,147 1.3万 2万 + zhhholmes6 6時間 沒關係 下次注意大利麵 8,525 7 G94 332'",,,,,https://www.threads.com/@7eleventw/post/DW7gM2uEsOz,"追蹤7eleventw已驗證 更多走一步算一布布你買到了嗎？讚1,780 轉發2",2026年4月10日 星期五 上午7:41,,,,,,
crealm_yh,https://www.threads.com/@crealm_yh/post/DW3pjysFOLj,"還在這邊待好好的
這顆65折你就不要考慮了吧？ 1/2已靜音讚7,115回覆139轉發161分享1,127",2026年4月8日 星期三 下午7:46,,"May be an image of chameleon, lizard and text",,,,,https://www.threads.com/@7eleventw/post/DW60DlYj_O1,追蹤7eleventw已驗證 原作者說讚更多7愛的 這顆限定飯糰真可愛讚675 轉發2分享,2026年4月10日 星期五 上午1:16,,,,,,
din_1006,https://www.threads.com/@din_1006/post/DW4hyRek3Fv,"我先來 買麵包拿夾子直接夾麵包😎 1/2已靜音讚4.4 萬回覆1,610轉發417分享2,636",2026年4月9日 星期四 上午3:58,,,,,,,https://www.threads.com/@7eleventw/post/DW6X4-pj3TQ,追蹤7eleventw已驗證 更多我去7-11都穿鞋子去👍讚442 轉發1,2026年4月9日 星期四 下午9:10,,,,,,
yijie6084,https://www.threads.com/@yijie6084/post/DW5or0WDgBv,"追蹤yijie6084 更多這隻雞的憂鬱程度還在我之上 已靜音讚3.1 萬回覆714 分享6,941",2026年4月9日 星期四 下午2:17,,May be an image of chicken and text,,,,,https://www.threads.com/@7eleventw/post/DW6Xw_ojxaz,"你是上班族
大家各自有各自的難過讚1,036回覆轉發分享10",2026年4月9日 星期四 下午9:08,,,,,,
_womeile,https://www.threads.com/@_womeile/post/DW57Qz_E_sg,"吃到一半突然有隻鴨朝我們爆衝於是失去了一隻雞腿跟被他踩翻的玉米濃湯
吃完骨頭也不丟還踩著一張衛生紙就走
連吃帶拿有點難看了哥們
下次要去台南怒吃烤鴨。 1/2已靜音已靜音讚2.3 萬回覆799轉發670分享1.0 萬",2026年4月9日 星期四 下午4:59,,,,,,,https://www.threads.com/@7eleventw/post/DW6XeXqD4aq,追蹤7eleventw已驗證 原作者說讚更多今天不是野餐，是被鴨力測試讚374回覆轉發1分享,2026年4月9日 星期四 下午9:06,,,,,,
kojjang66,https://www.threads.com/@kojjang66/post/DWxqV50EvGw,"但這個安全守則真的戳中我笑點讚2.0 萬回覆39轉發1,104分享4,609",2026年4月6日 星期一 上午11:58,,"May be a cartoon of seatbelt and text that says '니다. ated in about 10 seconds. O' | May be an image of helicopter, poster and text that says 'しし 入人 AT 물구나무 서서 탈출하면 위험합니다.' | May be an image of cigarette, seatbelt and text | May be an image of text that says 'FAIL FAIL 5 -' | May be an image of signboard, cigarette, poster and text that says '미끄럼를 Slide 9OE PASS PASS' | May be an image of smoking, cigarette, signboard and text that says '기내 흡연금지 No smoking during the entire flight' | May be a cartoon of signboard and text | May be an image of ‎airplane, poster and ‎text that says '‎안전한 여행을 위한 안내 Safety Information Card 이/착룩시 Take Takeoff/ off Landing BOEING 737 Safety ماnاى ema Cepm enenan 122 2 예기치 않은 기류 번화에 대배하이 파석별드를 장상매주실 것을 결합니다. 北 3 いり kttomoaeebhhm your scatbelta asbened throughoutthe lightfo unexpected turbulence, Verecommend 보조배터리는 선반 부조세터리는신반축이보관할수떠니다. 속에 보관할 없습니다. wubmnmt‎'‎‎",,,,,https://www.threads.com/@7eleventw/post/DW6WONfjyOh,代表當初的人越離譜🙂讚306回覆轉發1分享6,2026年4月9日 星期四 下午8:55,,,,,,
01__0726,https://www.threads.com/@01__0726/post/DW35of4kRK1,"景點 / 展覽 / 美術館 / 博物館都可以想找那種可以自己慢慢逛、不會尷尬的
最好是捷運可以到的😆 1/2讚4,881回覆476轉發995分享1,991",2026年4月8日 星期三 下午10:07,,,,,,,https://www.threads.com/@7eleventw/post/DW6WArGj-re,追蹤7eleventw已驗證 更多7-Eleven !讚13 轉發分享,2026年4月9日 星期四 下午8:53,,,,,,
1mzx7o,https://www.threads.com/@1mzx7o/post/DW0yHJsEYMM,"幸福就是： 房間 下雨 冷氣 被窩 手機
⠀讚2.9 萬回覆237轉發3,470分享951",2026年4月7日 星期二 下午5:03,,,,,,,https://www.threads.com/@7eleventw/post/DW6GR8IDz65,追蹤7eleventw已驗證 原作者說讚更多幸褔就是：房間 下雨 冷氣 被窩 手機 室友傳訊息說他人在小七幫你買咘布回來讚225 轉發2,2026年4月9日 星期四 下午6:36,,,,,,
yezi._0529,https://www.threads.com/@yezi._0529/post/DW3evmCgfZN,"追蹤yezi._0529 更多我這個到底算什麼眼皮 讚2.6 萬回覆996 分享1,608",2026年4月8日 星期三 下午6:12,,"May be a closeup of one or more people, bangs and text",,,,,https://www.threads.com/@7eleventw/post/DW6GJpvjycX,"追蹤7eleventw已驗證 原作者說讚更多我算了一下這大概是711眼皮讚2,286回覆轉發6",2026年4月9日 星期四 下午6:35,,,,,,
fe.small,https://www.threads.com/@fe.small/post/DW6Adcak-Oo,我同時發了兩部影片，你被分配到了夕陽下的7-11,2026年4月9日 星期四 下午5:46,,,35000,60,421,136,https://www.threads.com/@7eleventw/post/DW86Q7Xj7_m,謝謝幫我拍沙龍照,2026年4月10日 星期五 下午8:48,,,12000,2,2,7
pll_0816,https://www.threads.com/@pll_0816/post/DW5MMbqErpi,我兄弟真的用戰鬥陀螺把他姪子打哭了⋯,2026年4月9日 星期四 上午10:08,,"May be an image of lego, sling and text",34000,197,389,2266,https://www.threads.com/@7eleventw/post/DW86K-ljxND,大人真的就是月份比較多的大寶寶,2026年4月10日 星期五 下午8:48,,,271,0,1,1
esfp5201314,https://www.threads.com/@esfp5201314/post/DW44EeZkgb8,"你站在廚房，魚就是食物
你站在佛堂，魚就是生命
你站在市場，魚就是商品
你站在河邊，魚就是風景",2026年4月9日 星期四 上午7:12,,,40000,1309,1508,4001,https://www.threads.com/@7eleventw/post/DW8vrRqj4vT,你站在7-ELEVEN，魚排青醬燉飯微波按7+4,2026年4月10日 星期五 下午7:16,,,4096,39,6,43
r818295,https://www.threads.com/@r818295/post/DW6p8-qD00N,"孩子～
即便舅舅搬出去了，還是會默默在你身後給予你關心的
🚬🚬🚬",2026年4月9日 星期四 下午11:47,,,85000,544,3094,25000,https://www.threads.com/@7eleventw/post/DW8vl9sj8Gw,外甥的表情已經是救救不是舅舅,2026年4月10日 星期五 下午7:15,,,5187,0,3,49
dots_benny,https://www.threads.com/@dots_benny/post/DW6LyREEwYM,怎夾一次菜就轉一次？,2026年4月9日 星期四 下午7:25,,,21000,565,496,6429,https://www.threads.com/@7eleventw/post/DW8n3CQjyMv,我看過迴轉壽司，還沒看過迴轉涮涮鍋,2026年4月10日 星期五 下午6:08,,,8633,14,13,325
0325yixuan,https://www.threads.com/@0325yixuan/post/DW6lcRECeQJ,"大搞笑天兵又來了
冰箱裡有湯圓 +一碗湯
我以為是紅豆湯 就把他們一起拿去加熱
大吃一口
結果靠邀 那是當歸湯⋯⋯😵‍💫🤢🤮🫨",2026年4月9日 星期四 下午11:11,,,2434,157,32,566,https://www.threads.com/@7eleventw/post/DW7_pehj9Cq,"當歸湯圓
感覺不違和🥹",2026年4月10日 星期五 下午12:16,,,144,4,0,1
yuch._.annn0306,https://www.threads.com/@yuch._.annn0306/post/DWz-EuCEvXW,請誇我 第一次及格ㄋㄟ,2026年4月7日 星期二 上午9:29,,"May be an image of crossword puzzle, calendar and text",100000,3154,487,555,https://www.threads.com/@7eleventw/post/DW6GB1WD7OY,太棒了！很快就會考到711分！,2026年4月9日 星期四 下午6:34,,,976,2,5,4
weimeng_music,https://www.threads.com/@weimeng_music/post/DW393s7kS--,可以讓崴孟在一起嗎😊,2026年4月8日 星期三 下午10:44,,"May be an image of ocean, beach and text | May be an image of beach, ocean and text",29000,475,1700,8233,https://www.threads.com/@7eleventw/post/DW6FTHuD3eW,崴崴孟孟～一起去ㄙㄟ門🎵,2026年4月9日 星期四 下午6:27,,,202,0,2,22
ccj_com,https://www.threads.com/@ccj_com/post/DW3v87fiTaY,"⠀
⠀⠀
⠀⠀ ⠀
⠀⠀
Ig要出訪客紀錄的 你們這群暈船仔完蛋了
⠀ ⠀
⠀⠀
⠀⠀",2026年4月8日 星期三 下午8:42,,,51000,481,1474,4603,https://www.threads.com/@7eleventw/post/DW6Ct4vDzns,這時候你們會希望暈船對象跟我一樣，永遠都緩光臨,2026年4月9日 星期四 下午6:05,,,84,0,0,3
wufrans,https://www.threads.com/@wufrans/post/DW4AYeTkkWB,我50塊不見之後 我同事突然換了 iPhone 17 Pro，這時間點巧到讓我猶豫該報警還是直接問他。,2026年4月8日 星期三 下午11:06,,May be an image of money and text,28000,283,716,2600,https://www.threads.com/@7eleventw/post/DW6Cn7fD-ps,這個同事是無辜的，你應該懷疑那個吃了五顆茶葉蛋的同事！,2026年4月9日 星期四 下午6:04,,,653,5,0,2
kobestan,https://www.threads.com/@kobestan/post/DW4QLRyAc_Q,繳了一年足球課學費的成果發表,2026年4月9日 星期四 上午1:24,,,40000,358,1924,11000,https://www.threads.com/@7eleventw/post/DW6AiYWjzGM,沒關係有碰到球！,2026年4月9日 星期四 下午5:46,,,152,1,0,1
the_things_i_want_you_know,https://www.threads.com/@the_things_i_want_you_know/post/DW4CyRGgWtm,"我宣佈《脆上最講幹話小編》大賽
第一屆正式開始
選手如下",2026年4月8日 星期三 下午11:27,,,404,647,12,55,https://www.threads.com/@7eleventw/post/DW6AbyVjwfn,我沒什麼梗,2026年4月9日 星期四 下午5:45,,,94,5,0,1
tzrung_0911,https://www.threads.com/@tzrung_0911/post/DW5wHGrkv_m,中山大學贏爛了！猴子盪鞦韆,2026年4月9日 星期四 下午3:23,,,85000,866,3602,28000,https://www.threads.com/@7eleventw/post/DW6ASLyDyFw,不要讓猴子摸到書，它認真起來會考進來當你學弟,2026年4月9日 星期四 下午5:43,,,2632,4,0,35
pa_pa_520420_,https://www.threads.com/@pa_pa_520420_/post/DW48Ai8gdCw,"早安～～～～～～～～✨✨
那你們是嗎🤣🤣🤣",2026年4月9日 星期四 上午7:47,,May be an image of text that says '聊天愛用「~」 「~」 聊天愛用 波浪號肯定是溫柔的人？ 溫柔的人？ 一票網友點頭認證： 原網友點頭認證：台灣人標配 登：台灣人標面 台灣人標師',79000,6052,1419,16000,https://www.threads.com/@7eleventw/post/DW5lyKyD2xY,7~11~,2026年4月9日 星期四 下午1:52,,,4604,26,0,42
manmira630,https://www.threads.com/@manmira630/post/DW5H-MiGN76,"各位再見
這顆下去我應該會登出地球大概2小時",2026年4月9日 星期四 上午9:31,,"May be an image of dessert, rice, bagel and text",0,38,0,0,https://www.threads.com/@7eleventw/post/DW5bPqXjzn4,大人午安,2026年4月9日 星期四 下午12:20,,,32,1,0,0
smil.e0016,https://www.threads.com/@smil.e0016/post/DW5Nkedjx5u,"猜猜她是誰？
難度：0困難😂大家都太強了所以我決定放我擔這種0易難度的🤩讚8,518回覆109轉發48分享138",2026年4月9日 星期四 上午10:20,,"May be an image of one or more people, hair and text",,,,,https://www.threads.com/@7eleventw/post/DW5bLCSD5zB,"追蹤7eleventw已驗證 更多有人call我的品牌大使嗎讚5,093 轉發分享20",2026年4月9日 星期四 下午12:19,,,,,,
hank.taiwan,https://www.threads.com/@hank.taiwan/post/DW3aq5Yk3Y8,已編輯更多,2026年4月8日 星期三 下午5:36,,,0,0,0,0,https://www.threads.com/@7eleventw/post/DW46cU4Emkt,追蹤7eleventw已驗證 更多50顆7-11茶葉蛋+50罐麥香讚315 轉發分享,2026年4月9日 星期四 上午7:33,,,,,,
clothing0_4,https://www.threads.com/@clothing0_4/post/DW4fXnrErMk,救救我們失眠的人吧😭 1/2讚76回覆96轉發分享1,2026年4月9日 星期四 上午3:36,,,,,,,https://www.threads.com/@7eleventw/post/DW4lJHbk5jY,追蹤7eleventw已驗證 原作者說讚更多試試看這個讚45 轉發分享1,2026年4月9日 星期四 上午4:27,,May be an image of durian and text,,,,
byron__0719,https://www.threads.com/@byron__0719/post/DW3wPbOj85C,追蹤byron__0719出軌 更多跟我說去上班 結果在公園偷吃 你很屌？ 已靜音讚8.2 萬回覆845 分享1.3 萬,2026年4月8日 星期三 下午8:45,,,,,,,https://www.threads.com/@7eleventw/post/DW4kaftE2zZ,"追蹤7eleventw已驗證 原作者說讚更多不好意思，這個是演的還是真的？讚7,163 轉發1",2026年4月9日 星期四 上午4:21,,,,,,
sherryluerr,https://www.threads.com/@sherryluerr/post/DW4RXLoE7Gt,"可以幫我取一個，在韓國不奇怪
但台灣人會發現是自己人的名字嗎？讚2.9 萬回覆6,470轉發242分享4,161",2026年4月9日 星期四 上午1:34,,,,,,,https://www.threads.com/@7eleventw/post/DW4i3GVk5va,"追蹤7eleventw已驗證 更多安心取讚8,049 轉發2",2026年4月9日 星期四 上午4:07,,,,,,
andrew_100403,https://www.threads.com/@andrew_100403/post/DW0ycmqj90b,"day2
最常去的便利商店 1/27-1186%全家14%1,401票 · 票選活動已結束讚111回覆55轉發分享3",2026年4月7日 星期二 下午5:06,,,,,,,https://www.threads.com/@7eleventw/post/DW34WG1D2FM,追蹤7eleventw已驗證 原作者說讚更多😘讚78 轉發1分享,2026年4月8日 星期三 下午9:55,,May be a meme of text that says 'andrew_ 100403 andrew_1004031 1天 每天做一個終極二選一 + day2 ලි 最常去的便利商店1 1/2 7-11 ELEVEN 86%',,,,
hawk.1600129,https://www.threads.com/@hawk.1600129/post/DW1pCS7kyOc,"追蹤hawk.1600129 更多一句話證明你看過海賊王讚6,269 轉發59",2026年4月8日 星期三 上午1:03,,,,,,,https://www.threads.com/@7eleventw/post/DW335lUjxFB,我還是要吃這一口7-11🍙」讚49回覆1轉發分享,2026年4月8日 星期三 下午9:52,,,,,,
hannah0308_,https://www.threads.com/@hannah0308_/post/DW27PTHAIV9,"追蹤hannah0308_ 更多無論推開小狗多少次，小狗都會撲向你😭💕已靜音讚1.8 萬回覆101 分享1,691",2026年4月8日 星期三 下午1:02,,,,,,,https://www.threads.com/@7eleventw/post/DW33VsLjxgu,ㄉㄨㄞ！ㄉㄨㄞ！ㄉㄨㄞ！讚349回覆轉發分享3,2026年4月8日 星期三 下午9:47,,,,,,
hzxinny,https://www.threads.com/@hzxinny/post/DW1fUAzga5g,"追蹤hzxinny 更多給你們看看我的雷霆作文 讚11 萬回覆3,054轉發1.5 萬分享8.0 萬",2026年4月7日 星期二 下午11:38,,"May be an image of blueprint, calendar, crossword puzzle and text that says '脊 像 今 天 po 仰 的 像 眼 尺 住 認 亮 战 필 的 成 不 善 於 聲 經 也 還 大 과] 的 迷 等 大 型 麺 獻 應 到 是 ង 覺 得 伦 話 說 新 就 3 頓 伴 時 麽 他 沉 且 許 ES 在 地 打 那 I 你 待 明 澳 媽品 的 發 那 但 都 別 媽 媽 當 都 然 說 如 走 果 丟 ब 應 以 該 待 在 原 也 炭 記 為 萬 步 的 辦 想 和 的 眼'",,,,,https://www.threads.com/@7eleventw/post/DW31sqhD-zh,追蹤7eleventw已驗證 更多留當當看 當當當讚688 轉發分享1,2026年4月8日 星期三 下午9:32,,,,,,
hzxinny,https://www.threads.com/@hzxinny/post/DW269oHAJVE,"追蹤hzxinny 更多看完我的雷霆作文 再給你們看我上課畫的麥香！ 讚12 萬回覆577 分享2,987",2026年4月8日 星期三 下午12:59,,"May be an image of wafer, carton, milk and text",,,,,https://www.threads.com/@7eleventw/post/DW31K-nD74e,追蹤7eleventw已驗證 更多這是麥dear friend 回覆2轉發分享3,2026年4月8日 星期三 下午9:28,,,,,,
isaaaa.aaaak,https://www.threads.com/@isaaaa.aaaak/post/DW3Odw3FKmg,沒騎過鴿子說,2026年4月8日 星期三 下午3:50,,"May be an image of penguin, segway, parking meter, scooter, street, curb and text",62000,634,1390,8358,https://www.threads.com/@7eleventw/post/DW3xSpyD65B,努估誰唷🐦,2026年4月8日 星期三 下午8:54,,,1478,0,3,21
ce2_2l,https://www.threads.com/@ce2_2l/post/DW3jZrsmNxF,今天不聽勸，🐭意堅決，晚安世界。,2026年4月8日 星期三 下午6:52,,"May be a black-and-white image of croquette, pie, cutlet, bread, wafer, soy sauce, seaweed and text",39000,337,650,3252,https://www.threads.com/@7eleventw/post/DW3vpZoD16X,晚安了大人,2026年4月8日 星期三 下午8:39,,,413,1,0,1
laye.rlab,https://www.threads.com/@laye.rlab/post/DW0QFWNkVk5,"如果明天就是芥末日，
你會對自己說些什麼？",2026年4月7日 星期二 下午12:06,,,53,146,3,2,https://www.threads.com/@7eleventw/post/DW3lgTPD63B,來一口芥末鬆餅 阿姆阿姆,2026年4月8日 星期三 下午7:11,,"May be an image of chiffon cake, durian, wafer, pancake, cornbread and text",30,2,1,0
xu_122.0,https://www.threads.com/@xu_122.0/post/DW3QG7JlLeN,"
7-11有人在冒充你詐騙😭😭",2026年4月8日 星期三 下午4:04,@7eleventw,,0,1,0,0,https://www.threads.com/@7eleventw/post/DW3eBngj4W9,小編有在主頁宣導~請大家勿點擊來路不明連結,2026年4月8日 星期三 下午6:05,,,4,0,0,0
aqara.taiwan,https://www.threads.com/@aqara.taiwan/post/DW3Y4DpmRze,大家是什麼契機成爲小編的,2026年4月8日 星期三 下午5:20,,,228,565,3,8,https://www.threads.com/@7eleventw/post/DW3cTzhj-Ll,就是...打開人力銀行網站應徵統一超商,2026年4月8日 星期三 下午5:50,,,177,3,1,1
jung0110,https://www.threads.com/@jung0110/post/DW0u0wgD30D,"我的一年級孩子
她堅持褲子的造句是可以的🤷‍♀️",2026年4月7日 星期二 下午4:35,,"May be an image of ‎blueprint, ticket stub, crossword puzzle and ‎text that says '‎個色 分 共 15 뽀은 門開筒 梁中 案 再天 各 自 詞 他康前 伊号 格裝 2 分号 かり 能 的 請き 我 造 起、 回を 彩素 色公 1. (2) 六多 七」 2. - (2) (1) 造 春 句 山 のい 5 = اك 雨~ : 7 是 分5 什子 麼ら 望關 (1) ر 草士 地 本十 김 Tt 我を 合長 照 樣天 每 是 是 什弓 什号 麽空 麽吃 حا 人 分 九 L 수ㄱ X ? ب 了 っせ ب 了 む‎'‎‎",3329,94,126,875,https://www.threads.com/@7eleventw/post/DW3bSsZD0yd,ㄙㄟ門的咖啡也有不同ㄙㄞˋㄙ˙,2026年4月8日 星期三 下午5:42,,,116,1,1,0
douna._.zetta,https://www.threads.com/@douna._.zetta/post/DWzDButEoOz,"我同時發佈了兩個型態的我，你被分配到的是貝斯惡魔
劇透",2026年4月7日 星期二 上午12:53,,May be an image of sword and text,14000,146,245,646,https://www.threads.com/@7eleventw/post/DW3bAZwj7vK,好怪再看711眼，越看越愛😍,2026年4月8日 星期三 下午5:39,,,42,0,0,0
17187kao,https://www.threads.com/@17187kao/post/DWykQxAk9Dh,我跟五歲女兒一起合作的一支影片,2026年4月6日 星期一 下午8:24,,May be an image of text that says 'Just Playing AFilmbyLily&Armin A Film by Lily & Armin (Age5 5)',23000,333,1104,1855,https://www.threads.com/@7eleventw/post/DW3awwpD7w-,從午餐一路睡到早菜，他在外面一定吃了三顆麻油雞飯糰,2026年4月8日 星期三 下午5:37,,,81,0,0,1
yuxh_3,https://www.threads.com/@yuxh_3/post/DW0q0gdkWQG,脆還是一個充滿信任的軟體...對吧？,2026年4月7日 星期二 下午4:00,,May be a black-and-white image of text | May be a black-and-white image of text,36000,319,435,192,https://www.threads.com/@7eleventw/post/DW3abngj9qJ,那可布一定,2026年4月8日 星期三 下午5:34,,"May be an image of egg yolk, butter, ointment, condiment, hand cream and text | May be an image of dessert and text",4602,16,10,12
rameneater69,https://www.threads.com/@rameneater69/post/DW0IoxQk59d,"看了20幾年的這隻Keroro
多謝他的主人放了那麼久在窗邊
從小搭捷運- 每次看到都會笑著 - 到現在都也會
希望主人可以身體健康快快樂樂一直把Keroro放在窗邊
謝謝給了那麼多年的快樂🎊",2026年4月7日 星期二 上午11:01,,"May be an image of fire escape, skyscraper, window, buildings and text | May be an image of fire escape, buildings, window and text",10000,180,315,910,https://www.threads.com/@7eleventw/post/DW3aPcvDx2_,文湖線上的Always OPEN,2026年4月8日 星期三 下午5:32,,"May be an image of owl, toy, curtains, display case, window and text",164,0,2,0
j_annn_e_,https://www.threads.com/@j_annn_e_/post/DW3Yx2-Ew62,"
好 我明天晚餐就吃這個了",2026年4月8日 星期三 下午5:20,@7eleventw,,1,1,0,0,https://www.threads.com/@7eleventw/post/DW3aM-7j6zE,也不要一下子吃太多~會很飽,2026年4月8日 星期三 下午5:32,,,3,1,0,0
izumi.hasunuma,https://www.threads.com/@izumi.hasunuma/post/DW0YxvNkboF,"超北七
新工作硬要我取一個英文名，偏偏我就沒有
前輩說沒關係你現在上網找一個
然後我就看到這個「Ula」
心想讚哦是烏薩奇的叫聲
於是決定叫這個名字，反正就登記一下英文名
結果沒想到他們內部都用英文名互叫
然後就一直聽到
嗚啦你$$%^
嗚啦這邊#%^
總之現在上班會一直聽到嗚啦🤣🤣🤣🤣🤣",2026年4月7日 星期二 下午1:22,,May be a Twitter screenshot of text that says 'ELSA 立即註冊 Irınity 二位一痘， 二痘，仰行生比市 仲 特生心市 聖 女生英文名字U 文名字 意義 Ula 中文名字 海之明珠 烏拉 Ulyssa 智慧、聰明 智意 聰明 Uma 尤莉莎 典雅、尊 典雅、尊貴烏瑪 尊貴 烏瑪 Unity 團結、 團結、和諧 和諧 Ursula 尤妮蒂 小而强壯的熊烏蘇拉 小而强壯的熊 烏蘇拉 女生英文名字V 英文名字 意義 中文名字',26000,351,748,10000,https://www.threads.com/@7eleventw/post/DW3aESQD_eX,蛤（手交叉）,2026年4月8日 星期三 下午5:31,,,23,0,0,0
9czny_,https://www.threads.com/@9czny_/post/DW0XJgHk8N-,幹 昨天跟我爸吵架 我氣得奪門而出 我爸叫我把門還給他,2026年4月7日 星期二 下午1:08,,,48000,589,1600,4785,https://www.threads.com/@7eleventw/post/DW3Z-jrj6nL,看你的留言區也算是一種求助無門,2026年4月8日 星期三 下午5:30,,,399,3,0,3
candice__felicita,https://www.threads.com/@candice__felicita/post/DW2sJ3uk7pB,"
想問預定之後大概什麼時候可以拿",2026年4月8日 星期三 上午10:50,@7eleventw,,1,1,0,0,https://www.threads.com/@7eleventw/post/DW2slevD8Pa,4/15預購 4/18取貨💛,2026年4月8日 星期三 上午10:53,,,7,1,0,3
sty918005,https://www.threads.com/@sty918005/post/DWyRNfJjDgN,狗狗,2026年4月6日 星期一 下午5:39,,,0,0,0,0,https://www.threads.com/@7eleventw/post/DW2cgEWjy67,拍攝者不救桌子🥲🥲？,2026年4月8日 星期三 上午8:33,,,813,3,0,8
bt_560_coc,https://www.threads.com/@bt_560_coc/post/DW1A6i_kj9c,我要來炫耀一下我爸爸幫我做的可愛小餐桌,2026年4月7日 星期二 下午7:13,,"May be an image of kitchen island, sink, range hood, table, countertop, dining table, kitchen table, indoors, kitchen and text | May be an image of sink, range hood, countertop, indoors, kitchen and text",47000,849,777,8142,https://www.threads.com/@7eleventw/post/DW2cQNVD2Pa,前兩張真的很不錯！,2026年4月8日 星期三 上午8:31,,,226,7,0,0
tyyyyyy_8070,https://www.threads.com/@tyyyyyy_8070/post/DW1hK1tE3lV,目前快餓死了 預算100元 在7-11能買什麼,2026年4月7日 星期二 下午11:54,,,322,184,2,3,https://www.threads.com/@7eleventw/post/DW1jRM1j__k,10顆 7-11茶葉蛋,2026年4月8日 星期三 上午12:13,,,573,28,0,6
jaso.n0905,https://www.threads.com/@jaso.n0905/post/DWqhxKNGVBh,"來蓋個樓：交出你threads流量最高的串文/回覆
我先來：",2026年4月3日 星期五 下午5:28,,,11000,4297,179,264,https://www.threads.com/@7eleventw/post/DW1hkW-DwVo,"那魯ㄙㄟ門
7eleventw
2026-1-1
那魯 one
那魯 two
那魯灣 的 seven eleven",2026年4月7日 星期二 下午11:58,,No photo description available.,13,1182,1,6035
hopdog123,https://www.threads.com/@hopdog123/post/DW1XYPCj09l,"
這是真的711小編？！",2026年4月7日 星期二 下午10:29,@7eleventw,,24,2,0,0,https://www.threads.com/@7eleventw/post/DW1Y8G6j5uY,緩 光臨~,2026年4月7日 星期二 下午10:43,,,42,0,0,0
magic.guy_soza46,https://www.threads.com/@magic.guy_soza46/post/DW0gneKERip,如果帥是種罪，我會被判多重,2026年4月7日 星期二 下午2:30,,"May be an image of standing and text | May be an image of wingtip shoes, skateboard and text | May be an image of text",7464,2163,131,10000,https://www.threads.com/@7eleventw/post/DW1XAJzjwEk,"這帥度若非要加上期限
我希望是一萬年",2026年4月7日 星期二 下午10:26,,,802,10,0,37
_zhijjj,https://www.threads.com/@_zhijjj/post/DW0743eE0aL,我弟超白爛 有陀螺盤他就不知道怎麼玩的 發射到我的辣椒醬油裡面 不給它暫停沒事 一壓給我噴的到處都是 只差沒給他掰蕊 真的會火大 短期內他是沒機會再碰到戰鬥陀螺了,2026年4月7日 星期二 下午6:32,,,36000,459,1632,14000,https://www.threads.com/@7eleventw/post/DW1WpFZjysQ,烈焰飛鳳 大絕招,2026年4月7日 星期二 下午10:22,,,447,1,1,7
fc__6688,https://www.threads.com/@fc__6688/post/DW1JqquFHcu,這是法鬥還是河馬🦛❓,2026年4月7日 星期二 下午8:29,,"May be an image of elephant seal, rhinoceros, walrus, seal, sea lion, harbor seal, otter and text",11000,136,319,3152,https://www.threads.com/@7eleventw/post/DW1Wjudj1FV,岀淤泥而全身塗抹均勻的 法鬥,2026年4月7日 星期二 下午10:22,,,1769,0,3,94
vsop6868,https://www.threads.com/@vsop6868/post/DW1HBqPE2RZ,已讀亂誇 你們的男友也會這樣嗎🤣,2026年4月7日 星期二 下午8:06,,"May be a cartoon of slow loris, pie and text that says 'ಭ್ 寶寶 寶我的捲髮棒在哪裡 ဘဏ 已讀 晚上7：59 晚上7：58 是在靠北 జో 棒在跟你氣質特別搭 晚上7：59 我是問你我的捲髮棒 在哪裡 285 我是問你我的捲髮棒在哪裡哦 晚上7：59'",52000,172,862,10000,https://www.threads.com/@7eleventw/post/DW1WaOvD-hK,已讀亂回不是脆友基本功嗎？😂😂😂,2026年4月7日 星期二 下午10:20,,,346,0,0,1
hopdog123,https://www.threads.com/@hopdog123/post/DWyrClGD7sW,假裝要摸貓,2026年4月6日 星期一 下午9:23,,,59000,544,2032,6928,https://www.threads.com/@7eleventw/post/DW1TYgkjz1p,這是我看過最虐心的影片,2026年4月7日 星期二 下午9:54,,,9240,5,1,121
920_yao._.0214,https://www.threads.com/@920_yao._.0214/post/DW0M26YEdh-,7-11有什麼200塊以內 吃得飽的神仙吃法,2026年4月7日 星期二 上午11:38,,,8843,682,48,291,https://www.threads.com/@7eleventw/post/DW1CfkdDy42,20顆7-11茶葉蛋,2026年4月7日 星期二 下午7:26,,,30000,188,92,645
tbc.0624,https://www.threads.com/@tbc.0624/post/DWvNlPzFEXd,7-11,2026年4月5日 星期日 下午1:08,,,0,0,0,0,https://www.threads.com/@7eleventw/post/DW1CbkOj_od,"布丁 岀 布布
王子麵應該是 王王麵吧？
好冷",2026年4月7日 星期二 下午7:26,,,139,3,1,2
bubuisme0515,https://www.threads.com/@bubuisme0515/post/DWzx6uaE0fg,"有脆友的店是在這四張地圖裡嗎？
我可以去光顧🤣🤣🤣",2026年4月7日 星期二 上午7:42,,"May be an image of phone, map, screen, radar and text that says '子品 439 井邱 ※邱厝子主 ON 100 在這裡搜尋 健行路 1al 吃到飽 吃到飽 宮原眼科 眼科 壹中樂成宫早 吃到飽 นาย 早溪觀光夜市 क KPИHAP 北區 x 路線司商家指南 路線 商家指南 儲存 分享 0' | May be an image of map, radar, screen and text | May be an image of phone, map, radar and text that says '在這裡搜尋 4醫廳白外帶 ۶۶ 智廳 台 外帶 （＠臺中綠美国） ធ 白購物 購物 ロ \o예 W @張型 中中央公園 西屯區 西屯工業區 北屯區 來厝 5 ποσά 大業路 麻風 麻国頭 国立自然科學博物館 店 中公園 警論 中區 Google1Map's Maps 國立中興大學 北區 彩酸限所 5 24° 10 05 AQI 擦索 個人中心 中心 個人 貢獻 商家' | May be an image of map, screen, radar and text",164,204,3,8,https://www.threads.com/@7eleventw/post/DW1AwnZj-Lt,一張圖應該有20家我,2026年4月7日 星期二 下午7:11,,,19,2,0,0
waiting_for_94,https://www.threads.com/@waiting_for_94/post/DW0sPclEg_0,是時候展現真正的實力了,2026年4月7日 星期二 下午4:12,,May be an image of yoga and text,260000,2729,8263,67000,https://www.threads.com/@7eleventw/post/DW09_txD765,"難道這就是江湖上失傳的
輕公園上漂",2026年4月7日 星期二 下午6:47,,,16000,8,18,386
zyyyy_.413,https://www.threads.com/@zyyyy_.413/post/DWyHzA3kjbF,如果我變成數學你還會愛我嗎,2026年4月6日 星期一 下午4:15,,,4492,71,395,2295,https://www.threads.com/@7eleventw/post/DW0tMHpD5Mo,"數學，你說我嗎？
7-11等於幾？",2026年4月7日 星期二 下午4:20,,,86,6,0,0
yuu._.buji,https://www.threads.com/@yuu._.buji/post/DW0Fj6aEvPV,陪媽媽玩打地鼠🤣,2026年4月7日 星期二 上午10:39,,,11000,62,327,1440,https://www.threads.com/@7eleventw/post/DW0rtjlj6En,地鼠那麼可愛是可以的嗎？😍,2026年4月7日 星期二 下午4:07,,,1071,2,0,3
benben100000000,https://www.threads.com/@benben100000000/post/DWyAO3VgTnN,等等… 四的筆畫不是這樣嗎！？,2026年4月6日 星期一 下午3:09,,,2472,711,18,534,https://www.threads.com/@7eleventw/post/DW0kJ3cj78H,布四這樣,2026年4月7日 星期二 下午3:01,,,170,2,0,2
yierqiu,https://www.threads.com/@yierqiu/post/DWz2EgHEicR,"來來～別客氣☺️請脆友們吃
jack.beeri",2026年4月7日 星期二 上午8:19,,,515,309,40,2558,https://www.threads.com/@7eleventw/post/DW0eoRYD-7O,比豬血糕奶茶邪惡…,2026年4月7日 星期二 下午2:13,,,87,4,1,8
proculture1968,https://www.threads.com/@proculture1968/post/DW0a58DGvm3,我殼都還沒撥啊,2026年4月7日 星期二 下午1:40,,"May be an image of puffball mushroom, gourd and text",187,151,4,1,https://www.threads.com/@7eleventw/post/DW0d-NrD73h,滿頭蛋汗,2026年4月7日 星期二 下午2:07,,,99,1,0,2
sofina0502,https://www.threads.com/@sofina0502/post/DWwT8zIAdzZ,"花$420買驚喜口味
打開以為是原味（氣到敲桌）
後來看到側邊發現不對勁
結果是三色豆口味………💀💀💀
亞尼克 我恨你。
吃起來是玉米濃湯的味道",2026年4月5日 星期日 下午11:23,,"May be an image of cake, cheesecake and text",14000,584,264,11000,https://www.threads.com/@7eleventw/post/DW0dSEOD3bk,突然覺得豬血糕奶茶很友善了,2026年4月7日 星期二 下午2:01,,,149,1,0,3
7lhn.__,https://www.threads.com/@7lhn.__/post/DWxanT_k2CD,壓力大就往鼻子下的器官塞點動物屍體,2026年4月6日 星期一 上午9:40,,,50000,460,2640,6527,https://www.threads.com/@7eleventw/post/DW0dK3dD1ma,好像也不能說你錯⋯但我還是覺得我今天網路用量太多了,2026年4月7日 星期二 下午2:00,,,127,1,0,2
doubleshihshih,https://www.threads.com/@doubleshihshih/post/DWy5D_DE3P-,我要為你倒進狂熱,2026年4月6日 星期一 下午11:26,,May be an image of signboard and text that says '當天素| 富 空的 地蔬乾 乾的',75000,1117,5073,30000,https://www.threads.com/@7eleventw/post/DW0dGbej6X0,我要為你Always OPEN,2026年4月7日 星期二 下午2:00,,,3765,10,1,39
pjnt_._,https://www.threads.com/@pjnt_._/post/DWq52nkCTMH,,2026年4月3日 星期五 下午8:59,,,0,0,0,0,https://www.threads.com/@7eleventw/post/DW0dBEvD_ox,我們懂你，Peyz跟小熊餅乾絕配,2026年4月7日 星期二 下午1:59,,,110,2,0,1
ywelxhzyc,https://www.threads.com/@ywelxhzyc/post/DWwVGpykyun,Taiwan Orange pro,2026年4月5日 星期日 下午11:33,,,190000,1307,12000,28000,https://www.threads.com/@7eleventw/post/DW0c9BZj7St,下一橘揪我,2026年4月7日 星期二 下午1:58,,,211,2,0,7
abbychenn_,https://www.threads.com/@abbychenn_/post/DWx7PmdlVsB,"原本4/5就要過期的春上布丁蛋糕
我把它帶來美國，等於可以多吃一天
我怎麼那麼聰明😆",2026年4月6日 星期一 下午2:25,,"May be an image of oatmeal cookies, book, wafer, bed and text",32000,255,270,2220,https://www.threads.com/@7eleventw/post/DW0c1RBD5iI,留友看時空旅行者,2026年4月7日 星期二 下午1:57,,,7154,4,9,87
fish0322_,https://www.threads.com/@fish0322_/post/DWxjH42kvqJ,"你們有沒有那種長得很標準的東西
我先：很荷包蛋的荷包蛋",2026年4月6日 星期一 上午10:55,,May be an image of egg yolk and text,60000,1227,816,1185,https://www.threads.com/@7eleventw/post/DW0cvJFj8tx,我們有很玉米的玉米,2026年4月7日 星期二 下午1:56,,May be an image of steamer and text,50,0,0,0
oone.x,https://www.threads.com/@oone.x/post/DWyp2pdExM8,"我快笑死
因為我爸不讓貓上床
所以我妹就在照片左下角打ai生成",2026年4月6日 星期一 下午9:13,,"May be an image of sleeping, ragdoll cat, kitten and text that says '妹妹2 AI生成 晚上9:10'",58000,123,1290,4180,https://www.threads.com/@7eleventw/post/DW0cbV7j4bm,這一步連AI都想不到🤯,2026年4月7日 星期二 下午1:54,,,282,0,0,3
cheng___hung,https://www.threads.com/@cheng___hung/post/DWv-vAbCASv,謝謝你，我的起司超人,2026年4月5日 星期日 下午8:18,,,27000,170,497,2449,https://www.threads.com/@7eleventw/post/DW0cMtqD5NP,真拿沒關係，記得下次來小七買一包給弟弟,2026年4月7日 星期二 下午1:52,,,42,0,0,0
kerwin7l3,https://www.threads.com/@kerwin7l3/post/DWwYWl1D0-V,老子不消費一下真當我是窮人啊,2026年4月6日 星期一 上午12:01,,"May be an image of ramen, noodles, pork, chopsticks, sausage and text",78000,3190,1675,8086,https://www.threads.com/@7eleventw/post/DW0JwhPj_gM,你這差距和大家差太多了,2026年4月7日 星期二 上午11:11,,,1993,2,0,2
bed2rich,https://www.threads.com/@bed2rich/post/DWwQ4tlAXpL,我真的快笑死！！一回到家看到我家的貓在按摩 到底是怎麼自己開的🤣🤣🤣,2026年4月5日 星期日 下午10:56,,"May be an image of sleeping, kitten and text",8790,62,249,1406,https://www.threads.com/@7eleventw/post/DWz8z8_DwhF,"英文名：Chill
台語名：鬆快",2026年4月7日 星期二 上午9:18,,,550,2,0,11
jennifer.01.28,https://www.threads.com/@jennifer.01.28/post/DWyWlJHiejV,"布布
劇透
劇透
劇透",2026年4月6日 星期一 下午6:24,,"May be an image of milk and text that says '4IA LA 824820 10088 統一死了 我一痛子 万 统 ባውር NI-PRESIDENT か業即） 我一 な SAO 有效禁 INTEKPRISES P CORP aa 布布' | May be an image of dessert, durian, mango and text that says '喇布布' | May be an image of dessert, mango, durian, smoothie and text that says '逼逼喇布'",10000,66,401,3353,https://www.threads.com/@7eleventw/post/DWz4AOHj8sa,網友創意無極限😂😂,2026年4月7日 星期二 上午8:36,,,837,2,0,3
garrfisher99,https://www.threads.com/@garrfisher99/post/DWx_tVVDyXu,全家出的香菜熱狗,2026年4月6日 星期一 下午3:04,,"May be an image of hotdog, sausage, salami and text that says 'EL ELEVEN E En'",8260,174,34,484,https://www.threads.com/@7eleventw/post/DWyXfEuDxg1,"沒關係
迷路的人
最後都會走到7-11🙂",2026年4月6日 星期一 下午6:32,,,5467,7,2,11
__helenka__,https://www.threads.com/@__helenka__/post/DWwSQvADVW_,,2026年4月5日 星期日 下午11:08,,,0,0,0,0,https://www.threads.com/@7eleventw/post/DWyOYbSj6Tr,不像上下班時的我😅,2026年4月6日 星期一 下午5:13,,,1807,4,0,19
kekejiayin,https://www.threads.com/@kekejiayin/post/DWxlR77gaAj,現在句子那麼難造嗎？,2026年4月6日 星期一 上午11:13,,May be an image of crossword puzzle and text,3072,508,16,177,https://www.threads.com/@7eleventw/post/DWyAzY-D9DL,"Threads上充斥著
一堆比我還會過生活的人🙂",2026年4月6日 星期一 下午3:14,,,2733,4,1,2
money_94134,https://www.threads.com/@money_94134/post/DWx4SCWkuBW,"來～突擊檢查 ！🫵🏻
相簿裡最近一張照片🌸",2026年4月6日 星期一 下午1:59,,,606,1216,3,13,https://www.threads.com/@7eleventw/post/DWx_Rb5j93Y,布丁與布布🫶,2026年4月6日 星期一 下午3:01,,"May be an image of dessert, smoothie, juice, mango and text",104,4,1,0
ju_ju_chung,https://www.threads.com/@ju_ju_chung/post/DWxus9xCRon,請跟我說一件比明天上班還要可怕的事,2026年4月6日 星期一 下午12:36,,,335,256,2,16,https://www.threads.com/@7eleventw/post/DWx_DUcj7Bk,站上體重機數字+2,2026年4月6日 星期一 下午2:59,,,149,3,0,1
gu_920o,https://www.threads.com/@gu_920o/post/DWxx6kAExE2,"看過我最醜一面的人
爸媽❎
外送員❎
手機face ID✅",2026年4月6日 星期一 下午1:04,,,41000,86,1103,468,https://www.threads.com/@7eleventw/post/DWx-shxj9HJ,樓下的小七店員✅,2026年4月6日 星期一 下午2:56,,,11000,16,17,71
6membersfamily,https://www.threads.com/@6membersfamily/post/DWwLW0cj6iA,"這7-11真的誇張…..不說不行
這次高雄交流賽🏟️
遇到4/4大雷雨⛈️
在成功二路正勤路口的 #正成門市 前多雨
想不到店長竟然主動邀請小朋友到店裏避雨❤️
還贊助兩箱飲料🥤
這就是高雄的熱情🔥",2026年4月5日 星期日 下午10:08,,"May be an image of child, softball, baseball, scooter, wheelchair and text | May be an image of one or more people, people playing baseball and text | May be an image of carton, hospital and text",57000,304,421,309,https://www.threads.com/@7eleventw/post/DWxjquSjwj5,"謝謝你的分享🥹❤️
這份溫暖我們已轉達給門市
也謝謝夥伴在那場雨裡
多做了一點點，讓世界更暖☔️",2026年4月6日 星期一 上午10:59,,,6737,7,6,6
yuaon_1004,https://www.threads.com/@yuaon_1004/post/DWvMZ2MkybG,"有一個朋友姓鄭 如果想要陽光一點的名字
可以叫什麼？？
-
-
鄭中午🫪💅",2026年4月5日 星期日 下午12:58,,,7293,371,148,1439,https://www.threads.com/@7eleventw/post/DWxhWTuj9pW,鄭在High,2026年4月6日 星期一 上午10:39,,,221,0,0,2
anime_521_,https://www.threads.com/@anime_521_/post/DWvzhqEEneJ,欸說真的 我真的不懂為什麼會有人去女菩咖啡廳,2026年4月5日 星期日 下午6:39,,,43000,3076,2830,20000,https://www.threads.com/@7eleventw/post/DWxff30j_g2,喝咖啡啊，不然勒？,2026年4月6日 星期一 上午10:23,,,115,1,0,0
chun0318,https://www.threads.com/@chun0318/post/DWwRJN2gbN_,"
🙋去7-11算嗎",2026年4月5日 星期日 下午10:58,@qiang_ni21.wang,,1,2,0,0,https://www.threads.com/@7eleventw/post/DWxfSDtD4iw,"你去7-11的一小步
是我們的一大步",2026年4月6日 星期一 上午10:21,,,5,0,0,0
kiay556611,https://www.threads.com/@kiay556611/post/DWuyaerD6sn,"教你們怎麼把女生約出來？
劇透",2026年4月5日 星期日 上午9:10,,May be an image of text that says '我請你吃飯 出來玩 不了， 不了，最近在減肥 別人減肥是因爲胖了不好看 你本來就不好看 幹嘛減肥？ 你現在在哪？？',71000,1069,1207,10000,https://www.threads.com/@7eleventw/post/DWxc7Zwj8Qv,這樣不行啦,2026年4月6日 星期一 上午10:00,,,2604,6,3,22
nini99588_,https://www.threads.com/@nini99588_/post/DWvTQOUkX7P,"出房間看到這個臉⋯
是不是出了什麼大事是我還沒發現的⋯🧐🧐🤨",2026年4月5日 星期日 下午1:57,,May be an image of text,29000,520,363,4365,https://www.threads.com/@7eleventw/post/DWxWJwOD61w,"這種臉不是做錯事
是「事情已經發生了」🙂",2026年4月6日 星期一 上午9:01,,,6065,11,0,55
1l1c3_,https://www.threads.com/@1l1c3_/post/DWtolDSk3pT,第一次遇到社恐的車,2026年4月4日 星期六 下午10:25,,May be an image of sedan and text,100000,1804,3678,30000,https://www.threads.com/@7eleventw/post/DWxTCQYD0Cg,角落小夥車,2026年4月6日 星期一 上午8:34,,,5895,3,19,59
chengchen2911,https://www.threads.com/@chengchen2911/post/DWv2bBXmdOm,"用一段話介紹你偶像
不提到名字 讓大家都知道是誰",2026年4月5日 星期日 下午7:05,,,10000,4124,137,404,https://www.threads.com/@7eleventw/post/DWw7TFwk9xX,"7-11品牌大使
周 子 瑜！",2026年4月6日 星期一 上午5:07,,,611,4,0,6
qq1025albert,https://www.threads.com/@qq1025albert/post/DWv28bTE-xB,召喚711小編(⊙o⊙),2026年4月5日 星期日 下午7:09,,"May be an image of cash machine and text that says 'ELEV ELEVEN ® R' | May be an image of egg yolk, durian and text",463,8,2,10,https://www.threads.com/@7eleventw/post/DWv53uMD11j,,2026年4月5日 星期日 下午7:35,,,290,3,0,2
gregasahi,https://www.threads.com/@gregasahi/post/DWu-s9LgXO-,"
所以一家小七跟一台大七哪個比較貴？",2026年4月5日 星期日 上午10:58,@7eleventw,,2,1,0,0,https://www.threads.com/@7eleventw/post/DWvuB1iD5mA,小七,2026年4月5日 星期日 下午5:51,,,7,0,0,0
_chq._.0301_,https://www.threads.com/@_chq._.0301_/post/DWvjexmgRlA,"
7-11",2026年4月5日 星期日 下午4:19,@7eleventw,May be a Twitter screenshot of text that says '7eleventw7小時 7eleventw 7小時 ELEVED + 我發現把成語的「小換成「大」 「大」 我發現把成語的 「小」換成「大」 「小」 換成 換成「大」 會有一種 很厲害但不知道在厲害什麽的感覺 රි 大七最棒 711 76 CJ2 8',15,1,0,0,https://www.threads.com/@7eleventw/post/DWvt6ijj5iv,lucky7,2026年4月5日 星期日 下午5:50,,,19,0,0,0
murasagi_cafe,https://www.threads.com/@murasagi_cafe/post/DWu7_qNkoF7,台灣有哪個系不會被勸「快逃」,2026年4月5日 星期日 上午10:34,,,3828,96,15,60,https://www.threads.com/@7eleventw/post/DWvmMlhD1SS,斯巴拉系,2026年4月5日 星期日 下午4:43,,,308,3,0,0
da_capo_aria_14,https://www.threads.com/@da_capo_aria_14/post/DWtCml1D-2V,"對不起
我在讀書、寫題目、做報告、跟滑手機之間
選擇想你",2026年4月4日 星期六 下午4:53,,,4600,19,279,1230,https://www.threads.com/@7eleventw/post/DWvmHaxD1Rc,"對不起
我在布丁、丁布、咘布、跟丁丁之間
選擇豬血糕",2026年4月5日 星期日 下午4:42,,,438,8,3,5
wen_wen416,https://www.threads.com/@wen_wen416/post/DWrYWNSGYRD,姓紀的孩子可以取什麼？紀念品、紀生蟲、紀得吃還有咧？,2026年4月4日 星期六 上午1:25,,,102,203,2,7,https://www.threads.com/@7eleventw/post/DWvl6nFj2aK,紀取件來厶ㄟ門,2026年4月5日 星期日 下午4:40,,,72,0,0,1
ann14n,https://www.threads.com/@ann14n/post/DWuwleAj2sF,"哪個寶可夢數到3會換人
.
.
.
.
沙瓦郎",2026年4月5日 星期日 上午8:54,,,2185,84,104,772,https://www.threads.com/@7eleventw/post/DWvlhZmD-M5,"哪個寶可夢最愛賺錢
碳治郎",2026年4月5日 星期日 下午4:37,,,165,15,1,6
lyx_0813_,https://www.threads.com/@lyx_0813_/post/DWt_LayEsBO,我看到這個我笑到肚子抽筋,2026年4月5日 星期日 上午1:43,,"May be a Twitter screenshot of text that says 'river.7_ + 想送女朋友禮物 預算100 100 急！！1/2 1/2 急！！ ර 9,477 2,213 G49 49 1,819 ELEVED + 7eleventw@13小時 13小時 7eleventw 10顆7-11茶葉蛋 3.1萬 118 118 124 841'",31000,245,426,3237,https://www.threads.com/@7eleventw/post/DWuyc2aD5ZN,小編有梗不是第一天知道吧？,2026年4月5日 星期日 上午9:11,,,20000,66,39,98
mr.ergere,https://www.threads.com/@mr.ergere/post/DWqLZdUEkiu,不懂就問 高麗菜煮蛋是這樣煮嗎,2026年4月3日 星期五 下午2:26,,,17000,674,170,2614,https://www.threads.com/@7eleventw/post/DWuvidPD36d,我建議你直接到7-11買茶葉蛋,2026年4月5日 星期日 上午8:45,,,2450,7,0,10
yilinghuang,https://www.threads.com/@yilinghuang/post/DWtcgxyk7Cr,"我想詢問廣大的脆友
這個到底叫什麼？",2026年4月4日 星期六 下午8:40,,"May be an image of condiment, plantains and text that says '我們兩夫妻已經吵到頻臨離婚 請問他叫： 紅龜粿 草仔粿'",6893,1183,75,1252,https://www.threads.com/@7eleventw/post/DWuuj4zDxaR,杜拜巧克粿,2026年4月5日 星期日 上午8:37,,,10000,13,20,86
tony447744,https://www.threads.com/@tony447744/post/DWtz66ED1Z9,"
小編連假加班🤣🤣🤣",2026年4月5日 星期日 上午12:04,@7eleventw,,1,1,0,0,https://www.threads.com/@7eleventw/post/DWt0PU7DyOU,我沒事 真的,2026年4月5日 星期日 上午12:07,,,6,0,0,0
kk99.99999999999,https://www.threads.com/@kk99.99999999999/post/DWsRwojE82Z,"講一件你堅持了超過5年的事
我先來
⚽️",2026年4月4日 星期六 上午9:47,,,838,827,2,37,https://www.threads.com/@7eleventw/post/DWtz6XrD1zk,每天都要進ㄙㄟ門買咖灰,2026年4月5日 星期日 上午12:04,,,82,3,0,0
7.nai.s,https://www.threads.com/@7.nai.s/post/DWocEjymuZG,"請問成年人的謊言有什麼？
認真問",2026年4月2日 星期四 下午10:00,,,5448,4489,134,332,https://www.threads.com/@7eleventw/post/DWtzmSkDyf-,我沒事,2026年4月5日 星期日 上午12:02,,,514,12,0,1
hx_.cui,https://www.threads.com/@hx_.cui/post/DWs4Q9Ok1bw,在台灣，我們不說「謝謝你」，我們說「愛你」,2026年4月4日 星期六 下午3:23,,,8479,87,705,538,https://www.threads.com/@7eleventw/post/DWtzXAcD-DP,在台灣，我們不說「Seven Eleven 」，我們說「ㄙㄟ門」,2026年4月4日 星期六 下午11:59,,,135,2,1,2
1995.tw,https://www.threads.com/@1995.tw/post/DWq-RhGmm6Z,娃娃機,2026年4月3日 星期五 下午9:37,,,0,0,0,0,https://www.threads.com/@7eleventw/post/DWtxh47D9p9,"夾子知道自己要夾榴槤很抖
😰💦",2026年4月4日 星期六 下午11:43,,,97,1,0,1
__helenka__,https://www.threads.com/@__helenka__/post/DWozdpBGfaU,,2026年4月3日 星期五 上午1:24,,,0,0,0,0,https://www.threads.com/@7eleventw/post/DWtmzO4D-P1,你這贏過我的豬血糕奶茶,2026年4月4日 星期六 下午10:10,,,691,2,1,10
giant_.8.0,https://www.threads.com/@giant_.8.0/post/DWn2zJoE_L7,如我這般富有，並不是你們這些普通人能夠想像的,2026年4月2日 星期四 下午4:34,,"May be an image of pasta, chow mein, ramen, noodles, spaghetti and text",75000,4048,3025,15000,https://www.threads.com/@7eleventw/post/DWtODZvjwyO,我建議你低調炫富一點,2026年4月4日 星期六 下午6:33,,,10000,13,17,76
nn_rou,https://www.threads.com/@nn_rou/post/DWf9LimAC_0,,2026年3月30日 星期一 下午2:56,,,0,0,0,0,https://www.threads.com/@7eleventw/post/DWtKoi3jyBg,願逆風如解意 容易莫摧殘,2026年4月4日 星期六 下午6:04,,,186,1,1,0
fa1689,https://www.threads.com/@fa1689/post/DWsq5H-E47M,雨這麼大這孩子還在做SPA，是不是有水療功能ㄚ,2026年4月4日 星期六 下午1:27,,,67000,799,1197,9944,https://www.threads.com/@7eleventw/post/DWtKXqgD9DX,🦛：鬆快,2026年4月4日 星期六 下午6:01,,,271,1,0,2
e.__3__.e,https://www.threads.com/@e.__3__.e/post/DWqaUkMErXN,"根據科學研究，打字會加「！」的人
都是可愛的人！",2026年4月3日 星期五 下午4:23,,,20000,814,529,2834,https://www.threads.com/@7eleventw/post/DWtKFqDD_Sj,,2026年4月4日 星期六 下午5:59,,,61,2,0,0
tzuyu.fanspage,https://www.threads.com/@tzuyu.fanspage/post/DWsjAp3icgH,有像嗎！😍💙💙,2026年4月4日 星期六 下午12:17,,"May be an image of one or more people, bangs and text | May be a cartoon of costume, doll and text",2377,11,43,49,https://www.threads.com/@7eleventw/post/DWtJ_3aD4H6,屋哩子瑜敲可愛💙💓,2026年4月4日 星期六 下午5:58,,,181,1,0,0
sri_ty.12,https://www.threads.com/@sri_ty.12/post/DWsWUSpk88V,我不要兒童節禮物 我要你,2026年4月4日 星期六 上午10:26,,,17000,52,2060,3035,https://www.threads.com/@7eleventw/post/DWtJlNsDzAX,歐虧 緩光臨～,2026年4月4日 星期六 下午5:54,,,191,3,0,3
mai_shi_ming,https://www.threads.com/@mai_shi_ming/post/DWtCQUHGnbj,711的冰狗堡夾上熱狗一起吃真的好好吃 加上醬料更是讚,2026年4月4日 星期六 下午4:50,,"May be an image of hotdog, buns and text | May be an image of hotdog and text",31000,996,464,12000,https://www.threads.com/@7eleventw/post/DWtIxT5D5VP,請你炫富低調一點,2026年4月4日 星期六 下午5:47,,,9415,8,5,41
liang__.0216,https://www.threads.com/@liang__.0216/post/DWkuamQD6sj,不小心就飛出去了我不是故意的,2026年4月1日 星期三 上午11:24,,,46000,247,1874,5819,https://www.threads.com/@7eleventw/post/DWs0n8Tj0dw,留友看白色拖鞋,2026年4月4日 星期六 下午2:51,,,3931,1,9,18
river.7_,https://www.threads.com/@river.7_/post/DWrMnbjE6HE,"想送女朋友禮物
預算100
急！！",2026年4月3日 星期五 下午11:42,,,12000,2402,72,2123,https://www.threads.com/@7eleventw/post/DWsj_omj9pW,10顆7-11茶葉蛋,2026年4月4日 星期六 下午12:26,,,41000,135,168,1129
helloiammumu,https://www.threads.com/@helloiammumu/post/DWrHNpoAVdT,"我媽到底什麼神手
整桌五千多被她按到免費
連她自己都嚇到
模仿愛因斯坦了
感謝岩漿火鍋辦的活動
今晚太幸運了！",2026年4月3日 星期五 下午10:55,,May be an image of text,210000,952,1803,4936,https://www.threads.com/@7eleventw/post/DWsZtgfD607,,2026年4月4日 星期六 上午10:56,,,469,2,0,1
yiching.li2,https://www.threads.com/@yiching.li2/post/DWsYbWdgdCq,"
你要怎麼證明你是真的你 🤣",2026年4月4日 星期六 上午10:45,@7eleventw,,0,1,0,0,https://www.threads.com/@7eleventw/post/DWsZbzqjwLp,看我的眼神,2026年4月4日 星期六 上午10:54,,,20,1,0,0
sunyy.64,https://www.threads.com/@sunyy.64/post/DWnexA2lMus,明浩，这是水彩,2026年4月2日 星期四 下午1:04,,May be an illustration of crossword puzzle and text that says '用毕生所学填空',27000,5619,918,4456,https://www.threads.com/@7eleventw/post/DWsZWmCD6sI,脆友，快追蹤我,2026年4月4日 星期六 上午10:53,,,169,4,1,4
yibochenchen,https://www.threads.com/@yibochenchen/post/DWsYBLVkQmR,"
請問布布是每天11點左右補貨嗎",2026年4月4日 星期六 上午10:41,@7eleventw,,8,1,0,0,https://www.threads.com/@7eleventw/post/DWsYLoBD2q3,每家門市到貨時間不同，請依門市實際進貨時間為準，祝您順利買到咘布！,2026年4月4日 星期六 上午10:43,,,24,2,0,0
penczak4066,https://www.threads.com/@penczak4066/post/DWrH5-hj_KG,這次兒子真是動殺心了,2026年4月3日 星期五 下午11:07,,,170000,1801,6911,64000,https://www.threads.com/@7eleventw/post/DWsPs06j1Z5,動感光波！,2026年4月4日 星期六 上午9:29,,,6327,15,3,118
toby250215,https://www.threads.com/@toby250215/post/DWqbrIdj6y3,我要瘋，剛剛在找貓，全家巡了一輪沒看到，結果喝個水一抬頭⋯,2026年4月3日 星期五 下午4:35,,"May be an image of sleeping, Abyssinian cat, kitten, tortoiseshell cat and text | May be an image of kitten, Abyssinian cat, tortoiseshell cat and text | May be an image of Abyssinian cat, tortoiseshell cat, kitten and text | May be an image of kitten, Abyssinian cat and text | May be an image of kitten, Abyssinian cat, tortoiseshell cat, dishwasher, refrigerator and text",4421,195,40,61,https://www.threads.com/@7eleventw/post/DWsGkpID9Hn,一抬頭7-11就看到了,2026年4月4日 星期六 上午8:09,,,137,1,0,1
mua7.tw,https://www.threads.com/@mua7.tw/post/DWrA4dSkp-F,"媽媽醬
你看我會飛",2026年4月3日 星期五 下午10:00,,,20000,142,779,1345,https://www.threads.com/@7eleventw/post/DWrcwteD9vu,I believe I can fly🎵🎵,2026年4月4日 星期六 上午2:04,,,645,2,0,2
9lll9.u,https://www.threads.com/@9lll9.u/post/DWp6PYhkfvx,"第一次被鯊魚溜 有需要注意什麼嗎😰😱
劇透
劇透
劇透",2026年4月3日 星期五 上午11:43,,"May be an image of golden retriever, collie, raincoat and text",2818,37,60,186,https://www.threads.com/@7eleventw/post/DWrccO9j5_i,可愛到鯊不住,2026年4月4日 星期六 上午2:01,,,38,1,0,0
fuji_san2023,https://www.threads.com/@fuji_san2023/post/DWqfa7ZEcN_,"趁老闆回老家不在家
自己偷拿材料做甜點
結果直接沒抓好用量
⠀ ⠀
現在還剩一大鍋布丁液
該怎麼辦╭(°A°`)╮
⠀ ⠀
在線等 急",2026年4月3日 星期五 下午5:09,,,244,79,2,3,https://www.threads.com/@7eleventw/post/DWrcEHZD5uk,是這樣沒錯，但不是這樣,2026年4月4日 星期六 上午1:57,,,98,2,0,0
li._.101021,https://www.threads.com/@li._.101021/post/DWrJHWVCThi,"我們不說：
打雷欸
我們說：
誰在亂發誓",2026年4月3日 星期五 下午11:12,,,2098,7,86,93,https://www.threads.com/@7eleventw/post/DWrSyPxDwhb,"我們不說：
打噴嚏
我們說：
有人在想你",2026年4月4日 星期六 上午12:36,,,54,1,3,0
jhen.yu_1010,https://www.threads.com/@jhen.yu_1010/post/DWolN4KFNwQ,所以下一個是丁丁嗎🍮,2026年4月2日 星期四 下午11:20,,"May be an image of breadstick, minions, stapler, wafer, banana, durian, hand cream and text | May be an image of pie and text that says '統一布丁 統一丁布 統 - J 布 求光 生 一 演 進 史 台南 統一布布 統一丁丁 統一丁布丁' | May be a cartoon of costume, doll and text that says '我是小可爱'",39000,180,490,2337,https://www.threads.com/@7eleventw/post/DWrA9PsD755,我問看看,2026年4月3日 星期五 下午10:01,,,27000,44,51,137
lyr_304,https://www.threads.com/@lyr_304/post/DWoLiF6GISK,"
統一回覆：不可以",2026年4月2日 星期四 下午7:35,@noyesray,,30000,63,31,466,https://www.threads.com/@7eleventw/post/DWrAhXuj0r2,我什麼都沒說啊,2026年4月3日 星期五 下午9:57,,,15,0,0,0
unericcc,https://www.threads.com/@unericcc/post/DWp1UqfD_2u,"因為怕掉屑屑所以在廚房水槽吃蛋糕
然後我媽突然大叫 問我是不是有異食癖
不是 這是蛋糕啦😭😭😭",2026年4月3日 星期五 上午11:00,,"May be an image of sink, dustpan, strainer and text | May be an image of dustpan, sink, strainer and text | May be an image of sink, strainer, paper towel, water filter, faucet, dishwasher and text",84000,652,1080,7886,https://www.threads.com/@7eleventw/post/DWrAOZTj8QY,請問這是哪裡買的？,2026年4月3日 星期五 下午9:54,,,11000,63,11,55
aa840623,https://www.threads.com/@aa840623/post/DWqDfcGAVbl,"鴨霸我是常常遇到
鵝霸是第一次遇到
借過啦",2026年4月3日 星期五 下午1:04,,,2941,144,75,615,https://www.threads.com/@7eleventw/post/DWqwzeLj42w,你是否曾在….,2026年4月3日 星期五 下午7:39,,,561,12,2,4
memeq.uake,https://www.threads.com/@memeq.uake/post/DWqTu7NEv9y,"追蹤memeq.uake 更多如何在一秒內從「極樂」墜入「地獄」。 已靜音讚1,759 轉發17",2026年4月3日 星期五 下午3:25,,"May be an image of ramen, chow mein, poached egg, pasta, noodles, vegetable and text",,,,,https://www.threads.com/@7eleventw/post/DWquGl2j54k,追蹤7eleventw已驗證 更多真的是壞蛋😈讚276 轉發分享7,2026年4月3日 星期五 下午7:16,,,,,,
nziyio26.__,https://www.threads.com/@nziyio26.__/post/DWqhZjoj_SC,追蹤nziyio26.__ 更多出生在有TWICE的時代真的太好了ㅠㅠ讚551 轉發13,2026年4月3日 星期五 下午5:25,,,,,,,https://www.threads.com/@7eleventw/post/DWqjA3rD9fn,追蹤7eleventw已驗證 原作者說讚更多💙💙讚148 轉發分享,2026年4月3日 星期五 下午5:39,,,,,,
pigjohnok,https://www.threads.com/@pigjohnok/post/DWqZgT2EwVa,追蹤pigjohnok 更多正在回覆@7eleventw加薪才是最重要的🤣讚50 轉發分享1,2026年4月3日 星期五 下午4:16,,,,,,,https://www.threads.com/@7eleventw/post/DWqaAQjDzJ0,追蹤7eleventw已驗證 更多😂讚7 轉發分享2,2026年4月3日 星期五 下午4:20,,,,,,
x9.4.5.3x,https://www.threads.com/@x9.4.5.3x/post/DWqZ2_RlOzE,追蹤x9.4.5.3x 更多正在回覆@7eleventw因為有我們這些粉絲天天光顧好嗎讚4 轉發分享,2026年4月3日 星期五 下午4:19,,,,,,,https://www.threads.com/@7eleventw/post/DWqZ9dJD2Vc,追蹤7eleventw已驗證 更多😊讚5回覆轉發分享,2026年4月3日 星期五 下午4:20,,,,,,
heartline.fm,https://www.threads.com/@heartline.fm/post/DWndVxrkxOD,"會講“笑死”都30幾了吧🤭讚1,009回覆628轉發11分享476",2026年4月2日 星期四 下午12:52,,,,,,,https://www.threads.com/@7eleventw/post/DWqZuVej2Vx,追蹤7eleventw已驗證 更多我笑了讚127 轉發分享,2026年4月3日 星期五 下午4:18,,,,,,
tony__winn,https://www.threads.com/@tony__winn/post/DWp45Rkk6Ix,"追蹤tony__winn 更多看起來很專業的院長讚3 萬回覆49 分享1,564",2026年4月3日 星期五 上午11:31,,"May be an image of kitten, tortoiseshell cat and text that says '年安 年安獸醫師 醫師潘又 潘又 醫師 葉警最院長 葉肇晟 院長 東森廣場分院 潘又瑄 潘又瑄院長 院長'",,,,,https://www.threads.com/@7eleventw/post/DWqFE4VD4qU,"追蹤7eleventw已驗證 更多Dr.貓讚2,954 轉發分享4",2026年4月3日 星期五 下午1:17,,,,,,
yui_ajjsnzn,https://www.threads.com/@yui_ajjsnzn/post/DWpy6Rngce6,追蹤yui_ajjsnzn 原作者說讚更多正在回覆@7eleventw終於來了 布布都買不到欸😭讚52 轉發分享,2026年4月3日 星期五 上午10:39,,,,,,,https://www.threads.com/@7eleventw/post/DWpzD9eD_9R,追蹤7eleventw已驗證 原作者說讚更多抱歉久等了讚30 轉發分享,2026年4月3日 星期五 上午10:40,,,,,,
yui_ajjsnzn,https://www.threads.com/@yui_ajjsnzn/post/DU-hAG2gd_8,"追蹤yui_ajjsnzn 更多挑戰被什麼小編回就買什麼東西 讚5.5 萬回覆3,776 分享1,666",2026年2月20日 星期五 下午6:43,,,,,,,https://www.threads.com/@7eleventw/post/DWpyy3iD2Mn,"追蹤7eleventw已驗證 原作者說讚更多你應該不會沒買過7-11吧？讚2,201 轉發1",2026年4月3日 星期五 上午10:38,,,,,,
du.chan.16,https://www.threads.com/@du.chan.16/post/DWoNbpCj9Li,"追蹤du.chan.16貓咪 更多大哥請問你在幹嘛 已靜音讚9.2 萬回覆1,261 分享2.2 萬",2026年4月2日 星期四 下午7:52,,,,,,,https://www.threads.com/@7eleventw/post/DWpx0Kcj5h5,"喵喵～🐾🐾
喵喵喵喵～😽😽😽😽喵～喵～😼😼
喵喵喵～🐈🐈🐈
喵喵喵喵喵～😹😹😹😹😹喵～🙀
喵喵～😻😻
喵喵喵喵喵喵～🐾🐾🐾🐾🐾🐾喵～喵～喵～😺😺😺
喵喵喵～😽😽😽
喵喵喵喵～🐈🐈🐈🐈喵～喵喵～😼😼😼
喵喵喵喵喵～😹😹😹😹😹
喵～～～～～😻🐾😻🐾😻讚630回覆4轉發分享8",2026年4月3日 星期五 上午10:29,,,,,,
3e9rien,https://www.threads.com/@3e9rien/post/DWpt4ChmRJX,"
我都去
@7eleventw
@familymart_tw
@hilife_cvs",2026年4月3日 星期五 上午9:55,@bellabear_1004,,3,1,0,0,https://www.threads.com/@7eleventw/post/DWpxcY1D0nO,第一個就好,2026年4月3日 星期五 上午10:26,,,7,1,0,0
lu_cat1224,https://www.threads.com/@lu_cat1224/post/DWnPFs8D9X8,刷到這訊息的人，現在和我說一句廢話,2026年4月2日 星期四 上午10:47,,,163,432,0,1,https://www.threads.com/@7eleventw/post/DWpDj-ykiuV,7-11就是小七也是7-ELEVEN 還是ㄙㄟ門跟誰門以雷門,2026年4月3日 星期五 上午3:45,,,26,2,0,2
pop_p0000,https://www.threads.com/@pop_p0000/post/DWnL1a8k6kr,"偷瞄還被我當場抓到！！
對視後還默默的縮回去🤣",2026年4月2日 星期四 上午10:19,,"May be an image of fish, aquarium and text",16000,116,269,2369,https://www.threads.com/@7eleventw/post/DWpDBLREssX,老闆有在辦公室嗎🫣🫣,2026年4月3日 星期五 上午3:40,,,77,0,0,0
asd_5asd,https://www.threads.com/@asd_5asd/post/DWnkZ_LABOQ,"宜蘭
到底
可以
幹嘛
？？？",2026年4月2日 星期四 下午1:53,,,434,309,5,41,https://www.threads.com/@7eleventw/post/DWpC0VmklDd,逛ㄙㄟ門,2026年4月3日 星期五 上午3:38,,,33,2,0,2
aliceep__0520,https://www.threads.com/@aliceep__0520/post/DWoUcULk1fh,"我發現路人都會隔空跟我家柴犬玩😂偷偷地玩
我：你要摸他嗎 他叫Cooper
路人：🤩😍🫳🏻🫳🏻",2026年4月2日 星期四 下午8:53,,May be an image of dog and text,7383,81,110,271,https://www.threads.com/@7eleventw/post/DWpCwUBEksp,路過借摸一下🫳🫳,2026年4月3日 星期五 上午3:38,,,11,0,0,0
yuezyo_77,https://www.threads.com/@yuezyo_77/post/DWoQhGOgbFU,"布丁拌咖哩飯很好吃😋
你們都去試試看",2026年4月2日 星期四 下午8:19,,"May be an image of ossobuco, meatloaf and text | May be an image of cereal, plantains, banana, oats and text",10000,1408,455,12000,https://www.threads.com/@7eleventw/post/DWpB9buki85,,2026年4月3日 星期五 上午3:31,,"May be an image of dental floss, ointment, sharpener, ball, hand cream and text",2379,5,12,153
by.at.ing,https://www.threads.com/@by.at.ing/post/DWnWkNjD2ME,兩位身價破萬的孩子，就不能成熟穩重一點嗎🤦🏻‍♀️,2026年4月2日 星期四 上午11:52,,"May be an image of Norwich terrier, kitten, Persian cat, tortoiseshell cat and text",41000,241,616,2549,https://www.threads.com/@7eleventw/post/DWonT-TD-Xz,"本來想回：要打去練舞室打
但發現已經在練舞室了...",2026年4月2日 星期四 下午11:38,,,6475,6,2,15
_finanzentips,https://www.threads.com/@_finanzentips/post/DWmQRf9AT25,打架還能可愛成這樣？吐舌頭也太萌了吧😳,2026年4月2日 星期四 上午1:38,,May be an image of kitten and text,4899,55,163,930,https://www.threads.com/@7eleventw/post/DWommVSDzL8,對手是它我認輸,2026年4月2日 星期四 下午11:32,,,48,0,0,0
kevin67980,https://www.threads.com/@kevin67980/post/DWnWlITj1E7,如果你錯過了昨天被視為戀愛能量最強的「粉紅月亮」，那趕快把這篇分享給你最親愛的人。並且向宇宙下訂單，許願的同時能提升自己的戀愛運，招來好桃花、好人緣。🩷,2026年4月2日 星期四 上午11:53,,May be an image of eclipse and text,22000,143,844,3157,https://www.threads.com/@7eleventw/post/DWomZ3RjywV,留有追蹤小七的大家看,2026年4月2日 星期四 下午11:30,,,139,1,1,1
khinmap.tw,https://www.threads.com/@khinmap.tw/post/DWnpGScgQXE,"以為會很可怕，但他出來的時候同手同腳
順間變得太可愛！！！",2026年4月2日 星期四 下午2:34,,,36000,379,813,3848,https://www.threads.com/@7eleventw/post/DWolIHDj5ZR,這不是我認識的三角龍😂😂,2026年4月2日 星期四 下午11:19,,,48,1,0,0
denp.m,https://www.threads.com/@denp.m/post/DWoNFrCFJbp,"平常租屋處沒有電視不知道
這次連假回家一打開電視
就跳出周子瑜的廣告
到現在還是不敢相信是真的",2026年4月2日 星期四 下午7:49,,,40,1,0,0,https://www.threads.com/@7eleventw/post/DWofEnij-Dh,,2026年4月2日 星期四 下午10:26,,,10,0,0,0
thehappynomad1987,https://www.threads.com/@thehappynomad1987/post/DWoLzFSEzDe,你堅持最久的事是什麼？,2026年4月2日 星期四 下午7:38,,,170,514,0,5,https://www.threads.com/@7eleventw/post/DWofCc8j_8j,Always OPEN!,2026年4月2日 星期四 下午10:26,,,56,2,0,0
ynknraa,https://www.threads.com/@ynknraa/post/DWn9RuMkeFP,"子瑜的奶凍蜜瓜包拜託變成常駐商品⋯
711寵寵我吧。不要帶走它😭
我已經吃不知道幾顆了 可以出蜜瓜日記的程度。
一天不吃我就難受 自從演唱會那一天吃了一顆之後
我發瘋似的愛上它。",2026年4月2日 星期四 下午5:31,,May be an image of text | May be an image of plastic bag and text,4025,109,87,550,https://www.threads.com/@7eleventw/post/DWoe161D0jy,小編轉達🫡,2026年4月2日 星期四 下午10:24,,,549,7,0,0
54381121stars,https://www.threads.com/@54381121stars/post/DWlN23Qkbm_,"🤔
入厝要送什麼比較適合❓",2026年4月1日 星期三 下午3:58,,,76,117,2,16,https://www.threads.com/@7eleventw/post/DWocuZKj_fz,一間ㄙㄟ門 因為很方便！,2026年4月2日 星期四 下午10:05,,,11,0,0,0
73_.ty,https://www.threads.com/@73_.ty/post/DWlE4cBkyKe,誰家男朋友會因為靠腰一下說想吃 就給我扛一堆回來啦 然後還給我排成愛心😭💗,2026年4月1日 星期三 下午2:39,,"May be an image of heart, cupcake, cookie and text | May be an image of heart, lace, card and text",5708,70,160,1213,https://www.threads.com/@7eleventw/post/DWocRRYDxMo,留其他男友看💛,2026年4月2日 星期四 下午10:02,,,119,0,0,2
dolphin021008,https://www.threads.com/@dolphin021008/post/DIG6BKSTXEN,"追星人最常被誰記住：
❌自擔
⭕7-11店員",2025年4月6日 星期日 下午10:08,,,26000,156,1648,1512,https://www.threads.com/@7eleventw/post/DWoaeNUD9lC,小七夥伴都有超強記憶力！,2026年4月2日 星期四 下午9:46,,,18,0,0,0
s3beautystore,https://www.threads.com/@s3beautystore/post/DWnS3rNifun,"如果你現在被綁架，只能用你品牌/公司賣的東西防身
你會選什麼？",2026年4月2日 星期四 上午11:20,,,498,746,4,23,https://www.threads.com/@7eleventw/post/DWoXRM8D6cr,豬血糕奶茶,2026年4月2日 星期四 下午9:18,,,49,1,0,0
shopee_tw,https://www.threads.com/@shopee_tw/post/DWnPAZxGOAx,青春沒有售價，再半天就連假,2026年4月2日 星期四 上午10:46,,,7089,119,225,308,https://www.threads.com/@7eleventw/post/DWoQJcuj-AE,我們always open,2026年4月2日 星期四 下午8:16,,,47,0,0,0
kung.hsiang.yu,https://www.threads.com/@kung.hsiang.yu/post/DWmMNfXknxG,,2026年4月2日 星期四 上午1:03,,,0,0,0,0,https://www.threads.com/@7eleventw/post/DWoQGTIj-yd,多的是~你不知道的事,2026年4月2日 星期四 下午8:15,,,50,0,0,1
hongsailin,https://www.threads.com/@hongsailin/post/DWjGD8pAe6M,"上飛機後跟我說她要睡覺
真是個孝順的孩子☺️",2026年3月31日 星期二 下午8:11,,"May be an image of sleeping, airplane and text",36000,685,89,598,https://www.threads.com/@7eleventw/post/DWoP-GmDynz,這是哪位天使寶寶,2026年4月2日 星期四 下午8:14,,,141,1,0,1
wulongchai,https://www.threads.com/@wulongchai/post/DWnaheNlXUm,"哪個勇者 願意嘗試做一個然後吃一個看看嗎？
chef_playfood",2026年4月2日 星期四 下午12:27,,,8982,2588,546,21000,https://www.threads.com/@7eleventw/post/DWoIOWojwFJ,我建議你先不要這樣煮,2026年4月2日 星期四 下午7:06,,,3233,11,0,35
yuyi_qte,https://www.threads.com/@yuyi_qte/post/DWfi3tHkz6U,「為了忘記妳，我已經吸了五包了」,2026年3月30日 星期一 上午11:06,,"May be an image of tea, garbage, chopsticks, plastic bag, dental floss and text",140000,4981,7140,50000,https://www.threads.com/@7eleventw/post/DWoEw4qj-4i,配開水吃了這麼多顆，我還是想你到睡不著,2026年4月2日 星期四 下午6:36,,"May be an image of baked beans, pretzel and text",1400,8,8,33
tianyiii_0520,https://www.threads.com/@tianyiii_0520/post/DWiMcOAkQt2,留友吃,2026年3月31日 星期二 上午11:48,,"May be an image of hot pot, tofu, vegetable and text that says 'X 巧克力牛奶鍋燒（原價120元） （原價120元） 巧克力牛奶鍋燒 NT99 NT 99 主食 心 必邏1樓 1樓 様 清除' | May be an image of congee, chocolate milk, noodles, soup spoon, chopsticks, pot and text",29000,788,960,19000,https://www.threads.com/@7eleventw/post/DWoEi-CD8LM,就算這次救不了巧克力，我也會保護你,2026年4月2日 星期四 下午6:34,,"May be an image of dental floss, bandage, ointment, sharpener, ball and text",1830,4,2,11
san_hana_,https://www.threads.com/@san_hana_/post/DWk1ociCapK,看得出來三麗鷗很用心在過愚人節,2026年4月1日 星期三 下午12:26,,"May be a doodle of suit, blazer and text | May be an illustration of text that says '26 SANRIO 蕾作 株）サンリオ' | May be an illustration of text | May be a doodle of text | May be a doodle of sheep and text that says '@cinnamon_sanrio ©2026SANRIO © 2026 SANRIO 著作 （株）サ （株）サンリオ シリオ'",25000,63,1481,5773,https://www.threads.com/@7eleventw/post/DWoEaXED-tJ,好想請三麗鷗小編喝豬血糕奶茶,2026年4月2日 星期四 下午6:33,,,47,0,0,1
movie.ya.who,https://www.threads.com/@movie.ya.who/post/DWkxcCcDm_N,"我要申請高麗菜桌🙌
買不到7-11統一布布
自己把焦糖切掉
想吃幾顆就有幾顆🍮",2026年4月1日 星期三 上午11:50,,,10000,630,76,2865,https://www.threads.com/@7eleventw/post/DWoESIvj6bU,你可以來坐我們門市裡面那桌,2026年4月2日 星期四 下午6:32,,,98,0,0,0
17187kao,https://www.threads.com/@17187kao/post/DWlLcg4k7X0,我閃過了！,2026年4月1日 星期三 下午3:37,,May be an image of text,74000,1104,1246,7274,https://www.threads.com/@7eleventw/post/DWoEO1LD_Gi,還好恐龍讓離,2026年4月2日 星期四 下午6:31,,,47,0,0,0
tony1020608,https://www.threads.com/@tony1020608/post/DWlC7RfmNBi,"乾 多喝水真的要改名ㄆㄨㄚ喝水
一早看到正式聲明 超好笑🤣🤣
愚人節玩到品牌本人也是滿猛的",2026年4月1日 星期三 下午2:22,,May be an image of crossword puzzle and text that says '[和唱水] 聲明稿 感謝各位長期以來對我們的支持 關於過去大家的各種猜測與討論 我們想正式跟大家宣告 既然你們這麽喜歡叫我們メ丫喝水 我們就暫時改名叫久メY喝水吧 如有任何疑問，請 請多喝水 限品号 25分临 海 日食品 [千陽水]水分有限公司 民國115年 04月 民國115年04月01日 01日',22000,138,1108,5036,https://www.threads.com/@7eleventw/post/DWoEKh7j8OQ,讚數留言這麼ㄆㄨㄚ，看來要ㄆㄨㄚ進一點ㄆㄨㄚ喝水了,2026年4月2日 星期四 下午6:31,,,20,3,0,1
huzihuang1989,https://www.threads.com/@huzihuang1989/post/DWi5r4GE1AF,忽然想到，「吃不完兜著走」其實就是「外帶」的意思吧🤨,2026年3月31日 星期二 下午6:23,,,24000,439,1011,3675,https://www.threads.com/@7eleventw/post/DWoD9HLD-T4,不管三七二十一就是不管會不會被二一也要逛三間小七,2026年4月2日 星期四 下午6:29,,,99,0,2,3
leas_wonderland,https://www.threads.com/@leas_wonderland/post/DWiTXU0FM5_,"中午吃燒臘
不小心看到老闆的小抄",2026年3月31日 星期二 下午12:48,,May be an image of text,100000,1511,3834,20000,https://www.threads.com/@7eleventw/post/DWoD4pkj7Z_,誰門以雷們也來捧場！,2026年4月2日 星期四 下午6:28,,,26,0,0,0
carlin307,https://www.threads.com/@carlin307/post/DWlQ5_mAaEQ,育兒日常,2026年4月1日 星期三 下午4:26,,,0,0,0,0,https://www.threads.com/@7eleventw/post/DWoDvwED3lA,蔥明媽媽蒜你厲害！,2026年4月2日 星期四 下午6:27,,,56,0,0,0
blueberry._.1001_,https://www.threads.com/@blueberry._.1001_/post/DWn7kJRk0yM,"剛剛去7-11沒有布布
原本想要喇布布的……
七騙我的感情😭",2026年4月2日 星期四 下午5:16,,,19,3,0,0,https://www.threads.com/@7eleventw/post/DWn9QJHj4ok,7愛的來我的主頁抽獎,2026年4月2日 星期四 下午5:30,,,14,2,0,0
22920_ru,https://www.threads.com/@22920_ru/post/DWncEOGD62j,"強烈建議
想破冰或增進情感的都去買三色豆巧克酥！
#這波愚人節我是711企劃組粉絲 #盛香珍",2026年4月2日 星期四 下午12:40,,"May be an image of coconut macaroon, crackers, oatmeal cookies, wafer and text",17,2,0,3,https://www.threads.com/@7eleventw/post/DWnu-4_j2fP,,2026年4月2日 星期四 下午3:26,,,8,0,0,0
jie.02.251980,https://www.threads.com/@jie.02.251980/post/DWmKYDclPR0,"現在00:30，兒子叫了一桶胖老爹
是想胖死我嗎",2026年4月2日 星期四 上午12:47,,May be an image of chicken and text,177,68,0,3,https://www.threads.com/@7eleventw/post/DWnez5xD62W,你該不會就是那位 胖老爹吧？,2026年4月2日 星期四 下午1:04,,,101,1,0,0
edilsonxd021,https://www.threads.com/@edilsonxd021/post/DWl3br0Dbc3,緝毒犬巡邏也是會肚子餓🤣,2026年4月1日 星期三 下午10:01,,,60000,929,1047,19000,https://www.threads.com/@7eleventw/post/DWneoMPj87Q,"牠不是餓
只是對「味道」特別有責任感😌🐾",2026年4月2日 星期四 下午1:03,,,387,0,0,0
_taize.zs,https://www.threads.com/@_taize.zs/post/DWjfrc5CeqJ,"同齡朋友各個買超跑
我：爸爸幫我買漢堡🍔",2026年3月31日 星期二 下午11:56,,,41000,568,1228,2947,https://www.threads.com/@7eleventw/post/DWnU6lmj3dl,愛爸爸❤️,2026年4月2日 星期四 上午11:38,,,116,1,0,0
tetsu___12,https://www.threads.com/@tetsu___12/post/DWnJhjhD8cN,哪一個品牌小編人氣最頂？,2026年4月2日 星期四 上午9:58,,,297,369,3,5,https://www.threads.com/@7eleventw/post/DWnUkMqj__7,必須是有子瑜當品牌大使的我吧😎,2026年4月2日 星期四 上午11:35,,,574,16,0,2
quin.1025,https://www.threads.com/@quin.1025/post/DWmOa7LAXOi,"買不到布布啦！！！！
我是不喜歡焦糖派的
可以成為常態性商品嗎",2026年4月2日 星期四 上午1:22,,,27,6,0,0,https://www.threads.com/@7eleventw/post/DWnUbcoj4Ac,來我的主頁抽獎拉~~,2026年4月2日 星期四 上午11:34,,,11,1,0,0
mao_.09_,https://www.threads.com/@mao_.09_/post/DWlIMIZlGOz,Twice,2026年4月1日 星期三 下午3:08,,,0,0,0,0,https://www.threads.com/@7eleventw/post/DWnHej7D3FC,看起來不像是我們的熱狗,2026年4月2日 星期四 上午9:41,,,97,1,0,1
sheenlike,https://www.threads.com/@sheenlike/post/DWl7jx2Eg9N,"看在今天是
愚人節4／1
跑了10間7-11
全部都賣光了！！
［焦糖出走咘布］
怎麼會怎麼搶手？！
最後還是買了
大布丁來吃
(smile)哈哈哈(smile)",2026年4月1日 星期三 下午10:37,,May be an image of text,85,10,1,0,https://www.threads.com/@7eleventw/post/DWmH8IxjyJR,來我主頁抽獎💛,2026年4月2日 星期四 上午12:25,,,44,1,0,0
m_dreamerrr,https://www.threads.com/@m_dreamerrr/post/DWl5wN0EgUt,為什麼沒有統一布布！我不服,2026年4月1日 星期三 下午10:21,,May be an image of cupcake and text,223,5,1,0,https://www.threads.com/@7eleventw/post/DWmHuyMj95V,看我主頁抽獎💛,2026年4月2日 星期四 上午12:24,,,116,1,1,0
_____yu.__yu,https://www.threads.com/@_____yu.__yu/post/DWl8xiiD-6F,失敗的統一布布 尋寶日記,2026年4月1日 星期三 下午10:48,,"May be an image of cupcake, rack, measuring cups and text | May be an image of display case, rack, vending machine, refrigerator, newsstand and text | May be an image of cupcake, vending machine, rack and text | May be an image of wafer and text | May be an image of yogurt and text | May be an image of gelato, durian and text | May be an image of cupcake and text",926,18,4,38,https://www.threads.com/@7eleventw/post/DWmHsQcj2lk,看我主頁抽獎💛,2026年4月2日 星期四 上午12:23,,,130,1,2,2
hank_2.13,https://www.threads.com/@hank_2.13/post/DWkxq44EU8a,男森的房間這樣打幾分,2026年4月1日 星期三 上午11:52,,"May be an image of sink, bureau, picture frame, mirror, house plant, desk, baby's-breath, indoors, office and text that says 'GOOULUCK LUCK GOOW UN ACCUNANIES YIMAY ACCONPA ACCO NIES YOU' | May be an image of fragrance, perfume and text | May be an image of shoes, rack and text | May be an image of towel rack, sink, shower, wash basin, sliding door, indoors and text | May be an image of bed, mattress, bedroom, window and text",17000,624,204,1385,https://www.threads.com/@7eleventw/post/DWmDstuDxgy,ㄅ級分,2026年4月1日 星期三 下午11:48,,,26,0,0,0
yongyu_ceramic,https://www.threads.com/@yongyu_ceramic/post/DWk7mW5EuXh,,2026年4月1日 星期三 下午1:18,,,0,0,0,0,https://www.threads.com/@7eleventw/post/DWl1w88D3BQ,天份...,2026年4月1日 星期三 下午9:47,,,26,1,0,0
sylvia_____lin,https://www.threads.com/@sylvia_____lin/post/DWjQdzZk9sz,7-11新品,2026年3月31日 星期二 下午9:42,,,0,0,0,0,https://www.threads.com/@7eleventw/post/DWl1wZGDyLJ,謝謝尼喜歡💕,2026年4月1日 星期三 下午9:47,,,89,1,0,1
puppy.dailyyy,https://www.threads.com/@puppy.dailyyy/post/DWlKEplD8bT,"變臉速度有夠快😍
puppy.dailyyy",2026年4月1日 星期三 下午3:25,,,20000,127,798,11000,https://www.threads.com/@7eleventw/post/DWlzCvWDz-W,"開會前
開會後",2026年4月1日 星期三 下午9:23,,,145,0,0,13
gwan0520,https://www.threads.com/@gwan0520/post/DWlShyKEyMu,有人買到愚人節布布了嗎😆,2026年4月1日 星期三 下午4:39,,May be an image of text,221,5,1,4,https://www.threads.com/@7eleventw/post/DWlwxfCD2O6,看我主頁有抽獎💛,2026年4月1日 星期三 下午9:03,,,58,1,0,0
bai.tang__0223,https://www.threads.com/@bai.tang__0223/post/DWa-LDIgf6f,,2026年3月28日 星期六 下午4:28,,,0,0,0,0,https://www.threads.com/@7eleventw/post/DWlwqH0D8BO,"這世界上有三種門
自動門
手動門
還有Always OPEN的巷口ㄙㄟ門",2026年4月1日 星期三 下午9:02,,,315,2,1,9
openairburial,https://www.threads.com/@openairburial/post/DWjHKzGD75f,"系咧哈囉？
我花60元買一份肉絲炒飯
回到家打開！！！？
🫤？",2026年3月31日 星期二 下午8:21,,"May be an image of bandage, tire and text",2364,781,15,173,https://www.threads.com/@7eleventw/post/DWlwby8j19L,愚人節不快樂了,2026年4月1日 星期三 下午9:00,,,106,2,0,0
kinlulin,https://www.threads.com/@kinlulin/post/DWjM2ygFFpN,存德藥房關門秀（全長約2分鐘）,2026年3月31日 星期二 下午9:11,,,73000,542,2328,5572,https://www.threads.com/@7eleventw/post/DWlwW70j0h0,留友看古早味的Lock將,2026年4月1日 星期三 下午8:59,,,221,2,1,1
__kti.yu,https://www.threads.com/@__kti.yu/post/DWi-40hE5Uh,布丁都出丁布跟布布了 乖乖什麼時候要出壞壞,2026年3月31日 星期二 下午7:09,,,24000,153,918,1397,https://www.threads.com/@7eleventw/post/DWlwJFVj-DZ,Tell me 壞,2026年4月1日 星期三 下午8:57,,,2265,6,2,41
n.mwah_,https://www.threads.com/@n.mwah_/post/DWWkLe9kxXC,"各位我要來大海撈針了🌊🪡
3/26晚上大概22:30，在復興崗捷運站下車
穿白色吊嘎、戴黑框眼鏡，背黑色包包的男生
看起來有在健身，皮膚很白
我們有對到眼一下
但當下人太多，我真的不敢開口要IG
現在有點後悔🥲
希望本人可以刷到這篇文來跟我聯絡",2026年3月26日 星期四 下午11:24,,,8701,251,76,3632,https://www.threads.com/@7eleventw/post/DWlwFGbD3n5,脆的配對功能也是Always OPEN了,2026年4月1日 星期三 下午8:57,,,69,2,0,0
shopee_tw,https://www.threads.com/@shopee_tw/post/DWkeFk_mEmy,"今天愚人節 老闆叫我去上班
我是不會被騙的",2026年4月1日 星期三 上午9:00,,,3949,142,60,121,https://www.threads.com/@7eleventw/post/DWlwAoDj3k3,我就是被騙才會海巡到這篇😮‍💨,2026年4月1日 星期三 下午8:56,,,124,0,0,0
ydiia___,https://www.threads.com/@ydiia___/post/DWhrjRyk1dl,今天在711看到的金珉奎！！🫪🫪,2026年3月31日 星期二 上午7:00,,"May be an image of wafer, carton and text | May be an image of vending machine and text",1757,14,14,468,https://www.threads.com/@7eleventw/post/DWlv865D53K,帶他回家！,2026年4月1日 星期三 下午8:56,,,12,1,0,0
cyi94126,https://www.threads.com/@cyi94126/post/DWjjXjWErIR,"哪個瘋女人 大半夜00:00
騎出去7-11買巧克力
就是我💎😍🫶
齁 快要被可愛死🫠🫠🫠",2026年4月1日 星期三 上午12:27,,"May be an image of text that says 'SI YOU YOU'RE RE WHEN YOU'RE YOU'RENOTYO YOU'REHUNGRY NOT HUNGRY やー HUNGRY? GRABA HUNGRY?GRABA A SNICKERS' | May be an image of card and text that says 'S SNICKERS PEANUTS. NOUGAT.MILK PEANUTS.CARAMEL CARAMEL CHOC. 187 1997 406 SNICKERS YOU'RENO OU WHEN YOU RE HUNGRY MINGYU# SNICKERS' | May be an image of heart, card, poster, magazine, lollipop and text that says '10+4 HWHiN HHUaN with MINGYU SNICKERS' | May be an image of chocolate bar, card, poster and text that says 'YOU'RE RE NOT YOU WHEN YOU'RE RE HUNGRY 3'",848,35,16,172,https://www.threads.com/@7eleventw/post/DWlv585j_uO,克拉的行動力真的不會愚人💎🍫😍,2026年4月1日 星期三 下午8:55,,,38,1,0,1
zzai_he,https://www.threads.com/@zzai_he/post/DWlHmCXkyW5,"到底誰說
御飯糰+茶葉蛋+雞胸拌飯很好吃
給我出來 당장 나와!!!
真的好好吃感謝你🥰",2026年4月1日 星期三 下午3:04,,,848,28,14,186,https://www.threads.com/@7eleventw/post/DWlmqbYj08l,緩光臨小七買馬西搜唷拌飯~,2026年4月1日 星期三 下午7:35,,,53,1,0,0
hannn65_,https://www.threads.com/@hannn65_/post/DWjKx2hGCZs,"我自己宣布
Threads第一屆《7-11必買微波食品》大賽
正式開始
選手如下：",2026年3月31日 星期二 下午8:52,,,2412,279,149,583,https://www.threads.com/@7eleventw/post/DWlX6_-j1zU,評審委員來了,2026年4月1日 星期三 下午5:26,,,111,2,0,2
entela7456,https://www.threads.com/@entela7456/post/DWiegQ3k6Gx,麻煩大家取個霸氣名字,2026年3月31日 星期二 下午2:26,,"May be an image of Groenendael, mastiff, collie and text",2397,1897,16,282,https://www.threads.com/@7eleventw/post/DWk5N11j1Vt,焦糖,2026年4月1日 星期三 下午12:57,,,145,6,0,2
carrefourtaiwan,https://www.threads.com/@carrefourtaiwan/post/DWkypuxglhF,阿福要告訴大家一個好消息...更多,2026年4月1日 星期三 下午12:00,,May be an image of text that says '左滑解鎖 解鎖最新優惠 阿福真心不騙',108,17,0,2,https://www.threads.com/@7eleventw/post/DWky02nDzKM,我要收授權金喔😁,2026年4月1日 星期三 下午12:02,,,98,1,1,0
dn982_7,https://www.threads.com/@dn982_7/post/DWgfcRVk9oM,現在雄工都會飛簷走壁了,2026年3月30日 星期一 下午7:56,,,42000,631,654,3493,https://www.threads.com/@7eleventw/post/DWknqLLj7sS,下次考試直接飛過及格線是不是也合理🧗‍♂️📚,2026年4月1日 星期三 上午10:24,,,60,0,0,1
xinyixhl,https://www.threads.com/@xinyixhl/post/DWjJncbFJSM,明天是我生日 可以祝我那四個字嗎,2026年3月31日 星期二 下午8:42,,"May be an illustration of banner, poster and text that says '日 LI'",8739,1222,23,53,https://www.threads.com/@7eleventw/post/DWknCczj72d,來買小七,2026年4月1日 星期三 上午10:19,,,346,1,0,1
dolphin.8021459,https://www.threads.com/@dolphin.8021459/post/DWjWbbLiSXv,"當我拖著疲憊的身體回到家
我的貓：擺起戰斗姿勢QQ",2026年3月31日 星期二 下午10:35,,,97000,498,2495,9453,https://www.threads.com/@7eleventw/post/DWkYgZDD2h-,皮卡丘的戰鬥姿勢也是這樣,2026年4月1日 星期三 上午8:12,,,18000,22,25,570
eternity85464,https://www.threads.com/@eternity85464/post/DWjIYEnFAEB,"愛上沒什麼了不起
愛下去才了不起
脆友有想要甜甜的戀愛嗎",2026年3月31日 星期二 下午8:31,,"May be an image of one or more people, people sleeping, train and text",69000,645,2622,2297,https://www.threads.com/@7eleventw/post/DWkYCxsD_su,不說我還以為今天是情人節❤️,2026年4月1日 星期三 上午8:08,,,6042,14,13,16
puugee0908,https://www.threads.com/@puugee0908/post/DWg9q-Ukgpc,請問大家，該怎麼形容這顆緊張的滷蛋？🥚💦,2026年3月31日 星期二 上午12:19,,"May be an image of congee, boiled egg and text",11000,764,87,500,https://www.threads.com/@7eleventw/post/DWkXaleEsoh,滿頭蛋汗🫶,2026年4月1日 星期三 上午8:02,,,3832,1,1,22
traveler_william,https://www.threads.com/@traveler_william/post/DWjMt2kkjNI,女友說讚破1000就陪我去徒步環島🔥🇹🇼,2026年3月31日 星期二 下午9:10,,,51000,1133,78,155,https://www.threads.com/@7eleventw/post/DWkQ3Vzkkl_,"要出發了沒？
環島路上我在，全台7-11幫你補血⚡️",2026年4月1日 星期三 上午7:05,,,6216,13,1,14
holalala_douliu,https://www.threads.com/@holalala_douliu/post/DWhyVEWk7Vx,"欸～你們這款要買！
這次新品第一名頒發給他
是平替版的軟餅乾
下午茶、單吃都好吃💛
這不是菠蘿麵包
是好吃的軟餅乾$30
完全嚇壞能一直賣下去✨✨✨",2026年3月31日 星期二 上午8:00,,"May be an image of ‎oatmeal cookies, cookies, gingerbread cookie and ‎text that says '‎בנבעכח R‎'‎‎",2245,70,46,1898,https://www.threads.com/@7eleventw/post/DWkQY4KEi7t,手刀衝7-11,2026年4月1日 星期三 上午7:01,,,33,1,0,0
ll.1ooz,https://www.threads.com/@ll.1ooz/post/DWi7RwSk6ai,"同事在咖喱飯拌與不拌之間
選擇了沾
@0802py",2026年3月31日 星期二 下午6:37,,,35000,773,1071,13000,https://www.threads.com/@7eleventw/post/DWkQCa6Eo9P,你贏了,2026年4月1日 星期三 上午6:58,,,634,1,0,0
_.lun02,https://www.threads.com/@_.lun02/post/DPgTUTGEdGU,,2025年10月7日 星期二 下午6:30,,,0,0,0,0,https://www.threads.com/@7eleventw/post/DWjfXudD19u,秘密~,2026年3月31日 星期二 下午11:52,,,492,7,2,0
hui_ling601,https://www.threads.com/@hui_ling601/post/DWjc8pIk6uy,"我剛回台中太累到
@7eleventw
買個糧
想說綠色的不是抹茶
應該就是我愛的開心果口味之類的
（（沒翻到背面看是什麼東西））
回到家ㄧ看
馬的⋯芥末口味
愚人節我被
@7eleventw
整了",2026年3月31日 星期二 下午11:31,,"May be an image of durian, bread, wafer and text that says '2075 D4 MLAIINN 2026 2026.04.0 2026.04.022465 ヒ 2129 04.02 24時 ? 7558 W 58 4""00 4""009253 這不是/ 抹茶 松餅！ 7-ELEVEN 嚴人限定 WoW! 愚人限定 This Is ThisIsNot Not Matcha Wa' | May be an image of tea, crackers, seaweed, wafer and text",42,11,1,5,https://www.threads.com/@7eleventw/post/DWje5ksDyEI,抱歉,2026年3月31日 星期二 下午11:48,,,25,1,0,1
monarudo2025,https://www.threads.com/@monarudo2025/post/DVTCm2mEmF1,欸幹明天就4月了欸,2026年2月28日 星期六 下午6:02,,,120000,1072,1778,2783,https://www.threads.com/@7eleventw/post/DWjexl2j_-M,各位，我預言再10分鐘就是4月了,2026年3月31日 星期二 下午11:47,,,262,2,0,2
rhsuann,https://www.threads.com/@rhsuann/post/DWhztqGEqMC,"雖然明天才是愚人節
但今天就買到布布跟翻轉飯糰了嘻嘻",2026年3月31日 星期二 上午8:12,,"May be an image of wafer, durian, bandage and text | May be an image of tofu, seaweed, wafer and text",22000,115,289,14000,https://www.threads.com/@7eleventw/post/DWjZP38km19,哇你有六個咘布,2026年3月31日 星期二 下午10:59,,,195,0,1,0
english.cube_,https://www.threads.com/@english.cube_/post/DWjW8WeETs4,7-11 這次愚人節限定的食物都太有趣了吧🤣,2026年3月31日 星期二 下午10:39,,"May be an image of bread, wafer, pie and text | May be an image of text that says '愚人節相關英文學習 愚人節 相關英文學習 April Fool's AprilFool'sDay懸人節 Day 愚人節 prank悪作劇 prank 悪作劇 trick把戲 把戲 trick joke joke玩笑 玩笑 fall for fallforit上黨 it 上當 WIE'",245,6,11,168,https://www.threads.com/@7eleventw/post/DWjXbBzkoMS,叫我第一名☝️,2026年3月31日 星期二 下午10:43,,,73,1,1,2
chrisdu.tw,https://www.threads.com/@chrisdu.tw/post/DWjMCQxEkuu,鶯歌這間咖啡廳的店貓真的太可愛了啦，下次還要再來找你玩😍,2026年3月31日 星期二 下午9:03,,"May be an image of dining table and text | May be an image of pasta, smoked salmon, spaghetti, strawberry, noodles and text | May be an image of cocktail and text | May be an image of sofa, lamp, armchair, futon, beanbag chair, indoors and text | May be an image of childrens toy, lighting, rack, display case, lego, shelf, indoors and text | May be an image of toy, display case, lamp, shelf and text | May be an image of tortoiseshell cat, Abyssinian cat, kitten, fur and text | May be an image of lighting, dining table, indoors and text | May be an image of cabinet, door and text | May be an image of deck chair, indoors and text | May be an image of lighting, signboard and text that says 'FOR HERE OR TAKE OUT ATESA' | May be an image of buildings and text",9644,127,219,1893,https://www.threads.com/@7eleventw/post/DWjWl3VkreS,舞龍舞貓超Q,2026年3月31日 星期二 下午10:36,,,51,1,0,1
annyliu0320,https://www.threads.com/@annyliu0320/post/DWiP0xWkVh7,發現7-11居然出了翻轉肉鬆飯糰，身為肉鬆控一定要來吃一大口都是肉鬆好滿足，大家快去吃！！！,2026年3月31日 星期二 下午12:17,,"May be an image of oatmeal cookies, chocolate bar, cookies, wafer and text | May be an image of sushi, seaweed, soy sauce and text",5686,122,87,6805,https://www.threads.com/@7eleventw/post/DWjUxXNksNd,看我主頁更多愚人節商品,2026年3月31日 星期二 下午10:20,,,100,1,0,0
yuman7288,https://www.threads.com/@yuman7288/post/DWiz2CSES7A,統一布丁 焦糖出走咘布 沒有焦糖的$18,2026年3月31日 星期二 下午5:32,,May be an image of dessert and text | May be an image of dessert and text | May be an image of text | May be an image of durian and text,17000,153,251,4169,https://www.threads.com/@7eleventw/post/DWjUqr1ErZs,你們不要太為難我...,2026年3月31日 星期二 下午10:19,,,224,9,0,0
elsa0123go,https://www.threads.com/@elsa0123go/post/DWjJfymkQol,我也是擁有統一布布的人了😆,2026年3月31日 星期二 下午8:41,,"May be an image of wafer, bread and text",1645,72,14,239,https://www.threads.com/@7eleventw/post/DWjUljCEtpZ,你贏了,2026年3月31日 星期二 下午10:18,,,74,2,0,0
lsh_072,https://www.threads.com/@lsh_072/post/DWiw7NKk_lk,"別人還在搶統一布布
我們班已經有一顆丁丁🍮
劇透
劇透",2026年3月31日 星期二 下午5:07,,"May be an image of pegboard and text | May be an image of matchbook, tea, dustpan, carton, bucket, picture frame and text",3011,21,22,145,https://www.threads.com/@7eleventw/post/DWjQ2p_kis0,,2026年3月31日 星期二 下午9:46,,,658,1,0,3
wnf.lifestyle,https://www.threads.com/@wnf.lifestyle/post/DWjNqIek6H3,"@7eleventw
愚人節商品收集到幾個？",2026年3月31日 星期二 下午9:18,,"May be an image of gelato, ice cream, wafer, durian and text that says 'SSSE MLU 花生 香菜 Peanut ECREAM Coriander ICE Peanut-Gorianda CREAM CONE' | May be an image of ice cream and text that says 'D DICE ICEFACTORY ICE FACTORY 핑!공! 꽁!퐁! 카라멜맛! 아이스크림 拉麵冰 언라면 ） UNRAMYUN Milk MiA フ 新片僅烘号考 活息考 原片' | May be an image of seaweed and text that says '乳鲜屋 奥 盲盒 海苔 lG 魚卵龍蝦 WoW 7-ELEVEN 感人限定 魚卵龍蝦 風味沙拉 Crayfish &Salad & 搭配驚喜 &aad搭配驚喜 元 39' | May be an image of ‎tofu and ‎text that says '‎有效日期 2026.04.03 有效日期：2026.04.03 03 3時 2026 04. 製造日期： 2026. 製造日期：2026.03.30 -03. 30 熱音 406大卡/份 III 免新萬微皮 器 ا হ 0330A 2756218509337 275621 7 家用 ห่ท่ 49F 49 434秒 這不是 滷肉飯！ 最人限定 BLEVEN 7-ELEVEN WoW! Thisi is Not Braised PorkRice Pork Rice NON の調包注意 SERIOUS USE ONLY ELAA‎'‎‎ | May be an image of wafer, durian and text that says '抹茶 抹个福 是 鬆餅！ 2026.04.02 .04.02 02 243 2026 E E 04 1049 2 75581406921 異人限定 7-ELEVEN WoW! This Match Match. ThuEMo FiNot ffle! 早' | May be an image of seaweed and text | May be an image of wafer, bread, durian and text",60,9,1,10,https://www.threads.com/@7eleventw/post/DWjNvawkrHA,我全都要,2026年3月31日 星期二 下午9:18,,,38,4,0,0
nanaq1111,https://www.threads.com/@nanaq1111/post/DWjA-9DjzIZ,"沒事真的不要把御飯糰+茶葉蛋+雞胸拌一起
因為好吃明天還想再吃 (≧∇≦)
茶葉蛋完美去掉御飯糰的御味！！！！！！
熱量388 蛋白質33",2026年3月31日 星期二 下午7:27,,May be an image of seaweed and text | May be an image of broccoli and text | May be an image of text,1346,22,32,359,https://www.threads.com/@7eleventw/post/DWjMdDTEvM1,你7-11特級廚師？,2026年3月31日 星期二 下午9:07,,,98,1,0,0
twicetagram1020_2015,https://www.threads.com/@twicetagram1020_2015/post/DWghDRiFJgn,"我同時發佈了Twice 九人🍭
恭喜你分配到子瑜💙🦌
劇透",2026年3月30日 星期一 下午8:09,,May be an image of concert and text,33000,149,180,145,https://www.threads.com/@7eleventw/post/DWjMVDSEkxF,"謝謝你
這是我的品牌大使",2026年3月31日 星期二 下午9:06,,,1365,9,4,1
xyiao8_,https://www.threads.com/@xyiao8_/post/DPfrIxekSXR,統一可以出一個這樣的布丁嗎 我幫你增加業績,2025年10月7日 星期二 下午12:39,,No photo description available.,18000,170,1206,664,https://www.threads.com/@7eleventw/post/DWjKByyknwK,留友看增加業績,2026年3月31日 星期二 下午8:46,,,315,3,1,1
arnaud_campagne,https://www.threads.com/@arnaud_campagne/post/DWgRojnmac2,"在歐洲生活，讓我學會了「慢下來」，
也讓我更重視內在的精神生活
在亞洲生活，則讓我明白
半夜兩點附近有一家 7-11，真的很方便",2026年3月30日 星期一 下午5:55,,,3018,36,48,29,https://www.threads.com/@7eleventw/post/DWjJ-CEkjzD,緩光臨隨時來巷口小七,2026年3月31日 星期二 下午8:45,,,38,1,1,1
yi_long_cc,https://www.threads.com/@yi_long_cc/post/DWdp0f1E7mL,"欸不是，你在那邊幹嘛？
我還以為我眼花了",2026年3月29日 星期日 下午5:28,,May be an image of tea and text,38000,277,578,2916,https://www.threads.com/@7eleventw/post/DWjJstgEqqu,這篇文章在隱喻狗狗懷才不遇，屢遭貶官的抑鬱心情,2026年3月31日 星期二 下午8:43,,,1384,2,2,18
alism1706,https://www.threads.com/@alism1706/post/DWX6GE-E1eu,要笑死,2026年3月27日 星期五 上午11:55,,,29000,497,1334,8535,https://www.threads.com/@7eleventw/post/DWjJmEDEmuE,這是台灣隊長三明治,2026年3月31日 星期二 下午8:42,,May be an image of wafer and text,61,0,0,2
ms.subin13,https://www.threads.com/@ms.subin13/post/DWff0hck7hZ,這是泰國最可怕的回憶,2026年3月30日 星期一 上午10:39,,,100000,3840,4349,76000,https://www.threads.com/@7eleventw/post/DWjJAMwkk4N,"你想抽的是這個嗎？
劇透",2026年3月31日 星期二 下午8:37,,May be a cartoon of toy and text,45,1,0,3
thuglife_1298,https://www.threads.com/@thuglife_1298/post/DWfqYNNkYSz,"假如你某天醒來
發現自己被人綁在床上
一個跟你長得一摸一樣的人挑起你的下巴
對你說「從現在開始，我將替代你」
你會說什麼？",2026年3月30日 星期一 下午12:12,,,36000,5578,562,2540,https://www.threads.com/@7eleventw/post/DWjIvYOEnXu,緩光臨海巡交給你了（躺床上睡覺）,2026年3月31日 星期二 下午8:35,,,63,0,0,0
isastehe,https://www.threads.com/@isastehe/post/DWit0PXiSVw,我在捷運上不能大笑 好痛苦😭,2026年3月31日 星期二 下午4:39,,,160000,2506,7717,77000,https://www.threads.com/@7eleventw/post/DWjHmldFPeX,還記得我嗎？,2026年3月31日 星期二 下午8:25,,"May be an image of blimp, balloon, parachute, beach ball and text",4407,29,14,50
71__fairy,https://www.threads.com/@71__fairy/post/DWigquFExID,"711動作很快欸！明天是愚人節🤪
上架了很多奇怪的東西！
抹茶鬆餅是芥末鬆餅
菠蘿麵包是奶油餅乾
滷肉飯是滷肉飯形狀的麵
我一個都不敢買哈哈哈哈哈",2026年3月31日 星期二 下午2:45,,"May be an image of noodles and text | May be an image of breadstick and text | May be an image of wafer, vending machine, durian and text | May be an image of shiitake mushrooms and text that says '機 梅 現 ံး 翻肉鬆飯糖 鬆飯糖 Ls 轉 Wow 墨人 7-ELEVEN 無人限定 RE or Pork Floss Rice Ball'",237,13,4,57,https://www.threads.com/@7eleventw/post/DWi4YhCj3Ex,健身後可以試一下💪💪,2026年3月31日 星期二 下午6:12,,,43,2,0,0
itspotato_x,https://www.threads.com/@itspotato_x/post/DWeKIptk-lZ,.......potato,2026年3月29日 星期日 下午10:11,,,1734,311,31,9,https://www.threads.com/@7eleventw/post/DWisYV-j01G,……7-ELEVEN,2026年3月31日 星期二 下午4:27,,,568,1,1,0
no_ging_no_gain_tw,https://www.threads.com/@no_ging_no_gain_tw/post/DWfWlpuEyNe,tag你想到的朋友,2026年3月30日 星期一 上午9:19,,May be an image of text that says '登門鬧 聲源：仁福里長 聲源仁福里長吳肇輝 聲源： 吳肇輝 他不吸毒的時候人很正常 人很正常 他不吸毒的時候 VBC經典賽高市擬出席日韓戰開球當 高市擬出席日！ 當天通',51000,4005,2127,22000,https://www.threads.com/@7eleventw/post/DWipvTNj8L_,我不上班的時候，沒發文,2026年3月31日 星期二 下午4:04,,,734,5,2,6
junde_selfeat,https://www.threads.com/@junde_selfeat/post/DWiBiN7D6Nq,"什麼！連7-11也開始玩愚人節遊戲了😳😱
這真的不是滷肉飯🤣🤣🤣",2026年3月31日 星期二 上午10:12,,"May be an image of tofu, pie and text | May be an image of chow mein, ramen, noodles and text",10000,343,51,2283,https://www.threads.com/@7eleventw/post/DWipijLD8xC,愚人節大師來了,2026年3月31日 星期二 下午4:02,,,764,2,2,2
serenafoods.tw,https://www.threads.com/@serenafoods.tw/post/DWiGlqoj_yu,"
你再這樣小心你生日的時候我不跟你說生日快樂😡",2026年3月31日 星期二 上午10:57,@7eleventw,,199,4,0,1,https://www.threads.com/@7eleventw/post/DWiVz5mD3Gt,7愛的 不要這樣🫶🫶,2026年3月31日 星期二 下午1:10,,,41,0,0,1
caien_l,https://www.threads.com/@caien_l/post/DWiRLmKD23E,"
小編好吃嗎",2026年3月31日 星期二 下午12:29,@7eleventw,,0,1,0,0,https://www.threads.com/@7eleventw/post/DWiSZAOjzag,小編好吃（？,2026年3月31日 星期二 下午12:40,,,6,0,0,0
xinyixhl,https://www.threads.com/@xinyixhl/post/DWiDzkJiVQQ,"貼心提醒
一定要買給朋友吃抹茶鬆餅",2026年3月31日 星期二 上午10:32,,"May be an image of tofu, durian, wafer, seaweed and text that says '2026 2026.04.04 24時 04 04.04 蘿 迎包！ 20264.02 WoW! A入EVEN 表人限定 7-ELEVEN 新 S NOAT Not 這不是 抹名 抹 法香知！！ 松公民バ NoW! 7-ELEVEH 還人限定 IOUSUSEONLY AsIsA'",424,13,2,79,https://www.threads.com/@7eleventw/post/DWiKiiOj__a,讓他體驗一下世芥末日💚,2026年3月31日 星期二 上午11:31,,,63,1,0,0
zzzunderseven,https://www.threads.com/@zzzunderseven/post/DWiATBzkzGz,"7-11推出愚人節限定整人飯糰
真的不要開玩笑⋯這也叫整人？
這肉鬆量多到對原本就喜歡吃肉鬆的人來說
根本是福利了吧😍😍
@7eleventw
請你聽勸：
直接在外面加一片海苔之後把它變成常態商品
謝謝！",2026年3月31日 星期二 上午10:02,,May be an image of food and text,841,31,3,82,https://www.threads.com/@7eleventw/post/DWiKdfpj8U-,立刻轉達研發團隊🫶🫶,2026年3月31日 星期二 上午11:30,,,561,7,1,1
chenshibin47,https://www.threads.com/@chenshibin47/post/DWhwzd9ExYJ,"有沒有勇者嘗試過這是什麼奇妙產品🤔還愚人節限定
#愚人節",2026年3月31日 星期二 上午7:46,,May be an image of soy sauce and text that says '有效日期： 2026.04.03 2026 03 製造日期 3時 2026.03. 30 熱量 406大卡/份 免时微皮 7 2756218509337 0330A 家用微波700W 2分34秒 49元 49元 這不是 滷肉飯！ WoW! 愚人限定 7-ELEVEN 無人限定 πε This is Not Braised PorkRice Pork Rice 0調包注意',228,21,0,116,https://www.threads.com/@7eleventw/post/DWiIuMGjzAZ,滷肉飯！,2026年3月31日 星期二 上午11:15,,,25,1,0,0
store__foodie,https://www.threads.com/@store__foodie/post/DWh6PrZAX2P,"《7-11》
愚人節限定！！！
翻轉肉鬆飯糰外面滿滿的肉鬆
肉鬆控不要錯過了😋😋😋",2026年3月31日 星期二 上午9:09,,"May be an image of tofu, seaweed and text | May be an image of croquette, oatmeal cookies, cake, coconut macaroon, crackers, bread, cutlet, wafer and text | May be an image of croquette, tofu, rice and text that says 'Pork SERIOUS NON-SERIOUS Floss NON- Floss USE Rice Rice Ball! ONLY'",1090,39,15,1264,https://www.threads.com/@7eleventw/post/DWiIq5FD2LR,你贏了,2026年3月31日 星期二 上午11:15,,,15,0,0,0
crazray,https://www.threads.com/@crazray/post/DWh0yN2kpqW,這邊先餵脆友吃個咘布,2026年3月31日 星期二 上午8:21,,"May be an image of ice cream, wafer, durian and text | May be an image of wafer and text | May be an image of wafer, bread and text that says '番羽 肉鬆飯糖 Wow 肉鬆飯糖 轉 7-ELEV 長人限定 一手' | May be an image of text",20000,87,422,3387,https://www.threads.com/@7eleventw/post/DWiIn5yjwcg,你贏了,2026年3月31日 星期二 上午11:14,,,802,1,2,4
windyangelina,https://www.threads.com/@windyangelina/post/DWdHImxD9BA,沒有醬油沒有瓦薩米怎麼辦,2026年3月29日 星期日 下午12:26,,,25000,3353,679,10000,https://www.threads.com/@7eleventw/post/DWht3EQkgCy,我建議你先不要這樣,2026年3月31日 星期二 上午7:21,,,1206,4,1,22
sean_vics,https://www.threads.com/@sean_vics/post/DWgXWWBkZdh,"剛剛去7-11 幫女兒找這個
我：請問布朗尼蛋糕棒在哪？
店員：布朗尼蛋糕棒就棒在周子瑜代言
我：⋯⋯⋯⋯⋯",2026年3月30日 星期一 下午6:45,,"May be an image of hand cream, wafer and text",58000,261,1891,5781,https://www.threads.com/@7eleventw/post/DWhsV3kEvRm,"不好意思
這位同事可能太入戲了🙂
但棒的地方我們認同",2026年3月31日 星期二 上午7:07,,,13000,1,13,35
a85217579,https://www.threads.com/@a85217579/post/DWeGGnxGQeZ,,2026年3月29日 星期日 下午9:35,,,0,0,0,0,https://www.threads.com/@7eleventw/post/DWhr4HOki9H,"夠誠實
這波你贏了
all in茶葉蛋
連本金都直接下鍋🙂",2026年3月31日 星期二 上午7:03,,,19000,12,4,35
naruko.tw,https://www.threads.com/@naruko.tw/post/DWfo9EfkVSn,"停下！
用一句話證明你是狠角色。",2026年3月30日 星期一 上午11:59,,,5286,2332,38,200,https://www.threads.com/@7eleventw/post/DWhrQcAknjk,統一布布只有7-11買得到,2026年3月31日 星期二 上午6:58,,,220,2,0,1
xinyixo_,https://www.threads.com/@xinyixo_/post/DWfl_GyGg1-,"如果你走在路上
突然遇見了小時候的自己
背著書包擦肩而過
你會對他說什麼",2026年3月30日 星期一 上午11:33,,,47000,5258,1536,2081,https://www.threads.com/@7eleventw/post/DWhK9Xrj2Q9,等一下考試全猜C,2026年3月31日 星期二 上午2:16,,,221,1,0,3
lu7taii,https://www.threads.com/@lu7taii/post/DWgd6PuE7Td,雲門舞集韓式辣味鍋貼x玉米濃湯 超好吃 我的天,2026年3月30日 星期一 下午7:42,,"May be an image of cinnamon roll, crumbcake, fritter and text",26000,1571,618,9747,https://www.threads.com/@7eleventw/post/DWg35XsD0C7,我建議你先不要這樣,2026年3月30日 星期一 下午11:29,,,15000,22,10,89
doc_hsunchen,https://www.threads.com/@doc_hsunchen/post/DWgPf3gCTpI,"
營養師中姓陳的50位，姓林的30位。請問若隨機組隊打籃球，一隻球隊抽一位，輪流抽籤，剛好抽到五位陳營養師對上五位林營養師的機率是多少？",2026年3月30日 星期一 下午5:36,@funcareltd,,27000,128,94,938,https://www.threads.com/@7eleventw/post/DWg3pvDj7VP,大約是 0.0143%,2026年3月30日 星期一 下午11:27,,,304,4,0,5
serenafoods.tw,https://www.threads.com/@serenafoods.tw/post/DWgYmKVD_ei,"終於輪到我了！
可以跟我說那四個字嗎？",2026年3月30日 星期一 下午6:55,,May be an image of pie and text,9974,1930,52,201,https://www.threads.com/@7eleventw/post/DWg2copD1-F,小七有賣,2026年3月30日 星期一 下午11:16,,,1498,13,0,16
yingfu1009,https://www.threads.com/@yingfu1009/post/DWfe1N3ERNn,"同時發了兩篇文，你被分配到的是可愛貓貓
劇透",2026年3月30日 星期一 上午10:31,,May be an image of kitten and text,96000,1263,667,2296,https://www.threads.com/@7eleventw/post/DWg2XNHj3zr,留友看可怕貓貓,2026年3月30日 星期一 下午11:16,,,121,3,0,1
_superb.glacier,https://www.threads.com/@_superb.glacier/post/DWgi5IKEj8j,誰能告訴我 喝一分糖到底跟無糖差別在哪,2026年3月30日 星期一 下午8:25,,,51,155,2,3,https://www.threads.com/@7eleventw/post/DWg2GVVD1nu,一個是一分糖 一個是無糖,2026年3月30日 星期一 下午11:13,,,45,3,0,1
bnbchina78,https://www.threads.com/@bnbchina78/post/DWftP1IlEQh,"我宣布📣
Threads 第一屆《水瓶座到底在想什麼》大賽
正式開始 ♒🧠
我先來🙋🏼‍♀️🙋‍♂️
上一秒很熱
下一秒像陌生人🙂",2026年3月30日 星期一 下午12:37,,,3599,426,157,1195,https://www.threads.com/@7eleventw/post/DWguHE0jz5E,"水瓶星人
懂的就懂",2026年3月30日 星期一 下午10:03,,,47,1,0,1
lin.cooks_,https://www.threads.com/@lin.cooks_/post/DWfmCLlksQt,"3月ෆ第四週
戒糖戒炸物8年 生活還是很快樂⋯💖",2026年3月30日 星期一 上午11:34,,"May be an image of ramen, vegetable, prawn and text | May be an image of zucchini and text | May be an image of croquette, oatmeal cookies, coconut macaroon, cutlet, fritter and text | May be an image of tofu, vegetable, prawn and text | May be an image of algae, juice, smoothie and text | May be an image of cornflower and text | May be an image of tea maker, wash basin, cocktail shaker, canister, jug, water filter, water bottle and text | May be an image of sweatpants, top and text",12000,147,343,1484,https://www.threads.com/@7eleventw/post/DWgqUObD1SP,不好意思，請問這家餐廳在哪？我想去吃,2026年3月30日 星期一 下午9:30,,,118,0,0,3
zer0.isme,https://www.threads.com/@zer0.isme/post/DWdBDLwEfM8,"蓋個尷尬樓—
ㅤ
我先👇🏻
之前去補辦身分證的時候
櫃台說要身份證件
然後我無意間掏出了身分證。",2026年3月29日 星期日 上午11:32,,,110000,6954,5187,30000,https://www.threads.com/@7eleventw/post/DWgpY7BD15A,"我之前在櫃檯
客人說要用載具
然後打開的是IG🙂",2026年3月30日 星期一 下午9:22,,,2586,12,3,31
yicc___,https://www.threads.com/@yicc___/post/DWd1J-4AXuA,17歲用人生第一份薪水請全家吃飯😎,2026年3月29日 星期日 下午7:07,,"May be an image of hot pot, fondue, pot, buffet and text | May be an image of ticket stub, napkin and text",67000,1034,158,258,https://www.threads.com/@7eleventw/post/DWgoV86j6gj,"賺到第一份薪水，也是從小孩升級成「初級大人」的那一刻🥹
責任變多了，辛苦的時候
歡迎來小7坐坐
我們一直都在，always open 🧡",2026年3月30日 星期一 下午9:13,,,208,3,0,0
0501_betty.33,https://www.threads.com/@0501_betty.33/post/DWf0vqaj8nQ,"都說爛桃花是上輩子的情債
我他媽的上輩子是去逛青樓了嗎
還辦了卡的那種",2026年3月30日 星期一 下午1:42,,,64000,626,3854,12000,https://www.threads.com/@7eleventw/post/DWgmXErj7zX,先別管爛桃花，4/1記得到7-11找統一布布,2026年3月30日 星期一 下午8:56,,,2171,12,9,64
hongxuanw2018,https://www.threads.com/@hongxuanw2018/post/DWeIIs0AOJ2,"在跟客人說話的時候…
看到隔壁便當店阿姨，在幫我們掃騎樓…
其實，這已經不是一兩次了🥹
這三年來，只要她看到我們比較忙…
就會默默地幫我們打掃、幫我們把垃圾順手處理好…
她也不會特別說什麼
就是這樣，很自然地做著…🥹
謝謝隔壁阿姨，一直這樣照顧著我們🤍
未來三年請再多多指教❤️",2026年3月29日 星期日 下午9:53,,,140000,1478,1011,714,https://www.threads.com/@7eleventw/post/DWggc5hjx3D,留友看Always OPEN的善心,2026年3月30日 星期一 下午8:04,,,151,1,0,0
kd_tj19,https://www.threads.com/@kd_tj19/post/DWgf8ElEelX,"
太榮幸了 雞胸肉只吃你們家的🫰🏻",2026年3月30日 星期一 下午8:00,@7eleventw,,1,1,0,0,https://www.threads.com/@7eleventw/post/DWggPNxD6CL,愛惹愛惹,2026年3月30日 星期一 下午8:02,,,3,0,0,0
ikmo_52,https://www.threads.com/@ikmo_52/post/DWYMaSnkbUn,"同樣去小七買泡麵
這就是我們的差別",2026年3月27日 星期五 下午2:35,,"May be an image of ramen, egg yolk, poached egg, noodles, dumpling, chopsticks, boiled egg and text | May be an image of chow mein, croquette, ramen, tofu, soy sauce, boiled egg and text",3935,104,31,156,https://www.threads.com/@7eleventw/post/DWgfuy9DzWH,你吃得不只是飽足，是富足,2026年3月30日 星期一 下午7:58,,,1103,2,0,2
kd_tj19,https://www.threads.com/@kd_tj19/post/DWdmvTIEawJ,實測過了 我給ㄅㄅㄅㄅㄅ級分 還加了玉米,2026年3月29日 星期日 下午5:01,,"May be an image of tofu, seaweed, petfood and text | May be an image of poached egg, tofu, seaweed, boiled egg, chopsticks, fork and text | May be an image of text",7257,44,196,2259,https://www.threads.com/@7eleventw/post/DWgfe08jy-h,來小七買食材來拌就已經ㄅ級分,2026年3月30日 星期一 下午7:56,,,84,1,0,3
shichenh,https://www.threads.com/@shichenh/post/DWdSkiekUYH,D錯在哪,2026年3月29日 星期日 下午2:05,,May be an image of text,43000,566,1152,4199,https://www.threads.com/@7eleventw/post/DWgfYBsDwsZ,因為孟德爾沒有說緩光臨,2026年3月30日 星期一 下午7:55,,,160,1,0,1
daydrink_nightmeow,https://www.threads.com/@daydrink_nightmeow/post/DWev2N4iFlJ,"
我任性 只要這兩個可以嗎",2026年3月30日 星期一 上午3:40,@catbehaviordoctor,May be an image of bandage and text that says '痛痛飛走了 痛痛飛走了（兒童版） （兒童版） 痛痛飛走了 痛痛飛走了（成人版） （成人版）',154,2,0,15,https://www.threads.com/@7eleventw/post/DWgfO4Xj-C6,兩種可食用的痛痛飛走了，小七都有販售,2026年3月30日 星期一 下午7:53,,,6,0,0,0
iamteresa0424,https://www.threads.com/@iamteresa0424/post/DWgKu88CcLt,"7-11真的害死人！整個戒酒大破功…😤😤
有碎冰的冰結，太爽了啦！！！！",2026年3月30日 星期一 下午4:54,,May be an image of juice and text that says '水結 結 HYOKETSU STRONG STR ONG 氷結 氷 LENE STRONG Sha+冰杯 Shat 白桃 5ha++冰杯 無酒精 3阿奇機 阿奇機',8092,106,314,7659,https://www.threads.com/@7eleventw/post/DWgc0DXD39Y,酒後不開車，安全有保障~,2026年3月30日 星期一 下午7:32,,,68,1,0,1
m1lliy_,https://www.threads.com/@m1lliy_/post/DWdWN6Xk6gY,出淤泥而全身塗抹均勻,2026年3月29日 星期日 下午2:37,,,150000,4141,19000,43000,https://www.threads.com/@7eleventw/post/DWgLh15D2Cn,人生得意須盡歡，優惠全在7-11,2026年3月30日 星期一 下午5:01,,,166,7,0,3
luaaron1116,https://www.threads.com/@luaaron1116/post/DWd4_iNEnN7,"天涯何處無芳草
＿ ＿ ＿ ＿ ＿ ＿ ＿",2026年3月29日 星期日 下午7:41,,,23000,2468,278,1379,https://www.threads.com/@7eleventw/post/DWgFaZ_D7QW,轉角哪裡無小七,2026年3月30日 星期一 下午4:08,,,3465,20,5,17
aben6011,https://www.threads.com/@aben6011/post/DWdACvtkXrh,香蕉哥哥：「？？？」,2026年3月29日 星期日 上午11:23,,,19000,208,325,1149,https://www.threads.com/@7eleventw/post/DWft682jw7D,各位好，想要購買方便的香蕉請到7200家7-11選購，謝謝您們的光臨。,2026年3月30日 星期一 下午12:43,,,269,0,0,0
jay_medtech,https://www.threads.com/@jay_medtech/post/DWRMYsgE6JD,"小時候超喜歡把養樂多放冷凍
這樣吃真的超級爽的啊😂
有誰也有一樣的童年吃法嗎？",2026年3月24日 星期二 下午9:20,,"May be an image of medicine, condiment, ointment, milk and text",6928,319,113,256,https://www.threads.com/@7eleventw/post/DWfq7fnj45S,冷凍統一布丁！！,2026年3月30日 星期一 下午12:16,,,733,5,0,1
yanshiun0729,https://www.threads.com/@yanshiun0729/post/DWbzszTEivg,"如果你的前任掉進水裡了
以你的專業能為他做什麼",2026年3月29日 星期日 上午12:16,,,7602,3388,174,1499,https://www.threads.com/@7eleventw/post/DWfQj0bj8P9,發文拜託脆友救人,2026年3月30日 星期一 上午8:26,,,263,2,0,1
_en0209,https://www.threads.com/@_en0209/post/DWbIKxyiZgn,"這是我女兒自製的蛋包飯🤭
劇透",2026年3月28日 星期六 下午5:56,,May be an image of egg and text,15000,247,107,305,https://www.threads.com/@7eleventw/post/DWfPSPuD-mg,我覺得你女兒做的很棒💕,2026年3月30日 星期一 上午8:15,,,242,3,0,0
ant79_c,https://www.threads.com/@ant79_c/post/DWdz8pZCSyh,很大顆的吊飾,2026年3月29日 星期日 下午6:57,,,45000,354,804,3065,https://www.threads.com/@7eleventw/post/DWfPMu4jw_Q,請問這娃包那裡買？,2026年3月30日 星期一 上午8:14,,,2897,0,0,18
lois.xiv,https://www.threads.com/@lois.xiv/post/DWeIz-5D1MW,,2026年3月29日 星期日 下午9:59,,,0,0,0,0,https://www.threads.com/@7eleventw/post/DWfPGoNj2Y6,"沒事，我們負責方便
你負責用心❤️
這局你其實贏了👍",2026年3月30日 星期一 上午8:13,,,11000,28,5,22
deer.274490,https://www.threads.com/@deer.274490/post/DWXq24lgpGe,欸欸欸！三更半夜了還不睡覺，是在群聚開趴膩？🤫,2026年3月27日 星期五 上午9:42,,"May be an image of lighting, road, fog, street, grass, curb, night and text",46000,633,774,4745,https://www.threads.com/@7eleventw/post/DWdhZxTj9e9,排隊成為醬板鴨🦆,2026年3月29日 星期日 下午4:15,,,6953,32,15,262
jiaoy168,https://www.threads.com/@jiaoy168/post/DWbTfF8gfxz,哈士奇也會自己蓋被被……,2026年3月28日 星期六 下午7:35,,,82000,414,3526,14000,https://www.threads.com/@7eleventw/post/DWdge3ij-n5,他是不是有邊牧同學🐶,2026年3月29日 星期日 下午4:07,,,1888,6,1,7
memes_forlife999,https://www.threads.com/@memes_forlife999/post/DWaVF2diRiJ,,2026年3月28日 星期六 上午10:30,,,0,0,0,0,https://www.threads.com/@7eleventw/post/DWdbHrYD3CG,"難道這就是走在線條上的
線條小狗",2026年3月29日 星期日 下午3:20,,,332,3,0,8
yrl2883,https://www.threads.com/@yrl2883/post/DWbZAPskxwv,"
熱帶性低氣「鴨」？？？",2026年3月28日 星期六 下午8:23,@deer.274490,,5676,11,30,148,https://www.threads.com/@7eleventw/post/DWdagLrD6w2,鴨力山大,2026年3月29日 星期日 下午3:14,,,21,1,0,0
letitia_kao,https://www.threads.com/@letitia_kao/post/DWc_TG0kTlq,"救命～我婆婆用獺祭二割三分煮燒酒雞..
ㄧ整瓶阿🥲",2026年3月29日 星期日 上午11:17,,"May be an image of tofu, hot pot and text",48000,2481,518,11000,https://www.threads.com/@7eleventw/post/DWdTFf2D5Xs,"這鍋不是補身體
是補心痛😅",2026年3月29日 星期日 下午2:10,,,867,1,0,4
d1210y,https://www.threads.com/@d1210y/post/DWbgHkME39W,"在脆看到，馬上去7-11找
拿到白桃的杯杯吊飾～太可愛🥰",2026年3月28日 星期六 下午9:25,,"May be an image of lighter, bottle, hand cream, water bottle, flask, sharpener and text",1116,66,12,528,https://www.threads.com/@7eleventw/post/DWdG0gqj0yL,請各位脆友立即出發7-11尋寶,2026年3月29日 星期日 下午12:22,,,135,6,0,3
filtered0_,https://www.threads.com/@filtered0_/post/DWcSVxcE8Hx,吃超商雞胸肉微波的都是什麼人,2026年3月29日 星期日 上午4:44,,,356,141,5,6,https://www.threads.com/@7eleventw/post/DWdF0m1D_Qc,7-11的客人,2026年3月29日 星期日 下午12:14,,,499,4,0,1
gtu._.0410,https://www.threads.com/@gtu._.0410/post/DWbiCOCkYUU,‘’想要一個句句不提愛 但句句都是愛的文案‘’,2026年3月28日 星期六 下午9:42,,,21000,810,1261,931,https://www.threads.com/@7eleventw/post/DWdE2SUD7uG,,2026年3月29日 星期日 下午12:05,,,0,0,0,0
mimity.lin,https://www.threads.com/@mimity.lin/post/DWZJs-UE9Hl,"
沒有辦法 我未婚夫在婚紗前12天把自己剪成統一布丁
我現在很想跟他同鮭魚盡•ᴗ•",2026年3月27日 星期五 下午11:31,@gary_nutri365,,23000,161,46,384,https://www.threads.com/@7eleventw/post/DWc9X2OD5bd,沒關係！至少不是剪成不是統一布布,2026年3月29日 星期日 上午11:00,,,2,0,0,0
to1orrr,https://www.threads.com/@to1orrr/post/DWa92CXCXwW,夏天要到了😭😭終於可以吃我心心念念的雞蛋冰了🥵,2026年3月28日 星期六 下午4:26,,"May be an image of egg yolk, lollipop and text",20000,889,585,6836,https://www.threads.com/@7eleventw/post/DWc8xk_jzpk,你這是清冰嗎？,2026年3月29日 星期日 上午10:55,,,654,2,1,2
_i_f_112,https://www.threads.com/@_i_f_112/post/DWct5bOE9Fd,"
你對豬血糕做了些什麼事情
你都知道的吧？",2026年3月29日 星期日 上午8:45,@7eleventw,,5,1,0,0,https://www.threads.com/@7eleventw/post/DWczzi6DwMN,4/1記得來吃,2026年3月29日 星期日 上午9:36,,,10,0,0,0
ss_yy04,https://www.threads.com/@ss_yy04/post/DWb2LyLgXpZ,"噓🤫小聲說
今天我生日 可以跟我說那四個字嗎",2026年3月29日 星期日 上午12:38,,May be an image of text that says '中華民國國民身分證 日中華民國國身發 身分證 名 思好門 思 好 名2思好 好開 영 年月日 民國92年3月29日 年 3月29日 民國 發證日期',884,1455,2,18,https://www.threads.com/@7eleventw/post/DWcJ4nzku8H,生快生快🥳,2026年3月29日 星期日 上午3:30,,,46,4,0,0
n3eiiyt,https://www.threads.com/@n3eiiyt/post/DWbaxShmrA1,純炫耀我長到160我外婆給我一萬塊⋯,2026年3月28日 星期六 下午8:38,,"May be an image of money, ticket stub and text | May be an image of ticket stub and text that says '身高體重視力測量 視力任一環組於0.9番為視力 0.9岩為视力 0.9 視力任一眼低於 ψ 『班2號張ミき 班2 中 身高：160.7公分， 高:160.7 請貴家長仍能於日常生活 表仍能於日常生活中 辅助參考希望能有所助益。 更 自分配在三餐中。 供給蛋白所 、無質、'",19000,130,158,1281,https://www.threads.com/@7eleventw/post/DWcJY3XkgED,外婆還缺孫子或孫女嗎🥺,2026年3月29日 星期日 上午3:26,,,4405,0,1,13
wannaijia,https://www.threads.com/@wannaijia/post/DWa9TpoDqvh,你們不要再打了啦,2026年3月28日 星期六 下午4:21,,"May be an image of Abyssinian cat, squirrel, kitten and text",30000,532,1215,10000,https://www.threads.com/@7eleventw/post/DWb2FjOD8f5,要打就去練舞室打!!,2026年3月29日 星期日 上午12:37,,,617,1,0,18
lee_bai0519,https://www.threads.com/@lee_bai0519/post/DWYrf_DktKJ,"大家好我是李白
我第一天加入Threads",2026年3月27日 星期五 下午7:07,,,33000,1512,286,1892,https://www.threads.com/@7eleventw/post/DWbV3Y3j4zg,"李白你好
將進酒之前 先進小七補酒🍺🍺",2026年3月28日 星期六 下午7:55,,,638,4,1,3
bbd.127,https://www.threads.com/@bbd.127/post/DWaDuxPjFq0,水餃就是要配可樂才好吃,2026年3月28日 星期六 上午7:58,,"May be an image of ramen, soy sauce, chopsticks, dumpling and text",21000,1699,494,6646,https://www.threads.com/@7eleventw/post/DWbSm8bj8RU,我建議你先不要這樣,2026年3月28日 星期六 下午7:27,,,37000,40,78,312
s__03__,https://www.threads.com/@s__03__/post/DWamy16kf2N,哥哥沒說我真的沒發現,2026年3月28日 星期六 下午1:04,,"May be an image of child, studying, tablet and text that says '橡實 啊罵掉到水裡了你怎麽不放他 啊罵掉到水裡了 你怎麽不救他'",130000,593,7987,36000,https://www.threads.com/@7eleventw/post/DWbGLRcjysI,,2026年3月28日 星期六 下午5:38,,,0,0,0,0
goodboyoreoo,https://www.threads.com/@goodboyoreoo/post/DWS-R6njqJ4,양배추에ㅜ넣어서 계란찜 하라고 하셨던 분 ….정말 너무 좋아요 감사합니다,2026年3月25日 星期三 下午1:55,,"May be an image of poached egg, egg yolk, cabbage and text | May be an image of poached egg, egg yolk, grits, scrambled eggs and text",16000,369,466,1481,https://www.threads.com/@7eleventw/post/DWbAeNGD4wN,高麗菜出差系列 ep1,2026年3月28日 星期六 下午4:48,,,306,0,0,9
planckstars_taiwan,https://www.threads.com/@planckstars_taiwan/post/DWY8zqlDzIQ,有什麼有趣的帳號或有趣的靈魂可以追蹤的嗎！,2026年3月27日 星期五 下午9:38,,,319,475,18,31,https://www.threads.com/@7eleventw/post/DWa_r5pj_kv,緩光臨~,2026年3月28日 星期六 下午4:42,,,29,1,0,0
linbobao_0425,https://www.threads.com/@linbobao_0425/post/DWYzVdwAN7C,史上最短距離的便利商店,2026年3月27日 星期五 下午8:16,,,46000,3063,229,1352,https://www.threads.com/@7eleventw/post/DWadYWnj9Fl,"不管近還是遠
我只選能買到子瑜的那家",2026年3月28日 星期六 上午11:42,,,14000,28,15,47
oumin._.didi,https://www.threads.com/@oumin._.didi/post/DWZCI7_mvRl,單身,2026年3月27日 星期五 下午10:25,,,0,0,0,0,https://www.threads.com/@7eleventw/post/DWacoJRj1G4,你統一布丁 我統一咘布,2026年3月28日 星期六 上午11:35,,,82,0,0,0
love_0328_vv,https://www.threads.com/@love_0328_vv/post/DWaCbJZkufv,"各位脆友早安～～～
今日可以用四個字對我說嗎～～～✌️",2026年3月28日 星期六 上午7:46,,May be an image of toy and text,210,124,0,0,https://www.threads.com/@7eleventw/post/DWaP4-Fjx9n,我要這隻,2026年3月28日 星期六 上午9:44,,,181,1,0,1
shuncyuan,https://www.threads.com/@shuncyuan/post/DWXcx8WE7os,"有沒有那些，
「你統一天下，我統一超商」之類的幹話？
我星期六拿去騷擾路人🤣",2026年3月27日 星期五 上午7:39,,,1606,393,81,358,https://www.threads.com/@7eleventw/post/DWaPHWlD5xq,星期六到了！,2026年3月28日 星期六 上午9:37,,,58,1,0,0
zxc21328,https://www.threads.com/@zxc21328/post/DWZFn8rEngj,"寶貝對不起
我不該在拍婚紗13天前把自己剪成統一布丁
雖然很丟臉但請大家幫幫忙
老婆說超過3萬讚才要原諒我
（救命她爆哭 我真的知道錯了）
劇透
劇透",2026年3月27日 星期五 下午10:55,,May be an image of dessert and text | May be an image of ‎pie and ‎text that says '‎ب 晚上 晚上10：04 10:04 去脆上發道歉文 超過3萬人看過就原諒你 晚上10：14 不可能只有我覺得丟臉 晚上10：14 10:14 晚上 蜜蜂 去脆上發道歉文 民脆上發道歉文超過3萬人看 超過3萬人看過就 原諒你 要按讚才算 晚上10：14 晚上 10:14‎'‎‎,100000,2020,629,11000,https://www.threads.com/@7eleventw/post/DWaI4p1j5Vm,"小編先來緩頰🥺
至少不是統一布布
13天還有救，一定來得及變回帥哥",2026年3月28日 星期六 上午8:43,,,358,2,0,0
cyjukia21,https://www.threads.com/@cyjukia21/post/DWY3IIakwtQ,是誰說很好吃的==,2026年3月27日 星期五 下午8:48,,"May be an image of oatmeal cookies, bagel, plastic bag and text | May be an image of shepherd's pie, scrambled eggs and text",29,2,0,3,https://www.threads.com/@7eleventw/post/DWZE4iQD-yM,可能因為買錯家了😎,2026年3月27日 星期五 下午10:49,,,7,0,0,0
bomb_eson,https://www.threads.com/@bomb_eson/post/DWYYRkXmQQu,奢華，不過如此。,2026年3月27日 星期五 下午4:19,,May be an image of sausage and text,140000,3673,3189,21000,https://www.threads.com/@7eleventw/post/DWZAV0GDyjZ,你這差距和大家太大了，請低調,2026年3月27日 星期五 下午10:09,,,18000,10,23,67
gudreamslab,https://www.threads.com/@gudreamslab/post/DWX3M1XgP1p,大家一起來介紹一下自己的職業吧,2026年3月27日 星期五 上午11:30,,,1531,1381,20,70,https://www.threads.com/@7eleventw/post/DWY6unaj1su,開便利商店的,2026年3月27日 星期五 下午9:20,,,199,2,0,0
bai.tang__0223,https://www.threads.com/@bai.tang__0223/post/DWYo9iEAeD5,"這世界上有三種魚
深海魚
淺海魚
還有我對你的愛至死不渝",2026年3月27日 星期五 下午6:45,,,5777,91,280,1609,https://www.threads.com/@7eleventw/post/DWY5wXhj9sS,我以為你要說小七品牌大使,2026年3月27日 星期五 下午9:11,,,221,1,0,0
1.599m,https://www.threads.com/@1.599m/post/DWTbOQwkyx6,"去菜市場買韭菜 但我只要一點點
我就只拿了兩支
姨：妳只要這樣喔 那就送妳就好了
我站在那邊不知所措超久
想說不然買個其他的來湊
阿姨就說下次買菜再來找阿姨就好
還問我要不要袋子
我怎麼好意思說要T^T
所以我就抓著這兩支韭菜騎回家
好荒唐ㄉ畫面⋯
愛姨",2026年3月25日 星期三 下午6:08,,"May be an image of vegetable, scooter, white lily and text",13000,105,27,141,https://www.threads.com/@7eleventw/post/DWY4nlsD5YK,激動心情韭韭不能自已,2026年3月27日 星期五 下午9:01,,,102,0,0,1
__ni_ni1111,https://www.threads.com/@__ni_ni1111/post/DWWPLkYiVn8,"社區重要通知：
今日傍晚，本社區發生一起嚴重誤會接送事件
一名父親依指示前往國小接送兒子
惟現場久候並無該名學生
後經查證...
其大寶目前已就讀國中
本社區特此提醒：
請各位家長確實掌握子女就學階段
以維護家庭接送作業之正確性",2026年3月26日 星期四 下午8:21,,,25000,883,170,2617,https://www.threads.com/@7eleventw/post/DWY4f8zD1p7,貼心提醒這位爸爸，國一不是小七，小七是我們,2026年3月27日 星期五 下午9:00,,,909,3,2,1
skyhu_,https://www.threads.com/@skyhu_/post/DWV7ibokqvb,"我不喜歡裡面的留言這麼踴躍
skyhu_",2026年3月26日 星期四 下午5:29,,,2740,89,30,189,https://www.threads.com/@7eleventw/post/DWY3pCKD0qJ,緩光臨小七把自己買回家,2026年3月27日 星期五 下午8:53,,,76,0,0,0
pingtungflower2024,https://www.threads.com/@pingtungflower2024/post/DWWhgSwEzKy,"雖然很晚了
但還是迫不及待想跟大家分享這份驚喜
我手上這把是台灣花農種的玫瑰！！！
花頭有夠大 真的是太驚人了
真的有夠漂亮！！！
台灣花農真的太厲害了 這把玫瑰完全不輸進口的",2026年3月26日 星期四 下午11:01,,"May be an image of bouquet, prairie gentian, peony, rose, carnation and text",11000,566,114,994,https://www.threads.com/@7eleventw/post/DWY3aXkD12k,高麗菜真的要過勞了，連送花也有他的事...,2026年3月27日 星期五 下午8:51,,,1173,2,0,0
holditagainstcriminal,https://www.threads.com/@holditagainstcriminal/post/DWTrPKOj7Ce,"當時周子瑜在韓國Mcountdown的Fancy回歸舞台
那個直拍的美貌我花好長時間消化
煞到就是煞到一輩子了
今天竟然在最終場
可以看到周子瑜再畫一次星星💫
人生還有什麼求",2026年3月25日 星期三 下午8:28,,,5065,8,234,154,https://www.threads.com/@7eleventw/post/DWY2aQtD0Lp,因為子瑜美味只瞄準我這顆星🏹🌟,2026年3月27日 星期五 下午8:42,,,113,1,0,0
tony__winn,https://www.threads.com/@tony__winn/post/DWWVsvgE3--,"皮克敏是唯一
在我一整天只有走16步
還會跟我說辛苦的人",2026年3月26日 星期四 下午9:18,,May be a cartoon of text that says 'Pikmin PikminBloom Bloom 12分鐘前 辛苦了！ 辛苦了！今天走了16步．在極覺前，先來跟皮克敏 辛苦了！今天走了16步。 今天走了16歩 在睡覺前， 先來跟皮克敏 們回顧今天吧。',23000,92,439,2450,https://www.threads.com/@7eleventw/post/DWY1ifMj56Y,無論你走幾步到巷口小七，我們也會對你說聲緩光臨,2026年3月27日 星期五 下午8:34,,,1246,3,0,4
sty918005,https://www.threads.com/@sty918005/post/DWVUasclyzD,動物,2026年3月26日 星期四 上午11:48,,,0,0,0,0,https://www.threads.com/@7eleventw/post/DWY1eHSjw2J,狐獴：被偷拍也４沒辦髮,2026年3月27日 星期五 下午8:34,,,2957,0,1,20
iuaena_99,https://www.threads.com/@iuaena_99/post/DWYalPGGOqe,剛剛放學直衝全家到第三家一直都沒有，後來是店員看我好像在找東西問我找甚麼，我給她看圖片後，她就說「喔~這還沒上架，但我在補貨時有看到」然後問我要幾個後就拿給我了🥹,2026年3月27日 星期五 下午4:39,,"May be an image of medicine, tea, dental floss and text",581,10,4,62,https://www.threads.com/@7eleventw/post/DWYxCSejxoo,看我主頁有IU,2026年3月27日 星期五 下午7:55,,,178,2,0,0
ssong_zzzii,https://www.threads.com/@ssong_zzzii/post/DWYNtpKEpx5,"走遍家裡附近的全家才買到
IU太漂亮了 還是閃卡✨🥰
希望其他通路會有另外兩個版本的小卡！",2026年3月27日 星期五 下午2:46,,"May be an image of card and text | May be an image of wafer and text | May be an image of one or more people, hair, hair product, bar soap, ointment and text that says 'Ricola Quede D Gicola + Aicos IU小卡1張'",3278,48,62,2154,https://www.threads.com/@7eleventw/post/DWYw7OND5bN,看我主頁有IU,2026年3月27日 星期五 下午7:54,,,142,1,0,5
lawyer_fengdan,https://www.threads.com/@lawyer_fengdan/post/DWYMhQMCUS-,"我覺得脆的風格好像變了
從一開始風行時，滿滿抱怨文
到現在，各種讓我笑到流眼淚的貼文
脆已經成為我工作壓力太大時候
第一個想要點開滑一下好好大笑一下的軟體了
是真的風氣變了
還是我的河道真的特別搞笑？",2026年3月27日 星期五 下午2:36,,,286,71,0,4,https://www.threads.com/@7eleventw/post/DWYuyjJD0S7,你的河道應該有我吧？,2026年3月27日 星期五 下午7:36,,,38,2,0,0
its_popoya,https://www.threads.com/@its_popoya/post/DWYFYjwgC8s,這小蕃茄好可愛喔☺️,2026年3月27日 星期五 下午1:34,,May be an image of tomato and text,1598,33,18,72,https://www.threads.com/@7eleventw/post/DWYqfkFDw7p,這髮型蠻帥的！,2026年3月27日 星期五 下午6:58,,,28,0,0,0
i__sher,https://www.threads.com/@i__sher/post/DWX_4_elUZ4,跟風吃7-11拌飯 好吃欸,2026年3月27日 星期五 下午12:46,,"May be an image of poached egg, ramen, biryani, scrambled eggs, boiled egg and text",21,1,0,2,https://www.threads.com/@7eleventw/post/DWYDeaTD-_E,讚讚讚讚,2026年3月27日 星期五 下午1:17,,,19,0,0,0
olxx._.xxlo,https://www.threads.com/@olxx._.xxlo/post/DWTh8V4kRKU,女朋友說要開始學做飯 我該注意什麼？,2026年3月25日 星期三 下午7:07,,"May be an image of vegetable, apron and text",814,698,10,33,https://www.threads.com/@7eleventw/post/DWXqSM7j-ue,樓下ㄙㄟ門 Always OPEN!,2026年3月27日 星期五 上午9:37,,,94,0,0,0
b7kira,https://www.threads.com/@b7kira/post/DWVfSEhjY56,"2026最白癡
以為是米血糕
結果是布朗尼==",2026年3月26日 星期四 下午1:23,,,8101,70,259,1780,https://www.threads.com/@7eleventw/post/DWWnqpGj43i,看起來也適合加進我們的奶茶,2026年3月26日 星期四 下午11:55,,,559,11,0,41
topbeauty_lydia,https://www.threads.com/@topbeauty_lydia/post/DWV3tKUD-3B,"7-11瑜你相遇
7eleventw",2026年3月26日 星期四 下午4:56,,,1848,15,56,28,https://www.threads.com/@7eleventw/post/DWWmzJwj3IX,已暈💙💓,2026年3月26日 星期四 下午11:47,,,40,0,0,0
topbeauty_lydia,https://www.threads.com/@topbeauty_lydia/post/DWVb-lxj9xs,"星級饗宴拍攝花絮💙
7eleventw",2026年3月26日 星期四 下午12:53,,,3995,13,110,51,https://www.threads.com/@7eleventw/post/DWWmDyaDz0L,愛心連發💙💙 謝謝周媽咪,2026年3月26日 星期四 下午11:41,,,50,0,0,0
tainansalesman,https://www.threads.com/@tainansalesman/post/DWVbUWwj6mH,"我家的貓（魚肚）已經有買流動的給水機
剛剛也盛了一碗這根管子出來的水給他
他！他就是要這樣喝！！！！！！
超ㄟ小
是的！主子，奴才用手托水給你飲用",2026年3月26日 星期四 下午12:49,,,11000,116,291,1527,https://www.threads.com/@7eleventw/post/DWWlw3IjzrO,Always OPEN 的水尚喝拎,2026年3月26日 星期四 下午11:38,,,45,0,0,1
yeayeaaaa,https://www.threads.com/@yeayeaaaa/post/DWWcc4Uj05z,"發明雞胸+御飯糰+蛋喇喇欸吃的人真的是天才
神好吃欸",2026年3月26日 星期四 下午10:17,,"May be an image of ramen, poached egg, noodles, boiled egg, rice, seaweed and text | May be an image of poached egg, scrambled eggs, grits and text",451,12,5,100,https://www.threads.com/@7eleventw/post/DWWlkVUjzK3,會不會加布布也神好吃💛,2026年3月26日 星期四 下午11:36,,,23,5,0,1
springtime1996,https://www.threads.com/@springtime1996/post/DWVlaCLEY-2,"
迎接4/1我阿嬤已經在製作丁丁了",2026年3月26日 星期四 下午2:16,@7eleventw,"May be an image of range hood, sink, air conditioner, thermostat, stove and text | May be an image of range hood, microwave, stove, cooker, dishwasher, countertop, sink, kitchen and text",310,2,0,38,https://www.threads.com/@7eleventw/post/DWWZ_ShD3hG,阿嬤好…好有創意,2026年3月26日 星期四 下午9:55,,,56,0,0,0
kkdaytw,https://www.threads.com/@kkdaytw/post/DH4yAjVSY1g,"我今天的狀態：
海巡各大品牌觀察愚人節行銷誰做的最有梗😍",2025年4月1日 星期二 上午10:28,,,710,192,12,46,https://www.threads.com/@7eleventw/post/DWWTHzWj0Ji,應該是我沒問題吧,2026年3月26日 星期四 下午8:55,,,29,4,0,0
travelyam,https://www.threads.com/@travelyam/post/DWVaHHjgJZP,"我要蓋一個愚人節最有創意樓！
以下為第一批選手：
7-11統一焦糖出走咘布、菜瓜布及東坡肉蛋糕、春風衛生紙棉花糖、豬血糕芝麻奶茶、臭豆腐可樂果、芥末鬆餅（以為是抹茶🍵！）",2026年3月26日 星期四 下午12:37,,,3071,54,124,3073,https://www.threads.com/@7eleventw/post/DWWTCWZj1ul,又贏一波了！,2026年3月26日 星期四 下午8:55,,,75,1,0,0
da_capo_aria_14,https://www.threads.com/@da_capo_aria_14/post/DWMRV3DD4Cx,"我要蓋一個愚人節整人方法樓
以下開放示範",2026年3月22日 星期日 下午11:27,,,23000,572,1358,3407,https://www.threads.com/@7eleventw/post/DWWS-52Dwp0,你看我主頁就知道,2026年3月26日 星期四 下午8:54,,,992,1,0,1
s3beautystore,https://www.threads.com/@s3beautystore/post/DWVNIvUiTNl,你的公司名稱倒過來念是什麼,2026年3月26日 星期四 上午10:44,,,25000,1594,440,3296,https://www.threads.com/@7eleventw/post/DWWS4WGj-p4,門ㄙㄟ！,2026年3月26日 星期四 下午8:53,,,5274,7,4,23
23w__23w,https://www.threads.com/@23w__23w/post/DWQRt9PADV7,"你20歲開BMW
他30歲開Benz
分享你開什麼
我6:30開賣麵線",2026年3月24日 星期二 下午12:48,,,18000,5069,72,550,https://www.threads.com/@7eleventw/post/DWWSkTRj6ux,我開七千多間7-ELEVEN,2026年3月26日 星期四 下午8:50,,,4891,56,4,34
sheep.6987643,https://www.threads.com/@sheep.6987643/post/DWTQIzFkd9S,子瑜聯名的鍋貼到底有多好吃啊 一直看到別人推但是買不到...聽說是辣的好想吃看看,2026年3月25日 星期三 下午4:31,,,184,51,0,1,https://www.threads.com/@7eleventw/post/DWWShC0D4x7,子瑜：這是我為你用心準備很久💙💙💙 真的好吃！,2026年3月26日 星期四 下午8:50,,,73,2,0,0
elsa.pastry_journey,https://www.threads.com/@elsa.pastry_journey/post/DWTufDHCeLu,"洗碗發現的小確幸 ´∀｀
拿給法國男友看，他說蛤？？？
難道只有我們再用顏文字ㄇ哈哈哈",2026年3月25日 星期三 下午8:57,,"May be an image of plate rack, dishwasher, sink, faucet, measuring cups, strainer, pot and text",4281,40,37,70,https://www.threads.com/@7eleventw/post/DWWSa-rj1ps,(⁠・⁠∀⁠・⁠)／ Bonjour 緩光臨♪,2026年3月26日 星期四 下午8:49,,,43,1,0,0
smartmonthly,https://www.threads.com/@smartmonthly/post/DWSwTncj-e2,,2026年3月25日 星期三 上午11:53,,,0,0,0,0,https://www.threads.com/@7eleventw/post/DWWSTqlDygt,豬血糕請丟進奶茶！,2026年3月26日 星期四 下午8:48,,,39,12,0,0
klay_thompson.31fanclub,https://www.threads.com/@klay_thompson.31fanclub/post/DWTtTaPkxUr,你們好像不知道我和你們的差距欸,2026年3月25日 星期三 下午8:46,,"May be an image of ramen, congee, chow mein, poached egg, noodles, soup spoon, chopsticks, boiled egg and text",82000,1575,1173,3535,https://www.threads.com/@7eleventw/post/DWWSQr3j9ho,我們之間的差距就是：我餵人人 vs 人人餵我,2026年3月26日 星期四 下午8:48,,,59,1,0,0
twmeme_work,https://www.threads.com/@twmeme_work/post/DWTVR-Sklmr,說一個你比較小眾的興趣,2026年3月25日 星期三 下午5:16,,,30000,5780,1004,2697,https://www.threads.com/@7eleventw/post/DWWSJ24j_HC,Always OPEN,2026年3月26日 星期四 下午8:47,,,31,0,0,0
7_ziuno,https://www.threads.com/@7_ziuno/post/DWSlGlAEZp3,"你知道什麼碗不會碎嗎
-
沒有你的晚安怎麼睡",2026年3月25日 星期三 上午10:15,,,46000,259,3295,13000,https://www.threads.com/@7eleventw/post/DWWSGpMj182,睡不著歡迎試試飽睏套餐,2026年3月26日 星期四 下午8:46,,"May be an image of chow mein, breadstick, wafer, chopsticks, soy sauce and text",206,1,0,6
_tick_888,https://www.threads.com/@_tick_888/post/DWRN5PEj7TI,"怎麼證明 自己是台灣人：
買鹹酥雞時
知道一根甜不辣 是一份",2026年3月24日 星期二 下午9:33,,,7639,119,27,52,https://www.threads.com/@7eleventw/post/DWWR_LZj0VE,聽得懂緩光臨不是緩慢的光臨,2026年3月26日 星期四 下午8:45,,,56,0,0,0
ben10._.10tw,https://www.threads.com/@ben10._.10tw/post/DWVUPPvE_1u,"女友說她不喜歡花花草草？沒關係！這招絕對能收服她！😎
女朋友日常, 薯條控",2026年3月26日 星期四 上午11:46,,"May be an image of gyro, french fries and text",5052,79,104,1886,https://www.threads.com/@7eleventw/post/DWWPr33D2yi,有這薯花一定ok,2026年3月26日 星期四 下午8:25,,,121,1,0,4
debbie.lu.1111,https://www.threads.com/@debbie.lu.1111/post/DWVbX3mEwly,"子瑜這次聯名的這顆蜜瓜包真的好好吃
已經吃三次了
真心希望可以變成常駐品項",2026年3月26日 星期四 下午12:48,,"May be an image of bread, cookie and text | May be an image of ice cream and text | May be an image of gelato, bagel and text",2424,58,49,600,https://www.threads.com/@7eleventw/post/DWWOHqpD48Y,我問看看,2026年3月26日 星期四 下午8:12,,,303,3,1,3
ryan.thatfoodie,https://www.threads.com/@ryan.thatfoodie/post/DWVDiKWkzqf,"不是，只有我現在才知道全家的茶葉蛋跟夯番薯都漲價了嗎😭😭😭
以後早餐吃什麼啊",2026年3月26日 星期四 上午9:20,,"May be an image of egg yolk, boiled egg, durian and text",2320,284,1,29,https://www.threads.com/@7eleventw/post/DWWOFWvD7Si,吃隔壁7-11,2026年3月26日 星期四 下午8:11,,,20000,66,27,81
foody_tw,https://www.threads.com/@foody_tw/post/DWVRZNQAbjf,"小七最近真的火力全開🔥
布布還不是最狂的
還有豬血糕奶茶、菜瓜布蛋糕😆",2026年3月26日 星期四 上午11:21,,"May be an image of seaweed, wafer and text | May be an image of chiffon cake, wafer, bread and text",1755,176,35,3989,https://www.threads.com/@7eleventw/post/DWWM7TvD25l,,2026年3月26日 星期四 下午8:01,,,0,0,0,0
hung_0218,https://www.threads.com/@hung_0218/post/DWV8eJ0k5EA,711,2026年3月26日 星期四 下午5:37,,,0,0,0,0,https://www.threads.com/@7eleventw/post/DWWM3IYD9lb,厲害吧,2026年3月26日 星期四 下午8:01,,,14,1,0,0
rabbit.hsupig,https://www.threads.com/@rabbit.hsupig/post/DWV0kWsFY1U,"711愚人節這波太猛了
脆友們想吃看看什麼🤣",2026年3月26日 星期四 下午4:28,,"May be an image of fried rice, rice and text | May be an image of tea, tofu, wafer, seaweed, soy sauce, durian and text | May be an image of wafer, cookie, durian and text | May be an image of chicken, wafer and text | May be a cartoon of pie and text | May be an image of durian, wafer and text | May be an image of ramen, seaweed and text | May be an image of tofu and text | May be an image of breadstick, hotdog, durian, eclair, wafer, sausage and text | May be an image of tofu, seaweed, soy sauce, wafer and text | May be an image of chiffon cake, tofu, pie, cheesecake, wafer and text | May be an image of hotdog, sandwich, durian, sausage, wafer and text | May be an image of chow mein, fried rice, tofu, ramen, pasta, noodles, spaghetti and text | May be an image of tofu, soy sauce, kitchenware, wafer and text | May be an image of chiffon cake, wafer, durian and text | May be an image of tofu, chocolate bar, chiffon cake, bread, tiramisu, chocolate cake, wafer, brownie, cheesecake, durian and text | May be an image of breadstick, pie, wafer and text | May be an image of egg yolk, ramen, chow mein, boiled egg, soy sauce, noodles and text | May be an image of gelato, ice cream, durian, soy sauce and text",48000,612,3374,63000,https://www.threads.com/@7eleventw/post/DWWMhnsDxCE,知道厲害了吧,2026年3月26日 星期四 下午7:58,,,3525,14,3,62
rui_.10ze18_,https://www.threads.com/@rui_.10ze18_/post/DWU3-58AQLX,明天就要出發了,2026年3月26日 星期四 上午7:39,,"May be an image of ‎map, radar and ‎text that says '‎7:38 華德希 Messenger ill 台61線 8站 … و 臺61線 G 臺北 H新竹 4小時40分鐘 4小時 40 分鐘 臺湾 日花蓮 4小時37分鐘 分鐘 臺南 1天1小時•1,26...#色 x 1天1小時 1天1小時•1,260 1,260... 料 預覽 新增停靠點‎'‎‎",3159,161,22,330,https://www.threads.com/@7eleventw/post/DWVv_j-j-3s,累了就到小七休息 加油！！,2026年3月26日 星期四 下午3:48,,,796,7,0,0
erinrin.owo,https://www.threads.com/@erinrin.owo/post/DWTmRoEkd29,"草莓豬排咖哩飯+草莓鮮奶茶
味道一言難盡",2026年3月25日 星期三 下午7:45,,"May be an image of ‎strawberry, milk, porridge, cereal, chocolate milk, smoothie and ‎text that says '‎FreshDelight Delight 福樂 عله 梅樂鮮奶使用 鮮增‎'‎‎",13000,831,590,11000,https://www.threads.com/@7eleventw/post/DWVusTQD2_Z,"那你一定要試試豬血糕奶茶
劇透",2026年3月26日 星期四 下午3:37,,"May be an image of congee, ramen, tofu, noodles, zucchini, porridge and text",365,16,3,88
pipi__.160,https://www.threads.com/@pipi__.160/post/DWPkG2eEzl4,"來蓋個樓 大家做什麼行業
我先來全家🙂",2026年3月24日 星期二 上午6:09,,"May be a selfie of one or more people, hair, parka, top and text",10000,3556,73,708,https://www.threads.com/@7eleventw/post/DWVLxMDDzZA,我是做7-11的😉,2026年3月26日 星期四 上午10:32,,,441,4,1,0
asta_stylist,https://www.threads.com/@asta_stylist/post/DWVGf4Vjw_I,"早上在7-11
今天是很可愛的二個阿姨當班
他們有說有笑的在服務大家
我說「二杯濃粹冰拿」
其中一個阿姨在幫我結帳
一個阿姨在幫大家弄咖啡
她突然很大聲的說「濃粹冰拿要冰的還是熱的？」
幫我結帳的阿姨瞬間大笑起來
然後她的笑聲感染了所有在場等咖啡的人
全部人都在笑
也全部的人很有默契的
告訴那位阿姨「冰的！！」
然後弄咖啡的阿姨也自己笑出來
🤣🤣🤣🤣🤣
我整個傻眼 大家也太可愛了吧❤️
謝謝一早就帶給我好大歡樂的7-11
祝福大家今天一切順利～",2026年3月26日 星期四 上午9:46,,,407,11,0,0,https://www.threads.com/@7eleventw/post/DWVHwTAj7CT,歡迎常來~,2026年3月26日 星期四 上午9:57,,,16,0,0,0
jufuliu,https://www.threads.com/@jufuliu/post/DWSY_oyk4KQ,一句話證明你是不簡單的人,2026年3月25日 星期三 上午8:30,,,316,493,2,4,https://www.threads.com/@7eleventw/post/DWVFzvZD-Wl,我有統一布布💛,2026年3月26日 星期四 上午9:40,,,51,2,0,1
yu.6a68112u237,https://www.threads.com/@yu.6a68112u237/post/DWTykYglEx0,"大家可以把最常用的emoji貼出來嗎？
✅️這個我常用的",2026年3月25日 星期三 下午9:32,,,13,32,0,1,https://www.threads.com/@7eleventw/post/DWVFqHaj85j,💙💛 懂的就懂😏,2026年3月26日 星期四 上午9:38,,,13,1,0,0
poyuuuuu,https://www.threads.com/@poyuuuuu/post/DWU-YtsD4fO,在口袋找到300元,2026年3月26日 星期四 上午8:35,,"May be an image of ticket stub, money, bandage, office and text",85,11,0,0,https://www.threads.com/@7eleventw/post/DWVFa_9j99-,拿去小七花花,2026年3月26日 星期四 上午9:36,,,33,0,0,0
a12159044928,https://www.threads.com/@a12159044928/post/DWUxmvak-oc,"今天 大叔也想聽那4個字
🤣🤣🤣",2026年3月26日 星期四 上午6:43,,May be an image of text that says '中華民國國民身分證 中華民國 身分證 ZAWAN 姓名陳 坤 助 IWANE 出生 年月日 民國72年3月26日 26日 日 民國 26 性別男 男 性別 統一編號',437,794,1,3,https://www.threads.com/@7eleventw/post/DWVFJp3D_qo,統一布丁💛,2026年3月26日 星期四 上午9:34,,,43,3,0,0
gezi_tw,https://www.threads.com/@gezi_tw/post/DWTYd4qEedf,"大家吃過最邪教的料理是什麼??
小編先來 香菜泡麵加oreo碎",2026年3月25日 星期三 下午5:44,,,10,13,0,1,https://www.threads.com/@7eleventw/post/DWVEsKOj3n_,豬血糕+奶茶（？,2026年3月26日 星期四 上午9:30,,,5,0,0,0
xinyi.24,https://www.threads.com/@xinyi.24/post/DWTHAhQEqhZ,"各位老闆
當你肚子餓、發睏同時發生
你會怎麼做？🫠",2026年3月25日 星期三 下午3:12,,,21,65,0,0,https://www.threads.com/@7eleventw/post/DWVDiTlD8Qn,去ㄙㄟ門買零食跟咖灰,2026年3月26日 星期四 上午9:20,,,6,1,0,0
weijingjian_vest,https://www.threads.com/@weijingjian_vest/post/DWT-8JzgXEo,"後面加「。」的人，
肯定是個有智慧的人。",2026年3月25日 星期三 下午11:20,,,375,281,6,18,https://www.threads.com/@7eleventw/post/DWVDEFJjxRu,Always Open Seven Eleven 。,2026年3月26日 星期四 上午9:16,,,52,0,0,0
stanley671108,https://www.threads.com/@stanley671108/post/DWUpr1hE_I6,這次小七的雲端發票中2000！紙本的400！再來看全家的雲端有沒有中？😂😂✌️,2026年3月26日 星期四 上午5:34,,,19,13,0,1,https://www.threads.com/@7eleventw/post/DWU7nUoEtDq,以後常來,2026年3月26日 星期四 上午8:11,,,12,1,0,0
chloe1219_,https://www.threads.com/@chloe1219_/post/DWUDRNnkTHa,7-11有量血壓的服務欸 好酷,2026年3月25日 星期三 下午11:58,,,59,6,0,0,https://www.threads.com/@7eleventw/post/DWUGc3oj0b5,大家的好鄰居🙋‍♀️,2026年3月26日 星期四 上午12:26,,,33,1,0,0
maoyu0315,https://www.threads.com/@maoyu0315/post/DWQ_64iE9OW,我就不信會被什麼大品牌的小編尋到,2026年3月24日 星期二 下午7:31,,,266,298,0,2,https://www.threads.com/@7eleventw/post/DWUAnrtj-DS,追蹤我,2026年3月25日 星期三 下午11:35,,,24,1,0,0
kssogo.tw,https://www.threads.com/@kssogo.tw/post/DWT3bIiCQTB,"
可惡我每天上班都去買早餐，結果…🥲",2026年3月25日 星期三 下午10:15,@7eleventw,,24,1,0,1,https://www.threads.com/@7eleventw/post/DWT3nH9D-Al,廣編確定不是去ㄑㄐ吧？,2026年3月25日 星期三 下午10:16,,,30,2,0,0
fell3876,https://www.threads.com/@fell3876/post/DWTsP7MEhk2,被我一篇統一布布的流量嚇到了，趕快吃個統一布丁壓壓驚😅,2026年3月25日 星期三 下午8:37,,May be an image of wafer and text,1617,35,0,3,https://www.threads.com/@7eleventw/post/DWT270HD6yg,我的主頁有更驚嚇的,2026年3月25日 星期三 下午10:10,,,1202,3,0,1
oaahong,https://www.threads.com/@oaahong/post/DWRMRBtkxrH,"蓋個樓
想蓋一個「Z世代」看不懂的「死語」樓
我先🙋
我被水桶了",2026年3月24日 星期二 下午9:19,,,10000,2734,519,1852,https://www.threads.com/@7eleventw/post/DWT10V2jxt7,挖哩咧 這裡我都看得懂,2026年3月25日 星期三 下午10:01,,,64,1,0,0
shuncyuan,https://www.threads.com/@shuncyuan/post/DWSSVnjk-xS,"會打「～」的人，
肯定是個溫柔的人😇",2026年3月25日 星期三 上午7:31,,,6658,1987,154,1530,https://www.threads.com/@7eleventw/post/DWT0vorD-X1,7~11,2026年3月25日 星期三 下午9:51,,,136,1,0,0
toptiertea.tw,https://www.threads.com/@toptiertea.tw/post/DWSuC6kE6L-,大家說到周杰倫 想到的第一句歌詞是什麼,2026年3月25日 星期三 上午11:34,,,629,552,8,33,https://www.threads.com/@7eleventw/post/DWT0mBRD0_d,那天下雨了,2026年3月25日 星期三 下午9:50,,,6,1,0,0
husk.7748,https://www.threads.com/@husk.7748/post/DWRSKcOj6wF,青春沒有售價，__ __ __ __ __ __ __,2026年3月24日 星期二 下午10:11,,,33000,3896,646,2628,https://www.threads.com/@7eleventw/post/DWTsAXej_F5,青春沒有售價，但OPENPOINT可以折抵 💰,2026年3月25日 星期三 下午8:35,,,660,5,1,4
l27.sch,https://www.threads.com/@l27.sch/post/DWTiofQjyDb,"子瑜當7-11品牌大使的花絮😍
希望之後有更多台灣的代言
可以多多見面💙💙💙
7eleventw",2026年3月25日 星期三 下午7:13,,,426,4,2,1,https://www.threads.com/@7eleventw/post/DWTkdEPj4tg,謝謝你喜歡,2026年3月25日 星期三 下午7:29,,,140,1,0,0
cai._.1005,https://www.threads.com/@cai._.1005/post/DWTaV4xEp6Z,"
我中獎4400！",2026年3月25日 星期三 下午6:01,@7eleventw,,0,1,0,0,https://www.threads.com/@7eleventw/post/DWTjzvbjxwK,恭喜！,2026年3月25日 星期三 下午7:23,,,2,0,0,0
oliviahung0901,https://www.threads.com/@oliviahung0901/post/DWTak6UE3X4,"
謝謝你讓我中1000塊，謝謝7-11",2026年3月25日 星期三 下午6:03,@7eleventw,,0,1,0,0,https://www.threads.com/@7eleventw/post/DWTjyn_jyaz,以後常來~,2026年3月25日 星期三 下午7:23,,,2,0,0,0
zcy._.3,https://www.threads.com/@zcy._.3/post/DWRC_Xvk7Mu,"4/1愚人節
希望有人跟我說：「 段考是騙人的 」",2026年3月24日 星期二 下午7:58,,,3032,12,142,126,https://www.threads.com/@7eleventw/post/DWTdbtjj83w,布布是真的💛,2026年3月25日 星期三 下午6:28,,,675,5,1,3
c2h4_ethylene,https://www.threads.com/@c2h4_ethylene/post/DWS3PWhD0vN,關於我們班忘記訂飯於是班導帶我們去7-11班遊這件事,2026年3月25日 星期三 下午12:54,,"May be an image of one or more people, crowd, street and text",28000,181,246,733,https://www.threads.com/@7eleventw/post/DWTdBLDj2yI,緩~光臨 💛💛💛,2026年3月25日 星期三 下午6:24,,,1178,0,2,4
winny8596,https://www.threads.com/@winny8596/post/DWRUUcskU5G,"陳傑憲叫人起床😍
www.instagram.com
Instagram",2026年3月24日 星期二 下午10:30,,,2678,46,177,925,https://www.threads.com/@7eleventw/post/DWTZiWWjx9u,每天早上去小七都看到傑憲跟我說早安,2026年3月25日 星期三 下午5:54,,May be an image of wafer and text,51,0,0,3
pine_mi1020,https://www.threads.com/@pine_mi1020/post/DWQ76gWEtqZ,"差點忘記去門市換筆記本w
然後發現金額是614✨
是什麼小彩蛋嗎՞⸝⸝ᵒ̴̶̷ 𓈞 ᵒ̴̶̷⸝⸝՞",2026年3月24日 星期二 下午6:56,,"May be an image of text that says '提貨券 兌換券 預購券 其他券 个到期日上取得日 上 三取得日 三到期日 未使用 ま 개이 限量預購周子瑜筆記本 （粉色款） 兌換期限： 2026/03/24 18:37 兌換期限：2026/03/2418：37」 止 小7集點卡 提醒您快要過期囉！' | May be an image of cash machine, vending machine and text",846,41,6,24,https://www.threads.com/@7eleventw/post/DWTZK2bj5Or,被你發現子屬瑜ONCE才知道的秘密💙,2026年3月25日 星期三 下午5:50,,,119,1,0,0
hongyi374,https://www.threads.com/@hongyi374/post/DWQKCvwETO-,"在天願作比翼鳥 在地願為連理枝
為什麼沒有在水願作比目魚之類的",2026年3月24日 星期二 上午11:40,,,3672,92,176,382,https://www.threads.com/@7eleventw/post/DWTY8DFj13y,在地美食七一一,2026年3月25日 星期三 下午5:48,,,31,0,0,0
jilllin38,https://www.threads.com/@jilllin38/post/DWROpOSjz7g,我23歲 而且我很帥,2026年3月24日 星期二 下午9:41,,,74000,1093,807,3153,https://www.threads.com/@7eleventw/post/DWTYymUD_RS,我711歲 而且我覺得你真的很帥,2026年3月25日 星期三 下午5:47,,,63,1,0,0
_tina0718,https://www.threads.com/@_tina0718/post/DWROW75gTCP,"第一屆《K-pop 洗腦神曲》
正式開始
選手如下：
聽完腦袋會浮現旋律的那種 1/2讚4,093回覆494轉發106分享265",2026年3月24日 星期二 下午9:37,,,,,,,https://www.threads.com/@7eleventw/post/DWRnTJcD_9r,"追蹤7eleventw已驗證 原作者說讚更多Run run away ~~💙💙讚1,171 轉發1",2026年3月25日 星期三 上午1:15,,,,,,
carrefourtaiwan,https://www.threads.com/@carrefourtaiwan/post/DWQMP62k2hV,"發票載具，中獎就行 1/2讚5,682回覆324轉發110分享304",2026年3月24日 星期二 下午12:00,,,,,,,https://www.threads.com/@7eleventw/post/DWReTBPjxsw,"拿豬血糕，一夜成名讚3,870回覆23轉發21分享101",2026年3月24日 星期二 下午11:57,,,,,,
xvr.w630,https://www.threads.com/@xvr.w630/post/DWOsP7HCTN9,"追蹤xvr.w630 更多聽說輸入「我習慣」會暴露你的弱點. 讚9,122 轉發153",2026年3月23日 星期一 下午10:01,,,,,,,https://www.threads.com/@7eleventw/post/DWRdL4Aj8VV,追蹤7eleventw已驗證 原作者說讚更多我習慣了...讚47 轉發分享,2026年3月24日 星期二 下午11:47,,,,,,
iresa_queen,https://www.threads.com/@iresa_queen/post/DWOubvtE3Bh,都喝什麼？！有沒有推薦的...讚312回覆537轉發1分享9,2026年3月23日 星期一 下午10:20,,,,,,,https://www.threads.com/@7eleventw/post/DWRcy5OD6qZ,追蹤7eleventw已驗證 原作者說讚更多看我主頁推薦讚87 轉發分享,2026年3月24日 星期二 下午11:44,,,,,,
fell3876,https://www.threads.com/@fell3876/post/DWOs2kcks2l,"愚人節逆🤷‍♀️讚3.6 萬回覆795轉發616分享8,944",2026年3月23日 星期一 下午10:06,,May be an image of pie and text that says '統一布丁 統一丁布 0고 一 一 統 統 布 進 演 中一 J 史 台南 統一布布 統一丁丁 統一丁布丁',,,,,https://www.threads.com/@7eleventw/post/DWRYepqj4fN,追蹤7eleventw已驗證 原作者說讚更多你們不要太為難我...讚3.6 萬回覆197 分享499,2026年3月24日 星期二 下午11:06,,,,,,
cham.eleondean,https://www.threads.com/@cham.eleondean/post/DWP8hpTjZFF,"追蹤cham.eleondean 更多我的書包…它…它回不去了啦！😭 已靜音讚3,455 轉發30",2026年3月24日 星期二 上午9:42,,"May be an image of sling, diaper, blanket, snowsuit, hospital and text",,,,,https://www.threads.com/@7eleventw/post/DWRS6SaD-cM,"追蹤7eleventw已驗證 更多皮....皮老闆?讚1,999 轉發4",2026年3月24日 星期二 下午10:17,,,,,,
miss.sheep.goods,https://www.threads.com/@miss.sheep.goods/post/DWP-2D_gU8D,"追蹤miss.sheep.goods已驗證 更多手機摔歪了😭 已靜音讚2,310 轉發22",2026年3月24日 星期二 上午10:03,,,,,,,https://www.threads.com/@7eleventw/post/DWRLa4wD-vw,追蹤7eleventw已驗證 原作者說讚更多你這摔有點大力讚392回覆轉發分享4,2026年3月24日 星期二 下午9:12,,,,,,
namdo.gukbap,https://www.threads.com/@namdo.gukbap/post/DWQyUERCQrw,"我們歐膩真的很漂亮😍
小編覺得長得很像IZ*ONE的姜惠元！！
你們覺得呢？已靜音已靜音讚2 萬回覆581轉發546分享1.1 萬",2026年3月24日 星期二 下午5:32,,"May be an image of wind chime and text | May be an image of lighting, indoors and text",,,,,https://www.threads.com/@7eleventw/post/DWRJmQkj559,追蹤7eleventw已驗證 原作者說讚更多👀讚23 轉發分享,2026年3月24日 星期二 下午8:56,,,,,,
o3kimie,https://www.threads.com/@o3kimie/post/DWN1echkmAH,"我是下地獄了嗎讚8,861回覆555轉發47分享1,183",2026年3月23日 星期一 下午2:02,,May be an image of food and text,,,,,https://www.threads.com/@7eleventw/post/DWRJYlIj5dE,追蹤7eleventw已驗證 更多那豬血糕奶茶歐虧嗎劇透讚62 轉發分享1,2026年3月24日 星期二 下午8:54,,"May be an image of dessert, tea and text",,,,
zoechihsuan,https://www.threads.com/@zoechihsuan/post/DWQlsD9DzfV,追蹤zoechihsuan 更多我覺得我今天也很值得一杯珍奶讚41 轉發分享,2026年3月24日 星期二 下午3:42,,,,,,,https://www.threads.com/@7eleventw/post/DWRF6t9jwSg,追蹤7eleventw已驗證 更多還是要來杯豬血糕奶茶?!讚31回覆轉發1,2026年3月24日 星期二 下午8:24,,"May be an image of tea, wafer and text that says '7 7-ELEVEN, XI 屋 現 CITY 現部業 ΤΕΑ'",,,,
2001_11.25,https://www.threads.com/@2001_11.25/post/DWQNYoGCZOj,沒有包餡的草阿粿真的很頂🌱,2026年3月24日 星期二 下午12:10,,"May be an image of scooter, herb and text | May be an image of algae, tea, seaweed and text",8654,274,318,1262,https://www.threads.com/@7eleventw/post/DWTYi3QD0PO,沒有丁的布丁真的很頂🍮💛💛,2026年3月25日 星期三 下午5:45,,,106,0,0,2
yan_yan711,https://www.threads.com/@yan_yan711/post/DWQZsSMABdu,羊最愛的台灣芒果乾🥭,2026年3月24日 星期二 下午2:02,,,80000,874,7248,41000,https://www.threads.com/@7eleventw/post/DWTX81pD9Ou,吃到的瞬間真是羊羊得意,2026年3月25日 星期三 下午5:40,,,67,0,0,3
mai_shi_ming,https://www.threads.com/@mai_shi_ming/post/DWRSqELGvld,沒有人可以抗拒絲瓜布丁的吧 甜甜地絲瓜與甜甜地布丁就是非常適合 兩個非常搭 像今天的各位一樣 絲瓜跟布丁一起吃真的超級讚 好甜好香 淋上湯汁一起吃更加美味,2026年3月24日 星期二 下午10:15,,"May be an image of dessert, fruit cocktail, cucumber and text",8987,1536,545,13000,https://www.threads.com/@7eleventw/post/DWTXydIjxlP,乖我們不看,2026年3月25日 星期三 下午5:38,,"May be an image of dental floss, bandage, ointment, sharpener, ball and text",16000,27,72,613
elmo9125,https://www.threads.com/@elmo9125/post/DWQdG6LoOJL,"看著看著就哭了
kiselusha",2026年3月24日 星期二 下午2:27,,,3120,57,82,659,https://www.threads.com/@7eleventw/post/DWTXnlQj6eF,7愛的記得關瓦斯,2026年3月25日 星期三 下午5:37,,,269,0,0,0
xushengfu,https://www.threads.com/@xushengfu/post/DWQ35F2kxSI,到現在還會打@@的人大約都幾歲,2026年3月24日 星期二 下午6:21,,,214,585,1,10,https://www.threads.com/@7eleventw/post/DWS1QKTD7uG,永遠18歲@@,2026年3月25日 星期三 下午12:37,,,50,1,0,0
a2000lice,https://www.threads.com/@a2000lice/post/DWRAGSckbXY,"試了threads上的拌飯配方
雞胸肉+飯糰+茶葉蛋
欸很讚欸我還換成雞肉飯的",2026年3月24日 星期二 下午7:33,,"May be an image of food, plastic bag and text | May be an image of poached egg, tofu, rice, soy sauce, seaweed, scrambled eggs and text | May be an image of ramen, poached egg, noodles, seaweed, boiled egg and text",21000,154,939,10000,https://www.threads.com/@7eleventw/post/DWSz2XQD3Dt,筆記筆記,2026年3月25日 星期三 下午12:24,,,117,0,0,3
linshiuan2.0,https://www.threads.com/@linshiuan2.0/post/DWSMX9Xkx6-,"剛剛看到的脆文～
最近滑脆都很常在留言區
看到這三大超商小編的身影
但我真的快忘了台灣的四大超商
第四家是什麼？😂😂😂",2026年3月25日 星期三 上午6:39,,"May be a Twitter screenshot of text that says '6:35 < 5G 98 98 串文 47.5萬次測覽 最相關 Hi-Life 查看動態 hilife_cvs21小時 hilife_cvs 21小時 你忘記我了嗎 ４.9萬 407 56 86 回覆 loyu1230 19小時 loyu123019小時·作 作者 你們的素食飯很好吃 可是我家對面是7-11鄰居是全家 那不然你來我樓下開 我每天吃！ 454 Q5 顯示回覆 回覆 Fersiyt familymart_tw familymart_tw@21小時 tw 21小時 謝謝你 全家就是你家 1,095 回覆 loyu1230 19小時 loyu123019小時・作者 作者 我很高興你們來跟我當鄰居 最喜歡你們的葡萄汁了 超好喝 33 2 7eleventw ELEVER 回覆 21小時 別怕世界變麻煩 小七會一直在 755 C5 回覆 loyu1230 19小時 loyu123019小時·作者 作者 這也太貼心 這也太貼心我在等你們的小熊維尼周遇 我在等 真的好喜歡你們每 次出的小熊維尼~ 35 新增回覆… 回覆 GIF'",267,70,0,7,https://www.threads.com/@7eleventw/post/DWSZJGXj0GS,我是最大的😎,2026年3月25日 星期三 上午8:31,,,322,3,0,1
cartonking.tw,https://www.threads.com/@cartonking.tw/post/DWSUbJfExSF,"⠀ ⠀
早安 今天統一發票開獎
可以跟我說那「四個字」嗎？
⠀ ⠀",2026年3月25日 星期三 上午7:50,,,572,479,15,16,https://www.threads.com/@7eleventw/post/DWSWW9HEvmP,統一布丁,2026年3月25日 星期三 上午8:07,,,233,7,0,1
avatar.greatlife,https://www.threads.com/@avatar.greatlife/post/DWQmfFLDvns,不要謙虛，講一件你人生最屌的事。,2026年3月24日 星期二 下午3:49,,,140000,24000,2598,4626,https://www.threads.com/@7eleventw/post/DWSPXfHkkHg,,2026年3月25日 星期三 上午7:05,,,0,0,0,0
akiraran_,https://www.threads.com/@akiraran_/post/DWO3jzwCZXy,全家你疊什麼字字阿,2026年3月23日 星期一 下午11:40,,"May be an image of pasta, noodles and text that says '109 指定飲品 指定飲品 FamilyMart Family FamilyMart uno 蒜香奶油蝦蝦 pasta Garlic Butter Shrimp Pasta 搭配融入洋意貓韻的酵濾醬汁 搭配融入 我選鮮蝦佐以蒜碎奶油 高溫爐炒入味 幸 遊 食監含量'",27000,386,173,980,https://www.threads.com/@7eleventw/post/DWREgqYj62h,統一布布,2026年3月24日 星期二 下午8:11,,,29000,32,31,90
bosstalk9999,https://www.threads.com/@bosstalk9999/post/DWQdd2QErTJ,"
你統一天下 我統一布丁",2026年3月24日 星期二 下午2:30,@simmpo.tw,,9,2,0,0,https://www.threads.com/@7eleventw/post/DWRAiaxD9xK,這我的文案...,2026年3月24日 星期二 下午7:37,,,10,2,0,0
shi._.mao,https://www.threads.com/@shi._.mao/post/DWQ_0QdEfrN,"
甚麼時後上架阿!!",2026年3月24日 星期二 下午7:30,@7eleventw,,6,1,0,1,https://www.threads.com/@7eleventw/post/DWRAB4yj54K,4/1!,2026年3月24日 星期二 下午7:32,,,16,1,0,0
daily_yongggg,https://www.threads.com/@daily_yongggg/post/DWQbh24kqTc,"來台灣一個月了，沒想到吃最多的竟然是超商跟路邊便當 😂
說實話，真的比我想像中好吃很多耶！
有菜有肉、營養均衡又便宜，每次吃完都覺得好滿足 🤍
台灣的平價便當，真的讓這個韓國姐姐被原地圈粉（感動）
想問大家 —— 7-11、全家、萊爾富，你們最推哪一間？
超商裡還有什麼必買的隱藏版便當或小食嗎？
求各位大神私心推薦給我！！🙏✨
還有，我現在正在努力學習「台式中文」中！🇹🇼
雖然會用翻譯軟體幫忙，但如果表達得不夠自然，還請大家多多包涵 🙇‍♀️
我很喜歡看大家的留言，這也是我學習道地用語的好機會～
所以請大家踴躍留言，多跟我聊聊喔！💬🧡",2026年3月24日 星期二 下午2:13,,,114,32,0,0,https://www.threads.com/@7eleventw/post/DWQyXfQDyme,韓國姐姐來7-11吃 子瑜聯名義大利麵,2026年3月24日 星期二 下午5:33,,"May be an image of pasta, shrimp, chow mein, shellfish, spaghetti and text",133,2,0,0
un1._.que,https://www.threads.com/@un1._.que/post/DWINolTE0TF,"高雄超熱ㄝ
直接去7-11把薄外套寄回去北部
今天只有Aooo和milet想聽",2026年3月21日 星期六 上午9:38,,"May be an image of signboard, road and text | May be an image of speaker, banner, signboard and text",991,85,1,14,https://www.threads.com/@7eleventw/post/DWQf-zqj9FE,我猜你的外套已經回來北部7-11，但你的心還在大港☀️☀️,2026年3月24日 星期二 下午2:52,,,21,2,1,0
sama_.158,https://www.threads.com/@sama_.158/post/DWORm1ZlLBz,"今天上課無聊畫的 猜猜哪個才是真的麥香LOGO
考考看你們多了解麥香 不准去查！",2026年3月23日 星期一 下午6:08,,May be an image of text that says 'A. B. 麥香麥香 麥香 麥す 麥吉 麥ず 麥芋麥書 R',2791,82,13,138,https://www.threads.com/@7eleventw/post/DWQf4K6jwm1,盲猜D，麥麥D兒Friend~,2026年3月24日 星期二 下午2:51,,,434,2,1,1
anna0205chen_,https://www.threads.com/@anna0205chen_/post/DWLBw-clNl2,"在7-11發現神奇的甜點
意外的好吃😳🤩",2026年3月22日 星期日 上午11:52,,May be an image of lollipop and text,834,58,4,3,https://www.threads.com/@7eleventw/post/DWQfz9ODwHn,寫～～光臨,2026年3月24日 星期二 下午2:51,,,24,0,0,0
giaya0903,https://www.threads.com/@giaya0903/post/DWM9vocjLFh,"如果大家遇到「奄奄一息」的蜜蜂🐝
就拿些糖水，或是家裡面蜂蜜
餵食給蜜蜂🐝他們很快就會恢復體力了！
忘記在哪裡看過這樣的影片
剛好院子有一隻奄奄一息的蜜蜂🐝
馬上衝到廚房，拿蜂蜜🍯
放到盤子上！
盤子上的蜜靠近蜜蜂🐝的時候
蜜蜂好像可以聞到味道
立刻就伸出「舌頭」還什麼的
就開始吸食蜂蜜了！
然後，大約三分鐘過後
蜜蜂🐝就有體力飛了欸
太太太太可愛了❤️
#小胖蜜蜂🐝真的很可愛
#胖胖的身體+黃色條紋毛衣
真的有夠可愛喔",2026年3月23日 星期一 上午5:59,,,56000,1308,1099,4718,https://www.threads.com/@7eleventw/post/DWQffRejww2,你是否在雪山救過一隻蜜蜂？🐝,2026年3月24日 星期二 下午2:48,,"May be an image of medicine, drink and text that says 'មាយ៍ S ក្កកទ 39 35 ME ETHONEY EET ET HONEY 冷 優選 蜂蜜水 台灣荔枝蜜 台灣荔枝蜜×清邁龍眼 清邁龍眼 無添加 香料 蜜蜂故事館 HONEYMUSEUM'",148,4,0,0
maaagggiiie,https://www.threads.com/@maaagggiiie/post/DWOA22aklxU,"家裡來了陌生人
當哥哥的不怕生
可是….哥哥
妹妹沒有想要出來見客欸🫠🫠🫠",2026年3月23日 星期一 下午3:42,,,63000,460,2032,15000,https://www.threads.com/@7eleventw/post/DWQfPBmj4gk,妹妹：緩...緩光臨😾,2026年3月24日 星期二 下午2:46,,,1768,2,1,34
alexcheng_0102,https://www.threads.com/@alexcheng_0102/post/DWOeW45k-l4,"感謝脆友ONCE贊助的飯撒牌(?
我也是被7-11品牌大使周子瑜
問候過呷飽袂的人了！
-
當下整個手忙腳亂亂錄一通
要去買麻辣大鍋貼了🥟",2026年3月23日 星期一 下午8:00,,,1453,11,43,71,https://www.threads.com/@7eleventw/post/DWQfIPjD_6t,子瑜認證的好呷一直呷🤤,2026年3月24日 星期二 下午2:45,,,120,0,0,2
sam_joe_shaung,https://www.threads.com/@sam_joe_shaung/post/DWOUWbfkjOo,"下班回家看到桌上的本週零用錢，
痛哭流涕，
不知所云….",2026年3月23日 星期一 下午6:32,,"May be an image of ticket stub, computer keyboard and text that says '1000000 這裡有一百罵 拿去買る的 拿去買 打起精神来 F6 F6 F 6 F7 知 寿 F F8 F9 F F9'",34000,206,311,1748,https://www.threads.com/@7eleventw/post/DWQekA0j7cL,這個一百萬可以買111.11111111顆布布💛💛,2026年3月24日 星期二 下午2:40,,,3076,9,1,9
haha1227_teamo,https://www.threads.com/@haha1227_teamo/post/DWPKymugZn2,有蒸蛋大師可以告訴我為什麼我的蒸蛋會長這樣嗎,2026年3月24日 星期二 上午2:28,,"May be an image of waffle iron, food, coffee maker, steamer, strainer, kitchen appliance and text",37000,1183,325,2955,https://www.threads.com/@7eleventw/post/DWQdyjWj-kS,波堤做得很好，蒸蛋緩光臨小七買,2026年3月24日 星期二 下午2:33,,May be an image of durian and text,692,5,2,6
lulumi5900,https://www.threads.com/@lulumi5900/post/DWPdpuRE9M9,到底！！經歷了什麼呢貓貓😭😭😭,2026年3月24日 星期二 上午5:13,,"May be an image of sleeping, Abyssinian cat, kitten, tortoiseshell cat and text",12000,87,461,2286,https://www.threads.com/@7eleventw/post/DWQc-Qwj4yz,等一下晚餐要吃什麼,2026年3月24日 星期二 下午2:26,,,151,1,1,4
chien0128,https://www.threads.com/@chien0128/post/DWNsCN0CR2G,"剛剛有一篇尋找瑜擔的文
沒滑到😭
我也要跟瑜擔交朋友❤️‍🔥",2026年3月23日 星期一 下午12:40,,,352,164,0,10,https://www.threads.com/@7eleventw/post/DWP_fwADwcD,我我我,2026年3月24日 星期二 上午10:08,,,49,1,0,0
soseecoffee,https://www.threads.com/@soseecoffee/post/DWNpDDYE6Pe,各位ONCE，你們幸福嗎？,2026年3月23日 星期一 下午12:14,,,2742,190,70,21,https://www.threads.com/@7eleventw/post/DWP-_Y6D0Z7,超級幸福~~~~~~~~💙💙💙,2026年3月24日 星期二 上午10:04,,,84,1,0,0
4.12._a,https://www.threads.com/@4.12._a/post/DWOMKtlEeVi,你們加摯友的標準到底是什麼？,2026年3月23日 星期一 下午5:21,,,3085,285,54,155,https://www.threads.com/@7eleventw/post/DWP9I65D5tG,買便利商店只買小七的辣種,2026年3月24日 星期二 上午9:48,,,41,0,0,0
miymi971107,https://www.threads.com/@miymi971107/post/DWO-ukgkvYS,"誠心建議各位搭飛機不要穿太鮮豔的衣服…
例如螢光綠",2026年3月24日 星期二 上午12:42,,May be an image of top and text that says '. 重晴 o 1m TrE M ＠徐明浩＿The8 ＠徐明浩 The8' | May be an image of airplane and text,140000,1143,2234,29000,https://www.threads.com/@7eleventw/post/DWP89qXD73I,有一束光 那瞬間 是什麼痛得刺眼~,2026年3月24日 星期二 上午9:46,,,15000,16,21,265
loyu1230,https://www.threads.com/@loyu1230/post/DWPhXCRE579,"好難想像要是有一天我們沒有7-11或全家了…
繳手機費：去電信局
繳水費：去水利局
繳電費：去電力公司
買咖啡：去咖啡廳
買菸酒：去菸酒公賣局
寄包裹：去郵局
印資料：去書局
買車票：去火車站
半夜肚子餓：只能家裡找食物吃
買拜拜的東西：去家樂福、喜互惠
突然想喝水：只能忍耐
突然想上廁所：去廟裡
7-11和全家真的是很棒的設計
真正為全民提供便利的服務❤️❤️❤️",2026年3月24日 星期二 上午5:45,,,14000,1307,84,163,https://www.threads.com/@7eleventw/post/DWP7PUAjytJ,"別怕世界變麻煩
小七會一直在❤️",2026年3月24日 星期二 上午9:31,,,830,5,0,7
wanderboy.1999,https://www.threads.com/@wanderboy.1999/post/DWNp8_YE2RC,"中午帶便當到公司
原本要帶芭樂
結果帶到蛤嘛",2026年3月23日 星期一 下午12:22,,"May be an image of escargot, oyster and text",80000,2819,1222,23000,https://www.threads.com/@7eleventw/post/DWPwlGvkhT0,蛤？！,2026年3月24日 星期二 上午7:58,,,223,0,0,0
tainan_style,https://www.threads.com/@tainan_style/post/DWOpE-rj5kX,"到底在幹嘛啦😂
7-11宣布統一布布4/1限量上市！",2026年3月23日 星期一 下午9:33,,"May be an image of pie and text that says '統一布丁 統一丁布 統 一 無 一 布 丁 進 史 安安 演 統一布布 統一丁丁 台南式 統一丁布丁' | May be an image of text that says '台南正台灣時事資訊 台南式 台灣時事資訊 不是愚人節 不是愚人節真的要賣了 真的要賣了 統一布布上市 7-ELEVEN今宣布 7-ELEVEN今宣布4/起限量開賣 4/起限量開賣' | May be an image of wafer, kitchenware and text | May be an image of dessert, kitchenware and text",6910,131,209,2131,https://www.threads.com/@7eleventw/post/DWPqvjwkg0l,看我主頁,2026年3月24日 星期二 上午7:07,,,718,8,0,6
chao_____0806,https://www.threads.com/@chao_____0806/post/DWN8f2Fj229,請問臺北大巨蛋出口在哪,2026年3月23日 星期一 下午3:04,,"May be an image of costume and text | May be an image of miniskirt, costume and text | May be an image of costume and text | May be an image of costume, concert and text that says 'ኮ WICE THIS IS THSSAI FOR' | May be an image of costume and text | May be an image of one or more people, braids, makeup, hat, costume, beret and text | May be an image of one or more people, costume and text that says 'ATE RUISM 74 LISM' | May be an image of costume and text that says 'TWICE WOBLPTOUR WORK THIS IS FOR TOUR សេ T ビ InL KL ከባባትብፕ' | May be an image of concert and text",40000,97,266,1002,https://www.threads.com/@7eleventw/post/DWO0-TNj10x,跟我一樣走不出來￼💙,2026年3月23日 星期一 下午11:17,,,106,0,0,0
corn_.0228,https://www.threads.com/@corn_.0228/post/DWLqkqyD7e1,好奇如果臺灣人沒有髒話要怎麼吵架,2026年3月22日 星期日 下午5:49,,,32000,1539,317,880,https://www.threads.com/@7eleventw/post/DWOtUKvj2KF,,2026年3月23日 星期一 下午10:10,,,276,0,0,2
agony_twit,https://www.threads.com/@agony_twit/post/DV6ifIQEpWb,"如果遺言最多六個字
會寫什麼呢",2026年3月16日 星期一 上午2:11,,,12000,3948,136,578,https://www.threads.com/@7eleventw/post/DWOs7TZDzD_,記得幫我海巡...,2026年3月23日 星期一 下午10:07,,,106,3,0,0
nanamilucia01,https://www.threads.com/@nanamilucia01/post/DWOqbRzE0kB,好奇子瑜這次跟7-11聯名的霜淇淋、思樂冰、飯糰、菠蘿包、鍋貼、茶好吃好喝嗎？,2026年3月23日 星期一 下午9:45,,,88,18,0,1,https://www.threads.com/@7eleventw/post/DWOrGrIj95t,問就是敲好吃🤤,2026年3月23日 星期一 下午9:51,,,97,1,0,0
lantiz731,https://www.threads.com/@lantiz731/post/DWOpF7jj6Jx,"布丁進化史：
統一布丁
統一丁布
統一步步
統一丁丁
統一布
統一丁
統一
統
糸",2026年3月23日 星期一 下午9:33,,,117,15,2,0,https://www.threads.com/@7eleventw/post/DWOqm-1Dz6K,,2026年3月23日 星期一 下午9:47,,,86,2,0,0
knorrtw,https://www.threads.com/@knorrtw/post/DWOnMZukndU,"
期待布布跟玉米濃湯的結合😙😙",2026年3月23日 星期一 下午9:17,@7eleventw,,165,15,0,3,https://www.threads.com/@7eleventw/post/DWOqGPkD6OB,法務大人 這裡有壞人！！！,2026年3月23日 星期一 下午9:42,,,80,0,0,0
vajohn.1314,https://www.threads.com/@vajohn.1314/post/DWOAq0kFJo0,小時候的我應該不知道長大會嫁給孫悟空,2026年3月23日 星期一 下午3:40,,May be an image of ticket stub and text that says '配偶孫 配 出生地 마겨 母 空役別 別 里2',28000,804,399,6227,https://www.threads.com/@7eleventw/post/DWOp1ImD61p,only~u~,2026年3月23日 星期一 下午9:40,,,716,7,1,14
zzzz_pic,https://www.threads.com/@zzzz_pic/post/DWN5yVhFOWM,"我自行宣布
第一屆《Once身體已在社畜狀態，心卻還在大巨蛋》大賽
正式開始
參賽選手如下：",2026年3月23日 星期一 下午2:40,,,1473,75,41,25,https://www.threads.com/@7eleventw/post/DWOpRCFj4zc,就是敲著鍵盤也要看子瑜💙,2026年3月23日 星期一 下午9:35,,May be an image of ‎mouse pad and ‎text that says '‎Alt Alt Ctri 目 Home ※ F1 몸ㅁ F2 888 F3 F4 FS বব 2@ II F6 3# DD F7 # 4$ FB व # % ل F9 6^ Q कণ) F10 7& W F11 8+ F12 E 19 R 0) T Y U S D o F P G 11 H K L‎'‎‎,290,2,0,1
__tingjia.zhang__,https://www.threads.com/@__tingjia.zhang__/post/DWIuA0yEg5S,"大消息！！統一布布準備開賣了
敲碗成功‼️好期待啊
7-11新品 4/1衝了",2026年3月21日 星期六 下午2:21,,"May be an image of kitchenware and text | May be an image of dessert, kitchenware and text",110000,1812,6474,100000,https://www.threads.com/@7eleventw/post/DWOk5nDD9Zt,看我主頁官宣,2026年3月23日 星期一 下午8:57,,,100,2,0,2
shuncyuan,https://www.threads.com/@shuncyuan/post/DWOKVl3lAyk,"有沒有那些，
「你統一天下，我統一布丁」之類的幹話？
我禮拜一要拿去騷擾同事🤣",2026年3月23日 星期一 下午5:05,,,246,48,2,83,https://www.threads.com/@7eleventw/post/DWOk0QvDz5R,你統一布布 我統一超商,2026年3月23日 星期一 下午8:56,,,97,1,0,5
hungyung1122,https://www.threads.com/@hungyung1122/post/DWOfPb3EiQU,"
🟨🟫🟫🟨🟨🟨🟫🟫🟨
🟫🟨🟨🟫🟫🟫🟨🟨🟫
🟫🟨🟫🟨🟨🟨🟫🟨🟫
🟨🟫🟨🟨🟨🟨🟨🟫🟨
🟨🟫🟨🟫🟨🟫🟨🟫🟨
🟨🟫🟨🟨🟫🟨🟨🟫🟨
🟨🟨🟫🟨🟨🟨🟫🟨🟨
🟨🟨🟨🟫🟫🟫🟨🟨🟨
🟨🟨🟨🟨🟨🟨🟨🟨🟨
什麼時候有大魔術熊貓統一布丁",2026年3月23日 星期一 下午8:07,@7eleventw,,218,2,0,2,https://www.threads.com/@7eleventw/post/DWOkJH4D8N5,召喚小當家,2026年3月23日 星期一 下午8:50,,,53,0,0,0
alice_.153,https://www.threads.com/@alice_.153/post/DWLtkMAEjsr,"阿嬤：有一碗小碗是妳的喔
：？ 哪一碗",2026年3月22日 星期日 下午6:16,,,16000,252,120,679,https://www.threads.com/@7eleventw/post/DWOiWZpD5mA,有一種餓叫 阿嬤怕你餓☺️,2026年3月23日 星期一 下午8:34,,,292,0,0,0
hoholoveqb,https://www.threads.com/@hoholoveqb/post/DWOAbLZlPy2,,2026年3月23日 星期一 下午3:38,,,0,0,0,0,https://www.threads.com/@7eleventw/post/DWOgzftD74G,它肚子也很癢😍,2026年3月23日 星期一 下午8:21,,,78,0,0,1
angel1090409,https://www.threads.com/@angel1090409/post/DWOHB7bkiF0,"晚餐又只能吃7-11了
7-11你們都吃什麼🤔
有什麼美食推薦嗎？😳😳",2026年3月23日 星期一 下午4:36,,,165,158,7,4,https://www.threads.com/@7eleventw/post/DWOgmXiD7-e,什麼叫 又只能吃7-11🥹,2026年3月23日 星期一 下午8:19,,,71,2,0,0
__elle.shop,https://www.threads.com/@__elle.shop/post/DWNrIZciV2b,"小編海巡來囉！！
放上你的商品讓我看看😻
小編也想知道現在大家都在賣什麼～",2026年3月23日 星期一 下午12:32,,,132,197,7,3,https://www.threads.com/@7eleventw/post/DWObLJOD-eF,,2026年3月23日 星期一 下午7:32,,,28,0,0,0
rainya5678,https://www.threads.com/@rainya5678/post/DWLm5RokQ9D,"布朗尼蛋糕吃完盒子別丟掉，
可以拿來做手燈座，
手燈繩要拆掉才不會倒一邊
子瑜在跟你比YA！！",2026年3月22日 星期日 下午5:16,,May be an image of tripod and text,1282,29,29,533,https://www.threads.com/@7eleventw/post/DWOaxOBD4Qm,子瑜守護你的手燈💙💡✨,2026年3月23日 星期一 下午7:28,,,180,2,0,0
peachyafter.01,https://www.threads.com/@peachyafter.01/post/DWJAMSViLto,"我看網路照片以為子瑜是印刷的
結果不是...是拍立得...還可以拿出來...更喜歡了...",2026年3月21日 星期六 下午5:00,,May be an image of text | May be an image of polaroid and text,3737,38,42,642,https://www.threads.com/@7eleventw/post/DWOakRfj1Nm,絕對要給大家最美的收藏~,2026年3月23日 星期一 下午7:26,,,38,1,0,0
goddess09281229,https://www.threads.com/@goddess09281229/post/DWMOnJ4Egd6,各位知道今年刈包怎麼吃了吧！,2026年3月22日 星期日 下午11:06,,,50000,145,1017,1729,https://www.threads.com/@7eleventw/post/DWOad5xjwlP,問就是吃星級饗宴💙,2026年3月23日 星期一 下午7:26,,,79,0,0,0
_zyixun,https://www.threads.com/@_zyixun/post/DWLG9JjkyOD,"其實我覺得擁有「周子瑜的711全套小卡跟集點周邊」是一件很普通的事，不理解為什麼有人會刻意發出來炫耀。
其實我跑了快20間的711，就在2026年3月21日收集完「周子瑜的711全套小卡跟集點周邊」，但我覺得這沒什麼，我不會有太大反應，也不會到處和別人說我擁有「周子瑜的711全套小卡跟集點周邊」，這只是我生活中的小插曲，畢竟我說了這只是我的日常而已沒有什麼值得炫耀的。
另外 我也不會到處和別人說 我擁有TWICE＜THIS IS FOR＞WORLD TOUR IN TAIPEI 3/22 VIP8800的票",2026年3月22日 星期日 下午12:37,,"May be an image of text that says '++++ 6 PRIMA CITY _zyixun PRIM CITY 現萃茶 KIT TEA CITY' | May be an image of ‎text that says '‎ixur 00 ص‎'‎ | May be an image of ‎text that says '‎金 F12 + es LON 必 gomma omman هبمم 3 fn‎'‎ | May be an image of ‎ticket stub and ‎text that says '‎IS 한장 存留 2026/03/22 2026/ 90003977 B2C4ZJG 0003977 B2CG4ZJGSZ1 320647 10.64 ی Natinn Taiwan bo THIS IL TWICE JGSZ1 根期师 人l WT 金天 THIS TWICE <THIS IS 台北大巨蛋 特曜： FOR IS 18:00 時間 ነፔነ PO. ForagY <THISISFOR> FOR> 蛋2026/03/20821627 2026 WORLD TWICE 台北大巨蛋 C 品域 18.AA THIS THISSFOR IS SFOR> B2 IN TAIPEI WORLUT 2026/03/20621 超或‎'‎‎ | May be an image of shepherd's pie and text | May be an image of television, screen, cash machine, signboard and text | May be an image of card, poster, calendar and text | May be an image of card and text | May be an image of seatbelt, bandage, diaper, sling and text that says 'zyixun CE'",461,16,9,28,https://www.threads.com/@7eleventw/post/DWOabdED7o8,寫～光臨🥹,2026年3月23日 星期一 下午7:25,,,22,1,0,1
x_harold_,https://www.threads.com/@x_harold_/post/DWJaVgOEdq_,海巡真的假的,2026年3月21日 星期六 下午11:18,,,16000,80,419,734,https://www.threads.com/@7eleventw/post/DWOaVDTD-25,海巡不能輸,2026年3月23日 星期一 下午7:24,,,403,3,0,0
hcy_03_17,https://www.threads.com/@hcy_03_17/post/DWN7o7jgVvD,統一布丁的演化,2026年3月23日 星期一 下午2:56,,"May be a doodle of cake, pie, bread and text that says '布布 布 布 布丁 T™ JT I T 丁布 存丁希 布 丁布丁'",57000,233,778,1574,https://www.threads.com/@7eleventw/post/DWOXLfkDw3N,"嘿嘿 💛💛
🟨🟨🟨🟨
🟨🟨🟨🟨
🟨🟨🟨🟨🟨",2026年3月23日 星期一 下午6:57,,,309,0,2,0
murasagi_cafe,https://www.threads.com/@murasagi_cafe/post/DWNZRoSEoTt,脆上到底有多少真人？,2026年3月23日 星期一 上午9:56,,,1098,1317,12,6,https://www.threads.com/@7eleventw/post/DWOVHBij2sp,我有7200個分身,2026年3月23日 星期一 下午6:39,,,99,2,0,0
csyp0709,https://www.threads.com/@csyp0709/post/DWOUWxCE2Pe,"
我統一發票，你統一布丁",2026年3月23日 星期一 下午6:32,@7eleventw,,512,1,0,2,https://www.threads.com/@7eleventw/post/DWOUu8bjwxZ,你要吃統一布丁，就來統一超商,2026年3月23日 星期一 下午6:35,,,416,0,0,4
404wyh_,https://www.threads.com/@404wyh_/post/DWNSb7DEr8a,"回宿舍的路上看到地上好多花瓣
還想說這是什麼花 挺好看的",2026年3月23日 星期一 上午8:56,,"May be an image of fire escape, air conditioner and text | May be an image of text",69000,529,1330,3633,https://www.threads.com/@7eleventw/post/DWN6ukTjxjO,一種小七有在賣的花,2026年3月23日 星期一 下午2:48,,,591,1,0,4
clsc1011,https://www.threads.com/@clsc1011/post/DWMUhHBEj6x,"中南部天氣還是偏熱
跟阿嬤說拿件薄被蓋就好了
結果攤開蓋上後⋯",2026年3月22日 星期日 下午11:55,,May be an image of text,22000,1469,256,3691,https://www.threads.com/@7eleventw/post/DWNyl8Gj6HX,蓋比不蓋還涼,2026年3月23日 星期一 下午1:37,,,9175,19,8,132
netflixtw,https://www.threads.com/@netflixtw/post/DWNnbkUD3X1,魂還在小巨蛋出不來,2026年3月23日 星期一 下午12:00,,,885,16,18,19,https://www.threads.com/@7eleventw/post/DWNxijgD4W5,還在大巨蛋迷路中.....,2026年3月23日 星期一 下午1:28,,,120,0,0,0
imchchuang,https://www.threads.com/@imchchuang/post/DWNe1jGkp2e,盤點那些星期一早上跟大巨蛋時長得不一樣的ONCE🫩🫩🫩,2026年3月23日 星期一 上午10:44,,,14000,592,762,4195,https://www.threads.com/@7eleventw/post/DWNw-fOj5gy,今日在辦公室枯萎🥀,2026年3月23日 星期一 下午1:23,,,363,0,0,0
7.innn_,https://www.threads.com/@7.innn_/post/DWL5AdTksxT,"E人本人+ I人本人會變成
.
.
日本人欸",2026年3月22日 星期日 下午7:55,,,9298,100,330,773,https://www.threads.com/@7eleventw/post/DWNZfM9D3LE,,2026年3月23日 星期一 上午9:58,,,1714,3,0,13
niimbot.tw,https://www.threads.com/@niimbot.tw/post/DWNWV8CGIZY,,2026年3月23日 星期一 上午9:30,,,0,0,0,0,https://www.threads.com/@7eleventw/post/DWNY3APD08e,還困在大巨蛋….,2026年3月23日 星期一 上午9:52,,,1321,12,1,11
agogo_eat,https://www.threads.com/@agogo_eat/post/DWKrpisjyfw,"把貓頭鷹的眼睛遮起來
你就得到一隻更萌的貓頭鷹
轉x: @park_yono2023",2026年3月22日 星期日 上午8:40,,,160000,842,5468,24000,https://www.threads.com/@7eleventw/post/DWNEkVUkgzW,可愛到不行,2026年3月23日 星期一 上午6:55,,,246,0,1,2
_imypy_,https://www.threads.com/@_imypy_/post/DWL3VrCkYpp,"看到今天子瑜哭 就想到這部影片
子瑜來赴16歲的約了",2026年3月22日 星期日 下午7:41,,,36000,70,1511,988,https://www.threads.com/@7eleventw/post/DWMIMphj8cU,嗚😭😭 子瑜小七愛你！！！,2026年3月22日 星期日 下午10:07,,,1320,3,2,3
bahn._,https://www.threads.com/@bahn._/post/DWLVvCJjwx3,"大巨蛋的疏散真的做得很糟糕欸
3/20看完演唱會
我到現在都還沒有走出去",2026年3月22日 星期日 下午2:46,,,3291,44,222,199,https://www.threads.com/@7eleventw/post/DWMH4pAj-to,明天上不了班了…🥹,2026年3月22日 星期日 下午10:05,,,240,1,0,0
l27.sch,https://www.threads.com/@l27.sch/post/DWLRLMhEY7v,"This is for Tzuyu💙💙💙💙
完全無違和😍我發誓永遠愛子瑜🫡",2026年3月22日 星期日 下午2:07,,May be an image of text that says 'T-ELEVEI ELEVEN IZUAU WHAT WHATISLOVE2 IS LOVE? TWICE WORLD TOUR IN H TAIPEI THIS IS FOR',319,6,2,1,https://www.threads.com/@7eleventw/post/DWMFij1j771,好讚好搭💙,2026年3月22日 星期日 下午9:44,,,24,0,0,0
eaglehan1107,https://www.threads.com/@eaglehan1107/post/DWL79lmkv5g,子瑜不哭不哭！吼唷哭慘了我,2026年3月22日 星期日 下午8:21,,,0,13,0,0,https://www.threads.com/@7eleventw/post/DWME-zMj8FJ,齁🥺😭,2026年3月22日 星期日 下午9:39,,,79,1,0,0
a5069leo,https://www.threads.com/@a5069leo/post/DWL8H5tAfvv,"好壞 把哭哭的子瑜升上去又降下來😂
子瑜完成他的夢想
帶成員來高雄台北開演唱會！",2026年3月22日 星期日 下午8:27,,,45000,206,2433,2097,https://www.threads.com/@7eleventw/post/DWMDi34j2hB,,2026年3月22日 星期日 下午9:27,,,572,1,0,0
__getotwo,https://www.threads.com/@__getotwo/post/DWL3mZ5kwLk,"三天都賭對位置了
可是你怎麼哭了(;´༎ຶД༎ຶ`)",2026年3月22日 星期日 下午7:43,,,32000,35,1055,871,https://www.threads.com/@7eleventw/post/DWL7kMWD45H,子瑜最棒!!!🥺🥺,2026年3月22日 星期日 下午8:17,,,1824,1,2,2
11.sns,https://www.threads.com/@11.sns/post/DWLwnMPAcoO,,2026年3月22日 星期日 下午6:42,,,0,0,0,0,https://www.threads.com/@7eleventw/post/DWL6WNpD2MY,子瑜很棒！！！小七永遠支持🥹💙,2026年3月22日 星期日 下午8:06,,,5991,11,2,12
yyyyyo.yyyyy,https://www.threads.com/@yyyyyo.yyyyy/post/DWL3-JvmD0_,整個脆都是子瑜不要哭😭,2026年3月22日 星期日 下午7:46,,,161,3,2,0,https://www.threads.com/@7eleventw/post/DWL6LHZD95H,嗚嗚嗚嗚😭😭😭,2026年3月22日 星期日 下午8:05,,,62,2,0,0
272_lizz,https://www.threads.com/@272_lizz/post/DWHCvlZiQwV,追蹤272_lizz日常廢文 更多我的朋友真的都怪怪的啦…讚7.2 萬回覆212 分享1.3 萬,2026年3月20日 星期五 下午10:44,,"May be a meme of pie, wafer, bread and text that says '還金重 1x39, 新 三杯給樂 樂 •Aec 星級響宴 三杯蛤蠣 台南品英酒店 THREI-CUP TaEE.COFCIAM THREL-CUPCLAMS CLAMS 最近吃到蠻好吃的 避金香 22:35 就是廚師打扮的太花俏 22:36 看起來不專業 22:36 那他媽是周子瑜 不是廚師=='",,,,,https://www.threads.com/@7eleventw/post/DWLBXyHjzLZ,"追蹤7eleventw已驗證 更多？！讚7,099 轉發1",2026年3月22日 星期日 上午11:49,,,,,,
papayanyc,https://www.threads.com/@papayanyc/post/DWIaaKgjWRK,"第一屆《攀關係大賽 - 周子瑜》 正式開始我先
周子瑜是我高中同學的國中補習班學姐😤😤 1/2讚2 萬回覆786轉發194分享713",2026年3月21日 星期六 上午11:30,,,,,,,https://www.threads.com/@7eleventw/post/DWLAx5xj0pz,"追蹤7eleventw已驗證 原作者說讚更多子瑜是我的品牌大使😎讚7,872 轉發9",2026年3月22日 星期日 上午11:43,,,,,,
_tinngii,https://www.threads.com/@_tinngii/post/DWJBtKLFD-P,"追蹤_tinngiiTwice 更多今天我生日 可以跟我說那四個字嗎？😗讚1,143 轉發4分享",2026年3月21日 星期六 下午5:13,,"May be an image of costume, miniskirt and text",,,,,https://www.threads.com/@7eleventw/post/DWKpQKDEtWA,追蹤7eleventw已驗證 原作者說讚更多永遠幸福讚228回覆轉發分享,2026年3月22日 星期日 上午8:18,,,,,,
jh.mood_,https://www.threads.com/@jh.mood_/post/DWKCisYktET,追蹤jh.mood_ 更多大家熬夜都在幹嘛？ 讚95 轉發分享1,2026年3月22日 星期日 上午2:39,,,,,,,https://www.threads.com/@7eleventw/post/DWKQ4gLE4Ev,追蹤7eleventw已驗證 原作者說讚更多海巡之類ㄉ讚57 轉發分享,2026年3月22日 星期日 上午4:45,,,,,,
zhangruitong783,https://www.threads.com/@zhangruitong783/post/DWG8oF7EuuM,"-
來 5分鐘到了 我們開始考試讚6,730回覆961轉發112分享368",2026年3月20日 星期五 下午9:50,,,,,,,https://www.threads.com/@7eleventw/post/DWJobEPjwAI,追蹤7eleventw已驗證 原作者說讚更多來追蹤我讚381 轉發分享,2026年3月21日 星期六 下午10:51,,,,,,
huh.uj5,https://www.threads.com/@huh.uj5/post/DWJg-5LEyUg,追蹤huh.uj5 更多去子瑜的便利商店打卡 🤲😭讚754 轉發2,2026年3月21日 星期六 下午9:46,,"May be an image of one or more people, television, cash machine, vending machine, display case, newsstand and text that says '7-ELEVEN ELEVEN' | May be an image of display case and text | May be an image of text | May be an image of signboard, display case, poster and text | May be an image of display case, vending machine and text | May be an image of poster and text | May be an image of one or more people, hair and text | May be an image of dress and text | May be an image of milk and text | May be an image of skyscraper, Tokyo Tower, buildings and text | May be an image of cablecar, skyscraper, buildings, tower, night and text | May be an image of standing and text | May be an image of skyscraper, buildings, tower and text | May be an image of ticket stub and text | May be an image of text",,,,,https://www.threads.com/@7eleventw/post/DWJhrdtD01f,追蹤7eleventw已驗證 原作者說讚更多緩光臨～讚331 轉發分享,2026年3月21日 星期六 下午9:52,,,,,,
floatinglife_yoga,https://www.threads.com/@floatinglife_yoga/post/DWJTH16D-fB,追蹤floatinglife_yoga 更多敢不敢上傳你相簿裡的第五張照片？讚897 轉發2,2026年3月21日 星期六 下午7:45,,,,,,,https://www.threads.com/@7eleventw/post/DWJgPRED0SK,"追蹤7eleventw已驗證 更多💙讚3,706 轉發11",2026年3月21日 星期六 下午9:40,,May be an image of text that says 'T',,,,
liwen_wow,https://www.threads.com/@liwen_wow/post/DWJYnWeEcqQ,"追蹤liwen_wow大港開唱 更多大港阿嬤今日MVP❤️‍🔥❤️‍🔥❤️‍🔥 已靜音已靜音讚14 萬回覆1,706 分享2.1 萬",2026年3月21日 星期六 下午8:33,,,,,,,https://www.threads.com/@7eleventw/post/DWJfxLZj_Wv,"追蹤7eleventw已驗證 原作者說讚更多給阿嬤ㄅ級分！！！讚3,505 轉發1",2026年3月21日 星期六 下午9:36,,,,,,
96onswer,https://www.threads.com/@96onswer/post/DWL3BlXkrC_,"子瑜在臺北演唱會最後一日
<MOONLIGHT SUNRISE>時哭了~🥹🥹",2026年3月22日 星期日 下午7:38,,,6433,29,260,407,https://www.threads.com/@7eleventw/post/DWL51i3D0xM,不哭🥹🥹 之後再帶姊姊們回來,2026年3月22日 星期日 下午8:02,,,543,1,2,2
littlewu0514,https://www.threads.com/@littlewu0514/post/DV3Y4SlmVRm,"有沒有那些「你統一天下，我統一布丁」之類的幹話？
我禮拜一要拿去騷擾同學",2026年3月14日 星期六 下午8:49,,,53000,1821,3998,9632,https://www.threads.com/@7eleventw/post/DWL1PxcDx08,你統一布丁 我統一超商,2026年3月22日 星期日 下午7:22,,,2030,16,4,22
allen0607,https://www.threads.com/@allen0607/post/DWLwVzSATOh,子瑜不哭😭,2026年3月22日 星期日 下午6:39,,,29000,181,1810,2363,https://www.threads.com/@7eleventw/post/DWL08Kbj8ah,子瑜不哭不哭🥹🥹🥹,2026年3月22日 星期日 下午7:19,,,2174,15,1,5
mitch6560213,https://www.threads.com/@mitch6560213/post/DWJvqEdge2k,"原來飯糰上的那個女孩是TWICE的成員
今天才知道🥹🥹",2026年3月21日 星期六 下午11:55,,,6727,68,38,206,https://www.threads.com/@7eleventw/post/DWLrHrXjzw-,你知道的有點太晚了🥹,2026年3月22日 星期日 下午5:53,,,3392,3,0,7
a_girl__666,https://www.threads.com/@a_girl__666/post/DWI6vbqkq7y,"4/1新品發布
差點以為是愚人節限定🤣",2026年3月21日 星期六 下午4:12,,"May be an image of condiment, kitchenware and text | May be an image of pie, kitchenware and text that says '統一布丁 統一丁布 統一丁丁 統一布布'",25000,192,659,9793,https://www.threads.com/@7eleventw/post/DWLkoCnjxDb,,2026年3月22日 星期日 下午4:57,,,704,3,0,29
justin30336,https://www.threads.com/@justin30336/post/DWLRGHfAddg,瑜我約會💙,2026年3月22日 星期日 下午2:06,,"May be an image of duffle coat, parka and text",372,1,0,7,https://www.threads.com/@7eleventw/post/DWLYKefD4w7,羨慕,2026年3月22日 星期日 下午3:08,,,142,0,0,0
joshuacheung11,https://www.threads.com/@joshuacheung11/post/DV3K4EXAWzS,"一人一句曖昧文案
最屌置頂",2026年3月14日 星期六 下午6:47,,,6765,588,398,921,https://www.threads.com/@7eleventw/post/DWJe3_Yj3g5,陪我去樓下小七買飲料好不好～,2026年3月21日 星期六 下午9:28,,,527,8,0,9
ateliver_j.studio,https://www.threads.com/@ateliver_j.studio/post/DWF35oPgdAQ,請用emoji 拼出你的名字,2026年3月20日 星期五 上午11:50,,,1017,730,25,98,https://www.threads.com/@7eleventw/post/DWJen-ED49J,7️⃣1️⃣1️⃣,2026年3月21日 星期六 下午9:26,,,86,1,0,0
superwaterchu,https://www.threads.com/@superwaterchu/post/DWI14JMj39H,"去一趟樓下 711 就可以搞定
1. 寄包裹給媽媽
2. 取演唱會門票
3. 買午餐
台灣真的好方便
好期待明天的 TWICE 演唱會",2026年3月21日 星期六 下午3:30,,,53,4,0,0,https://www.threads.com/@7eleventw/post/DWI_EZRDxDe,Always OPEN Seven Eleven~,2026年3月21日 星期六 下午4:50,,,56,3,0,0
carrefourtaiwan,https://www.threads.com/@carrefourtaiwan/post/DWF4zV3k7c5,"演唱會這種東西
看一次不夠，就看兩次✌️
所以下班準備去看TWICE了💙",2026年3月20日 星期五 上午11:57,,,899,23,4,9,https://www.threads.com/@7eleventw/post/DWI7TJAD8aZ,阿福我準備好了💙,2026年3月21日 星期六 下午4:17,,May be an image of text,535,2,3,2
m_y.0917,https://www.threads.com/@m_y.0917/post/DWGq9-SgTUf,用一句歌詞證明你是誰的粉絲,2026年3月20日 星期五 下午7:16,,,9219,3650,88,259,https://www.threads.com/@7eleventw/post/DWI5Ilcj93d,Run run away ~💙💙💙,2026年3月21日 星期六 下午3:58,,,2454,7,4,4
zzzz.37_ffz,https://www.threads.com/@zzzz.37_ffz/post/DWHGLwpku1n,"脆友們
推薦你『最有感觸』的一句歌詞",2026年3月20日 星期五 下午11:14,,,47,81,0,3,https://www.threads.com/@7eleventw/post/DWI4zZLj8bf,我是OPEN將 快樂的一天~,2026年3月21日 星期六 下午3:55,,,25,0,0,0
h_ooooo5,https://www.threads.com/@h_ooooo5/post/DWF5oqHgeIa,一人一句亞洲父母會說的話,2026年3月20日 星期五 下午12:05,,,237,543,3,12,https://www.threads.com/@7eleventw/post/DWI4NyZD0rO,去樓下ㄙㄟ門幫我買咖啡,2026年3月21日 星期六 下午3:50,,,162,7,0,2
ling770321,https://www.threads.com/@ling770321/post/DWIxJYSklOM,終於輪到我了，可以對我說那四個字嗎？,2026年3月21日 星期六 下午2:48,,May be an image of text that says '中華民 中華民國國民身分證 身分證 姓名 出生 出 生民國77年3月21日 21 民國 77 日 年月日 發證日期 武出神出 性別女 女 性別',253,279,1,6,https://www.threads.com/@7eleventw/post/DWI34b0j7rI,那四個字,2026年3月21日 星期六 下午3:47,,,767,10,2,2
ho.zhen_,https://www.threads.com/@ho.zhen_/post/DWIh_DPEUmh,終於買到～雖然不是為了小卡🤣（只是好想吃）,2026年3月21日 星期六 下午12:36,,May be an image of food and text,50,3,0,0,https://www.threads.com/@7eleventw/post/DWIuCW9D88B,美味擔當🙋‍♀️,2026年3月21日 星期六 下午2:21,,,37,1,0,0
kumapigging,https://www.threads.com/@kumapigging/post/DWHCRmkk0fN,"子瑜加碼演出😍
這裡是台灣是你的主場
我們都愛你喔❤️❤️❤️",2026年3月20日 星期五 下午10:39,,,22000,96,847,512,https://www.threads.com/@7eleventw/post/DWIt4FgD81X,屋哩子瑜怎麼這麼美❤️‍🔥❤️‍🔥,2026年3月21日 星期六 下午2:20,,,376,0,0,0
nuenue.0617,https://www.threads.com/@nuenue.0617/post/DWIho12FMOO,昨天是子瑜的賊賊！,2026年3月21日 星期六 下午12:33,,"May be an image of concert, stadium and text | May be an image of costume and text that says 'WICE WORLD THIS IS FOR TOUR TAIPEI DOME I M' | May be an image of standing, miniskirt and text | May be an image of ‎cornflower and ‎text that says '‎THIS W NORLD IS ISFOR FOR TOUR TAIPEI DOME ۱ MAR20(HMAR CFRIU MAR 21am 0Z4Om MAR 20 ما LIVERATION SAMSONG‎'‎‎ | May be an image of Maltese, miniskirt and text",1781,15,6,21,https://www.threads.com/@7eleventw/post/DWIn8fsj1y3,,2026年3月21日 星期六 下午1:28,,May be an image of text,477,4,2,2
blue.yestar,https://www.threads.com/@blue.yestar/post/DWIbxqQExBf,"這波真的是7-11贏找周子瑜當品牌大使
直接給到ㄅ級分",2026年3月21日 星期六 上午11:42,,"May be a Twitter screenshot of text that says 'avatar.greatlife2 avatar. greatlife 2天 + 用一句話證明你是狠角色 ර 1/2 4,963 1,958 G27 7eleventw ELEVED + 211 2天 子瑜是我的品牌大使 2.9萬 Q142 142 G113 113 347'",8005,20,60,39,https://www.threads.com/@7eleventw/post/DWIdAHpjwas,子瑜是我的品牌大使☺️☺️,2026年3月21日 星期六 上午11:52,,,6047,17,10,6
suttpups,https://www.threads.com/@suttpups/post/DWITSeuAYWn,"台灣🇹🇼 我坐在7-11便利店裡，熱淚盈眶，因為你們在我騎車穿越台灣的過程中給予了我莫大的支持。我收到了水、食物、錢，還和陌生人進行了精彩的對話😭 你們讓我重新找回了自信。
TAIWAN 🇹🇼 I’m sitting at 7/11 with tears because of how supportive you guys are on my Ride across Taiwan. I’ve received water, food, money and amazing conversation with strangers 😭 you’ve made me believe in myself again.",2026年3月21日 星期六 上午10:28,,,100000,1481,966,780,https://www.threads.com/@7eleventw/post/DWIXXYpD9Cs,"Always Open, 7-Eleven
🏪🛒🥤🍱🍙🍜☕️🍞",2026年3月21日 星期六 上午11:03,,,7329,17,8,18
sooooong.m,https://www.threads.com/@sooooong.m/post/DWDRDO8CVcQ,"台北場要是有run away
我三個禮拜連吃711周子瑜套餐",2026年3月19日 星期四 上午11:32,,,9502,160,109,214,https://www.threads.com/@7eleventw/post/DWH932yErga,留大家看！！😍😍😍,2026年3月21日 星期六 上午7:20,,,2940,5,0,24
97xiin_,https://www.threads.com/@97xiin_/post/DWG8MpgE06N,"看看能在辦公室每個角落蒐集到多少個子瑜🤓
（還有很多漏拍了）
然後現在在吃藏壽司⋯好幸福⸝⸝ʚ̴̶̷̆ ̯ʚ̴̶̷̆⸝⸝🤍",2026年3月20日 星期五 下午9:46,,"May be an image of drink, pen, cup, stapler and text | May be an image of chocolate milk, tea, cup, smoothie and text that says 'Kaи 現萃茶 茶 現萃 CITY CITYTEA TEA Cho' | May be an image of text | May be an image of dumpling and text | May be an image of croquette, breadstick, crackers, oatmeal cookies, wafer and text | May be an image of shelf, microwave, refrigerator, vending machine, cabinet, display case, newsstand and text | May be an image of cake, coconut macaroon, oatmeal cookies, milk and text | May be an image of chocolate cake and text | May be an image of sushi, sashimi, poached egg, ramen, soy sauce, chopsticks, buffet and text | May be an image of ‎ticket stub, popcorn and ‎text that says '‎สุพ ህ 大巨蛋 SHOV a (DVAI 大巨蛋秀奏 SHOWTIME TIME 2026 SHOW /03/14 （木） 口聯場 19:00 צירעיץ‎'‎‎",169,5,1,3,https://www.threads.com/@7eleventw/post/DWHCxG8D5Ox,我喜歡你們的辦公室💙,2026年3月20日 星期五 下午10:44,,,62,1,0,0
anson_yennnn,https://www.threads.com/@anson_yennnn/post/DWGpX0gkV7j,"不知道是我吃不懂，還是不懂吃，
真的有義大利麵店的肉醬義大利麵，
可以打敗桂冠肉醬義大利麵嗎？
好爽好好吃",2026年3月20日 星期五 下午7:02,,"May be an image of pasta, chow mein, ramen, spaghetti, noodles, chopsticks and text",5499,402,170,723,https://www.threads.com/@7eleventw/post/DWHBT3pjzI3,這個也好好吃!,2026年3月20日 星期五 下午10:31,,"May be an image of pasta, noodles, spaghetti and text",300,17,3,9
9ooj_j,https://www.threads.com/@9ooj_j/post/DWBzyOSExW1,超媽好吃,2026年3月18日 星期三 下午9:57,,"May be an image of pasta, chow mein, noodles, spaghetti and text",43000,842,873,11000,https://www.threads.com/@7eleventw/post/DWHA6fyDy6V,我出這個你要買哦(打勾勾),2026年3月20日 星期五 下午10:28,,,27000,162,50,314
fernhair_tw,https://www.threads.com/@fernhair_tw/post/DWGpHCqjTuT,"我被Threads丟棄了😮
有人看的到小編我嗎？
看到的人喊「在」",2026年3月20日 星期五 下午7:00,,,231,287,5,1,https://www.threads.com/@7eleventw/post/DWHAxUejw8-,"🫳
在
🫴",2026年3月20日 星期五 下午10:26,,,27,1,0,0
knjstore,https://www.threads.com/@knjstore/post/DWG1x5tCRQ6,"說真的，7-11 雖然穩，但就是那種「公務員」感，什麼都有但沒什麼驚喜。
選全家的人才懂那種「開箱感」好嗎？
不管是霜淇淋每個月換口味（雖然有時候很奇葩），還是各種沒想過的聯名，全家玩的就是一種品味跟趣味。
7-11 派的先別急著噴，我知道你們求的是「穩」。
但人生已經夠無聊了，去超商不就是要找點驚喜嗎？
我覺得選全家的比較有品味（會被打嗎？😂）
你是哪一派？",2026年3月20日 星期五 下午8:50,,,51,36,0,3,https://www.threads.com/@7eleventw/post/DWG57mJDxnM,我來翻譯什麼是驚喜~,2026年3月20日 星期五 下午9:27,,"May be an image of chow mein, poster and text",400,8,0,0
__cy.1213,https://www.threads.com/@__cy.1213/post/DWGs7KME0bG,周子瑜講台語真的可愛到不行😍,2026年3月20日 星期五 下午7:34,,,3561,12,176,149,https://www.threads.com/@7eleventw/post/DWGwhpXj9Tg,花花ㄏ一ㄏ一~~,2026年3月20日 星期五 下午8:04,,,306,0,0,4
kyle0305,https://www.threads.com/@kyle0305/post/DWGs7QZEg6n,子瑜今天說台語好可愛💙😍,2026年3月20日 星期五 下午7:34,,,1772,9,47,50,https://www.threads.com/@7eleventw/post/DWGv5V_D8fp,心臟爆擊❤️‍🔥,2026年3月20日 星期五 下午7:59,,,147,1,0,0
1esserafim,https://www.threads.com/@1esserafim/post/DWEUFNpkxLR,如何突破自己運動的極限：,2026年3月19日 星期四 下午9:17,,May be an image of text that says '太難了 我做不到 小意思 多來點',30000,40,1773,2952,https://www.threads.com/@7eleventw/post/DWGvWLSD7_b,前面改放子瑜小卡也可以!,2026年3月20日 星期五 下午7:54,,,886,0,5,5
treasure202307,https://www.threads.com/@treasure202307/post/DWEcl88kfcf,"溫馨提醒
90後的大家都要邁向3字頭4字頭了
1999：27
1998：28
1997：29
1996：30
1995：31
1994：32
1993：33
1992：34
1991：35
1990：36",2026年3月19日 星期四 下午10:32,,,4952,966,65,1414,https://www.threads.com/@7eleventw/post/DWGvO62j_b4,這個我看不懂,2026年3月20日 星期五 下午7:53,,,181,1,0,1
sistererlin,https://www.threads.com/@sistererlin/post/DWFlHotkzGf,我…,2026年3月20日 星期五 上午9:05,,May be an image of ‎text that says '‎(aeod 議名 Chaos Cm Teachef' eschofSemature Sjgnature 例 非 你 非 別 馬 再 享 比 ក IE 喻 事 物 倫 不 類 4 Μ 8 9 ٥ 2 急末 仕 CL4 家 2 天 放 學 合 عمد 同 我 れ 度 學 不 チー 久 و 去 轉 我 我心 ١١٤٠ ۴٤ 竟规看懂了 寛品 懂了 26‎'‎,6197,223,87,1393,https://www.threads.com/@7eleventw/post/DWGrwk5j-Hp,ㄧㄣㄨㄟ～ ㄙㄟ本 ㄡ威斯 歐噴啦,2026年3月20日 星期五 下午7:23,,,369,2,0,1
rupertluk_,https://www.threads.com/@rupertluk_/post/DWDYbFRj0hm,"我自行宣佈
第一屆 ""聽君一席話，如聽一席話"" 幹話大賽
正式開始
選手如下：",2026年3月19日 星期四 下午12:36,,,4698,948,188,971,https://www.threads.com/@7eleventw/post/DWGo4BWj1Xk,在7-11買東西，就會買到東西,2026年3月20日 星期五 下午6:57,,,512,3,1,11
yanshe.studio,https://www.threads.com/@yanshe.studio/post/DWGIW_wEUIh,"這邊是海巡小編集合區
底下讓大家看看你們是做什麼的吧！",2026年3月20日 星期五 下午2:13,,,162,221,6,5,https://www.threads.com/@7eleventw/post/DWGnJIgj0OF,不用多解釋吧(?,2026年3月20日 星期五 下午6:42,,,20,2,0,0
torin_sailor,https://www.threads.com/@torin_sailor/post/DWB7KyiCew1,想請問資產超過一億的家庭，有在用微波爐嗎？,2026年3月18日 星期三 下午11:01,,,29000,1756,213,1622,https://www.threads.com/@7eleventw/post/DWGnFaUD7ss,有的，我們7200家都有用微波爐,2026年3月20日 星期五 下午6:42,,,3055,5,0,25
cores_offical,https://www.threads.com/@cores_offical/post/DWGfPpykpJs,不覺得一句話開頭加上「來」很霸氣嗎,2026年3月20日 星期五 下午5:33,,,1643,570,27,224,https://www.threads.com/@7eleventw/post/DWGnDssDwR2,來ㄙㄟ門,2026年3月20日 星期五 下午6:42,,,169,1,0,0
carrefourtaiwan,https://www.threads.com/@carrefourtaiwan/post/DWD9dVqAggW,一張圖證明阿福是ONCE,2026年3月19日 星期四 下午6:00,,May be a doodle of text that says 'Carrefour くい 5い 樂福 What is',41000,389,2042,8310,https://www.threads.com/@7eleventw/post/DWGm2D4j0nu,我是ONCE大家應該都同意吧,2026年3月20日 星期五 下午6:40,,"May be an image of chow mein, poster and text",1164,2,5,16
hungry_._909,https://www.threads.com/@hungry_._909/post/DWBxcadgVv5,"測大家英文水平
留下你覺得最難的S字頭的單詞",2026年3月18日 星期三 下午9:36,,,20000,1680,89,444,https://www.threads.com/@7eleventw/post/DWGlwUljz7e,Seven Eleven,2026年3月20日 星期五 下午6:30,,,4523,11,13,48
1111.com.tw,https://www.threads.com/@1111.com.tw/post/DWFiKcUAWJ0,,2026年3月20日 星期五 上午8:40,,,0,0,0,0,https://www.threads.com/@7eleventw/post/DWGlsUAj8Zz,緩光臨～我想問你早餐吃哪個品項？,2026年3月20日 星期五 下午6:30,,,93,2,0,0
alice3355771,https://www.threads.com/@alice3355771/post/DWEmc14kof0,周子瑜,2026年3月19日 星期四 下午11:58,,,0,0,0,0,https://www.threads.com/@7eleventw/post/DWGlmgMj5DN,留ONCE心臟爆擊,2026年3月20日 星期五 下午6:29,,,98,0,0,0
zhanzhan_tv,https://www.threads.com/@zhanzhan_tv/post/DWBqJ11Dy_8,透卡放到大創的筆筒也很好看💙,2026年3月18日 星期三 下午8:32,,"May be an image of pencil case, clipboard, binder and text",5171,23,67,460,https://www.threads.com/@7eleventw/post/DWGlaoSDzUf,照這樣子讀書 你的分數會跟子瑜一樣美,2026年3月20日 星期五 下午6:27,,,2471,0,11,6
__a_chai__,https://www.threads.com/@__a_chai__/post/DWD6F1ZGCVN,"不是粉絲
但單純覺得人家好漂亮就買了
結果一抽入魂
（不送，很喜歡所以保留起來）
這應該算是我人生的第一張小卡🤣",2026年3月19日 星期四 下午5:30,,May be an image of card and text that says '7-ELFVEN សនាន TZUYU PHOTOCARD 此小卡不可微波微波前請先取下 此小卡不可微波 微波前請先取下',899,8,1,3,https://www.threads.com/@7eleventw/post/DWGlVmqj7ao,第一張就解鎖女神子瑜是不是一種老天給你的SIGNAL,2026年3月20日 星期五 下午6:27,,,42,1,0,0
chenpingxuan1,https://www.threads.com/@chenpingxuan1/post/DWEDZTKE33Q,"認真問，如果給你60秒可以在7-11免費隨便搬
搬到什麼都送你，你們會搬什麼？",2026年3月19日 星期四 下午6:52,,,11000,1530,34,304,https://www.threads.com/@7eleventw/post/DWGlNWvD2Yf,我來說！都不可以,2026年3月20日 星期五 下午6:25,,,406,4,1,3
rockxiao66,https://www.threads.com/@rockxiao66/post/DWD8jGKlBMu,大港附近的7-11埕藝門市直接野格富翁,2026年3月19日 星期四 下午5:52,,"May be an image of carton, lumberyard and text | May be an image of alcohol, soy sauce, condiment and text",1729,17,46,499,https://www.threads.com/@7eleventw/post/DWGlECaj--C,大港開唱讓小七幫你埕藝補給！,2026年3月20日 星期五 下午6:24,,,13,0,0,0
yuweeen,https://www.threads.com/@yuweeen/post/DWDSPMcEmg-,,2026年3月19日 星期四 上午11:42,,,0,0,0,0,https://www.threads.com/@7eleventw/post/DWGlAydj_N0,三杯蛤蜊御飯糰粉絲＋1,2026年3月20日 星期五 下午6:24,,,12,2,0,0
scrooge_ducktales,https://www.threads.com/@scrooge_ducktales/post/DWDBNViEwBL,"完了看到這麼多鍋貼讓我有了大膽的想法..
畢竟想要的立牌和燈箱都還沒換到😵‍💫",2026年3月19日 星期四 上午9:13,,May be an image of petfood and text,281,20,2,9,https://www.threads.com/@7eleventw/post/DWGkwjHj9U7,麻辣鍋貼真的好吃，子瑜也是真的美,2026年3月20日 星期五 下午6:22,,,37,0,0,0
hachoooo,https://www.threads.com/@hachoooo/post/DWEU21UFHVJ,冷知識：Jolin首次代言seven那年(1999年7月)，子瑜剛出生一個月(1999年6月),2026年3月19日 星期四 下午9:24,,"May be an image of one or more people, bus and text",6381,90,95,416,https://www.threads.com/@7eleventw/post/DWGkiIkD6ls,都是小七認證的女神,2026年3月20日 星期五 下午6:20,,,111,1,0,0
ugishot,https://www.threads.com/@ugishot/post/DWGPJ1UldEi,"自製子瑜手燈替TWICE應援
🩵💚🩷💜🧡💚🤍❤️💙",2026年3月20日 星期五 下午3:13,,"May be an image of text that says 'CITY PRIMA' | May be an image of text that says 'TWICE WORLD THIS IS FOR TOUR CITYPRIMA® CITY PRIMA®' | May be an image of poster and text that says 'TWICE THIS IS FOR WORLD TΟBA CITY PRIMA PRIMA A' | May be an image of one or more people, hair, poster, magazine and text that says 'ELEVEN CITY CITYPRIMA PRIMA' | May be an image of one or more people, makeup and text that says 'CITYPRIMA CITY PRIMA 990 ARRA THRA'",8507,64,145,746,https://www.threads.com/@7eleventw/post/DWGYGFRj0Sl,好有才華💙,2026年3月20日 星期五 下午4:31,,,560,1,0,2
bebe_easycard,https://www.threads.com/@bebe_easycard/post/DWFmLGskrlR,"悠遊付今年6歲啦！生日慶活動開跑…
希望大家可以對我說那四個字嗎🥺",2026年3月20日 星期五 上午9:15,,"May be an image of snowman and text that says '! 悠遊付 Fas, syWolet 悠遊付 已協六 K ご場六 悠遊付6嵗了 請祝福四個字' | May be an image of ‎toy and ‎text that says '‎不要說我沒說 3/20-3 3/20-3/25天 最高賺$666! 最高賺$666!起快获霜 最高賺 $666! 3/20-3/25天天領券 天天領券 趕快來領 0 한 悠遊付 EeAy EasyWallel ل5 กก ة อ 2 出ーい‎'‎‎",118,89,0,6,https://www.threads.com/@7eleventw/post/DWGI6qAj0_x,6666,2026年3月20日 星期五 下午2:18,,,11,4,0,0
mynameishungchaochunrui,https://www.threads.com/@mynameishungchaochunrui/post/DWF87mOCWUr,JYP竟然也來台北看女兒們的演唱會！,2026年3月20日 星期五 下午12:34,,,45000,400,1457,13000,https://www.threads.com/@7eleventw/post/DWGIKqDD5QZ,JYP~(氣音),2026年3月20日 星期五 下午2:12,,,3075,4,1,26
love830414,https://www.threads.com/@love830414/post/DWEc-iFic5E,"第一次做杜拜巧克力
就上手",2026年3月19日 星期四 下午10:35,,"May be an image of amphibian, tortoise and text",23000,1556,527,13000,https://www.threads.com/@7eleventw/post/DWGH33SjyeJ,真 上手,2026年3月20日 星期五 下午2:09,,,481,1,0,2
smartmonthly,https://www.threads.com/@smartmonthly/post/DWFmLfEDwCn,,2026年3月20日 星期五 上午9:15,,,0,0,0,0,https://www.threads.com/@7eleventw/post/DWF6YLZj0iA,我努力...,2026年3月20日 星期五 下午12:11,,,20,0,0,0
gr.ace6925,https://www.threads.com/@gr.ace6925/post/DWFVmbCEyQH,"如果 能和最喜歡的 idol 結婚
or 得5億頭彩🤣 會如何選擇？",2026年3月20日 星期五 上午6:50,,,10000,1429,365,2483,https://www.threads.com/@7eleventw/post/DWF5z8BDxXi,我選 子瑜！,2026年3月20日 星期五 下午12:06,,,180,1,0,6
myudn,https://www.threads.com/@myudn/post/DWFsya2EmAI,JYPE終於為子瑜標註「TAIWAN」了！,2026年3月20日 星期五 上午10:12,,May be an image of ‎text that says '‎TWICE TWICE @JYPETWICE Follow TZUYU TZUYU&7-ELEVENTAIW. 7-ELEVEN TAIWAN X 7-ELEVEN品牌大使周子瑜 牌大使 周子瑜 7-ELEVEN BRAND AMBASSADOR youtube.com/watch?v=Fnpf.U.. 歷史性的一刻！ TWICE官方首度 爲了子瑜標註 俞標註「TAIWAN لـ udn.com udn.com聯合新聞網 聯合新聞網 置/摘自X 娛樂‎'‎,51000,235,713,645,https://www.threads.com/@7eleventw/post/DWF4-qej04j,唷乎~(歡呼),2026年3月20日 星期五 上午11:59,,,4156,3,1,4
94hohogaga,https://www.threads.com/@94hohogaga/post/DWEXrRwjyEp,有沒有一種可能就是現在 子瑜的賊賊們已經在吃7-11子瑜餐點了呀🍭,2026年3月19日 星期四 下午9:49,,,688,4,1,7,https://www.threads.com/@7eleventw/post/DWFd4zPktUc,有可能,2026年3月20日 星期五 上午8:02,,,174,0,0,0
jay_medtech,https://www.threads.com/@jay_medtech/post/DWEjwpLk6mQ,半夜不睡覺你各位還在海巡嗎,2026年3月19日 星期四 下午11:34,,,76,33,0,0,https://www.threads.com/@7eleventw/post/DWEnf1ND10j,舉手🙋‍♀️,2026年3月20日 星期五 上午12:07,,,92,4,0,0
weee.wee.wee,https://www.threads.com/@weee.wee.wee/post/DWEY12Tkyyv,"
太扯了7-11小編",2026年3月19日 星期四 下午9:59,@7eleventw,,307,1,0,0,https://www.threads.com/@7eleventw/post/DWEauFFD2UO,你追蹤我了嗎？,2026年3月19日 星期四 下午10:15,,,25,3,0,1
weee.wee.wee,https://www.threads.com/@weee.wee.wee/post/DWCwY3wk5po,不是阿嬤…..好扯喔,2026年3月19日 星期四 上午6:46,,"May be an image of text that says '今天 & 以下為尚未閲讀的訊息 快起來清晨6：26 清晨6:26 快起來 我買了五個 清晨6:27 我買了五個清层6：27 清晨 6:27 微波了可以吃清晨6：27 清晨6:27 微波了可以吃 +' | May be an image of ticket stub, card and text that says '7-F 7-ELI 7-E' TELEVER 7-ELEVEN® PHOTOCARD PHOTC PHOTOCARD CARD TZUYU 떡'",57000,135,352,870,https://www.threads.com/@7eleventw/post/DWEYiLRj7dz,留全台阿嬤看,2026年3月19日 星期四 下午9:56,,,8912,2,4,33
gemini5200,https://www.threads.com/@gemini5200/post/DWDaHlCEzXY,"看到當下差點翁星 1/2已靜音讚6.3 萬回覆2,140轉發1,106分享1.6 萬",2026年3月19日 星期四 下午12:51,,,,,,,https://www.threads.com/@7eleventw/post/DWEP3nNDwWT,追蹤7eleventw已驗證 原作者說讚更多這我給一個ㄦ級分讚482 轉發分享5,2026年3月19日 星期四 下午8:41,,,,,,
0609_zyt,https://www.threads.com/@0609_zyt/post/DWEC-RaE_9i,追蹤0609_zytTwice 更多太不真實了 周子瑜本人好美也好親切 講話好溫柔 想了好久才敢開口 明天演唱會順利～～～💟💟💟 讚19 萬回覆811 分享1 萬,2026年3月19日 星期四 下午6:48,,"May be a selfie of one or more people, hair, duffle coat, eyeglasses, parka and text | May be a selfie of one or more people, duffle coat, parka and text",,,,,https://www.threads.com/@7eleventw/post/DWENcy7j_KO,"追蹤7eleventw已驗證 更多好幸運🥹🥹🥹讚2,938 轉發2",2026年3月19日 星期四 下午8:19,,,,,,
tony_wang_0110,https://www.threads.com/@tony_wang_0110/post/DWDgi0uk4Q7,"店員：現在只剩鮪魚的
🐟🐟🐟 1/2讚7,954回覆39轉發179分享968",2026年3月19日 星期四 下午1:47,,,,,,,https://www.threads.com/@7eleventw/post/DWEL1cJjxPw,追蹤7eleventw已驗證 原作者說讚更多店員有興趣來當小編嗎？讚318 轉發分享,2026年3月19日 星期四 下午8:05,,,,,,
neo5852,https://www.threads.com/@neo5852/post/DWCNMaOE-4q,"追蹤neo5852Twice 更多哇 ～現在才留意到TWICE 元老級粉絲大佬SQ K-pop SAM來台北看TWICE演唱會了有追TWICE的老粉絲應該都知道這位超級狂粉 (是好的那種不是下三濫騷擾娜璉的那種..)最新的YT 記錄半夜去7-11狂收子瑜食物與小卡還有去快閃店狂買～看的真的有點感動..10年老粉懂的都懂🙂 讚7,619 轉發130",2026年3月19日 星期四 上午1:39,,"May be a Twitter screenshot of ‎text that says '‎אל K-POP TWICE Unboxings Reactions Vlogs and More 5ด K-pop SQ K-Pop @SQKPop 14.5萬位訂閱者 2412部影片 14.5萬位訂聞者・2412部影片 2412 部影片 Twitter...顯示更多 Twitter: ..顯示更多 twitter.com/sqkpop和另外2個連結 個連結 和另外 已訂閲 加入 首頁 33社群 社群 影片 Shorts 直播 最新 播放清单 熱門 最早 생이로개 Tried All The New Tzuyu 7-Eleven Taiwan Collaboration Foods 觀看次数 2484次 15小時前 黑式智媒造持或面哦 16:09 Searched 7-Eleven Stores In Taipei For Tzuyu Collaboration Meals- + P... 觀看 次數 4496次 天前 11:34 TWICE 515FERS TESONA TH5/5FLA 四向国書場 慧 [VLOG] TWICE ""This is For"" World Tour Pop-Up Store in Taipei Taiwan 視看 次數 6271 2天前‎'‎ | May be an image of text that says 'II cc 10:24/ IM ዘር 11:34 F2 ㅈ I Searched7-Elev Searched 7-Eleven ISearched7-ElevenStoresInTaipei levenStoresInTaipeiFor... In Taipei For T... Stores @SQKPop 觀看次數： 4496次 @SQKPop@觀看次數：4496次1天前..示更多 1 天前 ..顯示更多 SO 加入 407' | May be an image of text",,,,,https://www.threads.com/@7eleventw/post/DWEIsyFj2mv,追蹤7eleventw已驗證 原作者說讚更多謝謝這位親辜的長情光臨🥹💙🍭讚460 轉發1,2026年3月19日 星期四 下午7:38,,,,,,
chang.629,https://www.threads.com/@chang.629/post/DWBU2utCT5X,"追蹤chang.629 更多還有三盒是不好吃嗎？讚2,402 轉發分享24",2026年3月18日 星期三 下午5:26,,"May be an image of shepherd's pie, potpie, pie, hand pie and text",,,,,https://www.threads.com/@7eleventw/post/DWEISm0jwTu,"追蹤7eleventw已驗證 原作者說讚更多是不好意思你太幸運！有子瑜小卡還有麻辣奶油鮮蝦義大利麵！讚4,031 轉發2",2026年3月19日 星期四 下午7:34,,,,,,
una_16.88,https://www.threads.com/@una_16.88/post/DWB9uxjkvjM,追蹤una_16.88 更多我想問一下：周子瑜的7-11聯名系列哪個好吃？讚158 轉發1,2026年3月18日 星期三 下午11:24,,,,,,,https://www.threads.com/@7eleventw/post/DWEIM_PjycR,追蹤7eleventw已驗證 原作者說讚更多問就是都好吃🤤讚48 轉發分享,2026年3月19日 星期四 下午7:34,,,,,,
1999_05_20,https://www.threads.com/@1999_05_20/post/DV_Q50QEw0g,"他到底想表達什麼已靜音讚2.3 萬回覆569轉發398分享4,381",2026年3月17日 星期二 下午10:14,,,,,,,https://www.threads.com/@7eleventw/post/DWEH_TRD-p5,追蹤7eleventw已驗證 更多給你拆子瑜小卡讚839 轉發1,2026年3月19日 星期四 下午7:32,,,,,,
yashica_35,https://www.threads.com/@yashica_35/post/DV_YYijkkD7,"雖然閃卡只抽到一張，但已經是人品大爆發了🥳🥳🥳讚1,287回覆21轉發9分享48",2026年3月17日 星期二 下午11:19,,"May be an image of text | May be an image of card and text that says '7-ELEVEN, T-ELEVEN 7-ELEVEN. 7-ELEVEN 7-ELEVEN. 7-ELEVEN'",,,,,https://www.threads.com/@7eleventw/post/DWEH1npjz0I,追蹤7eleventw已驗證 更多留友分享好運！讚81回覆轉發分享,2026年3月19日 星期四 下午7:30,,,,,,
samoalian,https://www.threads.com/@samoalian/post/DV_UcC2D0Z4,"想說國語等上學很快就學會
小小的她看見有人在巷內倒車
倒的歪七扭八
居然吐出一句《含慢》讚1.3 萬回覆153轉發138分享623",2026年3月17日 星期二 下午10:44,,,,,,,https://www.threads.com/@7eleventw/post/DWEHh6nDxou,追蹤7eleventw已驗證 原作者說讚更多常來巷口ㄙㄟ門也可能學會「洗門」讚28 轉發分享,2026年3月19日 星期四 下午7:28,,,,,,
sin2307_souhait,https://www.threads.com/@sin2307_souhait/post/DV_OaYAk7f4,"子瑜真的好漂亮！！💙 1/2讚1,775回覆35轉發30分享84",2026年3月17日 星期二 下午9:52,,"May be an image of lace, barrette and text",,,,,https://www.threads.com/@7eleventw/post/DWEHVWiD-Pf,追蹤7eleventw已驗證 原作者說讚更多這個星級手藝！子瑜小卡負責美，你負責讓小卡更美！讚195 轉發分享,2026年3月19日 星期四 下午7:26,,,,,,
melody_hearingaid,https://www.threads.com/@melody_hearingaid/post/DWDzwFnkc7I,"有人知道這是誰嗎？
好漂亮喔😍
（反串要註明）",2026年3月19日 星期四 下午4:35,,May be an image of text,308,18,0,1,https://www.threads.com/@7eleventw/post/DWEXtsuj76S,我的品牌大使💙,2026年3月19日 星期四 下午9:49,,,256,1,0,0
lyre__19,https://www.threads.com/@lyre__19/post/DWD127GkqXD,"今天是我的生日
全家沒有一個人記得😔😢",2026年3月19日 星期四 下午4:53,,,8035,948,20,145,https://www.threads.com/@7eleventw/post/DWEUPn-D_LR,"沒關係7-11記得
生日快樂~",2026年3月19日 星期四 下午9:19,,,25000,63,36,557
qingmu_dunbei,https://www.threads.com/@qingmu_dunbei/post/DQbzU2fk8PQ,"我自行宣布
第一屆「全台北市數一數二好吃的義大利麵」大賽
正式開始
選手如下：",2025年10月30日 星期四 下午9:04,,No photo description available. | No photo description available. | No photo description available. | No photo description available. | No photo description available. | No photo description available.,38000,3431,10000,51000,https://www.threads.com/@7eleventw/post/DWEUFQCD2h-,"品牌大使周子瑜聯名義大利麵參戰！
ONCE快來讚聲！",2026年3月19日 星期四 下午9:17,,"May be an image of pasta, shrimp, chow mein, shellfish, spaghetti and text",2988,61,10,32
jim_mine,https://www.threads.com/@jim_mine/post/DV-q-RkFIbn,"自己不太吃辣 辣度個人認為還可以接受
價位不要這麼高的話 蠻推薦的（是好吃的）
小七的義大利麵越來越厲害了😆",2026年3月17日 星期二 下午4:42,,"May be an image of pasta, sushi, shrimp, prawn and text",6273,184,37,867,https://www.threads.com/@7eleventw/post/DWETxndj0ss,金多蝦！,2026年3月19日 星期四 下午9:15,,,104,3,0,0
shenmning,https://www.threads.com/@shenmning/post/DV_Ja_mktwM,"今天在辦公室聊天
A：我昨天去參加婚禮
B：你包多少
A：我包控肉跟炒飯 我阿公說好吃
蠻好笑ㄉ⋯⋯⋯⋯⋯⋯⋯⋯",2026年3月17日 星期二 下午9:08,,,3288,31,56,450,https://www.threads.com/@7eleventw/post/DWEQXa1D2Py,,2026年3月19日 星期四 下午8:45,,,33,0,0,0
avatar.greatlife,https://www.threads.com/@avatar.greatlife/post/DWDWw8RD6kE,用一句話證明你是狠角色,2026年3月19日 星期四 下午12:22,,,44000,6368,442,1206,https://www.threads.com/@7eleventw/post/DWEGUwfD7c6,子瑜是我的品牌大使,2026年3月19日 星期四 下午7:17,,,41000,146,135,393
___pochun___,https://www.threads.com/@___pochun___/post/DWD1sPUjj0e,"今天騎車經過龍山寺發現一個漂亮的女生
旁邊一看疑？？？？？？疑？！？？？欸？？？？
思考五秒決定還是把車停好勇敢一次
我有有禮貌的抱歉打擾詢問能不能合照
謝謝陶子姊幫忙拍照
陶子姊說要快一點不能被別人發現
只恨身上沒有帶任何小卡可以簽名
（是不是應該去711買一個子瑜代言的便當給他簽啊啊
見到偶像真的腦袋一片空白
只說「我星期天會去看你們演唱會」
子瑜好美我決定終身推Twice
我今天是幸運的快樂小狗🐶",2026年3月19日 星期四 下午4:52,,"May be an image of one or more people, coat, parka and text | May be an image of one or more people, parka, coat and text",280000,2424,4241,42000,https://www.threads.com/@7eleventw/post/DWECpmJj1Cp,我今天也在小7遇到💙💙,2026年3月19日 星期四 下午6:45,,"May be an image of one or more people, hair, poster and text that says 'ELEVEN Mil TTИTИ フラランキ 7-ELEVEN 品牌大使周子瑜 品牌大使'",2095,2,3,14
loyeyloyey,https://www.threads.com/@loyeyloyey/post/DV-u_bhExv0,蠻不錯吃的，話說上面那女生是誰？,2026年3月17日 星期二 下午5:17,,"May be an image of ramen, tofu, noodles, seaweed and text",14000,832,173,2356,https://www.threads.com/@7eleventw/post/DWDYlsfjx_2,周子瑜,2026年3月19日 星期四 下午12:37,,,4539,9,4,12
humourous_day,https://www.threads.com/@humourous_day/post/DWDD2DMklH-,"自從我媽買了這顆後
我妹不知道怎麼學成這樣🤔🤔🤔",2026年3月19日 星期四 上午9:36,,"May be an image of ragdoll cat, kitten, Persian cat, beanbag chair, ball, beach ball and text",100000,1849,1027,6158,https://www.threads.com/@7eleventw/post/DWDX6qWj94f,只有我看到左下角愜意貓貓嗎？,2026年3月19日 星期四 下午12:32,,,4128,10,0,4
xiang.cars_910213,https://www.threads.com/@xiang.cars_910213/post/DWDEMZ4DwFi,"用三個貼圖表示你的職業
👉🏻🚛🚙🚚👈🏻",2026年3月19日 星期四 上午9:39,,,317,713,3,9,https://www.threads.com/@7eleventw/post/DWDMVoGD-UX,,2026年3月19日 星期四 上午10:50,,,69,3,0,0
fullonhotelkaohsiung,https://www.threads.com/@fullonhotelkaohsiung/post/DWDBeGkgfdT,"大ㄟ熬炸～
一早上班，我們人資主管 台版高雄Rose
給了我讓我可以精神充沛一整天的禮物！！
買尬⋯
是我的子瑜～～～～
我可以看著微笑一整天😊",2026年3月19日 星期四 上午9:15,,May be an image of text,253,27,2,1,https://www.threads.com/@7eleventw/post/DWDI7I2DwZD,留全台人資主管看,2026年3月19日 星期四 上午10:21,,,49,1,0,0
fullonhotelkaohsiung,https://www.threads.com/@fullonhotelkaohsiung/post/DWBBpcKAaEw,"從今天開始！
我要來吃7-11子瑜微波系列了～",2026年3月18日 星期三 下午2:39,,,100,15,0,1,https://www.threads.com/@7eleventw/post/DWC_tc4D6CK,okok,2026年3月19日 星期四 上午9:00,,,24,1,0,0
delta0809_,https://www.threads.com/@delta0809_/post/DWAyDP4Ezkw,"原本說好今天要在海底撈吃飯。￼
結果怎麼變成711
朋友們 有道理嗎",2026年3月18日 星期三 下午12:22,,"May be an image of croquette, egg, cutlet and text",934,26,0,11,https://www.threads.com/@7eleventw/post/DWC_nZ5Dy0w,給你超過711分💙,2026年3月19日 星期四 上午8:59,,,219,1,0,0
float.el,https://www.threads.com/@float.el/post/DWC6DgME9ug,"昨天早上去7-11最後一個布朗尼被前面的人拿走
今天去巡田水依舊get 0
想說算了，買早餐搭個茶
歐吼是子瑜杯杯😍
真美麗💗",2026年3月19日 星期四 上午8:11,,"May be an image of ‎coffee cup, cup, tea and ‎text that says '‎사랑는 現萃茶 茶 CITY CITYTEA TEA E แทม CUE tis ፟ዐበኒቨም ام ጉሪጠቢ‎'‎‎",135,14,0,0,https://www.threads.com/@7eleventw/post/DWC9dbJj3yL,用子瑜開啟早晨☀️,2026年3月19日 星期四 上午8:40,,,64,1,0,0
ryderyao,https://www.threads.com/@ryderyao/post/DWBueFBE8Vy,"超商兩大巨頭2025年營業額
7-11 : 3507億
全家 : 1100億
你習慣去哪間",2026年3月18日 星期三 下午9:10,,"May be an image of cash machine, newsstand, street and text that says 'ELEVEN FamilyMart Mart 全家便利店'",49000,3082,175,779,https://www.threads.com/@7eleventw/post/DWCwdS4kjB2,有子瑜的那間，選我！,2026年3月19日 星期四 上午6:47,,,4047,30,11,4
iamgiwawa,https://www.threads.com/@iamgiwawa/post/DV-PvlVj2qa,有人今天搭捷運被把手打到眼睛嗎？你的眼睫毛掉了,2026年3月17日 星期二 下午12:44,,May be an image of turnstile and text,180000,3360,4864,49000,https://www.threads.com/@7eleventw/post/DWByr-PD1uD,睫果你有拿下來丟到垃圾桶嗎？,2026年3月18日 星期三 下午9:47,,,1368,2,0,3
monicawu0901,https://www.threads.com/@monicawu0901/post/DV-jhOTGYzD,"我明明就不是子瑜粉
但是為什麼伸手拿了她
#7-11你好樣的",2026年3月17日 星期二 下午3:37,,"May be an image of oatmeal cookies, fritter, wafer, bread and text",303,7,1,2,https://www.threads.com/@7eleventw/post/DWByePdjyVh,愛惹🫶,2026年3月18日 星期三 下午9:45,,,67,0,0,0
momo_nicha,https://www.threads.com/@momo_nicha/post/DWBxgkoEU05,"很少看電視 沒想到連電視都有子瑜
我的生活現在充滿周子了啊啊啊😍😍😍😍😍",2026年3月18日 星期三 下午9:38,,,1508,8,8,16,https://www.threads.com/@7eleventw/post/DWByVgdD4d1,,2026年3月18日 星期三 下午9:44,,,254,0,0,1
yu_nj.07,https://www.threads.com/@yu_nj.07/post/DWBaIKmEQhO,,2026年3月18日 星期三 下午6:12,,,0,0,0,0,https://www.threads.com/@7eleventw/post/DWBx_69jyqa,給爸爸一個💙,2026年3月18日 星期三 下午9:41,,,66,1,0,0
yurong5235,https://www.threads.com/@yurong5235/post/DV-8c1pj_j4,台灣就像一隻貓貓 你們在哪🤣,2026年3月17日 星期二 下午7:15,,May be an image of kitten and text that says '桃園 桃園台北 台北 新竹 新北 苗栗_ 苗栗 台中 宜蘭 彰化 雲林_ 雲林 南投 嘉義 花蓮 台南 台南 高雄 高雄 二台東 台東 屏東— 屏東' | May be a closeup of kitten and text,4058,20,78,247,https://www.threads.com/@7eleventw/post/DWBxiQ_Dy4K,全部,2026年3月18日 星期三 下午9:37,,,392,0,0,0
are._.0925,https://www.threads.com/@are._.0925/post/DV8GcG_E3cQ,"挑戰成為全脆最詭異的樓
每個人打下「嗯」然後瀟灑離去",2026年3月16日 星期一 下午4:44,,,16000,4352,103,116,https://www.threads.com/@7eleventw/post/DWBwyEgD2dO,,2026年3月18日 星期三 下午9:30,,,185,2,0,0
powen.law,https://www.threads.com/@powen.law/post/DWA2AA2k0Ya,"法律文書通常不會說「但」，而是說「惟」
我明天早餐要吃玉米惟餅",2026年3月18日 星期三 下午12:57,,,3418,42,210,353,https://www.threads.com/@7eleventw/post/DWBwTrlj6Wk,明早要吃小七茶葉惟,2026年3月18日 星期三 下午9:26,,,66,1,0,2
sports__tw,https://www.threads.com/@sports__tw/post/DWAvcyXEr8B,我自行宣布第一屆號召小編運動比賽正式開始。,2026年3月18日 星期三 上午11:59,,,10000,453,362,366,https://www.threads.com/@7eleventw/post/DWBwOXAj5D9,當我沒看到這篇,2026年3月18日 星期三 下午9:26,,,112,2,0,0
tzuhan_mm,https://www.threads.com/@tzuhan_mm/post/DV-Jcm3En9s,嘿嘿嘿周子瑜嘿嘿嘿嘿嘿嘿嘿嘿,2026年3月17日 星期二 上午11:49,,"May be an image of signboard, vending machine, poster and text | May be an image of vending machine, wafer and text | May be an image of toy, vending machine, shelf, newsstand and text | May be an image of wafer, display case, vending machine, newsstand and text | May be an image of gelato and text | May be an image of text",182,5,2,6,https://www.threads.com/@7eleventw/post/DWBv6vwD31Y,嘿嘿嘿嘿嘿嘿嘿嘿,2026年3月18日 星期三 下午9:23,,,52,1,0,0
vince.memos,https://www.threads.com/@vince.memos/post/DV_aoLaAjtf,有人去KTV嗎？點這首挺好的😂😂😂,2026年3月17日 星期二 下午11:39,,,55000,965,3669,35000,https://www.threads.com/@7eleventw/post/DWBv1Gjj0VQ,拜託你唱歌不要找我,2026年3月18日 星期三 下午9:22,,,6321,8,14,147
tzuyu_ouen,https://www.threads.com/@tzuyu_ouen/post/DV-BiQkiVYK,Twice,2026年3月17日 星期二 上午10:40,,,0,0,0,0,https://www.threads.com/@7eleventw/post/DWBviaLj2xa,留老闆看,2026年3月18日 星期三 下午9:20,,,66,0,0,2
nicha_1997_,https://www.threads.com/@nicha_1997_/post/DWBI2h_k8Ez,"子瑜媽媽宣傳也太可愛了🤣
topbeauty_lydia",2026年3月18日 星期三 下午3:41,,,524,5,4,16,https://www.threads.com/@7eleventw/post/DWBvePkDyKi,我超喜歡～～,2026年3月18日 星期三 下午9:19,,,75,0,0,0
a548713,https://www.threads.com/@a548713/post/DWBh_4MkWkr,現在的脆全部都是周子瑜🤣,2026年3月18日 星期三 下午7:21,,,277,3,0,1,https://www.threads.com/@7eleventw/post/DWBvU1wD-WB,好喜💙💙,2026年3月18日 星期三 下午9:18,,,134,0,0,0
topbeauty_lydia,https://www.threads.com/@topbeauty_lydia/post/DWBMdXzD3mU,"買！買！買！
快跑向你家巷口轉角的7-11買！
採購完的全品項最後也都分享給員工囉
周子瑜 X「星級饗宴」7-ELEVEN 聯名美食
瑜你星動集點GO 活動期間2026/3/18-4/28
各式聯名商品 火熱販售中
#7ELEVEN #星級饗宴 #711瑜你相遇
topbeauty_lydia",2026年3月18日 星期三 下午4:13,,,6534,79,152,792,https://www.threads.com/@7eleventw/post/DWBulI-D1rn,💙💙永遠28歲的周媽咪💙💙,2026年3月18日 星期三 下午9:11,,,69,0,0,0
_xinyu13,https://www.threads.com/@_xinyu13/post/DV-0ZErkQav,"荷蘭排球男神的夢想：
自己的臉被印在三明治外包裝上
荷蘭開一間7-11",2026年3月17日 星期二 下午6:04,,,5954,18,98,207,https://www.threads.com/@7eleventw/post/DWBtJpND34q,謝謝帥度睿不可擋的排球男神支持小七🥹,2026年3月18日 星期三 下午8:59,,,261,0,0,0
chieh__727,https://www.threads.com/@chieh__727/post/DV-o_LXgGKd,澎湖沒有once要來取走嗎😂,2026年3月17日 星期二 下午4:25,,"May be an image of shepherd's pie, hand pie, pie and text",7442,83,21,527,https://www.threads.com/@7eleventw/post/DWBsgJ8j-Cm,要請澎湖的外婆幫買，外婆的澎湖ONCE🎵,2026年3月18日 星期三 下午8:53,,,5037,11,36,195
55plli_www,https://www.threads.com/@55plli_www/post/DV-SVIkiejz,"非粉但還是覺得子瑜很漂亮買來吃吃看，蛋糕體是偏濕潤的那種巧克力咬下去很不錯，偏甜很適合搭配茶來吃。
最後學粉絲把他剪成透卡了，真的好美(๑•̀ㅁ•́ฅ)",2026年3月17日 星期二 下午1:07,,"May be an image of text that says '7-ELEVEN品牌大使 周子琦' | May be an image of text | May be an image of dessert, lollipop, truffle and text",2627,50,48,238,https://www.threads.com/@7eleventw/post/DWBsZq6j0Ma,跟子瑜的笑容一樣甜🍭🍫💙,2026年3月18日 星期三 下午8:52,,,30,1,0,0
hachimitsu_083,https://www.threads.com/@hachimitsu_083/post/DV_B9bcEvLQ,好適合⋯⋯,2026年3月17日 星期二 下午8:03,,"May be an image of toy, hamper, baby bed, pencil case and text",2237,31,62,406,https://www.threads.com/@7eleventw/post/DWBsUHND21N,我要封你星級手工王者💙💙💙,2026年3月18日 星期三 下午8:51,,,46,0,0,0
like0405,https://www.threads.com/@like0405/post/DV-z2cYDjCI,"去小七看到上面有子瑜的照片就買了本來覺得可能不會好吃到哪去
結果超級爆好吃，鍋貼內餡又麻又香
沒吃過的人都給我去吃！！！",2026年3月17日 星期二 下午5:59,,"May be an image of dim sum, dumpling, soy sauce, chopsticks and text",4645,49,57,2337,https://www.threads.com/@7eleventw/post/DWBsGLcD8X2,子瑜負責美，我們負責鍋貼美味🤤,2026年3月18日 星期三 下午8:49,,,142,0,0,0
irenelin015,https://www.threads.com/@irenelin015/post/DV_T3nKExSC,"女兒不認識周子瑜
於是稱之為 美女麵包",2026年3月17日 星期二 下午10:39,,"May be an image of oatmeal cookies, bread and text",5116,28,51,79,https://www.threads.com/@7eleventw/post/DWBsBtJD8WO,就是美女麵包！小7的門面！,2026年3月18日 星期三 下午8:49,,,787,1,0,0
tingting_ouyang0210,https://www.threads.com/@tingting_ouyang0210/post/DV_f592jzSS,Twice,2026年3月18日 星期三 上午12:24,,,0,0,0,0,https://www.threads.com/@7eleventw/post/DWBr9kZD5tK,132小分隊太可愛啦！子瑜與她的賊賊！,2026年3月18日 星期三 下午8:48,,,99,1,1,0
lifeadvisor_jason,https://www.threads.com/@lifeadvisor_jason/post/DV-8oDKCXYV,我只是想買個熱狗,2026年3月17日 星期二 下午7:16,,"May be an image of pie, vending machine, bread and text",210000,1658,7729,40000,https://www.threads.com/@7eleventw/post/DWBj1nnj03M,等不及可以到隔壁買熱的,2026年3月18日 星期三 下午7:37,,,2682,3,6,33
1nsled,https://www.threads.com/@1nsled/post/DV7nh9UEzDa,1.7 萬,2026年3月16日 星期一 下午12:14,,May be an image of pie and text that says '這是巧合嗎？ 7 7 7-11 ELEVEN zelévan',17000,1203,291,2892,https://www.threads.com/@7eleventw/post/DWBjh5PjzzC,不好意思，可以再解釋的清楚一點嗎？,2026年3月18日 星期三 下午7:35,,,75000,156,192,1545
kai__4.8,https://www.threads.com/@kai__4.8/post/DV_MpAKk_Wy,Twice,2026年3月17日 星期二 下午9:36,,,0,0,0,0,https://www.threads.com/@7eleventw/post/DWBhiDWDyyY,可以幫我做一個嗎？,2026年3月18日 星期三 下午7:17,,,131,3,0,8
louis850917,https://www.threads.com/@louis850917/post/DWA3uqzE3Dn,"剛剛把所有聯名食物送給三民區的街友中心了
明後天有再買的話再送過來",2026年3月18日 星期三 下午1:12,,"May be an image of garbage, tinfoil, newspaper, plastic bag, helmet and text",7694,149,89,655,https://www.threads.com/@7eleventw/post/DWBVCaPjxTc,愛心推！,2026年3月18日 星期三 下午5:28,,,1195,0,0,2
can_t.stop.mi_,https://www.threads.com/@can_t.stop.mi_/post/DV-srslj204,"這個麵真的超。爆。好。吃。
高中三年我大概有兩年的晚餐都吃711
這個麵完全能排到ㄅ級
之後活動過了沒有小卡我也會買來吃",2026年3月17日 星期二 下午4:57,,"May be an image of pasta, shrimp, spaghetti, noodles and text | May be an image of text",10000,127,211,1937,https://www.threads.com/@7eleventw/post/DWBHPDQD8Sd,,2026年3月18日 星期三 下午3:27,,,71,1,0,0
twinkle2_litosta,https://www.threads.com/@twinkle2_litosta/post/DV-zccIlAQI,周子瑜讓我得了經過711就想進去看一下的病。,2026年3月17日 星期二 下午5:56,,,808,12,43,38,https://www.threads.com/@7eleventw/post/DWBG1fQD62R,抱歉...這病沒得醫...,2026年3月18日 星期三 下午3:24,,,110,1,0,1
topbeauty_lydia,https://www.threads.com/@topbeauty_lydia/post/DWA6MUZmaHr,"周子瑜 X「星級饗宴」7-ELEVEN 聯名美食
瑜你星動集點GO 活動期間2026/3/18-4/28
各式聯名商品 火熱販售中
#7ELEVEN #星級饗宴 #711瑜你相遇",2026年3月18日 星期三 下午1:33,,,23000,269,791,2404,https://www.threads.com/@7eleventw/post/DWBAaqGD6XH,"子瑜負責美💙小7負責美味🤤
穴穴周媽咪的介紹✨🫶🏻❤️‍🔥",2026年3月18日 星期三 下午2:28,,,2375,0,2,3
yukimura0824,https://www.threads.com/@yukimura0824/post/DWAsCBrAZRW,"
快吃吐了 🫶",2026年3月18日 星期三 上午11:30,@7eleventw,,0,1,0,0,https://www.threads.com/@7eleventw/post/DWAsQHTj-ZL,,2026年3月18日 星期三 上午11:32,,,5,0,0,0
msgoodday88,https://www.threads.com/@msgoodday88/post/DWAfx-pjwzf,"為了朋友去買了一個子瑜便當
結果開到這個⋯
這張是限量的嗎？",2026年3月18日 星期三 上午9:43,,May be an image of food and text | May be an image of text that says '7-ELEVF EVE y PHO 此小卡不可',54000,451,262,4491,https://www.threads.com/@7eleventw/post/DWApynqD_0p,好運連連,2026年3月18日 星期三 上午11:10,,,3279,5,1,10
weiyuan_8110,https://www.threads.com/@weiyuan_8110/post/DWAl2ckkzD3,"欸不是
麻辣奶油鮮蝦義大利麵爆幹好吃…
麻舌不辣喉，奶油還會回甘甜甜的（難道就是所謂的台南口味嗎） 醬汁乳化完整，包覆在每一條扁麵上🥹
救命🆘 沒有小卡我也甘願",2026年3月18日 星期三 上午10:36,,,1846,52,8,154,https://www.threads.com/@7eleventw/post/DWAnLDCD2qR,美味擔當🙋‍♀️,2026年3月18日 星期三 上午10:47,,,112,2,0,0
wyc87135,https://www.threads.com/@wyc87135/post/DV-bxSJke4B,"
冰壩杯已無痛入手",2026年3月17日 星期二 下午2:29,@hjm_mike,"May be an image of cup, popcorn, bucket and text",690,12,7,147,https://www.threads.com/@7eleventw/post/DWAlZIvjzF4,我服了,2026年3月18日 星期三 上午10:32,,,45,0,0,2
kiriko.bloodflame,https://www.threads.com/@kiriko.bloodflame/post/DV-mdVPk3EV,"順手整盒放進去微波爐裡面
過了兩秒才想起來小卡的存在讚4 萬回覆145轉發168分享1,453",2026年3月17日 星期二 下午4:02,,"May be an image of shepherd's pie, oatmeal cookies, pie, hand pie and text | May be an image of ‎text that says '‎بی 刺 தழிச TZUYU PHOTOCARD 此小卡不可微波微波前請先取下 此小卡不可微波 微波前請先取下 台 台 蝶 KX‎'‎",,,,,https://www.threads.com/@7eleventw/post/DWAlVaMD-PD,追蹤7eleventw已驗證 原作者說讚更多七愛的你怎麼會忘了取下來！讚388 轉發分享1,2026年3月18日 星期三 上午10:31,,,,,,
ting_8978,https://www.threads.com/@ting_8978/post/DVoyPtUk5Ka,"說得最多話 來證明你的職業 1/2讚1.2 萬回覆7,584轉發119分享586",2026年3月9日 星期一 上午4:42,,,,,,,https://www.threads.com/@7eleventw/post/DV_Ulm2j5Ez,追蹤7eleventw已驗證 更多會員載具嗎？讚199回覆轉發分享,2026年3月17日 星期二 下午10:46,,,,,,
once_withfries,https://www.threads.com/@once_withfries/post/DV_IfD3if-F,能在電視廣告看到子瑜🥹已靜音讚547回覆4轉發12分享39,2026年3月17日 星期二 下午9:03,,,,,,,https://www.threads.com/@7eleventw/post/DV_UYGMD0Bd,追蹤7eleventw已驗證 原作者說讚更多但你追蹤我了嗎？讚425 轉發分享1,2026年3月17日 星期二 下午10:44,,,,,,
love30291526,https://www.threads.com/@love30291526/post/DV56kYJFOvJ,追蹤love30291526 更多說一句話證明你有在超商工作過讚243 轉發4,2026年3月15日 星期日 下午8:22,,,,,,,https://www.threads.com/@7eleventw/post/DV_P1ocjw06,追蹤7eleventw已驗證 原作者說讚更多我應該不用說了吧...讚168 轉發1,2026年3月17日 星期二 下午10:04,,,,,,
moor_bay,https://www.threads.com/@moor_bay/post/DV-81QHEZJP,追蹤moor_bay👍 更多小編好無聊 可以蓋個👍樓嗎 毫無意義的👍讚137 轉發2,2026年3月17日 星期二 下午7:18,,,,,,,https://www.threads.com/@7eleventw/post/DV_PStsDwjZ,追蹤7eleventw已驗證 原作者說讚更多🫰讚20回覆轉發分享,2026年3月17日 星期二 下午9:59,,,,,,
loooiy_222,https://www.threads.com/@loooiy_222/post/DV98VKKkrwD,我是女生 10年 彩擔🍓🍓🍓讚407回覆45轉發分享6,2026年3月17日 星期二 上午9:54,,,,,,,https://www.threads.com/@7eleventw/post/DV_Oq24D_ff,追蹤7eleventw已驗證 原作者說讚更多我留言區很多讚105 轉發分享,2026年3月17日 星期二 下午9:54,,,,,,
liketeashop,https://www.threads.com/@liketeashop/post/DV-z3QEEVnw,追蹤liketeashop 更多一句話讓我猜猜你的職業！讚57 轉發1分享,2026年3月17日 星期二 下午6:00,,,,,,,https://www.threads.com/@7eleventw/post/DV_OlLHD8j2,追蹤7eleventw已驗證 原作者說讚更多小編讚15 轉發分享,2026年3月17日 星期二 下午9:53,,,,,,
eden77_terminal,https://www.threads.com/@eden77_terminal/post/DV46OVXAbba,追蹤eden77_terminal 更多不覺得用顏文字的人都很奇怪嗎(´･ω･`)讚153 轉發1,2026年3月15日 星期日 上午11:00,,,,,,,https://www.threads.com/@7eleventw/post/DV_OgB0jwTP,追蹤7eleventw已驗證 原作者說讚更多有咪(◍ˊㅿˋ◍)讚12 轉發分享,2026年3月17日 星期二 下午9:52,,,,,,
viregeek,https://www.threads.com/@viregeek/post/DV3oi4MEYK6,"說一個很燒錢
但你怎麼都戒不掉的愛好",2026年3月14日 星期六 下午11:06,,,12000,3230,166,364,https://www.threads.com/@7eleventw/post/DV_OYRFD7CL,去小7買子瑜聯名商品,2026年3月17日 星期二 下午9:51,,,498,5,0,8
lyc_00220,https://www.threads.com/@lyc_00220/post/DV-uUneCZoG,不覺得一句話結尾加“～”很曖昧嗎,2026年3月17日 星期二 下午5:11,,,16000,3110,322,3079,https://www.threads.com/@7eleventw/post/DV_K2gXDz0C,7~11,2026年3月17日 星期二 下午9:20,,,1875,7,2,19
chunxidabianlu,https://www.threads.com/@chunxidabianlu/post/DV7u2PMjwwc,🫸🍲🫷小編們跟上！,2026年3月16日 星期一 下午1:18,,,281,258,3,9,https://www.threads.com/@7eleventw/post/DV_E_42jzFR,"🫳
追蹤我
🫴",2026年3月17日 星期二 下午8:29,,,80,2,0,0
napuuo,https://www.threads.com/@napuuo/post/DV-gs2MErqo,這次子瑜代言7-11鮮食系列，內部有規定i珍食貼紙要避開臉部嗎？我已經跑兩家超商都聽到店員互相提醒這件事了欸😍,2026年3月17日 星期二 下午3:12,,,3879,53,16,71,https://www.threads.com/@7eleventw/post/DV_DkI0D_m2,我建議不用擔心這個,2026年3月17日 星期二 下午8:17,,,2390,7,0,13
pei.x___,https://www.threads.com/@pei.x___/post/DV8wOYJFApU,"去711看到有周子瑜的小卡
就算它$149我還是拿了
我就是這麼膚淺",2026年3月16日 星期一 下午10:49,,"May be an image of oatmeal cookies, shepherd's pie, hand pie, pie and text | May be an image of text",1650,26,9,43,https://www.threads.com/@7eleventw/post/DV-t_9Cj4Tc,瑜你相遇了,2026年3月17日 星期二 下午5:08,,,342,0,0,1
bvshop.tw,https://www.threads.com/@bvshop.tw/post/DVxU2raEZvM,你的品牌能為別人解決什麼問題呢？,2026年3月12日 星期四 下午12:18,,,631,1193,14,37,https://www.threads.com/@7eleventw/post/DV-mhxwjwRW,Always OPEN~超便利!,2026年3月17日 星期二 下午4:03,,,25,2,0,0
vip_02_23,https://www.threads.com/@vip_02_23/post/DV-PmbTkSj_,"有！麻奶義大利麵有好吃！！很濃欸🤤🤤
吃完盤底還有醬就知道多濃🙂‍↕️🙂‍↕️
子瑜又贏😍😍😍😍😍",2026年3月17日 星期二 下午12:43,,"May be an image of pasta, shrimp, spaghetti, noodles and text | May be an image of sauce and text | May be an image of chow mein, shrimp, pasta, prawn, spaghetti, noodles and text",8534,77,123,3712,https://www.threads.com/@7eleventw/post/DV-gSTnDy96,好吃好吃🤤❤️,2026年3月17日 星期二 下午3:09,,,163,1,0,1
1313_eating,https://www.threads.com/@1313_eating/post/DV-ZA72ERTn,"買到子瑜跟711聯名的系列了～
麻辣奶油鮮蝦義大利麵很好吃耶！！！！
幸運買到最後一個有小卡的💞",2026年3月17日 星期二 下午2:05,,"May be an image of noodles and text | May be an image of pasta, shrimp, spaghetti, noodles and text",631,5,1,25,https://www.threads.com/@7eleventw/post/DV-f3mGj3s9,子瑜負責美 我負責美味💙💙,2026年3月17日 星期二 下午3:05,,,251,3,0,0
xinyixhl,https://www.threads.com/@xinyixhl/post/DV-AEKsCdbl,結論：布朗尼蛋糕棒 CP值最高,2026年3月17日 星期二 上午10:28,,,4646,48,103,1034,https://www.threads.com/@7eleventw/post/DV-dTaDjwk3,子瑜女神~~~,2026年3月17日 星期二 下午2:42,,,206,1,0,2
s23759928,https://www.threads.com/@s23759928/post/DV9vgkHDJY2,"自製透卡
R角手工剪，不想失敗可以找照相館或有護貝的影印店老闆",2026年3月17日 星期二 上午8:02,,May be an image of text that says '7-ELEVEN品牌大使 大使 7-ELEVEN 周子嘛 周子' | May be an image of text that says '7-ELEVN品牌大使 大使 周子瑜 星級響宴灣台 $台 星級響宴 silks AT合 STAR RATED BATEDCUISINE CUISINE PLACE PLACEE 台 一朗尼蛋糕 COLATE COLATEBRO BROW',3184,82,89,869,https://www.threads.com/@7eleventw/post/DV-dQZED82P,ONCE真的都太有才華💙💙💙,2026年3月17日 星期二 下午2:42,,,94,1,0,0
georgehsieh1117,https://www.threads.com/@georgehsieh1117/post/DV-WBFRkRO8,"子瑜的衣服是cos微波食品的提網嗎
（once們拜託不要罵我🥹",2026年3月17日 星期二 下午1:39,,"May be an image of ‎top and ‎text that says '‎Reel朋友 朋友 Reel B 這次我和7-ELEVE的合作商品 這次我和7-ELEVEN的合作商品囉 352 TASTE 周子瑜 子瑜×7-11聯名正式開賣 第 第一個在台灣的代言必須支持 2 رم 8 明天就可以買到這次我和的合作商品喔， 明天就可以買到這次我和 的合作商品囉， 是我為你用心準備了很久，希。 定我為個開心準備了很久，希望你會营歡只要習 希望你會喜歡， 希望你會喜歡，只要買 只要買 我和 bellataiwan‎'‎‎ | May be an image of grocery bag, plastic bag and text",47000,200,732,6608,https://www.threads.com/@7eleventw/post/DV-c0fLD4ke,不是啦,2026年3月17日 星期二 下午2:38,,,21000,19,21,247
tw.once.12,https://www.threads.com/@tw.once.12/post/DV81cN5mfKO,"雖然知道現在去買7-11基本上是為了小卡去的
但大家可以跟我說一下你目前吃了什麼品項
然後哪些品項好吃嗎😂😂😂",2026年3月16日 星期一 下午11:35,,,576,77,6,74,https://www.threads.com/@7eleventw/post/DV-c0d_Dyru,子瑜用心為我們準備的都好吃！,2026年3月17日 星期二 下午2:38,,,77,1,0,0
itspotato_x,https://www.threads.com/@itspotato_x/post/DVypi8NExOp,"追蹤itspotato_x 更多🫸🥔🫷讚21 萬回覆9,867 分享1.1 萬",2026年3月13日 星期五 上午12:39,,,,,,,https://www.threads.com/@7eleventw/post/DV-P4e_j7qG,追蹤7eleventw已驗證 更多🫸💙🫷讚254 轉發分享,2026年3月17日 星期二 下午12:45,,,,,,
hsin.x.x,https://www.threads.com/@hsin.x.x/post/DV91vkak4Go,"追蹤hsin.x.xTwice 更多捷運出口已出現TWICE視覺🤩 讚7,565 轉發156",2026年3月17日 星期二 上午8:57,,May be an image of text,,,,,https://www.threads.com/@7eleventw/post/DV-MqtvDz7e,追蹤7eleventw已驗證 更多找我也有應援🎉讚595 轉發4,2026年3月17日 星期二 下午12:17,,"May be an image of fruit, cash machine, juice, vending machine and text | May be an image of signboard, cash machine, vending machine, juice and text",,,,
taimei21306202,https://www.threads.com/@taimei21306202/post/DV-K9gikQBA,追蹤taimei21306202周子瑜 更多明天過後。7-11會是我的好朋友😍讚72 轉發分享,2026年3月17日 星期二 下午12:02,,,,,,,https://www.threads.com/@7eleventw/post/DV-MYLWDxzO,追蹤7eleventw已驗證 原作者說讚更多我們永遠都要是好朋友🫰🫶讚52 轉發分享,2026年3月17日 星期二 下午12:15,,,,,,
taiwan_mr._hung_64,https://www.threads.com/@taiwan_mr._hung_64/post/DV6blFekznx,"還順帶介紹了一下！【悲報】活動途中突然刮起強風，巨大吉祥物直接飛回天空了 @台灣順帶一提，那是台灣7-ELEVEN的吉祥物「OPEN醬」 1/2已靜音讚4.7 萬回覆631轉發1,686分享5,563",2026年3月16日 星期一 上午1:10,,May be a Twitter screenshot of slow loris and text that says 'E0 滝沢ガレソ @tkzwgrs 跟隨 悲報 イベント中に強風発生 悲報】イベント中に強風発生巨大マスコット 風発生巨大マスコット 巨大マスコット が空に帰る が空に帰る＠台湾 @台湾 顯示翻譯 cc 下午1：27 12/18/2022 1424萬 下午1：27-12/8/2022.1424萬次查看 1424萬次查看 次查看 554 소구 73.7萬 3.7萬 18萬 5995' | May be a Twitter screenshot of duffle coat and text that says '滝沢ガレソ @tkzwgrs 跟隨 ちなみにこちら、 台湾のセブンイレブンのマス コットキャラ トキャラ『OPENちゃん』 『OPENちゃん』 です OPEN 下午1：46· 下午1:46·12/18/2022 12/18/2022 220萬 下午1:46-12/18/2022·220萬次查看 220萬次查看 次查看 7545 L 545 4652 68 68',,,,,https://www.threads.com/@7eleventw/post/DV8gxqXk54F,"追蹤7eleventw已驗證 原作者說讚更多我知道你默默重播了20次讚4,213 轉發4",2026年3月16日 星期一 下午8:34,,,,,,
andy_77777777,https://www.threads.com/@andy_77777777/post/DV8HL7pEgeN,Twice 已編輯更多,2026年3月16日 星期一 下午4:51,,,0,0,0,0,https://www.threads.com/@7eleventw/post/DV8fNTsE7JD,追蹤7eleventw已驗證 原作者說讚更多好羨慕！讚550回覆轉發1,2026年3月16日 星期一 下午8:21,,,,,,
knorrtw,https://www.threads.com/@knorrtw/post/DVvk6A2E0fa,"我：玉米濃湯不加蛋的話會好吃嗎？
於是我：加布丁劇透劇透已靜音劇透劇透讚7,577回覆577轉發199分享4,159",2026年3月11日 星期三 下午8:00,,"May be an image of ramen, wafer, soy sauce and text | May be an image of text | May be an image of congee and text",,,,,https://www.threads.com/@7eleventw/post/DV7ym61E1S9,追蹤7eleventw已驗證 更多法務還沒來，小七先來。讚1.8 萬回覆27 分享768,2026年3月16日 星期一 下午1:51,,"May be an image of dental floss, bandage, ointment, sharpener, ball and text",,,,
fuji.foodie,https://www.threads.com/@fuji.foodie/post/DV6QBLYE0UO,已驗證SuperJuniorDnE 已編輯更多,2026年3月15日 星期日 下午11:29,,,0,0,0,0,https://www.threads.com/@7eleventw/post/DV7xjCsE6U2,追蹤7eleventw已驗證 更多留友看OPPA OPPA💙💙💙讚57 轉發分享1,2026年3月16日 星期一 下午1:42,,,,,,
_serenade.0810,https://www.threads.com/@_serenade.0810/post/DV5x6vKEl3Y,"我無法走出櫻花季的原因：因為全身酸痛讚1,820回覆31轉發141分享201",2026年3月15日 星期日 下午7:06,,,,,,,https://www.threads.com/@7eleventw/post/DV7xhmHky7T,追蹤7eleventw已驗證 更多SAKURA的KU，是感動哭的哭，也是累哭的哭🌸讚16回覆轉發分享,2026年3月16日 星期一 下午1:41,,,,,,
chienkueichang,https://www.threads.com/@chienkueichang/post/DV51hgMgc-W,"😆😆讚4,058回覆52轉發154分享4,178",2026年3月15日 星期日 下午7:38,,May be an image of wafer and text,,,,,https://www.threads.com/@7eleventw/post/DV7xgdmk6Vp,追蹤7eleventw已驗證 原作者說讚更多緩光臨小七把小時候的回憶吃出新滋味🤤 翻譯讚6 轉發分享,2026年3月16日 星期一 下午1:41,,,,,,
rwoyujwin,https://www.threads.com/@rwoyujwin/post/DV3wMB6koyT,"追蹤rwoyujwin櫻花季 更多李泳知!!!你很誇張!!!!😭💗已靜音已靜音讚2.7 萬回覆97 分享1,329",2026年3月15日 星期日 上午12:13,,,,,,,https://www.threads.com/@7eleventw/post/DV7xgeBk25x,追蹤7eleventw已驗證 更多我需要泳知同款退火解辣🥵讚335回覆轉發1,2026年3月16日 星期一 下午1:41,,"May be an image of sparkling water, bottle and text",,,,
kv_vyu,https://www.threads.com/@kv_vyu/post/DV84DKjk7U0,"不是粉絲
可是這看起來也太好吃了吧我滴媽⋯⋯
加上星級饗宴有一定的水準
但目前撲空三間
有沒有粉絲可以把封膜撕掉我跟他買
（威）",2026年3月16日 星期一 下午11:58,,"May be an image of pasta, shrimp, chow mein, shellfish, spaghetti and text",6900,102,175,3329,https://www.threads.com/@7eleventw/post/DV-cp_Rj8gf,子瑜負責美，我們負責美味💙🦐🍝,2026年3月17日 星期二 下午2:37,,,508,4,0,0
carl.0628,https://www.threads.com/@carl.0628/post/DV85xJmk5el,子瑜小夜燈😍😍,2026年3月17日 星期二 上午12:13,,May be an image of text | May be an image of text,2124,41,71,421,https://www.threads.com/@7eleventw/post/DV-chEADwIW,ONCE太有才華💙💙💙,2026年3月17日 星期二 下午2:36,,,69,0,0,0
molly.________,https://www.threads.com/@molly.________/post/DV7deIME9ww,"早上來7-11取貨 店員剛好搬出周子瑜
怎麼可以連做成版拍照都這麼漂亮啊",2026年3月16日 星期一 上午10:46,,"May be an image of newspaper, display case, window and text | May be an image of miniskirt, mannequin and text",8145,61,83,304,https://www.threads.com/@7eleventw/post/DV-bQ6BD51V,子瑜很美知道，但立牌不能拿走喔🤫,2026年3月17日 星期二 下午2:25,,,3668,13,0,24
cheese.meeego,https://www.threads.com/@cheese.meeego/post/DV7XIh_j4ta,不是大巨蛋旁邊的門市也有滿滿的子瑜了💙,2026年3月16日 星期一 上午9:51,,"May be an image of vending machine, display case, poster, newsstand and text | May be an image of vending machine, signboard, cash machine and text | May be an image of vending machine, poster, banner and text | May be an image of text | May be an image of vending machine and text | May be an image of food, vending machine and text | May be an image of vending machine and text | May be an image of hand cream, vending machine and text | May be an image of food, vending machine, refrigerator and text | May be an image of childrens toy, pen, stapler, ruler, beaker, office and text",762,11,11,9,https://www.threads.com/@7eleventw/post/DV-bBxMD-XR,子瑜女神全面攻佔我~,2026年3月17日 星期二 下午2:23,,,83,0,0,0
boo_2298_,https://www.threads.com/@boo_2298_/post/DV7p2nSk_1B,"711把拔 你抓周子拍了多少廣告😍😍😍
周子還跳無酒精🥹
7eleventw",2026年3月16日 星期一 下午12:34,,,10000,42,371,654,https://www.threads.com/@7eleventw/post/DV-a2mij-q1,子瑜 I'm drunk in you 😍,2026年3月17日 星期二 下午2:21,,,34,1,0,0
wei_xxniiii,https://www.threads.com/@wei_xxniiii/post/DV7jqKxD2dD,"5年前如果有人說周子瑜會回來接台灣的廣告
湊崎紗夏會來台灣出席品牌活動
我應該會覺得你瘋了。
但現在竟然都成真
台萬總算熬出頭了哈哈哈",2026年3月16日 星期一 上午11:40,,,5920,20,176,129,https://www.threads.com/@7eleventw/post/DV-asZWj7zO,陪ONCE一起創造不真實的美好✨,2026年3月17日 星期二 下午2:20,,,111,1,0,0
momoshopping_,https://www.threads.com/@momoshopping_/post/DV7WWCFjzB4,,2026年3月16日 星期一 上午9:44,,,3426,510,36,231,https://www.threads.com/@7eleventw/post/DV-QkcfD3Gv,,2026年3月17日 星期二 下午12:51,,,531,3,3,7
sk_.0625,https://www.threads.com/@sk_.0625/post/DV5U1pfj29X,"身邊一定有那一種
說話說到一半就出發關鍵詞唱歌的人",2026年3月15日 星期日 下午2:52,,,73000,932,5192,15000,https://www.threads.com/@7eleventw/post/DV7xLZaE8pv,老師：這次期中考可以OPEN BOOK，Always OPEN 7-ELEVEN🎵,2026年3月16日 星期一 下午1:38,,,72,1,0,3
pei02_25,https://www.threads.com/@pei02_25/post/DV511JxEpiL,跟八九年前的自己說子瑜會代言711產品他大概會覺得我是神經病,2026年3月15日 星期日 下午7:41,,,2659,27,83,44,https://www.threads.com/@7eleventw/post/DV7xJuGk4mT,謝謝ONCE跟我們一起等待🥹,2026年3月16日 星期一 下午1:38,,,434,7,0,1
milu.milu0987,https://www.threads.com/@milu.milu0987/post/DVz636Ogfiy,"媽媽年紀越大越懶得動
試過各種方法
下載皮克敏、超慢跑、主動邀她一起散步
都沒辦法拖他出門><
上禮拜在距離家裡附近大概1.5公里的小七寄了50杯
媽媽愛喝的特選咖啡
（趁升級活動2杯99元囤起來！
我媽現在每天早上第一件事就是走去領咖啡！",2026年3月13日 星期五 下午12:29,,"May be an image of coffee cup, cup and text | May be an image of coffee, coffee cup, cup, cappuccino and text",3145,35,1,27,https://www.threads.com/@7eleventw/post/DV7xGaAE-tN,你好棒！就讓我們一起陪媽媽運動🏃‍♀️,2026年3月16日 星期一 下午1:38,,,40,0,0,0
sean46353,https://www.threads.com/@sean46353/post/DV3taHaCXQ4,"每個台灣人的學生時期：
小一：👩‍🏫你們已經開始上國小了
小二：👩‍🏫你們已經不是一年級了
小三：👩‍🏫你們已經不是低年級了
小五：👩‍🏫你們已經不是中年級了
小六：👩‍🏫你們已經要升上國中了
國中：👩‍🏫你們已經不是國小生了
高中：👩‍🏫你們已經不是國中生了",2026年3月14日 星期六 下午11:48,,,51000,221,1458,856,https://www.threads.com/@7eleventw/post/DV7w5xME64B,小七：無論你幾年級都緩光臨來買麥香配布丁,2026年3月16日 星期一 下午1:36,,,1086,6,2,9
bocheng_____,https://www.threads.com/@bocheng_____/post/DV3FRHKk9CG,Twice,2026年3月14日 星期六 下午5:58,,,0,0,0,0,https://www.threads.com/@7eleventw/post/DV5Yf3Hj42j,7-ELEVEN品牌大使💙周子瑜💙,2026年3月15日 星期日 下午3:24,,,331,1,1,0
zach_yue118,https://www.threads.com/@zach_yue118/post/DV5KLagGYZf,親自走進家裡附近門市然後親眼看到子瑜廣告的瞬間真的會鼻酸🥹,2026年3月15日 星期日 下午1:19,,"May be an image of vending machine, newsstand and text",2248,15,46,97,https://www.threads.com/@7eleventw/post/DV5YRf4j7_K,7-ELEVEN品牌大使💙周子瑜💙,2026年3月15日 星期日 下午3:22,,,758,2,1,2
waikit0529,https://www.threads.com/@waikit0529/post/DV2gHhLkbpt,"終於看見子瑜的介紹了😍😍
下星期去到還能夠看見包裝袋嗎😂😂",2026年3月14日 星期六 下午12:33,,"May be an image of one or more people, hair and text that says 'ELEVEN 星級饗宴 STARRATEDCUISINE STAR RATED RATEDC CUISINE 一定要持續關注喔'",5004,38,221,400,https://www.threads.com/@7eleventw/post/DV5X9jtD0lq,"7-ELEVEN品牌大使💙周子瑜💙
由子瑜特製的美味✨ 2026/3/17起只在7-ELEVEN瑜你相遇💝",2026年3月15日 星期日 下午3:20,,,263,1,0,4
luv.with.starlight,https://www.threads.com/@luv.with.starlight/post/DV21mZikW8U,"！！！她說的是「台灣」耶🥹
這語速有點不像本人🤣🤣",2026年3月14日 星期六 下午3:41,,,6138,8,82,170,https://www.threads.com/@7eleventw/post/DV5X7PZj_Fh,"7-ELEVEN品牌大使💙周子瑜💙
由子瑜特製的美味✨ 2026/3/17起只在7-ELEVEN瑜你相遇💝",2026年3月15日 星期日 下午3:19,,,249,0,2,0
eminagashima,https://www.threads.com/@eminagashima/post/DV4tZxIk-pt,"去家附近的7-11想說怎麼不太一樣，
進去才發現滿滿周子瑜。
不知道是否為單店限定？
而且店裡面變得超寬敞，有點不習慣😆",2026年3月15日 星期日 上午9:08,,"May be an image of display case, newsstand, terminal and text | May be an image of display case and text | May be an image of vending machine, display case, signboard and text",4175,20,44,194,https://www.threads.com/@7eleventw/post/DV5XxEaDyEe,緩光臨~,2026年3月15日 星期日 下午3:18,,,168,1,0,1
dingpin_0124,https://www.threads.com/@dingpin_0124/post/DV3Xq1SEdnb,"快被笑死
光唏不行 他不能捐！",2026年3月14日 星期六 下午8:44,,,4837,27,335,1307,https://www.threads.com/@7eleventw/post/DV3pkoqDxI5,讓拓也捐！,2026年3月14日 星期六 下午11:15,,,310,0,1,4
kelly_1040512,https://www.threads.com/@kelly_1040512/post/DVz_LEMEqX9,"BOYNEXTDOOR 我們來了~😍
等了3個月終於能看到BOYNEXTDOOR的現場演唱了，帶著自己手作的應援板和應援舞，期待第一次近距離且在同一個空間的真實感！😍
@boynextdoor_530
@tw_boynextdoor_sup",2026年3月13日 星期五 下午1:07,,"May be an image of heart, parasol, umbrella, tree, outdoors and text | May be an image of heart, skateboard, signboard, road, street and text | May be an image of stone-fruit tree and text",431,5,3,35,https://www.threads.com/@7eleventw/post/DV0KMqRj2jT,準備好60分鐘的尖叫聲了嗎,2026年3月13日 星期五 下午2:43,,,42,2,0,0
jizuoyen0111,https://www.threads.com/@jizuoyen0111/post/DVxrS5uAVUS,"前幾天去超商取貨 最近超商取貨好像有抽獎活動
：「那個螢幕幫我按兩次抽獎喔」
「蛤 喔好」
*點兩下*
*中一塊跟七塊*
：「喔！是七塊」
：「這張下次消費的時候就可以折抵八塊錢」
（心想8塊有什麼好開心的)
「額….好？」
：「你這個很不錯了，今天所有人都是中一塊」
：「今天有人～中七塊🎵～」
他就這樣邊哼不知道什麼旋律
飄走去理貨了。。
？
原本沒有很開心的被他這樣一搞心情突然還不錯。",2026年3月12日 星期四 下午3:35,,,6809,23,70,55,https://www.threads.com/@7eleventw/post/DV0FrBWDwRg,下次就有可能中71塊了🎵～,2026年3月13日 星期五 下午2:04,,,648,1,0,1
wyd_henry7,https://www.threads.com/@wyd_henry7/post/DVx02oyEflP,"大家好～ 안녕하세요!
我來到台灣半年了
其實我吃了東西中最讓我最驚訝的是
炒飯
這菜我在韓國已經幾百次，
但真的根本不一樣！
去哪個餐廳也都很好吃😋",2026年3月12日 星期四 下午4:58,,"May be an image of text | May be an image of poached egg, pasta, biryani, ramen, spaghetti, noodles and text",10000,431,63,104,https://www.threads.com/@7eleventw/post/DV0Foo7D-Pr,緩光臨試試7-ELEVEN的炒飯🤤,2026年3月13日 星期五 下午2:03,,"May be an image of chow mein, pasta, noodles, petfood and text",48,1,0,0
wang890215,https://www.threads.com/@wang890215/post/DVzHjdTkz-I,"統整了去台北的時候要打卡的地方🤪
有什麼漏掉的嗎？！
✨… ♡__♡…✨
🤍꒰ঌ((•⩊•))໒꒱⋆⸜🤍",2026年3月13日 星期五 上午5:01,,May be a Twitter screenshot of text that says '04:52 備忘錄 .l 4G 62 2026年3月13日 2026 03:48 要去打卡的地方 警政署刑事警察局外電視墻大 大巨蛋右邊 （臺北市信義區忠孝東路四段551號 POMJaRIRmIn 타산리도부세요 ITWICE 國父紀念館一號出 國父紀念館一號出口711忠孝門 號出口 711鑫忠孝門市 國父紀念館二號出口還沒出去 zn Atwags relomettare 國父紀念館二號出口戶外 卡在世界後天 我们在多机空 Chmnon bknsukatyTarle ohe-tabysinth' | May be a Twitter screenshot of ‎radar and ‎text that says '‎04:52 備忘錄 ..l 4G 62 國父紀念館二號出口戶外 مد 10H woew 國父紀念館三號出口還沒出去 國父紀念館站 國父紀念館站（B2月台層F-P09燈箱，。 （B2月台層F-P09燈箱， 接近 前往三、 往三、四、五號出口方向電扶梯旁） 四 五號出口方向電扶構旁 周子瑜 演出順利 FlyInoilxliuxskywhYu es with Fly nlo the bitre 捷運西門站西門町十字路口‎'‎‎,2376,61,389,1966,https://www.threads.com/@7eleventw/post/DV0FjY_D4ue,緩光臨 7-ELEVEN 鑫忠孝門市💙,2026年3月13日 星期五 下午2:03,,May be an image of poster and text that says 'ELEVEN TZUrU 7-ELEVEN 7-El EVEN 品牌大使周子瑜 周 品牌大使 周子瑜',158,0,0,6
vvv.eat,https://www.threads.com/@vvv.eat/post/DVxPUIZGYru,"家人買了這個衛生紙盒是什麼意思🤣
放在餐桌上充當一道菜（？",2026年3月12日 星期四 上午11:30,,"May be an image of cake, caramel, pastry and text",15000,279,191,2512,https://www.threads.com/@7eleventw/post/DV0FeGgD_Og,捕捉刈包的野生內餡,2026年3月13日 星期五 下午2:02,,"May be an image of tea, soy sauce and text",10,0,0,0
o_oxo_oa,https://www.threads.com/@o_oxo_oa/post/DVwXVwdk9mq,"脆上有沒有懂佛的人啊？
去越前大佛的時候看到不少神像拿刈包跟三明治？ 是我太餓了還是那真的是吃的？",2026年3月12日 星期四 上午3:21,,"May be an image of sculpture, temple, statue and text | May be an image of text | May be an image of sculpture, statue and text | May be an image of sculpture, statue and text",8968,303,217,2399,https://www.threads.com/@7eleventw/post/DV0FZVID0RF,我再三確認是不是我們家刈包，但我不敢確認,2026年3月13日 星期五 下午2:01,,"May be an image of tea, soy sauce and text",23,0,0,0
khinmap.tw,https://www.threads.com/@khinmap.tw/post/DVyfVeOAUUp,"BOYNEXTDOOR
給你們了！！！！
感謝記者朋友即時傳送",2026年3月12日 星期四 下午11:09,,"May be an image of one or more people, bangs, terminal and text | May be an image of one or more people, duffle coat, parka, terminal and text | May be an image of one or more people, people standing, terminal and text | May be an image of one or more people, crowd, terminal and text | May be an image of one or more people, people standing, crowd, terminal and text",1714,6,66,106,https://www.threads.com/@7eleventw/post/DV0FUIzD1W-,鄰家男孩直接拜訪高雄😍 今晚BOYNEXTDOOR舞台見🩵🏠🚪,2026年3月13日 星期五 下午2:00,,,76,1,0,0
lxmeow_z,https://www.threads.com/@lxmeow_z/post/DVvyZR3EhBb,"櫻花季穿衣指南（很主觀的當地人）
不怕冷：短袖+薄外套
稍微怕冷：薄長袖+薄外套
很怕冷：你就包成粽子吧
切記 外套要有防風效果 那邊是靠海邊ㄌ
貼心建議戴個帽子 尻風一整晚頭會痛。",2026年3月11日 星期三 下午9:58,,,1818,25,54,872,https://www.threads.com/@7eleventw/post/DV0FSuBjzOa,期待跟各位追星人在櫻花季一起感動🥹🌸✨,2026年3月13日 星期五 下午2:00,,,2,0,0,0
justin.1002,https://www.threads.com/@justin.1002/post/DVycDtbk8xf,Wendy抵達高雄了 本人超級漂亮✨,2026年3月12日 星期四 下午10:42,,,3435,6,104,161,https://www.threads.com/@7eleventw/post/DV0FRCmDxkd,好期待今天要去櫻花季應援寶藏歌手Wendy💙🩵💙🩵,2026年3月13日 星期五 下午2:00,,,36,0,0,0
keelyyn_x,https://www.threads.com/@keelyyn_x/post/DVtRMujEwnn,"我在抱怨今天公司的破事
男朋友把床上的大家都叫來一起聽了",2026年3月10日 星期二 下午10:30,,May be an image of toy and text,64000,392,1474,13000,https://www.threads.com/@7eleventw/post/DVxbut7j3yp,沒辦法當你的加油團，至少可以當個御飯糰,2026年3月12日 星期四 下午1:19,,"May be an image of toy, pencil case, pouch, hamper and text that says '新 1 3 御飯粗'",221,0,0,4
tzuyu_tw_truck_team,https://www.threads.com/@tzuyu_tw_truck_team/post/DVsK6wcj5bN,Tzuyu,2026年3月10日 星期二 下午12:15,,,0,0,0,0,https://www.threads.com/@7eleventw/post/DVxbq6cj7UM,"心動注意子瑜⚠️KIWI清爽子瑜💙
緩光臨鑫忠孝門市應援大巨蛋演唱會✨",2026年3月12日 星期四 下午1:18,,"May be an image of vending machine, poster, display case and text that says 'ELEVEN TZUrU 7-ELEVEN EVEN 品牌大使周子增 子瑜 品牌大使 周子 周子瑜'",170,1,5,5
e.nzzo_1117,https://www.threads.com/@e.nzzo_1117/post/DVv4sRhEngZ,"這家711超狂！！！是每個時期711出的集點周邊😭😭😭
身為2000年的小孩看到這面牆全部都是回憶⋯
最後一張是我發現怎麼索隆喬巴轉不同邊 原來是迷路了哈哈哈哈哈",2026年3月11日 星期三 下午10:53,,"May be an image of calendar, curtains and text that says 'FLOWER FLOWERNATKONS NATIONS HELLO G 영송당' | May be an image of shoes, display case, rack and text | May be an image of text | May be an image of display case, lego and text | May be an image of text | May be an image of toy, hand cream, water bottle and text | May be an image of text | May be an image of text | May be an image of battery, videogame controller and text | May be an image of pegboard, display case, rack, helmet, shelf, lego, hat shop and text | May be a cartoon of toy, display case, umbrella and text | May be an image of display case, lego, shelf, rack and text | May be an image of lego and text | May be an image of text",21000,227,1435,4976,https://www.threads.com/@7eleventw/post/DVxbUjfD4ZD,陪大家一起長大，就是我們Always OPEN的意義🥹,2026年3月12日 星期四 下午1:15,,,1408,5,2,8
lix._.1016,https://www.threads.com/@lix._.1016/post/DVqbtXdlCAN,"追星人最高境界：
把偶像名字當形容詞用",2026年3月9日 星期一 下午8:04,,,18000,1118,579,1347,https://www.threads.com/@7eleventw/post/DVxbSC5D2IS,這間小七的門面很子瑜耶（哇真的是子瑜！）,2026年3月12日 星期四 下午1:15,,"May be an image of vending machine, poster, display case and text that says 'ELEVEN TZUrU 7-ELEVEN LEVEN 品牌大使周子瑜 瑜 品牌大使 周子瑜'",615,1,8,0
november__177,https://www.threads.com/@november__177/post/DVsO_KiGpNT,"追蹤november__177 更多最髒的罵人不帶髒：主食+隨便一個親戚+器官 讚13 萬回覆9,482轉發1.4 萬分享9.5 萬",2026年3月10日 星期二 下午12:51,,,,,,,https://www.threads.com/@7eleventw/post/DVu5ldHD06M,追蹤7eleventw已驗證 原作者說讚更多大亨堡哥哥胳肢窩讚328回覆轉發分享19,2026年3月11日 星期三 下午1:42,,,,,,
tinana_master,https://www.threads.com/@tinana_master/post/DVtBQjyEYXU,有夠幸運讚113回覆7轉發分享,2026年3月10日 星期二 下午8:10,,May be an image of fish and text,,,,,https://www.threads.com/@7eleventw/post/DVu5jYVj8XD,追蹤7eleventw已驗證 更多魚你相遇那真是好幸運🫶讚23回覆轉發分享,2026年3月11日 星期三 下午1:41,,,,,,
clairenini,https://www.threads.com/@clairenini/post/DVqUR9Ek1kW,"職業、年齡、性別、身份、國籍、背景、興趣。當這些定義都不存在了。那麼，你會怎麼介紹「你自己」？不是你的角色，
而是你的本質。我很好奇你們的答案😉 1/2讚6,402回覆2,351轉發208分享684",2026年3月9日 星期一 下午6:59,,,,,,,https://www.threads.com/@7eleventw/post/DVu5QPfD6Jl,追蹤7eleventw已驗證 原作者說讚更多如果拿掉所有標籤可能會一直聽到：「請問一下這個多少錢？」讚110 轉發分享,2026年3月11日 星期三 下午1:39,,,,,,
pin.l__,https://www.threads.com/@pin.l__/post/DVsNcQ5kRUl,"26歲的我根本就不是什麼低階大人 是低能 1/2讚3.2 萬回覆181轉發282分享1,040",2026年3月10日 星期二 下午12:38,,"May be an image of light switch, turnstile, padlock, cash machine, door and text",,,,,https://www.threads.com/@7eleventw/post/DVu5OKvjw9k,追蹤7eleventw已驗證 原作者說讚更多忘記帶鑰匙可以先去巷口小七等阿公阿媽回家喔讚487回覆轉發分享,2026年3月11日 星期三 下午1:39,,,,,,
omaoma_0511,https://www.threads.com/@omaoma_0511/post/DVnCLuVk4as,"Threads第一屆《臺灣各地阿嬤》大賽。
正式開始
選手如下： 1/2讚6.4 萬回覆2,348轉發2,566分享6,080",2026年3月8日 星期日 下午12:23,,May be an image of one or more people and text,,,,,https://www.threads.com/@7eleventw/post/DVsjJAJD1XT,追蹤7eleventw已驗證 更多最喜歡這些把7-ELEVEN喊成ㄙㄟ門的阿媽們！讚226 轉發1,2026年3月10日 星期二 下午3:47,,,,,,
ker.ne,https://www.threads.com/@ker.ne/post/DVqTV-Zkxls,"用高麗菜當隔板，微波後一起吃掉
謝謝偉大的高麗菜
咖哩就是不能跟白飯混在一起！ 1/2讚6.7 萬回覆828轉發721分享4,950",2026年3月9日 星期一 下午6:51,,"May be an image of stew, rice and text",,,,,https://www.threads.com/@7eleventw/post/DVsi8uLD-hR,"追蹤7eleventw已驗證 原作者說讚更多我沒想到這個未解之戰有了新的選項讚2,663 轉發4",2026年3月10日 星期二 下午3:45,,"May be an image of fried rice, couscous, lentils, rice and text",,,,
via.sante_,https://www.threads.com/@via.sante_/post/DVn-SN0ms22,"1.你為什麼在地上
2.你為什麼裸體。讚2.9 萬回覆175轉發405分享1,097",2026年3月8日 星期日 下午9:08,,May be an image of text,,,,,https://www.threads.com/@7eleventw/post/DVsixIxD8ZD,"追蹤7eleventw已驗證 更多可憐的飯糰寶寶快來穿海苔衣服讚9,115 轉發37",2026年3月10日 星期二 下午3:44,,,,,,
linzi_0407,https://www.threads.com/@linzi_0407/post/DVqBWmPEtX2,"-
-
-
-
因為商殃只有五塊讚1,178回覆25轉發37分享290",2026年3月9日 星期一 下午4:13,,,,,,,https://www.threads.com/@7eleventw/post/DVsiwSPDygj,追蹤7eleventw已驗證 原作者說讚更多我以為商殃沒朋友？因為我們只賣麥Dear Friend 回覆1轉發分享,2026年3月10日 星期二 下午3:44,,,,,,
h__y724,https://www.threads.com/@h__y724/post/DVqMf5Qk1oU,"出席率卻是100%讚3 萬回覆105轉發2,625分享2,113",2026年3月9日 星期一 下午5:51,,,,,,,https://www.threads.com/@7eleventw/post/DVsiaXVjyud,追蹤7eleventw已驗證 更多也是一種Always Open🥹讚117回覆轉發分享2,2026年3月10日 星期二 下午3:41,,,,,,
cash.feel,https://www.threads.com/@cash.feel/post/DVsWeWSk_yC,"我一直很好奇…
如果你在全家，你會為了省3塊錢
跑去7-11買茶葉蛋嗎",2026年3月10日 星期二 下午1:56,,,2768,438,0,40,https://www.threads.com/@7eleventw/post/DVxbM22j4KT,無論你之前在哪裡，我們心態都很OPEN緩光臨🤗,2026年3月12日 星期四 下午1:14,,,23,1,0,0
mars_geeker,https://www.threads.com/@mars_geeker/post/DVvJ72OGHFW,"1980年，我還在地上爬，7-11就開始賣咖啡了嗎？
這個正確嗎？求解",2026年3月11日 星期三 下午4:05,,"May be an image of one or more people, bangs, newspaper, top and text that says '1980年代 1980年代71開始賣咖啡廣告 7II 開始賣咖啡廣告 ELEVER サ N FIDOL B 1萬 ELEVEN 우 ELEVEN 現煮咖貴 不喜歡 770'",463,83,4,9,https://www.threads.com/@7eleventw/post/DVxbI4xj8zS,當年有喝過我們家現煮咖啡的現在都是究極大人,2026年3月12日 星期四 下午1:13,,,49,0,0,0
yhn11999,https://www.threads.com/@yhn11999/post/DVuXJb1k9dz,"下禮拜要去看TWICE了
請問有什麼東西可以讓我看起來比較不像是局外人的🥹",2026年3月11日 星期三 上午8:41,,May be an image of text,794,50,0,7,https://www.threads.com/@7eleventw/post/DVxa5ZzD47E,如果你不好意思在身上貼包裝，那胸口放一朵藍色大花你覺得如何？,2026年3月12日 星期四 下午1:11,,"May be an image of vending machine, poster, display case and text that says 'ELEVEN TZUrU 7-ELEVEN EVEN 品牌大使周子增 子瑜 品牌大使 周子 周子瑜'",158,2,2,2
o_ni_i_tya_n,https://www.threads.com/@o_ni_i_tya_n/post/DVva6HqkVHj,現在7-11要這麼捲哦,2026年3月11日 星期三 下午6:33,,,3265,146,60,404,https://www.threads.com/@7eleventw/post/DVxa0XzD6Zc,就是要Always OPEN全方位照顧７愛的食衣住行育樂,2026年3月12日 星期四 下午1:11,,,88,2,0,1
gigibaby8585,https://www.threads.com/@gigibaby8585/post/DVvBE0AgHnZ,"買沙拉送金沙
真的假的！！！",2026年3月11日 星期三 下午2:47,,May be an image of tofu and text | May be an image of text,2415,39,21,386,https://www.threads.com/@7eleventw/post/DVxaysVj9nJ,沙拉自己吃，金莎是要送給台灣隊長的（不是）,2026年3月12日 星期四 下午1:10,,,37,0,0,0
htdb33_yuling,https://www.threads.com/@htdb33_yuling/post/DVshil6D0Zt,"生活白痴煮飯就這樣
麻麻對不起。",2026年3月10日 星期二 下午3:33,,"May be an image of fire, food, stove, saucepan, chopsticks, tongs, cooker, spatula, strainer and text | May be an image of tongs, chopsticks, pot, stove, spatula and text | May be an image of stick, brush, chopsticks, spatula, tongs, drumstick, skewer, bamboo and text",46000,674,606,7553,https://www.threads.com/@7eleventw/post/DVu5qDlD2mx,7愛的，下次肚子餓來小七買就好，別煮了,2026年3月11日 星期三 下午1:42,,,15000,28,30,298
chef_shuwei,https://www.threads.com/@chef_shuwei/post/DVinY87FBTQ,"蓋個樓：
分享一件你默默做了 1000 天以上，
而且打算繼續做下去的事。
（規則：不能色色的）",2026年3月6日 星期五 下午7:12,,,2926,2012,64,79,https://www.threads.com/@7eleventw/post/DVu5oOVjyyZ,Always OPEN,2026年3月11日 星期三 下午1:42,,,480,4,0,0
yuyu_0518,https://www.threads.com/@yuyu_0518/post/DVqFT7AEYQA,有誰跟我一樣會直接買喜餅來吃😆,2026年3月9日 星期一 下午4:48,,"May be an image of cake, chocolate bar, oatmeal cookies, wafer, hamper, soap and text",11000,433,219,602,https://www.threads.com/@7eleventw/post/DVsiZGYD05N,冷知識：在小七就能買得到紅帽子,2026年3月10日 星期二 下午3:41,,,323,2,0,1
zyz._.0811,https://www.threads.com/@zyz._.0811/post/DVqtr_UmpI-,「有一種社交恐懼叫：『在路上遠遠看到熟人，會立刻低下頭滑手機或假裝沒看到。』,2026年3月9日 星期一 下午10:41,,,15000,65,1153,488,https://www.threads.com/@7eleventw/post/DVsiXxzD4TZ,可以趕快走進去巷口ㄙㄟ門躲一下,2026年3月10日 星期二 下午3:40,,,37,0,0,5
jpc_.13212,https://www.threads.com/@jpc_.13212/post/DVqSe_DksPn,幹 到底說晚安比較曖昧還是說早安比較曖昧,2026年3月9日 星期一 下午6:43,,,5198,228,96,393,https://www.threads.com/@7eleventw/post/DVsiWKAj4Do,下次試看看說緩光臨,2026年3月10日 星期二 下午3:40,,,803,4,2,25
2uncle987,https://www.threads.com/@2uncle987/post/DVnO-8NklfW,追蹤2uncle987已驗證 更多陳傑憲的代跑跟撲壘，大概跟當年的彭政閔一樣，讓大家知道誰都不準放棄棒球⚾️吧🥹🥹讚4 萬回覆138 分享119,2026年3月8日 星期日 下午2:15,,,,,,,https://www.threads.com/@7eleventw/post/DVnPbn9D_mZ,追蹤7eleventw已驗證 更多謝謝臺灣隊長超前分！讚766 轉發分享2,2026年3月8日 星期日 下午2:19,,,,,,
cafecar.seewho,https://www.threads.com/@cafecar.seewho/post/DVm_svxEU9N,台韓大戰是幾比幾？ 🥹🥹我想知道🥺 1/2讚703回覆172轉發分享5,2026年3月8日 星期日 下午12:01,,,,,,,https://www.threads.com/@7eleventw/post/DVnCBIND3lC,追蹤7eleventw已驗證 原作者說讚更多您可以到7-11門市看有轉播讚757 轉發1,2026年3月8日 星期日 下午12:21,,,,,,
boss_r_ye701,https://www.threads.com/@boss_r_ye701/post/DVVlUIdE0yb,"男：「我真的好喜歡陽光女子合唱團」
女：「那你要更喜歡我，我是陽光女子御飯糰（眨眼」⋯
好笑死了！！！！！！
快！點！給！我！娶！她！
這麼有趣的女生是稀有種！
你不知道你有多幸運啊兄弟
你這比刮刮樂刮到頭獎還幸運明天就給我去戶政事務所讚1.0 萬回覆78轉發85分享401",2026年3月1日 星期日 下午5:44,,,,,,,https://www.threads.com/@7eleventw/post/DViEjpgj762,追蹤7eleventw已驗證 更多留友上架🍙讚180 轉發分享2,2026年3月6日 星期五 下午2:07,,,,,,
headliner_1717,https://www.threads.com/@headliner_1717/post/DVgeCFIE4qj,"實體太可愛了❤️‍🔥
馬上給我小狐狸背
到處都能塞一隻小狐狸🤣讚3,729回覆34轉發69分享1,008",2026年3月5日 星期四 下午11:12,,"May be an image of toy, pencil case, pouch and text | May be an image of toy, blanket and text | May be an image of toy, pencil case and text | May be an image of toy and text",,,,,https://www.threads.com/@7eleventw/post/DViEfovDzTl,追蹤7eleventw已驗證 原作者說讚更多謝謝小七挺小七，狐袋子好適合💜🦊💎讚253 轉發1,2026年3月6日 星期五 下午2:07,,,,,,
1y.0601,https://www.threads.com/@1y.0601/post/DVgYCFNiTJO,追蹤1y.0601 更多救命我家旁邊的7-11有我英 讚540 轉發1,2026年3月5日 星期四 下午10:19,,"May be an image of lego, shelf, rack, newsstand and text",,,,,https://www.threads.com/@7eleventw/post/DViEeDpjzhx,追蹤7eleventw已驗證 原作者說讚更多問就是抽！興奮到模糊啦讚28 轉發分享,2026年3月6日 星期五 下午2:07,,,,,,
pinwen4264,https://www.threads.com/@pinwen4264/post/DVfLQuLEc2W,フレデリック 已編輯更多,2026年3月5日 星期四 上午11:08,,,0,0,0,0,https://www.threads.com/@7eleventw/post/DViEcUWj08Y,追蹤7eleventw已驗證 原作者說讚更多御飯糰本糰也有官方娃包讚9 轉發分享,2026年3月6日 星期五 下午2:06,,,,,,
cyka_blyat_ypa,https://www.threads.com/@cyka_blyat_ypa/post/DVgc_Y7E2eh,已編輯更多,2026年3月5日 星期四 下午11:02,,,0,0,0,0,https://www.threads.com/@7eleventw/post/DViEY0oj31s,追蹤7eleventw已驗證 原作者說讚更多緩光臨下週帶寶寶去高雄嬰花季讚64 轉發分享3,2026年3月6日 星期五 下午2:06,,,,,,
dm41034,https://www.threads.com/@dm41034/post/DVfe8H7EilN,"超好喝 沒在騙
完全是手搖店的水準了讚895回覆19轉發20分享695",2026年3月5日 星期四 下午2:00,,"May be an image of smoothie, cup, tea and text that says 'FBAR IK ITY STYCAFE CAFE' | May be an image of drink and text",,,,,https://www.threads.com/@7eleventw/post/DViEUsXjwrk,追蹤7eleventw已驗證 更多留友好喝🥤讚6回覆轉發分享,2026年3月6日 星期五 下午2:05,,,,,,
oppa.o.o,https://www.threads.com/@oppa.o.o/post/DVfzr2GE1T1,"買到7-11最後兩個已靜音讚1,304回覆15轉發8分享271",2026年3月5日 星期四 下午5:02,,"May be an image of chihuahua, sling and text | May be an image of text",,,,,https://www.threads.com/@7eleventw/post/DViETekD4S4,追蹤7eleventw已驗證 原作者說讚更多留友可愛🐕‍🦺讚8回覆轉發分享,2026年3月6日 星期五 下午2:05,,,,,,
cwli7_k,https://www.threads.com/@cwli7_k/post/DVdSZ2TjxRZ,"追蹤cwli7_k 更多不覺得「jealous」這個詞念起來就有種嫉妒的感覺嗎？讚3.5 萬回覆679 分享1,498",2026年3月4日 星期三 下午5:32,,,,,,,https://www.threads.com/@7eleventw/post/DViERXpj9PM,追蹤7eleventw已驗證 原作者說讚更多不覺得Seven唸起來有種很便利的感覺嗎？讚324回覆轉發分享,2026年3月6日 星期五 下午2:05,,,,,,
chuyi_0611,https://www.threads.com/@chuyi_0611/post/DVpM_vnku66,"弱弱問一下
有個女人 她因為今天我毀了約定
她非常生氣😚😚😚
要怎麼哄 大約國小三年級",2026年3月9日 星期一 上午8:36,,,13000,693,81,45,https://www.threads.com/@7eleventw/post/DVpyJsUjzVa,統一回覆：統一超商買個統一布丁🍮,2026年3月9日 星期一 下午2:01,,,3953,8,6,9
freya__miya,https://www.threads.com/@freya__miya/post/DVn-fT1kZCZ,倒垃圾遇到狠人,2026年3月8日 星期日 下午9:10,,"May be an image of grocery bag, shopping cart and text | May be an image of plastic bag, shopping cart, grocery bag and text",37000,342,163,918,https://www.threads.com/@7eleventw/post/DVpyIF8j9a1,Try it 摺學家,2026年3月9日 星期一 下午2:00,,,600,2,0,3
aizi.yu.k0,https://www.threads.com/@aizi.yu.k0/post/DVng1rSE40u,"急！即將跟一個忘記他本名的人見面
我要怎麼套話出他的名字？
有人可以幫我想辦法嗎",2026年3月8日 星期日 下午4:51,,,23000,628,160,1047,https://www.threads.com/@7eleventw/post/DVpyGaLjzFK,「欸我有個禮物想先用7-11交貨便給你，給我你的姓名、電話、門市資訊」,2026年3月9日 星期一 下午2:00,,,3657,11,6,29
27hc_sky,https://www.threads.com/@27hc_sky/post/DVjIYdgkn7k,"剛剛我在7-11排隊，前面結帳抽獎
抽中了1元！！！！！我直接倒抽一口氣
對方也因為我的反應瞪大了眼睛
結果店員淡淡的解釋
「這個只是抽到折價1元，不是只要1元….」",2026年3月7日 星期六 上午12:00,,,16000,70,54,212,https://www.threads.com/@7eleventw/post/DVpyCqBj2pu,爆意思讓你誤會了～但還可以挑戰折價71元喔（小聲）,2026年3月9日 星期一 下午2:00,,,339,1,1,2
67_.qwpo,https://www.threads.com/@67_.qwpo/post/DVnHIZWEyfM,"欸幹不是問一個真的
你們出去晨跑夜跑慢跑的
水跟手機都放哪裡",2026年3月8日 星期日 下午1:06,,,61000,1503,515,2230,https://www.threads.com/@7eleventw/post/DVpyBIJj_Mb,手機我不確定，但你可以跑一跑再緩光臨小七買水,2026年3月9日 星期一 下午1:59,,,38,0,0,0
e._.192323va,https://www.threads.com/@e._.192323va/post/DVileMmkfuv,"7-11的這個組合 讚爆！
個人鍋69+白飯25
宵夜想吃小火鍋100內搞定🤤🤤
料不算特別多但該有的都有",2026年3月6日 星期五 下午6:55,,"May be an image of jar, yogurt, granola and text",1700,26,103,1479,https://www.threads.com/@7eleventw/post/DVpx_Rmj_nT,這種下飯絕配不只宵夜要吃，我午餐也要吃！🍲,2026年3月9日 星期一 下午1:59,,,26,1,0,1
kuei0214,https://www.threads.com/@kuei0214/post/DVnEbH2k4cD,"711可以無聲看棒球
但是這樣一直全壘打是對的嗎 😂😂",2026年3月8日 星期日 下午12:43,,"May be an image of football, soccer, television, screen, sports equipment, scoreboard and text",724,13,0,2,https://www.threads.com/@7eleventw/post/DVnW7m8DyNp,是對的,2026年3月8日 星期日 下午3:24,,,436,1,0,1
dservice.tw,https://www.threads.com/@dservice.tw/post/DVfYkZpkiED,有誰也是站在711觀看轉播,2026年3月5日 星期四 下午1:05,,May be an image of text,26,2,0,0,https://www.threads.com/@7eleventw/post/DVff4bzDxiY,我🙋🏻,2026年3月5日 星期四 下午2:09,,,19,1,0,0
startravel.tw,https://www.threads.com/@startravel.tw/post/DVfQQkMGSm4,你們邊上班都怎麼邊關注比賽？,2026年3月5日 星期四 上午11:52,,,36,41,0,0,https://www.threads.com/@7eleventw/post/DVfeMU8j5uP,"公司Alwyas OPEN! 緩光臨來看直播 7-11.com.tw/openi…
7-11.com.tw
OPENCHANNEL數位看板聯播網",2026年3月5日 星期四 下午1:54,,,17,1,0,0
bichon.tangyuan,https://www.threads.com/@bichon.tangyuan/post/DVc0sbMEe3y,"7-11買午後紅茶六瓶送的米菲兔背包造型掛袋🎒
超口愛.ᐟ.ᐟ給小狗背剛剛好🐻‍❄️🤍（小包上有掛勾）
還有Boris款🐻 容量蠻大的˖ ࣪⊹",2026年3月4日 星期三 下午1:13,,"May be an image of Bedlington terrier, Pekinese, Maltese, hand cream, water bottle and text | May be an image of Maltese, seal, Pekinese, Bedlington terrier and text | May be an image of toy, pencil case, baby shoes, diaper, pouch, hand cream, potholder and text that says '午後の紅茶 & miffy 背包造型掛袋 miffy 88 午後の紅茶 & miffy 背包造型掛袋 miffy B み 午後の紅茶 RIFT miffy' | May be an image of milk and text",991,50,16,1276,https://www.threads.com/@7eleventw/post/DVfdct3j7IN,背上米菲兔小背包去散步絕對是路上的焦點！,2026年3月5日 星期四 下午1:47,,,10,1,0,0
