user_name,user_post_url,user_content,user_timestamp,user_replying_to,user_image_alts,user_likes,user_replies,user_reposts,user_shares,brand_reply_url,brand_reply_content,brand_reply_timestamp,brand_replying_to,brand_reply_image_alts,brand_reply_likes,brand_reply_replies,brand_reply_reposts,brand_reply_shares
jintian_nijianfeilema,https://www.threads.com/@jintian_nijianfeilema/post/DXtDkgAEy9q,這啥洨 在宿舍冰箱煉蠱是不是,2026年4月29日 星期三 下午1:33,,"Photo by 黃主廚 on April 28, 2026. May be an image of popcorn, plastic bag and text.",22000,561,370,8236,https://www.threads.com/@bigcity_hsinchu/post/DXtd8NNk4Vg,民間煉的霉，都比實驗室煉出來還強,2026年4月29日 星期三 下午5:24,,,448,1,,1
siaofei0126,https://www.threads.com/@siaofei0126/post/DXkAPGMj3oi,"山下智久
好幸運合照到了‼︎還好有跟媽媽來 1 / 2",2026年4月26日 星期日 上午1:11,,"Photo by 菲 on April 25, 2026. May be an image of carpet and text.",9543,204,78,650,https://www.threads.com/@bigcity_hsinchu/post/DXlP_OJk1cQ,新竹十八尖山下智久￼來朝聖,2026年4月26日 星期日 下午12:48,,,116,,,
ieso_no_gold_nzmb23_rockuo.18,https://www.threads.com/@ieso_no_gold_nzmb23_rockuo.18/post/DXirnNJCVzS,@bigcity_hsinchu 小編可以在我畢業當天祝我畢業快樂嗎？,2026年4月25日 星期六 下午12:52,@bigcity_hsinchu,"Photo by 郭旻宗 on April 24, 2026. May be an image of signboard, buildings and text that says 'BigCity 熱烈歡迎 雄中戶外教學 B線同學 路過巨城吃晚餐'.",141,1,,4,https://www.threads.com/@bigcity_hsinchu/post/DXjDtOhk1bx,好咧,2026年4月25日 星期六 下午4:22,,,6,1,,
withelysia365,https://www.threads.com/@withelysia365/post/DXiYN4GE5gF,統測不會考那麼難單字吧😂,2026年4月25日 星期六 上午10:02,@bigcity_hsinchu,,95,1,,3,https://www.threads.com/@bigcity_hsinchu/post/DXiuryYk61F,哪一天就考你火山矽肺症,2026年4月25日 星期六 下午1:18,,,74,1,1,
_yu_630,https://www.threads.com/@_yu_630/post/DXiiWIjGmsU,"問脆友就對了
想問各位脆友 新竹巨城的酷聖石冰淇淋整修好了嗎？什麼時候會開始營業 順便@小編 @bigcity_hsinchu",2026年4月25日 星期六 上午11:31,,,7,1,,,https://www.threads.com/@bigcity_hsinchu/post/DXiuj_8EyY3,好了,2026年4月25日 星期六 下午1:17,,,8,,,
zhan_qin_xiang,https://www.threads.com/@zhan_qin_xiang/post/DXgkYEzE42I,"巨城
巨城真的很貼心🥹 暈爛",2026年4月24日 星期五 下午5:10,,"Photo by XIANG on April 24, 2026. May be an image of plastic bag, umbrella, hallway and text.",2004,12,,9,https://www.threads.com/@bigcity_hsinchu/post/DXhZ0FPE6cY,其實我還會放歌提醒大家,2026年4月25日 星期六 上午12:57,,,1511,8,1,7
yifz_,https://www.threads.com/@yifz_/post/DXeqKrej2XG,新竹人緊張時刻 ：朋友說要來新竹找你吃飯 1 / 3,2026年4月23日 星期四 下午11:22,,,9394,377,515,2047,https://www.threads.com/@bigcity_hsinchu/post/DXgEfQGk-ag,不都是帶去巨城就解決了嗎,2026年4月24日 星期五 下午12:31,,,165,2,,4
yilan_style2026,https://www.threads.com/@yilan_style2026/post/DXdm03zjyUh,第一張照片，腦子馬上浮現 第一憨，種甘蔗乎會社磅,2026年4月23日 星期四 下午1:34,@bigcity_hsinchu,,29,1,,1,https://www.threads.com/@bigcity_hsinchu/post/DXdper6ExvJ,完蛋，我聽不懂了🥹 翻譯,2026年4月23日 星期四 下午1:57,,,1,2,,
thuglife_1298,https://www.threads.com/@thuglife_1298/post/DXYaSRHEWFp,"昨晚決定把我媽的candy crush刪了 我媽痛哭 但希望這決定是對的 希望他找回對所有事物學習的熱情
希望還來得及",2026年4月21日 星期二 下午1:08,,,65000,375,1394,4750,https://www.threads.com/@bigcity_hsinchu/post/DXY-p8Zk3Fa,"你看隔壁的秀琴，都在學投資了 你還在candy crush？
手機先放我這裡，等你這次考績拿優等，我假日再開你玩。",2026年4月21日 星期二 下午6:26,,,4119,,3,94
joee0930,https://www.threads.com/@joee0930/post/DXUTSeSkpOF,"戰鬥陀螺X
朋友說想打陀螺，今天帶戰鬥盤去巨城玩（羞恥
之後有個有禮貌的弟弟問說能不能一起玩，我們就讓他一起打。 因為弟弟很乖也很有禮貌，我把我的通行證給弟弟看轉速。（手機被硬控快1小時😆 弟弟要回家時候還特地跟我們說，謝謝你們跟我玩陀螺，今天很開心。
現在交的朋友年紀越來越小了😆",2026年4月19日 星期日 下午10:50,,,1555,21,1,10,https://www.threads.com/@bigcity_hsinchu/post/DXV_P24kynD,我這裡真的是新竹人的里民中心欸,2026年4月20日 星期一 下午2:33,,,117,1,,1
a9854666998,https://www.threads.com/@a9854666998/post/DXQ0-OwlGpr,"童年回憶
一張照片證明你有多老
我先： 1 / 2",2026年4月18日 星期六 下午2:27,,"Photo by @a9854666998 on April 17, 2026. May be an image of text.",110000,11000,5416,30000,https://www.threads.com/@bigcity_hsinchu/post/DXVuZa4kz0-,這地方賣得涼麵跟油飯，世界頂,2026年4月20日 星期一 下午12:06,,,18,,,
_yir.ouo,https://www.threads.com/@_yir.ouo/post/DXOxG_ND7Bo,給大家看一下我家的跳不高貓,2026年4月17日 星期五 下午7:15,,,140000,1658,6026,42000,https://www.threads.com/@bigcity_hsinchu/post/DXPZ2BME_HS,有跳，但不多,2026年4月18日 星期六 上午1:11,,,141,,,2
egg8278_,https://www.threads.com/@egg8278_/post/DXOehwVj4jG,"電腦維修
最近跑了三、四間修電腦店 每個老闆都長差不多這樣 這是開店必備條件嗎？ 1 / 2",2026年4月17日 星期五 下午4:32,,"Photo by 蛋仙生-盧尚宏 on April 17, 2026. May be an image of speaker, capacitor, stereo and text.",49000,1929,542,10000,https://www.threads.com/@bigcity_hsinchu/post/DXO_xtqE7O3,這種給他修絕對沒問題，甚至他還會把小問題都幫你弄好，還不會多收錢,2026年4月17日 星期五 下午9:23,,,1453,1,,27
nn711212124,https://www.threads.com/@nn711212124/post/DXOR2gTmFST,感覺別人的麥當當比較好吃🤣🤣,2026年4月17日 星期五 下午2:42,,"Photo by 一生懸命的大叔 on April 16, 2026. May be an image of lego and text. | Photo by 一生懸命的大叔 on April 16, 2026. May be an image of french fries, fritter and text.",46000,638,1681,30000,https://www.threads.com/@bigcity_hsinchu/post/DXOyDHIkyc7,我組電腦變貴的原因找到了,2026年4月17日 星期五 下午7:23,,,51,1,,1
dietitian_bgg,https://www.threads.com/@dietitian_bgg/post/DXKb6wEkmre,"現代人減肥：
早餐：2顆水煮蛋＋冰美式 （瘦下來驚艷所有人） 午餐：雞胸肉餐盒，糙米半飯（原型食物王者） 晚餐：水（飢餓就是燃脂的開始） . 晚上11 點： 鹹酥雞380元，正在前往您所在的位置",2026年4月16日 星期四 上午2:53,,,41000,660,814,7069,https://www.threads.com/@bigcity_hsinchu/post/DXLE6PHk6qD,我不喜歡自己出現在貼文上,2026年4月16日 星期四 上午8:51,,,146,,,1
sherry_.eat,https://www.threads.com/@sherry_.eat/post/DXJdNxlFPMh,"客家話
跟朋友A出門（朋友A是客家人） 聽到他突然說到ㄆㄨㄣ（廚餘的台語）這個詞 我好奇發問：廚餘/剩菜的客家話是什麼？ 朋友B：客家人不會有剩菜
有沒有客家人可以幫我解答？",2026年4月15日 星期三 下午5:45,,,19000,436,379,6670,https://www.threads.com/@bigcity_hsinchu/post/DXKB8sGk9EX,只要有剩菜就是對客家靈魂的不尊重，這是嚴重到竹休板懲罰的程度，有些家庭甚至要到風水前面跟祖先道歉,2026年4月15日 星期三 下午11:06,,,749,7,,17
simple_0914,https://www.threads.com/@simple_0914/post/DXHYLc2gaCH,"日本新聞
朗報，宮崎縣初次採用博美犬作為警犬 ハク号(2歲）",2026年4月14日 星期二 下午10:22,,"Photo by Vincent on April 14, 2026. May be an image of Groenendael, Pekinese, diaper and text that says 'ポメラニアン ハク号（２） (2)'.",38000,189,2498,10000,https://www.threads.com/@bigcity_hsinchu/post/DXJZxAKk7Y0,旁邊的警犬：蛤？他也能進？你確定？,2026年4月15日 星期三 下午5:15,,,75,2,,1
onpai98,https://www.threads.com/@onpai98/post/DXHB5J7kcax,"剛剛發生一件超扯的事。
下班去全聯買東西，在門口遇到一個阿嬤牽著一隻超肥的柴犬。 我：「哇好可愛！阿嬤，牠叫什麼名字？」 阿嬤：「他叫承恩啦。」
我蹲下去一邊狂摸狗一邊稱讚：「承恩好乖喔～」 阿嬤指著旁邊戴 AirPods 蹲在地上滑 TikTok 的國中生： 「狗是幫鄰居牽的，承恩是地上那個。」
我真的原地嚇爛。",2026年4月14日 星期二 下午7:07,,,20000,59,256,1979,https://www.threads.com/@bigcity_hsinchu/post/DXIujWGk9nl,承恩，很抱歉用這種方式認識你,2026年4月15日 星期三 上午10:57,,,193,,,3
syuan_czs,https://www.threads.com/@syuan_czs/post/DXG93HIkW3z,"下一站幸福
難以超越的台偶巔峰！！！ 四個人四種完美演技外加一個背景版（光晞媽） 缺一不可的名場面 即時原版人馬也復刻不出來
光晞不行！他不能捐！讓拓也捐 1 / 2",2026年4月14日 星期二 下午6:33,,,67000,942,1836,5410,https://www.threads.com/@bigcity_hsinchu/post/DXIpmaKk9hK,到底是怎麼用眼神做到溝通的，我現在看老闆的眼神都還只有「啊要幹嘛？」,2026年4月15日 星期三 上午10:14,,,172,1,,
_haru.47,https://www.threads.com/@_haru.47/post/DXGCaP8k6A5,一大早發現狗不見 在頂樓找到 追了20分鐘才帶回家 熱瘋掉 ⋯ 要死了 是哈士奇沒錯⋯ 1 / 3,2026年4月14日 星期二 上午9:54,,,66000,1627,1344,10000,https://www.threads.com/@bigcity_hsinchu/post/DXGmprgE5Vx,研究：高溫對寒帶犬有傷害 哈士奇：🤪,2026年4月14日 星期二 下午3:09,,,412,1,,
___refrain,https://www.threads.com/@___refrain/post/DXEy11pEQ3v,Excel愛用合併儲存格的人，是什麼反社會人格嗎 1 / 2,2026年4月13日 星期一 下午10:17,,,1909,94,68,234,https://www.threads.com/@bigcity_hsinchu/post/DXGaFg-Ey_R,還有把公式拉掉的，應該要判無期徒刑,2026年4月14日 星期二 下午1:20,,,62,1,,
taohuayouji,https://www.threads.com/@taohuayouji/post/DXENYA8jzP3,我自行宣布 脆上史上第一屆 《新竹最好玩景點》 大賽開始 選手如下： 我先來 不准反駁 1 / 2,2026年4月13日 星期一 下午4:50,,"Photo by taohuayouji on April 13, 2026. May be an image of buildings, terminal and text.",5391,334,88,750,https://www.threads.com/@bigcity_hsinchu/post/DXGMF5nkx2i,畢竟我可是每個月都在想要找哪些快閃櫃來滿足各位呢,2026年4月14日 星期二 上午11:17,,,658,8,,6
watermelon_att,https://www.threads.com/@watermelon_att/post/DXD9RcXFC99,窮就不要生小孩 小孩想學音樂你跟他說沒辦法到底什麼意思,2026年4月13日 星期一 下午2:29,,"Photo by 鄭湘榕 on April 12, 2026. May be an image of dalmatian, chihuahua, petfood and text. | Photo by 鄭湘榕 on April 12, 2026. May be an image of chihuahua and text.",61000,1093,1837,8493,https://www.threads.com/@bigcity_hsinchu/post/DXEsiWKE4lX,不好吧，學出了點東西，把我Bass手的位子搶走怎麼辦？,2026年4月13日 星期一 下午9:22,,,202,1,,3
apple_chiang25,https://www.threads.com/@apple_chiang25/post/DW9Pmjgj5aQ,"哇靠我下巴掉地上了
gorillamonster_makoto",2026年4月10日 星期五 下午11:55,,,61000,475,494,4432,https://www.threads.com/@bigcity_hsinchu/post/DW-iDC4k6Jp,我剛剛也試跳了一次 鼻梁骨的落點在3號層的位置,2026年4月11日 星期六 上午11:55,,,452,5,,2
zyuxn9_,https://www.threads.com/@zyuxn9_/post/DW04PBsE6wS,這輩子不談射手。 1/2,2026年4月7日 星期二 下午5:57,,,5483,591,141,1068,https://www.threads.com/@bigcity_hsinchu/post/DW3Fp9iE8ds,打野也別談吧，別說保護你了，有時候還得你去保護他,2026年4月8日 星期三 下午2:33,,,51,1,1,2
linli0405,https://www.threads.com/@linli0405/post/DW0HVJpEo35,香蕉🍌被搶，兩手一攤，今天班都不想上😔,2026年4月7日 星期二 上午10:49,,"Photo by Aili飯團團 on April 06, 2026. May be an image of banana and text.",86000,1196,3400,35000,https://www.threads.com/@bigcity_hsinchu/post/DW0gvT2k4Sm,就像我好不容易擠出2000塊的薪水，可以去吃個燒肉，結果保險員打來說忘記扣這期的保險費一樣,2026年4月7日 星期二 下午2:31,,,176,,,1
jam._.es1108,https://www.threads.com/@jam._.es1108/post/DWxuAu1gWO7,？巨城可以騎車進來嗎,2026年4月6日 星期一 下午12:30,,,6894,123,89,1436,https://www.threads.com/@bigcity_hsinchu/post/DWydlcHk7kc,"我外面貼了很多標語，看來又要多貼一個了…
我知道電輔車很珍貴，但還是停好再進來逛，謝謝🙏",2026年4月6日 星期一 下午7:25,,,9668,9,2,29
sandylin__dance,https://www.threads.com/@sandylin__dance/post/DWtZJ6ykYN3,昨天遇到小編～我跟他說 地板真的很棒 他說那當然 你們有特別挑過的！（真的很寵了 愛巨城）,2026年4月4日 星期六 下午8:11,@bigcity_hsinchu昨天遇到小編～我跟他說,,,1,,,https://www.threads.com/@bigcity_hsinchu/post/DWtahO8E0k5,我昨天休假，你應該是遇到攝影師🥹,2026年4月4日 星期六 下午8:22,,,,,,
mdfkfb,https://www.threads.com/@mdfkfb/post/DWsvWnOALPE,巨城8樓真的變練舞室了。小編不是開玩笑欸。真佛,2026年4月4日 星期六 下午2:05,,"Photo by 溫書樵 on April 03, 2026. May be an image of lighting and text.",3297,51,23,325,https://www.threads.com/@bigcity_hsinchu/post/DWtQADhk450,這種事情肯定沒在開玩笑,2026年4月4日 星期六 下午6:51,,,606,3,,
hongcici_,https://www.threads.com/@hongcici_/post/DWoEDYaj4xn,機場50公里太硬了我先跑到巨城,2026年4月2日 星期四 下午6:33,,,26000,180,216,1687,https://www.threads.com/@bigcity_hsinchu/post/DWoynT-kyNZ,衣服有換掉才去看極限返航嗎,2026年4月3日 星期五 上午1:17,,,193,,,1
wei._.wei,https://www.threads.com/@wei._.wei/post/DWkR2fqk0Uz,"冷知識
愚人節告白 只有7%成功的機率
愚人節不告白 有98% 能繼續當朋友
但有2% 或許是對方在等你告白",2026年4月1日 星期三 上午7:14,,,10000,116,505,2367,https://www.threads.com/@bigcity_hsinchu/post/DWklO8ck_VD,"沒有小孩天天哭，哪有賭徒天天輸 人說十賭九輸，我告白失敗九次了
這一次她肯定會答應",2026年4月1日 星期三 上午10:03,,,99,,5,10
kendrick940222,https://www.threads.com/@kendrick940222/post/DWftsEVk6k6,新竹很無聊？直接出國玩啊 新竹巨城跑到 桃園機場 50公里 均速4:35 跑完直接出國！ 靠 @upsports.tw 撐著我跑完 沖繩我來啦 1/2,2026年3月30日 星期一 下午12:41,,"Photo by 陳 宗 澤 on March 29, 2026. May be an image of stadium and text. | Photo by 陳 宗 澤 on March 29, 2026. May be an image of map, radar and text that says 'PR 50公里個人紀錄 有史以來 New TaoyuanDistrict Taoyuan District 歷時第8佳 歷時第8佳 高鐵南路往東(楊新路至青田路） KendrickChen Kendrick Chen 今天的 清晨6:04 東區， 今天的清晨6：04·東區,新竹市 東區,新竹市 新竹市 巨城跑到桃 或跑到桃園機場！ 桃園機場！ 新竹很無聊 新竹很無聊?直接出國玩啊 直接出國玩啊 50公里PBC PR 恭喜你！ 你！你的50公里跑創下了個人紀錄！ 你的 距離 50.74公里 公里 50.74 平均配速 4:35/公里 4:35 /公里 移動時間 3:52:55 爬升海拔 239 239公尺 公尺 卡路里 4,842卡 平均心率 160bpm 160 bpm'. | Photo by 陳 宗 澤 on March 29, 2026. May be an image of one or more people and text. | Photo by 陳 宗 澤 on March 29, 2026. May be an image of stadium and text. | Photo by 陳 宗 澤 on March 29, 2026. May be an image of text. | Photo by 陳 宗 澤 on March 29, 2026. May be an image of text. | Photo by 陳 宗 澤 on March 29, 2026. May be a graphic of text. | Photo by 陳 宗 澤 on March 29, 2026. May be an image of mirror and text. | Photo by 陳 宗 澤 on March 29, 2026. May be a selfie of one or more people, people smiling, bedroom and text. | Photo by 陳 宗 澤 on March 29, 2026. May be an image of seaweed, banana, plantains, egg and text.",43000,649,611,7940,https://www.threads.com/@bigcity_hsinchu/post/DWgDfI3k7X5,如果我叫機場接送，你會背著我到機場嗎,2026年3月30日 星期一 下午3:51,,,2112,5,,34
1mzx7o,https://www.threads.com/@1mzx7o/post/DWdBdc6EhVn,讓我們默哀三秒鐘,2026年3月29日 星期日 上午11:36,,"Photo by 小波 on March 28, 2026. May be an image of text that says '上午 上午9：09 9:09 欸我分手了 新訊息 很好啊 你都不安慰我一下嗎 天涯何處無芳草 發送訊息...... 發送訊 關我屁事不要吵 +'.",170000,540,8548,20000,https://www.threads.com/@bigcity_hsinchu/post/DWd6twnk636,這朋友可以捐掉了,2026年3月29日 星期日 下午7:56,,,120,1,,
1xuanyu_,https://www.threads.com/@1xuanyu_/post/DXB_epblJe1,我正式宣布 新竹地區發展最完善、班距最密的公車為：巨城接駁車,2026年4月12日 星期日 下午8:10,,,2897,46,122,139,https://www.threads.com/@bigcity_hsinchu/post/DXD2g8DE1EO,不認識我的人，會不會以為我本業是做客運的,2026年4月13日 星期一 下午1:30,,,332,4,,7
sandylin__dance,https://www.threads.com/@sandylin__dance/post/DWa9vwXkcm0,我大概知道小編是誰ㄌ～～（我有看到他拍）,2026年3月28日 星期六 下午4:25,@bigcity_hsinchu,,8,1,,,https://www.threads.com/@bigcity_hsinchu/post/DWa-FjXk2v8,恭喜你，猜錯了！！！ 那是我們的攝影🤣🤣,2026年3月28日 星期六 下午4:28,,,60,1,,2
bomb_eson,https://www.threads.com/@bomb_eson/post/DWYYRkXmQQu,奢華，不過如此。 1 / 2,2026年3月27日 星期五 下午4:19,,"Photo by 🐢艾森🈹🈹 on March 27, 2026. May be an image of sausage and text.",140000,3659,3183,21000,https://www.threads.com/@bigcity_hsinchu/post/DWakB0hk56L,週年慶我直接開專車去接你,2026年3月28日 星期六 下午12:40,,,533,2,,2
ryan3111111,https://www.threads.com/@ryan3111111/post/DUKG7lWEugZ,"你記了一輩子，卻沒有用的口訣
俄德法美日奧義英",2026年1月31日 星期六 上午10:15,,,30000,5533,705,1292,https://www.threads.com/@bigcity_hsinchu/post/DUsGl9pE7PI,133 221 333 123 111,2026年2月13日 星期五 下午3:06,,,693,33,1,125
neuropathy32,https://www.threads.com/@neuropathy32/post/DUqdA6nEvl1,"剛剛有個客人來取貨， 禮貌性詢問：「請問先生姓名電話？」 客：「200，馬先生。」
我再次詢問：「請問有帶證件嗎？」 客：「有（拿出了證件）」
我：「這證件是你嗎？」 客：「是我。」
不要玩梗了好不好 這他媽就不是你== 1 / 2",2026年2月12日 星期四 下午11:44,,"Photo by 韓翔 on February 12, 2026. May be an image of carton and box.",34000,1049,2244,18000,https://www.threads.com/@bigcity_hsinchu/post/DUrqMmHkzcX,"：客人，你領了兩個包裹，只給了一個的錢
：放屁，我就領一個包裹，給了一個的錢
：一就是一，二就是二！我今天就領了一個包裹。
：他要個公平，你不是欺負老實人嗎？
：都看好了啊，今我兜裡要有兩個包裹，我白死！
：客人，太淺了，我看不到",2026年2月13日 星期五 上午10:58,,,605,4,1,15
tyu61852,https://www.threads.com/@tyu61852/post/DUqN3Ockn7V,還有人記得一中卡卡西嗎,2026年2月12日 星期四 下午9:32,,,35000,348,1498,4859,https://www.threads.com/@bigcity_hsinchu/post/DUrpXn5kxup,"台灣迷因考古題
① Yo Battle ② 哇欸噴火龍咧 ③ 我的豆花30塊 ④ 八嘎NoNo ⑤ 超大雙人床 ⑥ 用生命做的英文報告 ⑦ 你要不要吃哈蜜瓜 ⑧ Gㄚ啾 ⑨ 一中卡卡西 ①⓪ 出事了阿北 ①① 欸穿山甲欸 ①② 反作用力大師吳克群 ①③ 雙龍村的大拇指 ①④ 傑哥不要 ①⑤ 太空戰士Hey yayaya ①⑥ 搶頭香阿伯 ①⑦ 腳麻的阿伯",2026年2月13日 星期五 上午10:51,,,1867,30,61,142
chianchihh,https://www.threads.com/@chianchihh/post/DUh9GeLiX11,"直哉抹布
幹有神人 1 / 3",2026年2月9日 星期一 下午4:31,,"Photo by かける on February 09, 2026. May be an image of poster.",34000,113,770,1659,https://www.threads.com/@bigcity_hsinchu/post/DUiUyRhExrp,影印機為什麼可以入場,2026年2月9日 星期一 下午7:58,,,929,,,9
camb_elq,https://www.threads.com/@camb_elq/post/DUfUxe_D0eu,教大家快速摺元寶 1 / 3,2026年2月8日 星期日 下午4:00,,"Photo by 南港陳先生 on February 08, 2026. May be an image of napkin ring and tinfoil.",63000,1297,2126,11000,https://www.threads.com/@bigcity_hsinchu/post/DUhhQU9EyY8,從哪裡開始變元寶的？我眼睛抽一下就折好了…,2026年2月9日 星期一 下午12:28,,,273,,,
zoey__eat,https://www.threads.com/@zoey__eat/post/DUf5TLgkq3O,貢丸就貢丸…在那邊草莓貢丸🍓 新竹人生氣了!!!!!!!! 1 / 2,2026年2月8日 星期日 下午9:19,,,321,49,3,84,https://www.threads.com/@bigcity_hsinchu/post/DUgVRYqk3Wo,我再說一次，你們苗栗人吃的紅糟肉球不要拿來假冒新竹貢丸，我嚴厲斥責！！！,2026年2月9日 星期一 上午1:24,,,170,1,,3
kendrick940222,https://www.threads.com/@kendrick940222/post/DUetlMxky-n,"竹科下班到巨城 不用塞車 不用找停車位 只需要26分鐘喔～
7.2公里 配速3:38 體感1度🥶 1 / 2",2026年2月8日 星期日 上午10:18,,"Photo by 陳 宗 澤 on February 07, 2026. May be an image of stadium. | Photo by 陳 宗 澤 on February 07, 2026. May be an image of radar. | Photo by 陳 宗 澤 on February 07, 2026. May be an image of sportswear. | Photo by 陳 宗 澤 on February 07, 2026. May be an image of thermostat, timer and radar. | Photo by 陳 宗 澤 on February 07, 2026. May be a Twitter screenshot of screen and radar.",20000,250,154,2464,https://www.threads.com/@bigcity_hsinchu/post/DUgJLHkk5Qn,Threads真的是個暢所欲言的地方，任何人都能發文，包括跑車,2026年2月8日 星期日 下午11:38,,,16000,3,34,374
xianhhhy,https://www.threads.com/@xianhhhy/post/DUfXWA1kpr_,新竹冷到財神爺都敲門想進去😭😭 好冷,2026年2月8日 星期日 下午4:23,,,180000,1920,6641,85000,https://www.threads.com/@bigcity_hsinchu/post/DUf1Prvk8Et,這個我可以證實，今天新竹冷到，我騎車去上班小腿差點截肢,2026年2月8日 星期日 下午8:44,,,719,8,,10
agachan3,https://www.threads.com/@agachan3/post/DUeWWBxE3Ps,"九品芝麻官
這串正經的中藥留言串 從一開始歪樓後就回不去了🤣🤣🤣 1 / 3",2026年2月8日 星期日 上午6:55,,"Photo by 詹振嘉 on February 07, 2026. May be a Twitter screenshot. | Photo by 詹振嘉 on February 07, 2026. May be a Twitter screenshot. | Photo by 詹振嘉 on February 07, 2026. May be a Twitter screenshot. | Photo by 詹振嘉 on February 07, 2026. May be a Twitter screenshot. | Photo by 詹振嘉 on February 07, 2026. May be a Twitter screenshot of crossword puzzle. | Photo by 詹振嘉 on February 07, 2026. May be a Twitter screenshot.",32000,1161,1278,15000,https://www.threads.com/@bigcity_hsinchu/post/DUeyb3ME2G-,身為台灣人，能默背台配周星馳劇本是基本,2026年2月8日 星期日 上午11:00,,,1070,2,2,30
gk_gary_,https://www.threads.com/@gk_gary_/post/DUW7M7XkyPP,本日任務：跟三位未成年少女來逛動漫展🤣,2026年2月5日 星期四 上午9:43,,"Photo by Gary Liao 廖光俊 on February 04, 2026. May be a selfie of seatbelt and minivan. | Photo by Gary Liao 廖光俊 on February 04, 2026. May be a selfie of terminal. | Photo by Gary Liao 廖光俊 on February 04, 2026. May be an image of terminal.",65000,507,310,2779,https://www.threads.com/@bigcity_hsinchu/post/DUXIhxlk3QQ,感覺是三位妹妹陪爸爸去動漫展 老爸笑的像賣了十兩的黃金,2026年2月5日 星期四 上午11:39,,,11000,4,,17
haruhi.z_z,https://www.threads.com/@haruhi.z_z/post/DUTnFMjEg6B,我立馬尖叫 新竹哪裡可以躺著曬太陽然後無所事事啊啊啊,2026年2月4日 星期三 上午2:49,,,644,76,44,186,https://www.threads.com/@bigcity_hsinchu/post/DUVO-lfEwE1,我這邊的噴水池給你躺,2026年2月4日 星期三 下午5:57,,,84,,,6
myfavlthing,https://www.threads.com/@myfavlthing/post/DUS5RP5D7sR,"兒子惹我生氣， 在房間裡寫了一長篇悔過書給我， 最後結尾， 直接用錢表示他懺悔的心， 非常乾淨俐落。
但有沒有搞錯， 我這顆受傷的心， 是你用200元就可以表示歉意的嗎？！ 哈哈哈哈哈
#小小年紀當霸總 #11歲",2026年2月3日 星期二 下午8:09,,"Photo by Faye on February 03, 2026.",23000,444,527,4779,https://www.threads.com/@bigcity_hsinchu/post/DUU1luIEzOR,從小就知道家庭和樂的訣竅,2026年2月4日 星期三 下午2:15,,,166,,,4
viregeek,https://www.threads.com/@viregeek/post/DUS0xC1gjqP,如果一個男生一直“頻繁”出去獨旅 說明他過得不太開心 1/2,2026年2月3日 星期二 下午7:29,,,5230,484,206,1219,https://www.threads.com/@bigcity_hsinchu/post/DUUY0FRk95F,如果一個男生”突然”狂發限動 說明他可能正在暈船,2026年2月4日 星期三 上午10:04,,,47,1,,9
tainanxian_food,https://www.threads.com/@tainanxian_food/post/DUSSk2ckXf8,"小瓜妹果汁吧
不敢相信台南有草莓義大利麵🤣 1/2",2026年2月3日 星期二 下午2:31,,"Photo by 台南小白💜 台南美食‧高雄‧嘉義‧出國旅遊 on February 02, 2026. May be an image of noodles, strawberry and spaghetti. | Photo by 台南小白💜 台南美食‧高雄‧嘉義‧出國旅遊 on February 02, 2026. May be an image of strawberry, chopsticks, noodles and spaghetti. | Photo by 台南小白💜 台南美食‧高雄‧嘉義‧出國旅遊 on February 02, 2026. May be an image of sauce, strawberry, noodles and spaghetti. | Photo by 台南小白💜 台南美食‧高雄‧嘉義‧出國旅遊 on February 02, 2026. May be an image of woodwork.",4360,257,175,6369,https://www.threads.com/@bigcity_hsinchu/post/DUS9mDOkwei,我只能說，台灣人對食物的容忍度真的很高,2026年2月3日 星期二 下午8:47,,,67,,,
yuanke950,https://www.threads.com/@yuanke950/post/DUPyLUKALk-,"好消息： 2月只要上14天班 就能領到28天的薪水
大家加油",2026年2月2日 星期一 下午3:09,,,41000,351,594,4821,https://www.threads.com/@bigcity_hsinchu/post/DURtd1Fk--l,謝謝你，我的超人,2026年2月3日 星期二 上午9:06,,,62,,,
oohhpps,https://www.threads.com/@oohhpps/post/DUP_KytAbQT,在五星級飯店工作20年的舅舅說 他們以前切片切絲是拿「花生粒」來練習的 1/2,2026年2月2日 星期一 下午5:03,,"Photo by @oohhpps on February 02, 2026. May be an image of cockroach, spider and ant.",20000,144,153,1404,https://www.threads.com/@bigcity_hsinchu/post/DUQbvF_k0NW,你舅舅是七星刀雷恩嗎,2026年2月2日 星期一 下午9:12,,,248,1,,1
xiangling_yang,https://www.threads.com/@xiangling_yang/post/DUN8tRSEkNh,到底這麼大的陽台 是要幹嘛啦 1/2,2026年2月1日 星期日 下午10:03,,"Photo by 杨香玲 on February 01, 2026. May be an image of outdoors. | Photo by 杨香玲 on February 01, 2026. May be an image of buildings.",6773,560,22,285,https://www.threads.com/@bigcity_hsinchu/post/DUPaa8YE2A_,陽台放什麼我不知道，但可以陽台尾放一座巨城，想來就來,2026年2月2日 星期一 上午11:42,,"Photo by Big City遠東巨城購物中心 on February 01, 2026. May be an image of buildings.",1032,5,1,13
mui_900320,https://www.threads.com/@mui_900320/post/DUNcehtEsJt,"巨城
巨城b1新開飲料店🥤 Cha Trade 茶萃 1/2
Big City遠東巨城購物中心",2026年2月1日 星期日 下午5:21,,"Photo by 陳瑋豪 on February 01, 2026. May be an image of cash machine and signboard.",822,45,2,1157,https://www.threads.com/@bigcity_hsinchu/post/DUOEMKNk2zQ,"到底為什麼1月初都不來喝，最近開始突然一堆人來買，搞得我也買不到
好想念我的梔子春波霸微微🥹",2026年2月1日 星期日 下午11:08,,,143,1,1,10
huang_haoping,https://www.threads.com/@huang_haoping/post/DUc3CDfCf7o,我想擁有完美的一天 希望大家能幫我把這個完美的圓捏起來,2026年2月7日 星期六 下午5:02,,"Photo by 黃昊平 on February 07, 2026. | Photo by 黃昊平 on February 07, 2026.",52000,2957,1606,12000,https://www.threads.com/@bigcity_hsinchu/post/DUdt9htEw5T,我要世界人權組織聯署，除名你的人權,2026年2月8日 星期日 上午1:02,,,238,,,4
xun._0419,https://www.threads.com/@xun._0419/post/DUaoYytj09i,有人跟我一樣吃麥克雞塊會去皮的嗎？ 1 / 2,2026年2月6日 星期五 下午8:15,,"Photo by Xun on February 06, 2026. May be an image of chicken and dumpling.",13000,1419,347,4858,https://www.threads.com/@bigcity_hsinchu/post/DUcWTFDE35w,我已經蒐證準備去聯合國對你提告了,2026年2月7日 星期六 下午12:16,,,691,2,1,5
aether_tw,https://www.threads.com/@aether_tw/post/DUZ-d-PEkMb,請問苗栗國的草莓貢丸可以直接騎進去嗎🍓可以的話我馬上辦護照,2026年2月6日 星期五 下午2:09,@bigcity_hsinchu,,34,1,,1,https://www.threads.com/@bigcity_hsinchu/post/DUaBE2Gk9px,草莓什麼？你再講一次？,2026年2月6日 星期五 下午2:32,,,50,1,,1
imcxfake,https://www.threads.com/@imcxfake/post/DUYHiWYFKW1,最近迷上葬送的芙莉蓮，但我不懂為何￼隆美爾佔這麼大的戲份￼￼？,2026年2月5日 星期四 下午8:50,,,7358,360,437,3452,https://www.threads.com/@bigcity_hsinchu/post/DUZx85RE3bt,畢竟整個北非靠他一個人扛住，閃電戰打的七崩賢猝不及防,2026年2月6日 星期五 下午12:20,,,45,,,
cga_duan,https://www.threads.com/@cga_duan/post/DUZjS-dE-iZ,入帳了，這些都是老婆的 1 / 2,2026年2月6日 星期五 上午10:12,,"Photo by 海巡署人才招募-海巡段段 on February 05, 2026.",48000,2016,361,6314,https://www.threads.com/@bigcity_hsinchu/post/DUZuBITE3Do,請問登記結婚的隊伍是在這裡排隊嗎？,2026年2月6日 星期五 上午11:45,,,2181,7,,10
chen11221,https://www.threads.com/@chen11221/post/DUYDNYxkmOo,"軍人日常
我想聽軍中🪖的花式罵法🥹🙏 聽不到一個髒字
但是污辱性極強那種🔥 我需要鍛鍊我的幽默感",2026年2月5日 星期四 下午8:12,,,37000,2329,2754,19000,https://www.threads.com/@bigcity_hsinchu/post/DUZgnp2E5xv,你各位是菜不是雞排，不要給我把痱子粉當炸粉撒啊！,2026年2月6日 星期五 上午9:48,,,497,5,,13
cyfan1229,https://www.threads.com/@cyfan1229/post/DUXN3iND0wR,不能叫大姐 那就改叫歐巴桑囉,2026年2月5日 星期四 下午12:27,,,62000,840,2511,30000,https://www.threads.com/@bigcity_hsinchu/post/DUYZfGmk9fI,那個「隨便」，有夠像分組報告，整天不來的組員，突然跑來指導大家怎麼做報告，結果Carry整組的同學根本不想理他的樣子,2026年2月5日 星期四 下午11:27,,,353,2,,1
jasminechou168,https://www.threads.com/@jasminechou168/post/DUXHbMfjwwy,"假如你的存款 突然多了 3000 萬
代價是 未來每天只能睡 6 小時
你願意嗎？ （認真問）",2026年2月5日 星期四 上午11:29,,,38000,4360,322,1784,https://www.threads.com/@bigcity_hsinchu/post/DUXkd2Fk7mc,我每天都只睡6小時，但3000萬還沒有匯給我，可以幫我問問甲方是不是忘記匯款了嗎？匯費我出沒關係！,2026年2月5日 星期四 下午3:43,,,443,2,,2
hsinnnnnnnnnnnyuuuuu,https://www.threads.com/@hsinnnnnnnnnnnyuuuuu/post/DUKK2R5E6BZ,昨天熱到走路會流汗 最好笑的是有一個男的說我像IU 不小心回了謝謝你也很像⋯,2026年1月31日 星期六 上午10:49,,"Photo by 寶貝♡ on January 30, 2026. | Photo by 寶貝♡ on January 30, 2026. | Photo by 寶貝♡ on January 30, 2026. | Photo by 寶貝♡ on January 30, 2026. | Photo by 寶貝♡ on January 30, 2026. | Photo by 寶貝♡ on January 30, 2026. | Photo by 寶貝♡ on January 30, 2026. | Photo by 寶貝♡ on January 30, 2026.",150000,2225,2705,24000,https://www.threads.com/@bigcity_hsinchu/post/DUK4jcoE7WC,我要貼給我同事，人家這才叫IU 不要再一天到晚說自己像車銀優了,2026年1月31日 星期六 下午5:29,,,720,,2,21
chriskuo646,https://www.threads.com/@chriskuo646/post/DUKOY-Tj7zl,@bigcity_hsinchu 我比較想問小編 要怎麼不迷路😭,2026年1月31日 星期六 上午11:20,@bigcity_hsinchu,,,1,,,https://www.threads.com/@bigcity_hsinchu/post/DUKW04GE09C,還會迷路代表來不夠多次,2026年1月31日 星期六 下午12:34,,,,,,
lemonspapap,https://www.threads.com/@lemonspapap/post/DUIG06QjJVB,"從小到大，我一直無法理解一句話： 「為什麼你會忘記帶水壺回來？ 別人都不會忘記，為什麼你會忘記？」
可是忘記就是忘記啊。 要是我知道為什麼， 我還會忘記嗎？
以下開放你也一直無法理解的句子",2026年1月30日 星期五 下午3:36,,,52000,2017,3301,6091,https://www.threads.com/@bigcity_hsinchu/post/DUKB4fck6jB,「你老實告訴我，我不打你」 老實說之後就被竹條咻了,2026年1月31日 星期六 上午9:31,,,71,,,
andyhouse888,https://www.threads.com/@andyhouse888/post/DUIF4E8Ea32,現在好像真的是這樣~~~,2026年1月30日 星期五 下午3:27,,"Photo by 小江不動產萬事屋 on January 29, 2026.",44000,1147,341,2140,https://www.threads.com/@bigcity_hsinchu/post/DUKBpFhE125,假有錢人：吃一份8000的牛排 真有錢人：薯條加大泡麵多一顆蛋,2026年1月31日 星期六 上午9:29,,,169,,,1
lyyyyy.la_,https://www.threads.com/@lyyyyy.la_/post/DUItcdBE_Ct,時至今日還是無法找到巨城跟sogo的分界,2026年1月30日 星期五 下午9:13,,,2870,92,93,183,https://www.threads.com/@bigcity_hsinchu/post/DUJHNfXEwtd,分法大概是John,2026年1月31日 星期六 上午12:58,,"Photo by Big City遠東巨城購物中心 on January 30, 2026.",5286,18,41,394
foollha940,https://www.threads.com/@foollha940/post/DUGGNMtE13v,有了這個手套🧤再也不怕切到手指頭了🥹 1 / 2,2026年1月29日 星期四 下午8:52,,"Photo by @foollha940 on January 29, 2026.",9831,683,78,1897,https://www.threads.com/@bigcity_hsinchu/post/DUIMs-gk1y8,原來是保護手套，我還以為保護手指呢,2026年1月30日 星期五 下午4:27,,,363,1,,2
biribaba0923,https://www.threads.com/@biribaba0923/post/DUG57QOk4Gs,"貓咪日常
豆漿~ 現磨的豆漿~",2026年1月30日 星期五 上午4:24,,"Photo by 怕豹君 on January 29, 2026.",90000,375,4526,25000,https://www.threads.com/@bigcity_hsinchu/post/DUHolOik-o6,貓：這家沒我得倒,2026年1月30日 星期五 上午11:11,,,162,,,
liyi2945,https://www.threads.com/@liyi2945/post/DUCWxLJAWx5,"外國朋友驚訝地看著早餐店老闆娘：「她沒有寫下來！我們點了十樣東西，還有特製的不加醬、半熟蛋，她怎麼可能記得住？」
我淡定地喝著大冰奶：「這就是台灣的量子運算。」
果然，餐點全對。
我補充道：「而且她還記得我上禮拜欠她五塊錢。在台灣，永遠不要挑戰早餐店阿姨的記憶體",2026年1月28日 星期三 上午10:00,,,38000,713,420,774,https://www.threads.com/@bigcity_hsinchu/post/DUD44V8kxWc,冷知識： 老闆跟老闆娘大吵特吵的早餐店 一定好吃,2026年1月29日 星期四 上午12:17,,,243,5,,5
angelstay799,https://www.threads.com/@angelstay799/post/DUCqAa7jyEE,"好市多
一種米養百樣人… 會員在地下室自己打破高粱酒… 問我說可以退貨嗎？還沒有打開… 瓶蓋沒有打開沒錯…但是你整罐酒都開了🙄 我真的傻眼🙄 1 / 2",2026年1月28日 星期三 下午12:48,,"Photo by 秋杰 on January 27, 2026.",11000,350,47,908,https://www.threads.com/@bigcity_hsinchu/post/DUDOR4aE3LL,這張圖終於派上用場了,2026年1月28日 星期三 下午6:05,,"Photo by Big City遠東巨城購物中心 on January 28, 2026.",1240,4,2,30
xt.for.taiwan,https://www.threads.com/@xt.for.taiwan/post/DUCCX_-EwYF,快訊⚠️ 耶魯大學宣布——— 家庭年收入低於600萬台幣的學生➡️免繳學費,2026年1月28日 星期三 上午7:01,,"Photo by XT──台灣專屬社群情報站 on January 27, 2026.",9145,139,137,2144,https://www.threads.com/@bigcity_hsinchu/post/DUC24_IkxKK,前提是我要能進到耶魯,2026年1月28日 星期三 下午2:40,,,302,,,5
y.ty.00,https://www.threads.com/@y.ty.00/post/DUBXZtmiMyS,台語諧音笑話...多黑又進化了 1 / 2,2026年1月28日 星期三 上午12:46,,,50000,286,1463,10000,https://www.threads.com/@bigcity_hsinchu/post/DUCz0TFE8BV,8點檔現在已經這樣無情工商了嗎,2026年1月28日 星期三 下午2:13,,,1606,3,,2
cherry54210,https://www.threads.com/@cherry54210/post/DT9weRaCUiy,"第一次蓋樓，需要脆友們幫忙
我是1992年出身的 90年後出身的我們一定有很多銜接著上一個時代，而現在已經消失匿跡的人事物 請大家幫我回想你們的童年
我先來： 1 / 2",2026年1月26日 星期一 下午3:08,,,10000,4731,1508,10000,https://www.threads.com/@bigcity_hsinchu/post/DT_sz6VE7lx,那肯定是新竹風城 翻譯,2026年1月27日 星期二 上午9:14,,"Photo by Big City遠東巨城購物中心 on January 26, 2026.",392,6,2,6
sheronspio,https://www.threads.com/@sheronspio/post/DT90127lDAE,"猜到Alex Honnold 爬完101後去哪裡慶功嗎？ 嗒嗒～全員開心去吃鼎泰豐!! 😋
brettlowell",2026年1月26日 星期一 下午3:46,,,150000,688,1475,4459,https://www.threads.com/@bigcity_hsinchu/post/DT-Td41k1pd,比起爬101，鼎泰豐的小籠包更危險 跟岩漿一樣燙,2026年1月26日 星期一 下午8:14,,,512,2,,2
innzaciikg,https://www.threads.com/@innzaciikg/post/DT8JJfXAWqj,認真問 男生被誇可愛心裡在想什麼,2026年1月26日 星期一 上午12:05,,,30000,613,693,3569,https://www.threads.com/@bigcity_hsinchu/post/DT-TOmzE7fJ,我的保險受益人已經是妳了,2026年1月26日 星期一 下午8:12,,,140,1,,1
i_lovememe520,https://www.threads.com/@i_lovememe520/post/DT7hF_wkzUI,一個看煙火，一個看盡人間煙火,2026年1月25日 星期日 下午6:15,,"Photo by 我愛看迷因 on January 25, 2026.",41000,153,1005,4444,https://www.threads.com/@bigcity_hsinchu/post/DT9jRXWk6js,一個打上花火，一個推進大火,2026年1月26日 星期一 下午1:13,,,263,,,4
kaiting_2002,https://www.threads.com/@kaiting_2002/post/DT7YxsKEwaB,各位脆友 我該怎麼辦？,2026年1月25日 星期日 下午5:02,,"Photo by 卓 on January 25, 2026.",20000,431,674,5620,https://www.threads.com/@bigcity_hsinchu/post/DT9irV-k64y,這錢是要匯給十八銅人順忠醫嗎,2026年1月26日 星期一 下午1:07,,,74,,,2
lifeisround_pap,https://www.threads.com/@lifeisround_pap/post/DT5iTT_FBFr,我也好奇 1 / 2,2026年1月24日 星期六 下午11:47,,"Photo by idontwannabeyouanymore on January 24, 2026.",28000,824,130,263,https://www.threads.com/@bigcity_hsinchu/post/DT7ipikk-V8,在台灣雞排太薄太柴沒味道，是會被判刑的,2026年1月25日 星期日 下午6:29,,,322,1,,1
sandylin__dance,https://www.threads.com/@sandylin__dance/post/DT5bferkWny,"Kpop
這是所謂的要打去巨城打ㄇ～～～😍 #當天很好玩 #甚至回國隔天行李還沒收完就衝巨城 1 / 2",2026年1月24日 星期六 下午10:49,,,3179,29,54,599,https://www.threads.com/@bigcity_hsinchu/post/DT7Ea7tk3pm,完蛋真的輸慘，有夠會跳 我小時候只會跳風雲變色,2026年1月25日 星期日 下午2:05,,,238,2,,1
applepeng1026,https://www.threads.com/@applepeng1026/post/DT6xmH5AXfX,司康不來了，不怕不怕,2026年1月25日 星期日 上午11:20,@bigcity_hsinchu,,,1,,,https://www.threads.com/@bigcity_hsinchu/post/DT60D_gE463,哪壺不提開哪壺,2026年1月25日 星期日 上午11:42,,,1,1,,
keryltsao,https://www.threads.com/@keryltsao/post/DT6s6cujqdK,"Alex Honnold
我到底看了什麼 ！！ 1/2",2026年1月25日 星期日 上午10:39,,,110000,1260,3210,15000,https://www.threads.com/@bigcity_hsinchu/post/DT6z2Wmk-TC,我在觀景台都要趴著才敢看外面 他可以雙腳頂著抹粉？,2026年1月25日 星期日 上午11:40,,,6232,5,2,13
bitw.hsinchu,https://www.threads.com/@bitw.hsinchu/post/DT4xH6Ykx5M,"新竹
還在逛巨城嗎？ 新竹感性，正在流行！",2026年1月24日 星期六 下午4:37,,"Photo by 大風吹🌬️ 吹出新竹好玩的魔法🪄 on January 24, 2026. | Photo by 大風吹🌬️ 吹出新竹好玩的魔法🪄 on January 24, 2026. | Photo by 大風吹🌬️ 吹出新竹好玩的魔法🪄 on January 24, 2026. | Photo by 大風吹🌬️ 吹出新竹好玩的魔法🪄 on January 24, 2026. | Photo by 大風吹🌬️ 吹出新竹好玩的魔法🪄 on January 24, 2026. | Photo by 大風吹🌬️ 吹出新竹好玩的魔法🪄 on January 24, 2026. | Photo by 大風吹🌬️ 吹出新竹好玩的魔法🪄 on January 24, 2026.",1725,16,30,124,https://www.threads.com/@bigcity_hsinchu/post/DT5w1g5ExAM,有一說一拍的是真的好,2026年1月25日 星期日 上午1:54,,,53,1,,1
shawn.cheng.625,https://www.threads.com/@shawn.cheng.625/post/DT4nBoiAS3D,我已經五六年不敢進巨城了🤣,2026年1月24日 星期六 下午3:09,@bigcity_hsinchu我已經五六年不敢進巨城了🤣讚2回覆1轉發分享,,2,1,,,https://www.threads.com/@bigcity_hsinchu/post/DT4sRc4k4EJ,今年為自己勇敢一次好嗎,2026年1月24日 星期六 下午3:55,,,19,1,,
deniselo28,https://www.threads.com/@deniselo28/post/DT391UoE4-J,"新竹
今天新竹發5千 在新竹只夠花5天",2026年1月24日 星期六 上午9:09,,,1851,385,17,60,https://www.threads.com/@bigcity_hsinchu/post/DT4WJN4kwYi,5天太省了吧，在我這大概撐5分鐘,2026年1月24日 星期六 下午12:42,,,1392,13,1,18
wei__12.13,https://www.threads.com/@wei__12.13/post/DT2W3huj80Q,救命 公司尾牙吃饗食天堂 我這四人桌 一個主任 一個課長 一個副總 我該怎麼開口聊天 1/2,2026年1月23日 星期五 下午6:10,,,27000,1842,67,210,https://www.threads.com/@bigcity_hsinchu/post/DT3D0YQE0Sq,"你把這段背熟，保證吃完尾牙 在公司走跳如雲，嘎嘎亂殺
哎呀！還得是主任當年的賞識，才讓我有幸進到這間公司，遇到如管仲般賢明的課長培訓我，但這一切都得讚賞副總的眼光，有如此眺望的商業眼界，我才能與各位長官們同桌品嚐世間珍饈！
今天這一餐，真讓我光宗耀祖，蓬蓽生輝，謠傳後世，子孫稱羨",2026年1月24日 星期六 上午12:42,,,300,6,,1
diwanien,https://www.threads.com/@diwanien/post/DTxU_RDkQmD,好猶豫要不要放一個足球框給他們踢，想想還是放在花園好了，不然整個家被掀了。 1/2,2026年1月21日 星期三 下午7:18,,,17000,609,177,6035,https://www.threads.com/@bigcity_hsinchu/post/DTy5_CnEi89,如果您願意成為我們的VVVVVVVVIP 我願意把前廣場圈起來讓少爺踢球 理所當然的我本人會當龍門,2026年1月22日 星期四 上午9:59,,,7428,32,23,435
beam_.427,https://www.threads.com/@beam_.427/post/DTxc9g8k2_A,這是我目前看過最細思極恐的 1/2,2026年1月21日 星期三 下午8:27,,"Photo by @beam_.427 on January 21, 2026.",50000,1544,1611,13000,https://www.threads.com/@bigcity_hsinchu/post/DTyFJdVkkyM,"小時候過年回阿嬤家，我的房間在四樓，除夕夜阿嬤叫大家下來吃年夜飯
我經過三樓房間看到一個女生背對坐在床邊，我以為是我表姐，但走到樓下的時候，表姐已經在飯桌上了
我想說應該是表姐的同學來家裡，所以就脫口說出「姊姊，你同學不下來吃嗎？」
全家人都傻眼看著我 表姐說「我沒有同學來啊」
二十年了我還是不知道那個女生是誰",2026年1月22日 星期四 上午2:18,,,1435,5,,21
adenosine_03,https://www.threads.com/@adenosine_03/post/DTwsMxMEk_g,"《我的第二個家-巨城》 因為我爸媽都是很忙很忙的工程師 所以國中的寒暑假 他們會在上班前把我丟到巨城的星巴克 （那時候巨城還沒開 只能先去星巴克卡位） 然後每天給我一千五的現金 不夠的話再刷簽帳金融卡 晚上他們下班再去巨城接我
現在大學了 寒暑假回新竹 差在每天在家睡到自然醒 睡醒後一樣去巨城過完一天 晚上一樣叫把拔麻麻來接我😘 不說了 等等收完包包我又要去巨城了😍",2026年1月21日 星期三 下午1:20,,,8071,132,59,1006,https://www.threads.com/@bigcity_hsinchu/post/DTxVvcPk3CE,你爸媽現在也是我爸媽了,2026年1月21日 星期三 下午7:23,,,4543,5,,80
waiting_for_94,https://www.threads.com/@waiting_for_94/post/DTubzaokksB,女朋友煮的粥🥣請你們吃😭 1/2,2026年1月20日 星期二 下午4:19,,"Photo by 艾特 on January 20, 2026.",15000,1773,205,5071,https://www.threads.com/@bigcity_hsinchu/post/DTvdr18k8c9,我是第一次知道，泥火山可以在家做,2026年1月21日 星期三 上午1:54,,,290,3,,3
lauratseng01,https://www.threads.com/@lauratseng01/post/DTurW9EEyKp,"剛看了一個段子
婚禮司儀：新郎是怎麼意識到自己喜歡新娘的呢
新郎：ㄜ我忘了
新娘：？
婚禮司儀：這就是情不知所起，一往而深
新郎：對！
新娘：？ 1 / 2",2026年1月20日 星期二 下午6:35,,,41000,157,440,1771,https://www.threads.com/@bigcity_hsinchu/post/DTvdhULE2jF,司儀活該賺很多錢，拯救了一個家庭,2026年1月21日 星期三 上午1:53,,,275,,,
strangehashbrowns,https://www.threads.com/@strangehashbrowns/post/DTuSx_7k_Yt,當你剛在台北￼￼貸款 1000萬￼買下50平的房子 Be like,2026年1月20日 星期二 下午3:00,,"Photo by 琥珀梗圖 on January 19, 2026.",9854,123,268,2404,https://www.threads.com/@bigcity_hsinchu/post/DTu6tpmE9Er,房價調節師,2026年1月20日 星期二 下午8:49,,,23,,,
beestar830107,https://www.threads.com/@beestar830107/post/DTudkZbkh5E,可以早上7點就開始嗎？,2026年1月20日 星期二 下午4:34,@bigcity_hsinchu,,7,1,,,https://www.threads.com/@bigcity_hsinchu/post/DTuduiTk9Wm,老師需要睡覺,2026年1月20日 星期二 下午4:36,,,19,,,
bethanyyyy,https://www.threads.com/@bethanyyyy/post/DTuWOJICf3D,安親班有年齡限制嗎？🤣🤣🤣,2026年1月20日 星期二 下午3:30,@bigcity_hsinchu,,8,1,,,https://www.threads.com/@bigcity_hsinchu/post/DTuWjwpE8qj,有錢我就開班,2026年1月20日 星期二 下午3:33,,,50,1,,1
sugarloft_4u,https://www.threads.com/@sugarloft_4u/post/DTuQikek_qy,安親班有提供小點心嗎,2026年1月20日 星期二 下午2:40,@bigcity_hsinchu,,22,1,,4,https://www.threads.com/@bigcity_hsinchu/post/DTuR8QXE79O,有，付錢,2026年1月20日 星期二 下午2:53,,,236,1,,12
chenmax0226,https://www.threads.com/@chenmax0226/post/DTr0628kjXM,年收200就是vvvip?我怎還在吃陽春麵,2026年1月19日 星期一 下午4:00,@bigcity_hsinchu,,,1,,,https://www.threads.com/@bigcity_hsinchu/post/DTr4oFZEwdV,我不是專家啊,2026年1月19日 星期一 下午4:33,,,3,,,
a_ying___,https://www.threads.com/@a_ying___/post/DTplItqj2ij,"新竹巨城
每次停停車塔四樓都會看到這台罩住的車 好奇有沒有神人知道這是什麼車 是誰的車
Big City遠東巨城購物中心",2026年1月18日 星期日 下午7:04,,"Photo by 蔡宗穎 on January 18, 2026.",2729,92,5,310,https://www.threads.com/@bigcity_hsinchu/post/DTrBKBBE06K,"我不是專家，但通常會開藍寶堅尼的應該都是滿有錢的人，年收破200的VVVIP
如果不是的話，就證明我開頭說的 我不是專家",2026年1月19日 星期一 上午8:28,,,4614,35,2,49
roxannewoo,https://www.threads.com/@roxannewoo/post/DTpEZlYjzVp,為什麼big city 不用一個接駁車到竹北,2026年1月18日 星期日 下午2:18,,,1502,51,14,42,https://www.threads.com/@bigcity_hsinchu/post/DTpef-zkzT0,那就叫公車不是接駁車了,2026年1月18日 星期日 下午6:06,,,3489,13,2,54
tsai_ingwen,https://www.threads.com/@tsai_ingwen/post/DTpJozLkqXQ,"剛剛有人傳給我今年學測的英文考題，前五題是BCBAD嗎？
英文考完，就考完了，別再想了。明天還有數學B跟社會兩科，考生們加油！我幫你們打氣！",2026年1月18日 星期日 下午3:04,,"Photo by 蔡英文 on January 17, 2026. | Photo by 蔡英文 on January 17, 2026. | Photo by 蔡英文 on January 17, 2026. | Photo by 蔡英文 on January 17, 2026. | Photo by 蔡英文 on January 17, 2026. | Photo by 蔡英文 on January 17, 2026. | Photo by 蔡英文 on January 17, 2026. | Photo by 蔡英文 on January 17, 2026. | Photo by 蔡英文 on January 17, 2026. | Photo by 蔡英文 on January 17, 2026. | Photo by 蔡英文 on January 17, 2026. | Photo by 蔡英文 on January 17, 2026.",110000,1325,3028,11000,https://www.threads.com/@bigcity_hsinchu/post/DTpU6RRE--U,"請問Threads的設計理念是什麼：
❌ 讓世界互相交流的平台 ✅ 台灣人的大型群組",2026年1月18日 星期日 下午4:42,,,857,2,1,7
9.18_yuu,https://www.threads.com/@9.18_yuu/post/DTopqYgj9Og,台中新光讓10個月還有第八💀,2026年1月18日 星期日 上午10:24,@bigcity_hsinchu,,110,1,,2,https://www.threads.com/@bigcity_hsinchu/post/DTop9sJEzNr,這就是王的靈壓,2026年1月18日 星期日 上午10:27,,,25,1,,
wei__a,https://www.threads.com/@wei__a/post/DTn4ITqE7qK,"石二鍋
好市多的嫩煎里肌就是石二鍋的嫩肩牛 買了一台不到300塊的刨肉機直接實現牛肉自由✨ 四年沒刨肉了 手感不減當年 我的前內區長說我回去站K也還是沒問題🤣 1 / 3",2026年1月18日 星期日 上午3:12,,"Photo by Wei on January 17, 2026.",40000,934,739,15000,https://www.threads.com/@bigcity_hsinchu/post/DTokBRHk2X3,真的想買的東西，找不到分潤連結,2026年1月18日 星期日 上午9:35,,,13000,12,20,99
andixxboy,https://www.threads.com/@andixxboy/post/DTnL7k7Ek55,"陳土豆
憑實力滑到原版 但已經回不去了🫠",2026年1月17日 星期六 下午8:46,,,27000,1120,959,19000,https://www.threads.com/@bigcity_hsinchu/post/DTnovOmE68Y,早上我用了靈動X型開會，老闆叫我滾出去，這是正常的嗎,2026年1月18日 星期日 上午12:57,,,1998,9,3,46
marymamamagiclive,https://www.threads.com/@marymamamagiclive/post/DTmUXpFify9,阿嬤煮的，自條她自己留的😄,2026年1月17日 星期六 下午12:40,@bigcity_hsinchu,,298,1,,1,https://www.threads.com/@bigcity_hsinchu/post/DTmVidTk4D_,差點誤會,2026年1月17日 星期六 下午12:50,,,21,,,
marymamamagiclive,https://www.threads.com/@marymamamagiclive/post/DTlL7ZomOxP,媽媽出門在外半夜12點才回家，不可思議看到來自9 歲女兒的貼心紙條……,2026年1月17日 星期六 上午2:07,,"Photo by 瑪麗麻麻 on January 16, 2026.",40000,304,292,1323,https://www.threads.com/@bigcity_hsinchu/post/DTmRqiAk6xo,這一整桌菜，你跟我說9歲？,2026年1月17日 星期六 下午12:16,,,460,1,,3
kch_55555,https://www.threads.com/@kch_55555/post/DTkLSnKEpzJ,你們愛看的霸道總裁是這樣拍的 1 / 3,2026年1月16日 星期五 下午4:42,,,87000,955,3455,40000,https://www.threads.com/@bigcity_hsinchu/post/DTmRiglEzk6,攝影師High的,2026年1月17日 星期六 下午12:15,,,75,,,
beatlemania80820,https://www.threads.com/@beatlemania80820/post/DTkfcxagdNE,講到一半兇手直接出來是怎樣,2026年1月16日 星期五 下午7:39,,,150000,2456,10000,63000,https://www.threads.com/@bigcity_hsinchu/post/DTlAgcgEz3v,里長瞬間出現被掠食的恐懼🤣,2026年1月17日 星期六 上午12:27,,,130,,,1
linjeff_09,https://www.threads.com/@linjeff_09/post/DTjp-BHj-k_,"肯德基蛋撻
聽到肯德基下架原味蛋撻，然後要推出「原味蛋撻—超級酥」的我的反應：",2026年1月16日 星期五 上午11:51,,"Photo by Lin Chun Yuan on January 15, 2026.",29000,391,2386,12000,https://www.threads.com/@bigcity_hsinchu/post/DTj87MlE07x,聽說哈林就是庾澄慶,2026年1月16日 星期五 下午2:36,,,51,1,,1
zheka_0929,https://www.threads.com/@zheka_0929/post/DTh8aVlExw4,27號這我同學 考力學全猜A考到班上第6 只需花一分鐘時間屌打20個人,2026年1月15日 星期四 下午7:54,,"Photo by 折卡 on January 15, 2026.",20000,166,264,2201,https://www.threads.com/@bigcity_hsinchu/post/DTj5jy8E8Kx,4個猜C的變成反派我真的不意外,2026年1月16日 星期五 下午2:07,,"Photo by Big City遠東巨城購物中心 on January 15, 2026.",241,,,
latticelan,https://www.threads.com/@latticelan/post/DTiy0_7k4Jt,面試官， 「你履歷上面寫精通word？ 很好，那你現在上機， 把 word 最後一頁空白頁刪掉。」,2026年1月16日 星期五 上午3:49,,,50000,539,2066,4707,https://www.threads.com/@bigcity_hsinchu/post/DTjtsHok5pp,這題我會！ 把檔案印出來，把空白頁丟回收,2026年1月16日 星期五 下午12:23,,,8233,27,2,65
runoxxo,https://www.threads.com/@runoxxo/post/DTfczbUk9Ma,我不愧是煮溏心蛋的天才 一年沒煮了還是把熟度控制的很好 1 / 2,2026年1月14日 星期三 下午8:41,,,50000,278,1009,1841,https://www.threads.com/@bigcity_hsinchu/post/DTham-ik7po,恭喜你，生存下來了🤝,2026年1月15日 星期四 下午2:58,,,75,,,1
kfctaiwan,https://www.threads.com/@kfctaiwan/post/DTg_VC-D_bc,"肯德基聲明稿
感謝消費者28年來的喜愛， 陪伴大家多年的肯德基經典原味蛋撻即將正式走入歷史。
現有原味蛋撻將於全台門市售完截止。
相關細節將於【2026年1月16日上午11:00】線上說明會中公布。 敬請密切關注KFC FB官方粉絲專頁。
肯德基 敬上",2026年1月15日 星期四 上午11:00,,"Photo by KFC Taiwan_肯德基 on January 14, 2026.",50000,5418,3308,71000,https://www.threads.com/@bigcity_hsinchu/post/DThHLLzE6wZ,"靠這個蛋塔你們能續命二十年ㄟ
如果缺錢可以跟我說啊 我沒錢你可以跟我老闆說啊
何必自砍大動脈呢",2026年1月15日 星期四 下午12:08,,,831,4,3,39
jaclyn_1.8,https://www.threads.com/@jaclyn_1.8/post/DTcbWb8gaH7,中文真的很厲害,2026年1月13日 星期二 下午4:28,,"Photo by 𝘑𝘢𝘤𝘭𝘺𝘯 on January 13, 2026.",73000,255,5456,4796,https://www.threads.com/@bigcity_hsinchu/post/DTeYbYDE-QF,,2026年1月14日 星期三 上午10:41,,"Photo by Big City遠東巨城購物中心 on January 13, 2026.",97,,,1
buy520520buy,https://www.threads.com/@buy520520buy/post/DTcptaWCcE7,像極了在生氣的女友 1 / 2,2026年1月13日 星期二 下午6:34,,"Photo by 陳秉越 on January 13, 2026.",55000,403,1674,17000,https://www.threads.com/@bigcity_hsinchu/post/DTeJxYnkzWS,是不是睡前要你抱她，你說了等一下,2026年1月14日 星期三 上午8:33,,,2724,5,5,237
kace.vibe.007,https://www.threads.com/@kace.vibe.007/post/DTZPNk_lJQy,幼稚園老師教的這招太神。 一個夾鏈袋，一點紙屑 手一握 全班直接放煙火🎉 1 / 2,2026年1月12日 星期一 上午10:45,,"Photo by @kace.vibe.007 on January 11, 2026.",33000,371,1022,4311,https://www.threads.com/@bigcity_hsinchu/post/DTZgBr-Exhu,打掃阿姨：Oh yeah 我謝謝妳欸！,2026年1月12日 星期一 下午1:12,,,4832,3,2,17
stone_1237,https://www.threads.com/@stone_1237/post/DTVPd_mkVw2,觀念正確,2026年1月10日 星期六 下午9:30,,"Photo by stone on January 10, 2026. | Photo by stone on January 10, 2026. | Photo by stone on January 10, 2026.",53000,309,1168,1947,https://www.threads.com/@bigcity_hsinchu/post/DTZMJTSE0PT,"刀子嘴 豆腐心 脂肪肝 是這位拉風的亞洲慈父代名詞
他這輩子的幸運就是娶了003 他這輩子的遺憾就是丟了哥哥",2026年1月12日 星期一 上午10:18,,,245,2,,7
chen1.com.tw,https://www.threads.com/@chen1.com.tw/post/DTX1EC-kV5L,關於妹妹分手 （太好笑了 記錄一下 1 / 3,2026年1月11日 星期日 下午9:37,,"Photo by 水果武士 on January 11, 2026. | Photo by 水果武士 on January 11, 2026. | Photo by 水果武士 on January 11, 2026.",78000,376,1800,4964,https://www.threads.com/@bigcity_hsinchu/post/DTZJJp-EyXQ,爸爸的心聲：,2026年1月12日 星期一 上午9:52,,"Photo by Big City遠東巨城購物中心 on January 11, 2026.",5131,2,29,72
ramen_mania1998,https://www.threads.com/@ramen_mania1998/post/DTWg_L6D4fp,めっちゃ走るよねー。 福男には大きな福が訪れるのだろう。 翻譯,2026年1月11日 星期日 上午9:23,,,20000,546,413,956,https://www.threads.com/@bigcity_hsinchu/post/DTW-zJmE_KZ,怎麼能忘了搶頭香阿伯,2026年1月11日 星期日 下午1:43,,"Photo by Big City遠東巨城購物中心 on January 10, 2026.",11000,13,29,62
tre49565,https://www.threads.com/@tre49565/post/DTWpW6xE6I9,"畫畫
最近學了些3D繪畫 尤其是最後一張 花了我快要5個小時才完成 1 / 2",2026年1月11日 星期日 上午10:35,,"Photo by DDDD on January 10, 2026. | Photo by DDDD on January 10, 2026. | Photo by DDDD on January 10, 2026. | Photo by DDDD on January 10, 2026. | Photo by DDDD on January 10, 2026.",110000,745,5061,10000,https://www.threads.com/@bigcity_hsinchu/post/DTW8P0ek_lp,請問4D是可以畫出來的嗎？ 剛剛經過櫃子那張，小拇指會痛是正常的嗎？,2026年1月11日 星期日 下午1:20,,,2031,1,,11
money_trees.99,https://www.threads.com/@money_trees.99/post/DTVwqErkoyb,把三色布丁 拍成鴨血跟半熟蛋= =,2026年1月11日 星期日 上午2:20,,"Photo by tungsten.__.3422 on January 10, 2026.",100000,908,2797,8920,https://www.threads.com/@bigcity_hsinchu/post/DTW8DEeEz1-,第十屆的辣個男人表示：,2026年1月11日 星期日 下午1:19,,"Photo by Big City遠東巨城購物中心 on January 10, 2026.",724,2,5,12
nyyy_ika,https://www.threads.com/@nyyy_ika/post/DTVBVCxEsUQ,今天同時看到下禮拜變8度還有下禮拜回暖到27度的新聞，還有恐怕有颱風的消息 台灣的冬天真的是不要鬧了？？？,2026年1月10日 星期六 下午7:26,,"Photo by 豆漿≽^•༚• ྀི≼ on January 10, 2026. | Photo by 豆漿≽^•༚• ྀི≼ on January 10, 2026.",7754,80,232,3011,https://www.threads.com/@bigcity_hsinchu/post/DTW7sXCk-TY,下禮拜的我：「大將可以不要在我身上單挑嗎？」,2026年1月11日 星期日 下午1:16,,"Photo by Big City遠東巨城購物中心 on January 10, 2026.",103,1,,3
yifanschool,https://www.threads.com/@yifanschool/post/DTSnMUdiecJ,"磁場乾淨的特徵
1. 很多小動物會靠近你（尤其是蝴蝶會在附近飛）
2. 陌生人找你問路
3. 進去一間店消費，那間店的人越來越多
4. 在人多的地方容易疲倦 1 / 2",2026年1月9日 星期五 下午8:59,,,30000,877,589,3698,https://www.threads.com/@bigcity_hsinchu/post/DTUI9iDk9fC,第一點有，但每次阿嬤都說是阿公來了，我有點怕,2026年1月10日 星期六 上午11:14,,,101,1,,3
stgo9058,https://www.threads.com/@stgo9058/post/DTSgJmTknPD,老師是不是叫請假王,2026年1月9日 星期五 下午7:58,,"Photo by 李冠儀 on January 09, 2026.",28000,355,198,1653,https://www.threads.com/@bigcity_hsinchu/post/DTUGdXDk092,我請假25分鐘，同事就開始找我了,2026年1月10日 星期六 上午10:52,,,2757,4,1,26
14.oooooooooooooooooooo.14,https://www.threads.com/@14.oooooooooooooooooooo.14/post/DTPk3MmCcYk,把各個縣市畫成漫畫角色 1 / 2,2026年1月8日 星期四 下午4:41,,"Photo by 陳傳欣 on January 08, 2026. | Photo by 陳傳欣 on January 08, 2026. | Photo by 陳傳欣 on January 08, 2026. | Photo by 陳傳欣 on January 08, 2026. | Photo by 陳傳欣 on January 08, 2026. | Photo by 陳傳欣 on January 08, 2026. | Photo by 陳傳欣 on January 08, 2026. | Photo by 陳傳欣 on January 08, 2026. | Photo by 陳傳欣 on January 08, 2026. | Photo by 陳傳欣 on January 08, 2026. | Photo by 陳傳欣 on January 08, 2026.",68000,1410,7429,22000,https://www.threads.com/@bigcity_hsinchu/post/DTRe7UEkxOS,新竹人能拿貢丸打贏冥血族，然後我們才第九，陳傳欣你夠了喔！,2026年1月9日 星期五 上午10:28,,"Photo by Big City遠東巨城購物中心 on January 08, 2026.",755,6,9,100
6owldoor,https://www.threads.com/@6owldoor/post/DTPl6lCDxB4,最近天氣很冷我知道，所以堂阿門幫大家準備一鍋好吃的😋,2026年1月8日 星期四 下午4:51,,"Photo by 六扇門時尚湯鍋 on January 08, 2026.",961,497,34,397,https://www.threads.com/@bigcity_hsinchu/post/DTPu1BcE08Q,之後都吃三媽，謝囉,2026年1月8日 星期四 下午6:08,,,260,4,,7
keitaandwing,https://www.threads.com/@keitaandwing/post/DTOoBiTE2DO,"雖然知道很多名稱都已經正名，但我還是喜歡用我小時候的叫法。
對我來說，木柵動物園就是木柵動物園、小叮噹就是小叮噹，諸如此類的。",2026年1月8日 星期四 上午7:50,,,16000,1381,147,479,https://www.threads.com/@bigcity_hsinchu/post/DTPC_5Vk2aL,誰叫我風城百貨，我跟誰衝動,2026年1月8日 星期四 上午11:45,,,1301,25,,13
doreen_marketing,https://www.threads.com/@doreen_marketing/post/DTNOcMekS3X,請大家用 乙方 的語氣跟我說話！ 當了多年乙方，想感受當甲方😆 1 / 2,2026年1月7日 星期三 下午6:47,,,5327,570,338,2121,https://www.threads.com/@bigcity_hsinchu/post/DTO2_zDkzAg,"您好：
附件為修改後的設計檔，再請您撥冗審閱，謝謝🙏
［圖卡設計_0108_v15.pdf］",2026年1月8日 星期四 上午10:01,,,336,10,,
dhejkskdjs,https://www.threads.com/@dhejkskdjs/post/DTNbpE6kYFk,男生特殊技能： 已讀亂回。,2026年1月7日 星期三 下午8:42,,"Photo by @dhejkskdjs on January 07, 2026.",14000,59,169,674,https://www.threads.com/@bigcity_hsinchu/post/DTO01_jk1Zo,"［ 今天我心情不好，想去買麵包吃 ］
女生：你怎麼了？為什麼心情不好？ 男生：你想買就買啊，幫我買一個肉鬆！",2026年1月8日 星期四 上午9:42,,,147,,,9
xin_rong_li,https://www.threads.com/@xin_rong_li/post/DTMyHeqESJx,23歲去銀行前要先跟媽媽講電話⋯⋯,2026年1月7日 星期三 下午2:40,,"Photo by @xin_rong_li on January 06, 2026.",37000,247,617,3600,https://www.threads.com/@bigcity_hsinchu/post/DTO0LtxEz44,爸媽的30歲：養小孩、當老闆、開工廠 30歲的我：媽，我的護照在妳那邊嗎！,2026年1月8日 星期四 上午9:36,,,55,,1,2
vegout_036675639,https://www.threads.com/@vegout_036675639/post/DTMfsKdk8ip,版上有新竹的小編嗎???,2026年1月7日 星期三 上午11:58,,,109,160,,3,https://www.threads.com/@bigcity_hsinchu/post/DTNZFVUE3nD,啊我咧？不可能忘記我吧？,2026年1月7日 星期三 下午8:20,,,163,3,,
yinmay.injune,https://www.threads.com/@yinmay.injune/post/DTMUvmoj364,你確定你不是豬五花~,2026年1月7日 星期三 上午10:23,@bigcity_hsinchu,,,1,,,https://www.threads.com/@bigcity_hsinchu/post/DTMalowk1xd,我懷疑你在偷臭,2026年1月7日 星期三 上午11:14,,,,1,,
xcn.1111,https://www.threads.com/@xcn.1111/post/DTINg6ekc5G,學吉他前： -我一定要先彈盧廣仲的歌 學吉他後： -幹你娘這什麼 看都沒看過的音 - -真的要有學吉他的人才懂。 1 / 2,2026年1月5日 星期一 下午8:03,,,55000,252,1121,1236,https://www.threads.com/@bigcity_hsinchu/post/DTKVe2Gk2qZ,廣仲的歌都封閉，彈完食指也截肢了,2026年1月6日 星期二 下午3:51,,,116,1,,1
uuueating,https://www.threads.com/@uuueating/post/DTJqn4Bkge0,"發熱衣
請問uniqlo什麼時候才要出個短版的發熱衣😅",2026年1月6日 星期二 上午9:36,,"Photo by 邦尼吃東西 on January 05, 2026.",12000,217,47,124,https://www.threads.com/@bigcity_hsinchu/post/DTKVXajE6y9,有位偉人說過： 「腹部著涼，是劍士的恥辱」,2026年1月6日 星期二 下午3:50,,"Photo by Big City遠東巨城購物中心 on January 05, 2026.",447,1,,4
hiddenr8,https://www.threads.com/@hiddenr8/post/DTHoBh5lIhj,"台灣感性
人在英國，想說看看這些英國街道到了台灣會長怎樣。 結果就有了以下這些街景...
Newcastle upon Tyne",2026年1月5日 星期一 下午2:35,,"Photo by Gulele Salingusan Cpc R. on January 04, 2026. | Photo by Gulele Salingusan Cpc R. on January 04, 2026. | Photo by Gulele Salingusan Cpc R. on January 04, 2026. | Photo by Gulele Salingusan Cpc R. on January 04, 2026.",75000,2195,2572,10000,https://www.threads.com/@bigcity_hsinchu/post/DTJ6C0qE-UN,還好只是街景，如果英國食物也跟著過來，我真的會瘋,2026年1月6日 星期二 上午11:51,,,99,1,,
90__1027,https://www.threads.com/@90__1027/post/DTIm7sBD6Fv,"餐飲業人生
我一定要蓋個餐飲最大出包樓以撫平我今天的心靈 1 / 2",2026年1月5日 星期一 下午11:45,,"Photo by 趙 on January 05, 2026.",57000,2952,1975,12000,https://www.threads.com/@bigcity_hsinchu/post/DTJtbNwk-kZ,我同事大學去洗碗，沒有習慣把菜渣先倒去垃圾桶，結果半夜截油槽直接爆掉，隔天進店都是臭油味，搞到整家店停業一天大清,2026年1月6日 星期二 上午10:01,,,57,,,1
chen_8q,https://www.threads.com/@chen_8q/post/DTH5IuLki2g,朋友說喝酒不好 改喝這個⋯ 1 / 2,2026年1月5日 星期一 下午5:05,,"Photo by 陳怡 on January 05, 2026.",45000,812,1785,15000,https://www.threads.com/@bigcity_hsinchu/post/DTIh2vjEwdS,我就在留言區等你的養樂多瀑布,2026年1月5日 星期一 下午11:00,,,93,1,1,1
magic_in_me0727,https://www.threads.com/@magic_in_me0727/post/DTFSSgVkZVr,"今天出門前 我媽：你都沒吃東西就出門不行 （匆匆塞一個早餐塑膠袋給我）
好 是一隻生透抽。 1 / 2",2026年1月4日 星期日 下午4:47,,"Photo by ⠀☁采子⠀Cai Zi⠀⠀⠀⠀⠀⠀ on January 04, 2026.",28000,418,308,1399,https://www.threads.com/@bigcity_hsinchu/post/DTHn0CIk4h7,這個媽媽，魷點意思,2026年1月5日 星期一 下午2:33,,,89,,,2
yukiselune,https://www.threads.com/@yukiselune/post/DTFebaWCZzU,"奉勸各位做布朗尼的時候不要材料用黑巧克力，可可粉用黑巧克力，如果真的用了，起碼加一點堅果…… 不然你就會得到
一盤豬血糕。",2026年1月4日 星期日 下午6:33,,"Photo by 大Y妃 on January 04, 2026. | Photo by 大Y妃 on January 04, 2026.",25000,349,318,1297,https://www.threads.com/@bigcity_hsinchu/post/DTF4Ba2Exgr,這個布朗尼已經可以參與國家級道路工程了,2026年1月4日 星期日 下午10:16,,,523,3,,2
chungsam_8888,https://www.threads.com/@chungsam_8888/post/DTCTwqkjwNE,"披薩🍕
跑來買披薩吃，發現店家分配表很仔細各司其職，但仔細一看⋯ 接單台：A11 、製作台：A11 、烤爐台：A11 外⋯外送員：A11 !? 這編號A11員工 究竟是何方神聖吶！？ 月薪二十萬？",2026年1月3日 星期六 下午1:02,,"Photo by Sam on January 02, 2026. | Photo by Sam on January 02, 2026.",4537,66,27,436,https://www.threads.com/@bigcity_hsinchu/post/DTC58IIk_PM,那是All，就像我同事常常把BIGCITY寫成13IG CITY,2026年1月3日 星期六 下午6:35,,,579,1,1,6
roger0916203191,https://www.threads.com/@roger0916203191/post/DS__Wc8FfSW,上什麼班啊， 連貓都不上班了。,2026年1月2日 星期五 下午3:25,,"Photo by 呂濤 on January 01, 2026.",63000,274,678,2783,https://www.threads.com/@bigcity_hsinchu/post/DTCagSCk1GW,我的貓：蛤？這麼冷你還要上班？好可憐🥹,2026年1月3日 星期六 下午2:01,,"Photo by Big City遠東巨城購物中心 on January 02, 2026.",142,,,1
rainnie,https://www.threads.com/@rainnie/post/DS-vfklE-ho,"睡姿
我女兒的睡姿這樣合理嗎？ 那個手的角度我到底要不要幫她喬回來😅 1 / 2",2026年1月2日 星期五 上午3:47,,"Photo by 楊小雨 on January 01, 2026.",5363,365,46,550,https://www.threads.com/@bigcity_hsinchu/post/DTCIJ8Kk7JJ,她現在可是人類最強士兵，一刀能砍出大結局的那種程度,2026年1月3日 星期六 上午11:20,,"Photo by Big City遠東巨城購物中心 on January 02, 2026.",797,2,3,62
vogt76713,https://www.threads.com/@vogt76713/post/DTAFvO0AZT4,我弟看到應該不會崩潰吧🤔 1 / 2,2026年1月2日 星期五 下午4:21,,"Photo by @vogt76713 on January 02, 2026.",41000,366,602,3869,https://www.threads.com/@bigcity_hsinchu/post/DTCHELykxAM,親眼見證一個反派的誕生,2026年1月3日 星期六 上午11:11,,,10000,1,11,78
cly_steven,https://www.threads.com/@cly_steven/post/DTAyJvHk1S0,當你跳過新手教程時,2026年1月2日 星期五 下午10:49,,,100000,420,5123,18000,https://www.threads.com/@bigcity_hsinchu/post/DTCG8SCk36w,加個配樂氣氛就對了,2026年1月3日 星期六 上午11:10,,,1595,2,16,65
fuy241522,https://www.threads.com/@fuy241522/post/DS-UPybk9CE,珍珠奶茶 但是珍珠是三色豆 1 / 2,2026年1月1日 星期四 下午11:49,,"Photo by Fu_Yu. on January 01, 2026.",56000,4728,3200,60000,https://www.threads.com/@bigcity_hsinchu/post/DS_3igWE7SM,錢太多可以拿去丟，不一定要出攤創業,2026年1月2日 星期五 下午2:17,,,2917,10,3,41
chalaheadchala_77,https://www.threads.com/@chalaheadchala_77/post/DS97OzPgQrl,還被困在台東場出不來😂😂😂,2026年1月1日 星期四 下午8:11,,"Photo by ChaLaHeadChaLa on January 01, 2026.",99000,218,3372,10000,https://www.threads.com/@bigcity_hsinchu/post/DS_hHZfk-is,手比那個YA，是再跟長老證明自己沒喝嗎,2026年1月2日 星期五 上午11:01,,"Photo by Big City遠東巨城購物中心 on January 01, 2026.",6655,5,24,83
yuanfei_v2,https://www.threads.com/@yuanfei_v2/post/DS9Wc-zknxS,"妖壽了，第一次包水餃就挑戰「剝皮辣椒白菜雞肉藍花紫水餃」，沒煮破又沒糊底，簡直太成功了。我要推薦給所有有野心的廚師!!!
元旦的得意之作",2026年1月1日 星期四 下午2:49,,"Photo by 手槍女王袁非 on December 31, 2025. | Photo by 手槍女王袁非 on December 31, 2025. | Photo by 手槍女王袁非 on December 31, 2025. | Photo by 手槍女王袁非 on December 31, 2025. | Photo by 手槍女王袁非 on December 31, 2025. | Photo by 手槍女王袁非 on December 31, 2025.",9872,1032,205,3582,https://www.threads.com/@bigcity_hsinchu/post/DS_dTMZE3cD,可以把水餃變小卷，我也無話可說,2026年1月2日 星期五 上午10:27,,,169,1,,4
joe2tw,https://www.threads.com/@joe2tw/post/DS78LjFgY1F,這人有點強耶 感覺是釀酒專業，下酒菜順便做的人 結果他比賽中自己做的菜，完全合評審的胃口,2026年1月1日 星期四 上午1:40,,"Photo by 阿九 on December 31, 2025.",6737,98,69,274,https://www.threads.com/@bigcity_hsinchu/post/DS_ac8SE3dN,"酒母就是標準的「可以一拳把山打爆但自己根本不知道」的那種天才選手
而且看她的表情是真的不知道自己超強",2026年1月2日 星期五 上午10:03,,,449,2,,5
cecilia.cc.lin,https://www.threads.com/@cecilia.cc.lin/post/DS8vnTrDxec,"巴黎跨年
對於隨性到連羅浮宮都能遭小偷的法國人而言，2026打成2036好像也是正常發揮而已🤣",2026年1月1日 星期四 上午9:12,,,70000,409,1956,22000,https://www.threads.com/@bigcity_hsinchu/post/DS9UleUk2qz,被偷走的那10年,2026年1月1日 星期四 下午2:33,,"Photo by Big City遠東巨城購物中心 on December 31, 2025.",119,,,2
gty._1222,https://www.threads.com/@gty._1222/post/DS7xYWsjyAM,POV：新竹人 必須吞貢丸吧 @151._.0709 1 / 2,2026年1月1日 星期四 上午12:07,,,15000,283,987,9587,https://www.threads.com/@bigcity_hsinchu/post/DS8_Znxk5Tz,這就是為什麼男生平均壽命比較短的原因,2026年1月1日 星期四 上午11:28,,,941,2,,45
allie_0930,https://www.threads.com/@allie_0930/post/DS7zlZQk2np,為了嗨賴看到倒數計時 結果快笑死 到底是誰提議播烏龍派出所的音樂 我以為雲林煙火要完蛋了 1 / 2,2026年1月1日 星期四 上午12:26,,,140000,2213,10000,66000,https://www.threads.com/@bigcity_hsinchu/post/DS7735UEwYB,我也要去跟老闆爭取，明年達標歌放這首,2026年1月1日 星期四 上午1:38,,,1990,13,3,29
nei.nei_ladys,https://www.threads.com/@nei.nei_ladys/post/DS6367ZjwQ5,原本要煮來吃結果不小心養了兩個禮拜 看他頭好壯壯 有沒有脆上的大神知道螃蟹這是在幹嘛？ 我怕他身體不舒服,2025年12月31日 星期三 下午3:45,,,36000,885,328,2511,https://www.threads.com/@bigcity_hsinchu/post/DS7y3wRE7Px,剛剛我的寵物溝通師說，牠想要泡個溫泉，如果可以加點酒精跟蔥段去寒，他會更開心,2026年1月1日 星期四 上午12:19,,,1651,6,,12
sxcar_racing,https://www.threads.com/@sxcar_racing/post/DS468HFkR3Y,老闆真的有夠誇張！說要帶大家去冰島跨年！ 原本以為他只是說說...然後就真的出發了...🤣🤣🤣 1 / 2,2025年12月30日 星期二 下午9:32,,"Photo by 聖翔車業 千里馬動力進級館 on December 30, 2025. | Photo by 聖翔車業 千里馬動力進級館 on December 30, 2025. | Photo by 聖翔車業 千里馬動力進級館 on December 30, 2025. | Photo by 聖翔車業 千里馬動力進級館 on December 30, 2025.",31000,358,130,1209,https://www.threads.com/@bigcity_hsinchu/post/DS637A6kz_4,老闆我也想去，我可以坐行李艙沒關係,2025年12月31日 星期三 下午3:44,,,545,1,,
_1xxy14,https://www.threads.com/@_1xxy14/post/DS4zeT5j_aW,"我有一個很大的問題 就是.. 為什麼小提琴可以放在脖子那邊拉,但大提琴不行？🌚",2025年12月30日 星期二 下午8:27,,,5621,197,47,298,https://www.threads.com/@bigcity_hsinchu/post/DS61TX0k2za,我不准吟遊詩人去點力量欸,2025年12月31日 星期三 下午3:21,,,32,,,
z.l.c._.08,https://www.threads.com/@z.l.c._.08/post/DS537G5k8fh,其實現在還有機會 - 早上認識 中午曖昧 下午在一起 晚上跨年,2025年12月31日 星期三 上午6:25,,,50000,394,2085,11000,https://www.threads.com/@bigcity_hsinchu/post/DS61MaGk02_,現在下午3:20，還沒在一起的就別掙扎了,2025年12月31日 星期三 下午3:20,,,109,1,1,1
livia__tsai,https://www.threads.com/@livia__tsai/post/DS49Tokkrib,請問明天 那個12顆麝香葡萄 可以壓爛然後36秒內吞掉嗎？ 這樣算嗎？,2025年12月30日 星期二 下午9:52,,,8462,111,15,45,https://www.threads.com/@bigcity_hsinchu/post/DS6u6Y8kxep,那你的桃花也會被壓爛才送過來,2025年12月31日 星期三 下午2:25,,,215,2,,5
mlin00452,https://www.threads.com/@mlin00452/post/DS4e0Efkaz3,我有個疑問 到底什麼樣的人會在明天12/31晚上11:59前睡覺🤔,2025年12月30日 星期二 下午5:26,,,5068,794,64,144,https://www.threads.com/@bigcity_hsinchu/post/DS5GtpdE2jq,過30後超過12點睡都是用陽壽在拼,2025年12月30日 星期二 下午11:15,,,100,,,
dachun1013,https://www.threads.com/@dachun1013/post/DS4vhkVkgy3,"蔡依林 pleasure 世界巡迴演唱會
這條滑出來！轟動全場，嚇爛！ 1 / 2",2025年12月30日 星期二 下午7:55,,,99000,1743,2416,27000,https://www.threads.com/@bigcity_hsinchu/post/DS4_DakEzVF,終於跟蛇簽了通靈契約了嗎,2025年12月30日 星期二 下午10:08,,,200,,,
_zhen.h,https://www.threads.com/@_zhen.h/post/DS2N89yiegW,"暈船
地震再大 也震不翻你暈的船",2025年12月29日 星期一 下午8:20,,,9234,26,887,2108,https://www.threads.com/@bigcity_hsinchu/post/DS4itRDk2Rc,警報再吵，也叫不醒暈船的你,2025年12月30日 星期二 下午6:00,,,30,1,1,1
move1strong,https://www.threads.com/@move1strong/post/DS4MxSJkjpY,"這是回覆已無法顯示的貼文
台中人吃十二塊太陽餅 不可以配水配牛奶",2025年12月30日 星期二 下午2:48,,,7,3,,1,https://www.threads.com/@bigcity_hsinchu/post/DS4OIx4E31f,還沒談到戀愛人就去了,2025年12月30日 星期二 下午3:00,,,5,1,,
gawii_xu,https://www.threads.com/@gawii_xu/post/DS12_I3E_C7,超扯 我爸剛拿族譜給我看 盧廣仲跟我竟然不是親戚？,2025年12月29日 星期一 下午5:00,,,11000,78,168,113,https://www.threads.com/@bigcity_hsinchu/post/DS3qHvhE6Cr,看你的文我馬上去翻族譜，發現車銀優也不是我哥哥,2025年12月30日 星期二 上午9:46,,,541,3,,3
733_uranium,https://www.threads.com/@733_uranium/post/DS1-yxGkdTb,"「靠，是誰闖進我的果園把樹上的水果扯掉？」 「哈哈哈～是我扯的！」
我扯的 我扯的 orchard (n.)果園
733鈾腦學英文你學廢了嗎",2025年12月29日 星期一 下午6:08,,,19000,47,376,522,https://www.threads.com/@bigcity_hsinchu/post/DS2uEo5k-QM,知識用一種卑鄙的方式進入大腦了,2025年12月30日 星期二 上午1:01,,,32,,,
liveistalking,https://www.threads.com/@liveistalking/post/DS2BpALEhPE,我想爆爆米花 媽媽不在家 應該沒問題吧🙂‍↔️ 1 / 2,2025年12月29日 星期一 下午6:33,,"Photo by @liveistalking on December 29, 2025.",26000,675,609,7005,https://www.threads.com/@bigcity_hsinchu/post/DS2syGHE8DH,你最好趕快想想，怎麼在6小時內拿到諾貝爾隨便一個獎,2025年12月30日 星期二 上午12:50,,,639,2,,3
yee_der_0302,https://www.threads.com/@yee_der_0302/post/DS1r6d_knNm,玩一手花的,2025年12月29日 星期一 下午3:23,,"Photo by 陳翊德 on December 28, 2025.",32000,88,358,1062,https://www.threads.com/@bigcity_hsinchu/post/DS2HsCQk8MF,翊德開局首殺→ 翊德昏招頻出→ 翊德陷入苦戰→ 翊德垂死掙扎 → 翊德期中崩潰→ 翊德敗局已定→ 翊德發表獲勝感言,2025年12月29日 星期一 下午7:25,,,448,1,,9
hu.bingcheng,https://www.threads.com/@hu.bingcheng/post/DS1AYjBkzrx,預告裡難得可以看到雷射眼全功率輸出,2025年12月29日 星期一 上午9:02,,"Photo by 夏姆羅 on December 28, 2025.",2244,84,24,180,https://www.threads.com/@bigcity_hsinchu/post/DS12WbWE9Hd,這是洗髮精流到眼睛裡面的我,2025年12月29日 星期一 下午4:54,,,68,1,,1
msun_tw2,https://www.threads.com/@msun_tw2/post/DSz3izvkjaE,"板橋奇景
板橋車站西側奇景, 好幾年沒去看現在變得如何. 上次去看好像封住了.",2025年12月28日 星期日 下午10:26,,"Photo by Msun Chang on December 28, 2025. | Photo by Msun Chang on December 28, 2025. | Photo by Msun Chang on December 28, 2025. | Photo by Msun Chang on December 28, 2025. | Photo by Msun Chang on December 28, 2025.",7197,264,138,3371,https://www.threads.com/@bigcity_hsinchu/post/DS1m9AnExas,感覺赤燭可以用這裡再做一個大作了,2025年12月29日 星期一 下午2:39,,,43,1,,2
itsmesanta27,https://www.threads.com/@itsmesanta27/post/DSyQhMPkwIG,地震後收到的第一通電話 . 是最愛你的人,2025年12月28日 星期日 上午7:26,,,4745,254,203,1889,https://www.threads.com/@bigcity_hsinchu/post/DSzzcSNk2Jp,竹科的工程師表示：你要確欸…,2025年12月28日 星期日 下午9:50,,,635,9,2,19
treisordinary,https://www.threads.com/@treisordinary/post/DSzDS8kCas7,"紅標米酒
80幾歲的女人煮麻油雞 下手都是這麼狠的嗎？👀 最後用三瓶 還說應該要再多一瓶",2025年12月28日 星期日 下午2:49,,"Photo by 大阿姨不大文青 on December 27, 2025.",8644,1052,65,532,https://www.threads.com/@bigcity_hsinchu/post/DSzy-7yk3R3,煮雞酒不加全酒，乾脆去711買個香菇雞湯喝就好了,2025年12月28日 星期日 下午9:46,,,413,8,2,3
chanel.boi,https://www.threads.com/@chanel.boi/post/DSwlu-nE6-u,超瞎 我弄超久的小雪人一秒掉地板 不嘻嘻,2025年12月27日 星期六 下午3:53,,,250000,2251,17000,64000,https://www.threads.com/@bigcity_hsinchu/post/DSyrUh8Ez3E,不是，佩萱妳也安慰人家一下 他超可憐欸，都變傷心小狗勾了,2025年12月28日 星期日 上午11:20,,,222,1,,2
chi.xiang.yu,https://www.threads.com/@chi.xiang.yu/post/DSxr-WRkofS,地震再大 也沒有這把台數大 1 / 2,2025年12月28日 星期日 上午2:06,,"Photo by 池｜精品選物 演唱會代購 好妍備份 on December 27, 2025. | Photo by 池｜精品選物 演唱會代購 好妍備份 on December 27, 2025.",40000,255,2154,25000,https://www.threads.com/@bigcity_hsinchu/post/DSyoFJlE5sg,媽媽看起來至少連七拉七 拼個自摸明天就能退休 是我也護,2025年12月28日 星期日 上午10:52,,,549,,1,6
platonfat,https://www.threads.com/@platonfat/post/DSw1q9VkgsI,剛吞口水有點痛痛的 Google完發現是口咽癌 完了 我才26歲欸… 好想哭 1 / 2,2025年12月27日 星期六 下午6:12,,,42000,609,368,1462,https://www.threads.com/@bigcity_hsinchu/post/DSxNU_uE62j,上次後腦勺毛囊炎，Google說我「腦癌」,2025年12月27日 星期六 下午9:39,,,548,4,1,11
y.ty.00,https://www.threads.com/@y.ty.00/post/DSw3l8TASip,媽，沒朋友罪不至此，真的,2025年12月27日 星期六 下午6:29,,"Photo by 木易羊 on December 27, 2025.",21000,95,279,716,https://www.threads.com/@bigcity_hsinchu/post/DSxIdf2Ezu1,"那你回媽媽
「講得好像妳有人約，要不要一起跨，敢不敢？」",2025年12月27日 星期六 下午8:56,,,1461,5,,6
bluebutterfly.90,https://www.threads.com/@bluebutterfly.90/post/DStznUcEqQa,我不行了，越看越想全部買下來 1 / 2,2025年12月26日 星期五 下午1:56,,"Photo by @bluebutterfly.90 on December 25, 2025. | Photo by @bluebutterfly.90 on December 25, 2025.",15000,155,606,14000,https://www.threads.com/@bigcity_hsinchu/post/DSwDRqNEyM7,我同事跟那隻呆呆獸長的一模一樣,2025年12月27日 星期六 上午10:51,,,68,3,,5
rayshinlife,https://www.threads.com/@rayshinlife/post/DSufP2wj-LM,這是我種植的大頭菜，已經可以陸續採收了。,2025年12月26日 星期五 下午8:17,,"Photo by 瑞星的一畝田 on December 26, 2025.",59000,491,720,665,https://www.threads.com/@bigcity_hsinchu/post/DSwDLsUk9dL,瑞星真的是脆的清流，好喜翻🥰,2025年12月27日 星期六 上午10:51,,,266,,,
a.yu.wan,https://www.threads.com/@a.yu.wan/post/DSpI5SOkd2e,在家裡角落發現，老爸連pick也很客家！,2025年12月24日 星期三 下午6:26,,"Photo by 阿魚丸 on December 24, 2025.",22000,165,901,3974,https://www.threads.com/@bigcity_hsinchu/post/DSwC4pGE1t5,弦換一下吧，不然晴天前奏還沒彈完，手指就要截肢了,2025年12月27日 星期六 上午10:48,,,23,,,
ray_02.17,https://www.threads.com/@ray_02.17/post/DSsCYMrAVqx,跟女友一起看黑白大廚 我已經叫他謝孟恭 不是叫他料理怪物了,2025年12月25日 星期四 下午9:27,,"Photo by Ray Peng on December 25, 2025. | Photo by Ray Peng on December 25, 2025.",2848,72,16,816,https://www.threads.com/@bigcity_hsinchu/post/DStefIoE2mr,老恭：欸不是有鬍子的都是我欸,2025年12月26日 星期五 上午10:52,,,17,1,,
__yun.o7,https://www.threads.com/@__yun.o7/post/DSsqo4Fk7Gd,根本超猛演的時候還可以拍成這樣很好笑幹,2025年12月26日 星期五 上午3:18,,"Photo by 佑佑 on December 25, 2025.",90000,687,4712,14000,https://www.threads.com/@bigcity_hsinchu/post/DStcEVTkwcm,那個煙球我給滿分,2025年12月26日 星期五 上午10:30,,,624,1,,3
wooyo.tw,https://www.threads.com/@wooyo.tw/post/DSrK9-Mk44Y,"新竹
如何證明你是新竹人。",2025年12月25日 星期四 下午1:22,,"Photo by 無酉 on December 24, 2025.",3112,107,81,331,https://www.threads.com/@bigcity_hsinchu/post/DStao_ekySn,2018 我們是不是有什麼誤會 為什麼沒有在約定的聖誕樹下等我,2025年12月26日 星期五 上午10:18,,,1606,9,1,33
boomer.122,https://www.threads.com/@boomer.122/post/DSoaJ3vk8VD,這跟我小時候看的冰雪奇緣不一樣⋯,2025年12月24日 星期三 上午11:37,,"Photo by @boomer.122 on December 23, 2025.",28000,323,764,10000,https://www.threads.com/@bigcity_hsinchu/post/DSq4PMZE582,艾莎是把那頭麋鹿吃了是嗎,2025年12月25日 星期四 上午10:39,,,213,,,14
topac_english,https://www.threads.com/@topac_english/post/DSo_rJGDXXe,你能答對嗎？ 1 / 2,2025年12月24日 星期三 下午5:05,,"Photo by Top Academy｜學測英文單字｜學習歷程模板 on December 24, 2025.",3459,201,67,796,https://www.threads.com/@bigcity_hsinchu/post/DSqquH6k_YG,"Go bigcity 模稜兩可
代表假日朋友問你想去哪裡，你想出門又不想出門的回答",2025年12月25日 星期四 上午8:41,,,20000,81,363,2092
han.orp,https://www.threads.com/@han.orp/post/DSmxdITEvsM,創意超過100 為什麼要資遣有才之人？,2025年12月23日 星期二 下午8:23,@bigcity_hsinchu,,9,1,,,https://www.threads.com/@bigcity_hsinchu/post/DSm1Tl7k13U,因為他說自己是車銀優,2025年12月23日 星期二 下午8:56,,,30,3,,
shoei__0.0,https://www.threads.com/@shoei__0.0/post/DSmDnZMkY2o,"我的高中同學
前陣子得知他生病
走得很痛苦
叫做那個什麼
甲溝炎",2025年12月23日 星期二 下午1:42,,,60000,807,2377,12000,https://www.threads.com/@bigcity_hsinchu/post/DSmreUOk4et,不是哥們，你把你同學寫死了啊,2025年12月23日 星期二 下午7:30,,,937,3,,6
masnehc9,https://www.threads.com/@masnehc9/post/DSjmMlak3Rr,"自己犯賤舉辦了聖誕交換禮物 主題是打開後一秒暴怒，但不能是用過的衛生紙或是廚餘這種真的垃圾 不鼓勵同仁花錢購買，假設真的要花錢，上限200元
現在還沒有想法 我完了 1 / 2",2025年12月22日 星期一 下午2:46,,,12000,987,243,1078,https://www.threads.com/@bigcity_hsinchu/post/DSl-EPBk2P2,我同事給我水蓮花圈，你參考一下,2025年12月23日 星期二 下午12:54,,"Photo by Big City遠東巨城購物中心 on December 22, 2025.",5702,53,15,303
yuuuzaaanaaameee9753,https://www.threads.com/@yuuuzaaanaaameee9753/post/DSh7fjQAfHx,"最近要跟男友（日本人）回台灣旅遊 他之前來台三次，去過台北、新竹、台中跟台南 問他最喜歡的景點是什麼
男友：「新竹巨城的湯姆熊」
？？？？？？？ 1 / 2",2025年12月21日 星期日 下午11:14,,,3940,75,34,239,https://www.threads.com/@bigcity_hsinchu/post/DSjlJ-xExWC,居然是湯姆熊？？？？？ 翻譯,2025年12月22日 星期一 下午2:37,,,256,4,,2
cccwuu,https://www.threads.com/@cccwuu/post/DShk07Vk8tK,"交換禮物
來比拼今年的交換爛禮物 水蓮聖誕花圈🎄 1 / 2",2025年12月21日 星期日 下午7:56,,"Photo by @cccwuu on December 21, 2025.",43000,679,1267,14000,https://www.threads.com/@bigcity_hsinchu/post/DSjRH61E6ek,隔著螢幕都聞到土味了,2025年12月22日 星期一 上午11:42,,,85,1,,
slbbon313,https://www.threads.com/@slbbon313/post/DSfnBWekm_T,好奇最近很紅的那個節奏遊戲 歌詞空耳好像是 「胡麻大腿分數機共」 到底是什麼意思啊,2025年12月21日 星期日 上午1:37,,,5981,64,125,680,https://www.threads.com/@bigcity_hsinchu/post/DShK-9Ok5Gl,完蛋，突然嘴巴不自覺開始 單槓鋼彈鋼彈南港單槓鋼彈,2025年12月21日 星期日 下午4:10,,,86,,,1
weiting3345678,https://www.threads.com/@weiting3345678/post/DSeUO8sk-A5,"牛舌
這位美女抱歉 我真的太愛這段了～ 馬上錄影下來哈哈哈哈哈 我愛牛舌🤩 1/2",2025年12月20日 星期六 下午1:33,,"Photo by 威廷 on December 19, 2025.",77000,530,4013,21000,https://www.threads.com/@bigcity_hsinchu/post/DSgxsj8E6OB,我想看她模仿蘆洲主委的叔叔這一段,2025年12月21日 星期日 下午12:29,,"Photo by Big City遠東巨城購物中心 on December 20, 2025.",68,,,1
astray7986616,https://www.threads.com/@astray7986616/post/DSeQOgDksjz,阿貝你的蘋果沒拿下來,2025年12月20日 星期六 下午12:58,,,8290,238,100,521,https://www.threads.com/@bigcity_hsinchu/post/DSgipblk955,不要質疑秋名山車神,2025年12月21日 星期日 上午10:18,,,93,,,
stgo9058,https://www.threads.com/@stgo9058/post/DSem7ExkgrH,今年聖誕還是在家角色扮演好了 1/2,2025年12月20日 星期六 下午4:17,,"Photo by 李冠儀 on December 20, 2025.",110000,620,4684,23000,https://www.threads.com/@bigcity_hsinchu/post/DSggDY1E12z,這Dress code 不薑就,2025年12月21日 星期日 上午9:55,,,71,,,3
00.go2,https://www.threads.com/@00.go2/post/DSemYovES_p,"算命
算過一個最奇葩的老師給的建議 ：「妳35歲以前生活都比較辛苦，屬於吃苦類型」 . 「那35歲之後就大富大貴了嗎？」 . ：「35歲之後就習慣了」 ？？？",2025年12月20日 星期六 下午4:12,,,21000,111,342,6797,https://www.threads.com/@bigcity_hsinchu/post/DSfpdU8E94q,"之前我的算命老師
：「你的前世是一頭老黃牛」 「所以我這輩子是勞碌命嗎？」 ：「不是，是會滿懶惰的」 ：「因為上輩子忙怕了」
？？？？",2025年12月21日 星期日 上午1:58,,,238,1,,13
misscatbutter,https://www.threads.com/@misscatbutter/post/DScTpFbEmqb,一直都有穿細肩帶背心的習慣 碩班上課時我進門坐在男同學旁邊 ：不好意思，我很熱我可以脫外衣嗎？ ：妳放心，沒人能阻止妳性感 天啊！這位同學好會回話，回得讓人心花怒放,2025年12月19日 星期五 下午6:50,,,33000,276,169,495,https://www.threads.com/@bigcity_hsinchu/post/DSeudh9k356,各位男性請不要亂學 閉嘴點頭不要亂看 就是合格的紳士了,2025年12月20日 星期六 下午5:22,,,195,,,
parker_pedia,https://www.threads.com/@parker_pedia/post/DSbyCIxCeAf,"冷知識
以防你沒看過，熊冬眠幾個月 結束後有點狼狽的樣子 只能說熊的道行還不夠，我七個小時就行 1/2",2025年12月19日 星期五 下午1:56,,,35000,279,1900,14000,https://www.threads.com/@bigcity_hsinchu/post/DScReppk3m8,週年慶連上12天班，休假睡到下午4點的我,2025年12月19日 星期五 下午6:31,,,198,1,,1
yungyungchang,https://www.threads.com/@yungyungchang/post/DSZsGSUD8JB,好東西要跟好朋友分享⋯ 希望脆上的姐妹們會喜歡(⁎⁍̴̛ᴗ⁍̴̛⁎) 1/2,2025年12月18日 星期四 下午6:26,,,16000,584,356,9464,https://www.threads.com/@bigcity_hsinchu/post/DSaYs1Ik28r,你們冷靜一點，拜託…,2025年12月19日 星期五 上午12:55,,,2427,43,1,79
yue_0319,https://www.threads.com/@yue_0319/post/DSNITyeGAwG,當你受傷抹了日本液態OK繃 be like: 1/2,2025年12月13日 星期六 下午9:22,,"Photo by 一月🌙 |  𝐉𝐚𝐧𝐮𝐬 on December 13, 2025.",110000,3001,4763,18000,https://www.threads.com/@bigcity_hsinchu/post/DSYyXGcEyP9,之前割到手，同事也叫我塗這個 我：幹脆送我去截肢好了,2025年12月18日 星期四 上午10:01,,,175,2,,2
zchen05_05,https://www.threads.com/@zchen05_05/post/DSWaIiSE_uu,"英雄聯盟 #LOL
18歲的我打英雄聯盟 會戰裡可以躲十幾個技能
25歲的我打英雄聯盟 會戰打一打開始找我的鼠標在哪裡",2025年12月17日 星期三 上午11:51,,,12000,399,490,4320,https://www.threads.com/@bigcity_hsinchu/post/DSW6O8Uk8xU,"18歲的我打輸了 「沒事，看個OPGG，下一把就贏」
25歲的我打輸了 「對面開了吧」",2025年12月17日 星期三 下午4:31,,,210,1,,6
po.hh734,https://www.threads.com/@po.hh734/post/DSVWs9yk8Xd,"底片
第一次用底片相機 請問我哪裡要加強 1/2",2025年12月17日 星期三 上午2:02,,"Photo by Po.Huang on December 16, 2025. | Photo by Po.Huang on December 16, 2025. | Photo by Po.Huang on December 16, 2025. | Photo by Po.Huang on December 16, 2025. | Photo by Po.Huang on December 16, 2025. | Photo by Po.Huang on December 16, 2025.",21000,895,472,3611,https://www.threads.com/@bigcity_hsinchu/post/DSWl2T4E5fr,鏡頭蓋給我拿下來！,2025年12月17日 星期三 下午1:33,,,300,,,1
muffin.171890,https://www.threads.com/@muffin.171890/post/DSPtR_9kq70,記得台中costco好像也是營業額世界第一還第二，沒想到連丸龜都全球第六😲 台中人hen有錢欸 1/2,2025年12月14日 星期日 下午9:24,,"Photo by @muffin.171890 on December 14, 2025.",7870,214,197,2692,https://www.threads.com/@bigcity_hsinchu/post/DSSXOdck0su,我大推豚骨烏龍+一碗白飯 先吃完麵再把飯泡進去Shot掉 超·級·好·吃,2025年12月15日 星期一 下午10:09,,,86,1,,1
chuang.10100,https://www.threads.com/@chuang.10100/post/DSPBIsokh3b,有點全面，但有個間諜,2025年12月14日 星期日 下午2:58,,"Photo by 莊凱媛 on December 13, 2025.",8049,62,60,55,https://www.threads.com/@bigcity_hsinchu/post/DSRMEtPk-uG,秦始皇如果還活著，肯定叫Google全部合成一個,2025年12月15日 星期一 上午11:12,,,191,1,,2
shiuan_hcl,https://www.threads.com/@shiuan_hcl/post/DSRCcVGASww,期待有人在這裡拍這個,2025年12月15日 星期一 上午9:48,@bigcity_hsinchu期待有人在這裡拍這個讚489回覆2轉發分享8,"Photo by 林瑄 on December 14, 2025.",489,2,,8,https://www.threads.com/@bigcity_hsinchu/post/DSRDBa4k7d6,我不准Fire在這瞎鬧,2025年12月15日 星期一 上午9:53,,,280,,,
lanq2l,https://www.threads.com/@lanq2l/post/DSRCuKCj4kJ,是原本健身房那邊嗎？,2025年12月15日 星期一 上午9:50,@bigcity_hsinchu是原本健身房那邊嗎？讚17回覆2轉發分享,,17,2,,,https://www.threads.com/@bigcity_hsinchu/post/DSRC7Dhkw45,8樓！！！！,2025年12月15日 星期一 上午9:52,,,53,,,
birbirdsyo,https://www.threads.com/@birbirdsyo/post/DSNEQNuE--y,請問我可以在冬至的時候 在店裡賣三色豆豆花 跟三色豆湯圓嗎,2025年12月13日 星期六 下午8:47,,"Photo by 鳥鳥 on December 13, 2025. | Photo by 鳥鳥 on December 13, 2025.",5725,1173,180,3506,https://www.threads.com/@bigcity_hsinchu/post/DSNY2LGkw1h,沒差啊，反正會倒店你的事,2025年12月13日 星期六 下午11:47,,,29000,122,89,868
roxette_ds_yu,https://www.threads.com/@roxette_ds_yu/post/DSJqLKnk0Ud,"親子互動
女兒到了想嘗試電玩的年紀了。我覺得可以玩，但是不能沈迷，所以跟她約法三章：角色每死掉一次，她就要去算一題數學。
我這個要求會很過分嗎？",2025年12月12日 星期五 下午1:01,,"Photo by MR147 Factory on December 11, 2025.",53000,1580,1109,8440,https://www.threads.com/@bigcity_hsinchu/post/DSJ9NYNk3lQ,如果是這款遊戲的話，您女兒 要嘛三個月成為下一位Faker 要嘛三個月內考上台大數學系,2025年12月12日 星期五 下午3:47,,,35000,12,162,778
yan_wen103,https://www.threads.com/@yan_wen103/post/DSF6iJLk7SG,難得今天公司的便當不是飯耶⋯⋯ 也不是麵哦⋯ 更不是水餃⋯,2025年12月11日 星期四 上午2:07,,"Photo by 阿彥 on December 10, 2025.",4558,189,3,56,https://www.threads.com/@bigcity_hsinchu/post/DSHyENwk3mF,平淡的創意卻企圖以華麗的表演來掩飾，公司的廚師應該感到慚愧。 貧乏的想像力和技巧的沉迷，都是廚師的致命傷。這盒便當的確沒有評分的必要­！,2025年12月11日 星期四 下午7:31,,"Photo by Big City遠東巨城購物中心 on December 11, 2025.",65,,,
qxinxuan,https://www.threads.com/@qxinxuan/post/DSEsB0BAXKq,我就不信只有我這樣！ 1 / 2,2025年12月10日 星期三 下午2:41,,"Photo by 邱馨萱 on December 09, 2025.",8759,1905,232,3547,https://www.threads.com/@bigcity_hsinchu/post/DSGx3EvEzho,我傾家蕩產也要讓法官把妳起來羈押,2025年12月11日 星期四 上午10:10,,,12000,40,33,254
azsxdc0938027729,https://www.threads.com/@azsxdc0938027729/post/DSDDcvYD2oJ,"今晚的晚餐🍲 用。蒸的。（黑鮪魚） 超級好吃
三鳳宮",2025年12月9日 星期二 下午11:27,,"Photo by 許世明 on December 09, 2025. | Photo by 許世明 on December 09, 2025.",20000,1253,546,10000,https://www.threads.com/@bigcity_hsinchu/post/DSFkKMkk7Df,你侮辱了這支黑鮪魚的靈魂,2025年12月10日 星期三 下午10:51,,,347,,,
henry830316,https://www.threads.com/@henry830316/post/DSB8Jv0EyAV,朋友家樓下聊著天 忍不住秀幾招，竟然被路人說 你們跑酷好厲害🤣 我問號 ❓ 隨便跳幾下而已餒😳 1 / 2,2025年12月9日 星期二 下午1:05,,,60000,1642,2583,11000,https://www.threads.com/@bigcity_hsinchu/post/DSDBlL8k7ud,Nice Nice 我剛剛學著跳，膝蓋啪啪叫,2025年12月9日 星期二 下午11:11,,,109,1,,5
y_an8.21,https://www.threads.com/@y_an8.21/post/DSA7V-tk8vg,年紀到了就懂章魚哥的厭世了 ：那塊海綿他媽在笑三小,2025年12月9日 星期二 上午3:38,,,20000,61,2340,1115,https://www.threads.com/@bigcity_hsinchu/post/DSCqHEPk4zy,小時候覺得章魚哥是壞人 長大之後開始心疼章魚哥,2025年12月9日 星期二 下午7:46,,,95,1,,1
topcityfe21,https://www.threads.com/@topcityfe21/post/DSCPapFE6rf,今天跟會打人的老闆開檢討 老闆：我看到了 海巡再巡勤一點 百編：……..爛命一條你拿去吧,2025年12月9日 星期二 下午3:52,,"Photo by TopCity台中大遠百 on December 08, 2025.",591,129,,28,https://www.threads.com/@bigcity_hsinchu/post/DSCjHNoE0Vb,需要雙排帶你嗎,2025年12月9日 星期二 下午6:45,,,382,6,,5
interview_tw,https://www.threads.com/@interview_tw/post/DSB907ak4iK,"職場
【五大顧人怨公司福利出爐，員工旅遊奪榜首 ✈️ ❗️】
猜猜看這五項的原因是什麼 🫢 1 / 2",2025年12月9日 星期二 下午1:19,,"Photo by 面試趣｜面試技巧 職涯探索 職場甘苦 求職避雷 on December 08, 2025.",4622,471,133,2872,https://www.threads.com/@bigcity_hsinchu/post/DSCQkk3kx2G,像我們老闆就滿好的，全部都送電子購物金處理掉,2025年12月9日 星期二 下午4:03,,,136,3,,2
tian_yi1688,https://www.threads.com/@tian_yi1688/post/DR_vCPZk0lU,身邊怎麼都喜宴蟑螂❓,2025年12月8日 星期一 下午4:31,,"Photo by 高天弈🕊️ on December 08, 2025.",20000,162,293,6051,https://www.threads.com/@bigcity_hsinchu/post/DSCQVc5E0x3,"可以每桌安排離場員，價目表給你 （一人）
包600簽完禮金簿離場 包1200吃完花好月圓離場 包1800吃完冷盤離場 包2800 吃完翡翠羹離場 包 3600 吃完米糕離場 包 5000 歡迎您隨便吃",2025年12月9日 星期二 下午4:01,,,95,6,,9
bomychen,https://www.threads.com/@bomychen/post/DSAVi4SEswd,鹹酥雞點好了嗎？🤣,2025年12月8日 星期一 下午10:08,@bigcity_hsinchu,,1,1,,,https://www.threads.com/@bigcity_hsinchu/post/DSAZr-NE5Va,已經吃完一半了，我躺著發文,2025年12月8日 星期一 下午10:44,,,18,,,
harley_dwt_,https://www.threads.com/@harley_dwt_/post/DR9rEGXiXLE,"康復日記
嗨嗨大家我是12/1 新竹食品路車禍 被壓在車下那位28歲女子 （雖然這個月才要過生日還算27啦） 我和姊姊努力復原中 當下是剛吃完飯 給姊載 停紅綠燈幾秒後就聽到喇叭聲 就躺地上了 被撞當下聲音其實都聽的一清二楚 睜眼已經在車下 身體和臉朝下 發現左手被車子卡在車底 開始大叫求助後 有感覺抬車超人的力量 開始慢慢拔出手爬到車邊了 但又突然沒力 像喪屍一樣拍一位超人的白鞋 再被2-3位下班醫護人員拖出來 真的太愛大家了💗（好像動物森友會 希望其他傷者也平安好好休息康復！ 姊表示 她被撞飛滾一兩圈再爬起來 身上有擦挫傷 我臉原本🙂>到院😘 > 週三😉 >☺️ > 😀現在 左眼還是血輪眼（阿瑪特拉斯😂？ 一樣有擦挫傷嘴內側縫了幾針 還好牙齒沒掉 謝謝各位抬車超人💗 到新竹台大醫院後麻煩了很多醫護人員 也麻煩了我的家人、同事、夥伴、長官 有感受到了很多的愛、關懷、各種投餵還有娃娃💕 大家也有持續來看我陪陪我講幹話 或是嘗試讓自己超樂觀 講地獄梗什麼的 不然我的身心狀況一定不是很好 12/6出院啦 我和姊姊慢慢努力恢復的！ 我愛大家
*請不要在這檢討任何人*
可惡原本要去巨城買淨淨的😂",2025年12月7日 星期日 下午9:18,,"Photo by Du Wei Ting on December 07, 2025.",1342,120,2,73,https://www.threads.com/@bigcity_hsinchu/post/DR_LoKtk4kF,希望妳能早日康復，加油！,2025年12月8日 星期一 上午11:22,,,170,1,,
jimmy___0708,https://www.threads.com/@jimmy___0708/post/DR_KqUok4pz,是排位吧www,2025年12月8日 星期一 上午11:13,@bigcity_hsinchu,,1,1,,,https://www.threads.com/@bigcity_hsinchu/post/DR_K0b0E8Mk,從大師掉回金牌，是掉牌沒錯,2025年12月8日 星期一 上午11:15,,,11,1,,
dailyview.tw,https://www.threads.com/@dailyview.tw/post/DR_B8ubj9dC,"品牌小編
2025最新！超活網品牌小編排行出爐 沒想到這次榜單全面大洗牌欸～～ 有哪家小編還沒上榜過的？快舉手刷一下存在 1 / 2",2025年12月8日 星期一 上午9:57,,"Photo by 網路溫度計DailyView on December 07, 2025.",6823,1140,241,1924,https://www.threads.com/@bigcity_hsinchu/post/DR_JgRrE7vO,完蛋掉牌位了，要被罵出太陽系了,2025年12月8日 星期一 上午11:03,,,1385,44,,8
chuli_moon,https://www.threads.com/@chuli_moon/post/DR9bDukAWih,大家有自己的交往前小測驗嗎 我是交往前一定要跟對方去吃火鍋 如果對方是一上肉就把肉全部丟下去的類型 我就會打消跟他交往的念頭,2025年12月7日 星期日 下午6:58,,,25000,1117,409,3299,https://www.threads.com/@bigcity_hsinchu/post/DR_Ipujk0LZ,吃火鍋下肉就是要快，水一滾就是對鍋的不尊重,2025年12月8日 星期一 上午10:56,,,49,1,,
0x00x000,https://www.threads.com/@0x00x000/post/DR-K79aAQ-H,男友給我的暱稱 最特別的^^ 形容的很好笑 1 / 3,2025年12月8日 星期一 上午1:56,,"Photo by 凌凌 on December 07, 2025. | Photo by 凌凌 on December 07, 2025. | Photo by 凌凌 on December 07, 2025. | Photo by 凌凌 on December 07, 2025.",17000,601,696,11000,https://www.threads.com/@bigcity_hsinchu/post/DR_EOkSE0o1,我另一半是薩科，動不動就來弄我一下，要罵人的時候又找不到他的人,2025年12月8日 星期一 上午10:17,,,111,4,,12
amyychang_,https://www.threads.com/@amyychang_/post/DR9rRm0kSw7,我：欸日圓的英文簡寫是什麼？ 妹：好像是JYP JYP? 怎麼覺得好像怪怪的 1 / 2,2025年12月7日 星期日 下午9:20,,,26000,168,548,3295,https://www.threads.com/@bigcity_hsinchu/post/DR-5SvuE8w7,小心你的日幣會從的錢包跑出來搶C位,2025年12月8日 星期一 上午8:41,,,486,,2,9
moychen224,https://www.threads.com/@moychen224/post/DR86Idlj1WC,"Pokémon Go 跟皮克敏都是需要玩家走路的遊戲。
真希望出一個沙發馬鈴薯的遊戲APP 玩法就是在各處躺著或不移動超過1個小時以上 馬鈴薯就會發芽長出各種模樣。
我有信心我一定會變成究極馬鈴薯🥔",2025年12月7日 星期日 下午2:10,,,19000,58,1048,2271,https://www.threads.com/@bigcity_hsinchu/post/DR9Xtr5EzWe,我可以讓馬鈴薯從土生變樹生,2025年12月7日 星期日 下午6:29,,,116,1,,1
termcavetw,https://www.threads.com/@termcavetw/post/DR6qMKoD81D,這團顏值太高，我暈船了。 1 / 2,2025年12月6日 星期六 下午5:13,,"Photo by 台灣詞洞 on December 06, 2025. | Photo by 台灣詞洞 on December 06, 2025. | Photo by 台灣詞洞 on December 06, 2025.",23000,228,1394,3391,https://www.threads.com/@bigcity_hsinchu/post/DR9JHl-EwYE,這兩團完全可以迷暈一個30+的成年人,2025年12月7日 星期日 下午4:21,,,211,,,18
kandes_,https://www.threads.com/@kandes_/post/DR45YCPE18e,"集思廣益
路過的人 請留下一雙旅行走兩萬步都不會累的鞋 非常需要參考 感謝🥹🙏🏻 1 / 2",2025年12月6日 星期六 上午12:47,,,11000,1188,1974,8805,https://www.threads.com/@bigcity_hsinchu/post/DR7UBW6E_0p,卡個，經歷週年慶12天 我受夠這雙沒用的死腿和足底筋膜炎了,2025年12月6日 星期六 下午11:18,,,169,3,,6
shaopon,https://www.threads.com/@shaopon/post/DR4odNNAb3W,"宵夜時間
星期五晚上宵夜來個鹽酥雞 也很合理吧～ 1 / 2",2025年12月5日 星期五 下午10:19,,"Photo by shaopon on December 05, 2025.",3103,73,62,978,https://www.threads.com/@bigcity_hsinchu/post/DR6sVDSE8zl,那是蟹味棒嗎，誰會炸蟹味棒吃？ 火星人嗎？,2025年12月6日 星期六 下午5:31,,,90,5,,1
topcityfe21,https://www.threads.com/@topcityfe21/post/DR6F9qiEwlf,哥 你很拜金,2025年12月6日 星期六 上午11:56,@bigcity_hsinchu,,112,2,,3,https://www.threads.com/@bigcity_hsinchu/post/DR6Gr3iEwXT,如果我拆兩單結，是不是好一點,2025年12月6日 星期六 下午12:02,,,73,1,,
_yuuu11_6,https://www.threads.com/@_yuuu11_6/post/DR4wVptE2zB,長頭髮看到這種吹風機真的很絕望⋯ 1 / 2,2025年12月5日 星期五 下午11:28,,"Photo by 季節魚 on December 05, 2025. | Photo by 季節魚 on December 05, 2025.",43000,632,1899,898,https://www.threads.com/@bigcity_hsinchu/post/DR6FMDUk7-6,我上次按到拇指肌腱炎頭髮都還沒乾,2025年12月6日 星期六 上午11:49,,,6065,16,19,123
ibontw,https://www.threads.com/@ibontw/post/DR6DdVggQJm,這個行程我想+1! 週末AAA結束一定要大吃大喝一場~,2025年12月6日 星期六 上午11:34,@bigcity_hsinchu,,15,1,,,https://www.threads.com/@bigcity_hsinchu/post/DR6E1tvk2MI,我的收入只允許我大吃大喝500的鹽酥雞,2025年12月6日 星期六 上午11:46,,,18,1,,
yoyo_sharkyo,https://www.threads.com/@yoyo_sharkyo/post/DR58ubLkrOY,新竹的鹹酥雞才不止50😎,2025年12月6日 星期六 上午10:35,@bigcity_hsinchu,,39,1,,,https://www.threads.com/@bigcity_hsinchu/post/DR58w7vk8SV,我沒錢,2025年12月6日 星期六 上午10:36,,,17,2,,
in.uih,https://www.threads.com/@in.uih/post/DR2B3hZj_M-,誰的笨蛋掉停車場了,2025年12月4日 星期四 下午10:03,,"Photo by 尹 on December 04, 2025. | Photo by 尹 on December 04, 2025.",59000,512,1618,5417,https://www.threads.com/@bigcity_hsinchu/post/DR56b59k_cD,又一個純愛戰士變傷心小狗的故事,2025年12月6日 星期六 上午10:15,,,82,1,,1
hjso1213pp,https://www.threads.com/@hjso1213pp/post/DR1c0H7gepK,"我女友是道士，這件事我到現在還不太敢跟我媽講。
我 27，她 25， 她是正一派的小道士。
沒開玩笑， 是真的那種會被叫去處理無形、 廟裡長輩都會喊她「師姑」的那種。
但她私底下的樣子 跟你想的道士完全不一樣。
昨晚我們路過一間空店面。 我隨口說： 「欸這間感覺可以開間咖啡廳。」
她默默看了一眼： 「你開喔，裡面那位應該會很寂寞，終於有人陪牠。」
我直接整個手把抓緊到不行。 「等一下！裡面 那位 是什麼意思？」
她只說： 「沒事啦，牠沒惡意。只是你開店的話，那台咖啡機可能會自動啟動喔。」
不過說真的，她很專業。
她處理事情的時候完全變一個人： 穩定、沉得住氣、開口就讓人安心。
也是因為她，我才知道， 很多人以為「看得見」、「會通靈」很酷， 但其實那些是會讓人徹夜睡不著的。
她說過一句我記到現在的話：
「我不是因為特別，才看到那些。 我是因為特別能理解那些， 才願意留下來幫忙。」
聽完我就突然覺得 能當她男友好像有點榮幸。
想問大家： 你們想聽 「她第一次帶我去廟裡發生的事」 還是 「我們第一次吵架的原因，其實跟無形有關」
你們想聽哪一個，就先講哪一個。 1 / 2",2025年12月4日 星期四 下午4:39,,,25000,942,343,2993,https://www.threads.com/@bigcity_hsinchu/post/DR38MWNk36r,"你們第一次吵架跟無形的有關
是不是她叫你去買米的路上，你被別的女生勾到了",2025年12月5日 星期五 下午3:52,,,126,5,,2
cpt3524__iris232,https://www.threads.com/@cpt3524__iris232/post/DR3iYLekQxX,關於我大六家有位覺得老鼠很可愛的先鋒 1 / 2,2025年12月5日 星期五 下午12:07,,"Photo by (敦ㄆ勵學)今天還是一如既往的每一天 on December 04, 2025.",36000,205,1496,4283,https://www.threads.com/@bigcity_hsinchu/post/DR37QP-E94h,這老鼠肯定要抓，不然在學校待太久會學太多知識，過沒幾年學歷甚至比我高，我就要失業了,2025年12月5日 星期五 下午3:44,,,1242,2,1,13
mashaodela,https://www.threads.com/@mashaodela/post/DR3O2pgk4pH,"臺灣人道歉方式
非常誠懇的道歉：對不起 意思意思的道歉：拍謝啦 裝裝可愛的道歉：米呀餒 即時需要的道歉：搜哩搜哩搜哩搜哩搜哩搜哩",2025年12月5日 星期五 上午9:16,,,12000,62,387,223,https://www.threads.com/@bigcity_hsinchu/post/DR3vs5_Ew9o,打球的道歉：搜搜搜搜 打LOL的道歉：MB MB MB 隨意的道歉：抱意思 抱意思 跟老公的道歉：寶寶對不起啦 跟老婆的道歉：（認真說自己哪裡做錯了）,2025年12月5日 星期五 下午2:03,,,86,1,,1
lamunk7055,https://www.threads.com/@lamunk7055/post/DR1JYDmk7Wa,"畢業旅行
這是我女兒小學的畢旅，3天2夜還住兩晚的煙波，看了當媽媽的我都想報名了😍😍😍 1 / 2",2025年12月4日 星期四 下午1:50,,"Photo by May Liao on December 03, 2025.",4492,352,17,574,https://www.threads.com/@bigcity_hsinchu/post/DR3TNRQk6EJ,您女兒七進七出新竹，居然還不來巨城，比趙雲還狠啊,2025年12月5日 星期五 上午9:54,,,7177,49,9,137
gpwah123,https://www.threads.com/@gpwah123/post/DRyXK1GAZWv,這麼容易嗎？真是從從容容遊刃有餘。我等下也去試試。,2025年12月3日 星期三 上午11:53,,,11000,448,134,2519,https://www.threads.com/@bigcity_hsinchu/post/DR08Vzgk3XH,我剛剛去試了，請問有人認識脛骨修復師嗎,2025年12月4日 星期四 上午11:56,,,15000,48,3,114
shinganjaco,https://www.threads.com/@shinganjaco/post/DRy9utgki-S,"股癌Gooaye
覺得有機會用上 先做起來放",2025年12月3日 星期三 下午5:30,,,2309,147,167,1332,https://www.threads.com/@bigcity_hsinchu/post/DRzPvWBEzos,那個錢包沒在右上角欸,2025年12月3日 星期三 下午8:07,,,282,5,1,13
avocado.tw,https://www.threads.com/@avocado.tw/post/DRy1e-KE0Xj,那會用XP或是:D嗎,2025年12月3日 星期三 下午4:17,@bigcity_hsinchu,,,1,,,https://www.threads.com/@bigcity_hsinchu/post/DRy6wSOk2yb,你那邊應該是二次世界大戰吧,2025年12月3日 星期三 下午5:03,,,1,1,,
topcityfe21,https://www.threads.com/@topcityfe21/post/DRyfSY2E5UG,"死語？
剛剛百編的40++同事講電話 40++同事：你 叮咚 我一下 全場？？？？？？
叮咚 比 XD 還死語吧",2025年12月3日 星期三 下午1:03,,,2601,344,19,264,https://www.threads.com/@bigcity_hsinchu/post/DRymEUgk5qu,我現在還在用XD跟==,2025年12月3日 星期三 下午2:03,,,241,6,,3
glopennyved,https://www.threads.com/@glopennyved/post/DRwWZ6QEmWk,知道微波爐可以救活冰過冰箱的珍珠後 我覺得我又可以多活50年了 1 / 2,2025年12月2日 星期二 下午5:08,,,39000,1111,1670,10000,https://www.threads.com/@bigcity_hsinchu/post/DRykNzQkxfD,我覺得明年的諾貝爾醫學獎，妳非常有機會得獎,2025年12月3日 星期三 下午1:46,,,7976,2,3,66
yarisdoder,https://www.threads.com/@yarisdoder/post/DRwMO_DjwDZ,今天晚上就來練習看看 1 / 2,2025年12月2日 星期二 下午3:38,,"Photo by @yarisdoder on December 01, 2025.",30000,220,1531,11000,https://www.threads.com/@bigcity_hsinchu/post/DRyge3Uk_Mq,第一個發現可以這樣玩的人，是被關在只有品客的監獄裡嗎,2025年12月3日 星期三 下午1:14,,,268,,,2
ney_sen_,https://www.threads.com/@ney_sen_/post/DRurPkugfFo,"馬關條約
因應馬關條約被強制續約 我自行宣布 第一屆「台灣人的日文名」大賽 正式開始 選手如下： 1 / 2",2025年12月2日 星期二 上午1:31,,,9128,1517,411,2479,https://www.threads.com/@bigcity_hsinchu/post/DRwmW9jExWP,穹道穗宮元,2025年12月2日 星期二 下午7:27,,,49,2,,
tx_chili,https://www.threads.com/@tx_chili/post/DRwJMSKGDVG,"台積電
在熟睡的台積電員工耳邊播放台積電之歌⋯
*一秒驚醒*
圖二：總有一天我們會把她榨乾 圖三：收假的心情誰懂啊 圖四：YT那首歌下面的留言好好笑😍",2025年12月2日 星期二 下午3:12,,"Photo by 蕭天｜Designer | SUP Coach on December 01, 2025. | Photo by 蕭天｜Designer | SUP Coach on December 01, 2025. | Photo by 蕭天｜Designer | SUP Coach on December 01, 2025.",37000,522,884,13000,https://www.threads.com/@bigcity_hsinchu/post/DRwTaCrE4MI,聽到前奏前兩秒 = 出事 聽到前奏前十秒 = 主管要飆了 聽到第一個字 = 要被罵到火星了,2025年12月2日 星期二 下午4:41,,,2987,5,1,13
yuyang._.0223,https://www.threads.com/@yuyang._.0223/post/DRwQNTnkuW4,巨城週年慶Final season 該去上班賺錢，我快窮死了 1 / 2,2025年12月2日 星期二 下午4:14,,,823,20,38,659,https://www.threads.com/@bigcity_hsinchu/post/DRwTGOXkz04,友善提醒：理性刷卡,2025年12月2日 星期二 下午4:38,,,163,,,
yuyang._.0223,https://www.threads.com/@yuyang._.0223/post/DRteOniElph,今天補一個VIP在巨城週年慶的視角 聽說VIP們也是打了一場大戰 （最後庫存片，沒了） 1 / 2,2025年12月1日 星期一 下午2:19,,,3296,73,267,3468,https://www.threads.com/@bigcity_hsinchu/post/DRtfLOfk1RW,不可能有第二集…,2025年12月1日 星期一 下午2:26,,,567,2,1,6
janetzhan,https://www.threads.com/@janetzhan/post/DRr16uQj1He,巨城VIP是當年度20萬嗎？,2025年11月30日 星期日 下午11:06,@bigcity_hsinchu,,,1,,,https://www.threads.com/@bigcity_hsinchu/post/DRr34eCE2pk,10萬,2025年11月30日 星期日 下午11:24,,,6,,,2
chiao_wei0702,https://www.threads.com/@chiao_wei0702/post/DRrmNXCE1n6,"巨城週年慶
週年慶機車停車場直接爆掉 被引導停在室外
逛到一半聽到下雨的消息 心想安全帽肯定濕爆 結果…. 一逛完出來看到安全帽⛑️都被套上塑膠套！！！ 太貼心了吧巨城🥹🥹
不枉費我們這次對週年慶的小小貢獻😆😆 今年已經變成VIP了 歐耶✌🏻",2025年11月30日 星期日 下午8:49,,"Photo by 👧 on November 30, 2025.",4902,56,25,1360,https://www.threads.com/@bigcity_hsinchu/post/DRrvkqxE6iH,我是孝順爸媽的好寶寶,2025年11月30日 星期日 下午10:11,,,1530,11,,59
yuyang._.0223,https://www.threads.com/@yuyang._.0223/post/DRrUspZkmNf,巨城週年慶真的是新竹人的財力宣示大賽 沒有一年搶得過VIP們 1 / 2,2025年11月30日 星期日 下午6:17,,,5522,123,416,4847,https://www.threads.com/@bigcity_hsinchu/post/DRrlZ0lk6EU,? ? ?,2025年11月30日 星期日 下午8:42,,,1263,9,1,47
rtyu1592010,https://www.threads.com/@rtyu1592010/post/DRoZgofErVS,今年快達標V級VIP了，我也算小有貢獻了吧？🤣,2025年11月29日 星期六 下午3:00,@bigcity_hsinchu,,2,1,,,https://www.threads.com/@bigcity_hsinchu/post/DRoazSWk8gy,你入金了快20萬欸，這不小欸,2025年11月29日 星期六 下午3:12,,,4,,,
ruby_ching_,https://www.threads.com/@ruby_ching_/post/DRoFEmFCZ6T,高雄人經過新竹，想說朝聖一下就好，結果失手在三樓Masmarulez的包包👛,2025年11月29日 星期六 下午12:02,@bigcity_hsinchu,,2,1,,1,https://www.threads.com/@bigcity_hsinchu/post/DRoFP9xkyl6,今天達標算你一個,2025年11月29日 星期六 下午12:03,,,7,1,,
_ddbb2,https://www.threads.com/@_ddbb2/post/DRm0srbEoce,同事笑超大聲 我的朋友真的謝謝你們 30幾個回覆只有兩個人關心我 其他剩下的朋友都在限動按愛心😃,2025年11月29日 星期六 上午12:20,@_ddbb2,"Photo by 曉昀 on November 28, 2025. | Photo by 曉昀 on November 28, 2025. | Photo by 曉昀 on November 28, 2025. | Photo by 曉昀 on November 28, 2025.",3896,34,26,188,https://www.threads.com/@bigcity_hsinchu/post/DRoAOY4E3eC,真朋友無誤,2025年11月29日 星期六 上午11:19,,,15,,,
ms.__tina,https://www.threads.com/@ms.__tina/post/DRmkJ4wkqkK,小編我留楓之谷山豬給你騎！,2025年11月28日 星期五 下午9:55,@bigcity_hsinchu,,,1,,,https://www.threads.com/@bigcity_hsinchu/post/DRmv-2bE17F,那我會比較想要拍賣,2025年11月28日 星期五 下午11:38,,,,,,
nancy_guan_,https://www.threads.com/@nancy_guan_/post/DRmVPypEckQ,好想知道今天早上八點在一樓戶外手扶梯前面排隊那群人在排什麼🤔,2025年11月28日 星期五 下午7:45,@bigcity_hsinchu,,1,1,,,https://www.threads.com/@bigcity_hsinchu/post/DRmvfejE9PK,蕾潔吧,2025年11月28日 星期五 下午11:34,,,4,1,,1
6owldoor,https://www.threads.com/@6owldoor/post/DRmdaroj-lL,戰歌響起,2025年11月28日 星期五 下午8:56,@bigcity_hsinchu,,48,1,,,https://www.threads.com/@bigcity_hsinchu/post/DRmeefOk14J,狼魂不滅嗎🤣,2025年11月28日 星期五 下午9:05,,,45,,,3
hangwu7273,https://www.threads.com/@hangwu7273/post/DRlrU18koqk,"原來一白遮三醜是真的 🪳變白好像殺傷力少一半😆
verynormalhobby",2025年11月28日 星期五 下午1:38,,,19000,1178,457,22000,https://www.threads.com/@bigcity_hsinchu/post/DRmEkGtk8Zn,那個觸角就是殺傷力來源，根本沒減少好嗎,2025年11月28日 星期五 下午5:19,,,166,2,,3
sandylin__dance,https://www.threads.com/@sandylin__dance/post/DRlk4K4kVa9,可惡下次要把車趕快騎走 要讓小編運動🏋️,2025年11月28日 星期五 下午12:42,@bigcity_hsinchu,,,1,,,https://www.threads.com/@bigcity_hsinchu/post/DRls6o1k8qn,我寧願胖死，也不要累死,2025年11月28日 星期五 下午1:52,,,1,,,
yuzu.___0101,https://www.threads.com/@yuzu.___0101/post/DRllfNqjyUR,甚麼意思她來嗎😱,2025年11月28日 星期五 下午12:47,@bigcity_hsinchu,,2,1,,1,https://www.threads.com/@bigcity_hsinchu/post/DRlm4NHEz3x,她的鞋到了,2025年11月28日 星期五 下午1:00,,,17,,,1
henry92111,https://www.threads.com/@henry92111/post/DRj59Zjkhh_,被女兒畫畫上色驚艷到.. 我就吃這類風格，第一眼的瞬間好有感覺😳😳 1 / 3,2025年11月27日 星期四 下午9:08,,"Photo by 潘清合 on November 27, 2025. | Photo by 潘清合 on November 27, 2025. | Photo by 潘清合 on November 27, 2025.",120000,1144,2598,4525,https://www.threads.com/@bigcity_hsinchu/post/DRlhFxaE60E,新竹的貓都長這樣，我見過可以保證,2025年11月28日 星期五 下午12:09,,,1964,8,2,37
rickinptcg,https://www.threads.com/@rickinptcg/post/DRlbSjvEo6d,你是不是自己也明白停車位不夠！,2025年11月28日 星期五 上午11:18,@bigcity_hsinchu,,3,1,,,https://www.threads.com/@bigcity_hsinchu/post/DRlb1krEy8M,說什麼呢，是讓出來給你停,2025年11月28日 星期五 上午11:23,,,17,1,,
tsukasa20320,https://www.threads.com/@tsukasa20320/post/DRjlf99CSWY,兔子只把狐狸當超級好朋友，就像帶你去看這部片的女孩一樣,2025年11月27日 星期四 下午6:09,@tsz_ssc._,,72000,534,2786,15000,https://www.threads.com/@bigcity_hsinchu/post/DRlbKEZE0C6,哇噻，貼臉開大欸,2025年11月28日 星期五 上午11:17,,,18,,,
seven7lai,https://www.threads.com/@seven7lai/post/DRkOntwE6Qd,如果去接你上班 可以先進巨城嗎😳,2025年11月28日 星期五 上午12:08,@bigcity_hsinchu,,16,1,,2,https://www.threads.com/@bigcity_hsinchu/post/DRkO4AgE2Yl,太聰明了吧，不行！,2025年11月28日 星期五 上午12:11,,,26,1,,
asdzxc125851,https://www.threads.com/@asdzxc125851/post/DRkHN9fE0-n,9/27?,2025年11月27日 星期四 下午11:04,@bigcity_hsinchu,,,1,,,https://www.threads.com/@bigcity_hsinchu/post/DRkIJoOE3Ab,11/27我胖手指打錯,2025年11月27日 星期四 下午11:12,,,,,,1
hhyyc_88,https://www.threads.com/@hhyyc_88/post/DRjGMh8gVTJ,目前業績戰況如何要達標了嗎😌,2025年11月27日 星期四 下午1:35,@bigcity_hsinchu,,,1,,,https://www.threads.com/@bigcity_hsinchu/post/DRjHJvak4v8,我也不知道，這真的要問老闆,2025年11月27日 星期四 下午1:44,,,3,,,
wan_hua_yu,https://www.threads.com/@wan_hua_yu/post/DRi6ly4E6Ls,9/27？,2025年11月27日 星期四 上午11:54,@bigcity_hsinchu,,,1,,,https://www.threads.com/@bigcity_hsinchu/post/DRi6tuhk4Rg,11/27啦 我大手指按錯了，現在也沒辦法編輯了🥹,2025年11月27日 星期四 上午11:55,,,2,,,
6owldoor,https://www.threads.com/@6owldoor/post/DRir_euD8c8,老哥等我下班到👍,2025年11月27日 星期四 上午9:46,@bigcity_hsinchu,,2,1,,,https://www.threads.com/@bigcity_hsinchu/post/DRisOIjEwCI,還要等下班啊？ 有心的人現在就會帶個藥膳鍋來了,2025年11月27日 星期四 上午9:48,,,11,1,,1
sandylin__dance,https://www.threads.com/@sandylin__dance/post/DRhRLAVEUpl,小編那你搭11號公車去上班🌝,2025年11月26日 星期三 下午8:33,@bigcity_hsinchu,,,1,,,https://www.threads.com/@bigcity_hsinchu/post/DRhS-v8kpDc,會比較好嗎！？,2025年11月26日 星期三 下午8:49,,,3,1,,
zxw.36,https://www.threads.com/@zxw.36/post/DRhM9AQEsk3,好想知道哪裡不能左轉🥲 我也怕上班來不及啊啊啊啊啊啊,2025年11月26日 星期三 下午7:56,@bigcity_hsinchu,,,1,,,https://www.threads.com/@bigcity_hsinchu/post/DRhNSuzkrAQ,大部分都是不能左轉到中央路啦,2025年11月26日 星期三 下午7:59,,,3,1,,
insense_loui,https://www.threads.com/@insense_loui/post/DRhK4P7EePq,小編可以搭公司運鈔車上班😆,2025年11月26日 星期三 下午7:38,@bigcity_hsinchu,,2,1,,,https://www.threads.com/@bigcity_hsinchu/post/DRhMmQhEt4U,我大遲到，會被電到火星,2025年11月26日 星期三 下午7:53,,,13,,,
ripple7886,https://www.threads.com/@ripple7886/post/DRhH-MIkjYZ,請問小編，接駁車可以去哪裡搭？ 因小魯我平常都自行前往，沒搭過巨城運鈔車,2025年11月26日 星期三 下午7:12,@bigcity_hsinchu,,26,1,,2,https://www.threads.com/@bigcity_hsinchu/post/DRhKA7yEpEm,火車站走出來面向廣場右手邊,2025年11月26日 星期三 下午7:30,,,22,1,,2
tomotomotomo_tw,https://www.threads.com/@tomotomotomo_tw/post/DRhJA0xk94X,10 小編不考慮睡公司嗎,2025年11月26日 星期三 下午7:22,@bigcity_hsinchu,,58,1,,,https://www.threads.com/@bigcity_hsinchu/post/DRhJ8atki4F,你是狠人欸,2025年11月26日 星期三 下午7:30,,,45,,,
sixuanyi,https://www.threads.com/@sixuanyi/post/DRe7ooPD0Ly,41塊可以買什麼,2025年11月25日 星期二 下午10:46,@bigcity_hsinchu,,,1,,,https://www.threads.com/@bigcity_hsinchu/post/DRe-hbGkyc7,巧克力波堤，差一塊跟同事借,2025年11月25日 星期二 下午11:11,,,2,1,,
mayloveyami,https://www.threads.com/@mayloveyami/post/DReYeN_kgo5,怎麼呈現負數？,2025年11月25日 星期二 下午5:39,@bigcity_hsinchu,,,1,,,https://www.threads.com/@bigcity_hsinchu/post/DRebfkxkwXJ,我還在上班發文,2025年11月25日 星期二 下午6:05,,,1,,,
insense_loui,https://www.threads.com/@insense_loui/post/DReYBVNET5M,,2025年11月25日 星期二 下午5:35,@bigcity_hsinchu,"Photo by hou on November 25, 2025.",7,1,,,https://www.threads.com/@bigcity_hsinchu/post/DReZENcEy_m,我自貼一張,2025年11月25日 星期二 下午5:44,,,18,1,,
twosdoodle,https://www.threads.com/@twosdoodle/post/DRdXkKmEzIu,反駁型人格的人有夠難聊天😐 1 / 2,2025年11月25日 星期二 上午8:12,,,22000,865,1454,2632,https://www.threads.com/@bigcity_hsinchu/post/DReVvemk1sV,還好吧，我又沒有這樣。,2025年11月25日 星期二 下午5:15,,,103,,,1
karen3324aa,https://www.threads.com/@karen3324aa/post/DReAr0Hk7D0,你喜歡的香菜 我幫你準備好了！,2025年11月25日 星期二 下午2:11,,"Photo by @karen3324aa on November 24, 2025.",40000,865,2352,39000,https://www.threads.com/@bigcity_hsinchu/post/DReSPIck9FM,隔著螢幕我都聞到那個臭味了,2025年11月25日 星期二 下午4:44,,,292,4,,36
hazel.hsieh,https://www.threads.com/@hazel.hsieh/post/DRb8BkfD4Je,桃園人也是巨城金主之一喔🤗,2025年11月24日 星期一 下午6:52,@bigcity_hsinchu,,8,1,,,https://www.threads.com/@bigcity_hsinchu/post/DRb8etFk1OF,乾媽對不起,2025年11月24日 星期一 下午6:56,,,19,,,
teamtrump,https://www.threads.com/@teamtrump/post/DRYKwXOD6Zs,🥶,2025年11月23日 星期日 上午7:44,,"Photo by Team Trump on November 22, 2025.",58000,5220,1535,10000,https://www.threads.com/@bigcity_hsinchu/post/DRbsMk7k9jo,川老哥，這是4月你狙擊我錢包的樣子😢,2025年11月24日 星期一 下午4:34,,,109,1,,11
vorostwins,https://www.threads.com/@vorostwins/post/DRZnNMlERm_,劇透,2025年11月23日 星期日 下午9:12,,"Photo by Chris and Patrick Vörös on November 23, 2025.",48000,2106,3238,13000,https://www.threads.com/@bigcity_hsinchu/post/DRbm4GCE50m,哇，這張圖滿滿的惡意,2025年11月24日 星期一 下午3:47,,,560,1,,6
ashen.d0_0,https://www.threads.com/@ashen.d0_0/post/DRZQ7eekqVf,"冷知識
大家知道「百貨公司一樓基本不會有廁所嗎」
站櫃的時候 一天會被當服務台問30幾次 這都沒關係 可是我們在接客人的時候可以請禮貌不要插話嗎 然後還不說謝謝！ 正專心接客人接到一半 突然有人從背後靠近耳朵說「廁所在哪？」￼ 真的會嚇死啦🥲",2025年11月23日 星期日 下午5:57,,,786,65,9,16,https://www.threads.com/@bigcity_hsinchu/post/DRbmQoxk3mG,我們一樓有兩間廁所,2025年11月24日 星期一 下午3:42,,,384,17,,20
kirali_neon,https://www.threads.com/@kirali_neon/post/DRbVQ6fkf-3,"額 感謝大家這麼熱愛我的水餃
那這是我的咖哩 1 / 2",2025年11月24日 星期一 下午1:13,,"Photo by 煌Kirali on November 23, 2025.",6371,523,300,1214,https://www.threads.com/@bigcity_hsinchu/post/DRbemavE_Qi,不是，你這鍋咖哩是加了核廢料嗎,2025年11月24日 星期一 下午2:35,,,469,3,,5
yuchen_1211,https://www.threads.com/@yuchen_1211/post/DRYWbpnkjVK,⠀⠀ ⠀ ⠀ ⠀ ⠀ 其實最難約的局是早餐局 ⠀ ⠀ ⠀,2025年11月23日 星期日 上午9:26,,,20000,187,1409,2089,https://www.threads.com/@bigcity_hsinchu/post/DRZC47Xk6S_,我跟同事約永豆宵夜，結果他9點才來，我都不知道這餐是宵夜還是早餐了,2025年11月23日 星期日 下午3:54,,,31,,,2
eddie52022,https://www.threads.com/@eddie52022/post/DRUlHiYkn1J,台灣真的很奇怪 掛在機車上的鹽酥雞、安全帽都會被偷 但是鈔票明目張膽的放在這 就是沒人拿走,2025年11月21日 星期五 下午10:17,,"Photo by Eddie on November 21, 2025.",17000,630,131,565,https://www.threads.com/@bigcity_hsinchu/post/DRYwys9kyau,我上禮拜掛在摩托車上準備要丟的垃圾也被偷，超級奇怪,2025年11月23日 星期日 下午1:16,,,124,1,,1
louise.yl.hsu,https://www.threads.com/@louise.yl.hsu/post/DRV78eNkiLl,"TaiwanNo1
影片超酷，一定要分享一下。
——————
2025年世界警消運動會（WPFG）已結束，台灣消防代表隊在其中表現卓越，獲得了史上最佳成績，共拿下35金、28銀、24銅，總計87面獎牌。這項成就展現了台灣消防人員的體能和技術實力。
表現亮點： 在「極限消防員挑戰賽」中，擊敗包括地主美國隊在內的傳統強權，勇奪團體與美國「消防挑戰賽」雙冠軍。
redesegurancadotrabalho",2025年11月22日 星期六 上午10:56,,,45000,701,3466,6143,https://www.threads.com/@bigcity_hsinchu/post/DRYwT43k003,第一幕是豪火滅卻嗎,2025年11月23日 星期日 下午1:12,,,14,,,
shuningye,https://www.threads.com/@shuningye/post/DRWosdQDyNs,"熊本熊
不行了，熊本熊打年糕這段看一次笑一次",2025年11月22日 星期六 下午5:27,,,76000,315,4668,15000,https://www.threads.com/@bigcity_hsinchu/post/DRYmwJAk5oe,有幫，但不多,2025年11月23日 星期日 上午11:48,,,85,1,,1
eedc311,https://www.threads.com/@eedc311/post/DRWFHcCE_RO,"遊戲王卡
我們三個幼稚王 就是為了拍這樣的照片 才來埃及的🤣🤣 有人懂這含金量嗎💧💧
#埃及 #遊戲王卡 1 / 3",2025年11月22日 星期六 下午12:16,,"Photo by @eedc311 on November 21, 2025. | Photo by @eedc311 on November 21, 2025. | Photo by @eedc311 on November 21, 2025.",15000,369,276,1658,https://www.threads.com/@bigcity_hsinchu/post/DRYmEUwk3aM,如果不知道咒語，那張翼神龍等於廢卡，對手如果念出咒語它甚至會背骨,2025年11月23日 星期日 上午11:42,,,94,2,,
chieh_yu_chao,https://www.threads.com/@chieh_yu_chao/post/DRUaGboEiyg,來北京，當一次娘娘穿吉服 1 / 2,2025年11月21日 星期五 下午8:41,,"Photo by 趙婕妤 on November 21, 2025. | Photo by 趙婕妤 on November 21, 2025. | Photo by 趙婕妤 on November 21, 2025. | Photo by 趙婕妤 on November 21, 2025. | Photo by 趙婕妤 on November 21, 2025. | Photo by 趙婕妤 on November 21, 2025. | Photo by 趙婕妤 on November 21, 2025. | Photo by 趙婕妤 on November 21, 2025. | Photo by 趙婕妤 on November 21, 2025. | Photo by 趙婕妤 on November 21, 2025. | Photo by 趙婕妤 on November 21, 2025. | Photo by 趙婕妤 on November 21, 2025. | Photo by 趙婕妤 on November 21, 2025. | Photo by 趙婕妤 on November 21, 2025. | Photo by 趙婕妤 on November 21, 2025. | Photo by 趙婕妤 on November 21, 2025. | Photo by 趙婕妤 on November 21, 2025. | Photo by 趙婕妤 on November 21, 2025. | Photo by 趙婕妤 on November 21, 2025. | Photo by 趙婕妤 on November 21, 2025.",87000,3769,1818,32000,https://www.threads.com/@bigcity_hsinchu/post/DRYl5t0k6R9,看起來就是會一路幫主角鬥到最後的佛爺,2025年11月23日 星期日 上午11:41,,,54,,,
sandylin__dance,https://www.threads.com/@sandylin__dance/post/DRUTyNREdbp,然後會聽到Sweetie CoCoCo 嗎～～🤣,2025年11月21日 星期五 下午7:46,@bigcity_hsinchu,,4,1,,,https://www.threads.com/@bigcity_hsinchu/post/DRUWWjCk1GW,那我會被版權炮🥹,2025年11月21日 星期五 下午8:08,,,2,,,
ripple7886,https://www.threads.com/@ripple7886/post/DRUA2ofkkyg,可以幫忙放一下台積電之歌嗎？ 我想看看大家突然變臉的樣子XD,2025年11月21日 星期五 下午5:00,@bigcity_hsinchu,,181,2,,8,https://www.threads.com/@bigcity_hsinchu/post/DRUGDFoE7ca,你冷靜啦,2025年11月21日 星期五 下午5:46,,,43,,,1
natsumihsieh,https://www.threads.com/@natsumihsieh/post/DRUDeaKj88O,能先把歌放上來讓大家預習一下嗎？週年慶聽到時我絕對會停下來鼓掌,2025年11月21日 星期五 下午5:23,@bigcity_hsinchu,,9,1,,,https://www.threads.com/@bigcity_hsinchu/post/DRUGB3_k_iy,那個我們有簽版權，這裡不能放🥹,2025年11月21日 星期五 下午5:45,,,15,,,
6owldoor,https://www.threads.com/@6owldoor/post/DRT4be3D2JC,"新竹人的錢包又要守不住了
包括我",2025年11月21日 星期五 下午3:47,@bigcity_hsinchu,,93,1,,2,https://www.threads.com/@bigcity_hsinchu/post/DRT4tESkwAE,我這禮拜已經點了5次藥膳鍋，你該來貢獻一點，創造善的循環,2025年11月21日 星期五 下午3:49,,,88,2,,2
sscbaz,https://www.threads.com/@sscbaz/post/DRReMMOkp16,太棒了 有相關資訊嗎,2025年11月20日 星期四 下午5:19,@bigcity_hsinchu,,,1,,,https://www.threads.com/@bigcity_hsinchu/post/DRRefyvkymy,中間那個，12/6可以換,2025年11月20日 星期四 下午5:21,,"Photo by Big City遠東巨城購物中心 on November 20, 2025.",3,1,,2
mayloveyami,https://www.threads.com/@mayloveyami/post/DRQ72DNkpQe,怎麼不是饗饗？,2025年11月20日 星期四 下午12:19,@bigcity_hsinchu,,7,1,,,https://www.threads.com/@bigcity_hsinchu/post/DRReW1Pk6sY,為什麼大家都在喊饗饗，有什麼我沒跟上的話題嗎,2025年11月20日 星期四 下午5:20,,,11,1,,1
ben690510,https://www.threads.com/@ben690510/post/DRROM9YCdFk,許願能進一些日本品牌、Beams、united arrows、JOURNAL STANDARD。,2025年11月20日 星期四 下午2:59,@bigcity_hsinchu,,18,1,,2,https://www.threads.com/@bigcity_hsinchu/post/DRReBnbk0Sy,我們儘量，但也要對方願意，就跟談戀愛一樣,2025年11月20日 星期四 下午5:17,,,67,1,,3
sscbaz,https://www.threads.com/@sscbaz/post/DRRPvUFkuJv,你們有一年週年慶送的藍色方形型泡麵碗 還會回來嗎 超好用🥹🥹,2025年11月20日 星期四 下午3:13,@bigcity_hsinchu,,3,1,,2,https://www.threads.com/@bigcity_hsinchu/post/DRRd8YYkwEE,今年有黃色的泡麵碗，但是圓形的,2025年11月20日 星期四 下午5:17,,,4,1,,
bpon1001,https://www.threads.com/@bpon1001/post/DROoJ81ifdQ,到底什麼是大腸義大利麵… 1 / 2,2025年11月19日 星期三 下午2:48,,"Photo by BPON on November 18, 2025.",2536,136,117,1258,https://www.threads.com/@bigcity_hsinchu/post/DRQ2LnNE4JB,義大利人：,2025年11月20日 星期四 上午11:29,,"Photo by Big City遠東巨城購物中心 on November 19, 2025.",40,,,
my_salmon_life,https://www.threads.com/@my_salmon_life/post/DRMZRHEDm58,"粉絲投稿
天氣凍就特別想食雪條❄️ 1 / 2",2025年11月18日 星期二 下午6:00,,"Photo by 我是三文魚🍣 on November 18, 2025. | Photo by 我是三文魚🍣 on November 18, 2025.",47000,611,1290,10000,https://www.threads.com/@bigcity_hsinchu/post/DRQxs4nk0v4,你這樣搞就不會有諾曼第登陸了 同盟國直接把坦克開到你家巷口,2025年11月20日 星期四 上午10:50,,,20,,,1
totallynotserious05,https://www.threads.com/@totallynotserious05/post/DRMxGotkQSa,當我沒有錢買跑步機的時候⋯⋯😅 1 / 2,2025年11月18日 星期二 下午9:28,,"Photo by @totallynotserious05 on November 18, 2025.",12000,156,281,6851,https://www.threads.com/@bigcity_hsinchu/post/DROt2RKE7K6,強者從不抱怨環境,2025年11月19日 星期三 下午3:38,,,56,,,1
jiang.09,https://www.threads.com/@jiang.09/post/DRKdsmNiYYU,你們覺得這張照片給人家的感覺是平靜還是憂鬱？,2025年11月18日 星期二 上午12:00,,"Photo by 蔣蔣 on November 17, 2025.",91000,1753,1509,3621,https://www.threads.com/@bigcity_hsinchu/post/DROsjK-k7_z,來，眼睛不要眨喔！ 再一張忍一下喔！ 幫我看中間的小房子，再一張喔！ 好了！你的度數有增加一點喔！,2025年11月19日 星期三 下午3:27,,,1814,6,,10
ting_225_,https://www.threads.com/@ting_225_/post/DRJu9A_EkeT,眼睛不用可以捐掉😀,2025年11月17日 星期一 下午5:11,,"Photo by 謝婷 on November 17, 2025.",160000,3156,6484,50000,https://www.threads.com/@bigcity_hsinchu/post/DRMRBJ-E2lS,"某天我在廁所遇到主管
：欸你也來上廁所喔 ：沒有啊，我來喝水的",2025年11月18日 星期二 下午4:47,,,807,2,3,14
abel7496320,https://www.threads.com/@abel7496320/post/DRKbH_Vkp2T,"gumayusi
道歉聲明 我不應該在女朋友旁邊看LoL世界賽，導致女友入坑T1，甚至追的比我還勤，導致她看到Gumayusi轉隊消息後哭的不成人形，我在此跟她道歉，開放各位罪人男友們，以下開放道歉🙇🙇🙇 1 / 2",2025年11月17日 星期一 下午11:37,,"Photo by 簡子騰 on November 17, 2025. | Photo by 簡子騰 on November 17, 2025.",14000,194,308,3629,https://www.threads.com/@bigcity_hsinchu/post/DRMQi5KExT8,小K：下次我的大，不再保護你了😢 姑媽：沒關係，你永遠都是我的愛❤️,2025年11月18日 星期二 下午4:43,,,20,,,2
chu_mi_1021,https://www.threads.com/@chu_mi_1021/post/DRLs0E1j3fN,"校園生活
睡覺睡到手指差點要截肢 同學很機警把我搖醒 1 / 2",2025年11月18日 星期二 上午11:36,,,100000,624,2012,15000,https://www.threads.com/@bigcity_hsinchu/post/DRMQRw_kwzx,綠谷出久,2025年11月18日 星期二 下午4:41,,"Photo by Big City遠東巨城購物中心 on November 18, 2025.",153,,,1
pizzahut.taiwan,https://www.threads.com/@pizzahut.taiwan/post/DRJCIJFkhX2,雖然遺憾，但是祝福 謝謝你 #章魚燒,2025年11月17日 星期一 上午10:40,,"Photo by 必勝客 Pizza Hut Taiwan on November 16, 2025.",35000,2835,2463,25000,https://www.threads.com/@bigcity_hsinchu/post/DRJR94rkqO8,這一刀真的是砍到脊椎骨了,2025年11月17日 星期一 下午12:58,,,401,,,9
paggie_1230,https://www.threads.com/@paggie_1230/post/DRErR3kEQ6g,新竹人真的集合了 翻譯,2025年11月15日 星期六 下午6:03,,"Photo by 佩琦²³ on November 15, 2025. | Photo by 佩琦²³ on November 15, 2025. | Photo by 佩琦²³ on November 15, 2025.",10000,261,267,7009,https://www.threads.com/@bigcity_hsinchu/post/DRE4GmBk178,聖誕樹點燈被妳拍的像媽祖繞境一樣多，好扯,2025年11月15日 星期六 下午7:55,,,910,4,1,30
internet_explorer95816,https://www.threads.com/@internet_explorer95816/post/DRB5TI0kv-H,我是來自2013年的未來人 歡迎提問,2025年11月14日 星期五 下午4:08,,,29000,726,243,427,https://www.threads.com/@bigcity_hsinchu/post/DRCW5u4Ewhs,請問2025年 Chrome有取代你了嗎,2025年11月14日 星期五 下午8:27,,,133,,,
chenchen_powerman,https://www.threads.com/@chenchen_powerman/post/DQ-1jIjk_yK,"統神
在新竹有4個地方最容易找到統神 7天會去5天 1. 竹北大遠百 2. 新竹巨城 3. 新竹大遠百 4. 新竹大潤發（沒說是湳雅店還是忠孝店）",2025年11月13日 星期四 上午11:40,,,3746,201,190,4381,https://www.threads.com/@bigcity_hsinchu/post/DQ_V8pJExf8,希望力量人能促成兄弟二人巨城相遇,2025年11月13日 星期四 下午4:20,,,132,,1,6
nvshao524_______,https://www.threads.com/@nvshao524_______/post/DQ8wg51Ehsn,我好想寫「我一怒之下，就怒了一下」那種句子！ 大家可以找我寫嗎？ 🤣🤣🤣,2025年11月12日 星期三 下午4:15,,,88000,4213,15000,45000,https://www.threads.com/@bigcity_hsinchu/post/DQ9JBPVEyDU,老闆把我氣到奪門而出 主管衝出來把門奪回來,2025年11月12日 星期三 下午7:49,,,4686,11,29,57
lemillion_0905,https://www.threads.com/@lemillion_0905/post/DQ8TVVSk1H0,"去萊爾富買咖啡回來的路上，有一對情侶剛停好機車。 女生摘安全帽手滑掉地上， 男生把安全帽撿起來說： 「將軍的頭盔」
我在風中笑得像智障一樣，幹。 1 / 2",2025年11月12日 星期三 下午12:00,,,40000,390,1753,8334,https://www.threads.com/@bigcity_hsinchu/post/DQ8oLSUkw4x,癡癡想念他 深愛他 是他媽媽,2025年11月12日 星期三 下午3:02,,,370,1,,2
qz_.89,https://www.threads.com/@qz_.89/post/DQ6NxNuAVvQ,"英雄聯盟
我是認真覺得FAKER很煩 因為他每次閉眼請神的時候，我在家都會突然失去意識",2025年11月11日 星期二 下午4:33,,,18000,104,281,1097,https://www.threads.com/@bigcity_hsinchu/post/DQ8TOsHEx6p,要不是當年我媽把我從網咖拉出來，Faker現在也拿不到6冠,2025年11月12日 星期三 上午11:59,,,137,1,1,2
typhoon_mi,https://www.threads.com/@typhoon_mi/post/DQ8FExBEj82,"嗨，雷達圖上，南部外海那個在轉的，就是鳳凰颱風本人了。
但現在鳳凰的樣子蠻慘的，週遭環境太毒，過去一天持續減弱，現在只剩近輕颱下限的水準，等稍晚它用盡最後一口氣，撞上陸地，給南部帶來最後一波風雨後，我知道颱風會消失，消失的時候颱風會很快，像沒發生過任何事。
總之，很快整理一下重點：
⒈南部要等午後，風雨才會慢慢大起來，晚上登陸瞬間最大，明天凌晨過後就會小下去。
⒉北部、東半部的雨暫時緩和，但等颱風進到東部外海之後，北部上空風向轉北風，雨又會多起來，所以好好珍惜目前這個中場休息ㄅ。
⒊嘉義以北目前看就陣雨為主，除了沿海風大以外，還好。
鳳凰快變成雞了，撐過今天，就真的要和颱風季延長賽說再見囉～",2025年11月12日 星期三 上午9:55,,"Photo by 台灣颱風論壇 on November 11, 2025.",7896,115,128,839,https://www.threads.com/@bigcity_hsinchu/post/DQ8HUdGE8yJ,想問颱編：颱風會消失，那愛會嗎…？,2025年11月12日 星期三 上午10:15,,,124,2,,1
noyaannngg,https://www.threads.com/@noyaannngg/post/DQ3Hz-7D7_v,巨城這你也會 有什麼是你不會的,2025年11月10日 星期一 上午11:43,@bigcity_hsinchu,,,1,,,https://www.threads.com/@bigcity_hsinchu/post/DQ3i6nzk3w3,我不會下棋,2025年11月10日 星期一 下午3:40,,,1,,,
ixzur.ra,https://www.threads.com/@ixzur.ra/post/DQzfK1PkkrZ,欸真的啊。,2025年11月9日 星期日 上午1:50,,"Photo by @ixzur.ra on November 08, 2025.",21000,121,666,3648,https://www.threads.com/@bigcity_hsinchu/post/DQ1tvUBE68g,用8位數的密碼，守著4位數的存款,2025年11月9日 星期日 下午10:36,,,101,2,,2
asdfgh9929,https://www.threads.com/@asdfgh9929/post/DQ1dkTaEygg,"英雄聯盟 #LOL
OFGK：給你拿 Doran：不好不好🥺 OFGK：沒關係我們已經連拿三次了 Faker：我拿六次了😎",2025年11月9日 星期日 下午8:17,,,38000,84,1346,2690,https://www.threads.com/@bigcity_hsinchu/post/DQ1nxiPE1Vh,最高的山，最長的河，最闊的海,2025年11月9日 星期日 下午9:44,,,75,,,1
fingermaster56,https://www.threads.com/@fingermaster56/post/DQ1c48TEodh,這個男人到底還有什麼做不到的 太深不可測了,2025年11月9日 星期日 下午8:09,,"Photo by 中指通 Fingermaster on November 09, 2025.",6872,56,81,16,https://www.threads.com/@bigcity_hsinchu/post/DQ1naR0k3st,冷知識： Faker他不會玩聯盟戰棋 （2020被爆打，現在爬到白金三了）,2025年11月9日 星期日 下午9:41,,,64,1,,4
persusking8708,https://www.threads.com/@persusking8708/post/DQ1m8uHCTA5,位子是打野，難怪小編如此神出鬼沒,2025年11月9日 星期日 下午9:37,@bigcity_hsinchu,,,1,,,https://www.threads.com/@bigcity_hsinchu/post/DQ1nSA3E2Jp,我是各位暗夜的惡夢,2025年11月9日 星期日 下午9:40,,,7,1,,
shuyuuuuuuuu,https://www.threads.com/@shuyuuuuuuuu/post/DQ1S1qDE32d,建議明年巨城廣場可以轉播世界賽😍,2025年11月9日 星期日 下午6:41,@bigcity_hsinchu,,57,1,,1,https://www.threads.com/@bigcity_hsinchu/post/DQ1kKhBE-b9,我問問看老闆,2025年11月9日 星期日 下午9:12,,,19,,,
mason_fei,https://www.threads.com/@mason_fei/post/DQyE-cNEh1T,"狗狗日常
在家門口已經大完的牠 在隔壁巷子又大的時候 我只能恨我自己沒帶塑膠袋… 大便就這樣被我拿著帶回家沖掉了…",2025年11月8日 星期六 下午12:42,,"Photo by 費 on November 07, 2025. | Photo by 費 on November 07, 2025. | Photo by 費 on November 07, 2025. | Photo by 費 on November 07, 2025.",34000,1547,401,8545,https://www.threads.com/@bigcity_hsinchu/post/DQzIIL9E1ag,我一定選你當衛生股長,2025年11月8日 星期六 下午10:29,,,109,,,2
jouss3314,https://www.threads.com/@jouss3314/post/DQypk4AETqM,"港片
小時候看只覺得害怕 長大看覺得美術設計超屌",2025年11月8日 星期六 下午6:02,,,29000,639,1193,2988,https://www.threads.com/@bigcity_hsinchu/post/DQzH32XE0NN,以前港片的鬼片超級可怕，我到現在還是會怕鬼新娘那首歌,2025年11月8日 星期六 下午10:27,,,136,3,,4
salmon_drawing0210,https://www.threads.com/@salmon_drawing0210/post/DQxl6tOE6dN,這到底三小班服 1 / 2,2025年11月8日 星期六 上午8:11,,"Photo by 鮭魚素描中 on November 07, 2025. | Photo by 鮭魚素描中 on November 07, 2025. | Photo by 鮭魚素描中 on November 07, 2025.",37000,297,1309,3989,https://www.threads.com/@bigcity_hsinchu/post/DQzHucyk0pQ,怕ㄊㄟ頭,2025年11月8日 星期六 下午10:25,,,23,,,
hsssssin__,https://www.threads.com/@hsssssin__/post/DQwP8yWkk7o,永遠可以相信京阿尼！！！ 1 / 2,2025年11月7日 星期五 下午7:40,,,13000,85,978,2803,https://www.threads.com/@bigcity_hsinchu/post/DQyrgzVE-Aw,你可以不相信自己，但永遠可以相信京阿尼的美術,2025年11月8日 星期六 下午6:19,,,17,,,
_9ynoucx,https://www.threads.com/@_9ynoucx/post/DQyAUZokV5k,幹 你們聽到「蛤」不會很燥嗎 1 / 2,2025年11月8日 星期六 下午12:01,,,6904,598,174,287,https://www.threads.com/@bigcity_hsinchu/post/DQylaIZk2GP,蛤？為什麼？,2025年11月8日 星期六 下午5:25,,,26,1,,
rnn9063t,https://www.threads.com/@rnn9063t/post/DQwSJVYieNS,"我也有四大特質：
出勤迅速如晨光初破 配送穩定如乳香流淌 體力堅毅如牧羊人 睡眠時間……如傳說般稀少🐑💤",2025年11月7日 星期五 下午7:59,@bigcity_hsinchu,,17,1,,,https://www.threads.com/@bigcity_hsinchu/post/DQwanz5k9hM,"借板問：
乳糖不耐症可以喝羊奶嗎",2025年11月7日 星期五 下午9:13,,,14,1,,
jackylin827,https://www.threads.com/@jackylin827/post/DQwIw3lEsix,前幾天裝水時不小心把奇亞籽打翻掉進水槽，用菜瓜布清潔後，黏在上面的奇亞籽給我發芽成這種狀態….. 1 / 2,2025年11月7日 星期五 下午6:37,,"Photo by 林家齊 on November 07, 2025. | Photo by 林家齊 on November 07, 2025.",89000,1065,1714,19000,https://www.threads.com/@bigcity_hsinchu/post/DQwakDLk2wL,當你認真養植物：我快死了救命！ 當你隨便養植物：我長超棒！,2025年11月7日 星期五 下午9:12,,,5484,7,13,46
__helenka__,https://www.threads.com/@__helenka__/post/DQtZIM-EvQp,？ 1 / 2,2025年11月6日 星期四 下午5:02,,"Photo by 有花果🌸 on November 06, 2025.",10000,108,1101,2986,https://www.threads.com/@bigcity_hsinchu/post/DQvkhb0E7F3,初代乩，物理超渡,2025年11月7日 星期五 下午1:20,,,38,,,
listentozapao,https://www.threads.com/@listentozapao/post/DQsbD7kkv9C,"台灣人
外國人：求助 🙏 台灣人：來了 👌
沒問題，是台灣感性 👌 我整個笑到並軌（死語復興） threads上台灣人濃度10000%😂😂 1 / 2",2025年11月6日 星期四 上午8:00,,"Photo by 矽谷宅泡 | 31歲鄉巴佬的發瘋美國求生記 on November 05, 2025. | Photo by 矽谷宅泡 | 31歲鄉巴佬的發瘋美國求生記 on November 05, 2025.",60000,419,1393,2298,https://www.threads.com/@bigcity_hsinchu/post/DQvLJF0E3Kt,每次東西掉下去我都找不到的阿嬤家廚房,2025年11月7日 星期五 上午9:38,,,22,,,
ddmz_202,https://www.threads.com/@ddmz_202/post/DQtIUVLkm3d,這種褻瀆台灣人的刈包 IKEA敢在台灣賣嗎？ 1 / 2,2025年11月6日 星期四 下午2:35,,"Photo by @ddmz_202 on November 05, 2025. | Photo by @ddmz_202 on November 05, 2025.",5765,252,86,1069,https://www.threads.com/@bigcity_hsinchu/post/DQvKwvkk1QL,這不叫刈包，這叫： 肉丸and酸菜and包,2025年11月7日 星期五 上午9:35,,,40,1,,
mihonao2022,https://www.threads.com/@mihonao2022/post/DQrEjJOE0nl,因為豬瘟，結果誕生了新料理：雞肉圓。 臺灣人偉哉！讚嘆臺灣人！,2025年11月5日 星期三 下午7:24,,,10000,123,123,140,https://www.threads.com/@bigcity_hsinchu/post/DQtEi9ok6P7,照著態勢，很快就要有雞丸了,2025年11月6日 星期四 下午2:02,,,20,,,
topcityfe21,https://www.threads.com/@topcityfe21/post/DQqvP_RDi-7,百編自行檢視Threads上的交友關係 台中三大百 百編都有追蹤 遠東親戚 百編也有追蹤 百編覺得自己是一個真誠的編 1 / 2,2025年11月5日 星期三 下午4:17,,,1781,100,4,8,https://www.threads.com/@bigcity_hsinchu/post/DQs1k1FE5-D,欸欸欸，我發現我沒追蹤你，抱歉,2025年11月6日 星期四 上午11:51,,,162,2,,2
mayloveyami,https://www.threads.com/@mayloveyami/post/DQswJ5eEvqs,你跟FB小編是同一嗎？ FB小編客家腔比較重喔,2025年11月6日 星期四 上午11:04,@bigcity_hsinchu,,,1,,,https://www.threads.com/@bigcity_hsinchu/post/DQswwRJE-B4,你猜猜看,2025年11月6日 星期四 上午11:09,,,1,1,,
musecat._.cb,https://www.threads.com/@musecat._.cb/post/DQqKCOYgZqQ,一直都覺得 「各大品牌的小編出現在threads海巡留言」 是一件很有趣的事 在現實生活裡他們是大企業 但在threads裡 不知道為什麼就很有動森感,2025年11月5日 星期三 上午10:52,,,4762,619,88,150,https://www.threads.com/@bigcity_hsinchu/post/DQsqDXLk40f,我很少在脆海巡，通常都是人家標我才知道，我根本很少在用脆,2025年11月6日 星期四 上午10:11,,,41,3,2,1
ssiny_24,https://www.threads.com/@ssiny_24/post/DQqZHOYEtcO,我完全不在乎我朋友開的是豪車、二手車、還是便宜車 只要他來載我出去玩都是好車🤣,2025年11月5日 星期三 下午1:04,,,12000,106,625,825,https://www.threads.com/@bigcity_hsinchu/post/DQrCdp6k0Mt,開父母給的二ㄙㄡˇ車，算是好車嗎,2025年11月5日 星期三 下午7:05,,,72,1,,2
shannie.417,https://www.threads.com/@shannie.417/post/DQohrD7gSIG,這根本是我撒謊最多次的地方 1 / 2,2025年11月4日 星期二 下午7:40,,"Photo by 雪泥 on November 04, 2025.",49000,357,2544,2050,https://www.threads.com/@bigcity_hsinchu/post/DQqqm48Ewcq,我媽媽在這裡去世了10次,2025年11月5日 星期三 下午3:37,,,477,2,,17
lightstarstw,https://www.threads.com/@lightstarstw/post/DQosun8k5E2,熱知識： 劉硬炮 劉恭顯 Melody 殷悅 都是同一個人。,2025年11月4日 星期二 下午9:17,,,25000,121,741,891,https://www.threads.com/@bigcity_hsinchu/post/DQqNyqBEyJg,你有聽到那個L有多裡面嗎,2025年11月5日 星期三 上午11:25,,,126,1,,1
6owldoor,https://www.threads.com/@6owldoor/post/DQoNWF7j-3_,放個最有爭議的兩個火鍋料 不服來辯,2025年11月4日 星期二 下午4:43,,"Photo by 六扇門時尚湯鍋 on November 04, 2025. | Photo by 六扇門時尚湯鍋 on November 04, 2025.",224,124,4,4,https://www.threads.com/@bigcity_hsinchu/post/DQoWctUk1u1,我只服你們家的爆米花，超級好吃！,2025年11月4日 星期二 下午6:02,,,22,2,,
hkgbarry,https://www.threads.com/@hkgbarry/post/DQnPtt_k5LL,"LOL世界賽S15
多蘭的表情實在太他媽搞笑了😂😂😂 多蘭：我是誰？我在哪？我真的在打世界賽嗎？",2025年11月4日 星期二 上午7:48,,,7510,63,536,4046,https://www.threads.com/@bigcity_hsinchu/post/DQne4BkE1rl,生死局，角照樣練,2025年11月4日 星期二 上午9:57,,,116,2,,3
chenchen_powerman,https://www.threads.com/@chenchen_powerman/post/DQlUwhDExl9,統神 AI雪景,2025年11月3日 星期一 下午1:50,,"Photo by Z量人 on November 02, 2025. | Photo by Z量人 on November 02, 2025. | Photo by Z量人 on November 02, 2025.",18000,475,1706,7599,https://www.threads.com/@bigcity_hsinchu/post/DQnXy-dk8pa,那個迷離的眼神，遠處一定是哥哥,2025年11月4日 星期二 上午8:55,,,64,1,,4
1cnuzy,https://www.threads.com/@1cnuzy/post/DQlsYwTk2jE,幹 Andy跟家寧分手了？ 1 / 2,2025年11月3日 星期一 下午5:16,,,75000,3192,2665,10000,https://www.threads.com/@bigcity_hsinchu/post/DQmA61NkzXM,你比IE還慢，我的天,2025年11月3日 星期一 下午8:16,,,919,1,,16
weber1250,https://www.threads.com/@weber1250/post/DQgh25uk5LB,"- 「我們今天四大江南才子出來遊山玩水，難怪那些女孩如此瘋狂」
我們也是鬼只不過我們是色鬼😈
謝謝你們配合我辦江南才子🫶
#萬聖節🎃 #四大江南才子 1 / 2",2025年11月1日 星期六 下午5:10,,,55000,608,1153,10000,https://www.threads.com/@bigcity_hsinchu/post/DQicdD8k7sg,如果你是唐伯虎，我就是觀世音,2025年11月2日 星期日 上午10:59,,,74,,,
littleyukai,https://www.threads.com/@littleyukai/post/DQgM7nmkl3d,"新竹
新竹 巨城商圈 不知道什麼品種 但知道主人很有錢 狗很乖會坐下 等紅燈 1 / 3",2025年11月1日 星期六 下午2:05,,"Photo by 彭昱凱 on October 31, 2025.",83000,1096,2245,17000,https://www.threads.com/@bigcity_hsinchu/post/DQibweIExYO,這狗勾超可愛，每次下班看到他們都很想把頭埋進去,2025年11月2日 星期日 上午10:53,,,117,2,,
eason01_,https://www.threads.com/@eason01_/post/DQbizdbjwMI,"咖哩飯
當大家還在爭論咖喱飯要拌還是不拌時，我朋友直接選擇不加醬 1 / 2",2025年10月30日 星期四 下午6:40,,"Photo by Eason Lin on October 30, 2025.",9883,196,331,1343,https://www.threads.com/@bigcity_hsinchu/post/DQdqJ6Dk5ik,你朋友對咖哩飯是不是有什麼誤解？,2025年10月31日 星期五 下午2:23,,,174,1,,1
pksuccess,https://www.threads.com/@pksuccess/post/DQYxsTWEkx3,你會說什麼？,2025年10月29日 星期三 下午4:52,,"Photo by 培剛 徐 on October 29, 2025.",3344,1759,47,307,https://www.threads.com/@bigcity_hsinchu/post/DQdiDgfE25R,"特斯拉
今天歐印 明天發財 後天退休",2025年10月31日 星期五 下午1:12,,,43,3,,1
lukelee99,https://www.threads.com/@lukelee99/post/DQb9-ZcicEq,不愧是新竹長大的小孩,2025年10月30日 星期四 下午10:38,,"Photo by 李冠儒 on October 30, 2025.",4143,33,389,1602,https://www.threads.com/@bigcity_hsinchu/post/DQdDs19k_Tm,首先，是區、烤 再來，城裡烤肉老闆會瘋 最後，謝謝你愛我，我要拿去轉發,2025年10月31日 星期五 上午8:47,,,1252,1,1,13
pot_n2o.1100,https://www.threads.com/@pot_n2o.1100/post/DQbnfsZkvUg,"偷偷發 希望他不要看到
就是呢 禮拜六逛完海安路 我們就去全家坐著吃東西 然後我就突然想鬧他 就跟他說 你剛剛在公車睡到差點躺在我胸部上面 他就一直說真的很對不起
然後我就偷親他耳朵一下（碰到0.001秒而已） 小聲說 扯平 偷看他反應
他看起來像被嚇到 直接趴下去 把臉埋在外套 耳朵變超紅 我也嚇到 他反應比我想像中還大 因為我也預謀很久只是一直不敢 所以很開心 只是感覺那個畫面應該會蠻好笑的 因為我臉上還畫猗窩座
好結束😳 我一直在回想 1 / 2",2025年10月30日 星期四 下午7:21,,,120000,1914,3885,7176,https://www.threads.com/@bigcity_hsinchu/post/DQcZfGqk-Lg,看著手機螢幕傻笑的我：,2025年10月31日 星期五 上午2:38,,"Photo by Big City遠東巨城購物中心 on October 30, 2025.",166,1,,
peihua.c,https://www.threads.com/@peihua.c/post/DQTk44zkga3,我今年生了孩子，想當一個好媽媽，想問大家最快樂的童年回憶是什麼？,2025年10月27日 星期一 下午4:24,,,110000,7573,19000,36000,https://www.threads.com/@bigcity_hsinchu/post/DQYOKBPE3W0,"過年很喜歡玩沖天炮，阿公買了2大卷報紙包著的沖天炮（合計300支）想讓我跟表哥射一整個下午。
結果第一支的火星濺到報紙，變成一次點燃300支，表哥馬上把我壓在田埂裡躲沖天炮。
那是我第一次體驗到諾曼第登陸的感覺",2025年10月29日 星期三 上午11:42,,,99,2,,2
chia_rtsu,https://www.threads.com/@chia_rtsu/post/DQX5wtNknsS,那應該每天都要換病房了 因為都會以為天花板漏水,2025年10月29日 星期三 上午8:44,@bigcity_hsinchu那應該每天都要換病房了,,,1,,,https://www.threads.com/@bigcity_hsinchu/post/DQYDG86E5Ld,換病房要小心，怕隱眼掉了，要一起趴在病房外找隱眼,2025年10月29日 星期三 上午10:05,,,1,,,
narcissus_as,https://www.threads.com/@narcissus_as/post/DQWjmowEkKk,是王心凌掛的嗎？,2025年10月28日 星期二 下午8:11,@bigcity_hsinchu是王心凌掛的嗎？讚回覆1轉發分享,,,1,,,https://www.threads.com/@bigcity_hsinchu/post/DQWkZEzk21T,潘若迪= =,2025年10月28日 星期二 下午8:18,,,2,,,
chencheniam,https://www.threads.com/@chencheniam/post/DQV72sOEVZC,我昨天看到新聞，原來潘若迪老師現在有空都會去病房陪伴沈玉琳，這告訴我們，真正的摯友你就算開過他什麼跟保姆泡澡這種下流玩笑，他還是會不計前嫌，在你需要的時候陪在你身邊。（開玩笑） 1/2,2025年10月28日 星期二 下午2:24,,,44000,201,852,2497,https://www.threads.com/@bigcity_hsinchu/post/DQWg7zQE2Hx,我猜沈玉琳病房外面，應該每天都有掛一包雞湯,2025年10月28日 星期二 下午7:48,,,194,6,,1
izpengiz,https://www.threads.com/@izpengiz/post/DQVsqzPk1s0,新生醫專的剉冰 1/2,2025年10月28日 星期二 下午12:13,,,20000,387,755,6875,https://www.threads.com/@bigcity_hsinchu/post/DQWFvMoE_P7,這只能叫冰，挫的定義要重新了解一下,2025年10月28日 星期二 下午3:50,,,454,,,9
megapxmart,https://www.threads.com/@megapxmart/post/DQWEHKVk8FN,"這是回覆已無法顯示的貼文
我上班的限動：",2025年10月28日 星期二 下午3:36,,,1,1,,,https://www.threads.com/@bigcity_hsinchu/post/DQWFXS_k_1J,你在開玩笑吧？,2025年10月28日 星期二 下午3:47,,,2,,,
reivaxm9,https://www.threads.com/@reivaxm9/post/DQR45aNEo9A,我要跟把「超」講成「巨、炸」的人絕交 有夠難聽 1/3,2025年10月27日 星期一 上午12:41,,,32000,1072,970,2864,https://www.threads.com/@bigcity_hsinchu/post/DQUDIgZk3Ut,遠東超城…我很抱歉但是巨比較好聽,2025年10月27日 星期一 下午8:49,,,1035,2,,19
ruuu.12_,https://www.threads.com/@ruuu.12_/post/DQS88xuCWT-,"哪間公司會把自己人事公告貼到粉專，除非是換老闆?? 這應該是假消息吧？​
坐等28號看看到底是什麼",2025年10月27日 星期一 上午10:35,,"Photo by 林冠儒 on October 26, 2025.",1187,282,18,161,https://www.threads.com/@bigcity_hsinchu/post/DQTM6uhEzhT,誰動夏威夷，我跟誰輸贏,2025年10月27日 星期一 下午12:55,,,850,2,9,13
pi__.yan,https://www.threads.com/@pi__.yan/post/DQQX0yXk-fI,不是中文但台灣人都看得懂的字 - - - - e04,2025年10月26日 星期日 上午10:33,,,43000,248,758,368,https://www.threads.com/@bigcity_hsinchu/post/DQRolNsE8NB,鞥鞥鞥鞥鞥鞥：代表他想偷改內容,2025年10月26日 星期日 下午10:18,,,99,,,
ericcccc91,https://www.threads.com/@ericcccc91/post/DQZWvotEuqw,"我就是那種 去西堤只為了吃這兩道菜的人
誰懂🙂‍↕️",2025年10月29日 星期三 下午10:16,,"Photo by 艾瑞克 on October 29, 2025. | Photo by 艾瑞克 on October 29, 2025.",20000,386,1484,2814,https://www.threads.com/@bigcity_hsinchu/post/DQatm4yEyOX,我去西堤那700多可以不用上主餐，給我一整箱的蘑菇麵包就好,2025年10月30日 星期四 上午10:55,,,171,1,1,2
lin03._.16,https://www.threads.com/@lin03._.16/post/DQZErgWEuVC,這篇有1.7萬我就去告白 1 / 2,2025年10月29日 星期三 下午7:38,,,97000,994,492,499,https://www.threads.com/@bigcity_hsinchu/post/DQasi8lkyV5,幫你一個，該衝了，狂愛龍捲風,2025年10月30日 星期四 上午10:46,,,253,1,,2
oohhpps,https://www.threads.com/@oohhpps/post/DQZMSHMAb67,眼鏡被同學壓壞，後來他幫我修好了 1 / 2,2025年10月29日 星期三 下午8:45,,"Photo by @oohhpps on October 29, 2025.",160000,2058,5724,27000,https://www.threads.com/@bigcity_hsinchu/post/DQZiM8ik0yg,你同學叫麥可華斯基嗎？,2025年10月29日 星期三 下午11:56,,,722,4,1,7
1030liao2004,https://www.threads.com/@1030liao2004/post/DQY-9hWEtim,你敢不敢。敢。下次不敢了。 媽的痛到人沒真的。,2025年10月29日 星期三 下午6:48,,"Photo by 廖 on October 29, 2025. | Photo by 廖 on October 29, 2025. | Photo by 廖 on October 29, 2025.",39000,1923,1464,11000,https://www.threads.com/@bigcity_hsinchu/post/DQZeC4rk1IV,之前嘴巴破7個洞，我老媽直接拿一包鹽叫我含著，痛到都看到過世的阿公了,2025年10月29日 星期三 下午11:20,,,1442,11,,35
bb___444.y,https://www.threads.com/@bb___444.y/post/DQX3jFlk85G,早安大家，吃安眠藥嘍！ 1 / 2,2025年10月29日 星期三 上午8:24,,"Photo by WHITE on October 28, 2025. | Photo by WHITE on October 28, 2025. | Photo by WHITE on October 28, 2025. | Photo by WHITE on October 28, 2025. | Photo by WHITE on October 28, 2025. | Photo by WHITE on October 28, 2025.",78000,952,2332,6652,https://www.threads.com/@bigcity_hsinchu/post/DQZbfbCk6f_,如何迷暈一個30歲的成人 給他一個大飯糰+珍奶,2025年10月29日 星期三 下午10:58,,,24,,,1
tiest0913,https://www.threads.com/@tiest0913/post/DQYzAm-Dxl4,我會全部教你,2025年10月29日 星期三 下午5:04,,"Photo by 小尾巴 on October 29, 2025.",13000,1316,1682,9447,https://www.threads.com/@bigcity_hsinchu/post/DQZK5UHk5G2,蕾潔變雷殘,2025年10月29日 星期三 下午8:33,,,67,,,1
insense_loui,https://www.threads.com/@insense_loui/post/DQQoW8zEXHY,小編也有踩中陷阱的一天,2025年10月26日 星期日 下午12:57,@bigcity_hsinchu,,2,1,,,https://www.threads.com/@bigcity_hsinchu/post/DQQx8jGE_dS,猝不及防 翻譯,2025年10月26日 星期日 下午2:21,,,2,,,
liquorsword._.poetry,https://www.threads.com/@liquorsword._.poetry/post/DQOu4CFj3eh,,2025年10月25日 星期六 下午7:15,,"Photo by 李白 on October 25, 2025.",33000,2387,6246,91000,https://www.threads.com/@bigcity_hsinchu/post/DQQWNY3iVQE,到底我為什麼要按… 悔的很衝動…,2025年10月26日 星期日 上午10:18,,,379,2,,3
dark_realm_void,https://www.threads.com/@dark_realm_void/post/DQOmD4WiU1c,"各位觀眾 這是一隻五歲的雞
今天吃火鍋的時候發現店裡面有養雞 1 / 2",2025年10月25日 星期六 下午5:58,,"Photo by 黑境 𝖉𝖆𝖗𝖐 𝖗𝖊𝖆𝖑𝖒 ｜手作 耳環 飾品 on October 25, 2025.",24000,310,720,2399,https://www.threads.com/@bigcity_hsinchu/post/DQQVuc5E4nW,牙通牙的概念,2025年10月26日 星期日 上午10:14,,,11,,,
_yazhu__,https://www.threads.com/@_yazhu__/post/DQMvWAREgKK,新竹巨城真的很佛🌟 消費很容易達到折抵停車3-5小時🅿️ 平日不限金額 3個小時 1000直接5個小時⋯ 看電影憑票根去折抵直接免費3個小時 機車又完全免費🆓 直接被寵壞 去外縣市逛百貨才知道原來停車費有點貴,2025年10月25日 星期六 上午12:41,,,826,29,4,17,https://www.threads.com/@bigcity_hsinchu/post/DQPJDiZE29u,"沒錯
但變成我常常沒有位子停機車，只能走路上班🥹",2025年10月25日 星期六 下午11:04,,,111,4,,4
strangersasha,https://www.threads.com/@strangersasha/post/DQL9G82E1Dc,"街頭藝術
提前過萬聖節的概念？😆
天使砸到誰家的賓士？",2025年10月24日 星期五 下午5:22,,"Photo by 沈泳吟 Sasha on October 24, 2025.",27000,378,815,3218,https://www.threads.com/@bigcity_hsinchu/post/DQMdcMLE8gU,墮天使路西法,2025年10月24日 星期五 下午10:05,,,66,,,1
yx1.27,https://www.threads.com/@yx1.27/post/DQLyVNXD3hp,白癡把剛買的i17放在信義威秀外面 我們看了2小時的電影出來 居然完全沒人動== 我真服了啊❤️‍🔥台灣人真善良,2025年10月24日 星期五 下午3:48,,"Photo by 翊欣Cici on October 24, 2025. | Photo by 翊欣Cici on October 24, 2025. | Photo by 翊欣Cici on October 24, 2025.",51000,774,333,1159,https://www.threads.com/@bigcity_hsinchu/post/DQMHOBJE5Jk,在台灣只有 雨傘、抹布、安全帽、便當是危險的 手機、錢包、信用卡、金條根本沒人要,2025年10月24日 星期五 下午6:50,,,4243,29,12,100
wneww5499,https://www.threads.com/@wneww5499/post/DQJMy4Lj9v8,請用四個字 撒一個謊 1 / 2,2025年10月23日 星期四 下午3:41,,,11000,5061,96,244,https://www.threads.com/@bigcity_hsinchu/post/DQLkS2gE0Il,對面殘血,2025年10月24日 星期五 下午1:45,,,41,,1,1
lilymoonpig,https://www.threads.com/@lilymoonpig/post/DQJ4O3xgWGM,我沒有在豪洨，我是認真的，我人生低潮的時候都是喝光泉巧克力牛乳渡過。絲滑的口感，完美的甜度。光泉巧克力牛奶真的一生推👍 當然開心的時候也會喝。 1 / 2,2025年10月23日 星期四 下午10:01,,"Photo by Li Ting Li on October 23, 2025.",34000,708,1411,4422,https://www.threads.com/@bigcity_hsinchu/post/DQLMrR-k3tC,是怎麼樣的人，會把巧克力牛奶當58度高粱在Shot,2025年10月24日 星期五 上午10:19,,,1793,5,1,26
ktgn556412,https://www.threads.com/@ktgn556412/post/DQJd548k1cO,"進擊的巨人
小巨蛋的馬雷人請注意 我要走過去了😠🩼",2025年10月23日 星期四 下午6:12,,,55000,524,2876,10000,https://www.threads.com/@bigcity_hsinchu/post/DQJiPHIE9fe,想請問主委，會變成水晶油壓剪的可憐蟲是誰,2025年10月23日 星期四 下午6:49,,,53,,,
6owldoor,https://www.threads.com/@6owldoor/post/DQJR6opD21t,相信大家看到都知道第二名是誰吧？ 那 三．個．字 念 出 來！ 1 / 2,2025年10月23日 星期四 下午4:26,,"Photo by 六扇門時尚湯鍋 on October 23, 2025.",12000,2166,240,3219,https://www.threads.com/@bigcity_hsinchu/post/DQJbe3LE9BP,自 • 動 • 門,2025年10月23日 星期四 下午5:50,,,1561,12,1,41
bethanyyyy,https://www.threads.com/@bethanyyyy/post/DQI-CkIiWQW,喔No~昨天下單披風的說🥺 還好不貴⋯,2025年10月23日 星期四 下午1:33,@bigcity_hsinchu,,2,1,,,https://www.threads.com/@bigcity_hsinchu/post/DQI_Q0hE8cY,可以留下次用，總有機會的,2025年10月23日 星期四 下午1:43,,,5,1,,
eddie801229,https://www.threads.com/@eddie801229/post/DQI3A2QD9bP,聖誕樹換巨人,2025年10月23日 星期四 下午12:31,@bigcity_hsinchu,,30,1,,,https://www.threads.com/@bigcity_hsinchu/post/DQI465GE5EX,某扣零,2025年10月23日 星期四 下午12:48,,,22,1,,2
kamiya1125,https://www.threads.com/@kamiya1125/post/DQGug9HEljS,"這是回覆已無法顯示的貼文
可以帶噴火器嗎（誤",2025年10月22日 星期三 下午4:38,,,,1,,,https://www.threads.com/@bigcity_hsinchu/post/DQGutyREjOb,打妹,2025年10月22日 星期三 下午4:40,,,4,,,
vieshow_cinemas,https://www.threads.com/@vieshow_cinemas/post/DQGsw1RE4fT,"這是回覆已無法顯示的貼文
心臟撒撒給油 (≧∀≦ゞ",2025年10月22日 星期三 下午4:23,,"Photo by 威秀影城 on October 22, 2025.",118,1,2,1,https://www.threads.com/@bigcity_hsinchu/post/DQGtgF4kg4b,這個小披風我也可以啦！,2025年10月22日 星期三 下午4:30,,,6,,,
deniselo28,https://www.threads.com/@deniselo28/post/DQGjpFrj8c7,"這是回覆已無法顯示的貼文
其實⋯當天如果只有小編出現⋯ 笑果應該也挺好！🤣（就知道誰是小編了！！）😍",2025年10月22日 星期三 下午3:03,,,2,2,,,https://www.threads.com/@bigcity_hsinchu/post/DQGj8qfkgXI,也許我會在人群裡？,2025年10月22日 星期三 下午3:06,,,2,1,,
yu_ting05.16,https://www.threads.com/@yu_ting05.16/post/DQCEqmIiT2J,最近想談戀愛了 麻煩各位脆友一人一句用男友不耐煩的語氣 勸退我,2025年10月20日 星期一 下午9:16,,,46000,5195,2203,9484,https://www.threads.com/@bigcity_hsinchu/post/DQE77ayEi9T,隨便，都可以，你開心就好 反正我做什麼你都不滿意,2025年10月21日 星期二 下午11:57,,,119,1,,4
chunyu168,https://www.threads.com/@chunyu168/post/DP--GT7EVqQ,那個…… 宜蘭沒有五十嵐,2025年10月19日 星期日 下午4:21,,,1975,108,34,42,https://www.threads.com/@bigcity_hsinchu/post/DP_NqJXE6y1,蛤？尊嘟假嘟！,2025年10月19日 星期日 下午6:37,,,57,1,,1
hsu_wenyen,https://www.threads.com/@hsu_wenyen/post/DP-rMu4Djcq,"這是回覆已無法顯示的貼文
慘了一個小時回覆不如預期",2025年10月19日 星期日 下午1:36,,,1,1,,,https://www.threads.com/@bigcity_hsinchu/post/DP-uEfjk2rj,籌碼減少中 哭啊,2025年10月19日 星期日 下午2:01,,,,,,
chi12091023,https://www.threads.com/@chi12091023/post/DP9NeCsiekZ,談完了嗎？？,2025年10月18日 星期六 下午11:56,@bigcity_hsinchu,,2,1,,1,https://www.threads.com/@bigcity_hsinchu/post/DP-DWbKE3T7,他根本沒上班，有好消息再跟你們說,2025年10月19日 星期日 上午7:47,,,3,,,
bgg.feng,https://www.threads.com/@bgg.feng/post/DP8MsGfERU7,跨年直接來個進巨馬拉松，然後設定好動畫播到00:00時，角色跟全場人一起大喊，喔幹 一定雞皮疙瘩，不用給我發票，快拿去用吧🤣🤣🤣,2025年10月18日 星期六 下午2:30,@bigcity_hsinchu,,45,1,,,https://www.threads.com/@bigcity_hsinchu/post/DP8M4bhE93k,老哥謝了，這波沒過，我就提這個,2025年10月18日 星期六 下午2:32,,,44,1,,1
gu_taiwan,https://www.threads.com/@gu_taiwan/post/DP8IUx9CWXv,不如在我們店外面（？,2025年10月18日 星期六 下午1:52,@bigcity_hsinchu,,188,2,,9,https://www.threads.com/@bigcity_hsinchu/post/DP8KXNxkzaE,你 確 定 ？,2025年10月18日 星期六 下午2:10,,,56,,,3
hola.taiwan,https://www.threads.com/@hola.taiwan/post/DP76_iIEuMf,不投影巨人在Logo上面嗎😍,2025年10月18日 星期六 上午11:56,@bigcity_hsinchu,,89,3,,1,https://www.threads.com/@bigcity_hsinchu/post/DP7_FosE3_M,給我錢,2025年10月18日 星期六 下午12:32,,,60,,,3
aries_19790416,https://www.threads.com/@aries_19790416/post/DP59Cc2EUUC,"親子日常
我請兒子去自助餐幫我包便當，叫他隨便包菜～我都能吃
他用智慧手錶打來問我
🧒：媽媽！妳喜歡吃蕃茄炒蛋嗎？ 🙎‍♀️：喜歡啊 🧒：好！沒事了～88
然後我打開便當看到 滿滿的蕃茄炒蛋😂
還好還有一格給我夾辣黃瓜",2025年10月17日 星期五 下午5:35,,"Photo by Aries on October 17, 2025.",25000,1181,264,1837,https://www.threads.com/@bigcity_hsinchu/post/DP70u5Zk_ve,果然男生不管到幾歲都是這麼果斷,2025年10月18日 星期六 上午11:01,,,86,1,,1
sukiya1130,https://www.threads.com/@sukiya1130/post/DPyvd7KAXg0,請問小編那裡有可以方便嬰兒洗屁屁的育嬰室？,2025年10月14日 星期二 下午10:22,@bigcity_hsinchu請問小編那裡有可以方便嬰兒洗屁屁的育嬰室？讚回覆1轉發分享,,,1,,,https://www.threads.com/@bigcity_hsinchu/post/DPyyPpRk-Tv,5樓,2025年10月14日 星期二 下午10:46,,,1,,,
ab80122,https://www.threads.com/@ab80122/post/DPyW4-skWrw,可靠消息來源 某樓管 我們診所病患 他說。是阿貝啦⋯⋯ 🤭,2025年10月14日 星期二 下午6:47,@liuyhsn可靠消息來源,,,1,,,https://www.threads.com/@bigcity_hsinchu/post/DPyYF7vE-eC,可靠消息來源，不是阿貝,2025年10月14日 星期二 下午6:58,,,2,,,
love_900925,https://www.threads.com/@love_900925/post/DPxq2jWj8OJ,"終極二選一
一定有人懂這兩個的差別 真的有人會喜歡左邊嗎 1/2",2025年10月14日 星期二 下午12:22,,"Photo by 我是棉被 on October 13, 2025. | Photo by 我是棉被 on October 13, 2025.",18000,737,322,756,https://www.threads.com/@bigcity_hsinchu/post/DPyQg0Dk8Hd,"沒錢吃左邊，有錢吃右邊
畢竟右邊一支能賣到破百 左邊賣到破百不如直接來搶我錢包",2025年10月14日 星期二 下午5:51,,,82,1,,1
yoc_0318,https://www.threads.com/@yoc_0318/post/DPx3fJtie3N,"巨城購物中心
原本就覺得巨城的哺乳室夠厲害了 今天來居然還提供了免費尿布！！ 會不會太優質😍",2025年10月14日 星期二 下午2:13,,"Photo by 小柳橙🍊 on October 13, 2025. | Photo by 小柳橙🍊 on October 13, 2025.",1484,70,2,238,https://www.threads.com/@bigcity_hsinchu/post/DPyPuS2k2JE,應該的,2025年10月14日 星期二 下午5:45,,,225,2,,
rickyhsiaoofficial,https://www.threads.com/@rickyhsiaoofficial/post/DPx0kT2kXDZ,"今天開這台來學校 我秋嗎😎
猜猜我載誰😎",2025年10月14日 星期二 下午1:47,,"Photo by 蕭煌奇 on October 13, 2025.",6820,251,75,508,https://www.threads.com/@bigcity_hsinchu/post/DPyDtVMk24R,地獄列車長，我只服阿奇,2025年10月14日 星期二 下午4:00,,,49,2,,
kaiace0305,https://www.threads.com/@kaiace0305/post/DPxK6-Uk7PY,"翻轉布丁 各位先別聊了
來看一下 什麼叫喇布布 1/2",2025年10月14日 星期二 上午7:43,,"Photo by 楷楷kaikai🐕🐟 on October 13, 2025. | Photo by 楷楷kaikai🐕🐟 on October 13, 2025.",50000,233,3624,16000,https://www.threads.com/@bigcity_hsinchu/post/DPxeO21E2Wk,烙格，這是仙草吧？,2025年10月14日 星期二 上午10:32,,,54,,,
benesse_tw,https://www.threads.com/@benesse_tw/post/DPvp3qjj-kH,,2025年10月13日 星期一 下午5:35,,"Photo by 巧虎好朋友（巧連智） on October 13, 2025. | Photo by 巧虎好朋友（巧連智） on October 13, 2025. | Photo by 巧虎好朋友（巧連智） on October 13, 2025. | Photo by 巧虎好朋友（巧連智） on October 13, 2025. | Photo by 巧虎好朋友（巧連智） on October 13, 2025. | Photo by 巧虎好朋友（巧連智） on October 13, 2025. | Photo by 巧虎好朋友（巧連智） on October 13, 2025.",14000,166,514,893,https://www.threads.com/@bigcity_hsinchu/post/DPvqHaPk3KQ,請大家好好守護巧虎這唯一清流,2025年10月13日 星期一 下午5:37,,,414,,1,1
h.a.p.p.y_1120,https://www.threads.com/@h.a.p.p.y_1120/post/DPtSTvciQYN,"備婚日記
🆘求救脆友🆘 婚禮試菜「花好月圓」 想知道大家比較喜歡哪一種湯圓🙏 1號選手：包餡湯圓（不要棉花糖） 2號選手：紅白小湯圓
拜託大家了 謝謝🙏 1/3",2025年10月12日 星期日 下午7:31,,"Photo by @h.a.p.p.y_1120 on October 12, 2025. | Photo by @h.a.p.p.y_1120 on October 12, 2025.",15000,3122,349,4342,https://www.threads.com/@bigcity_hsinchu/post/DPvpN86E1b3,"如果我今天包6000給妳，不是因為交情，而是期待能吃到炸湯圓
但如果端出來是左邊那東西，我會去禮金桌拿回5400
600就是我們的交情",2025年10月13日 星期一 下午5:30,,,24000,105,230,1559
libra09252001,https://www.threads.com/@libra09252001/post/DP6B0ZFD1su,竟然驚動到巨城小編！我們是你的鄰居，我女兒每天去巨城，喜歡到做了一首巨城之歌,2025年10月17日 星期五 下午6:17,@bigcity_hsinchu,,41,2,,,https://www.threads.com/@bigcity_hsinchu/post/DP6DMdbE0a-,請把歌拿來讓我聽聽,2025年10月17日 星期五 下午6:29,,,11,2,,
pamela_lin1226,https://www.threads.com/@pamela_lin1226/post/DP5D_uXE7Lu,吐司邊的受眾到底是哪些人@@,2025年10月17日 星期五 上午9:17,,"Photo by 子馨 on October 16, 2025. | Photo by 子馨 on October 16, 2025. | Photo by 子馨 on October 16, 2025.",203,111,,1,https://www.threads.com/@bigcity_hsinchu/post/DP59l9vk7Dr,公園的鴿子或鯉魚吧,2025年10月17日 星期五 下午5:40,,,33,,,
aliang_novel,https://www.threads.com/@aliang_novel/post/DP3tjxnErZO,"BLACKPINK
不知道為什麼這陣子手機夜拍都長這樣 是不是手機壞了🫠",2025年10月16日 星期四 下午8:41,,"Photo by 阿良新奇點 on October 16, 2025.",3193,77,50,87,https://www.threads.com/@bigcity_hsinchu/post/DP5uQeXk310,是怎麼樣能讓高雄變成國土鍊成陣,2025年10月17日 星期五 下午3:26,,,68,,,
__tingjia.zhang__,https://www.threads.com/@__tingjia.zhang__/post/DP5UcvrEsXo,小饅頭+牛奶真的變麻糬耶！ 操作簡單又好吃！大家快試試🤤 1 / 2,2025年10月17日 星期五 上午11:41,,"Photo by 庭嘉Tim🇹🇼 台中•彰化美食｜超商｜好物｜新品優惠｜ on October 16, 2025. | Photo by 庭嘉Tim🇹🇼 台中•彰化美食｜超商｜好物｜新品優惠｜ on October 16, 2025. | Photo by 庭嘉Tim🇹🇼 台中•彰化美食｜超商｜好物｜新品優惠｜ on October 16, 2025.",11000,109,679,10000,https://www.threads.com/@bigcity_hsinchu/post/DP5lWt3E8qO,發明這種吃法的人，到底經歷了什麼,2025年10月17日 星期五 下午2:08,,,233,,,6
libra09252001,https://www.threads.com/@libra09252001/post/DP3vZUmD-AC,"今天上重訓時，教練拿了一個十公斤的給我，我一直哀哀叫。
晚上我媽傳這個給我：
我阿嬤92歲，拿20公斤的肥料。",2025年10月16日 星期四 下午8:57,,"Photo by Mengyan Shen on October 16, 2025.",62000,564,991,5378,https://www.threads.com/@bigcity_hsinchu/post/DP5kQ0ZE3gZ,照妳阿嬤的體格 我跟她拼拳大概37開 她3拳，我頭七,2025年10月17日 星期五 下午1:59,,,452,4,1,12
mr._gongwan,https://www.threads.com/@mr._gongwan/post/DP3sRUcE_AL,我來自新竹，是一顆貢丸。,2025年10月16日 星期四 下午8:30,,,25000,771,1292,2264,https://www.threads.com/@bigcity_hsinchu/post/DP5irvCE7B3,週年慶的時候，可以請求雞丸嗎,2025年10月17日 星期五 下午1:45,,,145,2,,
c_chi7777,https://www.threads.com/@c_chi7777/post/DP5H_L_Ekso,：我想大號 ：很急嗎？ ：這狀態急嗎？,2025年10月17日 星期五 上午9:52,,"Photo by 𝐶ℎ𝑒𝑛 on October 16, 2025.",72000,1099,1791,9855,https://www.threads.com/@bigcity_hsinchu/post/DP5ifwLkwOi,任何一個屁都可能毀了這一生,2025年10月17日 星期五 下午1:43,,,96,,,2
_aannnn.__,https://www.threads.com/@_aannnn.__/post/DP0jjqyke5s,唯一去過的夜店只有永和豆漿…,2025年10月15日 星期三 下午3:16,,,3356,22,493,409,https://www.threads.com/@bigcity_hsinchu/post/DP2-V_CkwYE,人家在shot調酒 我在shot豆漿+湯包,2025年10月16日 星期四 下午1:49,,,13,1,,
jyun.c,https://www.threads.com/@jyun.c/post/DPyMpadCa2x,"這絕對是 在台中生活20年以上才知道的事！！ . #台中 #台中景點
再會中港路",2025年10月14日 星期二 下午5:18,,"Photo by 湯圓媽✌🏻君君 | 台中人・生活小技巧・AI應用・媽媽日常・體態管理 on October 14, 2025. | Photo by 湯圓媽✌🏻君君 | 台中人・生活小技巧・AI應用・媽媽日常・體態管理 on October 14, 2025. | Photo by 湯圓媽✌🏻君君 | 台中人・生活小技巧・AI應用・媽媽日常・體態管理 on October 14, 2025. | Photo by 湯圓媽✌🏻君君 | 台中人・生活小技巧・AI應用・媽媽日常・體態管理 on October 14, 2025. | Photo by 湯圓媽✌🏻君君 | 台中人・生活小技巧・AI應用・媽媽日常・體態管理 on October 14, 2025. | Photo by 湯圓媽✌🏻君君 | 台中人・生活小技巧・AI應用・媽媽日常・體態管理 on October 14, 2025. | Photo by 湯圓媽✌🏻君君 | 台中人・生活小技巧・AI應用・媽媽日常・體態管理 on October 14, 2025.",11000,1281,467,2707,https://www.threads.com/@bigcity_hsinchu/post/DPztCusEzhV,想知道台中哪裡比較好撿到槍,2025年10月15日 星期三 上午7:20,,,74,7,,
niwakitsune,https://www.threads.com/@niwakitsune/post/DPxysNnkqGD,"爭鮮壽司
我第一次看見這麼過分的壽司 薄到看得見飯粒 1 / 2",2025年10月14日 星期二 下午1:31,,"Photo by Yu Hu on October 13, 2025.",58000,834,687,6061,https://www.threads.com/@bigcity_hsinchu/post/DPy2zc9k7Ed,這就是龍鎮酒家的月暈嗎,2025年10月14日 星期二 下午11:26,,"Photo by Big City遠東巨城購物中心 on October 14, 2025.",191,,,1
ash_liao_tattoo,https://www.threads.com/@ash_liao_tattoo/post/DPteGvZicLu,誒問一下 這週二是真的會辦這個活動嗎🥹？ 1 / 2,2025年10月12日 星期日 下午9:14,,"Photo by @ash_liao_tattoo on October 12, 2025.",21000,351,1624,9424,https://www.threads.com/@bigcity_hsinchu/post/DPvJEeXkyu7,請問主辦有準備脊髓液嗎？ 沒有的話，我不去送頭喔！,2025年10月13日 星期一 下午12:49,,,188,3,,3
tien_0328,https://www.threads.com/@tien_0328/post/DPoDXS7kRBQ,新竹人看了覺得毛躁 怎麼會有人麻糬用剪的⋯⋯,2025年10月10日 星期五 下午6:44,,"Photo by ㄊ on October 10, 2025.",1273,131,106,388,https://www.threads.com/@bigcity_hsinchu/post/DPp_GAfkznz,吃起拔，剪斷三雙木筷子是基本,2025年10月11日 星期六 下午12:45,,,267,2,,2
12dodo.29,https://www.threads.com/@12dodo.29/post/DPlG3wGAYNx,九族這次對光頭是有什麼意見啦！！！！🥹 禿頭跟平頭還不行… 快笑死 1 / 2,2025年10月9日 星期四 下午3:17,,"Photo by 多多 on October 09, 2025.",3253,319,105,4661,https://www.threads.com/@bigcity_hsinchu/post/DPlZIdGE-ua,想知道光頭是坑坑響還是空空響,2025年10月9日 星期四 下午5:57,,,49,1,,3
ettodayboba,https://www.threads.com/@ettodayboba/post/DPlDNRoEulG,🍮🍮🍮,2025年10月9日 星期四 下午2:45,,"Photo by 播吧BOBA on October 08, 2025.",7852,93,318,1922,https://www.threads.com/@bigcity_hsinchu/post/DPlYyXIk25P,丁布狗,2025年10月9日 星期四 下午5:54,,"Photo by Big City遠東巨城購物中心 on October 09, 2025.",409,1,11,55
hengrui.zone_5.27,https://www.threads.com/@hengrui.zone_5.27/post/DPi4JDME_F3,"半年前 我表弟為了脫單 一個人跑去樂成宮拜月老 在回家的路上為了閃一隻貓 結果出了車禍，被送進了醫院
我跟舅舅、舅媽聽到後都忍不住懷疑 是不是因為他拜的方式不對被月老懲罰了
結果三個月後 我喝到了他和醫院裡照顧他的護士的喜酒🫠 1 / 2",2025年10月8日 星期三 下午6:30,,,110000,1389,1172,15000,https://www.threads.com/@bigcity_hsinchu/post/DPlMjhAk41n,我同事跑去霞海跟樂成求月老 現在的老婆是樂成宮幫來的,2025年10月9日 星期四 下午4:07,,,18,2,,
hwayuanfoods,https://www.threads.com/@hwayuanfoods/post/DPicX4-EiNO,看看華元的行銷走得有多前面 好粥到,2025年10月8日 星期三 下午2:28,,,12000,205,985,4361,https://www.threads.com/@bigcity_hsinchu/post/DPihs7nE7IZ,Wow！🤘😎🤘🎶🎶✨️在這特別的日子裡✨️送給你們一首非常特別的歌曲😳🎵🎵🎉特別的愛給特別的你🥰🥰來享受一下拖拉機的臉🚜🚜帶給你法拉利🚘的聲音🕺🕺一起來🤩🤩欸❗️🪩🪩🪩 特別的愛～😍😍給特別的你～～😘 我的寂寞🥹逃不過你的眼睛👁👄👁 （特別的愛❤️～給特別的你💕💕） 🫵你讓我越來越❌️不相信自～己～～🥵🥵🥵 特別的愛～↗️↗️給特別的你～～😉 我的寂寞🫠逃不過你的眼睛👁👄👁 （特別的愛❤️～給特別的你💕💕） （🫵你讓我越來越❌️不相信自～己～💔💔💔） 嘿！🤘😎🤘相信自己一起開心快樂😁😁🎶🎶🎶🕺💃🫡🫡,2025年10月8日 星期三 下午3:14,,,687,2,9,33
ke191919,https://www.threads.com/@ke191919/post/DPiGyTlgdUX,歷史總是驚人的相似 1 / 2,2025年10月8日 星期三 上午11:19,,"Photo by 蔡凱文 on October 07, 2025. | Photo by 蔡凱文 on October 07, 2025.",60000,269,1906,2121,https://www.threads.com/@bigcity_hsinchu/post/DPihfq_k-nF,當事人哥哥：欸不是，我會變甜甜圈嗎？,2025年10月8日 星期三 下午3:12,,,123,1,,1
leohsu0701,https://www.threads.com/@leohsu0701/post/DPh9XAckmXH,現場的各位錯失巨城小編的真容了🤣,2025年10月8日 星期三 上午9:56,@bigcity_hsinchu,,42,1,,,https://www.threads.com/@bigcity_hsinchu/post/DPh9naSEyM1,沒人在乎我，只在乎加印。,2025年10月8日 星期三 上午9:58,,,83,1,,
hsuan19__,https://www.threads.com/@hsuan19__/post/DPb5RtBDwK0,"新竹人
新竹人去巨城的時候會不會有一種隨時都會遇到認識的人的感覺",2025年10月6日 星期一 上午1:25,,,9163,125,820,553,https://www.threads.com/@bigcity_hsinchu/post/DPc0cLtk51T,我可以很負責任的說 「會」,2025年10月6日 星期一 上午10:02,,,523,2,,3
gemixnee,https://www.threads.com/@gemixnee/post/DPZsbZ-E1JF,"夢想
自製糖葫蘆 DAY1 直到我開一家甜點店",2025年10月5日 星期日 上午4:54,,"Photo by 宇先深 on October 04, 2025.",25000,1309,1197,9697,https://www.threads.com/@bigcity_hsinchu/post/DParzdkk25t,老哥這樣吃，沒幾個月就能再身體裡背元素週期表了,2025年10月5日 星期日 下午2:08,,,1410,3,1,8
wuyaya__,https://www.threads.com/@wuyaya__/post/DPYsBUgEhWB,幹 不是說好一人至少帶三樣食材 有缺什麼再收錢，晚上去採買 現在才來五個同學，已經五條吐司了 還有兩條在路上，是要開烘培坊喔 晚上是要烤肉，還是烤麵包 = =,2025年10月4日 星期六 下午7:32,,,58000,695,1230,8648,https://www.threads.com/@bigcity_hsinchu/post/DPaPHChEz8N,烤肉帶吐司的人，應該都要先收押禁見,2025年10月5日 星期日 上午9:57,,,279,4,,7
bu_chen970508,https://www.threads.com/@bu_chen970508/post/DPWPu3lk8L_,如何懲罰二戰軸心國： 1 / 2,2025年10月3日 星期五 下午8:46,,"Photo by 阿布布布布布布 on October 03, 2025.",28000,166,1219,2424,https://www.threads.com/@bigcity_hsinchu/post/DPYGlgJE2fS,第三次世界大戰的導火線：50萬馬克的鮭魚起司披薩壽司,2025年10月4日 星期六 下午2:04,,,67,,,
foodimo_monster,https://www.threads.com/@foodimo_monster/post/DPVhvYWics8,"中秋烤肉
今年蔬菜就這樣烤了 1 / 2",2025年10月3日 星期五 下午2:04,,"Photo by Foodie魔 on October 02, 2025.",26000,225,529,8135,https://www.threads.com/@bigcity_hsinchu/post/DPXoib4E051,我的腎在哀嚎😩,2025年10月4日 星期六 上午9:42,,,93,,,1
hiraku,https://www.threads.com/@hiraku/post/DPUENuelapN,新竹不愧是科技城,2025年10月3日 星期五 上午12:27,,,27000,655,3353,21000,https://www.threads.com/@bigcity_hsinchu/post/DPV4P5ik5OB,黃仁勳這就是你想看到的竹科嗎？,2025年10月3日 星期五 下午5:21,,,1142,2,9,21
zerozerocrow,https://www.threads.com/@zerozerocrow/post/DPTbE2qE0S_,"萬萬沒想到
冷知識
你以為10月很多連假放很多天 實際上 你要上班的天數跟11月一模一樣",2025年10月2日 星期四 下午6:27,,"Photo by RED on October 02, 2025.",31000,585,1404,20000,https://www.threads.com/@bigcity_hsinchu/post/DPUz9skk1Zd,數學不會就是不會,2025年10月3日 星期五 上午7:24,,,105,,,3
topcityfe21,https://www.threads.com/@topcityfe21/post/DPTI6LKERYW,"百貨人生
百編媽媽：新聞說腿軟那個小編是你嗎？ 百編：………………(轉身買去波蘭的機票) 1 / 2",2025年10月2日 星期四 下午3:49,,"Photo by TopCity台中大遠百 on October 02, 2025. | Photo by TopCity台中大遠百 on October 02, 2025. | Photo by TopCity台中大遠百 on October 02, 2025.",834,125,2,56,https://www.threads.com/@bigcity_hsinchu/post/DPTXt89k09q,大哥讚喔👍,2025年10月2日 星期四 下午5:58,,,105,1,,
julytel0312,https://www.threads.com/@julytel0312/post/DPSsRsTD9QP,"這是回覆已無法顯示的貼文
小編不打算騎貢丸來台中跟台中百編們吃火鍋嗎？",2025年10月2日 星期四 上午11:38,,,3,1,,,https://www.threads.com/@bigcity_hsinchu/post/DPStM-pE4mM,他8月說要來找我，到現在還沒來，我怎麼可能先去找他,2025年10月2日 星期四 上午11:46,,,11,,,
ancillarypower_tw,https://www.threads.com/@ancillarypower_tw/post/DPQB-2ck0kN,"不知道大家會不會好奇 每一間公司的小編長什麼樣子
我超好奇 全聯、全家、IKEA、蝦皮、巨城之類的 會不會是個超好笑又超帥超美的人🧐 1 / 2",2025年10月1日 星期三 上午10:50,,,2768,398,21,134,https://www.threads.com/@bigcity_hsinchu/post/DPSn4HdExvw,我只是個意外面試進巨城上班的人,2025年10月2日 星期四 上午11:00,,,159,2,,1
topcityfe21,https://www.threads.com/@topcityfe21/post/DPQaovTE7Mw,"緊急狀況 剛剛協力廠商 滲透至百編辦公室 說要看百編本編 百編卒 這班不能上了 1 / 2
遠東百貨 Top City台中大遠百",2025年10月1日 星期三 下午2:26,,,4701,445,14,300,https://www.threads.com/@bigcity_hsinchu/post/DPQvJ5pk6B9,讓他們知道，台中市西屯區台灣大道三段251號權志龍/金旼炡，不是叫假的。,2025年10月1日 星期三 下午5:25,,,258,3,,14
yuanyuan73,https://www.threads.com/@yuanyuan73/post/DPOQdhpAUA1,地瓜球新的表情貼怎麼很像維力炸醬麵 翻譯,2025年9月30日 星期二 下午6:18,,"Photo by @yuanyuan73 on September 30, 2025. | Photo by @yuanyuan73 on September 30, 2025.",8064,21,580,2756,https://www.threads.com/@bigcity_hsinchu/post/DPQBp3nk0p5,欸～～～～維力炸醬麵,2025年10月1日 星期三 上午10:47,,,19,,,
k3lly3ang,https://www.threads.com/@k3lly3ang/post/DPOd-1QEvY5,"蘿蔔
有一天 要煮飯 你媽叫你去買「蘿蔔」 請問：這你會買「紅蘿蔔」還是「白蘿蔔」？",2025年9月30日 星期二 下午8:16,,,2644,434,2,68,https://www.threads.com/@bigcity_hsinchu/post/DPP5DVWE825,白蘿蔔，誰會想吃紅蘿蔔,2025年10月1日 星期三 上午9:32,,,282,3,,6
topcityfe21,https://www.threads.com/@topcityfe21/post/DPONniek5jo,Big哥怎麼才來，先👊🏻,2025年9月30日 星期二 下午5:53,@bigcity_hsinchu,,83,2,,1,https://www.threads.com/@bigcity_hsinchu/post/DPOOgq8E-1M,演算法沒讓我看到你,2025年9月30日 星期二 下午6:01,,,15,1,,
topcityfe21,https://www.threads.com/@topcityfe21/post/DPK8xC8EwgF,"很多人問百編的公關同事 百編的好鄰居回歸有什麼因應 我們都很突然的扛了225天了 連躺下來休息一下再戰的資格都沒有嗎 1 / 2
遠東百貨 Top City台中大遠百",2025年9月29日 星期一 上午11:29,,,8248,450,79,1818,https://www.threads.com/@bigcity_hsinchu/post/DPONCnUkcWI,我扛13年了，老哥。,2025年9月30日 星期二 下午5:48,,,445,4,1,9
cengweizheceng,https://www.threads.com/@cengweizheceng/post/DPJoJI6j5ga,不是到底哪個才是猗窩座？？？ 1 / 2,2025年9月28日 星期日 下午11:09,,"Photo by 哲 on September 28, 2025. | Photo by 哲 on September 28, 2025.",14000,93,536,492,https://www.threads.com/@bigcity_hsinchu/post/DPL3hYYk30B,左邊的很帥 右邊的有染頭髮,2025年9月29日 星期一 下午8:02,,,83,1,,1
413u14.7777777,https://www.threads.com/@413u14.7777777/post/DPLVB0pDxp0,今日最震驚：維利炸醬麵不吃乾的不吃湯的，而是用沾麵的方式吃,2025年9月29日 星期一 下午3:01,,"Photo by @413u14.7777777 on September 29, 2025.",7425,148,452,3227,https://www.threads.com/@bigcity_hsinchu/post/DPLxfBPk9Kh,請帶買哥帶著維力沾醬麵離開地球,2025年9月29日 星期一 下午7:09,,,320,,2,11
petlover7772025,https://www.threads.com/@petlover7772025/post/DPK-vApE5dV,奴僕們，接受我可愛的統治吧 1 / 2,2025年9月29日 星期一 上午11:46,,"Photo by @petlover7772025 on September 28, 2025.",130000,743,8931,24000,https://www.threads.com/@bigcity_hsinchu/post/DPLU3mcE6nH,我要讓全世界感受到我的痛苦 森羅天增🤲,2025年9月29日 星期一 下午2:59,,,98,1,,
7zcin_,https://www.threads.com/@7zcin_/post/DPBJtIgCdNH,到底是誰對話長這樣 1 / 2,2025年9月25日 星期四 下午4:09,,"Photo by 絕世雷霆菜17 on September 25, 2025.",16000,292,980,2646,https://www.threads.com/@bigcity_hsinchu/post/DPDuti6ExFe,我曾經算出廷伃來孔廟18342次,2025年9月26日 星期五 下午4:11,,,77,,,2
aaamin8598,https://www.threads.com/@aaamin8598/post/DPBpy1QCa2q,誰到巨城要花90分鐘,2025年9月25日 星期四 下午8:50,@bigcity_hsinchu,,54,1,,,https://www.threads.com/@bigcity_hsinchu/post/DPBqNvQE6J7,台中大遠百,2025年9月25日 星期四 下午8:53,,,97,,,
edward911026,https://www.threads.com/@edward911026/post/DO-0p7bk1nc,牙洗好了，肢也截了,2025年9月24日 星期三 下午6:28,,,16000,243,311,3107,https://www.threads.com/@bigcity_hsinchu/post/DPA1xiJE27v,感覺他要Smash了,2025年9月25日 星期四 下午1:15,,"Photo by Big City遠東巨城購物中心 on September 24, 2025.",166,,,2
b3rry_404,https://www.threads.com/@b3rry_404/post/DO82F1mkqa2,當你真的很想找一首歌但你連名字都不知道： 1 / 2,2025年9月24日 星期三 上午12:01,,"Photo by 阿莓^^♪ on September 23, 2025.",20000,157,541,2209,https://www.threads.com/@bigcity_hsinchu/post/DO92bMsk5it,米津玄師被你說的像米津法師,2025年9月24日 星期三 上午9:23,,,2627,5,13,72
connie_hung1013,https://www.threads.com/@connie_hung1013/post/DO3qmqqgaJU,難道只有我吃涮涮鍋這樣煮蛋嗎🥲 1 / 3,2025年9月21日 星期日 下午11:44,,"Photo by @connie_hung1013 on September 21, 2025. | Photo by @connie_hung1013 on September 21, 2025.",220000,5461,14000,79000,https://www.threads.com/@bigcity_hsinchu/post/DO6IR_PE4SZ,你是什麼特級廚師嗎？,2025年9月22日 星期一 下午10:42,,,183,,,2
chu77__,https://www.threads.com/@chu77__/post/DO1LxXtkuVS,"電影推薦
我哭最久的一部電影 到現在都不敢重看
外婆沒有一句台詞 卻用耐心和愛去回應所有任性 1 / 2",2025年9月21日 星期日 上午12:36,,"Photo by Doris朵芮希 on September 20, 2025. | Photo by Doris朵芮希 on September 20, 2025. | Photo by Doris朵芮希 on September 20, 2025. | Photo by Doris朵芮希 on September 20, 2025. | Photo by Doris朵芮希 on September 20, 2025. | Photo by Doris朵芮希 on September 20, 2025. | Photo by Doris朵芮希 on September 20, 2025. | Photo by Doris朵芮希 on September 20, 2025.",42000,1122,2984,4844,https://www.threads.com/@bigcity_hsinchu/post/DO3KmsNk7Z8,看到阿嬤為了電池走下山去買的我：（哭爛）,2025年9月21日 星期日 下午7:05,,"Photo by Big City遠東巨城購物中心 on September 21, 2025.",541,2,,3
zerosue680314,https://www.threads.com/@zerosue680314/post/DOq4w4NEbPw,"台積電
聽說是所有台積電工程師最怕的歌 XD
來源：燒蝦",2025年9月17日 星期三 上午12:40,,,2749,171,138,4005,https://www.threads.com/@bigcity_hsinchu/post/DO2mKPiEwkG,現在TSMC工程師都換iPhone了,2025年9月21日 星期日 下午1:46,,,107,4,,2
i20mini,https://www.threads.com/@i20mini/post/DOxjhaRkoCa,咒0 vs 死滅 憂太這幾年轉變好大 1 / 2,2025年9月19日 星期五 下午2:47,,"Photo by Mini on September 18, 2025. | Photo by Mini on September 18, 2025.",14000,98,459,1189,https://www.threads.com/@bigcity_hsinchu/post/DOx0YdyE2io,剛進公司的我 vs 在公司待3年的我,2025年9月19日 星期五 下午5:14,,,187,,,11
jialysm,https://www.threads.com/@jialysm/post/DOw3F3yEmFr,或許你們覺得奢侈 但這只是我的日常罷了,2025年9月19日 星期五 上午8:19,,"Photo by @jialysm on September 18, 2025.",60000,2166,2358,4390,https://www.threads.com/@bigcity_hsinchu/post/DOxc-D1k9Sm,"< 學校調查家庭狀況 >
我：去全聯不用看價格 老師：同學，你是超級有錢人欸",2025年9月19日 星期五 下午1:50,,,276,1,1,
chronnyz,https://www.threads.com/@chronnyz/post/DOvZeiDk2EX,攝影工作者的夢靨：啊我就怕被罵啊,2025年9月18日 星期四 下午6:41,,"Photo by Ronnie．羅尼 on September 18, 2025.",31000,253,1803,5594,https://www.threads.com/@bigcity_hsinchu/post/DOxAso8E9Zz,大家聽好了齁，現在法師把香Airdrop過去，拜三拜之後，再Airdrop回來,2025年9月19日 星期五 上午9:43,,,167,1,,3
163__see,https://www.threads.com/@163__see/post/DOncjayDwjU,"現在的小學生： 懂穿搭 經營ig 化妝超屌
我以前： 冰箱門關起來裡面的燈會不會暗掉",2025年9月15日 星期一 下午4:34,,,59000,355,2768,2042,https://www.threads.com/@bigcity_hsinchu/post/DOp1AG7Eygh,電風扇：（轉） 我：啊～～～～～～,2025年9月16日 星期二 下午2:46,,,128,2,,2
spacex_fm,https://www.threads.com/@spacex_fm/post/DOnm-86Elun,"不懂就問脆
女朋友第一次煮蝦 跟我說這道菜叫胡椒蝦 1 / 2",2025年9月15日 星期一 下午6:05,,"Photo by 🔥shi bei xiu｜jia ye🏅 on September 15, 2025. | Photo by 🔥shi bei xiu｜jia ye🏅 on September 15, 2025.",30000,1231,965,8789,https://www.threads.com/@bigcity_hsinchu/post/DOpmlMLE-6M,這蝦死了兩次,2025年9月16日 星期二 下午12:40,,,240,,,3
_.ub.___,https://www.threads.com/@_.ub.___/post/DON7fK1Ezj1,"幸福
：阿嬤我可以笑嗎？ ：可以啊！但要小聲點哦 shit 原來生活中還有這麼溫暖的一幕🥹",2025年9月5日 星期五 下午6:45,,,210000,1965,11000,6482,https://www.threads.com/@bigcity_hsinchu/post/DOm5c9Pk9iT,"以為辦公室天花板漏水了，本來想跟主管反應，結果是我的眼淚😭
好想我阿婆煮的麵線卵",2025年9月15日 星期一 上午11:27,,,135,1,,2
erichsuyc,https://www.threads.com/@erichsuyc/post/DOjFBu9E-LO,女友：為什麼要拍這個窗戶？ 我：網路上的人會懂的,2025年9月13日 星期六 下午11:51,,"Photo by Eric on September 13, 2025. | Photo by Eric on September 13, 2025.",51000,387,996,1622,https://www.threads.com/@bigcity_hsinchu/post/DOkIoQBE8pN,面試時最希望看到的指引,2025年9月14日 星期日 上午9:42,,,139,1,,1
tony__winn,https://www.threads.com/@tony__winn/post/DOiML08ErEJ,台灣人有多閒 聚在路邊看兩隻貓吵架,2025年9月13日 星期六 下午3:36,,,75000,557,4836,12000,https://www.threads.com/@bigcity_hsinchu/post/DOizqVWE1XA,雖然聽不懂，但肯定罵得很髒,2025年9月13日 星期六 下午9:19,,,500,,,5
hhhmingccc,https://www.threads.com/@hhhmingccc/post/DOdm1nkAbn1,看到Lulu跟陳漢典結婚 我朋友：,2025年9月11日 星期四 下午8:51,,"Photo by MiNG ✈️ on September 11, 2025.",95000,1327,3173,11000,https://www.threads.com/@bigcity_hsinchu/post/DOf5VT0kxH1,球都殺到臉上了，你還在嘻嘻哈哈,2025年9月12日 星期五 下午6:11,,,385,,,2
nora_chacha.f,https://www.threads.com/@nora_chacha.f/post/DOe1o7nkyWN,雖然今天週五，但也不用開心到飛起吧🤣 1/2,2025年9月12日 星期五 上午8:20,,"Photo by @nora_chacha.f on September 11, 2025.",65000,248,3244,9413,https://www.threads.com/@bigcity_hsinchu/post/DOf2NYaE2nz,記得最後會有一坨屎飛起來，掉在另一隻松鼠頭上，我記錯了嗎？,2025年9月12日 星期五 下午5:44,,,72,,,2
znhxga_,https://www.threads.com/@znhxga_/post/DOdcRZ_k3pP,我第一次去音樂祭唯一一次 只進去了5分鐘 聽了一首歌 好像是什麼美圖秀秀唱的 我是被同學綁去的 聽完一首就受不了 那裡沒有書，沒有考卷，沒有老師，太嘈雜了 並不適合我，我只想好好學習，考取功名，報效國家 而不是跟著一群人在台下電電電電電電電火王 1/2,2025年9月11日 星期四 下午7:19,,,10000,142,926,2442,https://www.threads.com/@bigcity_hsinchu/post/DOfz2tSE2Gv,美秀集團捲完菸，就來捲你,2025年9月12日 星期五 下午5:23,,,258,1,3,12
bbagooo_,https://www.threads.com/@bbagooo_/post/DOdJSdmk7UU,"冰淇淋
讓子宮知道誰才是主人 1/2",2025年9月11日 星期四 下午4:33,,"Photo by oo ₍˄·͈༝·͈˄₎◞ ̑̑ on September 11, 2025. | Photo by oo ₍˄·͈༝·͈˄₎◞ ̑̑ on September 11, 2025. | Photo by oo ₍˄·͈༝·͈˄₎◞ ̑̑ on September 11, 2025. | Photo by oo ₍˄·͈༝·͈˄₎◞ ̑̑ on September 11, 2025. | Photo by oo ₍˄·͈༝·͈˄₎◞ ̑̑ on September 11, 2025. | Photo by oo ₍˄·͈༝·͈˄₎◞ ̑̑ on September 11, 2025. | Photo by oo ₍˄·͈༝·͈˄₎◞ ̑̑ on September 11, 2025. | Photo by oo ₍˄·͈༝·͈˄₎◞ ̑̑ on September 11, 2025. | Photo by oo ₍˄·͈༝·͈˄₎◞ ̑̑ on September 11, 2025. | Photo by oo ₍˄·͈༝·͈˄₎◞ ̑̑ on September 11, 2025.",48000,701,2025,8097,https://www.threads.com/@bigcity_hsinchu/post/DOfkiCgk_Pk,子宮：,2025年9月12日 星期五 下午3:09,,"Photo by Big City遠東巨城購物中心 on September 12, 2025.",59,1,,
__helenka__,https://www.threads.com/@__helenka__/post/DOaj2hkEuNf,大埔 1 / 2,2025年9月10日 星期三 下午4:27,,"Photo by 有花果🌸 on September 10, 2025.",1453,10,88,101,https://www.threads.com/@bigcity_hsinchu/post/DOakRDJE1kl,炒三鮮+半熟蛋，不辣。,2025年9月10日 星期三 下午4:31,,,46,,,4
thewho0711,https://www.threads.com/@thewho0711/post/DOZ6mwqEzm_,"你就是我的女主角啦
太讚了！！ 最喜歡台灣人把才華灑在奇怪的地方❤️
運鏡也充滿台灣感性
（溫馨提醒：這是路邊的真實吵架） 1 / 2",2025年9月10日 星期三 上午10:27,,,47000,1286,3339,42000,https://www.threads.com/@bigcity_hsinchu/post/DOaOhnRE5bj,文青版片名可以選：六弄熱狗館 草根版片名可以選：當男人戀愛時2 - 浪流連,2025年9月10日 星期三 下午1:21,,,547,9,36,340
eason_12_02,https://www.threads.com/@eason_12_02/post/DOZGHD7kozU,17pro的橘 到底是愛馬仕橘 還是垃圾桶橘,2025年9月10日 星期三 上午2:48,,"Photo by EaSOn on September 09, 2025. | Photo by EaSOn on September 09, 2025. | Photo by EaSOn on September 09, 2025.",4875,308,183,3663,https://www.threads.com/@bigcity_hsinchu/post/DOZpl5ak-Hn,厚速貢橘,2025年9月10日 星期三 上午7:58,,"Photo by Big City遠東巨城購物中心 on September 09, 2025.",595,23,1,51
yt___1213,https://www.threads.com/@yt___1213/post/DOX2MVzAFGi,"巨城
新竹的你各位準備排隊了😂😂
Big City遠東巨城購物中心",2025年9月9日 星期二 下午3:10,,"Photo by 🔅 我是𝒀𝑻 | 斜槓人生 | 旅人日記🔅 on September 09, 2025.",3505,74,175,6451,https://www.threads.com/@bigcity_hsinchu/post/DOYofdLk8uD,會不會排隊我不知道，但4樓那邊準備開一些酷東西，沒事去晃晃看,2025年9月9日 星期二 下午10:29,,,214,1,,16
the_kdaily,https://www.threads.com/@the_kdaily/post/DOYWBmIEREs,"看韓國人如何清洗竹片涼席(誤)
有這種瘋勁做什麼都會成功的🙂",2025年9月9日 星期二 下午7:48,,"Photo by Kdaily 韓粉日常 on September 09, 2025. | Photo by Kdaily 韓粉日常 on September 09, 2025. | Photo by Kdaily 韓粉日常 on September 09, 2025. | Photo by Kdaily 韓粉日常 on September 09, 2025. | Photo by Kdaily 韓粉日常 on September 09, 2025. | Photo by Kdaily 韓粉日常 on September 09, 2025. | Photo by Kdaily 韓粉日常 on September 09, 2025. | Photo by Kdaily 韓粉日常 on September 09, 2025. | Photo by Kdaily 韓粉日常 on September 09, 2025. | Photo by Kdaily 韓粉日常 on September 09, 2025. | Photo by Kdaily 韓粉日常 on September 09, 2025.",52000,225,1335,5677,https://www.threads.com/@bigcity_hsinchu/post/DOYoRfWE09Q,洗過看起來就不會夾腿毛了，這樣就不叫涼席了,2025年9月9日 星期二 下午10:27,,,188,,,4
beigou0427,https://www.threads.com/@beigou0427/post/DOVkVQpD0Im,時空錯亂的冷知識： . 任天堂成立時（1889年） 慈禧太后還掌握大權 當年慈禧54歲 1 / 2,2025年9月8日 星期一 下午5:55,,"Photo by 貝伊果屋 on September 08, 2025.",55000,337,1753,4884,https://www.threads.com/@bigcity_hsinchu/post/DOXcUICE386,八國聯軍到圓明園玩馬力歐賽車,2025年9月9日 星期二 上午11:24,,,115,,1,4
2qua.o0,https://www.threads.com/@2qua.o0/post/DON0JFfgaiv,都是鄭成功害的 祖國我只認荷蘭,2025年9月5日 星期五 下午5:39,,,57000,921,3374,12000,https://www.threads.com/@bigcity_hsinchu/post/DOOmI-JEw5t,鄭成功，我勸你不要多管閒事,2025年9月6日 星期六 上午12:56,,,5330,5,16,112
fen711111,https://www.threads.com/@fen711111/post/DOM_t8nk5Hi,"新竹
明明每天都看的到巨城，因為就在我家旁邊不看也不行
也默默跟巨城相處10幾年到目前還是非常喜歡，畢竟有事沒事都來走一下，直到現在天氣好、心情好看到巨城還是想幫它拍照，手機有很多關於巨城的照片😂😂😂
怎麼看起來像一封情書了，但新竹人愛巨城是真的",2025年9月5日 星期五 上午10:01,,"Photo by Fen on September 04, 2025.",,15,,,https://www.threads.com/@bigcity_hsinchu/post/DON3zxQE5yi,愛了10幾年，真愛無誤,2025年9月5日 星期五 下午6:12,,,66,2,,
chachacha515,https://www.threads.com/@chachacha515/post/DOLcW6DkyYy,"不懂就問脆友
不懂就問脆友
心血來潮想做蒸蛋 有記得要過篩 結果電鍋一打開變這樣 求問下次該如何調整🤔 1 / 3",2025年9月4日 星期四 下午7:33,,"Photo by @chachacha515 on September 04, 2025.",8442,1011,276,4830,https://www.threads.com/@bigcity_hsinchu/post/DONJVstE5hl,想問怎麼把蛋變成脆皮雞排的,2025年9月5日 星期五 上午11:25,,,474,2,,12
pxmart,https://www.threads.com/@pxmart/post/DOLYxLJk_Tg,⣿⣿⣿⣿⣿⣿⠟⠀⠹⣿⣿⣿⣿⣿⣿⣿⣿⣿⣿⣿⣿⣿⣿ ⣿⣿⣿⣿⣿⣿⠇⠀⠀⠈⠿⣿⣿⣿⣿⣿⣿⣿⣿⣿⣿⣿⣿ ⣿⣿⣿⡿⠋⠀⠀⠀⠀⠀⠀⠀⠀⠉⠻⣿⣿⣿⣿⣿⣿⣿⣿ ⣿⡿⠋⠀⠀⠀⠀⠀⠀⠀⠀⠀⠀⠀⠀⢿⣿⣿⣿⣿⣿⣿⣿ ⠀⠀⠀⠀⠀⠀⠀⠀⠀⠀⠀⠀⠀⠀⠀⣠⣿⣿⣿⣿⣿⣿⣿ ⠀⠀⠀⠀⠀⠀⠀⠀⠀⠀⠀⣤⣶⣶⣿⣿⣿⣿⣿⣿⣿⣿⣿ ⠀⠀⠀⠀⠀⠀⠀⠀⢀⣶⣿⣿⣿⣿⣿⣿⣿⣿⣿⣿⣿⣿⣿ ⠀⠀⠀⠀⠀⠀⠀⢀⣿⣿⣿⣿⠿⣿⠿⣿⣿⣿⣿⣿⣿⣿⣿ ⠀⠀⠀⠀⠀⠀⠀⠿⠿⠿⠿⠏⠛⠀⠀⢈⠻⢿⣿⣿⣿⣿⣿ ⠀⠀⠀⠀⠀⠀⠀⠀⠀⠀⠀⣀⣤⣤⣶⣶⣦⣭⣐⣹⣿⣿⣿ ⠀⠀⠀⠀⠀⠀⢀⣤⣶⣿⣿⣿⣿⣿⣿⣿⣿⣿⣿⣿⣿⣿⣿,2025年9月4日 星期四 下午7:02,@bigcity_hsinchu,,679,5,9,8,https://www.threads.com/@bigcity_hsinchu/post/DOLcMbdEz_C,你冷靜，拜託,2025年9月4日 星期四 下午7:32,,,62,,,
iyashi_cat,https://www.threads.com/@iyashi_cat/post/DOK2LftE_pF,一瞬まじでビビった😱😅 翻譯,2025年9月4日 星期四 下午2:00,,,11000,138,151,98,https://www.threads.com/@bigcity_hsinchu/post/DOLMcnhE9k6,貓：喵喵喵，喵喵，喵！ （最好不要放我下來，不然我踏平這個世界）,2025年9月4日 星期四 下午5:14,,"Photo by Big City遠東巨城購物中心 on September 04, 2025.",69,,,5
vanillanai,https://www.threads.com/@vanillanai/post/DOKE_xXkpIh,我的麥香魚有話說的樣子,2025年9月4日 星期四 上午6:50,,"Photo by vanilla on September 03, 2025. | Photo by vanilla on September 03, 2025.",26000,316,495,518,https://www.threads.com/@bigcity_hsinchu/post/DOKxTANE1Kv,麥香魚：「吃了我…解放我可憐的靈魂…」,2025年9月4日 星期四 下午1:17,,,31,,,
sashashock,https://www.threads.com/@sashashock/post/DOJX3OQCdrW,"悲傷的故事
這陣子常跑彰化吃爌肉飯，每次查爌肉飯評價都會看到這個人的評論，今天又看到，忍不住把他所有的評論都看完，沒想到看到一個比悲傷更悲傷的故事.....😭😭😭😭😭😭😭",2025年9月4日 星期四 上午12:15,,"Photo by Sashashock on September 03, 2025. | Photo by Sashashock on September 03, 2025. | Photo by Sashashock on September 03, 2025. | Photo by Sashashock on September 03, 2025. | Photo by Sashashock on September 03, 2025. | Photo by Sashashock on September 03, 2025. | Photo by Sashashock on September 03, 2025. | Photo by Sashashock on September 03, 2025. | Photo by Sashashock on September 03, 2025.",65000,1887,4443,41000,https://www.threads.com/@bigcity_hsinchu/post/DOKjcjkk84r,彰化純愛戰神 — 控肉憂太,2025年9月4日 星期四 上午11:16,,,332,4,1,11
nyanlok,https://www.threads.com/@nyanlok/post/DOKQqcFkpbN,鬆餅失敗變了遊戲王卡 1 / 2,2025年9月4日 星期四 上午8:32,,"Photo by 小樂 on September 03, 2025.",170000,1385,11000,32000,https://www.threads.com/@bigcity_hsinchu/post/DOKjTRHE2SI,我猜是神聖彗星反射力量,2025年9月4日 星期四 上午11:15,,,60,,,2
hong_chi_0722,https://www.threads.com/@hong_chi_0722/post/DOIE0sqEVMO,"諧音梗
男校讀久會恐女 女校讀久會恐男 夜間部讀久了會恐明嗎",2025年9月3日 星期三 下午12:10,,,55000,235,4003,5822,https://www.threads.com/@bigcity_hsinchu/post/DOKOyH1E4Vr,聽說謝新達是讀夜間部的 後來大家都叫他豬哥恐明,2025年9月4日 星期四 上午8:15,,,62,2,,4
7_7zai_rong,https://www.threads.com/@7_7zai_rong/post/DOGNYVvE9L6,如果不想死，就趕緊逃跑吧。 情況開始失控了，月亮變的很紅，已經沒時間了,2025年9月2日 星期二 下午6:46,,"Photo by 是温不是溫 on September 02, 2025.",8695,626,675,4397,https://www.threads.com/@bigcity_hsinchu/post/DOHyXNUk722,我要創造一個有妳的世界,2025年9月3日 星期三 上午9:28,,,130,1,,2
,https://www.threads.com/@jeffery_lin6/post/DOENga-k8dy,宿舍日常,2025年9月2日 星期二 上午12:09,,"Photo by 林育傑 Jie on September 01, 2025.",6089,137,101,530,https://www.threads.com/@bigcity_hsinchu/post/DOGKeQdk49P,感覺就是會有阿公衝去跨腳運動的東西,2025年9月2日 星期二 下午6:21,,,52,,,1
anitashotsauce,https://www.threads.com/@anitashotsauce/post/DODXruqD1O_,這個塗鴉畫得很好欸 ， 配上台東藍天空，忍不住拍下。 不知道哪天就會被清掉了。 好奇這位藝術家是哪位，有人會知道嗎 1 / 2,2025年9月1日 星期一 下午4:18,,"Photo by Anita's Hot Sauce 安妮塔手工辣醬 on September 01, 2025.",18000,148,514,1997,https://www.threads.com/@bigcity_hsinchu/post/DOFym38E8mA,MOMO你有看到我的毛毛抱枕嗎！,2025年9月2日 星期二 下午2:52,,,101,2,,
hsh.waierullrich,https://www.threads.com/@hsh.waierullrich/post/DOD7PywE-uZ,看到Melody，你耳裡傳來的第一句話是： 1 / 2,2025年9月1日 星期一 下午9:29,,"Photo by 厭世小編日記✍️ on September 01, 2025.",17000,1916,1394,4778,https://www.threads.com/@bigcity_hsinchu/post/DOFE1oQk30o,我跟妳說小欸死～,2025年9月2日 星期二 上午8:12,,,41,,,
workmeme_,https://www.threads.com/@workmeme_/post/DOAHhk2ATsR,每次主管在群組丟任務 我都回「收到🙏」 他以為我是感恩回覆 其實我是雙手合十幫他超度,2025年8月31日 星期日 上午9:59,,,20000,188,1133,5154,https://www.threads.com/@bigcity_hsinchu/post/DOBl3rRk1P8,我都回「好💪」 他以為我是全力以赴 但其實我想全力揍他,2025年8月31日 星期日 下午11:44,,,337,2,3,10
yuehang_,https://www.threads.com/@yuehang_/post/DOBkhTLEnUa,你是不是有偷看我的愛角名單,2025年8月31日 星期日 下午11:32,@bigcity_hsinchu,,26,1,,,https://www.threads.com/@bigcity_hsinchu/post/DOBlPRIE7w1,有看到，跟我的愛角一樣,2025年8月31日 星期日 下午11:38,,,,,,
yuehang_,https://www.threads.com/@yuehang_/post/DOBdBoaAf2x,咒術預告看點之一：超帥弟控來襲⋯ 1 / 2,2025年8月31日 星期日 下午10:33,,,11000,88,983,995,https://www.threads.com/@bigcity_hsinchu/post/DOBjzJTE0n7,整個咒術我覺得有在認真的做事就只有 娜娜明、夏油傑、脹相歐尼醬、冥冥,2025年8月31日 星期日 下午11:26,,,451,4,3,12
hsssssin__,https://www.threads.com/@hsssssin__/post/DOBQh3Okicv,"咒術迴戰
《咒術迴戰：死滅迴游 前篇》 PV 公開！！ 2026年1月 放送開始 翻譯 1 / 2",2025年8月31日 星期日 下午8:41,,,19000,227,2661,10000,https://www.threads.com/@bigcity_hsinchu/post/DOBiZZRE0rM,雖然知道要被劇情賞巴掌，但還是要來看純愛戰神大殺四方,2025年8月31日 星期日 下午11:14,,,113,1,,2
alice9221,https://www.threads.com/@alice9221/post/DN9-8_7j65X,這樣下雨感覺不太方便 會越坐越膨🤔,2025年8月30日 星期六 下午2:06,@bigcity_hsinchu,,5,1,,,https://www.threads.com/@bigcity_hsinchu/post/DN9_M9_k4vo,沒有什麼液體是新竹的風處理不了的,2025年8月30日 星期六 下午2:08,,,20,,,
7kaizy_,https://www.threads.com/@7kaizy_/post/DN9ahXyk6AW,我近視了 縱使戴上了眼鏡也看不穿你的真心 1 / 2,2025年8月30日 星期六 上午8:48,,"Photo by 𝙆𝙖𝙞𝙯𝙯 on August 29, 2025.",69000,750,5660,32000,https://www.threads.com/@bigcity_hsinchu/post/DN9-8FWE2Ud,你是不是會在捷運上拿著吉他唱我熱烈的吻的蝙蝠俠,2025年8月30日 星期六 下午2:06,,,149,1,,
queenrabbits,https://www.threads.com/@queenrabbits/post/DN94ladAESZ,新竹人第二種交通工具不是搭風箏嗎？,2025年8月30日 星期六 下午1:10,@bigcity_hsinchu,,2,1,,,https://www.threads.com/@bigcity_hsinchu/post/DN9-whBk1ox,那是南寮人專屬,2025年8月30日 星期六 下午2:04,,,26,,,
jefferyjr_320,https://www.threads.com/@jefferyjr_320/post/DN90iauj3ph,貢丸還是比較方便,2025年8月30日 星期六 下午12:35,@bigcity_hsinchu,,21,1,,1,https://www.threads.com/@bigcity_hsinchu/post/DN90mmXExwu,大實話，我也比較喜歡貢丸的流體力學,2025年8月30日 星期六 下午12:36,,,42,,,
mrif01844522,https://www.threads.com/@mrif01844522/post/DN9ytIYE5kY,巨城頂樓不是市民專用米粉停車場嗎？,2025年8月30日 星期六 下午12:19,@bigcity_hsinchu,,117,1,,,https://www.threads.com/@bigcity_hsinchu/post/DN90jDCExaM,4,2025年8月30日 星期六 下午12:35,,,41,,,
kssogo.tw,https://www.threads.com/@kssogo.tw/post/DN9yzVHCcfF,吃著吃著就抵達了🤤,2025年8月30日 星期六 下午12:20,@bigcity_hsinchu,,100,1,,1,https://www.threads.com/@bigcity_hsinchu/post/DN90h3Tk9D8,你是跟遠百要一起來是嗎,2025年8月30日 星期六 下午12:35,,,111,1,,1
topcityfe21,https://www.threads.com/@topcityfe21/post/DN9xnX4k2Zp,哥，下次我去巨城玩你可帶我去坐嗎,2025年8月30日 星期六 下午12:10,@bigcity_hsinchu,,288,1,,1,https://www.threads.com/@bigcity_hsinchu/post/DN9zi_lk11m,可，想吃蛋餅，幫帶,2025年8月30日 星期六 下午12:26,,,238,2,,3
skmlive,https://www.threads.com/@skmlive/post/DN9xaWID-3w,需要烤駕照嗎？感覺很脆,2025年8月30日 星期六 下午12:08,@bigcity_hsinchu,,511,1,,2,https://www.threads.com/@bigcity_hsinchu/post/DN9yoQDEzNh,這句話，你是看不起新竹的風,2025年8月30日 星期六 下午12:18,,,416,,,1
kueh_tsong_ui,https://www.threads.com/@kueh_tsong_ui/post/DN9T0_gEvti,黃光色的波紋疾走,2025年8月30日 星期六 上午7:49,@bigcity_hsinchu,,,1,,,https://www.threads.com/@bigcity_hsinchu/post/DN9xTOYkwqO,黃色閃光波紋疾走,2025年8月30日 星期六 下午12:07,,"Photo by Big City遠東巨城購物中心 on August 29, 2025.",,,,
snow6youmax3,https://www.threads.com/@snow6youmax3/post/DN71_LMgXF9,小編今天很孤單轟！吉良吉影都有手伴了,2025年8月29日 星期五 下午6:09,@bigcity_hsinchu,"Photo by 🌸璇🌸 on August 29, 2025.",44,1,,,https://www.threads.com/@bigcity_hsinchu/post/DN7_PIakzx9,我還記得你跟全聯的事,2025年8月29日 星期五 下午7:30,,,23,1,,
6owldoor,https://www.threads.com/@6owldoor/post/DN7x0hBD83w,"你家董事長是不是....
不然怎麼每次逛時間都過這麼快",2025年8月29日 星期五 下午5:33,@bigcity_hsinchu,,112,1,,7,https://www.threads.com/@bigcity_hsinchu/post/DN7yBpDk9pQ,是，她會削掉時間，所以我都叫他老闆,2025年8月29日 星期五 下午5:35,,,61,1,,
farmshoplion1070127,https://www.threads.com/@farmshoplion1070127/post/DN5TKaTEvDf,"客家人一定知道這是什麼😋 吃過的舉手✋
奶奶煮的豆乾湯",2025年8月28日 星期四 下午6:26,,"Photo by 苗栗縣獅潭鄉農會-獅農小舖 on August 28, 2025.",513,302,32,91,https://www.threads.com/@bigcity_hsinchu/post/DN7PzvYE2Zq,豆干湯,2025年8月29日 星期五 下午12:36,,,22,1,,
fyxic,https://www.threads.com/@fyxic/post/DN3ZiTE5ooS,就是上班上瘋了。,2025年8月28日 星期四 上午12:44,,,6353,26,416,1344,https://www.threads.com/@bigcity_hsinchu/post/DN43kzdk4Mm,只要不在乎，上班就像在馬爾地夫,2025年8月28日 星期四 下午2:25,,,132,1,2,8
abbyabby0812,https://www.threads.com/@abbyabby0812/post/DN2nOU75izE,有養寵物的都懂，明明知道它聽不懂，但還是會忍不住一直跟它說話 1 / 3,2025年8月27日 星期三 下午5:24,,,29000,301,2833,1025,https://www.threads.com/@bigcity_hsinchu/post/DN43dD7Ez6M,跟同事講話降低3個音階 跟寵物講話提升3個音階,2025年8月28日 星期四 下午2:24,,,83,3,,2
7eleventw,https://www.threads.com/@7eleventw/post/DN41WQbj3uB,跟你分享冷知識：我們家20歲的OPEN小將 − 13歲的巨城 ＝ 7,2025年8月28日 星期四 下午2:06,@bigcity_hsinchu,,41,1,,,https://www.threads.com/@bigcity_hsinchu/post/DN42ChRE60K,希望歐噴醬可以拜託老闆，把招牌換回綠框的，白框我不喜歡,2025年8月28日 星期四 下午2:12,,,33,,,
jgssg.com.tw,https://www.threads.com/@jgssg.com.tw/post/DN4kk-6k0O8,即將52歲，但保持年輕的心,2025年8月28日 星期四 上午11:39,@bigcity_hsinchu,,6,1,,,https://www.threads.com/@bigcity_hsinchu/post/DN4xsgQE_vA,雞還是老的會炸，推,2025年8月28日 星期四 下午1:34,,,8,,,
oldplace_pet,https://www.threads.com/@oldplace_pet/post/DN4bT9QE7E9,30歲了🙂‍↕️,2025年8月28日 星期四 上午10:18,@bigcity_hsinchu,,2,1,,,https://www.threads.com/@bigcity_hsinchu/post/DN4xjtWE6cR,會痛的地方都該痛了,2025年8月28日 星期四 下午1:33,,,5,,,
sandylin__dance,https://www.threads.com/@sandylin__dance/post/DN4oRR0ETLg,那R是什麼,2025年8月28日 星期四 下午12:12,@bigcity_hsinchu,,5,2,,,https://www.threads.com/@bigcity_hsinchu/post/DN4p0b6E7jB,火箭隊,2025年8月28日 星期四 下午12:25,,,35,,,
x.xianyxz_,https://www.threads.com/@x.xianyxz_/post/DN2qQWi5A--,台灣人玩這個絕對不會這麼溫柔,2025年8月27日 星期三 下午5:51,,,49000,1536,5066,12000,https://www.threads.com/@bigcity_hsinchu/post/DN4fpulE5Wh,今天手指沒斷一根，誰都不准走,2025年8月28日 星期四 上午10:56,,,612,,2,11
sahansi.steak,https://www.threads.com/@sahansi.steak/post/DN2efIeZA74,看到有人說小時厚牛排長大叫什麼 開放討論,2025年8月27日 星期三 下午4:08,,,41,53,,1,https://www.threads.com/@bigcity_hsinchu/post/DN4ew9eE-ye,全熟牛排,2025年8月28日 星期四 上午10:49,,,8,1,,
yilan_style2026,https://www.threads.com/@yilan_style2026/post/DN4dAZ0D5jH,"宜蘭身分證上的G 上面的弧線是雪山山脈🏔️ 下面的弧線是中央山脈⛰️ 中間的橫線是蘭陽溪🏞️ 剛好切成溪北跟溪南
請問這樣可以給我幾分？",2025年8月28日 星期四 上午10:33,@bigcity_hsinchu,,60,2,,2,https://www.threads.com/@bigcity_hsinchu/post/DN4eZJ3kzD7,1/10,2025年8月28日 星期四 上午10:45,,,18,,,
stork.japan,https://www.threads.com/@stork.japan/post/DN2M6RDQraZ,"賭博默示錄
長相的問題
日本網友買了UNIQLO的綠色衣服 但因為長相太過路人 讓他覺得自己好像賭博默示錄裡的地下勞動者",2025年8月27日 星期三 下午1:34,,"Photo by STORK Japan 株式会社 on August 26, 2025. | Photo by STORK Japan 株式会社 on August 26, 2025.",8264,96,258,1716,https://www.threads.com/@bigcity_hsinchu/post/DN4JS3Lk7IC,不管怎樣，先給他一瓶啤酒,2025年8月28日 星期四 上午7:41,,,19,,,
internet_explorer95816,https://www.threads.com/@internet_explorer95816/post/DN3LIwWUotC,"蓋個樓：
講一個曾經爆紅但現在已經過氣的東西 1 / 2",2025年8月27日 星期三 下午10:38,,,51000,5504,1572,4044,https://www.threads.com/@bigcity_hsinchu/post/DN3MOGN5tWU,你本人,2025年8月27日 星期三 下午10:47,,,16000,42,33,230
liangxihao1921,https://www.threads.com/@liangxihao1921/post/DN276Kc0ti9,我104歲，是真的老,2025年8月27日 星期三 下午8:25,@bigcity_hsinchu,,53,1,,,https://www.threads.com/@bigcity_hsinchu/post/DN2-CYP5kIq,你是那個「為什麼要逼我啊」的艋舺嗎,2025年8月27日 星期三 下午8:43,,,60,1,,
snow6youmax3,https://www.threads.com/@snow6youmax3/post/DN2qTqvQirE,這不重要！先聽我說…巨城我愛你💖,2025年8月27日 星期三 下午5:51,@bigcity_hsinchu,,383,1,,1,https://www.threads.com/@bigcity_hsinchu/post/DN26EJy5rah,但妳還置頂全聯不是我 覺得妳看著我的時候想著他,2025年8月27日 星期三 下午8:09,,,542,3,,14
a4557759,https://www.threads.com/@a4557759/post/DN2rCK6ZOIT,我八歲😎,2025年8月27日 星期三 下午5:57,@bigcity_hsinchu,,5,1,,,https://www.threads.com/@bigcity_hsinchu/post/DN25yzS5m5I,,2025年8月27日 星期三 下午8:06,,"Photo by Big City遠東巨城購物中心 on August 27, 2025.",29,,,
smarter__official,https://www.threads.com/@smarter__official/post/DN21LNDUmYj,好的 爸爸,2025年8月27日 星期三 下午7:26,@bigcity_hsinchu,,2,1,,,https://www.threads.com/@bigcity_hsinchu/post/DN25kJBZjIk,不要給我害喔，我還未成年,2025年8月27日 星期三 下午8:04,,,18,1,,
ibuzz_research,https://www.threads.com/@ibuzz_research/post/DN23ToEUtEg,我今年剛好成年18歲 叫聲姊接來聽聽😗,2025年8月27日 星期三 下午7:45,@bigcity_hsinchu,,2,1,,,https://www.threads.com/@bigcity_hsinchu/post/DN25g_vZi-I,哇 我從小真的看姊長大的欸,2025年8月27日 星期三 下午8:04,,,5,,,
h.c.inc,https://www.threads.com/@h.c.inc/post/DN2zc1vwilj,叔叔您好我剛滿2歲,2025年8月27日 星期三 下午7:11,@bigcity_hsinchu,,3,1,,,https://www.threads.com/@bigcity_hsinchu/post/DN25Xij5mJJ,謝謝你的自我介紹，趕緊去顧店,2025年8月27日 星期三 下午8:03,,,12,,,
ssf.edamame,https://www.threads.com/@ssf.edamame/post/DN2s0PXZH3B,107年 叫阿祖,2025年8月27日 星期三 下午6:13,@bigcity_hsinchu,,29,1,,,https://www.threads.com/@bigcity_hsinchu/post/DN2u0CFZqvg,高速婆婆,2025年8月27日 星期三 下午6:30,,"Photo by Big City遠東巨城購物中心 on August 27, 2025.",46,,,
yeah791126,https://www.threads.com/@yeah791126/post/DN2noi3YgzX,可能人家適合當小編了😂😂😂,2025年8月27日 星期三 下午5:28,@bigcity_hsinchu,,7,1,,,https://www.threads.com/@bigcity_hsinchu/post/DN2p1Ai5r6q,我會謝,2025年8月27日 星期三 下午5:47,,,11,,,
snow6youmax3,https://www.threads.com/@snow6youmax3/post/DN140KFwvor,"巨城
身為新竹人 真的好喜歡巨城小編的精神狀態🥹",2025年8月27日 星期三 上午10:39,,"Photo by 🌸璇🌸 on August 26, 2025. | Photo by 🌸璇🌸 on August 26, 2025.",31000,159,1059,4862,https://www.threads.com/@bigcity_hsinchu/post/DN2mn_V5hIP,不是，為什麼你發文比我的還多,2025年8月27日 星期三 下午5:19,,,2976,3,1,3
linetw_official,https://www.threads.com/@linetw_official/post/DN2jYU5Ul2N,14歲巨蟹座簽到✅,2025年8月27日 星期三 下午4:50,@bigcity_hsinchu,,107,1,,1,https://www.threads.com/@bigcity_hsinchu/post/DN2kOp95sO8,學長，請把KEEP功能還給我,2025年8月27日 星期三 下午4:58,,,310,,,1
megapxmart,https://www.threads.com/@megapxmart/post/DN2aPv5Zman,我永遠是寶寶🍼,2025年8月27日 星期三 下午3:31,@bigcity_hsinchu,,225,1,1,21,https://www.threads.com/@bigcity_hsinchu/post/DN2aZlM5jQQ,你是被領養的寶寶,2025年8月27日 星期三 下午3:32,,,732,4,3,43
lays_taiwan,https://www.threads.com/@lays_taiwan/post/DN2RnFn5pzz,午安，祝平安喜樂。,2025年8月27日 星期三 下午2:15,@bigcity_hsinchu,"Photo by Lay’s Taiwan 樂事 on August 26, 2025.",174,1,,11,https://www.threads.com/@bigcity_hsinchu/post/DN2WObkZgzO,我吃你長大的，但最近空氣有點小多,2025年8月27日 星期三 下午2:56,,,142,2,,3
cyoujing,https://www.threads.com/@cyoujing/post/DN2UtSx0kIR,你大概是最會吸金的小孩,2025年8月27日 星期三 下午2:42,@bigcity_hsinchu,,7,1,,,https://www.threads.com/@bigcity_hsinchu/post/DN2V-37ZpnE,滿週歲就要自己賺,2025年8月27日 星期三 下午2:53,,,40,1,,
gvmonthly,https://www.threads.com/@gvmonthly/post/DN2ORVy5jhz,抱歉，我39歲了，可以叫我葛～～嗎🤣,2025年8月27日 星期三 下午1:46,@bigcity_hsinchu,,163,2,,2,https://www.threads.com/@bigcity_hsinchu/post/DN2OoFUZizY,39叫葛…遠先生請自重。,2025年8月27日 星期三 下午1:49,,,313,,,1
yeah791126,https://www.threads.com/@yeah791126/post/DN2HKryYkuE,現在是比年輕嗎？😂😂😂 那就呼叫lalaport南港,2025年8月27日 星期三 下午12:44,@bigcity_hsinchu,,7,1,,2,https://www.threads.com/@bigcity_hsinchu/post/DN2NzXs5mrP,他還不會講話,2025年8月27日 星期三 下午1:42,,,126,1,,7
rickinptcg,https://www.threads.com/@rickinptcg/post/DN2NBcf5PPy,13歲就吃這麼胖不簡單,2025年8月27日 星期三 下午1:35,@bigcity_hsinchu,,14,1,,,https://www.threads.com/@bigcity_hsinchu/post/DN2NxCyZnpz,我是骨架大不胖,2025年8月27日 星期三 下午1:42,,,40,,,
cciao.tw,https://www.threads.com/@cciao.tw/post/DN2I0L5XhLr,Cciao~你好～我剛滿一歲～興趣是去新竹飆貢丸🙂‍↕️,2025年8月27日 星期三 下午12:58,@bigcity_hsinchu,,4,1,,,https://www.threads.com/@bigcity_hsinchu/post/DN2NGuyZoSv,不好吧，我怕你被貢丸飆,2025年8月27日 星期三 下午1:36,,,10,1,,
danielhsu2016,https://www.threads.com/@danielhsu2016/post/DN0XLDdZvvf,"狗狗
新竹連狗也要那麼卷嗎🫣😂",2025年8月26日 星期二 下午8:27,,,3549,59,172,1119,https://www.threads.com/@bigcity_hsinchu/post/DN2EmCsZpRl,他的名字是不是叫柯南,2025年8月27日 星期三 下午12:21,,,67,1,,
cpyc_senior.high,https://www.threads.com/@cpyc_senior.high/post/DN0qJpX5u9m,你好 我是15歲的秦始皇,2025年8月26日 星期二 下午11:11,@bigcity_hsinchu,,18,1,,1,https://www.threads.com/@bigcity_hsinchu/post/DN2AIqEZqCV,小心你媽跟呂不韋,2025年8月27日 星期三 上午11:42,,,85,1,,2
chatime.tw_official,https://www.threads.com/@chatime.tw_official/post/DNz3kJR5v0O,沒事我也才成年沒多久,2025年8月26日 星期二 下午3:49,@bigcity_hsinchu,,51,1,,1,https://www.threads.com/@bigcity_hsinchu/post/DN1_6-65mUH,祝你專題選到天使組員,2025年8月27日 星期三 上午11:41,,,45,1,,
pili_puppetry,https://www.threads.com/@pili_puppetry/post/DN0FjysZKUA,還以為你是前輩😑,2025年8月26日 星期二 下午5:51,@bigcity_hsinchu,"Photo by 霹靂布袋戲 on August 26, 2025.",241,8,,2,https://www.threads.com/@bigcity_hsinchu/post/DN1_u6T5q1_,我阿公都看你長大的，然後你叫我前輩= =？？？,2025年8月27日 星期三 上午11:39,,,205,1,,1
pxgo_official,https://www.threads.com/@pxgo_official/post/DN0cArH0q4k,我是今年4歲的寶寶👶🏻,2025年8月26日 星期二 下午9:08,@bigcity_hsinchu,,85,1,,,https://www.threads.com/@bigcity_hsinchu/post/DN1_ai-ZiFh,是個會自己賺錢的寶寶,2025年8月27日 星期三 上午11:36,,,83,,,
poyabeauty,https://www.threads.com/@poyabeauty/post/DN17dLY5BTy,原來我大你兩輪 請說姐姐謝謝😎,2025年8月27日 星期三 上午11:02,@bigcity_hsinchu,,465,2,,28,https://www.threads.com/@bigcity_hsinchu/post/DN1_QktZi-w,姊 看到妳我就想拉屎了,2025年8月27日 星期三 上午11:35,,,944,5,1,51
meetfresh_taiwan,https://www.threads.com/@meetfresh_taiwan/post/DN11XtF5JGP,原來你是巨城大格格～,2025年8月27日 星期三 上午10:08,@bigcity_hsinchu,,16,1,,,https://www.threads.com/@bigcity_hsinchu/post/DN15zFJZtbJ,如果你是鍊金術師，我會怕你，真的,2025年8月27日 星期三 上午10:47,,,21,,,
taiwan.eew,https://www.threads.com/@taiwan.eew/post/DN1z7rZZngA,我是26個月的小嬰兒 哇啊啊啊啊哇啊啊啊啊哇啊啊啊哇啊啊啊啊哇啊啊啊啊啊 🍼,2025年8月27日 星期三 上午9:56,@bigcity_hsinchu,,311,3,1,3,https://www.threads.com/@bigcity_hsinchu/post/DN118LK5nlu,2歲不小了，差不多可以跟死神嬰兒一樣搞事了,2025年8月27日 星期三 上午10:13,,"Photo by Big City遠東巨城購物中心 on August 26, 2025.",192,1,1,7
6owldoor,https://www.threads.com/@6owldoor/post/DN1y1kLXlkM,原來我比你小2歲，巨城叔叔,2025年8月27日 星期三 上午9:46,@bigcity_hsinchu,,343,2,,9,https://www.threads.com/@bigcity_hsinchu/post/DN1zsmM5vnU,你好了啦，自動門,2025年8月27日 星期三 上午9:54,,,808,1,2,25
hsujiajen,https://www.threads.com/@hsujiajen/post/DN0f64OZmKJ,有一種人是打電話死不接然後下秒傳怎麼了？ 1 / 2,2025年8月26日 星期二 下午9:42,,"Photo by 叮叮ര‿ര💕 on August 26, 2025.",60000,3278,3665,6269,https://www.threads.com/@bigcity_hsinchu/post/DN1vgOOZuuT,有一種人是傳「有空嗎」 下一秒馬上打過來,2025年8月27日 星期三 上午9:17,,,106,1,,2
hoteldayplus,https://www.threads.com/@hoteldayplus/post/DNzwxs14sVu,老寶貝了,2025年8月26日 星期二 下午2:50,@bigcity_hsinchu,,94,1,,,https://www.threads.com/@bigcity_hsinchu/post/DNzw_aKZmq9,尊重，包容，友善,2025年8月26日 星期二 下午2:52,,,116,,,
pxmart,https://www.threads.com/@pxmart/post/DNzwgZ8YvFP,還是個孩子呢,2025年8月26日 星期二 下午2:47,@bigcity_hsinchu,,726,4,1,4,https://www.threads.com/@bigcity_hsinchu/post/DNzwtCl5j4k,再4年你就要奔3了,2025年8月26日 星期二 下午2:49,,,915,2,1,19
sky.931931,https://www.threads.com/@sky.931931/post/DNxgstoYnsC,"流量密碼
有誰知道答案嗎？",2025年8月25日 星期一 下午5:51,,"Photo by 天使百家 on August 25, 2025.",40000,1117,2504,9749,https://www.threads.com/@bigcity_hsinchu/post/DNzIGfK5l7s,"這是男人最愛妳的表現
我願一輩子守護妳 我願一人與世界為敵 我願造一個妳夢想的世界 就算粉身碎骨也在所不惜",2025年8月26日 星期二 上午8:54,,,74,,,
cool_magazine_taiwan,https://www.threads.com/@cool_magazine_taiwan/post/DNxHp2GXoCB,"9 月 1 日台灣 Netflix 確定上架《蠟筆小新》動畫第一季：
在日本《蠟筆小新》動畫並沒有明確劃分季數，但若以中港台串流平台的分法，「第一季」可能收錄的是 1992 年至 1995 年，也就是《蠟筆小新》動畫第 1～171 話。
此階段的《蠟筆小新》還非常的無厘頭，經典的「你賴東東不錯嘛」、「風間搞砸營養午餐」、「園長老大逃跑」等等都發生在第一季中。",2025年8月25日 星期一 下午2:12,,"Photo by COOL潮流生活網 on August 24, 2025. | Photo by COOL潮流生活網 on August 24, 2025.",21000,266,2149,14000,https://www.threads.com/@bigcity_hsinchu/post/DNxkLAF5jby,敲碗上架蠟筆小新無修正的全電影版,2025年8月25日 星期一 下午6:21,,,92,2,,
yu46696,https://www.threads.com/@yu46696/post/DNvVVow5Fhy,"排球少年
爸：一個站名而已有什麼好拍的🙄 我：排民們會懂",2025年8月24日 星期日 下午9:33,,"Photo by ユ on August 24, 2025.",4360,56,101,225,https://www.threads.com/@bigcity_hsinchu/post/DNxEwXZZqn2,百臂巨人攔網員,2025年8月25日 星期一 下午1:47,,,31,1,,
ericacheww,https://www.threads.com/@ericacheww/post/DNu1r8oZD8L,"膽大黨
「 不准放棄喔。因為你⋯現在還活著。」 1 / 2",2025年8月24日 星期日 下午4:57,,"Photo by えりか on August 24, 2025. | Photo by えりか on August 24, 2025. | Photo by えりか on August 24, 2025. | Photo by えりか on August 24, 2025.",44000,212,4400,7844,https://www.threads.com/@bigcity_hsinchu/post/DNvlRwrZpPo,冷知識：貓咪有乳糖不耐症會拉肚子喔,2025年8月24日 星期日 下午11:52,,,341,4,1,12
benesse_tw,https://www.threads.com/@benesse_tw/post/DNppNjdP0LS,,2025年8月22日 星期五 下午4:31,,"Photo by 巧虎好朋友（巧連智） on August 22, 2025. | Photo by 巧虎好朋友（巧連智） on August 22, 2025.",28000,385,1912,3928,https://www.threads.com/@bigcity_hsinchu/post/DNpsIK6T8ZK,"巧虎：桃樂比，來吃點心！
桃樂比：好啊！
巧虎：你當點心。
桃樂比：蛤？",2025年8月22日 星期五 下午4:57,,,372,2,,9
rubenfigure,https://www.threads.com/@rubenfigure/post/DNpS2N3y2yU,小時候為了考慮要加入曉還是成為幻影旅團猶豫了很久 1 / 3,2025年8月22日 星期五 下午1:16,,"Photo by 鹿本通販 on August 21, 2025. | Photo by 鹿本通販 on August 21, 2025.",9666,442,667,1451,https://www.threads.com/@bigcity_hsinchu/post/DNpp8ipT4W-,幻影旅團不推，上個廁所人就被摸掉了,2025年8月22日 星期五 下午4:38,,,73,2,,
hantseng_hanson,https://www.threads.com/@hantseng_hanson/post/DNm9BA8PLNX,⠀ ⠀⠀ ⠀ ⠀ ⠀ ⠀ 冷知識： ⠀ 女生說好可愛的東西基本上就是想要 ⠀ ⠀⠀ ⠀ ⠀ ⠀ ⠀,2025年8月21日 星期四 下午3:27,,,40000,323,4739,4070,https://www.threads.com/@bigcity_hsinchu/post/DNpTdvQT2R8,冷知識： 女生問你要不要吃某個東西，代表她想吃，請一律回答「要」,2025年8月22日 星期五 下午1:21,,,76,2,,3
nutri_by_bella,https://www.threads.com/@nutri_by_bella/post/DNnl38ESpXm,"營養師
有一個女性個案 一直以來都只喝800c.c的水 這兩天突然看他卯起來喝到2000c.c 我很感動，這下終於願意聽我的話了嗎
結果 她： 喔因為我看蔡依林說他都喝2800c.c的水
好 我們感謝蔡依林的幫忙 1 / 2",2025年8月21日 星期四 下午9:24,,,65000,264,949,3349,https://www.threads.com/@bigcity_hsinchu/post/DNpRz01T8w8,股癌 = 直男巧虎 蔡依林 = 大人巧虎,2025年8月22日 星期五 下午1:07,,,176,2,3,4
cake.me.tw,https://www.threads.com/@cake.me.tw/post/DNmaGfDPyAg,一人講一個 你出社會後你才發現的事情,2025年8月21日 星期四 上午10:22,,,1237,579,79,110,https://www.threads.com/@bigcity_hsinchu/post/DNpRp6-T2IO,原來土真的可以吃,2025年8月22日 星期五 下午1:05,,,26,2,,
_x1rln9,https://www.threads.com/@_x1rln9/post/DNnAqY5v1F6,"不懂就問脆
新竹人真的都騎貢丸上學嗎",2025年8月21日 星期四 下午3:58,,,767,141,29,99,https://www.threads.com/@bigcity_hsinchu/post/DNo8sYgz56Z,是，圓形的坐騎可以完美的吸收風的力量，讓新竹人更安全,2025年8月22日 星期五 上午10:02,,,136,3,,3
yutong_0425,https://www.threads.com/@yutong_0425/post/DNohujezeNi,"鬼滅之刃
等一下這是獪岳嗎？？ 1 / 2",2025年8月22日 星期五 上午6:07,,"Photo by 姆姆 on August 21, 2025.",12000,205,54,282,https://www.threads.com/@bigcity_hsinchu/post/DNo7xuBzztD,"如果獪沒有獪岳：
> 岩柱會安穩的當山和尚 > 小時候的蝴蝶忍就會被吃 > 善逸在蜘蛛山就會被鯊 > 音柱+主角團在遊郭會被全滅 > 沒人幫無一郎找回記憶 > 蜜離和無一郎會在刀匠村殞命 > 鳴女找到主公時間問題 > 無慘躺著就贏",2025年8月22日 星期五 上午9:54,,,1997,4,1,69
pike0707,https://www.threads.com/@pike0707/post/DNmm6XaST_s,wtf在三色豆裡再加芋頭？🤬 我要去門口撒冥紙,2025年8月21日 星期四 下午12:13,,"Photo by Pike Chen on August 20, 2025.",4366,421,269,1860,https://www.threads.com/@bigcity_hsinchu/post/DNn0iVwTCHm,廚師的戒律,2025年8月21日 星期四 下午11:32,,"Photo by Big City遠東巨城購物中心 on August 21, 2025.",22,1,,
camel._.0928,https://www.threads.com/@camel._.0928/post/DNlk7M1ySGI,youtu.be/SpPPm… 我看到盜版的鬼滅之刃了,2025年8月21日 星期四 上午2:37,,"Photo by Wesley Xu on August 20, 2025.",2299,70,144,818,https://www.threads.com/@bigcity_hsinchu/post/DNnzJezzA9e,"⭕️ 祖先被鬼滅族 ⭕️ 用呼吸法打鬼 ⭕️ 鬼怕太陽 ⭕️ 柱是頂級戰力 ⭕️ 用科技削弱最終魔王
這是鬼滅之刃沒錯👍",2025年8月21日 星期四 下午11:20,,,35,2,,
55232b,https://www.threads.com/@55232b/post/DNm10-IBuqw,"進擊的巨人
起初 人們以為這只是一個簡單的颶風 1 / 2",2025年8月21日 星期四 下午2:24,,,41000,207,3289,8144,https://www.threads.com/@bigcity_hsinchu/post/DNnyocxz0k4,一路順風，艾倫。,2025年8月21日 星期四 下午11:15,,,60,,,5
celia._.du,https://www.threads.com/@celia._.du/post/DNmZ2XLz-0I,"動漫
哪個動漫角色雖然是反派但很帥",2025年8月21日 星期四 上午10:19,,,2805,771,51,92,https://www.threads.com/@bigcity_hsinchu/post/DNnSFYbTtC_,吉良吉影,2025年8月21日 星期四 下午6:31,,,23,2,,
shen5143,https://www.threads.com/@shen5143/post/DNlSw8mBp22,"被直男朋友說這件裙子像汽車椅套⋯
結果現在自己越看越像 氣死😡🤬 1 / 2",2025年8月20日 星期三 下午11:58,,"Photo by shen on August 20, 2025.",7583,451,22,1177,https://www.threads.com/@bigcity_hsinchu/post/DNnILytTnmF,我同事的珍珠手機繩，我都說很像佛珠 她一開始抗拒，現在也接受了，說超像,2025年8月21日 星期四 下午5:04,,"Photo by Big City遠東巨城購物中心 on August 21, 2025.",51,,,
xdboy89,https://www.threads.com/@xdboy89/post/DNfobBrSVAr,"烏龜們也是要開會..
我懷疑他們在召喚什麼！",2025年8月18日 星期一 下午7:12,,,40000,1081,1304,11000,https://www.threads.com/@bigcity_hsinchu/post/DNgFOOxTuo_,迎新前的系學會,2025年8月18日 星期一 下午11:24,,,111,,,10
18cm_0927,https://www.threads.com/@18cm_0927/post/DNegH4PzHp-,"很喜歡宮崎駿說過的一段話： 「兄弟 是我 我回來了 三年前你沒有拿下的地盤 我幫你拿下了」
還有其他人什麼經典台詞嗎",2025年8月18日 星期一 上午8:40,,,3772,299,258,1221,https://www.threads.com/@bigcity_hsinchu/post/DNgEVJxTAsP,"我也很喜歡《庫洛魔法使》小櫻安撫小狼的那段話：
「黃四郎就想看你這樣！一臉的敗像！鯊了他就是輸！不鯊還能贏！鯊人誅心！鯊人誅心啊！」",2025年8月18日 星期一 下午11:16,,,43,2,2,1
xrage_jp,https://www.threads.com/@xrage_jp/post/DNc0Hmpyh1d,公認動漫國歌是哪一首？,2025年8月17日 星期日 下午4:56,,,1043,418,36,103,https://www.threads.com/@bigcity_hsinchu/post/DNdDoPCzlje,殘酷天使,2025年8月17日 星期日 下午7:12,,,264,3,,
guan.red,https://www.threads.com/@guan.red/post/DNb_661Skts,"鬼滅の刃
原來猗窩座跟阿凡達是不同人喔 = =",2025年8月17日 星期日 上午9:20,,"Photo by @guan.red on August 16, 2025. | Photo by @guan.red on August 16, 2025.",7195,20,261,1546,https://www.threads.com/@bigcity_hsinchu/post/DNcy4dSzRXA,阿凡達4 ：拳與刃,2025年8月17日 星期日 下午4:46,,,16,1,,1
zaq246zaq246,https://www.threads.com/@zaq246zaq246/post/DNaQ8vDS2WF,"成年人的戀愛
我真的搞不懂為什麼大家「成年人的戀愛」，後面可以接那麼多文藝的句子。對我來說，「成年人的戀愛」就是：
「晚上要看Netflix 嗎？」 「好啊」
然後兩個人不小心碰到床就睡著，明天再一起手忙腳亂的去上班。
「不小心睡著了」和「快要遲到了」，這就是構成成年人的戀愛的兩個句子。",2025年8月16日 星期六 下午5:11,,,15000,67,561,1409,https://www.threads.com/@bigcity_hsinchu/post/DNcPc1mzUZR,"「晚上要吃什麼」 「不知道」
一起癱在沙發上半個小時後
「還是叫外送」 「好👌」",2025年8月17日 星期日 上午11:36,,,115,1,,4
calvin_0915,https://www.threads.com/@calvin_0915/post/DNZf-q8N4r5,"鬼滅の刃
聽說烏龍派出所的配樂真的很百搭 這是真的",2025年8月16日 星期六 上午10:05,,,38000,543,2956,10000,https://www.threads.com/@bigcity_hsinchu/post/DNad-ZOzpP_,很適合寺井放屁那集,2025年8月16日 星期六 下午7:05,,,30,,,
xiangxiang0410,https://www.threads.com/@xiangxiang0410/post/DNX06G9xRDU,"新竹美食
誰說新竹是美食沙漠 我們的大埔真的是比外縣市好吃很多",2025年8月15日 星期五 下午6:27,,"Photo by 彥翔 on August 15, 2025.",509,55,4,157,https://www.threads.com/@bigcity_hsinchu/post/DNZo2kpzNwd,不得不說，這間大埔新竹最頂,2025年8月16日 星期六 上午11:20,,,123,1,,3
chen_g_7,https://www.threads.com/@chen_g_7/post/DNVRf6RSTug,"今天教大家做
乳肉飯… 1/2",2025年8月14日 星期四 下午6:40,,,4539,914,391,5667,https://www.threads.com/@bigcity_hsinchu/post/DNV3VlVzhn_,我能理解為什麼義大利人對夏威夷披薩會這麼氣了…,2025年8月15日 星期五 上午12:10,,,89,,,
jessietalkspets,https://www.threads.com/@jessietalkspets/post/DNUhbadOAFa,"最近才發現 離開熟悉的地方 原來需要這麼大的勇氣！！！
30幾年的台北生活 為了另一半搬到了新竹 這裡沒有我熟悉的街道 沒有方便的公車 捷運 就連工作 朋友圈 都要從頭開始
接下來要開啟新竹生活的人生新篇章 💪🏼💪🏼💪🏼
#異地生活 #從台北到新竹 #新竹生活日記",2025年8月14日 星期四 上午11:39,,"Photo by Jessie Sai on August 13, 2025. | Photo by Jessie Sai on August 13, 2025.",971,229,1,22,https://www.threads.com/@bigcity_hsinchu/post/DNV2a8KTAvI,在新竹遇到困難，一律來巨城就對了，我們什麼都能解決,2025年8月15日 星期五 上午12:02,,,321,7,,3
yijiuan_studio,https://www.threads.com/@yijiuan_studio/post/DNUS3BtTk8Q,"跟老公抱怨新竹風很大，很難騎車
他說： 你要騎在風的軌跡上 新竹人都看得到
我：？？？ 1/2",2025年8月14日 星期四 上午9:32,,,73000,1816,2372,18000,https://www.threads.com/@bigcity_hsinchu/post/DNUsOumTRMo,風之跡是外縣市人可以學的，純血新竹人都有風足，可以讓風帶著新竹人走。,2025年8月14日 星期四 下午1:14,,"Photo by Big City遠東巨城購物中心 on August 13, 2025.",728,2,7,33
33cow_,https://www.threads.com/@33cow_/post/DNSaSyDSkWO,在新竹當狗是不是太辛苦ㄌ,2025年8月13日 星期三 下午3:59,,,14000,122,968,4957,https://www.threads.com/@bigcity_hsinchu/post/DNTSm45TqCP,aka風速狗,2025年8月14日 星期四 上午12:10,,,136,,,2
eiffel_tower_404,https://www.threads.com/@eiffel_tower_404/post/DNPL-rDzpxb,擱供😡,2025年8月12日 星期二 上午9:56,,"Photo by 陳銘嘉 on August 11, 2025.",52000,106,5228,9161,https://www.threads.com/@bigcity_hsinchu/post/DNQOFsdzjiT,快走快走那兩個痞子差點被我打,2025年8月12日 星期二 下午7:33,,,54,2,,
kevinshuan,https://www.threads.com/@kevinshuan/post/DNPYnMjTaFl,朱門酒肉臭 . . . . . 別去朱門吃,2025年8月12日 星期二 上午11:46,,,3173,64,86,133,https://www.threads.com/@bigcity_hsinchu/post/DNQKycJTQ3O,前人種樹，後人砍樹,2025年8月12日 星期二 下午7:04,,,56,1,,
hsuan.502,https://www.threads.com/@hsuan.502/post/DNJKzGbS8mg,奉勸各位房東不要再讓房客用這種破爛小冰箱😍 1/2,2025年8月10日 星期日 上午1:57,,,15000,742,268,2667,https://www.threads.com/@bigcity_hsinchu/post/DNNOJ7jzMDT,跟牙膏一樣，什麼都能刷白，除了牙齒,2025年8月11日 星期一 下午3:36,,,36,1,,1
sc7_y.m,https://www.threads.com/@sc7_y.m/post/DNLlgrLzcBA,"鬼滅の刃無限城編
第一次看鬼滅 請問這是猗窩座嗎",2025年8月11日 星期一 上午12:22,,,73000,750,4773,26000,https://www.threads.com/@bigcity_hsinchu/post/DNNEebxzHqV,我用我莎莉姨婆的假牙發誓，這不是鬼滅，是父親大人的國土煉成陣，你買錯票了,2025年8月11日 星期一 下午2:12,,"Photo by Big City遠東巨城購物中心 on August 10, 2025.",81,1,,1
joeyting23,https://www.threads.com/@joeyting23/post/DNXYuDsSBop,"畫畫
教大家怎麼簡單畫出一個漂亮的圓形 ⭕️",2025年8月15日 星期五 下午2:21,,"Photo by @joeyting23 on August 14, 2025. | Photo by @joeyting23 on August 14, 2025. | Photo by @joeyting23 on August 14, 2025. | Photo by @joeyting23 on August 14, 2025.",30000,161,1223,2842,https://www.threads.com/@bigcity_hsinchu/post/DNZmADvz5X2,哇！謝謝！我一直都只會畫LBJ，現在我學會畫圓形了！,2025年8月16日 星期六 上午10:55,,,70,1,,
chi.o212,https://www.threads.com/@chi.o212/post/DNX0lrfyRIA,"鬼滅之刃無限城篇
氣哭了我 1 / 3",2025年8月15日 星期五 下午6:24,,"Photo by 小茜｜151福利社｜快電商｜婕樂纖 on August 15, 2025.",10000,220,276,2454,https://www.threads.com/@bigcity_hsinchu/post/DNZfLeoTZ6m,黃毛的部分正確,2025年8月16日 星期六 上午9:56,,,26,,,1
lunnavy,https://www.threads.com/@lunnavy/post/DNX6ZFhvv4G,這畫風做三集飛碟社就破產了 1 / 2,2025年8月15日 星期五 下午7:16,,,61000,484,4786,8746,https://www.threads.com/@bigcity_hsinchu/post/DNYbTatzdcZ,伊之助怎麼感覺會去殺山獸神,2025年8月16日 星期六 上午12:03,,,41,,,
er._.ic0103,https://www.threads.com/@er._.ic0103/post/DNX5AaGxoEd,改一個字毀掉一個漫畫，我先： 團滅之刃,2025年8月15日 星期五 下午7:03,,,3867,272,31,97,https://www.threads.com/@bigcity_hsinchu/post/DNYagLkTLbT,牙醫黑傑克 進擊的巨城 靈異教師神婆 咒術迴蟲 排富少年 紫羅蘭的秘密公園,2025年8月15日 星期五 下午11:56,,,64,5,1,1
shadolly,https://www.threads.com/@shadolly/post/DNWHTNRSBlt,別人在酒吧：親嘴 亂摸 搞曖昧 我在酒吧：松露薯條怎麼還沒來,2025年8月15日 星期五 上午2:29,,,70000,785,4112,15000,https://www.threads.com/@bigcity_hsinchu/post/DNXdwAezS-_,別人在KTV：談戀愛 飆歌 尬酒 我在KYV：這牛肉麵可以欸！,2025年8月15日 星期五 下午3:05,,,347,3,4,20
kevinshuan,https://www.threads.com/@kevinshuan/post/DNUi265zWjI,如果人生是旅行的話 . . . . . 我會起訴旅行社,2025年8月14日 星期四 上午11:52,,,24000,72,2439,1258,https://www.threads.com/@bigcity_hsinchu/post/DNW74rXzd-5,如果人生是一場電影 我會客訴這家影城,2025年8月15日 星期五 上午10:09,,,91,,,2
0_memegirl_0,https://www.threads.com/@0_memegirl_0/post/DNU8CbSRog5,突然覺得媽媽就像NPC， 我一靠近她就會發布新任務。,2025年8月14日 星期四 下午3:32,,,7762,65,496,699,https://www.threads.com/@bigcity_hsinchu/post/DNW7s8DTIOz,只有媽媽的話，就會接到日常任務 如果爸爸在附近，會變成討伐任務,2025年8月15日 星期五 上午10:07,,,37,1,,
nggyu_01xd,https://www.threads.com/@nggyu_01xd/post/DNC4691PkjU,改一個字毀掉一部動漫,2025年8月7日 星期四 下午3:18,,,51000,5543,4387,20000,https://www.threads.com/@bigcity_hsinchu/post/DNFM-ViTazK,炸龍珠,2025年8月8日 星期五 下午12:52,,,141,2,1,7
mmg10.05,https://www.threads.com/@mmg10.05/post/DM3Jo8ESxIW,"小編
在脆上一直滑到各店的小編 每個都很搞笑又有梗 7-11、全家、萊爾富、大全聯、蚵仔煎洋芋片… 個人私心最愛巨城小編 請問大家最喜歡哪個小編呢",2025年8月3日 星期日 上午1:53,,,1889,500,36,109,https://www.threads.com/@bigcity_hsinchu/post/DM40l-TT2C7,謝囉,2025年8月3日 星期日 下午5:28,,,214,5,,
l_.8eo12,https://www.threads.com/@l_.8eo12/post/DMrkv9kxAxn,在巨城滑到這東西正常嗎,2025年7月29日 星期二 下午1:59,@hgun1349,,,1,,,https://www.threads.com/@bigcity_hsinchu/post/DMrmasPzoX6,原吃是我，他拿去用只是我不跟他計較,2025年7月29日 星期二 下午2:14,,,2,,,
hgun1349,https://www.threads.com/@hgun1349/post/DMpZZzghC9X,貼心提醒，戴眼鏡的直接拿掉就好了。,2025年7月28日 星期一 下午5:42,,"Photo by Yeye Yeye on July 28, 2025.",17000,480,135,1083,https://www.threads.com/@bigcity_hsinchu/post/DMrmPEwTgBq,這是我昨天吃的麵線，下次標一下我,2025年7月29日 星期二 下午2:12,,,237,1,,1
linn__lggglzzl,https://www.threads.com/@linn__lggglzzl/post/DMiXTYLShGo,"義大利人：這就是你折斷義大利麵的詛咒
mishellct",2025年7月26日 星期六 上午12:09,,,27000,315,792,4670,https://www.threads.com/@bigcity_hsinchu/post/DMjigg3TjsY,義大利人：,2025年7月26日 星期六 上午11:06,,"Photo by Big City遠東巨城購物中心 on July 25, 2025.",134,,,
94_02_dopi,https://www.threads.com/@94_02_dopi/post/DMhdDg3pSyG,"本人在這，謝謝大家喜歡我的客家話🙏😂
hakkanews",2025年7月25日 星期五 下午3:40,,,50000,569,1138,2879,https://www.threads.com/@bigcity_hsinchu/post/DMhxntUTSyZ,憨切，慶Voi,2025年7月25日 星期五 下午6:39,,,411,4,,10
nownews,https://www.threads.com/@nownews/post/DMg-HlFzIpL,"新竹
＼新竹巨城有對手了／ 155億地標級新百貨商場進度曝光✨ 完整樓層規劃、停車空間重點一次看
📷 示意圖／翻攝Big City遠東巨城購物中心臉書 1 / 2",2025年7月25日 星期五 上午11:09,,"Photo by NOWnews 今日新聞 on July 24, 2025.",1844,229,29,685,https://www.threads.com/@bigcity_hsinchu/post/DMhZ6DbzHaB,蛤,2025年7月25日 星期五 下午3:12,,,1855,36,11,109
crispyfriedabc,https://www.threads.com/@crispyfriedabc/post/DMcO8xThIzV,在特級廚師的麵非麵環節如果用水蓮的話會被臭罵ㄇ,2025年7月23日 星期三 下午3:00,,"Photo by 鹽酥的鵝肉麵 on July 23, 2025.",6045,139,50,172,https://www.threads.com/@bigcity_hsinchu/post/DMchC9JTbF8,我覺得會被雷花電爆,2025年7月23日 星期三 下午5:39,,,196,,1,5
syruslyl,https://www.threads.com/@syruslyl/post/DMan8IshPqz,隨便找個同人都比官方好🙂,2025年7月23日 星期三 上午12:00,,"Photo by Syrus on July 22, 2025. | Photo by Syrus on July 22, 2025. | Photo by Syrus on July 22, 2025. | Photo by Syrus on July 22, 2025. | Photo by Syrus on July 22, 2025. | Photo by Syrus on July 22, 2025. | Photo by Syrus on July 22, 2025. | Photo by Syrus on July 22, 2025. | Photo by Syrus on July 22, 2025. | Photo by Syrus on July 22, 2025. | Photo by Syrus on July 22, 2025. | Photo by Syrus on July 22, 2025. | Photo by Syrus on July 22, 2025.",2947,148,88,556,https://www.threads.com/@bigcity_hsinchu/post/DMcQ6vUzZDG,感覺可以出個上古快龍,2025年7月23日 星期三 下午3:17,,"Photo by Big City遠東巨城購物中心 on July 23, 2025.",82,1,,1
pkm61517,https://www.threads.com/@pkm61517/post/DMbm3zgSBoB,"懸著的心終於……
「醜在心巴上」",2025年7月23日 星期三 上午9:10,,"Photo by 露比愛種草 on July 22, 2025. | Photo by 露比愛種草 on July 22, 2025. | Photo by 露比愛種草 on July 22, 2025.",32000,109,1245,3757,https://www.threads.com/@bigcity_hsinchu/post/DMcBnZ5zNhS,他已經開始思考你家最貴的東西是什麼了,2025年7月23日 星期三 下午1:04,,,114,1,,
hai_tai_tw,https://www.threads.com/@hai_tai_tw/post/DMaV7swSYGz,為什麼會有巨城啦XDDDDD（我還沒去過,2025年7月22日 星期二 下午9:23,@bigcity_hsinchu,,1,1,,,https://www.threads.com/@bigcity_hsinchu/post/DMaoIKhzDNW,有空帶脹相歐尼醬來晃晃,2025年7月23日 星期三 上午12:02,,,1,,,
hai_tai_tw,https://www.threads.com/@hai_tai_tw/post/DMYEqt9y7vj,"某個重度中二病的成年女人： 「我的赤血操術已經好幾個月發不出來了，今天終於成功使出，但那個力量大到根本可以去打宿儺，但我的肚子好像被五條悟打了一發術式反轉赫，我現在必須脫離戰場⋯⋯」
朋：「講人話。」
我：「我月經來第二天血崩幹超痛。」 1 / 2",2025年7月22日 星期二 上午12:13,,,9493,43,511,2633,https://www.threads.com/@bigcity_hsinchu/post/DMaEZF-zJqV,"（男友剛好做錯了一點事）
女友：",2025年7月22日 星期二 下午6:50,,"Photo by Big City遠東巨城購物中心 on July 22, 2025.",67,1,,5
likethinking,https://www.threads.com/@likethinking/post/DMX5lIgyN8u,"這廚師總是把普通料理變成我吃不起的樣子😭
www.instagram.com
Instagram",2025年7月21日 星期一 下午10:37,,,5986,140,146,2051,https://www.threads.com/@bigcity_hsinchu/post/DMaBTPmz2Bw,"老闆：才剛發薪，就預支下個月的薪水，你是買了什麼？
我：香蕉，我吃了一根香蕉。",2025年7月22日 星期二 下午6:23,,,72,1,,
rilakkuma_joyce,https://www.threads.com/@rilakkuma_joyce/post/DMYzz81TMKv,"這是我新養的瑪爾濟斯 通體雪白真的很漂亮😍 這孩子還在適應他的新項圈跟牽繩 希望他趕快融入我們家🥹
留言處曬出你家可愛的瑪爾濟斯吧❤️❤️",2025年7月22日 星期二 上午7:05,,"Photo by ㄔㄨㄣˊㄓㄣ on July 21, 2025.",35000,815,2398,9709,https://www.threads.com/@bigcity_hsinchu/post/DMZ-8DAzgxl,看看這隻開心的夏克立,2025年7月22日 星期二 下午6:02,,"Photo by Big City遠東巨城購物中心 on July 22, 2025.",47,1,,
zo_ey_,https://www.threads.com/@zo_ey_/post/DMXneg6yi1b,我支持出社會後仍有校車可搭去公司這件事 1 / 2,2025年7月21日 星期一 下午7:58,,,1148,14,40,13,https://www.threads.com/@bigcity_hsinchu/post/DMYKyNgTCU8,我這裡就是，上下班校車接送,2025年7月22日 星期二 上午1:07,,,52,,,1
oreo82925,https://www.threads.com/@oreo82925/post/DMXvmP5yjtu,"感情
「我去載你」四個字，比任何情話都動心",2025年7月21日 星期一 下午9:09,,,13000,455,1562,1245,https://www.threads.com/@bigcity_hsinchu/post/DMYCgzPTrDt,「我轉個彎到」五個字，比任何話都ㄘㄟˋ心,2025年7月21日 星期一 下午11:55,,,38,2,,
cvysine,https://www.threads.com/@cvysine/post/DMV_mEmzP2D,我的作息已經亂到可以早上跟阿嬤去菜市場買菜了,2025年7月21日 星期一 上午4:51,,,20000,84,1754,690,https://www.threads.com/@bigcity_hsinchu/post/DMYB0frTPlb,我的身體已經差到可以跟陪逛街的阿嬤搶椅子坐了,2025年7月21日 星期一 下午11:49,,,35,,,
pangibson666,https://www.threads.com/@pangibson666/post/DMQY6QcyumW,"偷
教你們如何識別小學生網名： 首先他們會選取一些比較中二的姓，比如蘇、顧什麼的 然後可能會是一些看起來很帥很高大上的含義，其實並不然 最後會給自己的名字加個括號，比如（已黑化）什麼的 比如我給你們演示一下，下面這個名字就很符合： 蘇聯（已解體）🤓",2025年7月19日 星期六 上午12:36,,,50000,1368,4883,19000,https://www.threads.com/@bigcity_hsinchu/post/DMUG0uVzi6G,艾連葉卡（已送頭）,2025年7月20日 星期日 上午11:15,,,90,,,1
hsuan_4488,https://www.threads.com/@hsuan_4488/post/DMQUnlLzURQ,友：「打球」 我：「我肝連拉傷，這禮拜不太能打球」 友：「？？？」 我：「橫膈膜肌肉拉傷」 ———- 我只是降低維度，講出符合大家可以理解的詞彙,2025年7月18日 星期五 下午11:59,,,15000,252,304,1345,https://www.threads.com/@bigcity_hsinchu/post/DMT9RySzeF3,：我不能吃太辣，天梯破洞 友：蛤？ ：我牙齦破洞,2025年7月20日 星期日 上午9:52,,,18,,,1
sinyuuuu_______,https://www.threads.com/@sinyuuuu_______/post/DMPuKhyyLdn,為什麼這樣也看得到小編😻,2025年7月18日 星期五 下午6:23,@bigcity_hsinchu,,19,1,,,https://www.threads.com/@bigcity_hsinchu/post/DMPuVfTT_Z-,不可能台南人也認識我吧,2025年7月18日 星期五 下午6:24,,,22,4,,
sinyuuuu_______,https://www.threads.com/@sinyuuuu_______/post/DMPLZR_yLn5,"台南
台南的小東路上……灑了兩大塊，這是砂糖嗎？ 大熱天看到警察在掃地，辛苦了🙏🏻 1 / 2",2025年7月18日 星期五 下午1:20,,,4663,324,36,524,https://www.threads.com/@bigcity_hsinchu/post/DMPtyjwTYaa,"新竹人想問：
在台南拿筷子騎車，能做棉花糖的都市傳說是真的嗎？",2025年7月18日 星期五 下午6:20,,,337,10,,9
meiii_lem,https://www.threads.com/@meiii_lem/post/DMPKPbsukE6,灰原是直接乾吞藥的 琴酒還很貼心的幫新一配水吞下去 1 / 2,2025年7月18日 星期五 下午1:09,,"Photo by 高希櫻娜 on July 17, 2025.",43000,287,1190,1813,https://www.threads.com/@bigcity_hsinchu/post/DMPhZe6zHjP,不配水食道可能會灼傷，琴酒世界最暖,2025年7月18日 星期五 下午4:31,,,1110,1,,3
hi_scene_world,https://www.threads.com/@hi_scene_world/post/DMPavI5P6-D,你的專業可以為我做什麼事？,2025年7月18日 星期五 下午3:33,,,1328,585,12,36,https://www.threads.com/@bigcity_hsinchu/post/DMPeGx7zCvR,可以讓你準時搭到公車,2025年7月18日 星期五 下午4:03,,,30,1,,
wanchiger,https://www.threads.com/@wanchiger/post/DMHAy6QTIyz,小孩：我吃不下了 亞洲爸媽：那你飯不要吃，把菜跟肉吃一吃 1 / 2,2025年7月15日 星期二 上午9:13,,,63000,531,4100,2981,https://www.threads.com/@bigcity_hsinchu/post/DMJjV6CTJeF,接著就會說：我數到三，不准哭,2025年7月16日 星期三 上午8:53,,,41,,,
tracykaokao,https://www.threads.com/@tracykaokao/post/DLmrB2uyepq,這篇真的讓我在公車上笑出聲,2025年7月2日 星期三 下午7:47,,"Photo by Tracy Kao ♡ on July 02, 2025.",214,15,13,332,https://www.threads.com/@bigcity_hsinchu/post/DLpBtVxTqn7,我要去合伯金庫辦事,2025年7月3日 星期四 下午5:43,,,38,3,,
xyuiia_,https://www.threads.com/@xyuiia_/post/DLkbR_XzNom,蠻好奇的 小新叫野原新之助 小葵叫什麼,2025年7月1日 星期二 下午10:51,,,20000,285,69,156,https://www.threads.com/@bigcity_hsinchu/post/DLmErrrzgze,「野原葵」也有人說「野原向日葵」,2025年7月2日 星期三 下午2:12,,,45,,,4
_hank._.9909,https://www.threads.com/@_hank._.9909/post/DLhy0KYTgX3,聯絡簿上畫的一堆奇怪的東西,2025年6月30日 星期一 下午10:19,,"Photo by Wang Hank on June 30, 2025. | Photo by Wang Hank on June 30, 2025. | Photo by Wang Hank on June 30, 2025. | Photo by Wang Hank on June 30, 2025. | Photo by Wang Hank on June 30, 2025. | Photo by Wang Hank on June 30, 2025. | Photo by Wang Hank on June 30, 2025. | Photo by Wang Hank on June 30, 2025. | Photo by Wang Hank on June 30, 2025. | Photo by Wang Hank on June 30, 2025. | Photo by Wang Hank on June 30, 2025. | Photo by Wang Hank on June 30, 2025. | Photo by Wang Hank on June 30, 2025. | Photo by Wang Hank on June 30, 2025.",10000,62,241,771,https://www.threads.com/@bigcity_hsinchu/post/DLjronvz1Up,老哥，你把我大撒死給的靈魂畫出來了,2025年7月1日 星期二 下午3:54,,,23,,,
nson_meme6823,https://www.threads.com/@nson_meme6823/post/DLhOp1IPf7G,強者的氣場,2025年6月30日 星期一 下午5:03,,"Photo by N腎梗圖書館 on June 30, 2025.",17000,253,485,1797,https://www.threads.com/@bigcity_hsinchu/post/DLjc8ULTYvf,看起來木葉村要被入侵了,2025年7月1日 星期二 下午1:46,,,34,,,
tiffchux,https://www.threads.com/@tiffchux/post/DLfKb1SAgJG,外婆家的冷凍庫，媲美便利商店冰櫃 根本選擇障礙🤤 1 / 2,2025年6月29日 星期日 下午9:47,,"Photo by 🎈ᴛɪғғᴀɴʏ ᴄʜᴜ on June 29, 2025.",80000,1257,1739,11000,https://www.threads.com/@bigcity_hsinchu/post/DLh5DK_TeyF,為什麼別人阿婆的冰箱都比較整齊，我阿婆的冰箱還能翻出5年前的菜頭粄,2025年6月30日 星期一 下午11:13,,,211,4,,5
mugglechinny,https://www.threads.com/@mugglechinny/post/DLhZdAUTRut,大家趕快抬頭看看吧！ 1 / 2,2025年6月30日 星期一 下午6:37,,"Photo by 琪妮- 從麻瓜起飛🛫️ CEO身心靈生命體驗家 on June 30, 2025. | Photo by 琪妮- 從麻瓜起飛🛫️ CEO身心靈生命體驗家 on June 30, 2025. | Photo by 琪妮- 從麻瓜起飛🛫️ CEO身心靈生命體驗家 on June 30, 2025.",3024,178,66,382,https://www.threads.com/@bigcity_hsinchu/post/DLhuRZSzC4W,艾涅爾的雷迎嗎,2025年6月30日 星期一 下午9:39,,,21,,,
cehtot.a,https://www.threads.com/@cehtot.a/post/DLfFc7pTOap,"金曲獎最多的男人
金曲獎剛結束 還是要讓大家複習一下 什麼是神",2025年6月29日 星期日 下午9:04,,,15000,135,548,705,https://www.threads.com/@bigcity_hsinchu/post/DLgei29z4f2,隔著螢幕都感覺到當年周杰倫的靈壓,2025年6月30日 星期一 上午10:02,,,35,,,
rayboss95,https://www.threads.com/@rayboss95/post/DLehyp3SU5j,"馬邦德
這照片是你嗎南修？",2025年6月29日 星期日 下午3:52,,"Photo by Raven🐦‍⬛ on June 29, 2025.",15000,156,589,1676,https://www.threads.com/@bigcity_hsinchu/post/DLfbuiIzgxK,"大風起兮雲飛揚，安得猛士兮走四方，粉匪任何時候都要剿。
你能想到，陪著你老婆，吃著火鍋唱著歌，突然就被粉匪劫了！！！",2025年6月30日 星期一 上午12:18,,,36,1,,
_jess_617,https://www.threads.com/@_jess_617/post/DLZHiQNTS_b,"海豹
今天終於星期五了….（飄走） 水族館到底要請多少工讀生當海豹🤣 1 / 2
okome__omochi",2025年6月27日 星期五 下午1:26,,,18000,290,605,5967,https://www.threads.com/@bigcity_hsinchu/post/DLaXje6TxN-,看到主管還坐著，但想準時下班打卡的我,2025年6月28日 星期六 上午1:06,,,104,,,
pacific_rim2_not_real,https://www.threads.com/@pacific_rim2_not_real/post/DLZndj-pVsv,好久沒去台北旅遊了，感覺也發展的越來越好了呢🤔,2025年6月27日 星期五 下午6:05,,"Photo by 小花衣 こっこ 大好 on June 27, 2025.",32000,550,1442,2315,https://www.threads.com/@bigcity_hsinchu/post/DLaXVwSzaVD,這是鏡花水月嗎,2025年6月28日 星期六 上午1:04,,,53,,,2
is_ray.not_ray,https://www.threads.com/@is_ray.not_ray/post/DLTo9wvhm_4,現在小孩的童年：抖音 小紅書 我的童年：三得利蜂王乳加芝麻明E可以幫助入睡🗣️🗣️ 1 / 2,2025年6月25日 星期三 上午10:23,,,11000,150,1298,509,https://www.threads.com/@bigcity_hsinchu/post/DLWMsBrzaEu,本節目由娘家滴雞精贊助播出,2025年6月26日 星期四 上午10:14,,,126,,,2
bornthiswayj,https://www.threads.com/@bornthiswayj/post/DLUa7l6v7zO,這太超逸ㄌ把笑死鋸成有熱氣球ㄇ,2025年6月25日 星期三 下午5:40,@bigcity_hsinchu,,1,1,,,https://www.threads.com/@bigcity_hsinchu/post/DLUddM_zGpX,有呀，怎麼了嗎,2025年6月25日 星期三 下午6:02,,"Photo by Big City遠東巨城購物中心 on June 25, 2025.",3,1,,
starettoday,https://www.threads.com/@starettoday/post/DLUHh38y-rs,"潘若迪
【潘若迪扮席琳狄翁「本人認證了」！邀拉斯維加斯工作 收17場尾牙超狂】 1 / 2",2025年6月25日 星期三 下午2:50,,"Photo by ETtoday星光雲 on June 24, 2025.",35000,424,726,5142,https://www.threads.com/@bigcity_hsinchu/post/DLUWCQJTkyS,去了誰幫沈玉琳掛雞湯找眼鏡,2025年6月25日 星期三 下午4:57,,,154,1,,2
diky0104,https://www.threads.com/@diky0104/post/DLPeuCwJDdR,"貓咪日常
下一步該做什麼？",2025年6月23日 星期一 下午7:43,,,31000,272,912,2869,https://www.threads.com/@bigcity_hsinchu/post/DLRePwnTZkh,貓：過來摸我，人類！,2025年6月24日 星期二 下午2:11,,,64,,,2
lmchaemn,https://www.threads.com/@lmchaemn/post/DLOwItWz9kM,熊，趙正平。安東尼,2025年6月23日 星期一 下午12:50,,"Photo by @lmchaemn on June 22, 2025.",3930,31,377,548,https://www.threads.com/@bigcity_hsinchu/post/DLPiDQMTOYf,小鮮肉吃眼睛，老男人割眼睛,2025年6月23日 星期一 下午8:06,,,146,1,,4
mikachuwoo,https://www.threads.com/@mikachuwoo/post/DLKbJebSSUv,我想聽一些「不得不信邪」的真實異象 1 / 2,2025年6月21日 星期六 下午8:29,,,36000,2171,2429,7630,https://www.threads.com/@bigcity_hsinchu/post/DLLyrUbzyEz,每次都想去挖新竹街邊景點，但不知道為什麼，走一走又在巨城裡面了,2025年6月22日 星期日 上午9:14,,,1022,11,2,30
yeates6796,https://www.threads.com/@yeates6796/post/DLKVHlMzF6u,"玄學
取名不要取太大的，一般人壓不住，無論是你們孩子的名字還是公司創業的名字。
走得長久長遠的公司，比如，蘋果，小米，微軟，微信，螞蟻，都是簡單易記而且很謙虛很小的名字，再看看那些取名什麼天什麼大什麼萬的，統統要over的；
人名也是，取大了沒點本事的壓不住。 1 / 2",2025年6月21日 星期六 下午7:36,,,2533,128,22,258,https://www.threads.com/@bigcity_hsinchu/post/DLK2_sfzBSz,好的，以後請叫我「奈米城」,2025年6月22日 星期日 上午12:32,,,2117,11,3,60
ljy1987520love,https://www.threads.com/@ljy1987520love/post/DLGtaRZBUZx,有1000杯水 只有一杯放糖了 你會如何快速找到它？,2025年6月20日 星期五 上午9:52,,"Photo by Lucky ling on June 19, 2025.",39000,2541,193,1465,https://www.threads.com/@bigcity_hsinchu/post/DLHdWhuzNvT,"先隨便指一杯水
面試官：你怎麼知道那杯有糖 我：你怎麼知道那杯沒糖",2025年6月20日 星期五 下午4:51,,,476,5,,1
eric0710_hcy,https://www.threads.com/@eric0710_hcy/post/DLFj8DpyrVg,"紙飛機
當工程師休息一天時..
#engineer 1 / 2",2025年6月19日 星期四 下午11:10,,,60000,238,1837,6114,https://www.threads.com/@bigcity_hsinchu/post/DLHIrXTTTRh,我剛剛請我媽在中間試一下 現在她要來打我了,2025年6月20日 星期五 下午1:50,,,177,2,,9
netflixtw,https://www.threads.com/@netflixtw/post/DLEyzKnTzOo,"魷魚遊戲
不要光顧著看！快來幫忙啊！ #新竹風好大",2025年6月19日 星期四 下午4:00,,"Photo by Netflix Taiwan on June 19, 2025.",1385,31,13,79,https://www.threads.com/@bigcity_hsinchu/post/DLE4SPyzn8y,新竹人都馭風曬米粉 外縣市人才用手曬米粉,2025年6月19日 星期四 下午4:48,,,132,2,2,
cc31353,https://www.threads.com/@cc31353/post/DLCAuzdiWla,"貓咪
對方撤回一隻小貓 1/2",2025年6月18日 星期三 下午2:05,,,39000,126,2872,5474,https://www.threads.com/@bigcity_hsinchu/post/DLELFIPz0D4,在廁所遇到老闆的我,2025年6月19日 星期四 上午10:13,,,144,2,,4
lithe_4,https://www.threads.com/@lithe_4/post/DLCPlTrSlhP,,2025年6月18日 星期三 下午4:14,@bigcity_hsinchu讚30回覆1轉發分享3,"Photo by ㄣ on June 18, 2025.",30,1,,3,https://www.threads.com/@bigcity_hsinchu/post/DLCTjFjThKR,你那個加號不按下去嗎,2025年6月18日 星期三 下午4:49,,,38,,,
miwalovewater,https://www.threads.com/@miwalovewater/post/DK9xgqHhM-Z,下次密碼設長一點，讓詐騙集團猜不到。例如： bigcityinhsinchuisaverygoodshoppingmall,2025年6月16日 星期一 下午10:34,@bigcity_hsinchu下次密碼設長一點，讓詐騙集團猜不到。例如：,,234,1,,1,https://www.threads.com/@bigcity_hsinchu/post/DK9x8UAzJ4I,雀食，我設定完就忘了,2025年6月16日 星期一 下午10:38,,"Photo by Big City遠東巨城購物中心 on June 16, 2025.",282,1,,1
kfu_0925,https://www.threads.com/@kfu_0925/post/DK674m_R4N1,我也不知道這是什麼草啦，但感覺吃了會加攻擊力,2025年6月15日 星期日 下午8:07,,"Photo by Fu on June 15, 2025.",6580,98,162,351,https://www.threads.com/@bigcity_hsinchu/post/DK85p1_z41h,找不到任務道具，系統提示的樣子。,2025年6月16日 星期一 下午2:26,,,156,,1,3
sliver_delamo,https://www.threads.com/@sliver_delamo/post/DK846H3R79Y,我上禮拜騎貢丸上班 因為沒吃早餐所以路上咬了我的貢丸一口.. 我到這禮拜還在走路上班😢 小編有沒有讓貢丸消消氣的方法,2025年6月16日 星期一 下午2:20,@bigcity_hsinchu我上禮拜騎貢丸上班,,206,1,,1,https://www.threads.com/@bigcity_hsinchu/post/DK85MQ3zp4P,把火鍋放在牠前面,2025年6月16日 星期一 下午2:22,,,101,1,,1
ou.huan09,https://www.threads.com/@ou.huan09/post/DK6JD9XJ28l,"新竹人
我有一個疑問
新竹的風都是這麼大嗎⋯⋯新竹人
Big City遠東巨城購物中心",2025年6月15日 星期日 下午12:44,,,1254,460,16,58,https://www.threads.com/@bigcity_hsinchu/post/DK6hCKhTOo2,對新竹人來說，這是一般人呼吸的鼻風而已。,2025年6月15日 星期日 下午4:13,,,583,6,2,4
fmz05483,https://www.threads.com/@fmz05483/post/DK0kj5PhpsB,高雄新神獸 竟然會在路邊看到！！ 1/2,2025年6月13日 星期五 上午8:49,,,24000,901,839,11000,https://www.threads.com/@bigcity_hsinchu/post/DK03whWzJ9t,這一期的特級廚師考試，我有食材可以過了。,2025年6月13日 星期五 上午11:36,,"Photo by Big City遠東巨城購物中心 on June 12, 2025.",172,1,,1
_r2u2i0,https://www.threads.com/@_r2u2i0/post/DKy8DD-BV04,忘記改成跟家人聊天模式了,2025年6月12日 星期四 下午5:35,,"Photo by 杜. on June 12, 2025.",30000,109,511,619,https://www.threads.com/@bigcity_hsinchu/post/DK0uSuETw3d,"跟家人說括弧有種撒嬌的感覺，就像：
怎麼又巨城？ >說教的感覺 怎麼又巨城（？ >有啾咪欸嘿的感覺",2025年6月13日 星期五 上午10:13,,,124,,1,
thyuxcyhs._,https://www.threads.com/@thyuxcyhs._/post/DKzF99Pyc2O,第一次看到彩虹的盡頭！！！,2025年6月12日 星期四 下午7:02,,"Photo by 丁允 on June 12, 2025. | Photo by 丁允 on June 12, 2025. | Photo by 丁允 on June 12, 2025. | Photo by 丁允 on June 12, 2025.",320000,2456,18000,37000,https://www.threads.com/@bigcity_hsinchu/post/DKzK9hrzBxr,趕快騎過去幫我確認，是不是有長頸鹿在吃彩虹，掉出彩虹糖,2025年6月12日 星期四 下午7:45,,,3481,3,4,46
ariel.w11,https://www.threads.com/@ariel.w11/post/DKwpleHTI8y,剛剛路過鹹酥雞攤 發生地震 路人（講電話）：啊啊地震!! 啊你要吃鹹酥雞嗎 好愛這種精神狀態😍,2025年6月11日 星期三 下午8:15,,,7126,29,128,132,https://www.threads.com/@bigcity_hsinchu/post/DKyvd8ZzSmt,啊啊啊啊地震！ HappyGo 載具 LinePay謝謝。,2025年6月12日 星期四 下午3:45,,,105,,,
diaoooooooo,https://www.threads.com/@diaoooooooo/post/DKu405LTpKY,今天買了宜得利很有名的寵物冰涼墊回家孝順老大 想知道躺這樣是很滿意ㄉ意思嗎⋯⋯ /ᐠ ๏༝๏ マ 1 / 2,2025年6月11日 星期三 上午3:50,,"Photo by Yu on June 10, 2025.",11000,172,184,1763,https://www.threads.com/@bigcity_hsinchu/post/DKwSZVFTO_y,貓：終於做對一件事了，人類。,2025年6月11日 星期三 下午4:52,,,90,1,,1
unicorn00114,https://www.threads.com/@unicorn00114/post/DKpCbY_hhuK,今天我女友問我去完巨城後要幹嘛？ 我：買水吧？玩具城買水比較便宜,2025年6月8日 星期日 下午9:18,,"Photo by 🐏xiang on June 08, 2025.",1390,22,35,553,https://www.threads.com/@bigcity_hsinchu/post/DKpcQPMzRyK,骷髏頭盔！看來您能來停VIP車位了。,2025年6月9日 星期一 上午1:04,,,206,1,,5
a12357783,https://www.threads.com/@a12357783/post/DKlRV5uy6_i,"生活日常
剛剛去買茶葉蛋的時候 我問店員 你們這個茶葉蛋是新煮的嗎 店員說不是 我們這是台中的 我差點拿電鍋砸了店員....",2025年6月7日 星期六 上午10:12,,"Photo by 何俊達 on June 06, 2025.",10000,177,308,952,https://www.threads.com/@bigcity_hsinchu/post/DKmX6LUzBm0,不可能吧，我們新竹都是滷貢丸，很少看到有蛋。,2025年6月7日 星期六 下午8:28,,,548,4,3,8
0_yuxian,https://www.threads.com/@0_yuxian/post/DKkj3WdTTPo,"新竹女僕餐酒館 狗的 1 / 2
私嚐小聚",2025年6月7日 星期六 上午3:34,,"Photo by 林小鹹 on June 06, 2025. | Photo by 林小鹹 on June 06, 2025.",69000,663,4800,24000,https://www.threads.com/@bigcity_hsinchu/post/DKlhCk4zlhb,她可以幫我畫一個DOKIDOKI愛心蛋包飯嗎？,2025年6月7日 星期六 下午12:29,,,53,2,,
tocke0510,https://www.threads.com/@tocke0510/post/DKkQxYszDN6,貼心幽默的老闆🤣 該說貼心嗎？,2025年6月7日 星期六 上午12:48,,,11000,337,369,2157,https://www.threads.com/@bigcity_hsinchu/post/DKlOGohTdd0,我覺得半湯匙就好，兩湯匙油太多了,2025年6月7日 星期六 上午9:43,,,75,1,,1
museacg,https://www.threads.com/@museacg/post/DKjkuvtRPiH,設計部門下班，但主管要求做一篇炎柱的貼文 1 / 2,2025年6月6日 星期五 下午6:23,,"Photo by MUSE木棉花 （動漫/動畫/周邊/週邊/精品） on June 06, 2025.",6345,70,187,238,https://www.threads.com/@bigcity_hsinchu/post/DKlN7Lqz3vh,你把我炎柱大哥的靈魂都畫出來了,2025年6月7日 星期六 上午9:42,,,96,1,,1
charlie1101.tw,https://www.threads.com/@charlie1101.tw/post/DKjQ04Ez9eJ,幹 出門帶錯耳機 帶成歐樂B😍😍 1 / 3,2025年6月6日 星期五 下午3:29,,"Photo by Charlie👾 on June 06, 2025. | Photo by Charlie👾 on June 06, 2025.",290000,5788,19000,85000,https://www.threads.com/@bigcity_hsinchu/post/DKkB2xzTOkq,牙醫：這年頭居然還有這麼自律的年輕人（大哭）,2025年6月6日 星期五 下午10:37,,,434,,,6
chef_playfood,https://www.threads.com/@chef_playfood/post/DKhKXGVSQa0,你好，這水煮蛋3000元,2025年6月5日 星期四 下午7:54,,,8007,46,176,1086,https://www.threads.com/@bigcity_hsinchu/post/DKjGJuoTaMU,硬是把蛋做成我吃不起的樣子。,2025年6月6日 星期五 下午1:55,,,64,,,
giovannalan19,https://www.threads.com/@giovannalan19/post/DKhkCu9S3js,"魚
魚，這⋯樣也行？ 魚 1 / 2",2025年6月5日 星期四 下午11:41,,,21000,382,923,7219,https://www.threads.com/@bigcity_hsinchu/post/DKjFyk7zznk,剛測完1600的我。,2025年6月6日 星期五 下午1:52,,,73,,,
lily1991516,https://www.threads.com/@lily1991516/post/DKi9QfSJ0Fo,明天的KM開幕應該也會長這樣🤩🤩🤩,2025年6月6日 星期五 下午12:38,@bigcity_hsinchu,,7,1,,4,https://www.threads.com/@bigcity_hsinchu/post/DKi-HNzz_If,明天我上班真的擠的進去打卡嗎…,2025年6月6日 星期五 下午12:45,,,7,,,3
zhg_.2527,https://www.threads.com/@zhg_.2527/post/DKi1w6kxBog,每次都在算自己的缺曠會不會被當,2025年6月6日 星期五 上午11:32,@bigcity_hsinchu,,26,1,,1,https://www.threads.com/@bigcity_hsinchu/post/DKi2DKJzzGO,觸。,2025年6月6日 星期五 上午11:35,,,,,,
ye.c2_,https://www.threads.com/@ye.c2_/post/DKihReZzuAK,"這是回覆已無法顯示的貼文
早八加體育才根本夭壽骨",2025年6月6日 星期五 上午8:33,,,2,3,,,https://www.threads.com/@bigcity_hsinchu/post/DKiqZIhT2eQ,"早掃+早八+體育+冬天
我是真的沒辦法",2025年6月6日 星期五 上午9:53,,,1,,,
jk840608,https://www.threads.com/@jk840608/post/DKeE3yXJA7G,太可愛了吧躺著吃爆米花,2025年6月4日 星期三 下午3:08,,,81000,387,7049,10000,https://www.threads.com/@bigcity_hsinchu/post/DKf_E0-zSrI,我把今日份的文，發完的樣子。,2025年6月5日 星期四 上午8:56,,,72,1,,3
ni_no_0830,https://www.threads.com/@ni_no_0830/post/DKdtP9WRf-i,"畢業快樂
雄中根本超頂 #露比醬 1 / 2",2025年6月4日 星期三 上午11:42,,,57000,544,4183,19000,https://www.threads.com/@bigcity_hsinchu/post/DKePtbITYUX,3月直奔北部，以為是為了巨城，結果更北，跑去日本學這個嗎。,2025年6月4日 星期三 下午4:43,,,699,4,,15
myudn,https://www.threads.com/@myudn/post/DKbfbrdSq-f,阿嬤：我身騎金毛阿~造三關~（並沒有這樣唱www 1 / 2,2025年6月3日 星期二 下午3:02,,"Photo by udn.com 聯合新聞網 on June 03, 2025.",8246,93,311,5721,https://www.threads.com/@bigcity_hsinchu/post/DKd9_E2T1_M,什麼阿嬤，叫公主。,2025年6月4日 星期三 下午2:08,,"Photo by Big City遠東巨城購物中心 on June 03, 2025.",209,4,,8
bobo741852963,https://www.threads.com/@bobo741852963/post/DKd5cEWpMcs,@bigcity_hsinchu 可以麻煩小編呼籲一下嗎 天氣那麼熱 停車場都廢氣 怎麼能把狗狗留在那裡啊,2025年6月4日 星期三 下午1:28,@_iamfreenow_33,,180,2,,,https://www.threads.com/@bigcity_hsinchu/post/DKd52g5T7VA,已轉達同事進行了解。,2025年6月4日 星期三 下午1:32,,,81,3,1,
melon._.ha._.05,https://www.threads.com/@melon._.ha._.05/post/DKYgVXBS4xA,剛去吃我家牛排結果裡面全都是我不認識的人 已經報警了,2025年6月2日 星期一 上午11:12,,,100000,2817,9344,33000,https://www.threads.com/@bigcity_hsinchu/post/DKdhAAQzTuV,昨天去巨城，發現真的是一座城，已遷戶口。,2025年6月4日 星期三 上午9:54,,,76,,,1
kevinshuan,https://www.threads.com/@kevinshuan/post/DKbH1Hbzw2-,在台灣我們不說：「你是我的好朋友」 . . . . . 我們說：「小心後面有車！」,2025年6月3日 星期二 上午11:36,,,63000,125,2666,2738,https://www.threads.com/@bigcity_hsinchu/post/DKb5zHfz_pf,"在新竹我們不說：「某景點還不錯」
我們都說：「不去巨城就回家」",2025年6月3日 星期二 下午6:53,,,422,1,,15
katzem0nd,https://www.threads.com/@katzem0nd/post/DKZvsI4yCVo,誰他媽在口水雞裡面打勾,2025年6月2日 星期一 下午10:46,,"Photo by # on June 02, 2025.",150000,1138,12000,59000,https://www.threads.com/@bigcity_hsinchu/post/DKbOKKszula,如果老闆放一台果汁機在旁邊，錯的可能是我們。,2025年6月3日 星期二 下午12:31,,,351,2,,46
ccu_3c_product,https://www.threads.com/@ccu_3c_product/post/DKZnR-gzf92,請問有沒有「A級貢丸駕駛證」🥹,2025年6月2日 星期一 下午9:32,@bigcity_hsinchu,,4,1,,,https://www.threads.com/@bigcity_hsinchu/post/DKZnasCzgmv,最高有到UR級。,2025年6月2日 星期一 下午9:34,,,2,1,,
vieshow_cinemas,https://www.threads.com/@vieshow_cinemas/post/DKZaulnz3iC,可以送一條到樓上讓我也幫忙吃嗎？,2025年6月2日 星期一 下午7:43,@bigcity_hsinchu,,19,1,,,https://www.threads.com/@bigcity_hsinchu/post/DKZnAAeThSX,下次，一定。,2025年6月2日 星期一 下午9:30,,,4,,,
177miru_miru,https://www.threads.com/@177miru_miru/post/DKZleh2SZqg,我有A級ㄉ,2025年6月2日 星期一 下午9:17,@bigcity_hsinchu,,2,1,,,https://www.threads.com/@bigcity_hsinchu/post/DKZmwIdTAup,是在炫耀嗎。,2025年6月2日 星期一 下午9:28,,,4,1,,
black7756k,https://www.threads.com/@black7756k/post/DKZmPdRBjSH,請問我的貢丸550是要考B級的還是A級的？,2025年6月2日 星期一 下午9:23,@bigcity_hsinchu,,11,1,,,https://www.threads.com/@bigcity_hsinchu/post/DKZmtmpTBJD,有可能是S級。,2025年6月2日 星期一 下午9:27,,,5,,,
bugbugchen,https://www.threads.com/@bugbugchen/post/DKY5Lh5up8V,我勸你多吃幾條,2025年6月2日 星期一 下午2:50,@bigcity_hsinchu,,1,1,,,https://www.threads.com/@bigcity_hsinchu/post/DKY6LbczFPj,我勸你住手。,2025年6月2日 星期一 下午2:58,,,4,1,,
hhhhirooo,https://www.threads.com/@hhhhirooo/post/DKY1o9FSOuH,聽說巨城小編長的也是像貢丸,2025年6月2日 星期一 下午2:19,@bigcity_hsinchu,,22,1,1,1,https://www.threads.com/@bigcity_hsinchu/post/DKY1wjuTSvk,你才貢丸，你全家貢丸。,2025年6月2日 星期一 下午2:20,,,169,3,,6
mermaid_1224_,https://www.threads.com/@mermaid_1224_/post/DKYzl9dpEwf,我勸你讓我試吃一下,2025年6月2日 星期一 下午2:01,@bigcity_hsinchu,,4,1,,,https://www.threads.com/@bigcity_hsinchu/post/DKY1ofAzLkN,我勸你找時間自己過來買。,2025年6月2日 星期一 下午2:19,,,5,,,
miss_hamster_fanart,https://www.threads.com/@miss_hamster_fanart/post/DKY1RLjBSMo,"這是回覆已無法顯示的貼文
巨城甚至有一層樓是停貢丸的 外地人進不去要有貢丸駕照😌 @bigcity_hsinchu 你自己說是不是",2025年6月2日 星期一 下午2:15,,,206,4,1,47,https://www.threads.com/@bigcity_hsinchu/post/DKY1jRhTF2L,對。,2025年6月2日 星期一 下午2:18,,,243,2,,12
xi_0718,https://www.threads.com/@xi_0718/post/DKWpLxrT6bb,好消息：暑假要到了 壞消息：7/5要來了 1 / 2,2025年6月1日 星期日 下午5:51,,,31000,444,636,1129,https://www.threads.com/@bigcity_hsinchu/post/DKYQEKkThYk,好消息：暑假要來了 壞消息：暑假要來了 爸媽：救命,2025年6月2日 星期一 上午8:50,,,36,2,,
birusay.us,https://www.threads.com/@birusay.us/post/DKRCQaQx7t_,原本只是想google主機放乖乖的照片 赫然發現～ 什麼時候多了靠得住🤣 查了一下發現除了名字聽起來很可靠 還有網友說因為它號稱”流量再大也不怕” 忽然覺得好像蠻合理的😆 1 / 2,2025年5月30日 星期五 下午1:35,,"Photo by 比如說美國 on May 29, 2025.",20000,261,690,6975,https://www.threads.com/@bigcity_hsinchu/post/DKV4EoPzbVP,看來我也要放幾包，讓停車場也扛住車流量。,2025年6月1日 星期日 上午10:42,,,118,4,,2
