user_name,user_post_url,user_content,user_timestamp,user_replying_to,user_image_alts,user_likes,user_replies,user_reposts,user_shares,brand_reply_url,brand_reply_content,brand_reply_timestamp,brand_replying_to,brand_reply_image_alts,brand_reply_likes,brand_reply_replies,brand_reply_reposts,brand_reply_shares
sophia_hsiao00324,https://www.threads.com/@sophia_hsiao00324/post/DXvOIfKk__l,這樣讓我不讀都不行了！好有趣！,2026年4月30日 星期四 上午9:44,@bookstw,,3,1,,,https://www.threads.com/@bookstw/post/DXvSFAems8s,"要🙂‍↔️👇🍉 bookstw.link/8zhjm…
books.com.tw
賣瓜的人【文壇年度耀眼新星】",2026年4月30日 星期四 上午10:19,,賣瓜的人【文壇年度耀眼新星】,1,,,
xaxa_reading,https://www.threads.com/@xaxa_reading/post/DXvMwORAX-o,素玉之子🤝🤣,2026年4月30日 星期四 上午9:32,@bookstw,,,1,,,https://www.threads.com/@bookstw/post/DXvNGrggbdh,薯條🤝三位素玉準備組Ｓ.Ｈ.Ｅ（沒有任何一位素玉答應）,2026年4月30日 星期四 上午9:35,,,2,,,
xaxa_reading,https://www.threads.com/@bookstw/post/DXt8NQIGpH9,"15小時
我真的是要發瘋，因為我媽也叫素玉🤣（突然出賣媽媽
bookstw",2026年4月29日 星期三 下午9:48,,,26,4,1,2,https://www.threads.com/@bookstw/post/DXvK4UYAXd6,！！！！？發芬,2026年4月30日 星期四 上午9:16,,,16,2,,
good.morning.my.dear.friend,https://www.threads.com/@good.morning.my.dear.friend/post/DXuKM53jzXC,衣服真的很好看欸,2026年4月29日 星期三 下午11:50,@bookstw,,3,1,,,https://www.threads.com/@bookstw/post/DXvK1i4AdAg,真ㄉ🌹有品味ㄉ人都會有有品味ㄉ衣🪷,2026年4月30日 星期四 上午9:15,,,1,,,
thiloliu,https://www.threads.com/@thiloliu/post/DXuEJuHCJFB,有出電子書嗎,2026年4月29日 星期三 下午10:58,@bookstw,,3,2,,,https://www.threads.com/@bookstw/post/DXvClHUgXTJ,電子書5/1開賣喔！ 還有收錄傑尼跟素玉的小對談🤩,2026年4月30日 星期四 上午8:03,,,3,,,
chicagocubs777,https://www.threads.com/@chicagocubs777/post/DXt-SHElAZ_,我知道博小編妳等這一天等很久了，絕對很爽吧？,2026年4月29日 星期三 下午10:06,@bookstw,,,1,,,https://www.threads.com/@bookstw/post/DXt_03CAQYo,"超爽！ 沒想到能等到傑尼寶貝的ISBN碼誕生！太爽了！ ➡️ bookstw.link/8zhjh…
books.com.tw
賣瓜的人【文壇年度耀眼新星】（限量親簽版）",2026年4月29日 星期三 下午10:20,,賣瓜的人【文壇年度耀眼新星】（限量親簽版）,3,,,
ytw_04,https://www.threads.com/@ytw_04/post/DXd_xECDTbz,"1天
雖然博客來小編很可愛，但網站用戶體驗真的極差😖 因Email驗證有bug跟客服聯繫，填好敘述並附上截圖檔後，點選下一步竟然跳出「系統忙碌中」的視窗？？？ 原來的bug還在，然後開一張bug ticket還這麼困難，IT部門到底在幹嘛🥲",2026年4月23日 星期四 下午5:11,@bookstw,"Photo by Yuting on April 28, 2026. May be an image of text. | Photo by Yuting on April 23, 2026. May be an image of ticket stub and text that says 'Email信籍驗證Emailerfication Email信箱驗證 Email verification Email 重新發送驗證碼2 21423 Resend verification Resendverlfication.code(sec) code (sec) 請留意驗證信是否被歸類於垃圾郵件 請留這技體信是否被解類於垃圾那件如果在0後仍来收容 如果在60秒後仍未收到 驗證碼， 請您點選重新發送 Please check your spam folder for Plesoekstettte the verification email. If you haven't received the verification code after 60 seconds, please click on 'Resend'. Email驗證碼 Emaill 驗證碼 Email Verification Code 請確認網頁識別碼為 TMMC 有效期限 2026/04/23 16:42:38 Please Fleas.cofimtiewebaede confirm the webpage identifier as: TMMC Expiration date: 2026/04/23 Expirationdale:2026/4/2316423 16:42:38. 取消 Cancel'.",3,2,,1,https://www.threads.com/@bookstw/post/DXtM3H9mp0m,"您好，博小編稍早有轉達給相關單位，也請同仁測試過可以正常發信，如果仍然沒辦法寄出，建議可以透過電話客服／線上文字客服 詢問喔～
【客戶服務專線】：02-26535588 【線上文字服務】：請於服務時間到臉書私訊，點選『轉真人客服』按鈕，待成功轉接後將由真人客服為您服務。 ◆ 服務時間說明如下： 電話／文字客服（真人)：週一至週五 09:00～18:00（國定假日除外）",2026年4月29日 星期三 下午2:54,,,10,,,
abby255689,https://www.threads.com/@abby255689/post/DXrbVmNmqp9,終於等到秀鳳阿姨直播了,2026年4月28日 星期二 下午10:22,@bookstw,,1,1,,,https://www.threads.com/@bookstw/post/DXrcH8hmpRA,等待⏰ 一切 都“值得]!!🌹🫰,2026年4月28日 星期二 下午10:29,,,1,,,
monstarbaby,https://www.threads.com/@monstarbaby/post/DXrbHGmCbRe,請原地出道🫶🫶🫶,2026年4月28日 星期二 下午10:21,@bookstw,,,1,,,https://www.threads.com/@bookstw/post/DXrb9avGtAY,哈😆秀鳳阿 姨 ‘‘遲暮之年” {大器晚成[🪷🌹,2026年4月28日 星期二 下午10:28,,,1,,,
hahatai_official,https://www.threads.com/@hahatai_official/post/DXrMWYJkkil,"賣瓜的人
各位！傑尼 / 洪倪 @janiwants543 出新書《賣瓜的人》了！請大家買爆讓傑尼十刷一百刷！
IG 貼文會送兩本傑尼的親筆簽名新書，還會有一小小小段傑尼的話！🐟 1 / 3
hahatai_official",2026年4月28日 星期二 下午8:12,,,227,5,4,7,https://www.threads.com/@bookstw/post/DXrbfwGmjOC,"蛤！！！出書！！？？！ ⬇️是在說這本嗎？？？？？？！！！ 《賣瓜的人》bookstw.link/8z3ja… ⬆️該不會是在說這個吧？！？？？！ 封面很好看的這本嗎？ 內容也好看的這本嗎？
books.com.tw
賣瓜的人【文壇年度耀眼新星】（限量親簽版）",2026年4月28日 星期二 下午10:24,,賣瓜的人【文壇年度耀眼新星】（限量親簽版）,29,,,
bonekou,https://www.threads.com/@bonekou/post/DXrUmWej77S,中途一直封鎖惡意言論這細節超好笑 阿姨動態視力好好,2026年4月28日 星期二 下午9:24,@bookstw,,9,1,,,https://www.threads.com/@bookstw/post/DXrbO_vGkEw,秀鳳阿姨 讀書人 平時興趣 是 打「LOL）🪷哈😆秀鳳愛說笑🦋開玩笑滴 秀鳳不會用{電腦]❌ 幸福🫶美滿🌹晚安😴🪷,2026年4月28日 星期二 下午10:22,,,8,1,,
tc2xyrm19_twn,https://www.threads.com/@tc2xyrm19_twn/post/DXrWfBkEo0F,秀鳳阿姨的大粉絲簽到😍,2026年4月28日 星期二 下午9:40,@bookstw,,2,1,,,https://www.threads.com/@bookstw/post/DXrbAAvmhEv,秀鳳阿姨 /感/謝💗你🙏感恩🌹🫰 幸福🫶美滿🌹晚安😴🪷,2026年4月28日 星期二 下午10:20,,,1,,,
changchungfang,https://www.threads.com/@changchungfang/post/DXrWRa6kUeh,阿姨手速真的很快，我都來不及看完留言就刪了😂,2026年4月28日 星期二 下午9:38,@bookstw,,8,1,,,https://www.threads.com/@bookstw/post/DXra7xaGk98,"秀鳳阿姨平 時 [愛健 ,身}💪 哈😆💕 幸福🫶美滿🌹晚安😴🪷",2026年4月28日 星期二 下午10:19,,,5,,,
suika28,https://www.threads.com/@suika28/post/DXrW78zk-Mz,超好笑,2026年4月28日 星期二 下午9:44,@bookstw,,1,1,,,https://www.threads.com/@bookstw/post/DXra0EvGpx9,開心😄🌹🪷祝福🙏美滿🦋,2026年4月28日 星期二 下午10:18,,,1,,,
tsaijeiyu,https://www.threads.com/@tsaijeiyu/post/DXrXhTNEhvS,秀鳳阿姨封鎖人也太迅速了！ （第一次看養樂多被黑屏,2026年4月28日 星期二 下午9:49,@bookstw,,12,2,,,https://www.threads.com/@bookstw/post/DXrawQNmuRe,秀鳳阿姨的視力 是{一級 棒👍] 讚讚讚!! !💕🫰🪷🌹哈😆,2026年4月28日 星期二 下午10:17,,,5,,,
monstarbaby,https://www.threads.com/@monstarbaby/post/DXrZ45KE80v,秀鳳！！！！,2026年4月28日 星期二 下午10:10,@bookstw,,,1,,,https://www.threads.com/@bookstw/post/DXramDummyS,有💕,2026年4月28日 星期二 下午10:16,,,1,1,,
baiher100_2024,https://www.threads.com/@baiher100_2024/post/DXrYXSZE-j5,好想跟上秀鳳阿姨直播,2026年4月28日 星期二 下午9:57,@bookstw,,2,1,,,https://www.threads.com/@bookstw/post/DXrajJwGozz,下次見🫰 幸福🫶美滿🌹晚安😴🪷,2026年4月28日 星期二 下午10:16,,,2,,,
ajane2ee,https://www.threads.com/@ajane2ee/post/DXrZylckzYi,「去大巨蛋唸唐詩嗎」 愛死😍😍😍,2026年4月28日 星期二 下午10:09,@bookstw,,,1,,,https://www.threads.com/@bookstw/post/DXrahP1GuQc,秀鳳阿姨可以去大巨蛋為大家帶來文言文賞析🫰 幸福🫶美滿🌹晚安😴🪷,2026年4月28日 星期二 下午10:15,,,3,,,
misswhere,https://www.threads.com/@misswhere/post/DXrXxHYE1-F,我真的會瘋掉為什麼會這麼好笑！為什麼！！！！,2026年4月28日 星期二 下午9:51,@bookstw,,6,1,,,https://www.threads.com/@bookstw/post/DXracrXGnZt,秀鳳阿姨很高興有讓美女開心了🫰🪷 幸福🫶美滿🌹晚安😴🪷,2026年4月28日 星期二 下午10:15,,,4,,,
amy_domoto,https://www.threads.com/@amy_domoto/post/DXo6lhHGW5_,學到了！以後堅介時就罰洒（？）,2026年4月27日 星期一 下午10:58,@bookstw,,8,1,,,https://www.threads.com/@bookstw/post/DXo_NH1Gr_F,？？？？？？？？？？,2026年4月27日 星期一 下午11:38,,"Photo by 博客來 on April 27, 2026. May be an image of text that says 'Ptn AOII ም AMY_DOMOTO AMY 你學錯東西了 我剛剛沒有教這個'.",21,,,
sunyatsen_mh,https://www.threads.com/@sunyatsen_mh/post/DXo2w8Yk5-4,博客來編要不要試一下ai髮型🙂,2026年4月27日 星期一 下午10:24,@bookstw,,6,1,,,https://www.threads.com/@bookstw/post/DXo3A_yGtXl,？？？？😫🤚,2026年4月27日 星期一 下午10:27,,,3,,,
silviamou123,https://www.threads.com/@silviamou123/post/DXo2SwuEWi7,但是老實說⋯⋯我如果上班上一上我媽突然打電話跟我說「女兒我愛你」 我可能會嚇到以為發生什麼事耶🤣🤣🤣🤣🤣 直接報警的那種嚇到耶,2026年4月27日 星期一 下午10:20,@bookstw,,6,1,,,https://www.threads.com/@bookstw/post/DXo2_tmGg7B,對啊郭媽媽的課綱也真的是有問題（？）,2026年4月27日 星期一 下午10:26,,,6,,,
ky_majide,https://www.threads.com/@ky_majide/post/DXjWp7-E0_I,親愛的朋友，我會讀到滾瓜爛熟🙂‍↔️,2026年4月25日 星期六 下午7:08,@bookstw,,4,1,,,https://www.threads.com/@bookstw/post/DXjWyBUgQFa,把這份瓜傳下去💞🙏🍉,2026年4月25日 星期六 下午7:09,,,5,,,
ky_majide,https://www.threads.com/@ky_majide/post/DXjO18Dk_Sc,"賣瓜的人
救命我真的會死掉ʕ•̫͡•ʕ•̫͡•ʔ•̫͡•ʔ ▔▔▔▔▔▔▔▔▔▔▔▔ 作家洪倪《賣瓜的人》新書搶讀會 博小編到場祝賀直接送一顆西瓜🍉
✸ 新書熱烈預購中
遠流出版事業股份有限公司",2026年4月25日 星期六 下午5:59,,"Photo by Kenny Huang on April 25, 2026. May be an image of text.",415,18,3,12,https://www.threads.com/@bookstw/post/DXjWiY6mkXc,阿娘喂真的是《賣瓜的人》 bookstw.link/8z3ja… ⬆️借版賣書（建議買三本） ⬇️新手家長寫真（不是）,2026年4月25日 星期六 下午7:07,,"Photo by 博客來 on April 25, 2026. May be an image of watermelon, melon, gourd and text.",159,2,1,4
raying66,https://www.threads.com/@raying66/post/DWbtZ22lKva,那麼莫名又那麼長的業配我竟然看完了好氣ㄛ😍 所以昨天跟小編在一起那個女的是誰,2026年3月28日 星期六 下午11:21,@bookstw,,,,,,https://www.threads.com/@bookstw/post/DWbt6QGmsk4,（直接在留言區眼神放空）,2026年3月28日 星期六 下午11:26,,,,,,
amy.c31453,https://www.threads.com/@amy.c31453/post/DWbqVkHE1zt,搭電梯真的是尷尬到死,2026年3月28日 星期六 下午10:54,@bookstw,,,,,,https://www.threads.com/@bookstw/post/DWbtE53mkXj,真是到底要不要開口講話😣,2026年3月28日 星期六 下午11:18,,,,,,
august.23th,https://www.threads.com/@august.23th/post/DWbslZagS9Y,剛剛不是空手下樓梯的嗎，怎麼突然連小蜜蜂都拿得出來？🤣🤣🤣,2026年3月28日 星期六 下午11:14,@bookstw,,,,,,https://www.threads.com/@bookstw/post/DWbtBuNGsX2,業配の魔法🪄（？？？）,2026年3月28日 星期六 下午11:18,,,,,,
booklife99love,https://www.threads.com/@booklife99love/post/DWY1MQHFPtp,有沒有可能我們才是真的博小編（不可能）,2026年3月27日 星期五 下午8:31,@bookstw,,,,,,https://www.threads.com/@bookstw/post/DWY4x1EmiQD,有沒有可能真的博小編從去年開始就被關在地下室（持續造謠）,2026年3月27日 星期五 下午9:03,,,,,,
booklife99love,https://www.threads.com/@booklife99love/post/DWYQlzqj4c8,"博小編
POV： 太常在公司cos博小編，導致無人關心
3/27博客來讀書日請去把《原子習慣WORKBOOK》實踐本買回家 1/2
booklife99love",2026年3月27日 星期五 下午3:12,,,,,,,https://www.threads.com/@bookstw/post/DWYlJYTAeU3,不要再冒充我的身份了！！！😠🫵 （原封不動的留言一遍）,2026年3月27日 星期五 下午6:11,,,,,,
tan_ing_phang,https://www.threads.com/@tan_ing_phang/post/DWTE1txEZ2E,"統一發票
誠久無著獎矣！多謝 @ohtaigi ！學台語，會著獎喔！",2026年3月25日 星期三 下午2:53,,"Photo by Tân Îng-phâng on March 24, 2026. May be a Twitter screenshot of timer and text that says '博客來 博客來數位科技股份有限公司 2026/01/07 2026/01/0723:59:59 23:59:59 購物 IOPENPONT會員職具賣方統編96235 ΟΡΕΝ OPENPOINT會員載具 POINT 會員載具 賣方統編 賣方統編96922355 96922355 購買品項 4711441074296日花閃燦： 台語的美麗 詞鼻&一百首詩 &一百首詩（首刷限量透卡書籤 （首刷限量透卡書籖， $355x1 $355 OOO0001C_DISCOUNT（結帳再 （結帳再折扣） -$36x1 總金額 -$36 $319 備註 有機會獲得以下禮物！ 六獎 獎金$200元！ 獎金 $200 領獎辦法'.",,,,,https://www.threads.com/@bookstw/post/DWTSqThARDH,"看著博客來矣🤩🤩猶未買的趕緊來買喔，後擺著獎的就是你喔！ bookstw.link/8vczm…
books.com.tw
日花閃爍：台語的美麗詞彙&一百首詩",2026年3月25日 星期三 下午4:54,,日花閃爍：台語的美麗詞彙&一百首詩,,,,
angela3967,https://www.threads.com/@angela3967/post/DWTRUbJGMXT,想跟小編一起露營⛺️,2026年3月25日 星期三 下午4:42,@bookstw,,,,,,https://www.threads.com/@bookstw/post/DWTR7gggeY_,"喔買尬寶貝沒辦法啦 但你很適合來逛一下欸，現在限定優惠最低 4 折起，現在下單還來得及帶去放假ㄋㄟ ➡️ bookstw.link/8uzbn…
activity.books.com.tw
【戶外選物展】戶外登山&旅行用品最低4折起",2026年3月25日 星期三 下午4:47,,【戶外選物展】戶外登山&旅行用品最低4折起,,,,
preporodlove,https://www.threads.com/@preporodlove/post/DWTRHbXE_Bx,少了妳我們怎麼辦⋯⋯,2026年3月25日 星期三 下午4:40,@bookstw,,,,,,https://www.threads.com/@bookstw/post/DWTR43Qgc3S,沒有你在我有多難熬（突然親友接唱🎤）,2026年3月25日 星期三 下午4:47,,,,,,
gkpapapa,https://www.threads.com/@gkpapapa/post/DWTLAE3j4mc,這不是博編，而是另一個要業配廣告的博編。,2026年3月25日 星期三 下午3:47,@bookstw,,,,,,https://www.threads.com/@bookstw/post/DWTNXE4AVIr,這是靜態業配博小編💁🏻‍♂️,2026年3月25日 星期三 下午4:07,,,,,,
home.ganggang,https://www.threads.com/@home.ganggang/post/DWTKdxlmHUi,再跟在全部用對真的好舒服,2026年3月25日 星期三 下午3:42,@bookstw,,,,,,https://www.threads.com/@bookstw/post/DWTNS_oAV6i,喔買尬怎麼可以錯😮‍💨💕,2026年3月25日 星期三 下午4:07,,,,,,
maurice.and.patchy,https://www.threads.com/@maurice.and.patchy/post/DXdeUVDkQIZ,"【100天厭世日更挑戰直到1000人追蹤】 day84
問：要怎麼讓大家重新愛上看書 答：用最正經的臉講書，再用最浮誇的演技留人。
小編我只服博X來的小編！（告白） @bookstw",2026年4月23日 星期四 下午12:19,,"Photo by 莫里斯&派奇 | 厭世插畫IP on April 22, 2026. May be an illustration of slow loris, poster and text. | Photo by 莫里斯&派奇 | 厭世插畫IP on April 22, 2026. May be pop art of one or more people, slow loris, duffle coat, parka, poster and text.",230,34,6,2,https://www.threads.com/@bookstw/post/DXetsQImiH-,天公伯喔太厲害了吧！而且在世界閱讀日發博客來真ㄉ4很會挑日子😫💕,2026年4月23日 星期四 下午11:53,,,145,3,,
datorick,https://www.threads.com/@datorick/post/DW8CNGNkWlN,被 @bookstw 博小編洗腦的會員日 2 / 2,2026年4月10日 星期五 下午12:39,@datorick,,3,1,,,https://www.threads.com/@bookstw/post/DW8V93nGiU9,對對真的要收實體，而且實體要收兩本，一本不能拆封擺著，一本拿來看😌💕,2026年4月10日 星期五 下午3:31,,,1,,,
amy.c31453,https://www.threads.com/@amy.c31453/post/DWoaIWmE0-3,怎麼直接叫人家發財wwww,2026年4月2日 星期四 下午9:43,@bookstw,,,1,,,https://www.threads.com/@bookstw/post/DWqUcjimoim,算是發財の報應（？） 翻譯,2026年4月3日 星期五 下午3:32,,,2,,,
ibontw,https://www.threads.com/@ibontw/post/DWobRX9gUax,右1一點都沒有想要輸的港絕,2026年4月2日 星期四 下午9:53,@bookstw,,1,1,,,https://www.threads.com/@bookstw/post/DWqURmhmj7o,魅力無法擋🫦,2026年4月3日 星期五 下午3:30,,,1,,,
mio_peipei,https://www.threads.com/@mio_peipei/post/DWocDqbFEc9,右一最閃亮耶,2026年4月2日 星期四 下午10:00,@bookstw,,,1,,,https://www.threads.com/@bookstw/post/DWqUPFSGrcB,真的有在不服輸,2026年4月3日 星期五 下午3:30,,,,,,
doublepowerful,https://www.threads.com/@doublepowerful/post/DWogzBgEkvR,我直接全部都滑到⋯,2026年4月2日 星期四 下午10:41,@bookstw,,1,1,,,https://www.threads.com/@bookstw/post/DWqULeYGqn1,好浪漫（？）,2026年4月3日 星期五 下午3:29,,,3,,,
xiaoren6521,https://www.threads.com/@xiaoren6521/post/DWmOFX9CQmc,博客來小編都想不到的梗😂😂,2026年4月2日 星期四 上午1:19,@cheng4fake,,193,2,,1,https://www.threads.com/@bookstw/post/DWqT9qemmNg,喔摸，以前玩過😍 看到喜歡歡迎來帶回家：books.com.tw,2026年4月3日 星期五 下午3:27,,"Photo by 博客來 on April 03, 2026. May be an image of newspaper and text that says '我最近的煩惱是？ 想辭職但不知道怎麽說 小編就知道這種煩惱最多 早已準備好接招， 早已準備好接招，請大聲說： 請大聲說： AMEE 報告老闆， 報营老的水自識！ 我要辭職！！ BOSSORS 福 見 8'. | Photo by 博客來 on April 03, 2026. May be an image of book, poster, magazine and text. | Photo by 博客來 on April 03, 2026. May be an image of newspaper and text that says '我最近的煩懼是？ 財星百大企業 14t 覺得自己很不會表達 每次 搶學的 肌 1分鐘》 提案都失敗， 提案都失敗，超沮喪，甚至 超沮喪 甚至 越來越怕 eman 및 GPS溝通術 The TheFirstMinute First Minute How Conversations Tha at Get Results 15 無動標限 演選新聞 税級系聞 SAman 福 歌場清通 簡報 信件、 LINE 電話...…… 必備的戰場高效满通指南 45. 網通維香 Gasel 製用 監. 郵題字 （ 黑金任 S 前來酒 手す 攻佔主管的耳朵1分鐘 等於攻佔他的心1輩子 （簡直求婚？'. | Photo by 博客來 on April 03, 2026. May be a cartoon of newspaper and text. | Photo by 博客來 on April 03, 2026. May be an image of magazine, book, poster and text. | Photo by 博客來 on April 03, 2026. May be an image of text. | Photo by 博客來 on April 03, 2026. May be an illustration of poster and text that says '3:22 4G 914 我最近的煩惱是？ 想看小編怎麽回我 你 猜 你 個 他 ト 最高境界 猜 仕 -81C 美康示造 号都交別人的心程？ 你猜！他下一個動作是什麽？ 你猜！'. | Photo by 博客來 on April 03, 2026. May be an image of text that says '3:22 4G 914 我最近的煩惱是？ 最近鄰居小孩要參加朗誦比 最近鄰居小 費， 賽，×！ 費，×!快被吵死！好難 快被吵死 好難 精料 FA 求 良 聽！ 肤1會 用 教 海 與 學 學 60 中政國 朗誦教與學 不如考慮隔空展開朗誦教學？ 對他進行反朗誦？ （聽起來很强的技能'. | Photo by 博客來 on April 03, 2026. | Photo by 博客來 on April 03, 2026. May be an image of text. | Photo by 博客來 on April 03, 2026. May be a cartoon of text. | Photo by 博客來 on April 03, 2026. May be an image of phone and text that says '3:23 4G 914 我最近的煩惱是？ 爲什麽好多人明明在線上， 卻不回訊息 下次換我們不要回 不要回 管他去死 0 是 人生最大 的自由 sgpedNotGuingatank NotGiving (ኒልር..... ΜИΛИΟИΟW Nn 管他去死是人生最大的自由'. | Photo by 博客來 on April 03, 2026. May be an image of ‎book, magazine, poster and ‎text that says '‎我最近的煩惱是？ 我好喜歡你阿！！但手 但我只敢 在心中呐喊 東 د 語言表達 語言表達/自信心 自信心 不要吞吞吐吐 勇敢説！ 文 安美妍 Miyeon 國養票瑪 安商mi000 Kang Gyuangsoo 环黃味牌 譯 黃洋嶼‎'‎‎. | Photo by 博客來 on April 03, 2026. May be an image of text that says '我最近的煩惱是？ 暗戀 語言表達/自信心 不要否吞吐吐， 勇敢説！ อ 文安美妍M 文 安美妍 Ahn Mi 國養景瑪 Kang 國芸票璃KanG G'.",3,,,
gugonni,https://www.threads.com/@gugonni/post/DWbySAlks_Y,"不可能我在FB看完全片 得知3/27～3/29博客來讀書日
然後又在IG看完全片 確認3/27～3/29博客來讀書日
竟然在脆第三次看完全片 3/27～3/29真的是博客來讀書日無誤！",2026年3月29日 星期日 上午12:04,@liangliang_laugh,,303,2,,,https://www.threads.com/@bookstw/post/DWb9JT_gayi,沒錯！沒錯！而且3/27－3/29 讀書日全站分級滿 $1200 再 9 折起，最高折 $600（部分除外）滿萬最高 25% 回饋，加碼抽千元禮物卡￼這樣，真的，是啊！,2026年3月29日 星期日 上午1:39,,,36,2,,
waiting_chi,https://www.threads.com/@waiting_chi/post/DWbzmvqmveS,"主要是她會由吶喊來的鴿子引導，讓她找到特定的靈感樹，並在樹下跳祈梗舞，詳細的流程請看：
bookstw",2026年3月29日 星期日 上午12:15,@liangliang_laugh,,5633,56,70,459,https://www.threads.com/@bookstw/post/DWb9Cz6Afgr,對對就是這樣😣,2026年3月29日 星期日 上午1:38,,,222,1,,
wenci_0527,https://www.threads.com/@wenci_0527/post/DWbt0auj3DS,前半段到底怎麼有辦法不笑出來的,2026年3月28日 星期六 下午11:25,@bookstw,,23,1,,,https://www.threads.com/@bookstw/post/DWbt8numtL3,沒辦法所以戴口罩（不是啦）,2026年3月28日 星期六 下午11:26,,,23,,,
sia_binghong,https://www.threads.com/@sia_binghong/post/DWTHmzYErkU,所以小編真的有假可以放啊🤔,2026年3月25日 星期三 下午3:17,@bookstw,,1,1,,,https://www.threads.com/@bookstw/post/DWTIxKMAR8I,最愛放假😍,2026年3月25日 星期三 下午3:27,,,3,,,
pacific_tw,https://www.threads.com/@pacific_tw/post/DWTIhumExC3,你成功讓我想跟你一起消失了,2026年3月25日 星期三 下午3:25,@bookstw,,4,1,,,https://www.threads.com/@bookstw/post/DWTIsAeAcZE,走啊下單後上山啊（？）,2026年3月25日 星期三 下午3:26,,,5,,,
kssogo.tw,https://www.threads.com/@kssogo.tw/post/DWTIXJ2iY5z,以為是統一發票沒中獎所以… （ 努力尋找同溫層的廣編🥲🥲🥲🥲,2026年3月25日 星期三 下午3:24,@bookstw,,2,2,,,https://www.threads.com/@bookstw/post/DWTIqSzAQv6,喔摸我有中🌝,2026年3月25日 星期三 下午3:26,,,4,1,,
kssogo.tw,https://www.threads.com/@kssogo.tw/post/DWEX6owif9x,不覺得一句話結尾加上「🥺」很無法招架嗎,2026年3月19日 星期四 下午9:51,,,2837,1106,54,351,https://www.threads.com/@bookstw/post/DWG6O4egXD7,"大腸桿菌🥺
⬆️類似這樣嗎🥺",2026年3月20日 星期五 下午9:29,,,19,1,,
bebe_easycard,https://www.threads.com/@bebe_easycard/post/DWFmLGskrlR,"悠遊付
悠遊付今年6歲啦！生日慶活動開跑… 希望大家可以對我說那四個字嗎🥺 1 / 2",2026年3月20日 星期五 上午9:15,,"Photo by 悠遊卡BeBe on March 19, 2026. May be an image of snowman and text that says '! 悠遊付 Fas, syWolet 悠遊付 已協六 K ご場六 悠遊付6嵗了 請祝福四個字'. | Photo by 悠遊卡BeBe on March 19, 2026. May be an image of ‎toy and ‎text that says '‎不要說我沒說 3/20-3 3/20-3/25天 最高賺$666! 最高賺$666!起快获霜 最高賺 $666! 3/20-3/25天天領券 天天領券 趕快來領 0 한 悠遊付 EeAy EasyWallel ل5 กก ة อ 2 出ーい‎'‎‎.",118,89,,6,https://www.threads.com/@bookstw/post/DWFtQAygQb1,"天啊寶
我來業配
3/24 10:00 到悠遊付領 $200 元 可以拿到博客來折抵使用ㄛ∠( ᐛ 」∠)＿",2026年3月20日 星期五 上午10:16,,,13,1,,
chuan_yuan_candy,https://www.threads.com/@chuan_yuan_candy/post/DWA8bSGARgf,大家看來是很習慣了😌,2026年3月18日 星期三 下午1:53,@bookstw,,1,1,,,https://www.threads.com/@bookstw/post/DWA8iazAcGD,想玩梗還玩不起來🤩,2026年3月18日 星期三 下午1:54,,,,,,
kssogo.tw,https://www.threads.com/@kssogo.tw/post/DWA79aHCcP6,沒關係，我正看著你👀 （ 拍～,2026年3月18日 星期三 下午1:49,@bookstw,,3,1,,,https://www.threads.com/@bookstw/post/DWA8KxVARvh,喔摸,2026年3月18日 星期三 下午1:51,,Happy Pointing GIF,2,,,
ainmosni9,https://www.threads.com/@ainmosni9/post/DV_WQoZkiAW,這個運鏡已經可以超越人氣歌謠和MAMA的等級,2026年3月17日 星期二 下午11:00,@bookstw,,2,1,,,https://www.threads.com/@bookstw/post/DWA8B9NASFJ,準備幫同事轉職海外,2026年3月18日 星期三 下午1:49,,,1,,,
idenden2016,https://www.threads.com/@idenden2016/post/DWAk7gHkzPd,"好喘，哈哈哈
必須說，浩肯包好用品質也好！ 只是我有了。 不然博客來這個價格好吸引人",2026年3月18日 星期三 上午10:28,@bookstw,,,1,,,https://www.threads.com/@bookstw/post/DWA7_4Ygdwd,不愧是寶貝不然再買三個（？）,2026年3月18日 星期三 下午1:49,,,,1,,
migucat,https://www.threads.com/@migucat/post/DWA2JvFgB9t,想看NG畫面😆,2026年3月18日 星期三 下午12:58,@bookstw,,,1,,,https://www.threads.com/@bookstw/post/DWA79VPAb28,NG偏難笑😍,2026年3月18日 星期三 下午1:49,,,,,,
zdgo_,https://www.threads.com/@zdgo_/post/DWA2SIVkXXx,沒事 我在看了 ~,2026年3月18日 星期三 下午12:59,@bookstw,,,1,,,https://www.threads.com/@bookstw/post/DWA76VxAQ5p,喔摸,2026年3月18日 星期三 下午1:48,,Blushing Cute Girl GIF,1,,,
johnsyummydonuts,https://www.threads.com/@johnsyummydonuts/post/DWA2XcoCdt2,：大叫（0人在乎） ：欸 我在tinder刷到前任 （萬人到場）,2026年3月18日 星期三 下午1:00,@bookstw,,22,1,,,https://www.threads.com/@bookstw/post/DWA73PagZYO,事情發展難以捉摸,2026年3月18日 星期三 下午1:48,,,2,,,
yijia2614,https://www.threads.com/@yijia2614/post/DWA5uMBiQ8s,原版讓你學都學不會？,2026年3月18日 星期三 下午1:29,@bookstw,"Photo by 黃翊嘉 on March 17, 2026. May be an image of one or more people, miniskirt and text.",15,1,,,https://www.threads.com/@bookstw/post/DWA71iPAfjY,跟平常一模一樣感覺真的不會有同事在乎😔,2026年3月18日 星期三 下午1:48,,,10,,,
good.morning.my.dear.friend,https://www.threads.com/@good.morning.my.dear.friend/post/DWAwwqgDzt5,博客睞,2026年3月18日 星期三 下午12:11,@bookstw,,37,1,,,https://www.threads.com/@bookstw/post/DWAyXHigZRF,🙏🪷,2026年3月18日 星期三 下午12:25,,,3,,,
orangeamber12,https://www.threads.com/@orangeamber12/post/DVQYLgMEyPh,"跟風塗個品牌擬人
常逛的實體/線上書店 誠品 & 博客來 🖤💚 1 / 2",2026年2月27日 星期五 下午5:13,,"Photo by 秋橙 on February 27, 2026. May be an illustration of text that says 'eslite eslite誠品 誠品 @orangeamber12 @orangeambera2 熱場 የንሚ Amier 舞 彩'. | Photo by 秋橙 on February 27, 2026. May be an illustration of text that says '博客來 books.com.tw com.tw @orangeamber12 B Aman 舞 ጻኝ'.",9166,61,387,528,https://www.threads.com/@bookstw/post/DVQkqdZgZ08,(((o(*ﾟ▽ﾟ*)o))),2026年2月27日 星期五 下午7:02,,,612,3,1,
s.r.c.the_shrimp,https://www.threads.com/@s.r.c.the_shrimp/post/DVLwN1CD53N,原來 @bookstw 小編是我失散多年的雙胞胎嗎 😍😍,2026年2月25日 星期三 下午10:06,@weison_so_sad,"Photo by Emily 阿蝦蝦 on February 25, 2026. May be a selfie of one or more people, bangs, eyeglasses and text. | Photo by Emily 阿蝦蝦 on February 25, 2026. May be a selfie of text. | Photo by Emily 阿蝦蝦 on February 25, 2026. May be an image of train and text.",3,1,,,https://www.threads.com/@bookstw/post/DVNwFf9AQ7r,？？？？！！,2026年2月26日 星期四 下午4:44,,"Photo by 博客來 on February 26, 2026. May be a selfie of one or more people, bangs, eyeglasses and text.",5,1,,
weiwei_00602,https://www.threads.com/@weiwei_00602/post/DVLpgipj-VG,"這幾天好喜歡看品牌擬人畫+小故事 什麼會沒人畫誠品X博客來呢？ 身為愛看書買書的我真的很想要看看這兩大品牌的故事（許願求飄出去）
PS.我的前後位是有意義的😎 我要看財閥攻X迷糊受設定 要求太多真不好意思餒 但還是求滿足😌 1 / 2",2026年2月25日 星期三 下午9:08,,"Photo by 葳 on February 25, 2026. May be a graphic of text that says '誠品線上 上 誠 eslite.com com'. | Photo by 葳 on February 25, 2026. May be an image of book and text that says 'books.com.tw .tw 博客來'.",2635,83,55,141,https://www.threads.com/@bookstw/post/DVNvcBdAUbO,？？？？留友看？,2026年2月26日 星期四 下午4:38,,,1670,4,,14
good.morning.my.dear.friend,https://www.threads.com/@good.morning.my.dear.friend/post/DVKdrZBjygN,"今天有森友也開工拜拜嗎？ 要讓馬兒好 就要給馬兒吃草
認同請分享🙏🏻",2026年2月25日 星期三 上午10:05,,"Photo by 親愛的朋友 on February 24, 2026. May be an image of text that says '你要馬兒好 早安親愛的朋友 早安 親愛的朋友 池 認 請 同 用 就要讓馬兒 分 享 吃草文國 吃草 @good.morning.my.dear.fiend 新年快樂請改說薪年快樂'.",143,16,10,17,https://www.threads.com/@bookstw/post/DVKmnETAYaG,親愛的朋友薪年快樂,2026年2月25日 星期三 上午11:23,,,4,1,,
atomeculture,https://www.threads.com/@atomeculture/post/DVKh7HZktny,恭喜楊双子與金翎！台灣故事就是這麼厲害！,2026年2月25日 星期三 上午10:42,@bookstw,,2,1,,,https://www.threads.com/@bookstw/post/DVKiiGoAaqv,台灣要被世界大看見！！✨（向山谷吶喊）,2026年2月25日 星期三 上午10:48,,,2,,,
sheep08144,https://www.threads.com/@sheep08144/post/DVFGQArk4Eq,我可能還停留在已知用火時代 那我也去研究研究博客來好了 不過得先回憶一下帳號密碼😂,2026年2月23日 星期一 上午8:04,@absenta_yang,,2,1,,,https://www.threads.com/@bookstw/post/DVFSmHLAVAv,"寶貝我在電子書動漫節展等你想起帳密(⁎⁍̴̛ᴗ⁍̴̛⁎)（偏恐情）bookstw.link/8qv23…
activity.books.com.tw
activity.books.com.tw",2026年2月23日 星期一 上午9:52,,,2,,,
f_o_o_l_0523,https://www.threads.com/@f_o_o_l_0523/post/DVAjix0Er0y,一年一度發紅包給我周遭的親戚 感恩讚嘆仁勳爸 讓我省下紅包錢😍😍😍 畢竟我也是真沒錢⋯⋯⋯ 嘻嘻新年快樂 一同迎向更美好的2026 （明年賺錢再發真鈔啦殼以嗎🤣） 上面有我最愛的博小編 博小編別緊張我也是真的隨便亂挑照片的 沒有要跟您結婚🥰🥰🥰,2026年2月21日 星期六 下午1:44,,"Photo by 馬盛珍 on February 20, 2026. May be an image of money and text.",11,2,,,https://www.threads.com/@bookstw/post/DVA6Qy2gYmt,跟被生得超漂亮的寶貝同框(⁎⁍̴̛ᴗ⁍̴̛⁎)新年快樂∠( ᐛ 」∠)＿,2026年2月21日 星期六 下午5:03,,,8,1,,
yui_ajjsnzn,https://www.threads.com/@yui_ajjsnzn/post/DU-hAG2gd_8,挑戰被什麼小編回就買什麼東西 1 / 2,2026年2月20日 星期五 下午6:43,,,55000,3776,366,1666,https://www.threads.com/@bookstw/post/DVA6ArFgeAv,"路過想跟你說博客來有賣機車(⁎⁍̴̛ᴗ⁍̴̛⁎) books.com.tw/produ…
books.com.tw
SYM 三陽機車 龍 DRG 2代電驅版 158 Keyless免鑰匙 彎道TCS+ABS/雙碟 七期 2026全新車 _熔岩黑",2026年2月21日 星期六 下午5:00,,SYM 三陽機車 龍 DRG 2代電驅版 158 Keyless免鑰匙 彎道TCS+ABS/雙碟 七期 2026全新車 _熔岩黑,186,2,,1
tainanrainbow,https://www.threads.com/@tainanrainbow/post/DU5h5I8kXKv,姨婆誤會多了！～天照甲子在3/14台南會更熱！,2026年2月18日 星期三 下午8:15,@bookstw,,1,1,,,https://www.threads.com/@bookstw/post/DU5jM6xgcun,(((o(*ﾟ▽ﾟ*)o))),2026年2月18日 星期三 下午8:26,,,1,,,
good_job_ai,https://www.threads.com/@good_job_ai/post/DU5WjzZiQMY,我想問 @bookstw 那個鴿子怎麼弄的,2026年2月18日 星期三 下午6:36,@bookstw,,4,1,,,https://www.threads.com/@bookstw/post/DU5jK2GAVk-,買影音素材庫特效後製(⁎⁍̴̛ᴗ⁍̴̛⁎)（也是很老實回答）,2026年2月18日 星期三 下午8:26,,,9,1,,
f_o_o_l_0523,https://www.threads.com/@f_o_o_l_0523/post/DU5EeHvEiot,寶貝新婚快樂🎉（我說我們） 今年應該沒人對你說過吧,2026年2月18日 星期三 下午3:58,@bookstw,,1,1,,,https://www.threads.com/@bookstw/post/DU5I2CngTya,？？？？？？？？？？,2026年2月18日 星期三 下午4:36,,,3,,,
xinxia_0507,https://www.threads.com/@xinxia_0507/post/DU451-jiWr1,有沒有博客來的小編啊？,2026年2月18日 星期三 下午2:25,@marg._.12.12,,3,2,,,https://www.threads.com/@bookstw/post/DU46jwJAR4Z,吼唷底下都在搞CP你不要這種時候帶人家出場（開門看到留言區快步離開✋👁️👄👁️🤚）,2026年2月18日 星期三 下午2:31,,,3,,,
good_job_ai,https://www.threads.com/@good_job_ai/post/DU4qEODiQQx,博客來小編的腳本到底都怎麼想出來的 1 / 2,2026年2月18日 星期三 下午12:07,,,335,36,1,14,https://www.threads.com/@bookstw/post/DU44FD4gQqu,"黑魔法(⁎⁍̴̛ᴗ⁍̴̛⁎)
bookstw",2026年2月18日 星期三 下午2:10,,,406,7,7,25
caerus.is,https://www.threads.com/@caerus.is/post/DU3FmGHE2Tr,等等☝️ 阿豪表哥有點太帥，怎麼辦！,2026年2月17日 星期二 下午9:29,@bookstw,,6,1,,,https://www.threads.com/@bookstw/post/DU3Gq17geV7,建議不要吹捧阿豪表哥，他會自我膨脹😩🤚,2026年2月17日 星期二 下午9:39,,,16,,,
samanthahu33,https://www.threads.com/@samanthahu33/post/DUuNmPTktvV,"2026週記
0201 在家復刻牛丼飯 0202 專訪蔣亞妮會員內容，結果聊個欲罷不能跑去吃永心鳳茶她巧遇宇文正 0203去年在曼谷認識盲眼蚯蚓後追蹤泰譯聞，講座被實體梁震牧圈粉 0204 大衛卡利論壇 0205 喜歡藍白拖的百工計劃，講座也好聽。這天還有威拉蓬與吳明益，然後與博小編相遇更是今年好運吉兆。 0206 聽完白希那回家趕圖 0207 上午在讀共攤位紙芝居、晚上主持兒童沙龍。天成飯店好好吃，謝謝小時報。
這次書展控制在購買20本書內，幾乎每週都在買書的人沒什麼好紀錄的。已經看完幾本漫畫，理論類比較花時間，待孩子寒假結束吧。",2026年2月14日 星期六 上午10:46,,"Photo by 欖仁媽媽/ Samantha on February 13, 2026. May be an image of poster and office. | Photo by 欖仁媽媽/ Samantha on February 13, 2026. May be an image of one or more people. | Photo by 欖仁媽媽/ Samantha on February 13, 2026. | Photo by 欖仁媽媽/ Samantha on February 13, 2026. May be an image of one or more people and lego. | Photo by 欖仁媽媽/ Samantha on February 13, 2026. May be an image of one or more people. | Photo by 欖仁媽媽/ Samantha on February 13, 2026. May be an image of one or more people, poster and magazine. | Photo by 欖仁媽媽/ Samantha on February 13, 2026. May be an image of magazine and book. | Photo by 欖仁媽媽/ Samantha on February 13, 2026. May be an image of studying, octopus, book and lego. | Photo by 欖仁媽媽/ Samantha on February 13, 2026. May be an image of book and pen. | Photo by 欖仁媽媽/ Samantha on February 13, 2026. May be an image of studying, book and pen. | Photo by 欖仁媽媽/ Samantha on February 13, 2026. May be an image of book. | Photo by 欖仁媽媽/ Samantha on February 13, 2026. May be an image of signboard, videogame controller and poster. | Photo by 欖仁媽媽/ Samantha on February 13, 2026. May be an image of one or more people, people studying, lego and book.",13,2,,,https://www.threads.com/@bookstw/post/DUuk2idgToh,(=´∀｀)人(´∀｀=),2026年2月14日 星期六 下午2:09,,,,1,,
sanjo_1103,https://www.threads.com/@sanjo_1103/post/DUtBRbzEjdZ,"笑死 我居然看完這個業配影片😂 跟我想離職的精神狀態一樣
104jobbank.official",2026年2月13日 星期五 下午11:39,,,4797,102,180,1686,https://www.threads.com/@bookstw/post/DUukx_QAcDr,∠( ᐛ 」∠)＿ 翻譯,2026年2月14日 星期六 下午2:09,,,144,1,,
chloe116922,https://www.threads.com/@chloe116922/post/DUrWqDMkio4,,2026年2月13日 星期五 上午8:07,@bookstw,"Photo by Chloe Pi on February 12, 2026. May be an image of Abyssinian cat, tortoiseshell cat and kitten.",2,1,,,https://www.threads.com/@bookstw/post/DUsDAFkgaqU,🤤🤤🤤,2026年2月13日 星期五 下午2:35,,,,,,
yokobless,https://www.threads.com/@yokobless/post/DUqO8nXkpZl,請務必讓我知道效果（？,2026年2月12日 星期四 下午9:41,@bookstw,,1,1,,,https://www.threads.com/@bookstw/post/DUrRrCLE5DS,沒效寶貝😔起不來就是起不來（特別來告知）,2026年2月13日 星期五 上午7:24,,,1,1,,
yokobless,https://www.threads.com/@yokobless/post/DUqG2P6iXOG,"謝謝博小編，現在每天起床看一遍在書展玩耍的影片就會被笑到醒過來眼睛張開開不再想睡覺（有夠勵志？）
博小編我愛你！！！（失控寶貝平常很靦腆地）",2026年2月12日 星期四 下午8:30,,,16,4,,1,https://www.threads.com/@bookstw/post/DUqN8nDgZhv,好另類的清醒法，我明天試試看（？,2026年2月12日 星期四 下午9:32,,,17,1,,
m_o_s_a_i_c,https://www.threads.com/@m_o_s_a_i_c/post/DUp785YE3vO,路邊巧遇了一名空包彈,2026年2月12日 星期四 下午6:55,@bookstw,"Photo by mosaich on February 12, 2026. May be an image of kitten.",6,1,,,https://www.threads.com/@bookstw/post/DUp-ZPoAea_,看起來超派💗💗😌,2026年2月12日 星期四 下午7:16,,,3,,,
hydefan0220,https://www.threads.com/@hydefan0220/post/DUpzY4FEaDJ,就算是空包蛋，也要做好儀容管理🤓,2026年2月12日 星期四 下午5:40,@bookstw,"Photo by Charlotte Hsieh on February 12, 2026. May be an image of kitten, Abyssinian cat and tortoiseshell cat.",8,1,,,https://www.threads.com/@bookstw/post/DUp38NQgSNE,整尊好看到不行🙂‍↔️,2026年2月12日 星期四 下午6:20,,,2,,,
abby255689,https://www.threads.com/@abby255689/post/DUpmQ7xD-CS,黑黑的看不清楚🤣但都是空包彈💪,2026年2月12日 星期四 下午3:45,@bookstw,"Photo by Abby on February 11, 2026. May be an image of Abyssinian cat and kitten. | Photo by Abby on February 11, 2026. May be an image of fossa, kinkajou, Abyssinian cat, serval and kitten.",4,1,,,https://www.threads.com/@bookstw/post/DUpzVTyAXQf,虎斑寶貝好苗條💗💗,2026年2月12日 星期四 下午5:40,,,1,1,,
abablin,https://www.threads.com/@abablin/post/DUpx07fEx4s,主子不露臉！（在捷運上傳圖的me應該沒有被認為是變態🙈🙈🙈🙈🙈,2026年2月12日 星期四 下午5:26,@bookstw,"Photo by abchan on February 12, 2026. May be an image of kitten.",4,2,,,https://www.threads.com/@bookstw/post/DUpzTQ5AY28,可愛到發瘋😍😍😍,2026年2月12日 星期四 下午5:39,,,2,,,
z9568668.jpg,https://www.threads.com/@z9568668.jpg/post/DUpa7wAAXyl,空嗎,2026年2月12日 星期四 下午2:06,@bookstw,"Photo by 游宸睿 on February 11, 2026. May be an image of kitten, plastic bag and dental floss.",3,2,,,https://www.threads.com/@bookstw/post/DUpbvYWgUG3,等下啦！是這樣但不是這樣！？,2026年2月12日 星期四 下午2:13,,,6,,,
idenden2016,https://www.threads.com/@idenden2016/post/DUn0RijktP9,超瘋我超愛 大家瘋死了❤️❤️❤️❤️,2026年2月11日 星期三 下午11:09,@bookstw,,3,1,,,https://www.threads.com/@bookstw/post/DUowA0MkxGI,非常愛💗,2026年2月12日 星期四 上午7:51,,,,,,
yokobless,https://www.threads.com/@yokobless/post/DUnsDMIEucH,嗚嗚嗚嗚真的好好玩謝謝小編團隊偶玩得好開心（跪著感動哭）,2026年2月11日 星期三 下午9:57,@bookstw,,2,1,,,https://www.threads.com/@bookstw/post/DUnsMr7gXTP,好誇張寶貝！！！我們才謝謝你們來玩！！💗💗,2026年2月11日 星期三 下午9:59,,,3,,,
abby255689,https://www.threads.com/@abby255689/post/DUnrG67jwXr,好嗨好喜歡，大家都好厲害😍😍😍😍😍🫠,2026年2月11日 星期三 下午9:49,@bookstw,,2,1,,,https://www.threads.com/@bookstw/post/DUnsKdhARr8,每個都是閱讀怪物寶貝餒！,2026年2月11日 星期三 下午9:58,,,1,,,
kan_magick,https://www.threads.com/@kan_magick/post/DUnocOCkl20,每個都是寶貝😍😍😍😍😍💚💚💚,2026年2月11日 星期三 下午9:26,@bookstw,,6,1,,,https://www.threads.com/@bookstw/post/DUnsIMXAQGB,那是當然的寶貝😭💗,2026年2月11日 星期三 下午9:58,,,3,,,
duoduosoap,https://www.threads.com/@duoduosoap/post/DUnoub3gR59,人道降噪😂😂😂太可愛啦,2026年2月11日 星期三 下午9:28,@bookstw,,4,1,,,https://www.threads.com/@bookstw/post/DUnrd8uAZnm,剪片剪到耳朵爆掉（自找的）（活該）,2026年2月11日 星期三 下午9:52,,,4,,,
kong_bl.observer,https://www.threads.com/@kong_bl.observer/post/DUnov44j91P,小編也是rich beauty &smart 寶貝😍,2026年2月11日 星期三 下午9:29,@bookstw,,6,1,,,https://www.threads.com/@bookstw/post/DUnq6MQAaiN,喔買尬寶貝！,2026年2月11日 星期三 下午9:47,,,3,,,
mr.xiang20,https://www.threads.com/@mr.xiang20/post/DUnpSVgEmI7,🪄❤️‍🔥鋼鐵博粉來報到 ！❤️‍🔥🪄 （我覺得我的狂粉dress code最厲害…）,2026年2月11日 星期三 下午9:33,@bookstw,,8,1,,,https://www.threads.com/@bookstw/post/DUnq5QCAXVo,超有事（褒義）🤩,2026年2月11日 星期三 下午9:47,,,3,,,
re_lafin,https://www.threads.com/@bookstw/post/DUnm_CWAeqV,"台北國際書展2026
怕大家誤會，我日常不是這麼浮誇的人…… 吧…… 感謝 @bookstw 的好玩活動！ 本來只是幫欣培追星，追到變片頭……
bookstw",2026年2月11日 星期三 下午9:13,,,41,9,,,https://www.threads.com/@bookstw/post/DUnnyIUAQPw,楊欣培要來自己來🫵 （？）,2026年2月11日 星期三 下午9:20,,,14,1,,
kellystaste.tw,https://www.threads.com/@kellystaste.tw/post/DUmphUtgV4t,一定是博客來😍!! @bookstw,2026年2月11日 星期三 下午12:16,@kiki.design.__,,5,2,,,https://www.threads.com/@bookstw/post/DUmwRQ3AY-E,(((o(*ﾟ▽ﾟ*)o))),2026年2月11日 星期三 下午1:15,,,,,,
natgeo.media,https://www.threads.com/@natgeo.media/post/DUmvBrTiQUd,我最近ig一直被博小編洗版 @bookstw,2026年2月11日 星期三 下午1:04,@kiki.design.__,,16,2,,,https://www.threads.com/@bookstw/post/DUmwOwzgUZ3,喔摸(⁎⁍̴̛ᴗ⁍̴̛⁎),2026年2月11日 星期三 下午1:15,,,2,,,
steven.tech.lab,https://www.threads.com/@steven.tech.lab/post/DT9XVnuEsSj,"2026-2-10
@bookstw 求求小編 我需要好好分類書籍
博客來",2026年1月26日 星期一 上午11:28,,"Photo by 鄭棋文 on January 25, 2026.",9,2,,,https://www.threads.com/@bookstw/post/DUkpLR5gQqG,收到！博小編已經把這件事轉達給相關部門～感謝您～,2026年2月10日 星期二 下午5:35,,,57,1,,
akane.muii,https://www.threads.com/@akane.muii/post/DUkFJeAD7XD,請借過！ 書展結束沒有要曬書 我要曬博小編的繪簽 (ง ´͈౪`͈)ว ⠀⠀ 哈哈哈哈哈哈哈哈我要笑爆有夠可愛￼ 那天的對話： 1 / 2,2026年2月10日 星期二 下午12:20,,"Photo by 茜 on February 09, 2026. May be a doodle of phone and tablet. | Photo by 茜 on February 09, 2026. May be an image of one or more people.",85,2,,4,https://www.threads.com/@bookstw/post/DUkJUIxgWNK,∠( ᐛ 」∠)＿ 翻譯,2026年2月10日 星期二 下午12:56,,,31,,,
nkcouple,https://www.threads.com/@nkcouple/post/DUirdkEE5Nf,寶貝你不可以！,2026年2月9日 星期一 下午11:16,@bookstw,,37,1,,,https://www.threads.com/@bookstw/post/DUisAKagdXj,（在留言區哭到beatbox）,2026年2月9日 星期一 下午11:21,,,75,,,
roseyanger,https://www.threads.com/@roseyanger/post/DUiFudUkjKv,"台北國際書展
應該是書展週六那天的事。
走在台灣漫畫館附近聽見耳熟的聲音說「那是楊双子嗎？」
轉頭一看是個陌生又熟悉的戴口罩女生。從來不認識，但也算是看過很多次。我高聲喊回去：「難道你是傳說中的博小編嗎？」
她說對。
對視大笑，然後相忘於江湖。（？）
書展就是這種好地方。明年見～",2026年2月9日 星期一 下午5:46,,,3217,16,19,26,https://www.threads.com/@bookstw/post/DUiOpWOgTMk,發瘋(((o(*ﾟ▽ﾟ*)o))),2026年2月9日 星期一 下午7:04,,,512,1,,
samanthahu33,https://www.threads.com/@samanthahu33/post/DUiGQkNEkHh,我還看完！（算了終究是寶）,2026年2月9日 星期一 下午5:51,@bookstw,,1,1,,,https://www.threads.com/@bookstw/post/DUiG8XKAe9P,寶貝真的是很讚∠( ᐛ 」∠)＿,2026年2月9日 星期一 下午5:57,,,,,,
tyty.1994,https://www.threads.com/@tyty.1994/post/DUiCaXyEe2I,哦哦這本！！！之前也有看過別的小編推,2026年2月9日 星期一 下午5:17,@bookstw,,3,1,,,https://www.threads.com/@bookstw/post/DUiC-fQgUpN,很好看😢💗,2026年2月9日 星期一 下午5:22,,,2,1,,
caerus.is,https://www.threads.com/@caerus.is/post/DUiAby5k2rU,這本介紹博小編能出影片嗎？ 我有認真看完文字，但更想看影片❤️,2026年2月9日 星期一 下午5:00,@bookstw,,2,1,,,https://www.threads.com/@bookstw/post/DUiC8_lgVO8,哇目前沒有打算～ 但會參考寶貝ㄉ意見(⁎⁍̴̛ᴗ⁍̴̛⁎),2026年2月9日 星期一 下午5:22,,,6,,,
starfishtsai,https://www.threads.com/@starfishtsai/post/DUgDajGD8rh,"博客來
近期最愛啃肯定是博客來小編",2026年2月8日 星期日 下午10:48,,,7,1,,,https://www.threads.com/@bookstw/post/DUhfJ0KgZx5,不要啃ㄟ(ﾟoﾟ;;,2026年2月9日 星期一 下午12:09,,,17,,,
ty626_wu,https://www.threads.com/@ty626_wu/post/DUgb4t8kxV3,博客來這整系列貼紙好可愛，陷入選擇困難。然後看到這張！ 我：哇，好可愛！是蔡想想嗎？ 店員不好意思的說：ㄜ～～他是石虎喔。 糗爆了我啊啊啊～～😅😅😅,2026年2月9日 星期一 上午2:21,,"Photo by 東東 on February 08, 2026. May be an image of mouse pad.",6,2,,,https://www.threads.com/@bookstw/post/DUhe-4MgQxa,好好笑 貼紙是各種台灣特有種(⁎⁍̴̛ᴗ⁍̴̛⁎) 敲可愛8(⁎⁍̴̛ᴗ⁍̴̛⁎),2026年2月9日 星期一 下午12:08,,,10,1,,
flash710328,https://www.threads.com/@flash710328/post/DUgFktTD-G4,"此次國際書展最大收獲😁 #博客來 #博小編
世貿一館",2026年2月8日 星期日 下午11:06,,"Photo by 淡藍 on February 08, 2026.",20,1,,,https://www.threads.com/@bookstw/post/DUhRnlzAdXv,(⁎⁍̴̛ᴗ⁍̴̛⁎)🫶,2026年2月9日 星期一 上午10:11,,,6,,,
kidsbooksholic,https://www.threads.com/@kidsbooksholic/post/DUeghBXkwqi,書展最後一天，不知道要怎麼才能遇到博小編呢？ 🫨🫨🫨,2026年2月8日 星期日 上午8:23,,,6,3,,,https://www.threads.com/@bookstw/post/DUf55l8ARwT,寶貝下次要緊追我們社群，掌握博小編出沒時間🥲,2026年2月8日 星期日 下午9:24,,,21,2,,
civet_hsu,https://www.threads.com/@civet_hsu/post/DUf2gNoibmE,"2026台北國際書展
2026台北國際書展 第一趟平日白天去，當天逛了泰國主題館和各電子書閱讀器，帶走3本紙本書。 第二趟週五星光夜再次前往，被拉去一起朝聖並和博客來小編合照。 買了讀墨7吋巧克力馬丁尼Nana閱讀器，拯救書櫃空間外也舒緩眼睛，及結帳了年度閱讀挑戰的15本7折書。
今年書展書單： 實體紙本書： 1.泰式街頭雜亂建築 2.半生熟-設計師眼中的曼谷色票 3.泰國的歷史 讀墨年度閱讀挑戰： 4.未竟之路 5.群王之夢 6.廣告狂想生物 7.迷宮中的盲眼蚯蚓 8.佛曆西沉的與黑玫瑰貓的記憶的記憶 9.解放之焰 10.她物誌 11.成為新二代 12.北方森林 13.Rewire-神經可塑性 14.你的人生，他們六個說了算 15.你的活力，他們六個全都罩 16.觀看的方式 17.讓未來，變成自己喜歡的樣子 18.成為頭腦好的人的高效學習法（版式閱讀略不便） 今年書展買書很泰，在泰國大選日的今天看完《未竟之路》，瞭解泰國近代的政治史。
今年首本閱畢書是學長的《仰望》電子版，去誠品才發現實體厚厚一本，難怪自去年讀到今年才讀完呢！一月設了要讀完72本的年目標，期許自己重拾閱讀習慣。
台北國際書展-世貿一館",2026年2月8日 星期日 下午8:55,,"Photo by Civet Hsu on February 08, 2026. May be an image of book, calendar and magazine. | Photo by Civet Hsu on February 08, 2026. May be an image of barong. | Photo by Civet Hsu on February 08, 2026. | Photo by Civet Hsu on February 08, 2026. | Photo by Civet Hsu on February 08, 2026. May be an image of kitten, poster and book. | Photo by Civet Hsu on February 08, 2026. | Photo by Civet Hsu on February 08, 2026. May be a cartoon of book and poster. | Photo by Civet Hsu on February 08, 2026. | Photo by Civet Hsu on February 08, 2026. May be an image of magazine and book. | Photo by Civet Hsu on February 08, 2026. May be an image of book and magazine. | Photo by Civet Hsu on February 08, 2026. | Photo by Civet Hsu on February 08, 2026. May be a cartoon of book. | Photo by Civet Hsu on February 08, 2026. | Photo by Civet Hsu on February 08, 2026. | Photo by Civet Hsu on February 08, 2026. May be an image of tablet, portable cassette player, cigarette case and videogame controller. | Photo by Civet Hsu on February 08, 2026. May be an image of poster, book, calendar and magazine. | Photo by Civet Hsu on February 08, 2026. May be an image of magazine, poster, book and calendar.",43,15,,,https://www.threads.com/@bookstw/post/DUf5bsCAS3W,書單超讚！(•ૢ⚈͒⌄⚈͒•ૢ),2026年2月8日 星期日 下午9:20,,,6,1,,
ka_ppa_,https://www.threads.com/@ka_ppa_/post/DUfqdYfklDX,書展最大遺憾：沒有鼓起勇氣跟博客來小編拍照,2026年2月8日 星期日 下午7:10,,,29,4,,2,https://www.threads.com/@bookstw/post/DUf5UTxAbI0,😢下次見,2026年2月8日 星期日 下午9:19,,,16,1,,
lemon8510,https://www.threads.com/@lemon8510/post/DUdoOVDknoo,很遲地發現博客來是列車 頂部設計成書攤開來的樣子好喜,2026年2月8日 星期日 上午12:12,@lemon8510,"Photo by 派派 on February 07, 2026. May be an image of trolley and bus.",2,1,,,https://www.threads.com/@bookstw/post/DUfpShwAYNw,謝謝寶貝(⁎⁍̴̛ᴗ⁍̴̛⁎) 我們攤位真的設計超可愛💗,2026年2月8日 星期日 下午6:59,,,,,,
melodyliiiin,https://www.threads.com/@melodyliiiin/post/DUd_S-gk6cq,"講座聽完發現小光老師跟博編在聊天（博編好可愛，他還跟一群小朋友玩追趕跑跳碰，太辛苦？？？） 鼓起勇氣跟小光老師打招呼，偷偷許願《無眠》ㄉ舞台劇⋯⋯也很期待今年的舞台劇嗚，希望有時間去看🥹
謝謝小光老師送的積德徽章📚✨",2026年2月8日 星期日 上午3:33,@melodyliiiin,"Photo by 林ꪔ̤̮💫🦦 on February 07, 2026. May be an image of belt buckle.",4,1,,,https://www.threads.com/@bookstw/post/DUfo8C4AaAx,抱歉博小編真的吵死😔🙏 有捕捉到美女作家好值得🤩💗 積讀萬歲🌟🌟🌟🌟,2026年2月8日 星期日 下午6:56,,,3,,,
monstarbaby,https://www.threads.com/@monstarbaby/post/DUfkPROErn4,"2026台北國際書展
2/7繼續去書展，一整天就是一場大型大地遊戲，快樂的聽有興趣的講座，買喜歡的書跟小東西。
不得不提可愛的博小編，我覺得博客來必須善待她，她真的是耗盡電池在陪每一個粉絲（？）互動，我相信很多人都被現場的她圈粉，她還叫我寶貝耶（這什麼暈船仔發言）轉身就立刻去博客來消費了
後來聽了《日花閃爍》的新書對談，現場作者温若喬分享她喜歡的詞以及詩句，非常喜歡她念出台文的語韻，聲音也溫柔好聽，這本書已經成為我睡前必聽的詩集，好期待她下一本新書的出版（捧頰）
現場還正好遇到幾年前在美女作家舉辦的活動認識的小小，然後還相約去看《仙女三重奏》（我是可以去看《仙女三重奏》的人了！謝謝小小！）
最後的結尾是去聽《蕉葉與樹的約定》的座談會，陳栢青與張惠菁化身鏡文學直銷總裁與藍鑽會員，現場說書精彩絕倫、生猛有力，結束立刻在讀墨下單結帳完畢，仔細算算書展期間前前後後的花費將近8000（注定積讀⋯⋯），我愛台北書展，但荷包君blue code中，我要在過年期間好好讀書了⋯⋯",2026年2月8日 星期日 下午6:15,,"Photo by Catherine J Yang on February 08, 2026. May be an image of truck, bus and generator. | Photo by Catherine J Yang on February 08, 2026. | Photo by Catherine J Yang on February 08, 2026. | Photo by Catherine J Yang on February 08, 2026. May be a selfie. | Photo by Catherine J Yang on February 08, 2026. | Photo by Catherine J Yang on February 08, 2026. | Photo by Catherine J Yang on February 08, 2026. May be an image of standing and kilt. | Photo by Catherine J Yang on February 08, 2026. May be an image of magazine, poster and book.",107,6,1,1,https://www.threads.com/@bookstw/post/DUforiEAVlO,有逛博客來ㄉ都是寶貝(⁎⁍̴̛ᴗ⁍̴̛⁎)🫶,2026年2月8日 星期日 下午6:54,,,46,,,
samanthahu33,https://www.threads.com/@samanthahu33/post/DUfftSSEkpF,寶我也是ENFP快樂小狗🐶,2026年2月8日 星期日 下午5:36,@bookstw,,2,1,,,https://www.threads.com/@bookstw/post/DUfgzRaAbT8,啊？（十指交扣對望） （在人家留言區裡曖昧）,2026年2月8日 星期日 下午5:45,,,2,,,
mihonao2022,https://www.threads.com/@mihonao2022/post/DUfaZMok7LK,博客來直接訂， 🤭除非你想去看博小編,2026年2月8日 星期日 下午4:49,@shopbacktw,,3,2,,,https://www.threads.com/@bookstw/post/DUfgRpLAbAF,沒錯，可以上博客來訂🙂‍↔️,2026年2月8日 星期日 下午5:41,,,2,,,
popostory_ig,https://www.threads.com/@popostory_ig/post/DUe8DCtDiZs,"POPO小編們 #書展朝聖記 之主管同意的小翹班XD
非常開心在書展期間可以見到博小編🥹 看到本尊真的想尖叫（救命！ 雖然一上前就超害羞 被認為是被主管推過來的（真的不是🤣 但博小編她們真的都超級熱情、人好好♡
手上抱著我們家的書寶寶 （在博客來暢銷排行榜Of course 然後收到了來自博小編的大力宣傳 感恩的心🫶 （好喜歡喇叭 （小編真的好可愛
大家要記得博小編說的 這幾本暢銷書 要上博客來買喔🥹
#書展最後一天 #或許還可以在博客來（D712）捕捉到博小編（？ #那幾本現在在POPO攤位（B632）可以買到喔
@bookstw",2026年2月8日 星期日 下午12:24,,,79,2,,,https://www.threads.com/@bookstw/post/DUfgLrcATdw,是的請記得上博客來購買🙂‍↕️ （兩位看起來就是被強迫🙂‍↔️）,2026年2月8日 星期日 下午5:40,,,24,1,,
safinabbb,https://www.threads.com/@safinabbb/post/DUe79KRkk9-,"這次書展收穫滿滿♪└(ㅎ.ㅎ )♪┐♪└(ㅎ.ㅎ)┘♪┌( ㅎ.ㅎ)┘♪
好喜歡圖4《成為海的第一天》 這本完全厲害到不行，工作人員在介紹的時候我還大泛淚（頭殼壞去😍） 作者以繪本的方式分享爸爸在退休前一天過世 是不是已經很好哭 但他仍然要如常過生活 整本書的特殊裝訂及最後詮釋ㄉ手法都太厲害了，完全是紙本書魔術師（大哭） 非常推薦逛展的人可以去讀字看看！
｡✧｡･ﾟ
之前買過迷你《1984》後就一直有在關注逗點，好喜歡文庫本系列！ 選書眼光精巧、裝幀紙質完美，帶出去閱讀粉讚🌟 這次買到的借書卡則是～當你把書借給別人時一併附上，他們就可以寫一句短評還給你，哇咧超喜歡（但還不知道要給誰歡迎大家來找我借書）
｡✧｡･ﾟ
最後遇到博客來小編、買到老郵票跟漂亮書籤，遇到的Hyread店員也是愛書人，這一切都讓整天變得更美好哩🪽",2026年2月8日 星期日 下午12:23,,"Photo by @safinabbb on February 07, 2026. May be an image of pencil case, book, hand cream and mouse pad. | Photo by @safinabbb on February 07, 2026. May be an image of card. | Photo by @safinabbb on February 07, 2026. May be an image of magazine. | Photo by @safinabbb on February 07, 2026. May be an image of card and book. | Photo by @safinabbb on February 07, 2026. May be an image of calendar. | Photo by @safinabbb on February 07, 2026. May be an image of card and calendar. | Photo by @safinabbb on February 07, 2026. May be an image of signboard. | Photo by @safinabbb on February 07, 2026. May be an image of bus, shuttle bus and terminal. | Photo by @safinabbb on February 07, 2026. May be an image of book. | Photo by @safinabbb on February 07, 2026. May be a cartoon of cash machine and vending machine.",37,5,1,1,https://www.threads.com/@bookstw/post/DUfgFVygQ3g,(((o(*ﾟ▽ﾟ*)o))),2026年2月8日 星期日 下午5:39,,,4,,,
chuyingliao,https://www.threads.com/@chuyingliao/post/DUfcAteAQgm,"博客來小編
咦！那位瘋狂有趣的小編今天沒來世貿書展？我特地帶阿母到人潮非常擁擠，完全不想靠近的世貿書展來說。 好失望啊！ 後來一旁推廣加博客來line發行李箱貼紙的工作人員，看我阿母選擇困難，給了我阿母一套貼紙。 出示博客來會員app送水一瓶。",2026年2月8日 星期日 下午5:03,,"Photo by 廖筑盈 on February 08, 2026. May be an image of lego. | Photo by 廖筑盈 on February 08, 2026. May be an image of cash machine and signboard. | Photo by 廖筑盈 on February 08, 2026. May be an image of apron. | Photo by 廖筑盈 on February 08, 2026. | Photo by 廖筑盈 on February 08, 2026. May be an image of water bottle, sparkling water and bottle. | Photo by 廖筑盈 on February 08, 2026. May be an image of vending machine and signboard.",46,2,,1,https://www.threads.com/@bookstw/post/DUfgB85gfEN,不好意思啦！博小編活動昨天結束了～ 這麼多人阿母和您都辛苦了🫶 也是歡迎到博客來裡面逛逛唷🫶 今天很冷請小心不要感冒💗,2026年2月8日 星期日 下午5:38,,,45,1,,
sunzhilay,https://www.threads.com/@sunzhilay/post/DUffDibkffd,"Yay!! 被巡到了～ 那我們明年書展見喔！🤝 我會再帶好吃的去探班😂
㊗️你繼續靈感滿滿～文思泉湧😘",2026年2月8日 星期日 下午5:30,@bookstw,,1,1,,,https://www.threads.com/@bookstw/post/DUffXQZgWV1,謝謝寶貝💗💗請空手來就好💗博客來愛您🫶,2026年2月8日 星期日 下午5:33,,,2,1,,
sunzhilay,https://www.threads.com/@sunzhilay/post/DUfcEe2COwB,"去書展找博小編 part 2 @bookstw
因為她是我心中目前最厲害的小編🤩
有創意、熱情、渾然天成的幽默，謝謝你為我枯燥的生活帶來很多喜悅，你拍的影片我都好喜歡～也謝謝你不嫌棄被壓爛的開心果蛋糕🙈
很重要的三件事再說一次！
- 博客來全站分級滿$1200再88折起！ - 老闆請一定要幫小編加薪！她現在是博客來的靈魂 - 小編是 ENFP，我一猜就中！我好厲害！",2026年2月8日 星期日 下午5:04,,,137,13,,3,https://www.threads.com/@bookstw/post/DUferCwAQWv,怎麼也上字幕啦很誇張？？？ 很好吃很感恩_(´ཀ`」 ∠)_ 沒錯！今天博客來會員日最後一天！ 記得結帳！！！！（叫）,2026年2月8日 星期日 下午5:27,,,25,4,,1
yhannn____,https://www.threads.com/@yhannn____/post/DUdvgRWEnPp,"國際書展
記一些書展心得：
1. 《乳房龐克》的作者Magali非常非常可愛（捕捉到一個很Q的表情，還有不小心跟相機對到眼），用龐克精神跟圖像創作來梳理、面對罹患乳癌的各種情緒、思考，還有治療，是給所有與疾病奮戰的生命的支持、鼓勵與陪伴。
2. 聽佳嫻老師說，《無何有海上誌異》是歷史小說卻又反歷史，我覺得，啊，是這樣子呢！也一直在想貼標籤這件事。嗯，讀就對了！
3. 讀了雪雪老師很多年的書，居然是第一次見到老師本人。講話好輕，好溫柔。
4. 紹宇好棒！好精采的對談！讓《往事首映會》跟更多讀者對話了，希望能一直對話下去。
5. 見到博小編本人，雖然只是遠遠的拍照但還是算追星成功。
6. 沒有想到The Beatles＋Magali 現場作畫可以讓我看得目不轉睛（半個披頭四粉大喜）。 1 / 2",2026年2月8日 星期日 上午1:15,,"Photo by 張亦涵 on February 07, 2026. May be an image of one or more people. | Photo by 張亦涵 on February 07, 2026. May be an image of one or more people. | Photo by 張亦涵 on February 07, 2026. May be an image of book. | Photo by 張亦涵 on February 07, 2026. May be an image of one or more people and microphone. | Photo by 張亦涵 on February 07, 2026. May be an image of microphone. | Photo by 張亦涵 on February 07, 2026. | Photo by 張亦涵 on February 07, 2026. | Photo by 張亦涵 on February 07, 2026.",29,5,1,1,https://www.threads.com/@bookstw/post/DUdw11wAVzZ,抓到(⁎⁍̴̛ᴗ⁍̴̛⁎)🫶,2026年2月8日 星期日 上午1:27,,,6,1,,
trying_to_be_mature,https://www.threads.com/@trying_to_be_mature/post/DUdum5FE0ia,非常感謝小編熱情的祝福🫶 因為太開心了我還剪了影片😍❓,2026年2月8日 星期日 上午1:08,@bookstw,,124,4,,13,https://www.threads.com/@bookstw/post/DUdvmEvAXUn,寶貝我死掉？？😍😍😍😍 這麼會剪片，博小編你來當好不好？,2026年2月8日 星期日 上午1:16,,,48,,,
idenden2016,https://www.threads.com/@bookstw/post/DUakdU8AcAL,"2026-2-7
今天又去書展，也是看到博小編在那蹦蹦跳跳， 我隔著柵欄好想大聲示愛❤️❤️❤️❤️",2026年2月6日 星期五 下午7:41,@idenden2016,"Photo by 博客來 on February 06, 2026.",53,2,,,https://www.threads.com/@bookstw/post/DUdt5qKAQZX,不好意思又在那邊吵😔🤚🪷,2026年2月8日 星期日 上午1:01,,,35,1,,
hs_1210,https://www.threads.com/@hs_1210/post/DUdh0tYEkf8,"喔喔喔還有 我看到留守番的限動還是什麼 臨時起意要跑去書展 直接買了DAY OFF 第二季還有兩個飯友 刷卡豪不手軟（？ 獲得老師的簽名真的萬分感謝 買完立刻衝過去把書拆開等簽名 還有獲得新年小卡（？
原先是打算聽完青菜老師的演講再走 但我實在太累沒辦法站著聽 於是決定先撤退 回去前跑去讀墨看胖鉛筆翻頁器 很可愛但不知道的實際操作怎麼樣 （超多人在試用的店員很忙）
離開的時候剛好隔壁是博客來 看到超活潑的博小編 真的很可愛欸 可惜我沒膽上前說想幫他拍一張照
大概。真的。沒了。吧 反正就是非常流水帳的一天 也很累🫠🫠🫠 3 / 4",2026年2月7日 星期六 下午11:16,@hs_1210,"Photo by ✨火星✨ on February 07, 2026. May be an image of scraper, printer and stapler.",5,2,,,https://www.threads.com/@bookstw/post/DUdt2hWAUiE,可惜寶貝😔 給您留言彌補沒有拍照の遺憾🪷,2026年2月8日 星期日 上午1:01,,,2,1,,
f_o_o_l_0523,https://www.threads.com/@f_o_o_l_0523/post/DUdgFgJEl71,一點都不誇張耶😍😍😍 你現在在底下留言 是想要逼死我嗎（已落淚）,2026年2月7日 星期六 下午11:00,@bookstw,,,1,,,https://www.threads.com/@bookstw/post/DUdoRcGgd7K,寶貝停下來欸（線上搖肩）,2026年2月8日 星期日 上午12:12,,,1,,,
kelly51633,https://www.threads.com/@kelly51633/post/DUddotcElM8,今天有默默地去看博小編跟其他讀者聊天，有看到就好了，解鎖的概念😂,2026年2月7日 星期六 下午10:39,@bookstw,,7,1,,,https://www.threads.com/@bookstw/post/DUdejkhAcDk,歡迎歡迎🥺今天博客來會員日記得結帳！（哪壺不開提哪壺,2026年2月7日 星期六 下午10:47,,,3,,,
ruth_bamboo,https://www.threads.com/@ruth_bamboo/post/DUdeOvmkjRR,很可愛我覺得沒關係！博小編一整天都這麼有活力好厲害👍,2026年2月7日 星期六 下午10:44,@bookstw,,1,1,,,https://www.threads.com/@bookstw/post/DUdeccfARcu,m(_ _)m🙏💗,2026年2月7日 星期六 下午10:46,,,1,,,
weiyunlingorecka,https://www.threads.com/@weiyunlingorecka/post/DUddou7Ezew,很開心啊！我在波蘭攤位也很吵，我還有唱波蘭歌給大家聽呢！以及現場翻譯波蘭BL。我們這有印章貼紙還可以簽辛波絲卡T-shirt (會送去波蘭），歡迎來玩！,2026年2月7日 星期六 下午10:39,@bookstw,,1,1,,,https://www.threads.com/@bookstw/post/DUdeaR4AYGf,也太讚！！！ (((o(*ﾟ▽ﾟ*)o)))吵到本人想飛去波蘭,2026年2月7日 星期六 下午10:46,,,1,1,,
manyfishsystem,https://www.threads.com/@manyfishsystem/post/DUcOIcsE43J,"大概是博小編影片看太多中毒很深 昨天同事在買演唱會的票 我「為什麼…為什麼那麼好啊，為什麼你媽媽讓你買演唱會的票啊？為什麼啊」
同事？？？
我「我在讓你提早體會面對小孩的感覺」 （一本正經）
然後就開始 我「我今天看到一隻很大的蟲蟲，蟲蟲好大，然後，然後為什麼你可以去看演唱會，為什麼你媽媽讓你看演唱會，好好喔」
我覺得我好像不用特別這樣 同事每天都會覺得旁邊坐一個心智很像小孩的人類，整天會突然跟他分享最近學到的日文跟英文「我跟你說我在speak學到香菜和武術的英文」、「你知道可以用H&M記左邊跟右邊嗎，H是ひだり、M是みぎ，まっすぐ是直的～」",2026年2月7日 星期六 上午11:04,,,15,2,,,https://www.threads.com/@bookstw/post/DUdduloAXR9,中毒錯方向？,2026年2月7日 星期六 下午10:40,,,17,1,,
keith.dabinlo,https://www.threads.com/@keith.dabinlo/post/DUcrLPYidfE,今天我，好開心！在台北國際書展，跟博小編久別重逢，送上「回憶中的香港味道」！,2026年2月7日 星期六 下午3:18,,"Photo by 何故 on February 06, 2026.",20,1,,,https://www.threads.com/@bookstw/post/DUddpdHgbdR,🤩,2026年2月7日 星期六 下午10:39,,,9,,,
little__0128,https://www.threads.com/@little__0128/post/DUdVehpAaEL,"台北國際書展
朝聖博小編、温若喬、柏森、潘柏霖😍 謝謝博小編的情緒價值，我好快樂😍😍😍
還收了一台readmoo nana😀😀😀",2026年2月7日 星期六 下午9:28,,"Photo by @little__0128 on February 07, 2026. May be an image of parka. | Photo by @little__0128 on February 07, 2026. May be a selfie of dental floss. | Photo by @little__0128 on February 07, 2026. | Photo by @little__0128 on February 07, 2026. May be an image of card, book and poster.",76,2,,1,https://www.threads.com/@bookstw/post/DUddmZ8gamV,(((o(*ﾟ▽ﾟ*)o))),2026年2月7日 星期六 下午10:39,,,18,,,
difang.baba,https://www.threads.com/@difang.baba/post/DUdZe7Lj5Dr,"博小編
國二大女兒讀完她在書展買的新書，忽然說起：
這個是沒帶口罩的博小編吧！！
⋯⋯ 是有那麼一點點感覺啦",2026年2月7日 星期六 下午10:03,,"Photo by 地方爸爸 on February 07, 2026. May be a cartoon of book and newspaper.",34,5,1,,https://www.threads.com/@bookstw/post/DUddkykgWez,這麼端莊不是（？,2026年2月7日 星期六 下午10:38,,,18,1,,
weiyunlingorecka,https://www.threads.com/@weiyunlingorecka/post/DUdWlG_E198,捕獲野生博客來小編！ 終於有在逛書展的感覺！（之前都一直在顧攤，今天可以去看展聽講座了） 1 / 2,2026年2月7日 星期六 下午9:37,,"Photo by 林蔚昀 on February 07, 2026. May be an image of bowler hat. | Photo by 林蔚昀 on February 07, 2026. May be an image of parka and military uniform. | Photo by 林蔚昀 on February 07, 2026. May be an image of lego. | Photo by 林蔚昀 on February 07, 2026. May be an image of lego, military uniform and costume.",58,6,,,https://www.threads.com/@bookstw/post/DUddXu0ARfs,抱歉過吵😭🙏,2026年2月7日 星期六 下午10:37,,,4,1,,
ruth_bamboo,https://www.threads.com/@ruth_bamboo/post/DUdUhdBkky4,聽講座，後面有很大的聲音，轉過去看，博小編跟小朋友玩，也太可愛了吧！,2026年2月7日 星期六 下午9:19,,,10,3,,,https://www.threads.com/@bookstw/post/DUddTU1ARgp,真的很抱歉太吵了！沒注意到講座中，博小編有反省了😔🙏,2026年2月7日 星期六 下午10:36,,,8,1,,
yenfanghuang,https://www.threads.com/@yenfanghuang/post/DUdb1vIk0NK,我還真的有逛你們家的閱讀器（坦承）,2026年2月7日 星期六 下午10:23,@bookstw,,1,1,,,https://www.threads.com/@bookstw/post/DUddLyDgSkh,(((o(*ﾟ▽ﾟ*)o))),2026年2月7日 星期六 下午10:35,,,,,,
rikumiyong,https://www.threads.com/@rikumiyong/post/DUdMIlYEeLn,"自從把ig 演算法重整之後 我的頁面一開始出現滿滿的食物和🥛妹 變得超級難看🥹🥹🥹🥹
洗了兩個禮拜後 看似回來一點點了？？ 但變成搞笑短影片+meme+🥛妹 🥴
然後發現博客來⋯原來那麼鬧🥹 小編好累唷 蝦皮還有五個人
年輕人好厲害唷🥹🥹
bookstw",2026年2月7日 星期六 下午8:06,,,98,4,1,5,https://www.threads.com/@bookstw/post/DUdSZQUASqS,(((o(*ﾟ▽ﾟ*)o))),2026年2月7日 星期六 下午9:01,,,35,2,,
littleflowermommy,https://www.threads.com/@littleflowermommy/post/DUdImGdEpG9,"博小編
博小編跟博同事真的太好笑 而且誰會這樣拍照？？？？？？（誇獎意味） 我應該去演變態恐怖份子❤️",2026年2月7日 星期六 下午7:35,,"Photo by 小花媽 on February 07, 2026. May be a selfie. | Photo by 小花媽 on February 07, 2026. May be a selfie. | Photo by 小花媽 on February 07, 2026. May be a selfie. | Photo by 小花媽 on February 07, 2026. May be a selfie.",271,8,1,2,https://www.threads.com/@bookstw/post/DUdLUp1ATfe,追求一個零距離💗,2026年2月7日 星期六 下午7:59,,,30,1,,
yenfanghuang,https://www.threads.com/@yenfanghuang/post/DUc7K5_kwfC,"台北國際書展
背包裡放著下午剛取貨的博客來包裹要前往台北國際書展，覺得自己好像在幹什麼禁忌之事。",2026年2月7日 星期六 下午5:38,,,62,3,,,https://www.threads.com/@bookstw/post/DUdLPNOgUyJ,然後還來現場逛博客來攤位（表裏如一ㄉ人）,2026年2月7日 星期六 下午7:58,,,11,1,,
billy4select,https://www.threads.com/@billy4select/post/DUcQOHdEsKe,"滿滿的國際書展分享文
Threads的同溫層厚到我以為全世界的人都變得愛看書了
不是看紙本書就是分享閱讀器跟購書優惠資訊
另外今年出鏡率最高的，除了「讀字遊覽車」之外就屬「博客來小編」最出風頭了吧 1 / 2",2026年2月7日 星期六 上午11:23,,,94,5,1,,https://www.threads.com/@bookstw/post/DUdLH_1AYXa,書展萬歲(((o(*ﾟ▽ﾟ*)o))),2026年2月7日 星期六 下午7:57,,,44,2,,
golden3words,https://www.threads.com/@golden3words/post/DUdC2euFJdX,"和博客來小編粉絲見面會合集🤣🤣🤣
《學霸作文2（國中篇）》新書發表會成功！
（還戴人家的黃色箭頭髮箍😆）",2026年2月7日 星期六 下午6:45,,"Photo by 詹佳鑫老師｜學霸作文｜學測國文｜總複習高分策略 on February 07, 2026. | Photo by 詹佳鑫老師｜學霸作文｜學測國文｜總複習高分策略 on February 07, 2026. May be an image of costume. | Photo by 詹佳鑫老師｜學霸作文｜學測國文｜總複習高分策略 on February 07, 2026. | Photo by 詹佳鑫老師｜學霸作文｜學測國文｜總複習高分策略 on February 07, 2026. May be an image of book. | Photo by 詹佳鑫老師｜學霸作文｜學測國文｜總複習高分策略 on February 07, 2026. May be an image of book and signboard. | Photo by 詹佳鑫老師｜學霸作文｜學測國文｜總複習高分策略 on February 07, 2026. May be an image of book, magazine and poster. | Photo by 詹佳鑫老師｜學霸作文｜學測國文｜總複習高分策略 on February 07, 2026. | Photo by 詹佳鑫老師｜學霸作文｜學測國文｜總複習高分策略 on February 07, 2026. | Photo by 詹佳鑫老師｜學霸作文｜學測國文｜總複習高分策略 on February 07, 2026. | Photo by 詹佳鑫老師｜學霸作文｜學測國文｜總複習高分策略 on February 07, 2026.",30,2,1,,https://www.threads.com/@bookstw/post/DUdLCwtgVGb,發兩篇文是怎樣！,2026年2月7日 星期六 下午7:57,,,8,1,1,
b__draw_ing,https://www.threads.com/@b__draw_ing/post/DUc24rjib8r,"13:00到書展的我： 欸～人潮好像還好啊～（喜出望外）
還是我： ㄍㄍㄍ好想離開這裡了救命！！
買完《間隙》後馬上離開 甚至連想見的偶像-博客來小編都放棄😭
今日推坑朋友閱讀器大成功啦👍",2026年2月7日 星期六 下午5:00,,,29,7,,,https://www.threads.com/@bookstw/post/DUdK-5vAbKM,可惜寶貝ㄌ 線上再相會！（？,2026年2月7日 星期六 下午7:56,,,5,1,,
yokobless,https://www.threads.com/@yokobless/post/DUdKsQ5ib4q,嗚嗚嗚嗚博客來小編好讚！ 看到本人我直接愣住猜不出芙莉蓮我是結凍的人（？） 下一組媽媽推著兒車來，小編直接大喊「我推的孩子」我笑瘋好讚！,2026年2月7日 星期六 下午7:53,,,37,4,,,https://www.threads.com/@bookstw/post/DUdK11NgXOR,今天推ㄌ兩組孩子！！！（？,2026年2月7日 星期六 下午7:55,,,15,3,,
rubydaily082o,https://www.threads.com/@rubydaily082o/post/DUdAqijgRPX,"為什麼書展的大阪郵票社怎麼那麼多人？
本次書展發現三個亮點（我本人的） 1.《講究》來賓多才多藝 @incrediville_tw @ikuikustudio @88russell_ 2.博客來小編本人跟影片一樣有精神 @bookstw 3.好多人在買郵票（why
2026 Taipei international book exhibition📢",2026年2月7日 星期六 下午6:26,,,10,3,1,3,https://www.threads.com/@bookstw/post/DUdKxdKgV2t,博小編怎麼會出現在這麼有氣質的影片裡？,2026年2月7日 星期六 下午7:54,,,5,,,
z33101230,https://www.threads.com/@z33101230/post/DUdKWNaE1cT,"書展第二天，在博客來櫃位晃了三次沒遇到 某次迷路路過就捕獲野生博小編！
快快樂樂
—
書展就是個大型迷宮 每轉一個彎 就迷失在每座書海
看著路人一次抱著七本書結帳 忽然羨慕她家是不是很大才放得下
不小心參與把大塊買到再版活動 臺灣繪本好可愛怎麼能不帶走
—
書展逛起來比書店快樂 因為逛書店沒有目的 逛書展目的滿滿喜歡就買
都忘了自己多喜歡紙本書的觸感與味道 1 / 2",2026年2月7日 星期六 下午7:50,,"Photo by @z33101230 on February 07, 2026. May be a cartoon of one or more people and hair. | Photo by @z33101230 on February 07, 2026.",15,3,,,https://www.threads.com/@bookstw/post/DUdKs_CAeK8,沒錯沒錯今天會員日！！,2026年2月7日 星期六 下午7:54,,,4,1,,
golden3words,https://www.threads.com/@golden3words/post/DUdCJFMESce,"和博客來小編形成一個靈動X型‼️‼️ （全台萬馬奔騰呼籲幫超強行銷博小編加薪🤣
《學霸作文2（國中篇）》新書發表會成功！ 明天最後一天，可以找活潑又厲害的博小編拍照喔！
👉博客來國際書展兩本75折四本72折！
（很愛她的黃箭頭指標髮箍😂跟衣服襪子很搭！
台北國際書展-世貿一館",2026年2月7日 星期六 下午6:39,,"Photo by 詹佳鑫老師｜學霸作文｜學測國文｜總複習高分策略 on February 07, 2026. May be an image of sword. | Photo by 詹佳鑫老師｜學霸作文｜學測國文｜總複習高分策略 on February 07, 2026. May be an image of costume. | Photo by 詹佳鑫老師｜學霸作文｜學測國文｜總複習高分策略 on February 07, 2026. May be an image of book. | Photo by 詹佳鑫老師｜學霸作文｜學測國文｜總複習高分策略 on February 07, 2026. | Photo by 詹佳鑫老師｜學霸作文｜學測國文｜總複習高分策略 on February 07, 2026. | Photo by 詹佳鑫老師｜學霸作文｜學測國文｜總複習高分策略 on February 07, 2026. | Photo by 詹佳鑫老師｜學霸作文｜學測國文｜總複習高分策略 on February 07, 2026. May be an image of sword. | Photo by 詹佳鑫老師｜學霸作文｜學測國文｜總複習高分策略 on February 07, 2026. May be an image of book and poster. | Photo by 詹佳鑫老師｜學霸作文｜學測國文｜總複習高分策略 on February 07, 2026. May be an image of book. | Photo by 詹佳鑫老師｜學霸作文｜學測國文｜總複習高分策略 on February 07, 2026. May be an image of signboard. | Photo by 詹佳鑫老師｜學霸作文｜學測國文｜總複習高分策略 on February 07, 2026. May be an image of book. | Photo by 詹佳鑫老師｜學霸作文｜學測國文｜總複習高分策略 on February 07, 2026. May be an image of magazine and book.",22,2,1,,https://www.threads.com/@bookstw/post/DUdKpePgQXH,老師的話要聽！！！,2026年2月7日 星期六 下午7:53,,,5,1,1,
trying_to_be_mature,https://www.threads.com/@trying_to_be_mature/post/DUdGnRhE9D_,"博客來小編
真的不可能人生第一次被摟是被博小編摟😍❓
I人真的有點抵不住博小編的熱情（很愛的意思） 我跟博小編說我昨天生日🎂 馬上被行大唱生日快樂歌之禮😍 中間一度想要逃跑 結果被緊緊抓在小編懷裡😍 真的非常值得 我超開心🤩 希望小編來海巡（？）",2026年2月7日 星期六 下午7:18,,"Photo by 槳槳 on February 07, 2026. May be an image of standing, people kissing and parka. | Photo by 槳槳 on February 07, 2026. May be an image of parka. | Photo by 槳槳 on February 07, 2026. May be an image of people kissing.",708,13,3,37,https://www.threads.com/@bookstw/post/DUdKinKAQS4,就是給予物理祝福🙏💗,2026年2月7日 星期六 下午7:52,,,99,2,,
jp6y7vono,https://www.threads.com/@jp6y7vono/post/DUc9hkcktwD,"台北國際書展2026
2026書展首發。博小編 @bookstw 感謝小編願意跟小粉絲拍照📷
今天特意帶了「28th博客來帆布袋」 大推～顏色經典好看，搭配穿搭超有型 布袋材質厚實，內層還有分隔小口袋 無論日常帶書、放文件都超方便 小口袋旁邊放鑰匙還可以保護書不被磨到
給博客來設計師拍拍手👏",2026年2月7日 星期六 下午5:58,,"Photo by 曾雅雯 on February 07, 2026. May be an image of grocery bag and plastic bag.",34,2,,2,https://www.threads.com/@bookstw/post/DUdKc63gUV5,已經太會介紹，以為我們有付錢發業配文！,2026年2月7日 星期六 下午7:51,,,4,,,
f_o_o_l_0523,https://www.threads.com/@f_o_o_l_0523/post/DUc_IYeEmSW,"@bookstw 我⋯⋯愛博小編 影片一：茫茫人海找到博小編 影片二：她⋯⋯叫我寶貝
😍😍😍🫡🫡🤜🏻🤛🏻",2026年2月7日 星期六 下午6:12,,"Photo by 馬盛珍 on February 07, 2026. May be an image of one or more people, hair, bath robe, cloak and terminal. | Photo by 馬盛珍 on February 07, 2026. May be a selfie. | Photo by 馬盛珍 on February 07, 2026. | Photo by 馬盛珍 on February 07, 2026. May be an image of bath robe. | Photo by 馬盛珍 on February 07, 2026. | Photo by 馬盛珍 on February 07, 2026.",96,4,2,4,https://www.threads.com/@bookstw/post/DUdKWP5gQit,很誇張啦寶貝！！！,2026年2月7日 星期六 下午7:50,,,22,2,,
fromzerotohero2222,https://www.threads.com/@fromzerotohero2222/post/DUcfelwEhAG,"《活到100歲還是會很快樂》喜獲博客來選書✨ 以及有才小編的加持🥳
bookstw",2026年2月7日 星期六 下午1:36,,,31,1,,3,https://www.threads.com/@bookstw/post/DUchuwtAeMY,👏👏👏,2026年2月7日 星期六 下午1:56,,,8,,,
good.morning.my.dear.friend,https://www.threads.com/@good.morning.my.dear.friend/post/DUcenXpD2UM,ほか精神 翻譯,2026年2月7日 星期六 下午1:28,@bookstw,,,1,,,https://www.threads.com/@bookstw/post/DUcfD_Zgcv8,ほか本色 翻譯,2026年2月7日 星期六 下午1:32,,,1,,,
1306htp,https://www.threads.com/@1306htp/post/DUbE-o3Er2-,"台北國際書展之林予晞、連俞涵、鄭麗君、楊佳嫻、平路
本來是買書，不小心開始追星！ P.S 路過博客來的攤位，發現博客來小編本人好瘦喔！行銷做的那麼辛苦，博客來沒幫小編加雞腿嗎？ @bookstw",2026年2月7日 星期六 上午12:25,,"Photo by Tang on February 06, 2026. | Photo by Tang on February 06, 2026. | Photo by Tang on February 06, 2026. | Photo by Tang on February 06, 2026. May be an image of standing. | Photo by Tang on February 06, 2026.",401,4,2,11,https://www.threads.com/@bookstw/post/DUce4gPARXE,怎麼可以只有路過🥺,2026年2月7日 星期六 下午1:31,,,39,1,,
good.morning.my.dear.friend,https://www.threads.com/@good.morning.my.dear.friend/post/DUaAGHLD2cO,藕剛剛不小心把ほかに 唸成客家人,2026年2月6日 星期五 下午2:23,,,127,10,2,13,https://www.threads.com/@bookstw/post/DUcehSjgc3p,差不多🪷,2026年2月7日 星期六 下午1:28,,,4,1,,
evlynwu,https://www.threads.com/@evlynwu/post/DUcZQvEEy9A,小編我喜歡你！！！妳明天不在嗎？？！（哭倒在露濕台階，老歌ing）,2026年2月7日 星期六 下午12:42,@bookstw,,,1,,,https://www.threads.com/@bookstw/post/DUcboGkAexu,是的！博小編遊戲時間今天最後一天！ 但明天還是可以去逛博客來ㄟ(⁎⁍̴̛ᴗ⁍̴̛⁎),2026年2月7日 星期六 下午1:02,,,1,,,
donnatuelunch,https://www.threads.com/@donnatuelunch/post/DUcaAhcEhOD,"國際書展2026
今年書展真的太有趣了！ 朵奈還跟 博小編 拍到照（好興奮） 泰國主題書展也很多元 獨立書店區不但把遊覽車開進去 還有結帳的 檳榔攤（？） 也有很多名人到場講座和簽書 週末台北下雨 超適合去書展逛的",2026年2月7日 星期六 下午12:48,,"Photo by 朵奈的火曜日便當 on February 06, 2026. | Photo by 朵奈的火曜日便當 on February 06, 2026. May be an image of bus and poster. | Photo by 朵奈的火曜日便當 on February 06, 2026. May be an image of wafer. | Photo by 朵奈的火曜日便當 on February 06, 2026. May be an image of signboard and poster. | Photo by 朵奈的火曜日便當 on February 06, 2026. May be an image of book. | Photo by 朵奈的火曜日便當 on February 06, 2026. May be an image of kitchenware and paper weight. | Photo by 朵奈的火曜日便當 on February 06, 2026. May be an image of book, playing cards and card. | Photo by 朵奈的火曜日便當 on February 06, 2026. May be an image of lego. | Photo by 朵奈的火曜日便當 on February 06, 2026. May be an image of apron, bus and parka. | Photo by 朵奈的火曜日便當 on February 06, 2026. May be an image of poster. | Photo by 朵奈的火曜日便當 on February 06, 2026. May be a cartoon of book. | Photo by 朵奈的火曜日便當 on February 06, 2026. | Photo by 朵奈的火曜日便當 on February 06, 2026. | Photo by 朵奈的火曜日便當 on February 06, 2026. May be an image of poster and book.",31,4,1,,https://www.threads.com/@bookstw/post/DUcbjsDgfr9,🤩🤩🤩,2026年2月7日 星期六 下午1:02,,,5,1,,
yujuding,https://www.threads.com/@yujuding/post/DUcBR4pEmBr,只記得是拍影片給她朋友😝全程專注在：小編好瘦😍小編好鬧😍小編好可愛😍,2026年2月7日 星期六 上午9:12,@bookstw,,1,1,,,https://www.threads.com/@bookstw/post/DUcBvKLgWr7,🙂‍↕️知道在罵什麼了,2026年2月7日 星期六 上午9:16,,,2,,,
sblack5492,https://www.threads.com/@sblack5492/post/DUcBLn6knSB,經過一晚才巡到這邊來，強烈譴責！,2026年2月7日 星期六 上午9:11,@bookstw,,2,1,,,https://www.threads.com/@bookstw/post/DUcBqTkAYvH,ಠ_ಠ強人所難！報警了（愛開玩笑,2026年2月7日 星期六 上午9:15,,,2,1,,
yujuding,https://www.threads.com/@yujuding/post/DUatOGmkj1s,我只敢在旁邊拍照😝,2026年2月6日 星期五 下午8:57,@arandynet68,"Photo by Yuju Ding on February 06, 2026. May be an image of standing.",30,1,,,https://www.threads.com/@bookstw/post/DUcBCRwAZ7e,看手勢是在罵人（？,2026年2月7日 星期六 上午9:10,,,2,1,,
heldaismurmuring,https://www.threads.com/@heldaismurmuring/post/DUa-C1xkgiv,是我😍⋯還在那邊扭捏尷尬不敢往前近鄉情怯😍（亂用成語,2026年2月6日 星期五 下午11:24,@bookstw,,1,1,,,https://www.threads.com/@bookstw/post/DUcA8w2AZ--,😍😍😍,2026年2月7日 星期六 上午9:09,,,,,,
aman06678,https://www.threads.com/@aman06678/post/DUbIaj6k9cW,"Day33 😊 感謝sun moon light賜我零用錢買閱讀器，祝它繼續鴻圖大漲 三顧終於捕獲博客來小編 當小朱青出現在導演跟作者的座談會現場，突然覺得啊一把青的靈魂就在這了啊
☹️ 今年沒有德文攤，原本想說沒買書至少可以帶一本繪本回家吧⋯⋯第一次不當馱獸的書展，人也少不少
某同事表示上個月客訴六件乾脆做客訴專門窗口，我心想在最崩潰的那幾個月這是我的個位數。算了，多說會變成人家沒有要你過來的過來人、媳婦熬成婆的討人厭阿婆
📝 聞きます 聽",2026年2月7日 星期六 上午12:55,,"Photo by 安 on February 06, 2026. May be an image of bus, raincoat and parka. | Photo by 安 on February 06, 2026. May be an image of book. | Photo by 安 on February 06, 2026. | Photo by 安 on February 06, 2026. | Photo by 安 on February 06, 2026. May be an image of lego.",12,2,,,https://www.threads.com/@bookstw/post/DUcA2LdgYo7,🤩🤩🤩,2026年2月7日 星期六 上午9:08,,,3,1,,
limitness_,https://www.threads.com/@limitness_/post/DUbPJyAExlP,"【書展生存報告D4】
前一天好像也只睡了六小時左右，我已經快記不清楚了，總之幸好今天工作很少✊一大早就先從參加版權會議開始，結束後馬上回到攤位，看作者講座有無需要幫忙的地方，後續就是協助引導聽眾入座、排椅子、補書、找書、攝影，在現場擔任機動人員。
待講座和簽書會都順利結束以後，就是我的自由時間了😭💖一整天都在展場裡大縱走，買了一堆漂亮小物，非常滿足🥰還有一直想跟高中朋友的參展作品合照的願望也達成了！他本人正在日留學無法到場參與，但拿著工作證與他的作品合照，四捨五入我們也算是一起參加過書展了對吧🥹
也順利和脆友認親並換到了超好喝啤酒！一杯下去整個身子都暖呼呼的，好開心🥰然後還捕捉到了偶像博小編💖‼️過於興奮地抓著同事幫忙牽線，還順勢向小編告白了，怎麼這麼幸福啊，小編還一直叫大家寶貝⋯⋯我真的會哭出來😭✊
以及在書展角落滑手機休息的時候，突然被路人塞了一張百元抵用金，咦我不是參展人員嗎😭？還有這種好事😭？總之不花白不花，謝謝善心路人贊助我買更多漂亮小物，您是我的超人！不過要是沒有同事提醒，我都沒注意到抵用金一定要今天用掉！於是在打烊前幾分鐘殺去讀字撈了一個美麗徽章，這就是命中注定吧😌 1 / 2",2026年2月7日 星期六 上午1:54,,"Photo by 咩Ꮚ•̀ꈊ•́Ꮚ on February 06, 2026. May be an image of hand cream. | Photo by 咩Ꮚ•̀ꈊ•́Ꮚ on February 06, 2026. | Photo by 咩Ꮚ•̀ꈊ•́Ꮚ on February 06, 2026. May be an image of costume. | Photo by 咩Ꮚ•̀ꈊ•́Ꮚ on February 06, 2026.",99,13,3,,https://www.threads.com/@bookstw/post/DUcAwY2gUGy,辛苦了辛苦了💗工作證有在破爛🙂‍↕️,2026年2月7日 星期六 上午9:07,,,15,2,,
sblack5492,https://www.threads.com/@sblack5492/post/DUaC4mDEgTc,"台北國際書展
@bookstw 這誰這麼可愛 ❤️",2026年2月6日 星期五 下午2:48,,"Photo by 小黑大叔 on February 05, 2026. May be an image of reptile.",86,4,,,https://www.threads.com/@bookstw/post/DUcAmhFgSG9,↖(^ω^)↗ 翻譯,2026年2月7日 星期六 上午9:06,,,15,1,,
gkpapapa,https://www.threads.com/@gkpapapa/post/DUbFTnED538,可惜今天過去沒有遇到博編🥲,2026年2月7日 星期六 上午12:28,@bookstw,,2,1,,,https://www.threads.com/@bookstw/post/DUcAhhMAR8B,😰喔摸,2026年2月7日 星期六 上午9:05,,,1,1,,
samanthahu33,https://www.threads.com/@samanthahu33/post/DUbHaXBEiTq,辛苦寶貝了🫶（已被哄？,2026年2月7日 星期六 上午12:46,@bookstw,,1,1,,,https://www.threads.com/@bookstw/post/DUcAf7ZAVKQ,🥺💗,2026年2月7日 星期六 上午9:05,,,1,,,
lunoestory.novel,https://www.threads.com/@lunoestory.novel/post/DUbHezEEuOr,"花蘿萸
台北國際書展！捕捉到博小編 @bookstw 栞編 @twinsyang 看到我想合照，立刻從包包拿出《花蘿萸》，博小編也很配合，問說有沒有在博客來上架，要我回去放博客來連結～這是雙贏吧😆 1 / 2",2026年2月7日 星期六 上午12:47,,"Photo by 蕗舟戀上寫作✍️ on February 06, 2026. May be an image of wafer. | Photo by 蕗舟戀上寫作✍️ on February 06, 2026. May be an image of book and magazine. | Photo by 蕗舟戀上寫作✍️ on February 06, 2026. May be an image of card, poster and book.",100,8,7,,https://www.threads.com/@bookstw/post/DUcAd2YAVwR,喔買尬對對對請自己放連結！！！！🤩 （書弄濕了記得再買一本才能給人ㄌ😔）,2026年2月7日 星期六 上午9:05,,,11,1,,
angela3967,https://www.threads.com/@angela3967/post/DUbI4QREti4,能夠看到小編此生無憾了（？？？？,2026年2月7日 星期六 上午12:59,@bookstw,"Photo by Angela Lin on February 06, 2026.",1,1,,,https://www.threads.com/@bookstw/post/DUcAWUbgSXd,(((o(*ﾟ▽ﾟ*)o))),2026年2月7日 星期六 上午9:04,,,,,,
ren9huang,https://www.threads.com/@ren9huang/post/DUbu993k4TL,昨天跟太太去書展沒看到小編，走出來去府前廣場停車場路上跟小編擦身而過，差點忍不住在路上認人🤣只有不小心驚呼出：小編？！！,2026年2月7日 星期六 上午6:32,@bookstw,,1,1,,,https://www.threads.com/@bookstw/post/DUcATvsgWUj,！！？？錯過寶貝😰,2026年2月7日 星期六 上午9:04,,,1,1,,
livres.illustres.de.guillaume,https://www.threads.com/@livres.illustres.de.guillaume/post/DUbAeGtE45-,"台北國際書展
捕捉到了博小編啊啊啊啊啊啊啊 @bookstw
台北國際書展-世貿一館",2026年2月6日 星期五 下午11:46,,"Photo by La collection de livres illustrés de Guillaume on February 06, 2026. May be an image of reptile.",16,1,,,https://www.threads.com/@bookstw/post/DUbD_rUAZav,🤩🤩🤩🤩,2026年2月7日 星期六 上午12:16,,,2,,,
arandynet68,https://www.threads.com/@arandynet68/post/DUa-P2Dk7Wz,博小編跟周杰倫ㄧ樣，都有自己的民族,2026年2月6日 星期五 下午11:26,@bookstw,,2,1,,,https://www.threads.com/@bookstw/post/DUa-c-cARba,氣死🤩🤩🤩,2026年2月6日 星期五 下午11:28,,,3,,,
yyc705,https://www.threads.com/@yyc705/post/DUa9u1ukYcY,"台北國際書展
哇怕假日人多今天趕快去，望著爆炸的書櫃，叫自己要收斂，結果還是忍不住買了書。照片是戰利品們，還有意外捕獲野生博小編，博小編真是活力滿滿，太開心🥰
繞去聯合文學攤位簽書，剛收到編輯訊息，今天簽的12本書已賣出8本，謝謝大家🙇‍♀️ 嗯還有4本，如果有想要購買簽名書籍的朋友，明天可以去聯合文學展場看看。
聯文好書多多，任君挑選，不會失望，還有諾貝爾文學獎獨家《撒旦的探戈》✌️",2026年2月6日 星期五 下午11:22,,"Photo by 楊瀅靜 on February 06, 2026. May be an image of book. | Photo by 楊瀅靜 on February 06, 2026. May be an image of book. | Photo by 楊瀅靜 on February 06, 2026. May be an image of lego and parka.",79,7,2,,https://www.threads.com/@bookstw/post/DUa-RFCge5v,🤩🤩💗,2026年2月6日 星期五 下午11:26,,,9,,,
good.morning.my.dear.friend,https://www.threads.com/@good.morning.my.dear.friend/post/DUapBrcj-HA,不是 怎麼是藕的摯友🪷,2026年2月6日 星期五 下午8:21,@arandynet68,,43,1,,,https://www.threads.com/@bookstw/post/DUa99bhAduB,🪷親愛的朋友藕愛您🪷,2026年2月6日 星期五 下午11:24,,,3,,,
vickibites,https://www.threads.com/@vickibites/post/DUaaGGTAShX,喝點水！！！,2026年2月6日 星期五 下午6:10,@bookstw,,1,1,,,https://www.threads.com/@bookstw/post/DUa9j3egSEa,會！,2026年2月6日 星期五 下午11:20,,,,,,
afay_____20,https://www.threads.com/@afay_____20/post/DUaf7CgDw7o,數到三給我起來（ㄧ….,2026年2月6日 星期五 下午7:01,@bookstw,,,1,,,https://www.threads.com/@bookstw/post/DUa9iYOgeyK,怕,2026年2月6日 星期五 下午11:20,,,1,,,
samanthahu33,https://www.threads.com/@samanthahu33/post/DUa5Ad2ktgF,博尼忘了我們的山盟海誓ㄇ！！！,2026年2月6日 星期五 下午10:40,@bookstw,,,1,,,https://www.threads.com/@bookstw/post/DUa6j2ygdMW,寶貝我心裡絕對有你的位置（？什麼意思）,2026年2月6日 星期五 下午10:54,,,2,1,,
stay_phunny,https://www.threads.com/@stay_phunny/post/DUa55TugSte,我錯了！！！,2026年2月6日 星期五 下午10:48,@bookstw,,4,1,,,https://www.threads.com/@bookstw/post/DUa6A3mgVwn,🧚‍♀️明天會員日，線上不能放過(⁎⁍̴̛ᴗ⁍̴̛⁎),2026年2月6日 星期五 下午10:49,,,3,1,,
minz.freelancer,https://www.threads.com/@minz.freelancer/post/DUaxiTZGNb0,今天ㄉ舒適鞋以及捕捉到野生博小編！ 快快樂樂！ 2 / 2,2026年2月6日 星期五 下午9:35,@minz.freelancer,"Photo by 鄭閔之🪺 接案講師｜自由工作｜遊戲編劇 on February 06, 2026.",8,1,,,https://www.threads.com/@bookstw/post/DUa5sMyAepH,(((o(*ﾟ▽ﾟ*)o))),2026年2月6日 星期五 下午10:46,,,2,,,
heldaismurmuring,https://www.threads.com/@heldaismurmuring/post/DUa5b12EnrV,"影迷吳小姐今日改當博小編粉絲。 是我們的人馬！
倒是不知道誰，去之前一邊想著好累好想回家，一邊想著喔我就是逛逛然後去找出版友友玩耍就好，結果離開時肩上背了五本漫畫？
原來是我。
甚至因為本來沒打算去書展，提前在博客來預訂了綺譚花雙冊新版，今天也送到了呢。
四捨五入也算是有在幫博小編加業績吧。（？）",2026年2月6日 星期五 下午10:44,,"Photo by 不甚重要的隻字片語 on February 06, 2026. May be an image of lego and glasses. | Photo by 不甚重要的隻字片語 on February 06, 2026. May be an image of magazine, book and hand cream. | Photo by 不甚重要的隻字片語 on February 06, 2026. May be an image of one or more people and poster.",92,10,,,https://www.threads.com/@bookstw/post/DUa5jr7ATja,原來是您！！（？？？😍,2026年2月6日 星期五 下午10:45,,,17,1,,
psychologistsamuelson,https://www.threads.com/@psychologistsamuelson/post/DUafv6kDxQS,我覺得今日最可愛獎要頒給博客來小編,2026年2月6日 星期五 下午7:00,@thejun1118,"Photo by 款款心理師/Samuelson on February 06, 2026.",7,1,,,https://www.threads.com/@bookstw/post/DUa5YXrgaXI,？？？？？？,2026年2月6日 星期五 下午10:44,,,,1,,
stay_phunny,https://www.threads.com/@stay_phunny/post/DUavmIEAUR9,"博客來
沒能自己去書展 請朋朋代替我去向博小編示愛 朋朋傳來影片
我跪！！！下次一定親自去！！！ 喜歡！！！多罵！！！",2026年2月6日 星期五 下午9:20,,,357,6,3,5,https://www.threads.com/@bookstw/post/DUa4U2lgf9v,強烈譴責🫵,2026年2月6日 星期五 下午10:35,,,115,1,1,
psychologistsamuelson,https://www.threads.com/@psychologistsamuelson/post/DUapNdkDwk6,這張目前榮登冠軍😆😆😆😆🧡🧡🧡,2026年2月6日 星期五 下午8:22,@montaigne_official,"Photo by 款款心理師/Samuelson on February 06, 2026.",44,3,,2,https://www.threads.com/@bookstw/post/DUa4L5eAWlz,？？？,2026年2月6日 星期五 下午10:33,,,29,,,
andy2028,https://www.threads.com/@andy2028/post/DUamkoNkii4,"今日幸福已圓滿❤️
之前無意間被推播博客來短影音 立刻被圈粉
小編不論在演出還是腳本 全都我的菜 我就是會被有才華的人吸引🤩 #尤其是很瘋的人 #還有很荒唐的內容
為了朝聖本人 並且支持他 特地去了國際書展
#我不會承認我只是去追星 #意外入手三本好書 #我也是有在看書的😤
平時的我瘋起來蠻瘋的 但沒想到遇到小編 居然超級嬌羞 只能說一山還有一山高
害羞的我總是會把握機會 鼓起勇氣邀請他跳「求偶舞」 這是每次高我滿足我祈請時 我對高我跳的熱舞 以資喜悅
謝謝阿皮 李嘉皮陪我追星 還幫我記錄側拍
開心開心開心飛起來💫
很開心今天能向他表達我的欣賞 謝謝他平時的創作 希望透過這樣的支持 讓他知道他讓很多人開心
還不認識他的人 可以追蹤 博客來 他的短影片總讓我驚艷 讚嘆他的演出及腳本編排 然後笑到哭",2026年2月6日 星期五 下午7:59,,"Photo by @andy2028 on February 06, 2026.",528,9,8,52,https://www.threads.com/@bookstw/post/DUa3RgJAZHl,寶貝您已經太誠懇了😭😭 博小編感恩您！！！感恩大家（突然得獎感言？） 博客來攤位明天後天也是歡迎各位(;´༎ຶД༎ຶ`) 線上更是Always Open🧚‍♀️,2026年2月6日 星期五 下午10:25,,,290,1,1,
eggchuang1981,https://www.threads.com/@eggchuang1981/post/DUaIqoFE3fw,剛剛抓到野生小編我會好運一整年（就是把親骨肉丟在一旁跟小編合照的中年瘋女人）,2026年2月6日 星期五 下午3:38,@bookstw,,,1,,,https://www.threads.com/@bookstw/post/DUa2nslAT9w,有夠瘋癲😍😍,2026年2月6日 星期五 下午10:20,,,1,,,
f_o_o_l_0523,https://www.threads.com/@f_o_o_l_0523/post/DUaT3OMEuch,博小編明天到底會不會去 如果會的話，我考慮明天出門😍😍😍😍,2026年2月6日 星期五 下午5:16,@bookstw,,,1,,,https://www.threads.com/@bookstw/post/DUa2jR1ARm1,會呀！ 明天15:00-19:00 歡迎來玩遊戲(⁎⁍̴̛ᴗ⁍̴̛⁎),2026年2月6日 星期五 下午10:19,,,1,,,
nanasgathering,https://www.threads.com/@nanasgathering/post/DUaQlwIlLWS,我是你的美國粉絲！也要從美國訂書寄來♥️,2026年2月6日 星期五 下午4:47,@bookstw,,,1,,,https://www.threads.com/@bookstw/post/DUa2gANAVmr,好讚！！！(((o(*ﾟ▽ﾟ*)o))),2026年2月6日 星期五 下午10:19,,,1,,,
ivyqohaha,https://www.threads.com/@ivyqohaha/post/DUaMfgfkQDf,可愛極了！剛剛抓到妳了，有聽妳的話去看電子書哦！😍,2026年2月6日 星期五 下午4:11,@bookstw,,,1,,,https://www.threads.com/@bookstw/post/DUa2eHXgT8V,耶(((o(*ﾟ▽ﾟ*)o))),2026年2月6日 星期五 下午10:18,,,,,,
aaa_blablabla,https://www.threads.com/@aaa_blablabla/post/DUaposzEvCB,不小心目睹影片現場 博小編真的好可愛！！！,2026年2月6日 星期五 下午8:26,@bookstw,"Photo by 徐詠蘋果 on February 06, 2026. May be an image of sword. | Photo by 徐詠蘋果 on February 06, 2026. May be an image of reptile.",349,1,1,,https://www.threads.com/@bookstw/post/DUar-hmgSyG,？？？？？？？,2026年2月6日 星期五 下午8:47,,,33,1,,
silviamou123,https://www.threads.com/@silviamou123/post/DUakHFwkaIP,我這次書展跟去年一樣在遠方看著博小編用狩獵的眼神抓人🤣🤣🤣🤣 怎麼可以跟去年一樣風一般的跑來跑去🤣🤣🤣🤣 超級可愛😍😍😍,2026年2月6日 星期五 下午7:38,,,20,2,,,https://www.threads.com/@bookstw/post/DUar2jngeHS,(⁎⁍̴̛ᴗ⁍̴̛⁎)✨,2026年2月6日 星期五 下午8:46,,,24,1,,
m_w.11,https://www.threads.com/@m_w.11/post/DUap8eJj7rd,博小編真的好可愛😍 不可能一直叫我寶貝欸好快樂😍,2026年2月6日 星期五 下午8:29,,"Photo by 西11 _TA on February 06, 2026. May be an image of glasses. | Photo by 西11 _TA on February 06, 2026.",288,12,1,6,https://www.threads.com/@bookstw/post/DUarzJzgfTH,你們都是我的寶貝(⁎⁍̴̛ᴗ⁍̴̛⁎)🫶,2026年2月6日 星期五 下午8:45,,,106,2,,
hy19525,https://www.threads.com/@hy19525/post/DUalQt-j_0R,我今天有看到小編！！！戴著剪頭髮型很整齊！（搞錯重點），我內向人只敢看著小編背影默默走過，覺得小編本人超級勾錐！,2026年2月6日 星期五 下午7:48,@bookstw,,,1,,,https://www.threads.com/@bookstw/post/DUal3sSgapT,難得整齊！(⁎⁍̴̛ᴗ⁍̴̛⁎),2026年2月6日 星期五 下午7:53,,,1,,,
kan_magick,https://www.threads.com/@kan_magick/post/DUaiAqkEnhz,大家都愛小編，我回家後還更多人私訊請我跟你告白！！！想跟你告白的人真的是人山人海！,2026年2月6日 星期五 下午7:20,@bookstw,,,1,,,https://www.threads.com/@bookstw/post/DUakidnAb59,謝謝各位😭😭😭💗,2026年2月6日 星期五 下午7:42,,,1,,,
mountain_potato_726,https://www.threads.com/@mountain_potato_726/post/DUagrA3Eyky,為什麼我有看到3個小編的幻覺,2026年2月6日 星期五 下午7:08,@arandynet68,,29,3,,,https://www.threads.com/@bookstw/post/DUakS5wAQGR,現場一度蜘蛛人這樣！,2026年2月6日 星期五 下午7:39,,"Photo by 博客來 on February 06, 2026.",71,4,,5
antien.tsai,https://www.threads.com/@antien.tsai/post/DUai1HWkV21,博小編今天有開convertible去現場嗎？,2026年2月6日 星期五 下午7:27,@bookstw,,1,1,,,https://www.threads.com/@bookstw/post/DUaj5r8AW-S,Yup💅（愛開玩笑,2026年2月6日 星期五 下午7:36,,,2,,,
psychologistsamuelson,https://www.threads.com/@psychologistsamuelson/post/DUafhF5ibVj,"博客來小編
我一說我是樂園的作者，博客來小編就準備了一段超可愛熱舞，我怎麼那麼幸福啦😆😆
小編妳辛苦了！！！！
要記得多喝水喔！居然要這樣顧到晚上九點，大家不覺得，真的是太敬佩了嗎！！！！
台北國際書展",2026年2月6日 星期五 下午6:58,,,196,14,3,5,https://www.threads.com/@bookstw/post/DUajrZoAQgG,💃,2026年2月6日 星期五 下午7:34,,,27,,,
ring_1103,https://www.threads.com/@ring_1103/post/DUaaaqnD95e,去書展最驚喜的是看到許瑋甯跟博小編 許瑋甯漂亮死🥰 博小編也很可愛😍,2026年2月6日 星期五 下午6:13,,"Photo by 黛 on February 06, 2026. May be an image of one or more people and book. | Photo by 黛 on February 06, 2026. May be an image of one or more people. | Photo by 黛 on February 06, 2026. May be an image of sword. | Photo by 黛 on February 06, 2026. May be an anime-style image of sword and costume.",56,1,1,3,https://www.threads.com/@bookstw/post/DUajo8xgf0a,好跳痛的組合😍,2026年2月6日 星期五 下午7:34,,,19,,,
gagafrog777,https://www.threads.com/@gagafrog777/post/DUag_bFE0_-,偷拍bad但i人實在沒勇氣跟博小編搭話， 我最喜歡的影片是BL日語那一支！（遙遠的吶喊～～～,2026年2月6日 星期五 下午7:11,,"Photo by 故事鑄字行的青蛙🐸 on February 06, 2026.",93,6,,2,https://www.threads.com/@bookstw/post/DUajW0dAU0u,喔摸你錯過了BL日語作者今天也有來呢！(⁎⁍̴̛ᴗ⁍̴̛⁎),2026年2月6日 星期五 下午7:31,,,30,1,,
jennychang211,https://www.threads.com/@jennychang211/post/DUafMLwkv9j,來書展找博小編 😍😍😍,2026年2月6日 星期五 下午6:55,,"Photo by Jenny C.   ◡̈ on February 06, 2026.",34,1,,,https://www.threads.com/@bookstw/post/DUai4YiAdaL,(⁎⁍̴̛ᴗ⁍̴̛⁎)🤚,2026年2月6日 星期五 下午7:27,,,12,,,
nkcouple,https://www.threads.com/@nkcouple/post/DUadWvGkyyo,博小編我沒辦法見到你我好難過嗚嗚嗚,2026年2月6日 星期五 下午6:39,@bookstw,,7,1,,,https://www.threads.com/@bookstw/post/DUaiVX8gcoN,寶貝😰,2026年2月6日 星期五 下午7:22,,,3,,,
angela3967,https://www.threads.com/@angela3967/post/DUaaNVkkipO,感謝小編給了我們最難的一題🫣🫣,2026年2月6日 星期五 下午6:11,@bookstw,,1,1,,,https://www.threads.com/@bookstw/post/DUaaueRAV7I,那肯定是要ㄉ(⁎⁍̴̛ᴗ⁍̴̛⁎) 翻譯,2026年2月6日 星期五 下午6:16,,,3,1,,
kevin.wang83147,https://www.threads.com/@kevin.wang83147/post/DUaKSWcDivH,來書展看到活生生的博客來小編了,2026年2月6日 星期五 下午3:52,,,429,10,1,32,https://www.threads.com/@bookstw/post/DUaUycgAc_R,眼神好靈動？,2026年2月6日 星期五 下午5:24,,,120,2,,1
mountainsson18,https://www.threads.com/@mountainsson18/post/DUaQS3nkh04,"博客來
來台北國際書展正好遇到捕捉博小編 @bookstw 可以找她挑戰閱讀怪物 本人有夠活潑的啦～遠遠的就聽到他的笑聲 難道這就是超級大E人嗎
超多人排隊合照 不知道的還以為是什麼大明星😂
聽博小編說他會待到晚上七點 明天三點也會出現～",2026年2月6日 星期五 下午4:45,,"Photo by mountainsson on February 06, 2026. May be an image of fox.",22,2,,,https://www.threads.com/@bookstw/post/DUaUeAlgf5E,沒錯會玩到七點(⁎⁍̴̛ᴗ⁍̴̛⁎),2026年2月6日 星期五 下午5:21,,,2,,,
arandynet68,https://www.threads.com/@arandynet68/post/DUaLU1ok_Rj,"博客來小編
不敢相信！ 博客來的小編竟然活生生出現在我眼前！ 好！收到！明天會員日 1 / 2",2026年2月6日 星期五 下午4:05,,,1848,59,28,174,https://www.threads.com/@bookstw/post/DUaUX_QAQ9v,好累喔幹嘛啊（批評自己,2026年2月6日 星期五 下午5:20,,,346,1,,1
kan_magick,https://www.threads.com/@kan_magick/post/DUaKFxfkt5B,天哪你今天也在！我已經告訴很多朋友，去書展一定要去找你玩了😍😍😍,2026年2月6日 星期五 下午3:51,@bookstw,,26,1,,,https://www.threads.com/@bookstw/post/DUaUS6eAVpS,有感受到人潮！！！！！（瑟瑟發抖,2026年2月6日 星期五 下午5:20,,,13,1,,
sunyatsen_mh,https://www.threads.com/@sunyatsen_mh/post/DUaNkWxk084,腰還好嗎,2026年2月6日 星期五 下午4:21,@bookstw,,16,2,,,https://www.threads.com/@bookstw/post/DUaURHngV5_,喔摸很好(⁎⁍̴̛ᴗ⁍̴̛⁎),2026年2月6日 星期五 下午5:19,,,11,,,
reneechung,https://www.threads.com/@reneechung/post/DUYXlmlgYDV,欖仁媽媽真的值得超級大甩頭的皇家待遇，問就是大拇指👍,2026年2月5日 星期四 下午11:10,@samanthahu33,,,1,,,https://www.threads.com/@bookstw/post/DUYaw6XASzk,沒錯博小編有眼不識欖仁媽🙂‍↔️只能甩頭表敬意💗,2026年2月5日 星期四 下午11:38,,,4,,,
clairechen8988,https://www.threads.com/@clairechen8988/post/DUYUSCyGM08,只要戴上小編圓形黑框眼鏡加上小丸子髮型就可以跟小編一樣可愛了嗎？ 本週好忙，不能去現場，只能線上支持一下啦！大家快去找小編玩吧！,2026年2月5日 星期四 下午10:41,@bookstw,,3,1,,,https://www.threads.com/@bookstw/post/DUYaop5AYyg,你們才最可愛😠🫵 可惜寶貝了！下次見👋(⁎⁍̴̛ᴗ⁍̴̛⁎),2026年2月5日 星期四 下午11:37,,,3,,,
quinol_110,https://www.threads.com/@quinol_110/post/DUYXeLdCe5h,小編周六日會去嗎？,2026年2月5日 星期四 下午11:09,@bookstw,,,1,,,https://www.threads.com/@bookstw/post/DUYZK8XgeoL,五六🧚‍♀️ ＼急尋閱讀怪物／ 2/6－2/7 15:00-19:00 博小編會在書展不定時出沒 被你抓到就跟你玩,2026年2月5日 星期四 下午11:24,,,3,,,
mr.xiang20,https://www.threads.com/@mr.xiang20/post/DUYVCYLEqUb,"台北國際書展
一個在發稿和修照片一個在剪片🤣 我們都很認真完全沒講到什麼話… 明天真的要抽空去博客來攤位玩遊戲！ 2 / 2",2026年2月5日 星期四 下午10:48,@mr.xiang20,,18,1,,,https://www.threads.com/@bookstw/post/DUYYkYBAY-Z,？？？？心酸做工畫面流出🤩🤩,2026年2月5日 星期四 下午11:19,,,19,1,,
locuspublishing,https://www.threads.com/@locuspublishing/post/DUYVyKQj2mh,要去！（有讀者期待我們合體嗎🤣,2026年2月5日 星期四 下午10:54,@bookstw,,5,1,,,https://www.threads.com/@bookstw/post/DUYV_TGgU5l,四十場活動有空合體嗎？🪷,2026年2月5日 星期四 下午10:56,,,4,,,
gkpapapa,https://www.threads.com/@gkpapapa/post/DUYUbjKD5Sf,因為我害羞沒有表明身分~明天晚上19:00兒童沙龍有新書發表會再提前找機會過去跟小編相見歡XD,2026年2月5日 星期四 下午10:42,@bookstw,,2,1,,,https://www.threads.com/@bookstw/post/DUYV7lDgRNp,(((o(*ﾟ▽ﾟ*)o))),2026年2月5日 星期四 下午10:55,,,1,,,
nkcouple,https://www.threads.com/@nkcouple/post/DUYTMnok2td,怎麼辦是不是要梳妝打扮才能去找博小編！！！（焦慮）,2026年2月5日 星期四 下午10:32,@bookstw,,6,1,,,https://www.threads.com/@bookstw/post/DUYTraCAfpQ,建議直接Drag Queen（強人所難,2026年2月5日 星期四 下午10:36,,,3,,,
hikarukaru,https://www.threads.com/@hikarukaru/post/DUYTWgjEvMP,我鬼鬼祟祟地去逛了兩輪，撫摸了熟悉的okapi（？,2026年2月5日 星期四 下午10:33,@bookstw,,1,1,,,https://www.threads.com/@bookstw/post/DUYTmf0gcmA,_(´ཀ`」 ∠)_！！！ 翻譯,2026年2月5日 星期四 下午10:35,,,,,,
gkpapapa,https://www.threads.com/@gkpapapa/post/DUX_Eptj3JD,我有合照到太開心啦 哈哈哈,2026年2月5日 星期四 下午7:36,@bookstw,,2,1,,,https://www.threads.com/@bookstw/post/DUYS3V4AbKa,完全沒意識到是GK爸爸啦！！！！！,2026年2月5日 星期四 下午10:29,,Parks And Recreation Wow GIF by PeacockTV,3,1,,
hikarukaru,https://www.threads.com/@hikarukaru/post/DUYCCJ-EtKo,沒有遇到！但我會持續注視您的！,2026年2月5日 星期四 下午8:02,@bookstw,,2,1,,,https://www.threads.com/@bookstw/post/DUYSqLhASun,我才是注視著您！(;´༎ຶД༎ຶ`),2026年2月5日 星期四 下午10:27,,,1,1,,
datorick,https://www.threads.com/@datorick/post/DUYQbLhE1Mj,上午遇到了 @bookstw 博小編路過我攤位喊我名字，我豈能錯過這等機會送貼紙和合照💖,2026年2月5日 星期四 下午10:07,@datorick,"Photo by dato on February 05, 2026. May be an image of apron.",36,1,,,https://www.threads.com/@bookstw/post/DUYSiJsgQiC,貼紙超可愛！！！！！dato 的電子書們現在也已經上架博客來！歡迎錯過珍貴實體書的朋友們手刀去買！（博小編個人是有買到《開動啦！男子便當委員會》實體書啦（不著痕跡ㄉ炫耀））,2026年2月5日 星期四 下午10:26,,,9,1,,
datorick,https://www.threads.com/@datorick/post/DUX971-EQ2o,我好快樂！顧攤簽名簽到一半被博小編呼喊❤️‍🔥❤️‍🔥❤️‍🔥立刻彈出去合照🌈🌈🌈🌈,2026年2月5日 星期四 下午7:26,@bookstw,"Photo by dato on February 05, 2026. May be an image of apron.",186,1,,2,https://www.threads.com/@bookstw/post/DUYQUB4gYJS,實在太G動當場變成跳生火の舞蹈🔥,2026年2月5日 星期四 下午10:06,,"Photo by 博客來 on February 05, 2026.",14,1,,
jenny95414,https://www.threads.com/@jenny95414/post/DUX8whQkjV2,去年在醫院玩大地遊戲而不能去書展的我今年終於可以實現找博小編玩的夢了！而且還拿到了簽名和合照！開心!❤️❤️❤️❤️❤️,2026年2月5日 星期四 下午7:16,,"Photo by Jenny Lee on February 05, 2026. May be an image of poster and magazine.",71,2,,,https://www.threads.com/@bookstw/post/DUYQFCfgcOP,太用心了寶貝！博小編問號到底要簽什麼？？？只好帶來一幅三秒博小編？,2026年2月5日 星期四 下午10:04,,,40,1,,1
wei_wei_han,https://www.threads.com/@wei_wei_han/post/DUX6whFE1qk,已經因為博小編不停在博客來下單各種可愛小物了，希望繼續看到博小編無限創意,2026年2月5日 星期四 下午6:58,@bookstw,,,1,,,https://www.threads.com/@bookstw/post/DUX738bAe8G,謝謝寶貝支持(⁎⁍̴̛ᴗ⁍̴̛⁎)書也務必看看(⁎⁍̴̛ᴗ⁍̴̛⁎),2026年2月5日 星期四 下午7:08,,,1,,,
clairechen8988,https://www.threads.com/@clairechen8988/post/DUXWwY6mKE1,博小編介紹的書我每一本都默默聽話放購物車了⋯⋯,2026年2月5日 星期四 下午1:43,@bookstw,,,1,,,https://www.threads.com/@bookstw/post/DUX5MunAVnD,寶貝很有品味(❛◡❛✿),2026年2月5日 星期四 下午6:44,,,1,,,
poppyeditor,https://www.threads.com/@bookstw/post/DUW9o24AUCR,今天大家可以去看野生博小編😁,2026年2月5日 星期四 上午10:04,,,37,7,,,https://www.threads.com/@bookstw/post/DUX5DHBAS_B,明天後天也可以(⁎⁍̴̛ᴗ⁍̴̛⁎),2026年2月5日 星期四 下午6:43,,,35,4,,1
littleflowermommy,https://www.threads.com/@littleflowermommy/post/DUX3taZkqIK,"國際書展
今天在書展非常開心，跟我愛的盧導一起講長女病，遇到我愛的博小編，還有很多出版界的朋友、文化部的朋友，以及在路上說「我很喜歡看你的書」的粉絲。
暖死我了 我今天穿短袖還是一直臉紅 明天感覺只能裸奔了 大家明天會來嗎？ 會來吧！
明天還有聊韓江超推崇的金愛爛的《其中一句是謊言》，以及實用的方法「長女過年求生術」。
快來玩，現場也可以買到10刷的書喔！ （沒錯，就是那麼默默的說10刷）
👉2/6(五) ⭐張慧慈：安放所有的青春──閱讀韓國現象級作家金愛爛 時間｜𝟮 / 6（五）15:30-16:30 講者｜張慧慈（小花媽） 地點｜𝙏𝙄𝘽𝙀 台北國際書展_文訊聯合展位D332
⭐長女過年求生術——萬事萬物要爛就給它爛 時間｜2/6（五）20:00-21:00 講者｜張慧慈（小花媽） 地點｜𝙏𝙄𝘽𝙀 台北國際書展_C708前衛沙龍（世貿一館）",2026年2月5日 星期四 下午6:31,,"Photo by 小花媽 on February 05, 2026. | Photo by 小花媽 on February 05, 2026. | Photo by 小花媽 on February 05, 2026. May be an image of standing. | Photo by 小花媽 on February 05, 2026. May be an image of card. | Photo by 小花媽 on February 05, 2026. May be a selfie of costume. | Photo by 小花媽 on February 05, 2026. May be a selfie.",98,3,1,,https://www.threads.com/@bookstw/post/DUX49SuAXy8,"再次登場那就再次留言(⁎⁍̴̛ᴗ⁍̴̛⁎) 順便附上《長女病》入口 雖然不可能有人沒看過ಠ_ಠ books.com.tw/produ…
books.com.tw
長女病：我們不是天生愛扛責任，台灣跨世代女兒的故事",2026年2月5日 星期四 下午6:42,,長女病：我們不是天生愛扛責任，台灣跨世代女兒的故事,17,,,
stayuplatepts,https://www.threads.com/@stayuplatepts/post/DUXn-qqj_IJ,原來博小編也是觀眾٩(˃̶͈̀௰˂̶͈́)و,2026年2月5日 星期四 下午4:14,@littleflowermommy,,23,1,,,https://www.threads.com/@bookstw/post/DUX4odSAWAT,那是當然要(ﾟoﾟ;;,2026年2月5日 星期四 下午6:39,,,1,,,
read.scription,https://www.threads.com/@read.scription/post/DUXBxZikoru,不公平啦！我昨天才專程從台中去捏,2026年2月5日 星期四 上午10:40,@bookstw,,12,1,,,https://www.threads.com/@bookstw/post/DUX4c8oAaCJ,😭😭😭錯過寶貝,2026年2月5日 星期四 下午6:38,,,2,,,
haven_diving,https://www.threads.com/@haven_diving/post/DUXOSfvkqLH,明天去找你,2026年2月5日 星期四 下午12:29,@bookstw,,,1,,,https://www.threads.com/@bookstw/post/DUX4aL9gVr7,等候寶貝(⁎⁍̴̛ᴗ⁍̴̛⁎),2026年2月5日 星期四 下午6:38,,,,,,
lrrh.c.y.t,https://www.threads.com/@lrrh.c.y.t/post/DUXlPwJidfz,"台北國際書展
跟我的偶像博客來小編合照，好興奮🥹",2026年2月5日 星期四 下午3:50,,"Photo by 邵蕍 on February 04, 2026.",165,6,,2,https://www.threads.com/@bookstw/post/DUX4V_tgZ97,🧚‍♀️🧚‍♀️🧚‍♀️,2026年2月5日 星期四 下午6:37,,,26,,,
shopbacktw,https://www.threads.com/@shopbacktw/post/DUXt3gqEh10,是「發財」小編，去了會發財嗎,2026年2月5日 星期四 下午5:05,@bookstw,,1,1,,,https://www.threads.com/@bookstw/post/DUX4KQjATen,會？(⁎⁍̴̛ᴗ⁍̴̛⁎),2026年2月5日 星期四 下午6:35,,,1,,,
stitch1615,https://www.threads.com/@stitch1615/post/DUX2jPOk_cr,開心今日看到小編本人🤩🤩🤩,2026年2月5日 星期四 下午6:21,@bookstw,,2,1,,,https://www.threads.com/@bookstw/post/DUX4IjjgRJx,週末也歡迎來博客來玩(⁎⁍̴̛ᴗ⁍̴̛⁎),2026年2月5日 星期四 下午6:35,,,3,,,
littleflowermommy,https://www.threads.com/@littleflowermommy/post/DUXcnU-EsAT,"反正你也不睡覺
一定要炫耀 跟博客來小編遇到 快樂拍照～ 博小編還說：「《反正你也不睡覺》我開到一半！」
我好愛喔，那麼多人中可以得到青睞❤️❤️❤️ 我愛博小編～～",2026年2月5日 星期四 下午2:35,,"Photo by 小花媽 on February 04, 2026. May be a selfie of costume.",426,18,1,1,https://www.threads.com/@bookstw/post/DUXf9UagTDY,寶貝愛您(⁎⁍̴̛ᴗ⁍̴̛⁎),2026年2月5日 星期四 下午3:04,,,32,2,,
samanthahu33,https://www.threads.com/@samanthahu33/post/DUXQgH4kgJW,"臺北國際書展
我好快樂 我愛博小編🫶",2026年2月5日 星期四 下午12:49,,"Photo by 欖仁媽媽/ Samantha on February 04, 2026. May be an image of headscarf. | Photo by 欖仁媽媽/ Samantha on February 04, 2026. May be an image of reptile, apron and lego. | Photo by 欖仁媽媽/ Samantha on February 04, 2026.",479,15,2,9,https://www.threads.com/@bookstw/post/DUXbKsOAabs,直接遭採訪(⁎⁍̴̛ᴗ⁍̴̛⁎),2026年2月5日 星期四 下午2:22,,,85,1,,
hikarukaru,https://www.threads.com/@hikarukaru/post/DUXWPLykvZt,希望有機會遇到您🫶,2026年2月5日 星期四 下午1:39,@bookstw,,3,1,,,https://www.threads.com/@bookstw/post/DUXWxvFAUxH,寶貝我才是😭🪷💗🧚‍♀️,2026年2月5日 星期四 下午1:44,,,3,1,,
vieshow_cinemas,https://www.threads.com/@vieshow_cinemas/post/DUXNGZ-E1JN,"(唱)也許有點狼狽
你的笑顏 我的沉醉 這應該就是~~~",2026年2月5日 星期四 下午12:19,@bookstw,,3,1,,,https://www.threads.com/@bookstw/post/DUXU97IAZPK,愛的滋味～～～🤚,2026年2月5日 星期四 下午1:28,,,3,,,
weiwei.huang.3766,https://www.threads.com/@weiwei.huang.3766/post/DUXQLBzE_sK,啊啊啊，在書展秘密區域正面遇到博小編（瞳孔震動），但我沒勇氣提出合照，人生最接近追星的時刻🙈,2026年2月5日 星期四 下午12:46,,,77,9,,2,https://www.threads.com/@bookstw/post/DUXU0QnASOj,！！！？！？請提！,2026年2月5日 星期四 下午1:27,,,51,2,,
yuus2.0,https://www.threads.com/@yuus2.0/post/DUXNI0Zk99y,歐買尬好想去⋯,2026年2月5日 星期四 下午12:19,@bookstw,,61,1,,,https://www.threads.com/@bookstw/post/DUXTzwUAcxx,寶貝請來（敞開）,2026年2月5日 星期四 下午1:18,,,9,,,
hikarukaru,https://www.threads.com/@hikarukaru/post/DUXMNPIkhJ0,博小編！！！,2026年2月5日 星期四 下午12:11,@bookstw,,37,1,,,https://www.threads.com/@bookstw/post/DUXTeaOgewM,小光！！！ 翻譯,2026年2月5日 星期四 下午1:15,,,10,1,,
kan_magick,https://www.threads.com/@kan_magick/post/DUXPCBIEpuj,天哪博客來小編好可愛，在書展的大家快去找她聊天🥵🥵🥵 1 / 2,2026年2月5日 星期四 下午12:36,,,117,12,,,https://www.threads.com/@bookstw/post/DUXTXGiAU9r,😍😍😍😍😍😍,2026年2月5日 星期四 下午1:14,,,21,1,,
ccc_webcomics,https://www.threads.com/@ccc_webcomics/post/DUXEPkiE8eI,灼熱的視線有看看台漫館嗎？🥺🥺🥺,2026年2月5日 星期四 上午11:02,@bookstw,,1,1,,,https://www.threads.com/@bookstw/post/DUXFCIaARGY,有🤩,2026年2月5日 星期四 上午11:09,,,2,1,,
vic_tsao,https://www.threads.com/@vic_tsao/post/DUW_WFNEmWH,路人表示：,2026年2月5日 星期四 上午10:19,@bookstw,"Photo by Victoria Tsao on February 04, 2026. May be an image of tablet.",73,2,,2,https://www.threads.com/@bookstw/post/DUXAKQ0AS3M,是同事🌝,2026年2月5日 星期四 上午10:26,,,33,,,2
feedsb.up_dessert,https://www.threads.com/@feedsb.up_dessert/post/DUUNagLE7VB,"昨天晚上睡不著，竟然看博客來小編到3點 怎麼辦好想應徵當臨演🤣🤣
by 伍人小幫手",2026年2月4日 星期三 上午8:24,,,10,2,,,https://www.threads.com/@bookstw/post/DUV2uYZAQCC,還是要睡(⁎⁍̴̛ᴗ⁍̴̛⁎),2026年2月4日 星期三 下午11:44,,,11,1,,
dct0914,https://www.threads.com/@dct0914/post/DUV2VzXD6pN,請問意思是週日博小編不會去嗎？,2026年2月4日 星期三 下午11:41,@bookstw,,1,1,,,https://www.threads.com/@bookstw/post/DUV2hqfAbNu,對(⁎⁍̴̛ᴗ⁍̴̛⁎) 但你還是要去(⁎⁍̴̛ᴗ⁍̴̛⁎) 而且要去博客來攤位(⁎⁍̴̛ᴗ⁍̴̛⁎),2026年2月4日 星期三 下午11:43,,,4,1,,
lin194789,https://www.threads.com/@lin194789/post/DUUbSKakRNN,我叫德福，你要幸福,2026年2月4日 星期三 上午10:25,,,42000,658,1757,1792,https://www.threads.com/@bookstw/post/DUV2YkCgeps,我叫博客來，你書展要來,2026年2月4日 星期三 下午11:41,,,399,,2,3
ky_10.01,https://www.threads.com/@ky_10.01/post/DUVl6Mik04b,我要去國際書展 我要受不了了 1 / 2,2026年2月4日 星期三 下午9:17,,,48,8,,2,https://www.threads.com/@bookstw/post/DUV2Tu9AVWy,好！,2026年2月4日 星期三 下午11:41,,,2,,,
furryeditor,https://www.threads.com/@furryeditor/post/DUVkbzaEu2H,不用擔心！不會打擾！,2026年2月4日 星期三 下午9:05,@bookstw,,1,1,,,https://www.threads.com/@bookstw/post/DUVrJZCAcDH,週五週六歡迎來找博小編玩！絕對讓你認得出來（？,2026年2月4日 星期三 下午10:03,,,2,,,
furryeditor,https://www.threads.com/@furryeditor/post/DUUmzXgEmWL,"離線編輯實話實說
博客來的臉書小編，絕對是全台灣唯一一個，戴口罩我才認得出來的人。",2026年2月4日 星期三 下午12:06,,,91,6,1,1,https://www.threads.com/@bookstw/post/DUVi0XbAbVE,(•͈⌔•͈⑅),2026年2月4日 星期三 下午8:50,,,53,1,,
mr.xiang20,https://www.threads.com/@mr.xiang20/post/DUVgJI3kmGp,"台北國際書展
去年書展時，有幸和博小編一起上新聞（好好笑） 之前和同事到博客來開會，終於和本人相見歡！ 小聊後還相約在書展攤位再碰面，太期待🤣",2026年2月4日 星期三 下午8:27,,"Photo by 游 智 翔 on February 04, 2026. May be an image of standing, face mask, turtleneck and parka. | Photo by 游 智 翔 on February 04, 2026.",170,5,1,5,https://www.threads.com/@bookstw/post/DUViLyugR5D,希望今年也能與各位一起躍上網溫🤝（？） 週五週六記得來找博小編玩遊戲(⁎⁍̴̛ᴗ⁍̴̛⁎),2026年2月4日 星期三 下午8:45,,,51,1,,1
hongsijabat,https://www.threads.com/@hongsijabat/post/DUSUJFwifom,"書展
這題，博小編的粉絲都答得出來吧",2026年2月3日 星期二 下午2:44,,"Photo by Hong Sijabat on February 02, 2026. May be an image of newspaper, book, poster and magazine.",15,1,,,https://www.threads.com/@bookstw/post/DUTBP3ogW78,那是肯定要答對餒！ 沒錯各位各位！ 現場有這個隱藏任務喔！快去玩！！！！,2026年2月3日 星期二 下午9:19,,,12,,,
read.scription,https://www.threads.com/@read.scription/post/DUSh85Ej7fG,"台北國際書展
這是我明天第一次去台北國際書展的to do list：
還有什麼推薦必做的嗎？",2026年2月3日 星期二 下午4:45,,"Photo by 閱讀處方箋 on February 03, 2026.",379,65,5,16,https://www.threads.com/@bookstw/post/DUTBJBPAdGa,喔摸博小編週五週六才有活動！ to do list要不要加入「每天都去逛博客來攤位」 因為我們每天都有很多活動建議每天都去(⁎⁍̴̛ᴗ⁍̴̛⁎),2026年2月3日 星期二 下午9:18,,,85,1,,
migucat,https://www.threads.com/@migucat/post/DUQYa2OiSnb,博小編是否在逃避洗澡中？😆,2026年2月2日 星期一 下午8:43,@bookstw,,2,1,,,https://www.threads.com/@bookstw/post/DUQbLQ7gYu_,😔,2026年2月2日 星期一 下午9:07,,,1,,,
wwanope,https://www.threads.com/@wwanope/post/DUPmb9JE5LS,減肥一定要本人減才能瘦嗎,2026年2月2日 星期一 下午1:27,,,19000,464,1384,1511,https://www.threads.com/@bookstw/post/DUQQiMLgTBC,尿尿可以上傳雲端請要去廁所的同事幫我一起上掉嗎？,2026年2月2日 星期一 下午7:34,,,79,3,,
npm_south,https://www.threads.com/@npm_south/post/DUQPNvzia71,一 真的好敢講（大笑,2026年2月2日 星期一 下午7:23,@bookstw,,24,1,,,https://www.threads.com/@bookstw/post/DUQQXidgUns,🧚‍♀️現在狀態是二（沒人問,2026年2月2日 星期一 下午7:33,,,5,,,
suzukimotortw,https://www.threads.com/@suzukimotortw/post/DUQNA76iVFH,一米七要怎麼進去...最近看你們的影片，是我最舒壓的時刻🤣,2026年2月2日 星期一 下午7:04,@bookstw,,,1,,,https://www.threads.com/@bookstw/post/DUQQTbogaqo,謝謝Suzuki寶貝🧚‍♀️,2026年2月2日 星期一 下午7:32,,,2,,,
suzukimotortw,https://www.threads.com/@suzukimotortw/post/DUPfHOJCU-v,邀請各路高手前來一決高下！ 「萬丈高樓平地起，千里神車SUZUKI」,2026年2月2日 星期一 下午12:23,,,396,430,8,14,https://www.threads.com/@bookstw/post/DUQKT0AARLN,萬丈高樓平地起，採光挑高一米七。,2026年2月2日 星期一 下午6:40,,,6,2,,
npm_south,https://www.threads.com/@npm_south/post/DUPzrfnCKEz,「馬」的吉祥話接龍，開始! ：萬馬奔騰 1 / 2,2026年2月2日 星期一 下午3:22,,,2726,777,61,722,https://www.threads.com/@bookstw/post/DUQJ_1JgWIR,啊搭哩馬好,2026年2月2日 星期一 下午6:37,,,31,,,2
familymart_tw,https://www.threads.com/@familymart_tw/post/DUQDwukkifJ,"香菜宇宙才正要開始⋯⋯⋯ 你可以不喝 但一定要請你的朋友喝！
─2/4全家獨家上市─ 立頓香菜花生奶茶 1 / 2",2026年2月2日 星期一 下午5:43,,"Photo by 全家便利商店_台灣 on February 02, 2026. May be an image of milk and juice.",4385,729,373,26000,https://www.threads.com/@bookstw/post/DUQJzAZgc6w,？？？？？？？四捨五入在吃豬血糕了,2026年2月2日 星期一 下午6:36,,,133,2,1,28
princess.runaway,https://www.threads.com/@princess.runaway/post/DUP1c63kZQ6,今天星期一 我不相信會有小編海巡到我這裡,2026年2月2日 星期一 下午3:38,,,33,51,,,https://www.threads.com/@bookstw/post/DUQJtSVAT2P,閱🧚‍♀️,2026年2月2日 星期一 下午6:35,,,,,,
crazy_el_c,https://www.threads.com/@crazy_el_c/post/DUP3GNnEeLk,想請問博小編書展的出沒時間？ 想一睹廬山真面目🫣,2026年2月2日 星期一 下午3:52,@bookstw,,,1,,,https://www.threads.com/@bookstw/post/DUP7YkVgZsn,報告週五週六有活動！ ＼急尋閱讀怪物／ 2/6-2/7 15:00-19:00 博小編不定時出沒！,2026年2月2日 星期一 下午4:30,,,3,,1,3
annaj304,https://www.threads.com/@annaj304/post/DUOQ8lFj35V,被自己買的故宮小物嚇到，睡意全失，笑到不行😂,2026年2月2日 星期一 上午1:00,,"Photo by 珆恩 on February 01, 2026. May be an image of sleeping, bed, blanket and mattress.",14000,133,149,2984,https://www.threads.com/@bookstw/post/DUP1KuOgQ44,博小編之前也戴著上班薪小過 好像庫存剩一個： bookstw.link/8nrsg…,2026年2月2日 星期一 下午3:35,,"Photo by 博客來 on February 01, 2026. May be an image of stapler, computer keyboard and office.",296,4,1,27
_pattyjhang,https://www.threads.com/@_pattyjhang/post/DUPQhRVkmwz,"博客來
到底「積讀教」在哪一則reels 啦.ᐟ.ᐟ.ᐟ.ᐟ.ᐟ 一直翻不到好痛苦😭😭😭",2026年2月2日 星期一 上午10:15,,,12,6,,,https://www.threads.com/@bookstw/post/DUP0eHDgSSE,"來？ （順帶一提積讀教4網路流行，不4博小編發明ㄉ望周知）（？）
bookstw",2026年2月2日 星期一 下午3:29,,,77,4,,7
evelynopqr,https://www.threads.com/@evelynopqr/post/DUPiFMok43E,以為不回留言就可以讓大家以為你去洗澡 其實你還在沒事找事做吧,2026年2月2日 星期一 下午12:48,@bookstw,,,1,,,https://www.threads.com/@bookstw/post/DUPqdr4gU2g,Mail 啦剛剛去午休ㄌ，現在真的要上班ㄌ（？？？還敢講）,2026年2月2日 星期一 下午2:02,,,4,,,
louka_6988,https://www.threads.com/@louka_6988/post/DUPohfUD7oR,"這個劇情感覺請ai寫文有點顛
這時候老闆的伴侶進來了 開始八點檔劇情",2026年2月2日 星期一 下午1:45,@bookstw,,,1,,,https://www.threads.com/@bookstw/post/DUPqXY0AYBV,發瘋ㄌ我開始上班ㄌ不玩ㄌ（很像網友要下線）,2026年2月2日 星期一 下午2:01,,,1,1,,
louka_6988,https://www.threads.com/@louka_6988/post/DUPbJNCjwRY,正在開會超級想睡覺索性站起來去洗澡前去了老闆的辦公室沙發躺著睡了一覺🤣,2026年2月2日 星期一 上午11:48,@bookstw,,,1,,,https://www.threads.com/@bookstw/post/DUPcAOmAejo,正在開會超級想睡覺索性站起來去洗澡前去了老闆的辦公室沙發躺著睡了一覺結果因為沒穿衣服被當場逮捕移送法辦（越來越糟糕）,2026年2月2日 星期一 上午11:55,,,1,1,,
louka_6988,https://www.threads.com/@louka_6988/post/DUPanZ5j63P,我來幫你添加新選項 正在開會然後超級想睡覺,2026年2月2日 星期一 上午11:43,@bookstw,,,1,,,https://www.threads.com/@bookstw/post/DUPbBvRAQEg,正在開會超級想睡覺索性站起來去洗澡（情況複雜起來）,2026年2月2日 星期一 上午11:47,,,12,1,,
jinsingkhahsutsitkusi,https://www.threads.com/@jinsingkhahsutsitkusi/post/DUPR1IUE3jM,逐家好，我講台語（這是一篇揣文 1 / 2,2026年2月2日 星期一 上午10:26,,,184,18,,,https://www.threads.com/@bookstw/post/DUPal-AAZlL,"你好，我袂曉講台語，毋過我足愛聽的！ Lí hó, guá bē-hiáu kóng Tâi-gí, m̄-koh guá tsiok ài thiann--ê!",2026年2月2日 星期一 上午11:43,,,13,1,,
melody_hearingaid,https://www.threads.com/@melody_hearingaid/post/DUPZEM2EnTU,以上皆是：正在開會+拖延不去洗澡,2026年2月2日 星期一 上午11:30,@bookstw,,15,1,,,https://www.threads.com/@bookstw/post/DUPZ9FUAf93,冰狗，全裸坐在會議室（？？？）,2026年2月2日 星期一 上午11:37,,,34,2,,
manyfishsystem,https://www.threads.com/@bookstw/post/DUN3JpTgTdI,"因為博客來小編跟前任有一點點類似 拍了這部片差點以為看到前任 剛剛腦袋突然覺得很混亂
bookstw",2026年2月1日 星期日 下午9:14,,,,2,,,https://www.threads.com/@bookstw/post/DUPYErrASoI,？😰很抱歉寶貝,2026年2月2日 星期一 上午11:21,,,2,1,,
bear.with.man,https://www.threads.com/@bear.with.man/post/DUPCH3YkpY5,"博客來小編的業配 我只要滑到都會看完🤣
我前男友交往後期 真的只會講這些話 無效溝通到情緒勒索 還好分了 這麼不負責任的交往模式 拜託女生不要再撿垃圾回家了
bookstw",2026年2月2日 星期一 上午8:09,,,506,20,23,174,https://www.threads.com/@bookstw/post/DUPX8Zmgamf,謝謝寶貝！沒錯真的不行醬子！要愛痣己！！🧚‍♀️,2026年2月2日 星期一 上午11:20,,,33,1,,
ayanuo84,https://www.threads.com/@ayanuo84/post/DUN1rPJkjiJ,一定沒有小編能看到這篇文 1 / 2,2026年2月1日 星期日 下午9:01,,,75,92,,,https://www.threads.com/@bookstw/post/DUPPHMbgWDH,閱。,2026年2月2日 星期一 上午10:03,,,2,,,
baiher100_2024,https://www.threads.com/@baiher100_2024/post/DULUPC-k66V,"博客來小編
一定要先說！我是博小編的粉絲！
最近在查找有哪些好書 可以介紹給家長時
突然想起這個會動的 動物原文書
就算孩子看不懂英文 但畫面就夠吸引孩子們的目光
提供給各位家長參考哦！
#博客來#博小編
bookstw",2026年1月31日 星期六 下午9:31,,,19,4,1,2,https://www.threads.com/@bookstw/post/DUPOPMfgT4A,"喔摸！謝謝寶貝💗這真的超讚！！ 幫補連結：bookstw.link/8n6zj…
activity.books.com.tw
(爸媽的)英文童書分級班 #你是哪一派父母 #適性選書✧✧5折起✦✦最愛主題+角色",2026年2月2日 星期一 上午9:55,,,6,1,,
pazliu_8155,https://www.threads.com/@pazliu_8155/post/DUN3-jaERse,（瞳孔地震）,2026年2月1日 星期日 下午9:21,@bookstw,,7,1,,,https://www.threads.com/@bookstw/post/DUN4NtBAa4_,再怎麼理直氣壯，最後也是救不回來ㄌ🧎,2026年2月1日 星期日 下午9:23,,,2,1,,
amy.c31453,https://www.threads.com/@amy.c31453/post/DUN38M2EzN_,看完很想打人,2026年2月1日 星期日 下午9:21,@bookstw,,13,1,,,https://www.threads.com/@bookstw/post/DUN4LXLgV01,博小編跟身邊同事打聽句子時也險猝逝🙏,2026年2月1日 星期日 下午9:23,,,5,,,
chily,https://www.threads.com/@chily/post/DUN37zOkgun,“你要這樣想我也沒有辦法”,2026年2月1日 星期日 下午9:21,@bookstw,,12,1,,,https://www.threads.com/@bookstw/post/DUN4CyfgYps,😠😠😠😠🫵發瘋,2026年2月1日 星期日 下午9:22,,,2,,,
pommedamour_ikeda,https://www.threads.com/@pommedamour_ikeda/post/DUMoBvlE7DY,"學到一個新詞了📚
【嚇鼠】",2026年2月1日 星期日 上午9:43,,,2308,40,11,50,https://www.threads.com/@bookstw/post/DUM38gEge0G,我嚇鼠條🍟,2026年2月1日 星期日 下午12:02,,,8,,,
molly__ravens,https://www.threads.com/@molly__ravens/post/DUGNSOzEo0-,我大概有什麼積書病…好多書還沒看完又想買其他本,2026年1月29日 星期四 下午9:54,,,37,26,1,,https://www.threads.com/@bookstw/post/DUHviUygY9o,積讀教友📚🙏,2026年1月30日 星期五 下午12:12,,,14,1,,
lover.95978,https://www.threads.com/@lover.95978/post/DUCio0pkzZQ,"討論
假如你的老闆掉在河裏 這個時候你的專業能為他做什麼？🤔",2026年1月28日 星期三 上午11:43,,,4662,3214,116,3250,https://www.threads.com/@bookstw/post/DUE_jrAAQjC,拍一支老闆落水的短影音，他沒有摔得很好看的話，就請他上岸重新摔，接著坐在岸邊剪片，想說可以順便宣傳下次會員日，但因為筆電剪片太卡ㄌ，我會先回辦公室用桌機剪，剪好發佈之後，我會回到河邊跟他報告成效分析數據，然後再請人幫我把老闆撈起來（完蛋老闆感覺會有一點掛掉）,2026年1月29日 星期四 上午10:34,,,277,8,,6
manyfishsystem,https://www.threads.com/@manyfishsystem/post/DUDdRPDk6LZ,竟然被博小編回覆🥺 謝謝你拍那麼多好棒的影片 連介紹書都好好聽！,2026年1月28日 星期三 下午8:16,@bookstw,,2,1,,,https://www.threads.com/@bookstw/post/DUDiIKzAZcA,💗💗💗,2026年1月28日 星期三 下午8:58,,,2,1,,
cabbage_tw,https://www.threads.com/@cabbage_tw/post/DUDTEQskU7Z,"職場
我和你說 法老王真的很努力上班 我看完又檢討一次自己",2026年1月28日 星期三 下午6:46,@bookstw,,2,1,,,https://www.threads.com/@bookstw/post/DUDiHPwAf1D,謝謝會轉告法老王（？） 寶貝您也是最棒的！！！！💗💗💗💗🏆,2026年1月28日 星期三 下午8:58,,,2,,,
manyfishsystem,https://www.threads.com/@manyfishsystem/post/DT0VXpXk55u,"沈迷於看博客來小編的影片 今天一直處於情緒低迷狀態 上班不小心打開了IG 不小心按到了博客來小編影片 不小心打開了聲音（戴著耳機） 不小心看完了 然後在位子上傻笑的很開心
但還是有點危險不小心變薪小了",2026年1月22日 星期四 下午11:18,,,27,4,,,https://www.threads.com/@bookstw/post/DUDQlQ5AUGQ,寶貝我覺得你很棒，博小編支持一切讓自己開心的行為！請繼續開心💗,2026年1月28日 星期三 下午6:25,,,30,1,,
cabbage_tw,https://www.threads.com/@cabbage_tw/post/DT0C4RmkRbY,"工作
每次看博客來小編的影片 就覺得很勵志 很佩服⋯ 有沒有人有一樣的感覺❓",2026年1月22日 星期四 下午8:36,,"Photo by ㄩ on January 22, 2026. | Photo by ㄩ on January 22, 2026. | Photo by ㄩ on January 22, 2026.",138,5,,,https://www.threads.com/@bookstw/post/DUDQfp1Aa2-,謝謝寶貝，勵志到您ㄌ🧚‍♀️ 順便提醒您今天讀書日即將截止，記得結帳🧚‍♀️,2026年1月28日 星期三 下午6:24,,,112,1,,
helloiamnj__97,https://www.threads.com/@helloiamnj__97/post/DUCN401knRU,"我大概是從這部reels開始認識博客來小編的 1 / 2
bookstw",2026年1月28日 星期三 上午8:42,,,3427,38,151,1147,https://www.threads.com/@bookstw/post/DUDQTNHgTiB,寶貝你很早(⁎⁍̴̛ᴗ⁍̴̛⁎),2026年1月28日 星期三 下午6:22,,,441,3,,3
rj.staytrue,https://www.threads.com/@rj.staytrue/post/DUBId8iCfL_,"博客來
真的超有梗 大家有沒有發現博客來小編超好笑！！ （還是是行銷企劃？？）
facebook.com
facebook.com",2026年1月27日 星期二 下午10:35,,facebook.com,4,2,,,https://www.threads.com/@bookstw/post/DUDQFEdAWZm,喔摸 謝謝寶貝🧚‍♀️,2026年1月28日 星期三 下午6:20,,,2,1,,
invoiceman.ig,https://www.threads.com/@invoiceman.ig/post/DUCmj-bEkV1,"接龍
書到用時方恨少，錢到月底沒有啦",2026年1月28日 星期三 下午12:18,,,4,5,,,https://www.threads.com/@bookstw/post/DUDP7jYAX32,"書到用時方恨少， 它叫卡加布列島🎵
欸如果擔心書太少，今天是博客來讀書日最後一天，歡迎來補貨(⁎⁍̴̛ᴗ⁍̴̛⁎)",2026年1月28日 星期三 下午6:19,,,2,,,
7.77.7.77_,https://www.threads.com/@7.77.7.77_/post/DUBbuAvEqzJ,可不可以給我有趣的小編 我此時很需要快樂 想要那種超愛講幹話的品牌小編 拜託,2026年1月28日 星期三 上午1:24,,,308,403,1,6,https://www.threads.com/@bookstw/post/DUDPDmvgQKY,娃，下班才看到🧚‍♀️,2026年1月28日 星期三 下午6:11,,,2,1,,
anniejiajia,https://www.threads.com/@anniejiajia/post/DUBNOx9E_ju,好喜歡要用excel就開始睡覺,2026年1月27日 星期二 下午11:17,@bookstw,,7,1,,,https://www.threads.com/@bookstw/post/DUCQNDpAYTq,能躲就躲🙏,2026年1月28日 星期三 上午9:02,,,6,,,
afay_____20,https://www.threads.com/@afay_____20/post/DUBVRVYj8FN,小編頭髮翹起來了喔,2026年1月28日 星期三 上午12:27,@bookstw,,2,1,,,https://www.threads.com/@bookstw/post/DUCQLCTASaQ,這已經吹過了😔💗,2026年1月28日 星期三 上午9:02,,,5,,,
dthrf2026,https://www.threads.com/@dthrf2026/post/DUBG7ZwE0c-,好想買😂😂😂😂,2026年1月27日 星期二 下午10:22,@bookstw,,1,1,,,https://www.threads.com/@bookstw/post/DUCQIohgZLa,那就買😔今天讀書日最後一天，請把握寶貝😔💗🙏,2026年1月28日 星期三 上午9:02,,,2,,,
datorick,https://www.threads.com/@datorick/post/DUCIhcyE9ns,我真的要發瘋，蘇巴拉系！,2026年1月28日 星期三 上午7:55,@bookstw,,15,1,,,https://www.threads.com/@bookstw/post/DUCQFrVAYJH,康姆薩哈咪達！（語言大亂鬥,2026年1月28日 星期三 上午9:01,,,3,,,
amy.c31453,https://www.threads.com/@amy.c31453/post/DUBNYB6kxJC,好愛頭髮,2026年1月27日 星期二 下午11:18,@bookstw,,3,1,,,https://www.threads.com/@bookstw/post/DUCQCjLgeqt,大家無法想像這已經吹過了🙂‍↕️剛起床時整個可以起飛到松山機場😔,2026年1月28日 星期三 上午9:01,,,6,,,
lorenzolim007,https://www.threads.com/@lorenzolim007/post/DUBEO0jCWdo,😎：法老王，為了表示親切，請容我稱呼您一聲「老王」,2026年1月27日 星期二 下午9:58,@bookstw,,13,1,,,https://www.threads.com/@bookstw/post/DUBFhCWAfMi,蛤？但好（？）,2026年1月27日 星期二 下午10:10,,,12,,,
good.morning.my.dear.friend,https://www.threads.com/@good.morning.my.dear.friend/post/DT6zRCZDzXW,早安 森友們☀️ Alex都爬上101了 你卻說你爬不起來？,2026年1月25日 星期日 上午11:35,,"Photo by 親愛的朋友 on January 24, 2026.",50000,780,5713,24000,https://www.threads.com/@bookstw/post/DT6826Sgf1l,😔,2026年1月25日 星期日 下午12:58,,,9,1,,
nkcouple,https://www.threads.com/@nkcouple/post/DTxoZXIkyw8,魔法薪小拿了哪一本漫畫,2026年1月21日 星期三 下午10:06,@bookstw,,1,1,,,https://www.threads.com/@bookstw/post/DTxrdmeAdNt,魔法薪小直接忘記（看來其實很認真上班🤩）,2026年1月21日 星期三 下午10:33,,,2,,,
smallstar_lee,https://www.threads.com/@smallstar_lee/post/DTxpLsPE189,沒想到這個在職場上這麼實用（？） 但絕對不能讓主管發放🙃,2026年1月21日 星期三 下午10:13,@bookstw,,4,1,,,https://www.threads.com/@bookstw/post/DTxraAmAfFl,反過來放在主管身上（？？？？）,2026年1月21日 星期三 下午10:33,,,4,,,
editorcryandlaugh,https://www.threads.com/@editorcryandlaugh/post/DTxlKqHkYRW,想問跟拍的工作人員（？）到底拍了什麼我真的好好奇（窮追猛打）,2026年1月21日 星期三 下午9:38,@bookstw,,4,1,,,https://www.threads.com/@bookstw/post/DTxlW4UgdjH,仔細看鬼鬼崇崇攝影師手上拿的是戴森吹風機🤩,2026年1月21日 星期三 下午9:40,,,14,1,,
alice_lin_yeah,https://www.threads.com/@alice_lin_yeah/post/DTsrdhJE96l,"麻煩小編回覆一下 為什麼1/9預購 之前說1/16開始發貨 今天1/18系統顯示是無庫存持續調貨呢？ 預購的拿不到
然後外面實體店面有書可以買 是不是大家應該把預購退掉 直接去外面買就好呢？",2026年1月19日 星期一 下午11:57,@bookstw,,14,3,,1,https://www.threads.com/@bookstw/post/DTtjxUqE99z,不好意思，博小編詢問過後瞭解先前是出版社一直未到貨，目前狀態是剛到貨，正在準備發貨，再麻煩稍等🙇🏻感謝您🙏,2026年1月20日 星期二 上午8:09,,,5,1,,
dear_ri_ri,https://www.threads.com/@dear_ri_ri/post/DTsDy0-Cdx6,小編，什麼時候要貼那件好看的外套連結！,2026年1月19日 星期一 下午6:10,@bookstw,,,1,,,https://www.threads.com/@bookstw/post/DTsGzu3gZoN,"博小編買的顏色賣完ㄌ😔但是還有其他顏色，現在逛一逛博小編自己又想買別的顏色ㄌ（？燒到自己😔） books.com.tw/produ…
books.com.tw
【MUJI 無印良品】女撥水加工可攜式連帽外套 L 灰白",2026年1月19日 星期一 下午6:37,,【MUJI 無印良品】女撥水加工可攜式連帽外套 L 灰白,1,1,,
beargarden1,https://www.threads.com/@beargarden1/post/DTrg-D2E08q,萬丈高樓？什麼起？ 1 / 2,2026年1月19日 星期一 下午1:06,,,4145,719,21,94,https://www.threads.com/@bookstw/post/DTsGLrEgRK8,1/17-1/19 博客來樂購日，全站分級滿 $1200 再 9 折起,2026年1月19日 星期一 下午6:31,,,32,,,
tzusuantan,https://www.threads.com/@tzusuantan/post/DTr1fs2Eehx,想看秀鳳阿姨跳舞,2026年1月19日 星期一 下午4:05,@bookstw,,1,1,,,https://www.threads.com/@bookstw/post/DTr2pT1gbfv,請留言區敬老尊賢😔,2026年1月19日 星期一 下午4:16,,,3,,,
afay_____20,https://www.threads.com/@afay_____20/post/DTr0IHgj6d3,想聽阿姨唱歌,2026年1月19日 星期一 下午3:54,@bookstw,,1,1,,,https://www.threads.com/@bookstw/post/DTr1CqlgSi7,（秀鳳阿姨一言不發轟鎖）,2026年1月19日 星期一 下午4:02,,,3,,,
im7man__1997,https://www.threads.com/@im7man__1997/post/DTr0oTogZY3,沒問題！我現在就置頂！,2026年1月19日 星期一 下午3:58,@bookstw,,5,1,,,https://www.threads.com/@bookstw/post/DTr1A70AU5I,人很好🤩博小編愛你（秀鳳阿姨手指愛心）,2026年1月19日 星期一 下午4:01,,,5,,,
im7man__1997,https://www.threads.com/@im7man__1997/post/DTqeC3TE7JS,"我真的愛死博客來小編 太有才了這人月薪沒有6萬 對不起她的才華
bookstw",2026年1月19日 星期一 上午3:21,,,20000,334,800,7687,https://www.threads.com/@bookstw/post/DTrz-DsgZ5p,"寶貝這裡流量這ㄇ好，可以順便幫藕推一下我們雜誌附錄大賞嗎🤩
2026-1-14
bookstw",2026年1月19日 星期一 下午3:52,,,620,7,1,28
chunichiri,https://www.threads.com/@chunichiri/post/DTra0VykzFO,我真的懷疑小編是五月天演唱會的阿彌豆腐（不說破）,2026年1月19日 星期一 下午12:12,@im7man__1997,,81,2,,2,https://www.threads.com/@bookstw/post/DTrzuwTAa8x,不是戴口罩和眼鏡就是同一個人bro😭😭😭,2026年1月19日 星期一 下午3:50,,,27,2,,
im7man__1997,https://www.threads.com/@im7man__1997/post/DTryJapAQiE,"這是回覆已無法顯示的貼文
意思是你單用一個影片就判斷別人沒有才華嗎",2026年1月19日 星期一 下午3:36,,,6,1,,,https://www.threads.com/@bookstw/post/DTrzq8HgUkP,今天是樂購日最後一天請不要為了藕吵架！要打去練舞室打！><！！（藉機把偶像劇台詞都講一輪😔）,2026年1月19日 星期一 下午3:50,,,5,1,,
castillobhang,https://www.threads.com/@castillobhang/post/DTrzWeQDyln,她應該去當兵的，收入會比較好。還有終身俸。,2026年1月19日 星期一 下午3:47,@im7man__1997,,3,1,,,https://www.threads.com/@bookstw/post/DTrzlsWARjS,等國軍來留言招募藕（？？）,2026年1月19日 星期一 下午3:49,,,9,,,
starrysky051127,https://www.threads.com/@starrysky051127/post/DThlB4DiW47,請問一樣有送首刷的卡片嗎,2026年1月15日 星期四 下午4:29,@bookstw,,1,1,,,https://www.threads.com/@bookstw/post/DThoRsRAd03,有的！！！,2026年1月15日 星期四 下午4:58,,,,,,
aec930101,https://www.threads.com/@aec930101/post/DThOI09j_D_,居然還有Earn的燙金簽名！！！,2026年1月15日 星期四 下午1:09,@bookstw,,6,1,,,https://www.threads.com/@bookstw/post/DThXOAvgcu5,能拿到已婚女星的簽名真是讓人興奮（？？？）,2026年1月15日 星期四 下午2:29,,,18,1,,
later_than_never_,https://www.threads.com/@later_than_never_/post/DThQSvOEun-,我在等雜誌🥺🥺🥺,2026年1月15日 星期四 下午1:28,@bookstw,,3,1,,,https://www.threads.com/@bookstw/post/DThXJzAAXal,喔摸！祝寶貝趕快到貨！💗,2026年1月15日 星期四 下午2:28,,,1,,,
lokssk1066,https://www.threads.com/@lokssk1066/post/DThU8R9EgyJ,博客來 設定密碼可以用簡單點嗎 我都會忘了,2026年1月15日 星期四 下午2:09,@bookstw,"Photo by @lokssk1066 on January 14, 2026.",,1,,,https://www.threads.com/@bookstw/post/DThXCWxAWyS,不好意思，為了個資安全，建議還是要用複雜一點的密碼喔🙇,2026年1月15日 星期四 下午2:27,,,,,,
runtingting,https://www.threads.com/@runtingting/post/DThPydik9ZU,小編找到付錢密碼了嗎？,2026年1月15日 星期四 下午1:24,@bookstw,,15,1,,,https://www.threads.com/@bookstw/post/DThWk_JgR-u,小編自己要買ㄉ時候順手分享而已（甩髮微笑）,2026年1月15日 星期四 下午2:23,,,11,,,
lokssk1066,https://www.threads.com/@lokssk1066/post/DThTkFuEpVd,為什麼誠品都看不到,2026年1月15日 星期四 下午1:57,@bookstw,,,1,,,https://www.threads.com/@bookstw/post/DThUJpNgbDD,因為這是預購商品啦！然後這裡是博客來😭,2026年1月15日 星期四 下午2:02,,,11,1,,
locuspublishing,https://www.threads.com/@locuspublishing/post/DTfDxJvj7be,寶，真的不要這麼懂推耶🧡💛,2026年1月14日 星期三 下午5:00,@bookstw,,2,1,,,https://www.threads.com/@bookstw/post/DTfFI3TAQly,🧚‍♀️💅,2026年1月14日 星期三 下午5:12,,,,,,
kugo._.photo,https://www.threads.com/@kugo._.photo/post/DS1QhbGE3a8,"現在我的脆還沒遇到的be like
1.台鐵小編 2.嘉南羊乳小編 3.YouTube小編 4.國防部小編 5.金門酒廠小編 6.內政部小編 7.海巡署小編",2025年12月29日 星期一 上午11:23,,,16000,434,139,209,https://www.threads.com/@bookstw/post/DTeyQMjAR0F,什麼意思？有遇到我的意思？,2026年1月14日 星期三 下午2:27,,,57,1,,
tomax_spicer,https://www.threads.com/@tomax_spicer/post/DTeUCSGjxx8,今天早餐特別好吃 尤其是薯餅加上一點點胡椒,2026年1月14日 星期三 上午10:03,,"Photo by 小磨坊 on January 13, 2026.",4522,601,68,518,https://www.threads.com/@bookstw/post/DTexi4ZgTki,"推薦給你：博客來｜這可不是一點點 books.com.tw/produ…
books.com.tw
這可不是一點點（博客來獨家限量版-贈四格漫畫卡片：一點點劇透）",2026年1月14日 星期三 下午2:21,,這可不是一點點（博客來獨家限量版-贈四格漫畫卡片：一點點劇透）,132,2,,2
huatung_lbj7871,https://www.threads.com/@huatung_lbj7871/post/DTeQuKhgVq6,今天尾牙 可以跟我說那四個字嗎 1 / 2,2026年1月14日 星期三 上午9:34,,,216,428,3,5,https://www.threads.com/@bookstw/post/DTexUjpgdV5,記得吃飽,2026年1月14日 星期三 下午2:19,,,1,,,
hodur_0413,https://www.threads.com/@hodur_0413/post/DTdGbafD4WP,不知道隨便發文會釣到什麼的小編 1 / 2,2026年1月13日 星期二 下午10:45,,,295,627,1,5,https://www.threads.com/@bookstw/post/DTexRtZgfHF,博客來🧜🏻‍♀️,2026年1月14日 星期三 下午2:18,,,3,1,,
jamieee.y,https://www.threads.com/@jamieee.y/post/DTZ5dsvlejZ,我就是在你們那邊買的書歐🤣,2026年1月12日 星期一 下午4:54,@bookstw,,1,1,,,https://www.threads.com/@bookstw/post/DTZ-g7agSbw,🤩🤩🤩💗💗💗💗,2026年1月12日 星期一 下午5:38,,,1,,,
jamieee.y,https://www.threads.com/@jamieee.y/post/DTZB7QXD7s5,看來今年有望上台大😂,2026年1月12日 星期一 上午8:49,,"Photo by Jamieee on January 11, 2026. | Photo by Jamieee on January 11, 2026. | Photo by Jamieee on January 11, 2026.",4329,72,55,207,https://www.threads.com/@bookstw/post/DTZwbX2gc0Z,看起來會自己去博客來下單，未來可期🎓,2026年1月12日 星期一 下午3:35,,,89,1,,
every_day_mask,https://www.threads.com/@every_day_mask/post/DTZwKuFEnMF,"闖入博小編自言自語的小天地
By 一早多次說服自己上班的天編",2026年1月12日 星期一 下午3:33,@bookstw,,2,1,,,https://www.threads.com/@bookstw/post/DTZwSsnAS1z,歡迎遠在天邊の天編寶貝（超爛） By 電腦還沒好那也真是不能怪我一直滑手機的博小編,2026年1月12日 星期一 下午3:34,,,3,,,
yurubra,https://www.threads.com/@yurubra/post/DTZr3MTEt5s,是博小編！！,2026年1月12日 星期一 下午2:55,@bookstw,,,1,,,https://www.threads.com/@bookstw/post/DTZux0ogeK4,玉如阿姨！！！💗💗,2026年1月12日 星期一 下午3:20,,,,,,
linlinxi199712,https://www.threads.com/@linlinxi199712/post/DTZt5_MFPBE,那小編，幫問問我們的秘密加印不？售空了都QAQ,2026年1月12日 星期一 下午3:13,@bookstw,,,1,,,https://www.threads.com/@bookstw/post/DTZuu_CASJd,喔買尬，我剛剛問了，積極討論中，敬請期待🧚‍♀️🧚‍♀️,2026年1月12日 星期一 下午3:20,,,,1,,
173taxiapp,https://www.threads.com/@173taxiapp/post/DTZdbqbk1og,下班前，只要維持生命跡象跟偶爾點頭，就已經很對得起薪水了8😉,2026年1月12日 星期一 下午12:49,@bookstw,,,1,,,https://www.threads.com/@bookstw/post/DTZjkKoAQpM,,2026年1月12日 星期一 下午1:42,,,,,,
invoiceman.ig,https://www.threads.com/@invoiceman.ig/post/DTZYbr2EiN-,這樣還能走出家門，意志力要多強......,2026年1月12日 星期一 下午12:05,@bookstw,,2,1,,,https://www.threads.com/@bookstw/post/DTZZMfugcQ8,,2026年1月12日 星期一 下午12:12,,,,,,
invoiceman.ig,https://www.threads.com/@invoiceman.ig/post/DTZVrLIEjiU,所以說那個貓咪的照片呢(手心敲手背),2026年1月12日 星期一 上午11:41,@bookstw,,2,1,,,https://www.threads.com/@bookstw/post/DTZWyXEAQf0,厲不厲害，是不是大場面 我在這邊上班是不是要領縣長獎了,2026年1月12日 星期一 上午11:51,,"Photo by 博客來 on January 11, 2026.",20,1,,
hongbin9353,https://www.threads.com/@hongbin9353/post/DTXPMtfk73D,明年是馬年 有什麼祝賀詞裡面是帶有”馬“這個字的😳,2026年1月11日 星期日 下午4:06,,,991,584,39,114,https://www.threads.com/@bookstw/post/DTZT_q_geId,啊搭哩馬好啊,2026年1月12日 星期一 上午11:26,,,32,,,3
yurubra,https://www.threads.com/@yurubra/post/DTZIKBnEpJS,"早安脆友們
大家早安 小編身體到公司了，靈魂卻還在床上😖 可以跟我說那四個字嗎 上班加油",2026年1月12日 星期一 上午9:43,,,60,98,,,https://www.threads.com/@bookstw/post/DTZTzlaAQgw,不然請假,2026年1月12日 星期一 上午11:25,,,10,1,,
delia_33295,https://www.threads.com/@delia_33295/post/DTYAUifkiLg,那個錢包！！！,2026年1月11日 星期日 下午11:15,@crimophilia,,1,1,,,https://www.threads.com/@bookstw/post/DTYJutNgXHI,🤩是的，也是必須炫耀有搶到限量錢包🧚‍♀️,2026年1月12日 星期一 上午12:37,,,1,,,
momohappygo,https://www.threads.com/@momohappygo/post/DTYBo90k1KT,半月型鐮刀真的冷門到不行啦🤣🤣🤣但我有幾把小隻的，我菜市場工作用的☺️,2026年1月11日 星期日 下午11:27,@bookstw,,2,1,,,https://www.threads.com/@bookstw/post/DTYJooYAVkl,好厲害！那你看這是不是就用上了！！（很硬要）,2026年1月12日 星期一 上午12:37,,,,1,,
bonekou,https://www.threads.com/@bonekou/post/DTX6rznEqiy,好偏門主題的語言學習書,2026年1月11日 星期日 下午10:26,@bookstw,,2,1,,,https://www.threads.com/@bookstw/post/DTYJlROgYYe,非常另類，重點是裡面犯罪故事還超級好看？！,2026年1月12日 星期一 上午12:36,,,1,,,
kuro2025,https://www.threads.com/@kuro2025/post/DTYFjBek1qg,Mooning 露屁蛋😂😂😂大力推薦！已購入，愛屎出塊💖,2026年1月12日 星期一 上午12:01,@bookstw,,1,1,,,https://www.threads.com/@bookstw/post/DTYJjGpgY5v,隨便烙一下都是好冷門好帥氣（？,2026年1月12日 星期一 上午12:36,,,,,,
yashica_35,https://www.threads.com/@yashica_35/post/DTYCKd3EkUq,亮點是那個不知道是不是兇手的人竟然還戴著我因為太晚入坑所以沒買到的🐔👋🐺漁夫帽嗎😍😍😍,2026年1月11日 星期日 下午11:31,@bookstw,,3,1,,,https://www.threads.com/@bookstw/post/DTYJd5kAbNY,好險有人看到😮‍💨沒有白炫耀（？？？？？）,2026年1月12日 星期一 上午12:35,,,2,,,
shopbacktw,https://www.threads.com/@shopbacktw/post/DTX5FyBksr7,You Know 看影片學英文也要學會觀察 一石二鳥 就像蝦貝買博客來一樣,2026年1月11日 星期日 下午10:12,@bookstw,,14,1,,,https://www.threads.com/@bookstw/post/DTX6HWXAYvz,Oh🤚my god💅寶貝你真的是很熟練ㄌ🧚‍♀️,2026年1月11日 星期日 下午10:21,,,4,1,,1
shopbacktw,https://www.threads.com/@shopbacktw/post/DTX3fNEknwU,Ok officer 我決定用ShopBack買這本書 But你先告訴我你手機桌布是什麼,2026年1月11日 星期日 下午9:58,@bookstw,"Photo by ShopBack on January 11, 2026. | Photo by ShopBack on January 11, 2026.",77,4,3,6,https://www.threads.com/@bookstw/post/DTX3vlZAZ81,ㄙㄚˇ眼 蝦貝小編會不會看太細🤤💗,2026年1月11日 星期日 下午10:00,,,21,1,,2
missnine_,https://www.threads.com/@missnine_/post/DTRh63Ljyck,"LingOrm
這是回覆已無法顯示的貼文
@bookstw 請問會有電子書版嗎~ 2 / 2",2026年1月9日 星期五 上午10:54,,,,1,,,https://www.threads.com/@bookstw/post/DTRoccagZmx,博小編剛剛去問了一下，預計是會有的喔😍 但不會同時發售，所以再請多留意～🙏,2026年1月9日 星期五 上午11:51,,,1,,,
7eleventw,https://www.threads.com/@7eleventw/post/DTRhI52j07y,"歐米呀給
這次跨年去日本刷uniopen聯名卡爆買一通 因為海外消費最高可享11%回饋超好買 血拼到差點忘記要買辦公室的歐咪呀給 只好在機場買個白色戀人送同事 結果被唸沒有誠意🥹
請各位7愛的評評理，你出國刷卡都買什麼歐咪呀給？我們來隨機抽獎抽出萬點OPENPOINT 給你！ 1 / 4",2026年1月9日 星期五 上午10:47,,,547,564,336,118,https://www.threads.com/@bookstw/post/DTRoMT7gZks,我要出國帶 uniopen 聯名卡，在國外上博客來下單讚東西當歐咪呀給，因為在博客來用 uniopen 聯名卡消費， 1/1 - 6/30 統一集團消費最高享 11% OPENPOINT / 週六日博客來 APP 結帳加碼 滿額最高回饋 6% ！！！！,2026年1月9日 星期五 上午11:49,,,7,,,
one98six_,https://www.threads.com/@one98six_/post/DTPUUuxEimx,Lingling 2025 11月 封面要在台灣販售嗎😁,2026年1月8日 星期四 下午2:17,@shopbacktw,,5,2,,1,https://www.threads.com/@bookstw/post/DTPuB5pAf70,這個目前沒有安排唷🙇🏻‍♀️,2026年1月8日 星期四 下午6:02,,,,1,,
owlbcbs,https://www.threads.com/@owlbcbs/post/DTPqQpTEvG9,"LingOrm
🙋‍♀️小編，我有個疑惑... 我是不是要等第三版封面出來再一起買？",2026年1月8日 星期四 下午5:29,@bookstw,,16,1,,,https://www.threads.com/@bookstw/post/DTPt81Pgcj4,目前就是只有這兩款喔🙏,2026年1月8日 星期四 下午6:01,,,8,,,
sweetnayami_ok,https://www.threads.com/@sweetnayami_ok/post/DTPjwGnkhF4,金！ 我終於有動力註冊新會員了 這次優惠很讚耶 然後連結蝦貝結帳🤩,2026年1月8日 星期四 下午4:32,@bookstw,,1,1,,,https://www.threads.com/@bookstw/post/DTPj-84AR-I,真是計劃通💗,2026年1月8日 星期四 下午4:34,,,1,,,
lovewins8723_,https://www.threads.com/@lovewins8723_/post/DTPh3IZD7MF,幫忙我也要買第二封面的,2026年1月8日 星期四 下午4:15,@bookstw,,1,1,,,https://www.threads.com/@bookstw/post/DTPjISvASSn,"🔥雙版本無限量開賣中🔥 bookstw.link/8kcqh…
activity.books.com.tw
activity.books.com.tw",2026年1月8日 星期四 下午4:26,,,4,1,1,
time_0138,https://www.threads.com/@time_0138/post/DTPh2kqifP7,第二版也沒有了😭,2026年1月8日 星期四 下午4:15,@bookstw,,2,1,,,https://www.threads.com/@bookstw/post/DTPjHYIgYTK,"🔥雙版本無限量開賣中🔥 bookstw.link/8kcqh…
activity.books.com.tw
activity.books.com.tw",2026年1月8日 星期四 下午4:26,,,3,,,
momotao,https://www.threads.com/@momotao/post/DTPhqZgkULr,不要限量啊🥺,2026年1月8日 星期四 下午4:13,@bookstw,,1,1,,,https://www.threads.com/@bookstw/post/DTPjFiegVpx,"🔥雙版本無限量開賣中🔥 bookstw.link/8kcqh…
activity.books.com.tw
activity.books.com.tw",2026年1月8日 星期四 下午4:26,,,1,,,
bearjazzj,https://www.threads.com/@bearjazzj/post/DTPhkrgEwLF,@bookstw 這是沒貨了嗎???😭😭,2026年1月8日 星期四 下午4:13,@bookstw,"Photo by 熊熊 on January 08, 2026.",3,1,,,https://www.threads.com/@bookstw/post/DTPjE38AaTL,"來了來了🔥雙版本無限量開賣中🔥 bookstw.link/8kcqh…
activity.books.com.tw
activity.books.com.tw",2026年1月8日 星期四 下午4:26,,,4,,,
yue_whee,https://www.threads.com/@yue_whee/post/DTPhhEoElq9,只是下個班 第二版的就沒了🥹,2026年1月8日 星期四 下午4:12,@bookstw,,2,1,,,https://www.threads.com/@bookstw/post/DTPjDC6gfos,"恭喜下班！？ 🔥雙版本無限量開賣中🔥 bookstw.link/8kcqh…
activity.books.com.tw
activity.books.com.tw",2026年1月8日 星期四 下午4:26,,,2,1,,
bae_bae0506,https://www.threads.com/@bae_bae0506/post/DTPhcaSkbKS,第二版也可以無限量嗎🥹 上班沒搶到,2026年1月8日 星期四 下午4:12,@bookstw,,2,1,,,https://www.threads.com/@bookstw/post/DTPjB6ZgQGF,"🔥雙版本無限量開賣中🔥 bookstw.link/8kcqh…
activity.books.com.tw
activity.books.com.tw",2026年1月8日 星期四 下午4:25,,,3,,,
loirnmg,https://www.threads.com/@loirnmg/post/DTPg5aqk-G8,手刀！！揮空！😑…請補貨pls @harpersbazaar_tw,2026年1月8日 星期四 下午4:07,@bookstw,,2,2,,,https://www.threads.com/@bookstw/post/DTPjA-IAY6Z,"🔥雙版本無限量開賣中🔥 bookstw.link/8kcqh…
activity.books.com.tw
activity.books.com.tw",2026年1月8日 星期四 下午4:25,,,1,,,
aya.sky.ws,https://www.threads.com/@aya.sky.ws/post/DTPg2VyFT-i,"books.com.tw/produ…
新封面快補貨啊！！！",2026年1月8日 星期四 下午4:06,@bookstw,,,1,,,https://www.threads.com/@bookstw/post/DTPi9p6gSJ3,"Go bookstw.link/8kcqh…
activity.books.com.tw
activity.books.com.tw",2026年1月8日 星期四 下午4:25,,,1,,,
phone0508,https://www.threads.com/@phone0508/post/DTPh04cEtXD,我交易紀錄顯示第二版雜誌，我付了兩次錢⋯,2026年1月8日 星期四 下午4:15,@bookstw,,1,1,,,https://www.threads.com/@bookstw/post/DTPiELgAXaY,"好的，訂單部分博小編這邊因為個資等等原因，無法直接提供協助，建議您可透過下列方式聯繫客服問問看喔！ 服務時間週一～五 8:00～19:00，週六～日（或例假日）9:00～18:00，可撥打客服專線：02-26535588，或至客服信箱詢問：books.com.tw/quest…
books.com.tw
發函至客服中心",2026年1月8日 星期四 下午4:17,,發函至客服中心,2,1,,
phone0508,https://www.threads.com/@phone0508/post/DTPgVqqkgJC,小編第二版我刷line pay付款到兩次怎麼辦？怕沒搶到就多按了一次,2026年1月8日 星期四 下午4:02,@bookstw,,1,1,,,https://www.threads.com/@bookstw/post/DTPgihPgf2K,如果擔心有多付款，建議可以詢問 Line Pay客服確認看看？,2026年1月8日 星期四 下午4:04,,,2,1,,
littleb20,https://www.threads.com/@littleb20/post/DTPgKMzEl7o,🙈完售了,2026年1月8日 星期四 下午4:00,@bookstw,"Photo by Little B chen on January 08, 2026.",5,1,,,https://www.threads.com/@bookstw/post/DTPgZTIAQh7,努力爭取補貨中❤️請靜候🙏,2026年1月8日 星期四 下午4:02,,,8,,,1
twiceqqqqq,https://www.threads.com/@twiceqqqqq/post/DTPgMhFknqJ,沒了😭😭😭,2026年1月8日 星期四 下午4:01,@bookstw,,1,1,,,https://www.threads.com/@bookstw/post/DTPgVoWAUiI,努力爭取補貨中！大家請稍後💗💗,2026年1月8日 星期四 下午4:02,,,1,1,,
cen0513,https://www.threads.com/@cen0513/post/DTPf2k-kWxE,小編～這個….新封面又完售了🫣,2026年1月8日 星期四 下午3:58,@bookstw,,3,1,,,https://www.threads.com/@bookstw/post/DTPgKXegVwH,非常要命🌶️🌶️請各位靜候 藕們努力爭取中🔥🔥🔥,2026年1月8日 星期四 下午4:00,,,14,2,,
sunday_sunairwater,https://www.threads.com/@sunday_sunairwater/post/DTPYa6mkgeF,請問第二個封面能買嗎？,2026年1月8日 星期四 下午2:53,@bookstw,,2,2,,,https://www.threads.com/@bookstw/post/DTPe4QHAT9J,"來了來了🧚‍♀️ bookstw.link/8kc29…
books.com.tw
books.com.tw",2026年1月8日 星期四 下午3:49,,,5,,,
aya.sky.ws,https://www.threads.com/@aya.sky.ws/post/DTPZ-3Nle-V,你補的太慢了，我後來買到誠品的了🙂‍↕️,2026年1月8日 星期四 下午3:06,@bookstw,,1,1,,,https://www.threads.com/@bookstw/post/DTPe2OwARkW,那可以再來博客來買一次，因為今天會員日🧚‍♀️,2026年1月8日 星期四 下午3:49,,,,1,,
a10020996,https://www.threads.com/@a10020996/post/DTPa1z4kf-p,小編，雜誌方有要開B版封面，你們跟上嗎？,2026年1月8日 星期四 下午3:14,@bookstw,,3,1,,,https://www.threads.com/@bookstw/post/DTPeyr0AYsd,"來了來了🧚‍♀️ bookstw.link/8kc29…
books.com.tw
books.com.tw",2026年1月8日 星期四 下午3:48,,,6,1,,
phone0508,https://www.threads.com/@phone0508/post/DTPeZzCEmuE,小編第二版的封面怎麼一下就完售了🥲,2026年1月8日 星期四 下午3:45,@bookstw,,1,1,,,https://www.threads.com/@bookstw/post/DTPew2FgfoI,"來了來了🧚‍♀️ bookstw.link/8kc29…
books.com.tw
books.com.tw",2026年1月8日 星期四 下午3:48,,,2,1,,
takanashi_211,https://www.threads.com/@takanashi_211/post/DTPeKZbEY1t,第二版封面哪邊訂🥲 我記得你們家有多版本封面是隨機出貨不給指定的🥺,2026年1月8日 星期四 下午3:43,@bookstw,,,1,,,https://www.threads.com/@bookstw/post/DTPeaw5gRkA,第二版稍請靜候喔🧚‍♀️第一版你買的是Orm封面，就會收到Orm封面喔請放心🧚‍♀️,2026年1月8日 星期四 下午3:45,,,1,1,,
yoyo.xoxo9453,https://www.threads.com/@yoyo.xoxo9453/post/DTPSV3YkrpK,沒了！！？ 小編求支援,2026年1月8日 星期四 下午2:00,@bookstw,,1,1,,,https://www.threads.com/@bookstw/post/DTPWLJ4gQan,"我尖叫寶貝！這裡！！！ 現在無限量開賣中🔥🔥🔥 bookstw.link/8k7p6…
books.com.tw
books.com.tw",2026年1月8日 星期四 下午2:33,,,3,1,,
mrognil427,https://www.threads.com/@mrognil427/post/DTPVwSnEZKJ,,2026年1月8日 星期四 下午2:30,@bookstw,,8,1,,1,https://www.threads.com/@bookstw/post/DTPV3bMASIA,🎉🎉🎉👏,2026年1月8日 星期四 下午2:30,,,2,,,
moolove._.orm,https://www.threads.com/@moolove._.orm/post/DTNHmr2EiRA,求補貨～,2026年1月7日 星期三 下午5:47,@bookstw,,2,1,,,https://www.threads.com/@bookstw/post/DTPVis4gR3O,"寶貝買到沒！！！！ 現在無限量開賣中🔥🔥🔥 bookstw.link/8k7p6…
books.com.tw
books.com.tw",2026年1月8日 星期四 下午2:28,,,3,1,,1
novartis1127,https://www.threads.com/@novartis1127/post/DTNdYz1D6Um,請快快補貨！,2026年1月7日 星期三 下午8:58,@bookstw,,1,1,,,https://www.threads.com/@bookstw/post/DTPVh3ZAYda,"來了！ 現在無限量開賣中🔥🔥🔥 bookstw.link/8k7p6…
books.com.tw
books.com.tw",2026年1月8日 星期四 下午2:27,,,2,,,
nuomeilu,https://www.threads.com/@nuomeilu/post/DTNItmLEVxR,已售完😱 翻譯,2026年1月7日 星期三 下午5:57,@bookstw,,1,1,,,https://www.threads.com/@bookstw/post/DTPVgpvgZiH,"寶貝買到沒！！！！ 現在無限量開賣中🔥🔥🔥 bookstw.link/8k7p6…
books.com.tw
books.com.tw",2026年1月8日 星期四 下午2:27,,,1,1,,
aya.sky.ws,https://www.threads.com/@aya.sky.ws/post/DTNHkFIFOjn,沒了！？,2026年1月7日 星期三 下午5:47,@bookstw,,1,1,,,https://www.threads.com/@bookstw/post/DTPVgNsAbJz,"寶貝買到沒！！！！ 現在無限量開賣中🔥🔥🔥 bookstw.link/8k7p6…
books.com.tw
books.com.tw",2026年1月8日 星期四 下午2:27,,,2,1,,
takanashi_211,https://www.threads.com/@takanashi_211/post/DTNKZQ2j8FI,等看到消息早就沒了🤣🤣🤣,2026年1月7日 星期三 下午6:12,@bookstw,,3,1,,,https://www.threads.com/@bookstw/post/DTPVfi6AT1u,"寶貝買到沒！！！！ 現在無限量開賣中🔥🔥🔥 bookstw.link/8k7p6…
books.com.tw
books.com.tw",2026年1月8日 星期四 下午2:27,,,2,1,,
tw_tw_0105,https://www.threads.com/@tw_tw_0105/post/DTNPgcyicwn,媽粉 F5敲碗中 翻譯,2026年1月7日 星期三 下午6:56,@bookstw,,1,1,,,https://www.threads.com/@bookstw/post/DTPVfEDAfdq,"寶貝買到沒！！！！ 現在無限量開賣中🔥🔥🔥 bookstw.link/8k7p6…
books.com.tw
books.com.tw",2026年1月8日 星期四 下午2:27,,,2,,,
moo.wway,https://www.threads.com/@moo.wway/post/DTNKQyfEyE9,😭沒有了,2026年1月7日 星期三 下午6:10,@bookstw,,1,1,,,https://www.threads.com/@bookstw/post/DTPVeYrgd4b,"寶貝買到沒！！！！ 現在無限量開賣中🔥🔥🔥 bookstw.link/8k7p6…
books.com.tw
books.com.tw",2026年1月8日 星期四 下午2:27,,,2,1,,
enengua423,https://www.threads.com/@enengua423/post/DTNK4CUCbjA,急,2026年1月7日 星期三 下午6:16,@bookstw,,1,1,,,https://www.threads.com/@bookstw/post/DTPVdyAgfL2,"寶貝買到沒！！！！ 現在無限量開賣中🔥🔥🔥 bookstw.link/8k7p6…
books.com.tw
books.com.tw",2026年1月8日 星期四 下午2:27,,,1,,,
alina.202506,https://www.threads.com/@alina.202506/post/DTNRYKbD8Mv,敲碗!捕貨+1,2026年1月7日 星期三 下午7:13,@bookstw,,1,1,,,https://www.threads.com/@bookstw/post/DTPVdHoAWDb,"寶貝買到沒！！！！ 現在無限量開賣中🔥🔥🔥 bookstw.link/8k7p6…
books.com.tw
books.com.tw",2026年1月8日 星期四 下午2:27,,,2,1,,
gallery_pkorn,https://www.threads.com/@gallery_pkorn/post/DTNKwozk1dG,沒買到😭求多補些貨🙏,2026年1月7日 星期三 下午6:15,@bookstw,,2,1,,,https://www.threads.com/@bookstw/post/DTPVbgCARVd,"來了啦🧚‍♀️🧚‍♀️🧚‍♀️ 現在無限量開賣中🔥🔥🔥 bookstw.link/8k7p6…
books.com.tw
books.com.tw",2026年1月8日 星期四 下午2:27,,,1,,,
peko_lee,https://www.threads.com/@peko_lee/post/DTNVJ75EnZA,求補貨🙏 不要小看台灣市場🫶💪,2026年1月7日 星期三 下午7:46,@bookstw,,2,1,,,https://www.threads.com/@bookstw/post/DTPVagbAcFr,"寶貝買到沒！！！！ 現在無限量開賣中🔥🔥🔥 bookstw.link/8k7p6…
books.com.tw
books.com.tw",2026年1月8日 星期四 下午2:26,,,2,1,,
middle.medium,https://www.threads.com/@middle.medium/post/DTNIpJxkvtY,我還沒找回我的密碼 竟然就已經售完 拜託請補貨🙏🏻🙏🏻🙏🏻,2026年1月7日 星期三 下午5:56,@bookstw,,3,1,,,https://www.threads.com/@bookstw/post/DTPVZ3dgWss,"寶貝買到沒！！！！ 現在無限量開賣中🔥🔥🔥 bookstw.link/8k7p6…
books.com.tw
books.com.tw",2026年1月8日 星期四 下午2:26,,,40,3,10,2
bae_bae0506,https://www.threads.com/@bae_bae0506/post/DTNEPTlEmIv,沒買到預購🥹可以多開一點嗎,2026年1月7日 星期三 下午5:18,@bookstw,,1,1,,,https://www.threads.com/@bookstw/post/DTPVYbLATXU,"可以！！！ 現在無限量開賣中🔥🔥🔥 bookstw.link/8k7p6…
books.com.tw
books.com.tw",2026年1月8日 星期四 下午2:26,,,1,1,,
baibai_1206,https://www.threads.com/@baibai_1206/post/DTNI1kSkgrF,可以再補貨嗎🥹,2026年1月7日 星期三 下午5:58,@bookstw,,3,1,,,https://www.threads.com/@bookstw/post/DTPVXmvgbk2,"好！！！！ 現在無限量開賣中🔥🔥🔥 bookstw.link/8k7p6…
books.com.tw
books.com.tw",2026年1月8日 星期四 下午2:26,,,1,,,
anzowei,https://www.threads.com/@anzowei/post/DTNEsWjDwsS,沒了？！,2026年1月7日 星期三 下午5:22,@bookstw,,1,1,,,https://www.threads.com/@bookstw/post/DTPVWxigXyN,"有了😍😍😍 現在無限量開賣中🔥🔥🔥 bookstw.link/8k7p6…
books.com.tw
books.com.tw",2026年1月8日 星期四 下午2:26,,,1,,,
n14pu2019,https://www.threads.com/@n14pu2019/post/DTNK7LwEf6f,不可能我點了一下午結果吃個晚餐就沒了😭,2026年1月7日 星期三 下午6:16,@bookstw,,2,1,,,https://www.threads.com/@bookstw/post/DTPVVzdgeZE,"寶貝買到沒！！！！ 現在無限量開賣中🔥🔥🔥 bookstw.link/8k7p6…
books.com.tw
books.com.tw",2026年1月8日 星期四 下午2:26,,,2,1,,
sve2sgr_shh,https://www.threads.com/@sve2sgr_shh/post/DTNJB0dEn06,沒了！！！！！！！！！！！ 啊啊啊啊啊啊啊啊😭😭😭😭😭,2026年1月7日 星期三 下午6:00,@bookstw,,10,1,,,https://www.threads.com/@bookstw/post/DTPVVITAcAt,"寶貝買到沒！！！！ 現在無限量開賣中🔥🔥🔥 bookstw.link/8k7p6…
books.com.tw
books.com.tw",2026年1月8日 星期四 下午2:26,,,3,1,,
vic58602185,https://www.threads.com/@vic58602185/post/DTNE9zKgedy,啥時補貨～～～麻煩備貨萬份好嗎🥺,2026年1月7日 星期三 下午5:24,@bookstw,,3,1,,,https://www.threads.com/@bookstw/post/DTPVUVtgTCj,"寶貝現在無限量開賣中🔥🔥🔥 bookstw.link/8k7p6…
books.com.tw
books.com.tw",2026年1月8日 星期四 下午2:26,,,10,2,,6
anzowei,https://www.threads.com/@anzowei/post/DTNLG5oD--O,補貨，拜託🙏,2026年1月7日 星期三 下午6:18,@bookstw,,1,1,,,https://www.threads.com/@bookstw/post/DTPVTOJAXaa,"來了！！！！ 現在無限量開賣中🔥🔥🔥 bookstw.link/8k7p6…
books.com.tw
books.com.tw",2026年1月8日 星期四 下午2:25,,,1,,,
np4012,https://www.threads.com/@np4012/post/DTNGFYNAXdW,已完售😂😂😂,2026年1月7日 星期三 下午5:34,@bookstw,,1,1,,,https://www.threads.com/@bookstw/post/DTPVSNYAW6W,"寶貝買到沒！！！！ 現在無限量開賣中🔥🔥🔥 bookstw.link/8k7p6…
books.com.tw
books.com.tw",2026年1月8日 星期四 下午2:25,,,2,1,,
susieli1110,https://www.threads.com/@susieli1110/post/DTNEIwLkxag,登入後就沒了沒了沒了,2026年1月7日 星期三 下午5:17,@bookstw,,1,1,,,https://www.threads.com/@bookstw/post/DTPVRmIgZQo,"寶貝買到沒！！！！ 現在無限量開賣中🔥🔥🔥 bookstw.link/8k7p6…
books.com.tw
books.com.tw",2026年1月8日 星期四 下午2:25,,,2,1,,
amerika_me_aoi,https://www.threads.com/@amerika_me_aoi/post/DTNH8OFEm6P,沒了啦🫠,2026年1月7日 星期三 下午5:50,@bookstw,,1,1,,,https://www.threads.com/@bookstw/post/DTPVQtYgXUe,"寶貝現在無限量開賣中🔥🔥🔥 bookstw.link/8k7p6…
books.com.tw
books.com.tw",2026年1月8日 星期四 下午2:25,,,1,,,
lingormtogether,https://www.threads.com/@lingormtogether/post/DTND5_AAQHc,買不到🥹,2026年1月7日 星期三 下午5:15,@bookstw,,1,1,,,https://www.threads.com/@bookstw/post/DTPVPu7gT0b,"不可以沒買到！！！！（叫破嗓 現在無限量開賣中🔥🔥🔥 bookstw.link/8k7p6…
books.com.tw
books.com.tw",2026年1月8日 星期四 下午2:25,,,1,,,
yogaorm,https://www.threads.com/@yogaorm/post/DTNFAnuk1Lr,缺貨了🥺,2026年1月7日 星期三 下午5:25,@bookstw,,1,1,,,https://www.threads.com/@bookstw/post/DTPVOUqAcgg,"寶貝買到沒！！！！ 現在無限量開賣中🔥🔥🔥 bookstw.link/8k7p6…
books.com.tw
books.com.tw",2026年1月8日 星期四 下午2:25,,,1,1,,
20082019life,https://www.threads.com/@20082019life/post/DTNGSzEEoA5,太快沒貨吧🥲,2026年1月7日 星期三 下午5:36,@bookstw,,1,1,,,https://www.threads.com/@bookstw/post/DTPVNVmga9_,"寶貝買到沒！！！！ 現在無限量開賣中🔥🔥🔥 bookstw.link/8k7p6…
books.com.tw
books.com.tw",2026年1月8日 星期四 下午2:25,,,1,,,
susieli1110,https://www.threads.com/@susieli1110/post/DTNEqiAk4NE,求補貨～～～～,2026年1月7日 星期三 下午5:22,@bookstw,,1,1,,,https://www.threads.com/@bookstw/post/DTPVMn1AX9l,"補了！！！！ 現在無限量開賣中🔥🔥🔥 bookstw.link/8k7p6…
books.com.tw
books.com.tw",2026年1月8日 星期四 下午2:25,,,1,,,
_langnow_,https://www.threads.com/@_langnow_/post/DTNHgXfk13h,答應我 備貨要超越萬本好嗎🥺我們可以等 可以用不限量預購,2026年1月7日 星期三 下午5:46,@bookstw,,8,1,,,https://www.threads.com/@bookstw/post/DTPVLnFgV-v,"現在無限量開賣中🔥🔥🔥 bookstw.link/8k7p6…
books.com.tw
books.com.tw",2026年1月8日 星期四 下午2:24,,,2,,,
yolaohoh,https://www.threads.com/@yolaohoh/post/DTNEt-4mMDT,看到就沒了,2026年1月7日 星期三 下午5:22,@bookstw,,1,1,,,https://www.threads.com/@bookstw/post/DTPVKYHATdq,"寶貝買到沒！！！！ 現在無限量開賣中🔥🔥🔥 bookstw.link/8k7p6…
books.com.tw
books.com.tw",2026年1月8日 星期四 下午2:24,,,1,,,
coke_w_610,https://www.threads.com/@coke_w_610/post/DTNWQsvkjEH,跪求,2026年1月7日 星期三 下午7:55,@bookstw,,1,1,,,https://www.threads.com/@bookstw/post/DTPVJt_gRZg,"快起身！！！！！ 現在無限量開賣中🔥🔥🔥 bookstw.link/8k7p6…
books.com.tw
books.com.tw",2026年1月8日 星期四 下午2:24,,,1,,,
lo11_lo27,https://www.threads.com/@lo11_lo27/post/DTNEv-_kxi5,跪求補貨🥲🥲,2026年1月7日 星期三 下午5:22,@bookstw,,1,1,,,https://www.threads.com/@bookstw/post/DTPVIXEAb_E,"快起來不要跪！！！！ 現在無限量開賣中🔥🔥🔥 bookstw.link/8k7p6…
books.com.tw
books.com.tw",2026年1月8日 星期四 下午2:24,,,1,1,,
linglingk9988,https://www.threads.com/@linglingk9988/post/DTNEz2Uk_3j,沒了耶...小編 可以幫忙一下嗎~~~,2026年1月7日 星期三 下午5:23,@bookstw,,1,1,,,https://www.threads.com/@bookstw/post/DTPVGztgfcZ,"寶貝來了！！！ 現在無限量開賣中🔥🔥🔥 bookstw.link/8k7p6…
books.com.tw
books.com.tw",2026年1月8日 星期四 下午2:24,,,2,,,
_imurwholeworld,https://www.threads.com/@_imurwholeworld/post/DTNaJFoko3t,Sold out!!! 請趕快補貨 謝謝🙏,2026年1月7日 星期三 下午8:29,@bookstw,,1,1,,,https://www.threads.com/@bookstw/post/DTPVFh8AXdI,"補了！！！ 現在無限量開賣中🔥🔥🔥 bookstw.link/8k7p6…
books.com.tw
books.com.tw",2026年1月8日 星期四 下午2:24,,,1,,,
wei.shan86,https://www.threads.com/@wei.shan86/post/DTNJLSQD8n4,卡一個貨到通知,2026年1月7日 星期三 下午6:01,@bookstw,,1,1,,,https://www.threads.com/@bookstw/post/DTPVEJWAXrR,"博小編本人來通知你！！！ 現在無限量開賣中🔥🔥🔥 bookstw.link/8k7p6…
books.com.tw
books.com.tw",2026年1月8日 星期四 下午2:23,,,2,,,
bearjazzj,https://www.threads.com/@bearjazzj/post/DTNcLe0kxnT,沒了......😱😱😱😱 @bookstw 小編.....請多補個萬份起跳🙏 JKRs狂起來連我們自己都怕🤣🤣,2026年1月7日 星期三 下午8:47,@bookstw,,2,1,1,,https://www.threads.com/@bookstw/post/DTPVBUJAXjP,"寶貝買到沒！！！！ 現在無限量開賣中🔥🔥🔥 bookstw.link/8k7p6…
books.com.tw
books.com.tw",2026年1月8日 星期四 下午2:23,,,9,1,1,
capta.in.toys,https://www.threads.com/@capta.in.toys/post/DTNHY5QCbjP,求補貨🙏🏻,2026年1月7日 星期三 下午5:45,@bookstw,,2,1,,,https://www.threads.com/@bookstw/post/DTPVAXzgZYH,"寶貝補了！！！ 現在無限量開賣中🔥🔥🔥 bookstw.link/8k7p6…
books.com.tw
books.com.tw",2026年1月8日 星期四 下午2:23,,,3,1,4,
huang_peiyun,https://www.threads.com/@huang_peiyun/post/DTNKVCSgR3e,請拜託加開兩千本🥹,2026年1月7日 星期三 下午6:11,@bookstw,,3,1,,,https://www.threads.com/@bookstw/post/DTPU_RegSkQ,"你先來買！！ 現在無限量開賣中🔥🔥🔥 bookstw.link/8k7p6…
books.com.tw
books.com.tw",2026年1月8日 星期四 下午2:23,,,1,,,
chicken_kwong,https://www.threads.com/@chicken_kwong/post/DTNFc-UEiNm,拜託補貨🥹,2026年1月7日 星期三 下午5:28,@bookstw,,2,1,,,https://www.threads.com/@bookstw/post/DTPU6oTgQb4,"補了！！！！ 現在無限量開賣中🔥🔥🔥 bookstw.link/8k7p6…
books.com.tw
books.com.tw",2026年1月8日 星期四 下午2:22,,,1,,,
sarachenpeipei,https://www.threads.com/@sarachenpeipei/post/DTNEsW9Ee6W,拜託再開好嗎😂😂😂,2026年1月7日 星期三 下午5:22,@bookstw,,1,1,,,https://www.threads.com/@bookstw/post/DTPU4kTgcId,"開了！！ 現在無限量開賣中🔥🔥🔥 bookstw.link/8k7p6…
books.com.tw
books.com.tw",2026年1月8日 星期四 下午2:22,,,1,,,
missnine_,https://www.threads.com/@missnine_/post/DTNFQPoj9ta,怎麼就沒了...拜託補貨,2026年1月7日 星期三 下午5:27,@bookstw,,1,1,,,https://www.threads.com/@bookstw/post/DTPU3TPgdG1,"寶貝買到沒！！！！ 現在無限量開賣中🔥🔥🔥 bookstw.link/8k7p6…
books.com.tw
books.com.tw",2026年1月8日 星期四 下午2:22,,,,1,,
aa2221113tw,https://www.threads.com/@aa2221113tw/post/DTNGCDLEoNG,拜託小編補貨,2026年1月7日 星期三 下午5:34,@bookstw,,1,1,,,https://www.threads.com/@bookstw/post/DTPU2ZFAapr,"寶貝買到沒！！！！ 現在無限量開賣中🔥🔥🔥 bookstw.link/8k7p6…
books.com.tw
books.com.tw",2026年1月8日 星期四 下午2:21,,,1,,,
twiceqqqqq,https://www.threads.com/@twiceqqqqq/post/DTNXp7tEnj9,沒了😂,2026年1月7日 星期三 下午8:08,@bookstw,,2,1,,,https://www.threads.com/@bookstw/post/DTPU1Nvgfe3,"寶貝買到沒！！！！ 現在無限量開賣中🔥🔥🔥 bookstw.link/8k7p6…
books.com.tw
books.com.tw",2026年1月8日 星期四 下午2:21,,,2,1,,
noplanner1127,https://www.threads.com/@noplanner1127/post/DTNIi3CiWLV,小編行行好，預購多開點好不😂,2026年1月7日 星期三 下午5:55,@bookstw,,1,1,,,https://www.threads.com/@bookstw/post/DTPUuSdAW4M,"現在無限量開賣中🔥🔥🔥 bookstw.link/8k7p6…
books.com.tw
books.com.tw",2026年1月8日 星期四 下午2:20,,,1,,,
owlbcbs,https://www.threads.com/@owlbcbs/post/DTNEtUNEgKP,喔不~ 我只不過多點了另一本書，要結帳時就沒了！ 拜託追加🙏,2026年1月7日 星期三 下午5:22,@bookstw,,1,1,,,https://www.threads.com/@bookstw/post/DTPUr2uga-a,"寶貝買到沒！！！！ 現在無限量開賣中🔥🔥🔥 bookstw.link/8k7p6…
books.com.tw
books.com.tw",2026年1月8日 星期四 下午2:20,,,2,,,
small_kate4,https://www.threads.com/@small_kate4/post/DTPNmmCEzNf,完售了囉，沒訂購到的期續等待中,2026年1月8日 星期四 下午1:18,@bookstw,,1,1,,,https://www.threads.com/@bookstw/post/DTPUkg7AYEY,"現在無限量開賣中🔥🔥🔥 bookstw.link/8k7p6…
books.com.tw
books.com.tw",2026年1月8日 星期四 下午2:19,,,1,,,
hzh_x05,https://www.threads.com/@hzh_x05/post/DTPFBY_Ez0H,不可能🥺🥺🥺,2026年1月8日 星期四 下午12:03,@bookstw,"Photo by Ipay Noyu on January 07, 2026.",1,1,,,https://www.threads.com/@bookstw/post/DTPUjZ6AWL4,"現在無限量開賣中🔥🔥🔥 bookstw.link/8k7p6…
books.com.tw
books.com.tw",2026年1月8日 星期四 下午2:19,,,1,,,
owlbcbs,https://www.threads.com/@owlbcbs/post/DTPIRh_EjG9,與LO相關的幾乎都要靠搶的， 對我這種慢郎中真的很不友善🫩,2026年1月8日 星期四 下午12:32,@flyerflyaway,,2,1,,,https://www.threads.com/@bookstw/post/DTPUiUzAX4d,"現在無限量開賣中🔥🔥🔥 bookstw.link/8k7p6…
books.com.tw
books.com.tw",2026年1月8日 星期四 下午2:19,,,,,,
owlbcbs,https://www.threads.com/@owlbcbs/post/DTPPFwKkveu,🙋小聲問，我電話綁在被遺忘的舊帳號該怎麼辦？沒辦法查訂單等資料,2026年1月8日 星期四 下午1:31,@bookstw,,4,1,,,https://www.threads.com/@bookstw/post/DTPPsd9gdMc,"喔摸，博小編建議您可透過下列方式聯繫客服問問看喔！ 服務時間週一～五 8:00～19:00，週六～日（或例假日）9:00～18:00，可撥打客服專線：02-26535588，或至客服信箱詢問：books.com.tw/quest…
books.com.tw
發函至客服中心",2026年1月8日 星期四 下午1:36,,發函至客服中心,2,1,,
brooklin526,https://www.threads.com/@brooklin526/post/DTPNu5dEugc,我有！,2026年1月8日 星期四 下午1:19,@bookstw,"Photo by Brook on January 07, 2026.",4,1,,,https://www.threads.com/@bookstw/post/DTPOCR5Af6T,喔摸！ 圖坤請看看這位朋友，真是很棒ㄉ示範🧚‍♀️ 期待你變成鑽石會員🎉,2026年1月8日 星期四 下午1:22,,,14,1,,
shopbacktw,https://www.threads.com/@shopbacktw/post/DTPGCJYkmmE,聽說 Bazaar 有好事發生 （Ling口吻） 請密切關注我們的好朋友 博客來 ＆ 誠品,2026年1月8日 星期四 下午12:12,,,566,26,6,3,https://www.threads.com/@bookstw/post/DTPNkHGgX_y,沒錯，請密切關注藕🧚‍♀️ 而且今天是會員日，大家記得湊滿額有折扣🎉,2026年1月8日 星期四 下午1:18,,,79,3,1,1
harpersbazaar_tw,https://www.threads.com/@harpersbazaar_tw/post/DTNpIfoAQ3u,會的會的！已經緊急調書往這裡送了✨✨,2026年1月7日 星期三 下午10:40,@bookstw,,9,3,,,https://www.threads.com/@bookstw/post/DTNpzZvAXI3,真期待！！小編您趕快睡欸！ 明天早上還要接電話（？）,2026年1月7日 星期三 下午10:46,,,5,,,
jingo8o6,https://www.threads.com/@jingo8o6/post/DTNk7azEz7q,"ormkornnaphat
來幫各位支援一下""買得到粉撲"" 祝各位都能買到OrmOrm😌 （還不趕緊補貨補起來！）",2026年1月7日 星期三 下午10:06,@bookstw,,31,1,,2,https://www.threads.com/@bookstw/post/DTNmuojAQSz,泰用心很發芬🤩🤩🤩,2026年1月7日 星期三 下午10:19,,,10,1,,
jinsingkhahsutsitkusi,https://www.threads.com/@jinsingkhahsutsitkusi/post/DTLDU5NAXDg,上市還不到一天，斷貨。 博客來全站銷售，首位。 1 / 2,2026年1月6日 星期二 下午10:31,,"Photo by 鄭順聰 on January 06, 2026. | Photo by 鄭順聰 on January 06, 2026.",879,13,29,48,https://www.threads.com/@bookstw/post/DTNhcpmAdp8,連博小編都沒搶到但好高興❤️,2026年1月7日 星期三 下午9:33,,,25,1,,
orm.pkorn,https://www.threads.com/@orm.pkorn/post/DTNHXbNkjF0,"Orm Kornnaphat
@bookstw 感謝博客來讚嘆博客來！ 博客來説：下單Orm，就會得到Orm☺️ 非常安心，即將可以得到N’Orm第一本在台雜誌🥹🥹
orm.pkorn：",2026年1月7日 星期三 下午5:45,,"Photo by YT on January 07, 2026.",152,8,,10,https://www.threads.com/@bookstw/post/DTNJ9q5ARyd,給大家上一點〈都買得到粉撲〉（？）,2026年1月7日 星期三 下午6:08,,,373,5,9,26
onetss.x,https://www.threads.com/@onetss.x/post/DTNINC3D_4O,真的嗎！小編千萬不要傷害JKR的心啊😂,2026年1月7日 星期三 下午5:53,@bookstw,,2,1,,,https://www.threads.com/@bookstw/post/DTNIrwjgUsC,金！🧚‍♀️,2026年1月7日 星期三 下午5:57,,,6,1,,
orm.pkorn,https://www.threads.com/@orm.pkorn/post/DTNHpHrEv-k,拜託🙏送來封面要是orm啊！！,2026年1月7日 星期三 下午5:48,@bookstw,,4,1,,,https://www.threads.com/@bookstw/post/DTNIGygAWow,這是一定會的！ 下單Orm，就會得到 Orm（？）,2026年1月7日 星期三 下午5:52,,,69,3,1,
yuhsiang313,https://www.threads.com/@yuhsiang313/post/DTM-hHtk71D,唯一支持博小編 @bookstw,2026年1月7日 星期三 下午4:28,@mu.nu_ui,,4,2,,,https://www.threads.com/@bookstw/post/DTNBLk4AQhC,藕粉感謝🙏藕愛大家❤️順便告訴大家今天是博客來會員日🧚‍♀️ㄅㄅ,2026年1月7日 星期三 下午4:51,,,1,,,
design_wang_,https://www.threads.com/@design_wang_/post/DS6UauCkyP5,"2025
今年最後一問 小編在發文前會想很多嗎？ 有幾個小編是本色演出有膽出聲！",2025年12月31日 星期三 上午10:34,,,42,76,1,,https://www.threads.com/@bookstw/post/DS7t95_Ab-U,我看到自己留言的同時跟你們一樣驚訝，因為我留言都不經過腦袋🥳,2025年12月31日 星期三 下午11:36,,,23,,,
tyckarate,https://www.threads.com/@tyckarate/post/DS7rr5hgXnj,新年快樂！,2025年12月31日 星期三 下午11:16,@bookstw,,1,1,,,https://www.threads.com/@bookstw/post/DS7t0lYAWhz,新年快樂！！！！,2025年12月31日 星期三 下午11:35,,,1,,,
nkcouple,https://www.threads.com/@nkcouple/post/DS7qqkFk9WI,加入購物車-宅配到府-使用coupon-選擇收件人-結帳get,2025年12月31日 星期三 下午11:07,@bookstw,,1,1,,,https://www.threads.com/@bookstw/post/DS7tzcOgXgO,寶貝動作很流暢🧚‍♀️,2025年12月31日 星期三 下午11:35,,,1,,,
hao0622,https://www.threads.com/@hao0622/post/DSw4z5Jk5EH,「最無聲的炫富是什麼」🤔🤔🤔 1 / 2,2025年12月27日 星期六 下午6:39,,,552,420,1,9,https://www.threads.com/@bookstw/post/DSztrDHgZyK,都在博客來會員日樂購日讀書日以外的日子結帳,2025年12月28日 星期日 下午9:00,,,50,1,,1
f_o_o_l_0523,https://www.threads.com/@f_o_o_l_0523/post/DSzrWOzEhl9,我可以告白博客來小編嗎？ ￼我保證會一直瘋狂買書 拜託～～,2025年12月28日 星期日 下午8:39,@bookstw,,,1,,,https://www.threads.com/@bookstw/post/DSztlpjgfIW,寶貝你沒有瘋狂買書也會平等得到我的愛🧑‍🎤💗🧚‍♀️,2025年12月28日 星期日 下午8:59,,,,,,
avon_hsiao,https://www.threads.com/@avon_hsiao/post/DSwvQ7VCUHN,"雖然自己常寫專業脆文，不過看看品牌帳在幹麻真的很有趣，例如金門酒廠小編、嘉南羊乳小編、故宮南院小編、IKEA小編、全家小編⋯
我想問，還有哪些好玩有趣的品牌帳，是我沒追到的？",2025年12月27日 星期六 下午5:16,,,968,483,24,49,https://www.threads.com/@bookstw/post/DSzg8rogb1f,寶貝請務必跟上博客來！！！！,2025年12月28日 星期日 下午7:08,,,36,2,,
jcgoodtime,https://www.threads.com/@jcgoodtime/post/DSzKAxaASpD,博客來小編有很多位嗎？,2025年12月28日 星期日 下午3:48,@bookstw,,,1,,,https://www.threads.com/@bookstw/post/DSzKJUkgUcS,博小編會影分身不知道要算一位還是很多位🕴️,2025年12月28日 星期日 下午3:49,,,,1,,
1g.warmtouch,https://www.threads.com/@1g.warmtouch/post/DSzJb97j6Fk,"小編大亂鬥
最近的小編之亂都是小編亂入各大留言板開團戰，還有偷偷momo組團的sogo編跟mo編 那如果把以下幾位小編召喚出來打生死鬥會是什麼畫面？ 目前可以找到的帳號剛好8人，可以開八強淘汰賽😆😆 @momoshopping_ @coupangtaiwan @shopee_tw @pchome24h @bookstw @mercari_tw etmall_shopping @rakuten",2025年12月28日 星期日 下午3:43,,,33,55,,1,https://www.threads.com/@bookstw/post/DSzJ2nmASP1,叫了我就要來？我來了,2025年12月28日 星期日 下午3:47,,,32,4,,
jcgoodtime,https://www.threads.com/@jcgoodtime/post/DSzB0SOAWI5,當你脆玩得夠久 就能跟到一波波的小編之亂 真是新人輩出阿！ 不知以前爆紅的小編過得如何了呢,2025年12月28日 星期日 下午2:36,,,215,191,1,,https://www.threads.com/@bookstw/post/DSzJ0MagZgd,"唉 不慍不火的小編來告訴大家 12/27-12/29 博客來讀書日記得結帳
books.com.tw
雙12禮享選物節",2025年12月28日 星期日 下午3:46,,雙12禮享選物節,11,2,1,
hassium_9527,https://www.threads.com/@hassium_9527/post/DSuGt59kU1A,有什麼優惠?,2025年12月26日 星期五 下午4:43,@bookstw,,1,1,,,https://www.threads.com/@bookstw/post/DSuR04agU8G,12/27-12/29 博客來讀書日，全站結帳滿 $1000 再 95 折 🧑‍🎤,2025年12月26日 星期五 下午6:20,,,9,2,,1
andrew.chang.ig,https://www.threads.com/@andrew.chang.ig/post/DSrsfhsk2wa,@bookstw 呢,2025年12月25日 星期四 下午6:15,@kiki.design.__,,2,2,,,https://www.threads.com/@bookstw/post/DSt8l7tgV11,太慢抵達已經在包剩菜🪷,2025年12月26日 星期五 下午3:15,,,2,,,
wuyanzhong88,https://www.threads.com/@wuyanzhong88/post/DSsMGTME7Yh,有人會跟我一樣嗎？，每個月都買實體書嗎？好笑的我也沒時間看完，就這樣越積越多，心裡其實是很愛書的，只是每天上班，下班接小孩就累了，或許買書是我舒緩壓力的方式吧～,2025年12月25日 星期四 下午10:52,,"Photo by 吳延忠 on December 25, 2025. | Photo by 吳延忠 on December 25, 2025.",3212,522,27,51,https://www.threads.com/@bookstw/post/DStz0_SAYNK,博小編很支持您的舒壓行為🧚‍♀️提醒您明天是博客來讀書日，很適合再囤一點💗,2025年12月26日 星期五 下午1:58,,,748,7,,4
amy.c31453,https://www.threads.com/@amy.c31453/post/DSmfIjak_tF,博小編要看萬中選一（唐突）,2025年12月23日 星期二 下午5:42,,,26,4,,,https://www.threads.com/@bookstw/post/DSmuVWUgT4Q,會！（？）,2025年12月23日 星期二 下午7:55,,,18,1,,
phoebe0802,https://www.threads.com/@phoebe0802/post/DSHjXjDEkJZ,今天去遠得要命王國博客來報年度，最大收穫就是遇到博！客！來！小！編！ @bookstw,2025年12月11日 星期四 下午5:23,,"Photo by phoebe0802 on December 11, 2025. | Photo by phoebe0802 on December 11, 2025. | Photo by phoebe0802 on December 11, 2025.",262,18,1,5,https://www.threads.com/@bookstw/post/DSHlk5VgWuj,喔買尬喔買尬緩光臨🎄,2025年12月11日 星期四 下午5:42,,,36,,,
dailyview.tw,https://www.threads.com/@dailyview.tw/post/DR_B8ubj9dC,"品牌小編
2025最新！超活網品牌小編排行出爐 沒想到這次榜單全面大洗牌欸～～ 有哪家小編還沒上榜過的？快舉手刷一下存在 1 / 2",2025年12月8日 星期一 上午9:57,,"Photo by 網路溫度計DailyView on December 07, 2025.",6823,1140,241,1923,https://www.threads.com/@bookstw/post/DSAbOm7gfS2,今天很高興可以拿到第8名，8這個數字對藕來說很重要，因為今天是12/8，是博客來會員日最後一天，祝福各位親愛ㄉ朋友🪷不要忘記結帳🪷,2025年12月8日 星期一 下午10:57,,,628,19,1,
amy.c31453,https://www.threads.com/@amy.c31453/post/DRkA3uUk6hT,有把臉塗綠我給滿分,2025年11月27日 星期四 下午10:08,@bookstw,,16,1,,,https://www.threads.com/@bookstw/post/DRkCo-QARQY,報告，口罩拿掉其實長這樣，可能要扣20分🙂‍↔️,2025年11月27日 星期四 下午10:24,,"Photo by 博客來 on November 27, 2025.",17,1,,
slmfyo,https://www.threads.com/@slmfyo/post/DRj-VUPE9fo,歐耶！真的有耶！週五快樂的日子～～明天來用！,2025年11月27日 星期四 下午9:46,@bookstw,"Photo by Natsui on November 27, 2025.",3,1,,,https://www.threads.com/@bookstw/post/DRj_2KQgX8l,喔買尬！居然有聽進去！！（不是,2025年11月27日 星期四 下午9:59,,,3,1,,
feedmebook19,https://www.threads.com/@feedmebook19/post/DRi_63jjzQa,"突然很好奇一個很無聊的問題 想問大家通常習慣怎麼叫博客來？
42票 · 票選活動已結束",2025年11月27日 星期四 下午12:41,,,11,22,,1,https://www.threads.com/@bookstw/post/DRj5fNPARfi,我都叫我自己寶貝,2025年11月27日 星期四 下午9:04,,,111,1,,
simmpo.tw,https://www.threads.com/@simmpo.tw/post/DRdvNr1kzr8,一句話告訴你當小編有多爽 進公司就光明正大的滑了兩個小時的脆 1 / 2,2025年11月25日 星期二 上午11:38,,,22000,357,208,379,https://www.threads.com/@bookstw/post/DRgQ-C3Acn4,笑死,2025年11月26日 星期三 上午11:12,,,359,1,,
every_day_mask,https://www.threads.com/@every_day_mask/post/DRd9i9Xkppy,請問有開放外面的客人用餐嗎🙋‍♀️,2025年11月25日 星期二 下午1:44,@bookstw,,2,2,,,https://www.threads.com/@bookstw/post/DRd9vFbgdYD,喔不好意思，已經被警方取締歇業了喔（很真實）,2025年11月25日 星期二 下午1:45,,,1,1,,
booklife99love,https://www.threads.com/@booklife99love/post/DRds6XpkihP,@bookstw 好想知道博小編會不會喜歡這個故事🥹（不可能在這邊許願） 2 / 2,2025年11月25日 星期二 上午11:18,@booklife99love,,,1,,,https://www.threads.com/@bookstw/post/DRd9rq9Ac9v,我這就去找來看🏃,2025年11月25日 星期二 下午1:45,,,1,1,,
liaowei.c,https://www.threads.com/@bookstw/post/DRQwRntge6i,"剁手日常
2025-11-24
本來想說雙11已經花了好多錢錢 到發薪日前都要吃吐司配開水當仙女 但看到博客來小編的影片還是忍不住下單了🤣
兩件68折不買兩個對不起自己 買了派對貓貓+投籃機 邊投邊有啦啦隊幫忙加油~情緒價值給好給滿
嘿對 然後結果就是我還是一球都沒進🫠
小廢物
bookstw",2025年11月20日 星期四 上午10:38,,,43,5,,27,https://www.threads.com/@bookstw/post/DRb8F1NAQqP,組合技好厲害💃💃,2025年11月24日 星期一 下午6:52,,,11,,,
shopbacktw,https://www.threads.com/@shopbacktw/post/DRRInq5EsiT,小編我發現你是不是沒有這個,2025年11月20日 星期四 下午2:10,@bookstw,"Photo by ShopBack on November 19, 2025.",300,16,2,10,https://www.threads.com/@bookstw/post/DRRMQIYgT-n,😰,2025年11月20日 星期四 下午2:42,,,6,1,,5
lihpaoresort,https://www.threads.com/@lihpaoresort/post/DRQzE6mAaE-,我不行了 每一個都要下單 我要成為辦公室最潮的那個人,2025年11月20日 星期四 上午11:02,@bookstw,,1,1,,,https://www.threads.com/@bookstw/post/DRQ9N_VATy5,要欸 寶你要把辦公室變成麗寶樂園🙂‍↔️💅,2025年11月20日 星期四 下午12:31,,,,,,
february_jill,https://www.threads.com/@february_jill/post/DRKJ79Xk-LZ,那頂宮廟帽子原來那麼搭KS的衣服,2025年11月17日 星期一 下午9:07,@bookstw,,3,1,,,https://www.threads.com/@bookstw/post/DRKLbv4gUCf,大家以後知道Fan Meeting要怎麼搭ㄌ🥵（？？？？,2025年11月17日 星期一 下午9:20,,,1,,,
nanty_chen,https://www.threads.com/@nanty_chen/post/DRJXxIYGBrH,想問小編這樣演唱會前來得及到貨嗎🤣🤣,2025年11月17日 星期一 下午1:49,@bookstw,,3,1,,,https://www.threads.com/@bookstw/post/DRJYwTpgWCl,來得及！只要是有庫存（非廠商出貨）的商品，中午前訂明天到貨，下午訂後天到貨，目前都來得及！！（疾走,2025年11月17日 星期一 下午1:57,,,9,,,
yuhan0413,https://www.threads.com/@yuhan0413/post/DRJUqa0ktQ0,竟然有機率被鳥屎攻擊🫠,2025年11月17日 星期一 下午1:22,@bookstw,,4,1,,,https://www.threads.com/@bookstw/post/DRJUy9pAapm,比起被攻擊，應該說座位上可能會有這樣痕跡的風險🤩,2025年11月17日 星期一 下午1:23,,,10,1,,
zazard,https://www.threads.com/@zazard/post/DRJQpgJEVlA,小編今天發瘋了🤣 看留言 小編有票嗎,2025年11月17日 星期一 下午12:47,@bookstw,,90,1,,,https://www.threads.com/@bookstw/post/DRJQ1BCga_r,這精神狀態就是沒有票的樣子🪷🙂‍↔️,2025年11月17日 星期一 下午12:48,,,51,,,
domomo_2020,https://www.threads.com/@domomo_2020/post/DQy7N2GDzEn,博客萊,2025年11月8日 星期六 下午8:36,@hihi_joan,,2,1,,,https://www.threads.com/@bookstw/post/DQzZ_JoAee-,「來」😭🫶,2025年11月9日 星期日 上午1:05,,,,1,,
miranda618,https://www.threads.com/@miranda618/post/DQzZU07ky1w,是博客來小編！ @bookstw,2025年11月9日 星期日 上午12:59,@hihi_joan,,7,1,,,https://www.threads.com/@bookstw/post/DQzZuGjAcDv,喔摸,2025年11月9日 星期日 上午1:03,,,2,,,
one0001,https://www.threads.com/@one0001/post/DPSsr6PEuiD,阿姨也有看卡拉ok嗎😃,2025年10月2日 星期四 上午11:42,@bookstw,,2,1,,,https://www.threads.com/@bookstw/post/DPSv4_cgUeB,"當然是要，阿姨們對這本發了很長的一段花癡，太長被剪掉😍 books.com.tw/produ…
books.com.tw
動畫時代 9月號/2025",2025年10月2日 星期四 下午12:10,,動畫時代 9月號/2025,4,,,
recover_raphael,https://www.threads.com/@recover_raphael/post/DNSKKKtTVYI,你再這樣我就要去買書了喔,2025年8月13日 星期三 下午1:37,@bookstw,,,,,,https://www.threads.com/@bookstw/post/DNSWVAmB3IW,"（尖叫逃走但落下一個官網連結><） books.com.tw
books.com.tw
歡迎光臨博客來",2025年8月13日 星期三 下午3:24,,歡迎光臨博客來,,,,
7eleventw,https://www.threads.com/@7eleventw/post/DNR3xBGTFZf,"🖐️ 🖐️🐸🐸 🖐️🐸 🖐️🐸🐸🗼😭🗼😭 🚘🅾️
老闆問我發這什麼預告文 我說放到網路上會有人會唱的🎵 1/2",2025年8月13日 星期三 上午10:57,,,,,,,https://www.threads.com/@bookstw/post/DNSJsNChG-p,🚘⭕️,2025年8月13日 星期三 下午1:33,,"Photo by 博客來 on August 12, 2025.",,,,
amy.c31453,https://www.threads.com/@amy.c31453/post/DNSBfDYzl3m,博編聽到百合會站起來（？,2025年8月13日 星期三 下午12:22,@woffymilk,"Photo by Amy on August 12, 2025. | Photo by Amy on August 12, 2025. | Photo by Amy on August 12, 2025.",,,,,https://www.threads.com/@bookstw/post/DNSJazShYyn,🥺🤝🪑（？）,2025年8月13日 星期三 下午1:31,,,,,,
woffymilk,https://www.threads.com/@woffymilk/post/DNSAa4IT25k,好好笑但小編的辦公桌看起來比較喜歡百合😆😆😆,2025年8月13日 星期三 下午12:12,@bookstw,"Photo by woffy on August 12, 2025.",,,,,https://www.threads.com/@bookstw/post/DNSJXVgBJer,哇哩咧被發現？,2025年8月13日 星期三 下午1:30,,,,,,
gangoffwork_,https://www.threads.com/@gangoffwork_/post/DNR_-d2z9aT,尼們的辦公室豪好修煉腐眼金睛🥺 ㄚ頁數選這頁是可以的ㄇ編有在挑（🫵🏻 𓁹‿𓁹),2025年8月13日 星期三 下午12:08,@bookstw,"Photo by 下幫 ᕕ( ᐛ )ᕗ on August 12, 2025.",,,,,https://www.threads.com/@bookstw/post/DNSByYmBbgU,當藍4有在挑🥵❤️,2025年8月13日 星期三 下午12:24,,,,,,
booklife99love,https://www.threads.com/@booklife99love/post/DNRvh8vSN9w,許願博小編來聽 @bookstw 😍😍,2025年8月13日 星期三 上午9:45,@editorcryandlaugh,,,,,,https://www.threads.com/@bookstw/post/DNR2dEcxlYz,各位腐友這邊請😔： bookstw.link/7zp4s…,2025年8月13日 星期三 上午10:45,,"Photo by 博客來 on August 12, 2025.",,,,
nkcouple,https://www.threads.com/@nkcouple/post/DNF2Ay7TMQo,"博小編
身為博小編的狂粉（？） 今天的Reels太多梗圖 下班通勤邊走邊截圖（錯誤示範請勿學習） 廣大的社畜們別客氣 @bookstw",2025年8月8日 星期五 下午6:50,,"Photo by Teng Ning on August 08, 2025. | Photo by Teng Ning on August 08, 2025. | Photo by Teng Ning on August 08, 2025. | Photo by Teng Ning on August 08, 2025. | Photo by Teng Ning on August 08, 2025. | Photo by Teng Ning on August 08, 2025. | Photo by Teng Ning on August 08, 2025. | Photo by Teng Ning on August 08, 2025. | Photo by Teng Ning on August 08, 2025.",,,,,https://www.threads.com/@bookstw/post/DNF3NhBhXYX,用梗圖對付梗圖😔🫵,2025年8月8日 星期五 下午7:01,,"Photo by 博客來 on August 08, 2025.",,,,
nkcouple,https://www.threads.com/@nkcouple/post/DNDRlj5zCrf,（舉手）請問一直一直都是鑽石會員怎麼辦？,2025年8月7日 星期四 下午6:54,@bookstw,,,,,,https://www.threads.com/@bookstw/post/DNEyR7eh_bo,那寶貝你真的是很台🥺🫵❤️,2025年8月8日 星期五 上午8:59,,,,,,
dailyview.tw,https://www.threads.com/@dailyview.tw/post/DPAc3BPD98X,來蓋一個品牌小編樓！ 這次榜單是不是少了你家品牌？ 1 / 2,2025年9月25日 星期四 上午9:37,,"Photo by 網路溫度計DailyView on September 24, 2025.",3116,555,104,497,https://www.threads.com/@bookstw/post/DPC5AZwk400,沒關係啊，讓人家以這種體位上電視，然後排名忘ㄌ博客來✋😔🤚 #要堅強 #不哭了,2025年9月26日 星期五 上午8:22,,"Photo by 博客來 on September 25, 2025.",178,12,,3
daphnelovesdog,https://www.threads.com/@daphnelovesdog/post/DO8BSF6jwfA,是不是少了博客來小編 @bookstw,2025年9月23日 星期二 下午4:19,@voyageur.tw,,10,3,,,https://www.threads.com/@bookstw/post/DO8KepOgVTW,喔摸馬上來對號入座🪑 請多多支持（拜票貌）,2025年9月23日 星期二 下午5:40,,,1,,,
886barbara,https://www.threads.com/@886barbara/post/DOr9EHpgfRe,"死語復興運動
「聽你在吧哺咧！」
聽到高中生說這句話的同時，還搭配了手向上握拳頭然後張開指頭的姿勢，我整個人都活過來了！",2025年9月17日 星期三 上午10:35,,,18000,128,1382,915,https://www.threads.com/@bookstw/post/DOs8nJhgW8W,"阿娘喂博小編馬上示範真ㄉ是LKK加三級><
死語復興運動
bookstw",2025年9月17日 星期三 下午7:50,,,98,,1,11
7eleventw,https://www.threads.com/@7eleventw/post/DOYMRMnD9wx,"老闆問我為什麼要在辦公室塗巧克力醬 我：網路上的人會懂。
買不到陶喆蛋糕就自己做一個😟🥧🍫",2025年9月9日 星期二 下午6:23,,"Photo by 7-ELEVEn Taiwan on September 09, 2025. | Photo by 7-ELEVEn Taiwan on September 09, 2025.",17000,186,396,2843,https://www.threads.com/@bookstw/post/DOY2nc8gfwD,"😟
陶喆蛋糕
2025-9-8",2025年9月10日 星期三 上午12:33,,"Photo by 博客來 on September 08, 2025. | Photo by 博客來 on September 08, 2025.",69,,1,8
s.txxb,https://www.threads.com/@s.txxb/post/DOU-5VTklq4,跟朋友現在的興趣是用英文翻譯小說般的口吻聊天 1 / 2,2025年9月8日 星期一 下午12:28,,"Photo by @s.txxb on September 07, 2025. | Photo by @s.txxb on September 07, 2025.",150000,2735,24000,100000,https://www.threads.com/@bookstw/post/DOVkzGeATrF,"噢！我的老天，這可真是太有趣了，不是嗎？或許我應該趁這個機會悄悄地塞入一個業配，柏克萊趴在電腦前嘟囔。不如推薦一個當月選書如何？正好是外文翻譯文學，不是正適合嗎？柏克萊馬上坐起來貼了一個商品連結後便悄然離去。 bookstw.link/84f4x…
books.com.tw
水星影業為您呈獻",2025年9月8日 星期一 下午5:59,,水星影業為您呈獻,2644,6,5,26
ruby0805lin,https://www.threads.com/@ruby0805lin/post/DNct3bWSjs1,小編太強了！,2025年8月17日 星期日 下午4:02,@bookstw,,70,2,,,https://www.threads.com/@bookstw/post/DNdknEBheOw,佩茹！！！！（線上失聲）,2025年8月18日 星期一 上午12:00,,,3,,,
rou__0620_,https://www.threads.com/@rou__0620_/post/DNTSrEAvlKa,"八點檔
爆炸那瞬間我真的是笑出來⋯⋯ 1 / 2",2025年8月14日 星期四 上午12:11,,,150000,2576,10000,78000,https://www.threads.com/@bookstw/post/DNa2ggDBGqP,"不能輸 threads.com/@book…
八點檔",2025年8月16日 星期六 下午10:39,,,146,2,2,17
nkcouple,https://www.threads.com/@nkcouple/post/DM63ELYzOQM,這次活動好讚~滿滿回憶殺,2025年8月4日 星期一 下午12:28,@bookstw,,1,1,,,https://www.threads.com/@bookstw/post/DM652V_hLQ3,❤️❤️❤️❤️,2025年8月4日 星期一 下午12:52,,,,,,
tomatocco,https://www.threads.com/@tomatocco/post/DMjNE_nTpcn,台灣人找不到的挑戰🐈 1 / 2,2025年7月26日 星期六 上午7:59,,"Photo by 𝕊𝕠𝕡𝕙𝕚𝕖 𝕊𝕒𝕥𝕠𝕜𝕠 . 𝕀 ︎꙳⋆🧜‍♀️🌏 on July 25, 2025. | Photo by 𝕊𝕠𝕡𝕙𝕚𝕖 𝕊𝕒𝕥𝕠𝕜𝕠 . 𝕀 ︎꙳⋆🧜‍♀️🌏 on July 25, 2025. | Photo by 𝕊𝕠𝕡𝕙𝕚𝕖 𝕊𝕒𝕥𝕠𝕜𝕠 . 𝕀 ︎꙳⋆🧜‍♀️🌏 on July 25, 2025. | Photo by 𝕊𝕠𝕡𝕙𝕚𝕖 𝕊𝕒𝕥𝕠𝕜𝕠 . 𝕀 ︎꙳⋆🧜‍♀️🌏 on July 25, 2025.",622,99,1,,https://www.threads.com/@bookstw/post/DMjgomvB9tR,臺灣人🛬,2025年7月26日 星期六 上午10:50,,"Photo by 博客來 on July 25, 2025.",16,,,
ycsyl,https://www.threads.com/@ycsyl/post/DMhWKnavVFj,"牛肉麵
대만에서 우육면 먹었는데 가게마다 맛이 달라서 넘 신기해.. 근데 다 맛은 있더라... 우육면 먹고싶ㄷr... 每一家牛肉麵的味道都感覺不一樣 可是都超爆好吃 給自己一個小目標： 我吃遍台灣的每一個地區的牛肉麵 !!!! （我沒有要分一點給你 先把你的貓收回去） 🐷 1 / 2",2025年7月25日 星期五 下午2:40,,"Photo by @ycsyl on July 24, 2025. | Photo by @ycsyl on July 24, 2025. | Photo by @ycsyl on July 24, 2025.",58000,1348,1717,4324,https://www.threads.com/@bookstw/post/DMjeDf9BUBq,不好意思我本人來吃,2025年7月26日 星期六 上午10:27,,"Photo by 博客來 on July 25, 2025.",106,,1,3
teraojun,https://www.threads.com/@teraojun/post/DMhgYRcyCEd,台湾独特の接待づくしの出張も無事終了。残す事は悪の日本人と歓待で足りないはあり得ない台湾の文化の違いを痛感。 多分体重3kg増えた(笑) 翻譯,2025年7月25日 星期五 下午4:09,,"Photo by 寺尾 淳 on July 25, 2025. | Photo by 寺尾 淳 on July 25, 2025. | Photo by 寺尾 淳 on July 25, 2025. | Photo by 寺尾 淳 on July 25, 2025.",1330,161,4,14,https://www.threads.com/@bookstw/post/DMjMIH5BH10,只胖三公斤不能離開，要五公斤起跳才行，請回來,2025年7月26日 星期六 上午7:50,,"Photo by 博客來 on July 25, 2025.",71,,,1
aiueo_0.1234,https://www.threads.com/@aiueo_0.1234/post/DMiX8u6P8XN,"台湾旅行✈️🇹🇼
街並みもご飯も最高だった☀️
#海外旅行 #台湾旅行 翻譯
台湾",2025年7月26日 星期六 上午12:14,,,177,33,,2,https://www.threads.com/@bookstw/post/DMjL4i3hPys,,2025年7月26日 星期六 上午7:48,,"Photo by 博客來 on July 25, 2025.",7,,,
127721.127,https://www.threads.com/@127721.127/post/DMiqRyXyjJT,"夜市
내가 잠시 과거 대만 속으로 여행 온 느낌이다 我在這店家裡 好像我在穿越時空來到過去台灣的感覺 翻譯",2025年7月26日 星期六 上午2:55,,"Photo by 潽英：淡果香創辦人🫶🏻 on July 25, 2025. | Photo by 潽英：淡果香創辦人🫶🏻 on July 25, 2025. | Photo by 潽英：淡果香創辦人🫶🏻 on July 25, 2025. | Photo by 潽英：淡果香創辦人🫶🏻 on July 25, 2025. | Photo by 潽英：淡果香創辦人🫶🏻 on July 25, 2025. | Photo by 潽英：淡果香創辦人🫶🏻 on July 25, 2025. | Photo by 潽英：淡果香創辦人🫶🏻 on July 25, 2025. | Photo by 潽英：淡果香創辦人🫶🏻 on July 25, 2025.",358,10,2,2,https://www.threads.com/@bookstw/post/DMjLn83hL-X,,2025年7月26日 星期六 上午7:46,,"Photo by 博客來 on July 25, 2025.",2,,,
uneyuristagram,https://www.threads.com/@uneyuristagram/post/DMiS7ndT6UY,我是日本人 讓我們交換語言 我在教日語，所以請教我中文,2025年7月25日 星期五 下午11:31,,"Photo by 🩵うねゆり🩵 on July 25, 2025. | Photo by 🩵うねゆり🩵 on July 25, 2025.",19000,621,86,643,https://www.threads.com/@bookstw/post/DMjLgt8B4YB,in台湾，We don’t say 「哇這雞排看起來很好吃欸」 （ワ～このジーパイは美味しそうですね」 We say 「您好，我吃一點」 （どうも、一口ちょうだい」 翻譯,2025年7月26日 星期六 上午7:45,,"Photo by 博客來 on July 25, 2025.",6,,,
maishy2003,https://www.threads.com/@maishy2003/post/DMiILH6J5fl,コレって台湾でめっちゃ流行ってるんかな？かわいい🩷 翻譯,2025年7月25日 星期五 下午9:57,,"Photo by Takeshi.Imai on July 25, 2025.",296,88,2,3,https://www.threads.com/@bookstw/post/DMiXdE-hTRH,❤️,2025年7月26日 星期六 上午12:10,,"Photo by 博客來 on July 25, 2025.",3,,,
just_like_taiwan,https://www.threads.com/@just_like_taiwan/post/DMhhxrWhk89,"대만여행
대만 = 열정(한가로움) 台灣＝熱情（閒到不行） ㅋㅋㅋㅋㅋㅋ 翻譯 1 / 2",2025年7月25日 星期五 下午4:21,,"Photo by juju ❍ 대만중국어 on July 25, 2025.",15000,124,1126,2108,https://www.threads.com/@bookstw/post/DMiXPaYhYZ9,沒有沒有，要巡迴吃其實很忙🫸🏻,2025年7月26日 星期六 上午12:08,,"Photo by 博客來 on July 25, 2025.",40,1,,
npm_south,https://www.threads.com/@npm_south/post/DMiRCQzp9du,您好 我吃一點 1 / 2,2025年7月25日 星期五 下午11:14,,"Photo by 國立故宮博物院南部院區 on July 25, 2025. | Photo by 國立故宮博物院南部院區 on July 25, 2025. | Photo by 國立故宮博物院南部院區 on July 25, 2025. | Photo by 國立故宮博物院南部院區 on July 25, 2025. | Photo by 國立故宮博物院南部院區 on July 25, 2025. | Photo by 國立故宮博物院南部院區 on July 25, 2025.",11000,148,420,261,https://www.threads.com/@bookstw/post/DMiXH0TB9PP,看到魚蝦蟹，拉紅色塑膠椅坐下,2025年7月26日 星期六 上午12:07,,"Photo by 博客來 on July 25, 2025.",32,1,,
photo_omg__,https://www.threads.com/@photo_omg__/post/DMiREq0TYpy,"#대만여행🇹🇼 #대만음식🇹🇼 알차게 먹구 알차게 놀고 알차게 마시기.. 翻譯
대만, 타이베이",2025年7月25日 星期五 下午11:14,,"Photo by 으엥 on July 25, 2025. | Photo by 으엥 on July 25, 2025. | Photo by 으엥 on July 25, 2025. | Photo by 으엥 on July 25, 2025. | Photo by 으엥 on July 25, 2025. | Photo by 으엥 on July 25, 2025. | Photo by 으엥 on July 25, 2025. | Photo by 으엥 on July 25, 2025. | Photo by 으엥 on July 25, 2025.",1739,191,8,34,https://www.threads.com/@bookstw/post/DMiXAuShZ5X,,2025年7月26日 星期六 上午12:06,,"Photo by 博客來 on July 25, 2025.",1,,,
pinkmeteor.2016,https://www.threads.com/@pinkmeteor.2016/post/DMh9YzIPOgd,"台湾旅行
台湾🇹🇼2日目と今日の昼まで✨️✨️✨️
台湾では初の新幹線🚄にひとりで乗ってみました🙌 買い方分からなかったけど、何とか行けた🤣
皆さんのお勧めの宮原眼科がめっちゃツボで可愛すぎました🤦‍♀️🩷
時間なくて周辺しか行けなかったけど🥺
アイスも食べられたし楽しかった︎💕︎
ワンピースが駅にあって🤣日本のアニメってやっぱり人気だなと改めて思った🇯🇵
火鍋は友達のお陰でめっちゃ豪華な火鍋を食べられてしかも美味しかったよ🤤謝謝🙏 翻譯 1 / 2",2025年7月25日 星期五 下午8:22,,"Photo by PINKMETEOR☆LABO on July 25, 2025. | Photo by PINKMETEOR☆LABO on July 25, 2025. | Photo by PINKMETEOR☆LABO on July 25, 2025. | Photo by PINKMETEOR☆LABO on July 25, 2025. | Photo by PINKMETEOR☆LABO on July 25, 2025. | Photo by PINKMETEOR☆LABO on July 25, 2025. | Photo by PINKMETEOR☆LABO on July 25, 2025. | Photo by PINKMETEOR☆LABO on July 25, 2025. | Photo by PINKMETEOR☆LABO on July 25, 2025. | Photo by PINKMETEOR☆LABO on July 25, 2025. | Photo by PINKMETEOR☆LABO on July 25, 2025. | Photo by PINKMETEOR☆LABO on July 25, 2025. | Photo by PINKMETEOR☆LABO on July 25, 2025.",200,66,,,https://www.threads.com/@bookstw/post/DMiW3FqhQhO,すみません、一口ちょうだい🙏❤️ 翻譯,2025年7月26日 星期六 上午12:05,,"Photo by 博客來 on July 25, 2025.",1,,,
jeehx_x,https://www.threads.com/@jeehx_x/post/DMhe1Wgxd5W,"대만
대만 여름이 좋은 유일한 이유 이걸로 버텨 ..❤️‍🔥 唯一喜歡台灣夏天的理由 靠這個撐過台灣的夏天 ···ෆ 翻譯",2025年7月25日 星期五 下午3:55,,"Photo by ᒍ E E ᕼ E E on July 25, 2025. | Photo by ᒍ E E ᕼ E E on July 25, 2025. | Photo by ᒍ E E ᕼ E E on July 25, 2025. | Photo by ᒍ E E ᕼ E E on July 25, 2025. | Photo by ᒍ E E ᕼ E E on July 25, 2025. | Photo by ᒍ E E ᕼ E E on July 25, 2025. | Photo by ᒍ E E ᕼ E E on July 25, 2025.",1850,177,13,21,https://www.threads.com/@bookstw/post/DMiWb_ihE7f,不好意思我知道很晚了 但看起來很美味,2025年7月26日 星期六 上午12:01,,"Photo by 博客來 on July 25, 2025.",7,,,
michiru0824psy,https://www.threads.com/@michiru0824psy/post/DMh4tQgJ_w3,台湾🇹🇼マジで食べ物美味しい。 翻譯,2025年7月25日 星期五 下午7:41,,"Photo by michiru on July 25, 2025. | Photo by michiru on July 25, 2025.",1248,183,4,12,https://www.threads.com/@bookstw/post/DMiSEQDBPmP,,2025年7月25日 星期五 下午11:23,,"Photo by 博客來 on July 25, 2025.",5,,,
aru_sakurada,https://www.threads.com/@aru_sakurada/post/DMiA1sdTWEB,Taiwan🇹🇼 5回目の台湾にして初めて千と千尋の神隠しの原案になった九份にいってました🐉 台湾フードなにもかもうますぎて幸せ太りして帰ってきました🍚 翻譯,2025年7月25日 星期五 下午8:52,,"Photo by Aru Sakurada - 櫻田薫 - on July 25, 2025. | Photo by Aru Sakurada - 櫻田薫 - on July 25, 2025. | Photo by Aru Sakurada - 櫻田薫 - on July 25, 2025. | Photo by Aru Sakurada - 櫻田薫 - on July 25, 2025. | Photo by Aru Sakurada - 櫻田薫 - on July 25, 2025. | Photo by Aru Sakurada - 櫻田薫 - on July 25, 2025.",12000,308,87,1183,https://www.threads.com/@bookstw/post/DMiSCDPhRmz,看到水餃😔,2025年7月25日 星期五 下午11:23,,"Photo by 博客來 on July 25, 2025.",242,1,,6
nxcyuz,https://www.threads.com/@nxcyuz/post/DMhbdlrzxuH,好想蓋個「 你好 我吃一點」貓的樓 收集各種不同款式的😭 1 / 2,2025年7月25日 星期五 下午3:26,,,16000,543,2488,4029,https://www.threads.com/@bookstw/post/DMiCMxoBXd4,不好意思，這邊提供最新款式,2025年7月25日 星期五 下午9:04,,"Photo by 博客來 on July 25, 2025.",103,1,1,4
pacific_tw,https://www.threads.com/@pacific_tw/post/DMiBWubzpAt,也算是一隻所謂很會拿筷子的貓,2025年7月25日 星期五 下午8:57,@bookstw,,4,1,,,https://www.threads.com/@bookstw/post/DMiB_RPB1eJ,對，整體來說算是標準的一個狀態,2025年7月25日 星期五 下午9:02,,,1,,,
rxngdxng,https://www.threads.com/@rxngdxng/post/DMXX1QISEgo,스펀와서 또 먹네… 망고빙수를 찾아서 너무 맛있게 먹었어 !! 그리고 대만 우비 너무 이쁘다!! 천등도 날리고 ㅎㅎㅎ 재밌어!! 翻譯,2025年7月21日 星期一 下午5:42,,"Photo by @rxngdxng on July 21, 2025. | Photo by @rxngdxng on July 21, 2025. | Photo by @rxngdxng on July 21, 2025. | Photo by @rxngdxng on July 21, 2025. | Photo by @rxngdxng on July 21, 2025. | Photo by @rxngdxng on July 21, 2025. | Photo by @rxngdxng on July 21, 2025. | Photo by @rxngdxng on July 21, 2025.",11000,465,145,822,https://www.threads.com/@bookstw/post/DMh_hTPBM_I,,2025年7月25日 星期五 下午8:41,,"Photo by 博客來 on July 25, 2025.",4,,,
tawatatsu,https://www.threads.com/@tawatatsu/post/DMc-EGQTRPc,初海外✈️in台湾🇹🇼,2025年7月23日 星期三 下午9:52,,"Photo by たつま on July 23, 2025. | Photo by たつま on July 23, 2025. | Photo by たつま on July 23, 2025. | Photo by たつま on July 23, 2025. | Photo by たつま on July 23, 2025. | Photo by たつま on July 23, 2025. | Photo by たつま on July 23, 2025. | Photo by たつま on July 23, 2025.",33000,762,446,1885,https://www.threads.com/@bookstw/post/DMh_NduhGzG,,2025年7月25日 星期五 下午8:38,,"Photo by 博客來 on July 25, 2025.",16,,,
rxngdxng,https://www.threads.com/@rxngdxng/post/DMePlvLSywh,지우펀 사진 ㅎㅎㅎ 고양이랑 사진찍기 실패 🤣🤣한입만 고양이 생각난다 翻譯,2025年7月24日 星期四 上午9:44,,"Photo by @rxngdxng on July 23, 2025. | Photo by @rxngdxng on July 23, 2025. | Photo by @rxngdxng on July 23, 2025. | Photo by @rxngdxng on July 23, 2025. | Photo by @rxngdxng on July 23, 2025.",41000,876,1982,5382,https://www.threads.com/@bookstw/post/DMh_MEqBdJn,,2025年7月25日 星期五 下午8:38,,"Photo by 博客來 on July 25, 2025.",8,1,,
yuto_diary,https://www.threads.com/@yuto_diary/post/DMhV4rhzpFS,"台湾
台湾のローカルスイーツ 豆花(トウファ) 本場の常連客と一緒に食べた🐜 甘くて冷たくて美味しかった🥜 翻譯",2025年7月25日 星期五 下午2:37,,"Photo by Yuto Watanabe on July 24, 2025. | Photo by Yuto Watanabe on July 24, 2025.",275,48,,2,https://www.threads.com/@bookstw/post/DMh_Hm7hCmA,,2025年7月25日 星期五 下午8:37,,"Photo by 博客來 on July 25, 2025.",1,,,
solangesonic,https://www.threads.com/@solangesonic/post/DKsZh82zvDt,"這是回覆已無法顯示的貼文
他的排版看起來不像直接複製 另外寫的這麼詳盡 如果我是大公司的小編可能會怕事",2025年6月10日 星期二 上午4:38,,,,1,,,https://www.threads.com/@bookstw/post/DKsrU93BNt5,"小編是把試閱內容重新整理後發佈的喔！我們貼文常常節錄內文跟粉絲分享，還請多多關注我們，才能看到更多讚讚的書❤️感謝大家支持🙌
2025-6-9",2025年6月10日 星期二 上午7:13,@bookstw,,18,,,
choushuchin0511,https://www.threads.com/@choushuchin0511/post/DKrImsePKU4,小編的文筆好好🥹,2025年6月9日 星期一 下午4:51,@bookstw,,10,1,,,https://www.threads.com/@bookstw/post/DKrKrSPhVPO,"不是我寫的啦（尖叫） 歡迎買書🥹： bookstw.link/7ptaf…
books.com.tw
不只是厭女：為什麼愈「文明」的世界，厭女的力量愈強大？拆解當今最精密的父權敘事【時代前行暢銷新版】",2025年6月9日 星期一 下午5:09,,不只是厭女：為什麼愈「文明」的世界，厭女的力量愈強大？拆解當今最精密的父權敘事【時代前行暢銷新版】,113,,,
hakunatsu19,https://www.threads.com/@hakunatsu19/post/DIreE45STJj,有趣又可愛！ED很好聽～,2025年4月21日 星期一 上午2:56,@bookstw,,,1,,,https://www.threads.com/@bookstw/post/DI2dy_qhApS,恭喜您中獎囉寶貝！！ 請到IG私訊敲敲小編～ （不要把個資貼到私訊唷，請等候小編回覆～）,2025年4月25日 星期五 上午9:25,,,,,,
fitcan,https://www.threads.com/@fitcan/post/DIvzz7rvUoP,看漫畫就很喜歡！沒想到動畫完全保留住笑點！超愛銀魂的我知道作者曾經是空知猩猩的助手覺得果然受到某種薰陶啊！而且人物都超級讓人喜歡！妮可好可愛，但最愛還是MOI ちゃん💕超帥吐槽擔當！幽默好笑的作品要一直產出好笑笑點很不容易，但每集我都能無意中看到笑出來，令人相當開心的作品，怎樣我都要大誇誇！真心推推！！！,2025年4月22日 星期二 下午7:22,@bookstw,,,1,,,https://www.threads.com/@bookstw/post/DI2dwi1BK6f,恭喜您中獎囉寶貝！！ 請到IG私訊敲敲小編～ （不要把個資貼到私訊唷，請等候小編回覆～）,2025年4月25日 星期五 上午9:24,,,,,,
raying66,https://www.threads.com/@raying66/post/DIvsPmfyH_K,因為溫馨可愛！片頭很好聽（是yoasobi），抽我抽我！！（by 邦邦）,2025年4月22日 星期二 下午6:16,@bookstw,,2,1,,,https://www.threads.com/@bookstw/post/DI2dwAIhrnA,恭喜您中獎囉寶貝！！ 請到IG私訊敲敲小編～ （不要把個資貼到私訊唷，請等候小編回覆～）,2025年4月25日 星期五 上午9:24,,,,,,
bluecry_,https://www.threads.com/@bluecry_/post/DIoCKE7S39I,誇誇妮可！好可愛！！,2025年4月19日 星期六 下午6:54,@bookstw,,,1,,,https://www.threads.com/@bookstw/post/DI2du90h-wK,恭喜您中獎囉寶貝！！ 請到IG私訊敲敲小編～ （不要把個資貼到私訊唷，請等候小編回覆～）,2025年4月25日 星期五 上午9:24,,,,,,
donndai_tw,https://www.threads.com/@donndai_tw/post/DHpgRJvy4WB,"來打書ㄌ
大家午安，我是Donn！ 四月要出版一本百合小說：《遊戲任務觸發！攻略她的謊言迷宮》 第一次出版真的各種忐忑不安，尤其看見我媽按我讚的時候驚慌+100 這部作品是關於遊戲業的辦公室戀愛，有一點創作者議題，也有一點我對自己的靈魂考驗。
這本書適合以下讀者： ．喜歡百合的人 ．對遊戲業有一點點興趣的人 ．跟我一樣是金鼠老師的粉絲！ （還沒看過《灰燼花園》的朋友拜託去看，最近新的番外篇超級可愛！）
不適合以下讀者： ．我媽
雖然出版令人覺得赤裸，但可以描寫各種女性遊戲工作者的樣貌使我快樂。 感謝許多陪伴我一起出版這本作品的朋友及合作夥伴們☺️ 我有為這部作品寫一首歌，最近應該會放上串流！
啊然後我最近重重跌入奧術Caitvi坑，都在寫同人，也歡迎同好交流🫶🧁 1 / 2",2025年3月26日 星期三 下午12:05,,"Photo by Donn on March 25, 2025.",1769,106,203,121,https://www.threads.com/@bookstw/post/DHp1CVLhaDD,那位在書展打書的朋友出書了(((o(*ﾟ▽ﾟ*)o))),2025年3月26日 星期三 下午3:06,,,22,1,,
zazard,https://www.threads.com/@zazard/post/DGKRAvmp8ou,看成小蜜餞,2025年2月17日 星期一 下午12:24,@bookstw,,57,1,,3,https://www.threads.com/@bookstw/post/DGKRGVNzSPg,要當寶的小蜜餞也是沒問題的(^з^)-☆（被報警抓走）,2025年2月17日 星期一 下午12:24,,,3,,,
johnnie_chen1,https://www.threads.com/@johnnie_chen1/post/DGC1HqnRbiP,"霸道總裁系列
你/妳的丐總已上線！🌹霸道總裁系列 1 / 2",2025年2月14日 星期五 下午3:05,,"Photo by 陳薔妮 on February 13, 2025.",4345,135,285,1215,https://www.threads.com/@bookstw/post/DGC6rbeziMW,OOO！過來坐下！！！,2025年2月14日 星期五 下午3:54,,,69,1,,1
booklife99love,https://www.threads.com/@booklife99love/post/DGCPlW7yKF-,小圓的祝福（⁎⁍̴̛ᴗ⁍̴̛⁎）,2025年2月14日 星期五 上午9:37,@bookstw,,1,1,,,https://www.threads.com/@bookstw/post/DGCsOqYTE4v,博小編覺得收到大好人認證更讚！！！,2025年2月14日 星期五 下午1:48,,,2,,,
nkcouple,https://www.threads.com/@nkcouple/post/DF-b7apzDX-,小編推我就買！小編要不要拍一下法布爾昆蟲記立體書，機關很多喔！而且單價很高！,2025年2月12日 星期三 下午10:08,@bookstw,,2,1,,,https://www.threads.com/@bookstw/post/DF-dV7IzU9C,會不會太懂推！,2025年2月12日 星期三 下午10:20,,,1,,,
silviamou123,https://www.threads.com/@silviamou123/post/DF-VJ70SffL,"我剛剛以為賺到錢去買帽子，結果帽子漲價通膨來了！！！！！😖
我這是什麼被資本主義荼毒的大人🫠🫠🫠🫠",2025年2月12日 星期三 下午9:09,@bookstw,,7,1,,,https://www.threads.com/@bookstw/post/DF-YHdezwqV,真的是被荼毒到了_(´ཀ`」 ∠)_,2025年2月12日 星期三 下午9:35,,,1,,,
reinana808,https://www.threads.com/@reinana808/post/DF-WW2rzf23,"我覺得比起直接看這本書，我女兒會更想看小編唸欸。
然後剛剛已經下單了。感謝推薦～",2025年2月12日 星期三 下午9:19,@bookstw,,3,1,,,https://www.threads.com/@bookstw/post/DF-YCjwTRNL,謝謝！！直接變故事大姊姊(((o(*ﾟ▽ﾟ*)o))),2025年2月12日 星期三 下午9:34,,,3,,,
fotoallison,https://www.threads.com/@fotoallison/post/DF5KUtCyu5U,"死了一個娛樂女記者之後
今天《死了一個娛樂女記者之後》交出不錯的成績單，予晞戒慎恐懼，不敢大張旗鼓、放肆叫好，但願與關心本作的你們，分享這雀躍的心☺️❤️❤️❤️
每天都要刷起來～～🙋‍♀️🙋‍♀️🙋‍♀️
死了一個娛樂女記者之後",2025年2月10日 星期一 下午8:58,,"Photo by 林予晞 on February 10, 2025. | Photo by 林予晞 on February 10, 2025. | Photo by 林予晞 on February 10, 2025. | Photo by 林予晞 on February 10, 2025. | Photo by 林予晞 on February 10, 2025. | Photo by 林予晞 on February 10, 2025.",5719,55,73,58,https://www.threads.com/@bookstw/post/DF7ZwSUz5nc,寶貝真的好看到碰碰碰捶桌子！ 博小編這邊也順便推推附酷卡簽名版的原作！（敬業） bookstw.link/7588d…,2025年2月11日 星期二 下午5:51,,,12,,,
donndai_tw,https://www.threads.com/@donndai_tw/post/DF5ZJtJytEw,天啊小編真的好熱心😍 對，那個在打一本根本還沒出、什麼資訊都沒有的書的人是我😆,2025年2月10日 星期一 下午11:08,@bookstw,,5,1,,,https://www.threads.com/@bookstw/post/DF5cuaMTJjC,哇期待！！！！(((o(*ﾟ▽ﾟ*)o))),2025年2月10日 星期一 下午11:39,,,1,,,
donndai_tw,https://www.threads.com/@bookstw/post/DF5LrLWTY_h,"我在後面有短暫出現一下，嘻嘻 博小編真的太E了讓我有點害怕，但本人好可愛😆
國際書展
bookstw",2025年2月10日 星期一 下午9:10,,,88,5,1,,https://www.threads.com/@bookstw/post/DF5WH2vT8GZ,"你是要出百合小說的人嗎？！快去IG留言尋找自己！我幫你留好宣傳區了（？？？？
bookstw",2025年2月10日 星期一 下午10:41,,,73,3,1,1
yishanlin_oo,https://www.threads.com/@yishanlin_oo/post/DF22SMuSB6m,兩天前有從小編旁邊經過,2025年2月9日 星期日 下午11:25,@bookstw,,1,1,,,https://www.threads.com/@bookstw/post/DF4TAWZzBSD,居然不來接受博小編的熱烈歡迎！,2025年2月10日 星期一 下午12:55,,,,,,
gkpapapa,https://www.threads.com/@gkpapapa/post/DF3ICLeyu3g,昨天有看到你下班的模樣~很帥 哈哈哈,2025年2月10日 星期一 上午2:00,@bookstw,,4,1,,,https://www.threads.com/@bookstw/post/DF4S9bhTVc4,🤩討M喇,2025年2月10日 星期一 下午12:54,,,1,,,
reinana808,https://www.threads.com/@reinana808/post/DF4QmamzhEI,我要是碰見妳應該會直接熊抱你， 我都有在追蹤社群，每天都要點開一次博客來網站！！！,2025年2月10日 星期一 下午12:34,@bookstw,,2,1,,,https://www.threads.com/@bookstw/post/DF4S2KXzVUN,太熱情了！那你絕對也是會被博小編熊抱回去！,2025年2月10日 星期一 下午12:53,,Valentines Day Hug GIF by Teletubbies,,,,
haralily,https://www.threads.com/@haralily/post/DF4NdhSIXzT,她還好嗎😅,2025年2月10日 星期一 下午12:06,@bookstw,,1,1,,,https://www.threads.com/@bookstw/post/DF4Nr3iz7gR,他很好😍,2025年2月10日 星期一 下午12:08,,,1,,,
silviamou123,https://www.threads.com/@silviamou123/post/DF4KwQoyHNa,我怕換我會風一般的跑走（膽怯🤣🤣🤣,2025年2月10日 星期一 上午11:43,@bookstw,,1,1,,,https://www.threads.com/@bookstw/post/DF4LJM4z0Lc,😍,2025年2月10日 星期一 上午11:46,,,1,,,
booklife99love,https://www.threads.com/@booklife99love/post/DF4BvJ0So5J,小圓在影片裡看到兩位同事，不可能密度這麼高吧😍😍😍,2025年2月10日 星期一 上午10:24,@bookstw,,5,1,,,https://www.threads.com/@bookstw/post/DF4LHcDzW5N,同事們都太捧場了8😍😍,2025年2月10日 星期一 上午11:46,,,1,,,
yohcanstudio,https://www.threads.com/@yohcanstudio/post/DF4E2Y-SzuX,居然！ 怕博小編在休息， 我只好意思用熱烈的眼神注視👀（喂,2025年2月10日 星期一 上午10:51,@bookstw,,1,1,,,https://www.threads.com/@bookstw/post/DF4LFHwzgC7,沒關係我們可以當快樂網友！,2025年2月10日 星期一 上午11:45,,Valentines Day Hug GIF by Teletubbies,1,1,,
hi_iam_littledream,https://www.threads.com/@hi_iam_littledream/post/DF2Y8H4TvVr,把博客來小編當什麼明星在追嗎 可惡剛剛忘記要求飯撒🤣🤣🤣 想說打招呼～默默捕捉就好,2025年2月9日 星期日 下午7:08,,,18,1,,,https://www.threads.com/@bookstw/post/DF4BqLLTdef,懂捕捉！（？）,2025年2月10日 星期一 上午10:23,,,2,,,
yohcanstudio,https://www.threads.com/@yohcanstudio/post/DF0OkHbSRER,"獨立遊戲開發
昨天去台北國際書展， 因為記得在社群滑到同業在宗教攤位附近有設攤， 有特別留意一下宗教類攤位， 結果發現其實蠻多靈性提升的攤位散落在各區， 很心靈平靜。
書展會場也好大好大，逛都逛不完， 門票可以換 150 元展內抵用購物金！
去博客來看到了待機中的博小編， 內心興奮但沒有打擾。
在楓書坊看到很多有趣的題材， 除了之前常關注的繪畫技巧書籍， 還有「魔藥學」、「煉金術」、「紅茶療癒術」等等， 好多讓人眼睛一亮想探究的書籍！
這次知名品牌的電子閱讀器都有出來展示， 不過沒有看到 momo 的新閱讀器，有點好奇說。
在實體書之間穿梭時， 會有種思緒漂流在各個不同書的世界的感覺， 還蠻喜歡這樣的體驗， 電子書的好處是很省家裡空間，各有長處， 所以特別想支持的作品就要實體與電子都包（？）
這次書展讀到一些工作方法、創作想法的書， 買回家準備好好研讀，充實一下自己的腦袋！
雖然現在有影片、遊戲在搶食人們的閒暇時間， 但還是有蠻多人去書展，還是有蠻多人在看書的！
這次書展的感想是， 以後達成什麼厲害的里程碑時， 我要去買《鋼之煉金術師》完全版全套！ 獨立遊戲開發",2025年2月8日 星期六 下午10:59,,"Photo by 葉開罐 on February 08, 2025. | Photo by 葉開罐 on February 08, 2025. | Photo by 葉開罐 on February 08, 2025. | Photo by 葉開罐 on February 08, 2025. | Photo by 葉開罐 on February 08, 2025. | Photo by 葉開罐 on February 08, 2025. | Photo by 葉開罐 on February 08, 2025.",25,7,1,,https://www.threads.com/@bookstw/post/DF4BijrzD1Z,可惜沒被打擾，好想被打擾(⁎⁍̴̛ᴗ⁍̴̛⁎),2025年2月10日 星期一 上午10:22,,,6,1,,
taitra_taiwan,https://www.threads.com/@taitra_taiwan/post/DF3-OkqTmQs,辛苦了 脆上面都是你的英姿😻,2025年2月10日 星期一 上午9:53,@bookstw,,2,1,,,https://www.threads.com/@bookstw/post/DF4Ba0MT4Lg,😍,2025年2月10日 星期一 上午10:21,,,,,,
silviamou123,https://www.threads.com/@silviamou123/post/DF4ABsGSv_1,我有去！我還看到小編，但是小編從我眼前風一般走掉🤣🤣,2025年2月10日 星期一 上午10:09,@bookstw,,2,1,,,https://www.threads.com/@bookstw/post/DF4BZMUTJ4m,太可惜了啦！有攔截小編的話，會在你面前瘋一般的起舞（好強迫,2025年2月10日 星期一 上午10:21,,,3,1,,
zazard,https://www.threads.com/@bookstw/post/DF0JCsRTOtC,"2025-2-10
我愛博小編，但太冷了我走不出門 11 / 13
國際書展",2025年2月8日 星期六 下午10:12,@zazard,,31,3,,,https://www.threads.com/@bookstw/post/DF3BAftz776,沒關係！！！當快樂網友！！！！,2025年2月10日 星期一 上午12:58,,Valentines Day Hug GIF by Teletubbies,2,,,
zazard,https://www.threads.com/@zazard/post/DF2-b3cSPwt,"📰 原脆新聞 25.02.09
1. 莫惹追星人！我看你是完全不懂喔 義義寫一首破歌用了SJ的<Sorry, Sorry> 欸噗大爆炸，紛紛寫信跟SM檢舉。
2. YOASOBI 巡演鼓手在場外看到街頭藝人打鼓 竟然上去問可以用他的鼓嗎？真是太可愛了
3. 2NE1今日安可大成功！因為唱太好團員還晚了點出來。看到很多Dara的直拍，真是好美❤️ - 女兒帶BLACKJACK媽媽一起進場，母女都是追星人特別溫馨耶！
4. 心靈課程，脆友表示就是國中時的露營值星官啊，花錢給人罵！精準描述引來大批迴響
5. 有人沒買到的太妍的票，跑到官方社群去抱怨還用多國語言，引發議論。多數人認為會員先購根本沒賣完，沒看清楚規則是個人問題。 - 雖然討厭🐮，但必須說會員全開突顯了平時搶票最大的敵人可能是親友團、練手速、跟風仔
6. 書展今日落幕 - Kobo電子閱讀器完售！投資元太會不好太晚？ - 看了博小編當2天E人好開心 - 脆友紀錄舒國治對談，喜歡舒哥一直很chill
7. Fake Sober台中店宣布中止，營運方表示有「不可抗力」因素，大家猜是法規問題。 台中朋友哭哭🥲 1 / 13",2025年2月10日 星期一 上午12:36,,,1292,16,19,24,https://www.threads.com/@bookstw/post/DF3A8O6zV1s,好榮幸！！！！！,2025年2月10日 星期一 上午12:58,,,11,1,,
suisun1991,https://www.threads.com/@suisun1991/post/DF2haGRTIID,好活潑 可惜太遠了！不然就去著妳😆,2025年2月9日 星期日 下午8:22,@bookstw,,1,1,,,https://www.threads.com/@bookstw/post/DF2jGoLzsdO,可惜寶貝！,2025年2月9日 星期日 下午8:37,,,1,,,
shape.shape_shape,https://www.threads.com/@shape.shape_shape/post/DF2E4q7T_ne,我今天有看到本人，真的吵,2025年2月9日 星期日 下午4:13,@aenbi_kuo,,2,1,,,https://www.threads.com/@bookstw/post/DF2KoWuzYG2,😍😍😍😍😍,2025年2月9日 星期日 下午5:03,,,1,,,
hi_iam_littledream,https://www.threads.com/@hi_iam_littledream/post/DF1z00AzlqT,在旁邊捕捉小編是OK的嗎😂,2025年2月9日 星期日 下午1:44,@bookstw,,4,1,,,https://www.threads.com/@bookstw/post/DF1z4b9T_zW,歡迎正面捕捉！,2025年2月9日 星期日 下午1:44,,,1,,,
kou_enen,https://www.threads.com/@kou_enen/post/DF0LgtQvBRz,媽我上電視了！我跟博小編同框了！ 謝謝全網最好笑的小編！！ 博小編必須加薪！！我愛你！！😍 （請原諒不敢當面大聲告白的I人）,2025年2月8日 星期六 下午10:32,@bookstw,,22,2,,,https://www.threads.com/@bookstw/post/DF0RVMwTiNS,我也愛你！！！！！！！（繼續吵,2025年2月8日 星期六 下午11:23,,,5,,,
fotoallison,https://www.threads.com/@fotoallison/post/DF0Q8UASGqG,我不相信我跟博小編一樣都是ENFP！！,2025年2月8日 星期六 下午11:20,@bookstw,,158,3,2,6,https://www.threads.com/@bookstw/post/DF0RQhxTl9V,我才不敢相信吧請予C寶貝幫忙呼喊幫小編加薪！期待明天書展可以聽您講座（連留言也是好吵鬧）,2025年2月8日 星期六 下午11:22,,,25,,,
chiaoreoreo,https://www.threads.com/@chiaoreoreo/post/DF0F1NXvtyh,週四那天其實很想偶遇小編 無奈沒有緣份吶～～～,2025年2月8日 星期六 下午9:43,@bookstw,,,1,,,https://www.threads.com/@bookstw/post/DF0IzdrTOUW,可惜寶貝！！,2025年2月8日 星期六 下午10:09,,,,,,
chihlings_room,https://www.threads.com/@chihlings_room/post/DFvIDE8Tt83,小編是不是工作到壞掉了🫨,2025年2月6日 星期四 下午11:26,@bookstw,,12,1,,,https://www.threads.com/@bookstw/post/DFvINxCSp-i,週末來現場確認博小編精神狀態,2025年2月6日 星期四 下午11:27,,Happy Birthday Yes GIF,16,,,
zazard,https://www.threads.com/@zazard/post/DFl8_zgT0fa,上班輕鬆 主管離職 團購飲料,2025年2月3日 星期一 上午9:56,@bookstw,,8,1,,,https://www.threads.com/@bookstw/post/DFl_dObS8ht,聽起來也是超chill寶貝,2025年2月3日 星期一 上午10:18,,,1,,,
zingala_0card,https://www.threads.com/@zingala_0card/post/DFl_JhJyCgc,上班下大雨 眼睛也在下大雨,2025年2月3日 星期一 上午10:15,@bookstw,,1,1,,,https://www.threads.com/@bookstw/post/DFl_bl_ye9Q,七孔大雨,2025年2月3日 星期一 上午10:17,,,1,,,
cherfhkkk,https://www.threads.com/@cherfhkkk/post/DFl0F4Lzu5W,上班輕鬆 狂逛博客來🤣 天降獎金,2025年2月3日 星期一 上午8:38,@bookstw,,1,1,,,https://www.threads.com/@bookstw/post/DFl0ruayYP5,聽起來很chill😍,2025年2月3日 星期一 上午8:43,,,,,,
joniro_tw,https://www.threads.com/@joniro_tw/post/DFlzRnaB-n5,上班 獎金 發財,2025年2月3日 星期一 上午8:31,@bookstw,,,1,,,https://www.threads.com/@bookstw/post/DFlzWFOzQUf,看來主管會發大包的,2025年2月3日 星期一 上午8:32,,,,,,
___z.an,https://www.threads.com/@___z.an/post/DFb0bc5y1ng,有時候就是覺得 木棉花、netflix 、蝦皮的小編 都超有趣… 我想想還有什麼 1 / 2,2025年1月30日 星期四 上午11:29,,,21000,392,382,469,https://www.threads.com/@bookstw/post/DFcdOHCS29n,新年快樂寶貝🥲,2025年1月30日 星期四 下午5:25,,,714,2,,
reinana808,https://www.threads.com/@reinana808/post/DEo-gsbzIsS,它在我購物車了♥️,2025年1月10日 星期五 下午5:36,@bookstw,,,1,,,https://www.threads.com/@bookstw/post/DEo_Bmnyai2,那好運在路上了寶貝❤️,2025年1月10日 星期五 下午5:40,,,1,1,,
booklife99love,https://www.threads.com/@booklife99love/post/DElu40IysAN,小圓......不能......輸......,2025年1月9日 星期四 上午11:21,@bookstw,"Photo by 圓神出版┃圓神・方智・先覺・究竟・如何・寂寞 on January 08, 2025. | Photo by 圓神出版┃圓神・方智・先覺・究竟・如何・寂寞 on January 08, 2025. | Photo by 圓神出版┃圓神・方智・先覺・究竟・如何・寂寞 on January 08, 2025. | Photo by 圓神出版┃圓神・方智・先覺・究竟・如何・寂寞 on January 08, 2025.",7,1,,,https://www.threads.com/@bookstw/post/DEmJOd-SgU7,都是你在搞😍🥵,2025年1月9日 星期四 下午3:12,,,,1,,
daphnelovesdog,https://www.threads.com/@daphnelovesdog/post/DEU3_nkTLEd,太巧啦！我也買了,2025年1月2日 星期四 下午10:14,@bookstw,"Photo by Nozomi on January 02, 2025.",13,1,,,https://www.threads.com/@bookstw/post/DEU4FMTS4Au,太懂買了啦！心情不好拿出來翻一翻對抗老化（？,2025年1月2日 星期四 下午10:15,,,3,,,
meow.meow__wang,https://www.threads.com/@meow.meow__wang/post/DDUZ1VlzPkh,明明只是普通的校園日常，女校之星直接被我解讀成老師與老師之間的戀愛故事⋯⋯,2024年12月8日 星期日 下午9:19,@bookstw,,6,1,,,https://www.threads.com/@bookstw/post/DDUZ5LJyb57,氣死支持😍😍😍😍,2024年12月8日 星期日 下午9:19,,,3,,,
zazard,https://www.threads.com/@zazard/post/DDCSU0kTwKe,曹銘宗老師的書，忘記加上 「腰瘦好吃」🤣 超愛博小編的精神狀態,2024年12月1日 星期日 下午8:27,@bookstw,,12,1,,,https://www.threads.com/@bookstw/post/DDDfFfHz5IB,寶貝太懂😍,2024年12月2日 星期一 上午7:38,,,1,,,
reinana808,https://www.threads.com/@reinana808/post/DDCMJgFzdMt,為什麼我看完小編介紹這本書就在購物車了🤔,2024年12月1日 星期日 下午7:33,@bookstw,,4,1,,,https://www.threads.com/@bookstw/post/DDCNPkqSeQz,自然現象🥹,2024年12月1日 星期日 下午7:43,,,3,,,
zazard,https://www.threads.com/@zazard/post/DC8Im78z3FT,被博小編推坑了，放入購物車,2024年11月29日 星期五 上午11:07,@bookstw,,1,1,,,https://www.threads.com/@bookstw/post/DC8I6XezpYP,在坑裡招手歡迎,2024年11月29日 星期五 上午11:09,,,1,,,
shadoww76,https://www.threads.com/@shadoww76/post/DC8GGLmSopu,是大卡,2024年11月29日 星期五 上午10:45,@bookstw,,6,1,,,https://www.threads.com/@bookstw/post/DC8GLK_Syb1,沒錯是頗為大卡！,2024年11月29日 星期五 上午10:45,,,3,,,
boss_camy,https://www.threads.com/@boss_camy/post/DC60FdnS0dO,今天收到的，謝謝你們，謝謝小編🥰🙇,2024年11月28日 星期四 下午10:48,@bookstw,,2,1,,,https://www.threads.com/@bookstw/post/DC60zV4SAtC,❤️❤️❤️,2024年11月28日 星期四 下午10:54,,,1,,,
boss_camy,https://www.threads.com/@boss_camy/post/DC6yRFqy5It,我也有😏,2024年11月28日 星期四 下午10:32,@bookstw,"Photo by Camy Lin on November 28, 2024.",19,1,,,https://www.threads.com/@bookstw/post/DC6zU_LyM9M,太帥了！！！,2024年11月28日 星期四 下午10:41,,,2,1,,
meow.meow__wang,https://www.threads.com/@meow.meow__wang/post/DC4QKpaTUs_,"抱歉博小編《去家庭餐廳吧。》對我來說不太適合歸類在「不會發生什麼大事的平淡療癒漫畫」😍😍😍
主要是我希望這部可以出大事（各種方面） 療癒的部分同時讓我也頗糾結的（我的刀呢？啊在這裡🔪）",2024年11月27日 星期三 下午10:56,@bookstw,,25,1,,,https://www.threads.com/@bookstw/post/DC4QytFSG8N,完全也是懂啦！（幫忙把刀收好🔪）,2024年11月27日 星期三 下午11:01,,,8,,,
ch_.ouo._,https://www.threads.com/@ch_.ouo._/post/DC1d6aRTY3g,"這是回覆已無法顯示的貼文
那是恩妃不是柔理",2024年11月26日 星期二 下午8:58,,,,1,,,https://www.threads.com/@bookstw/post/DC1eBs-SDzh,小編跪IZ*ONE手燈道歉，真的講錯了！真的抱歉！,2024年11月26日 星期二 下午8:59,,,,,,
yoko0925,https://www.threads.com/@yoko0925/post/DC0tD47zY85,多久到貨,2024年11月26日 星期二 下午1:51,@bookstw,,1,1,,,https://www.threads.com/@bookstw/post/DC0toMHyq0n,會在上市日期後出貨喔！,2024年11月26日 星期二 下午1:56,,,,,,
yoko0925,https://www.threads.com/@yoko0925/post/DC0s35ZzATX,什麼時候開賣,2024年11月26日 星期二 下午1:50,@bookstw,,2,1,,,https://www.threads.com/@bookstw/post/DC0tBf4yIFd,兩點！💕,2024年11月26日 星期二 下午1:51,,,2,1,,
nkcouple,https://www.threads.com/@nkcouple/post/DCt-Vx9yav6,博小編你沒有換戲服~~衣服跟襪子已在戲劇界與歌謠界出現過！（眼尖的粉,2024年11月23日 星期六 下午11:08,@bookstw,,2,1,,,https://www.threads.com/@bookstw/post/DCvQ50HSVd_,太厲害,2024年11月24日 星期日 上午11:09,,,,,,
timtang99,https://www.threads.com/@timtang99/post/DCossbWzBVt,「影后」我還沒看，但我卻先看了這個，我這樣順序對了嗎？🤣,2024年11月21日 星期四 下午9:57,@___cindy_tsai,,1,1,,,https://www.threads.com/@bookstw/post/DCouM2dyeMp,希望你開始看影后之後會想到這個美好的回憶🥰（？,2024年11月21日 星期四 下午10:10,,,1,1,,
hi_iam_littledream,https://www.threads.com/@hi_iam_littledream/post/DComrXOSJmP,這個腳本到底誰想的🫵太可愛了吧🤣🤣🤣,2024年11月21日 星期四 下午9:05,@bookstw,,6,1,,,https://www.threads.com/@bookstw/post/DCom1Z2SsxU,有一半應該算是嚴藝文導演（？）,2024年11月21日 星期四 下午9:06,,,12,,,
hotaru_rinka,https://www.threads.com/@hotaru_rinka/post/DCjgZpTP_gb,我在意的對象不是男人真的好好看😭 每一個篇幅都甜到爆 姨母笑停不下來啊_(´ཀ`」 ∠)_,2024年11月19日 星期二 下午9:34,@bookstw,,4,1,,,https://www.threads.com/@bookstw/post/DCjh_sASvNY,_(´ཀ`」 ∠)_ 翻譯,2024年11月19日 星期二 下午9:47,,,1,,,
nkcouple,https://www.threads.com/@nkcouple/post/DCPRHdGT9ty,前面鋪這麼長的梗，只是為了讓暗網吉伊卡娃出場！,2024年11月12日 星期二 上午12:55,@bookstw,,1,1,,,https://www.threads.com/@bookstw/post/DCQp1Iaz2iF,寶貝懂,2024年11月12日 星期二 下午1:50,,,,,,
michirujojo,https://www.threads.com/@michirujojo/post/DCPKNZnzRzQ,辦公桌上的金蛤蟆好喜歡 （真的是愛財惜財的人欸🤣🤣🤣,2024年11月11日 星期一 下午11:55,@bookstw,,2,1,,,https://www.threads.com/@bookstw/post/DCQpz7czPDx,看好細！,2024年11月12日 星期二 下午1:50,,,,,,
lunoestory.novel,https://www.threads.com/@lunoestory.novel/post/DCMw0asyBm0,"迎接大百合時代！來推個沒有在博客來百合展，但其實是帶有奇幻要素的病嬌百合《室友雀兒喜的夜詠》現正販售中>< books.com.tw/produ…
books.com.tw
室友雀兒喜的夜詠",2024年11月11日 星期一 上午1:34,@jili_995,室友雀兒喜的夜詠,3,1,,,https://www.threads.com/@bookstw/post/DCNbvVJTvfq,😭❤️,2024年11月11日 星期一 上午7:50,,,1,,,
amy.c31453,https://www.threads.com/@amy.c31453/post/DCLJ8-xvQYR,很好用，以後可能會常常使用ㄛ（？,2024年11月10日 星期日 上午10:36,@bookstw,"Photo by Amy on November 09, 2024.",3,1,,,https://www.threads.com/@bookstw/post/DCLOAZySoKn,好榮幸,2024年11月10日 星期日 上午11:11,,Jodie Comer GIF by Tony Awards,3,,,
amy.c31453,https://www.threads.com/@amy.c31453/post/DCJv6igPgQi,站起來！！（直接拿博編當哽圖）,2024年11月9日 星期六 下午9:29,@jacky32205673,"Photo by Amy on November 09, 2024. | Photo by Amy on November 09, 2024.",16,2,1,,https://www.threads.com/@bookstw/post/DCLIb6Eyzgj,好會用！！！,2024年11月10日 星期日 上午10:22,,,1,1,,
enengua423,https://www.threads.com/@enengua423/post/DCLDZldPZ04,因為小編 買了！,2024年11月10日 星期日 上午9:38,@bookstw,,1,1,,,https://www.threads.com/@bookstw/post/DCLG1HOygNQ,😍😍😍,2024年11月10日 星期日 上午10:08,,Jodie Comer GIF by Tony Awards,2,,,
ladybirkin211,https://www.threads.com/@ladybirkin211/post/DCKNp_bT1aj,請問這些都有電子版的嗎？謝謝,2024年11月10日 星期日 上午1:49,@bookstw,,1,1,,,https://www.threads.com/@bookstw/post/DCKj3dTz-zy,都有喔！💕,2024年11月10日 星期日 上午5:03,,,,,,
n90leyes0080,https://www.threads.com/@bookstw/post/DCGLwv8Sj8d,"2024-11-9
裡面有一段是真的，我自己帶便當也被路人男說過「妳老婆是很棒的老婆，只可惜是同性戀」，誰在乎你想什麼啊啊啊啊啊！我老婆是因為愛做飯才做便當給我吃的，不是因為我們在一起她就有義務幫我做飯，還有她是同性戀又怎樣，就算是直的，你這種咖也不配跟她在一起啦！吃你的超商便當去啦！
百合",2024年11月8日 星期五 下午12:17,,,10,1,,,https://www.threads.com/@bookstw/post/DCJkuA2yHYr,（用討伐棒拍桌附和）,2024年11月9日 星期六 下午7:51,,,3,,,
pumpkin_1123,https://www.threads.com/@pumpkin_1123/post/DCG0Do7zsNZ,推得太好了吧！能感受到滿滿的愛😍😍,2024年11月8日 星期五 下午6:07,@bookstw,,,,,,https://www.threads.com/@bookstw/post/DCG0j7RSZdG,絕對發自內心！有遺珠最心痛的也是我！（？）,2024年11月8日 星期五 下午6:12,,,,,,
jacky32205673,https://www.threads.com/@jacky32205673/post/DCGtQRpSX5g,幫推幫推 這幾本都很好看🥹 阿姨百合一定要有,2024年11月8日 星期五 下午5:08,@bookstw,,,,,,https://www.threads.com/@bookstw/post/DCGuA3DyL3P,阿姨百合超讚😋😋😋,2024年11月8日 星期五 下午5:15,,,,,,
_lunchrecord,https://www.threads.com/@_lunchrecord/post/DCGtzdeTlsU,貓與海的彼端！怎麼可以少了這本！,2024年11月8日 星期五 下午5:13,@bookstw,,,,,,https://www.threads.com/@bookstw/post/DCGt80-yWf6,你不知道小編為了集中在一分三十秒割了多少愛！（尖叫醜哭）,2024年11月8日 星期五 下午5:14,,,,,,
hi_iam_littledream,https://www.threads.com/@hi_iam_littledream/post/DCGpAcMSzX8,那推薦博小編看《妮波自由式》跟《影后》有女女吻戲🤤😍,2024年11月8日 星期五 下午4:31,@bookstw,,,,,,https://www.threads.com/@bookstw/post/DCGp9bnTidV,絕對是看爆！也是把《正年》當百合劇在追😍,2024年11月8日 星期五 下午4:39,,,,,,
amy.c31453,https://www.threads.com/@amy.c31453/post/DCGirbYPU8t,媽咪與狗創始人來ㄌ！ 感謝推推百合，尤其《再次綻放的花》阿姨百合真的讚一定要看！,2024年11月8日 星期五 下午3:35,@bookstw,,,,,,https://www.threads.com/@bookstw/post/DCGkrPGScPk,來了來了！妳來了！（很熟一樣）,2024年11月8日 星期五 下午3:53,,,,,,
fitcan,https://www.threads.com/@fitcan/post/DCGTMj3vL1O,😂😂😂好好笑小編真的愛欸XD 想做料理的她真的超好看！但最帥是美月💗💗💗,2024年11月8日 星期五 下午1:20,@bookstw,,,,,,https://www.threads.com/@bookstw/post/DCGXOc3zthm,真的都香到要死啦！,2024年11月8日 星期五 下午1:55,,,,,,
nkcouple,https://www.threads.com/@nkcouple/post/C_xC46Yy01h,博小編我想發問：真的很好用嗎~你有洗嗎~哈哈哈,2024年9月11日 星期三 下午2:11,@bookstw,,,,,,https://www.threads.com/@bookstw/post/C_xDwQcSL4i,當然是要用過！超茶樹精油，偷用肯定會被家人發現千萬要小心🙂‍↕️,2024年9月11日 星期三 下午2:18,,,,,,
fishpinpin,https://www.threads.com/@fishpinpin/post/C-8-7e7S1Lp,希望 @bookstw 可以改進🥲,2024年8月22日 星期四 上午8:56,@eason_hsiao,,,,,,https://www.threads.com/@bookstw/post/C-8_cXyy0LE,您好，我是小編～ 不好意思，這邊都有幫您回饋內部了。也希望客服可以協助您解決問題，可透過下列方式聯繫客服喔！服務時間週一～五 8:00～19:00，週六～日（或例假日）9:00～18:00，可撥打客服專線：02-26535588，或至客服信箱詢問：books.com.tw/quest…,2024年8月22日 星期四 上午9:00,,,,,,
threads,https://www.threads.com/@threads/post/C-awb93Oh-q,🧵,2024年8月9日 星期五 上午1:55,,,,,,,https://www.threads.com/@bookstw/post/C-buzOtSVWa,📚,2024年8月9日 星期五 上午11:00,,,,,,
emily.tovi.stinky,https://www.threads.com/@emily.tovi.stinky/post/C-WyBs3vkFf,"博客來29週年慶，有贈送禮券活動（詳情見留言），邀請我分享一點自己29歲時的事，我很快便開心地答應了。
想想我養過的貓，沒一隻沒躺過博客來的紙箱😸
「29歲的時候，我在香港一家出版社當設計師，負責兒童書籍和雜誌設計。除了應付工作，時常上網看日本的扭蛋、盒玩情報，還有跟朋友用MSN聊天（古代的通訊軟體。）我當年切換排版軟體與瀏覽器的動作快如閃電，有點自豪。
大概因為生活平淡沒事找事，我決定養貓。由於完全是新手，為著吸收養貓資訊，我上網找到台灣的貓論壇，在上面結識了一群台灣貓友。漸漸覺得在論壇曬貓照不夠滿足，於是開始經營部落格（古早線上日記），此後過著天天餵貓、剷屎、貓照拍不膩和上網寫貓的日子。
然後幾年之內，我整個人帶著貓一起移居台灣，變成在台北一邊工作、一邊寫貓，直至二十年後的今天。
29歲那一年不知道，當時隨心而為的一切，都是種子，日後竟然種出一棵果樹。
細思極恐也極欣慰，即使多不經意，我們每天都在撒種子，可能甚至不知道自己在種什麼鬼，但未來總有一些會忽然開花，有些會慢慢結果。」
#博客來29週年慶 @bookstw 1/2",2024年8月7日 星期三 下午12:52,,"Photo by Emily Chan on August 06, 2024.",,,,,https://www.threads.com/@bookstw/post/C-XBGrhyigj,❤️❤️❤️❤️,2024年8月7日 星期三 下午3:04,,,,,,
donndai_tw,https://www.threads.com/@donndai_tw/post/DCJNzrfSvCm,"小編對百合的愛完全透過螢幕傳遞過來了😆
我也有一本小說在準備中，希望能加入這個行列！！",2024年11月9日 星期六 下午4:31,@bookstw,,25,2,,1,https://www.threads.com/@bookstw/post/DCJO-vcy5Ax,好期待！！！！,2024年11月9日 星期六 下午4:41,,,1,,,
coco_yuuchan,https://www.threads.com/@coco_yuuchan/post/DCI30m2yVCI,想做料理跟愛吃美食那部是不是只有代理到第二集而已🥹 我都不敢買,2024年11月9日 星期六 下午1:19,@bookstw,,1,1,,,https://www.threads.com/@bookstw/post/DCJNWpHyPuJ,還是要買還是要看😭,2024年11月9日 星期六 下午4:27,,,,,,
pipipin1369,https://www.threads.com/@pipipin1369/post/DCJF2_LzKUo,"《想做料理的她與愛吃美食的她》超好看⋯⋯⋯bookwalker有電子書⋯⋯
百合
2024-11-8",2024年11月9日 星期六 下午3:21,,"Photo by Pin Hsuan on November 08, 2024.",22,2,,,https://www.threads.com/@bookstw/post/DCJH0E8y8aY,博⋯博客來也有😭,2024年11月9日 星期六 下午3:38,,,7,1,,
amy.c31453,https://www.threads.com/@amy.c31453/post/DCIknwfP9YH,用V的gif真的好有品味www,2024年11月9日 星期六 上午10:31,@bookstw,"Photo by Amy on November 08, 2024.",2,1,,,https://www.threads.com/@bookstw/post/DCIro2Uy155,一定要的！🪑緹也是有品味😋,2024年11月9日 星期六 上午11:32,,,3,,,
lazurite.she,https://www.threads.com/@lazurite.she/post/DCHol0PTAPJ,媽咪X同學派 +1！！！ 自推一下我本人也有在博客來上架、今年八月底出版的奇幻小說《死鬼萬事屋》，副線是百合，輕鬆可愛的青春成長療癒之旅。 希望博小編也能來看看，跟朵延和馥萱一起承接鬼魂的委託，順便談一場甜甜蜜蜜的戀愛～ books.com.tw/produ…,2024年11月9日 星期六 上午1:46,@bookstw,"Photo by 琉璃星人 on November 08, 2024.",27,1,1,,https://www.threads.com/@bookstw/post/DCIrhjYyGZ4,喔買尬會看😭💓,2024年11月9日 星期六 上午11:31,,,1,,,
emocandy0715,https://www.threads.com/@emocandy0715/post/DCHGu9PzVKr,"「連電影《鬼才知道》都可以看成百合片」
為什麼要寫「連」，難道一般人看覺得不是嗎？！
百合",2024年11月8日 星期五 下午8:51,,,5,2,,,https://www.threads.com/@bookstw/post/DCHL-n_ybMd,😍😍😍,2024年11月8日 星期五 下午9:36,,,1,1,,
freeckyl,https://www.threads.com/@freeckyl/post/DCHB001yiBR,@bookstw 雖然可是那個但是，《少女之愛》是楊双子（楊若暉）的作品，不是楊双子（楊若慈）的作品……,2024年11月8日 星期五 下午8:08,@bookstw,,4,1,,,https://www.threads.com/@bookstw/post/DCHLrWIyG1_,是的是的！抱歉不夠篇幅說明😖,2024年11月8日 星期五 下午9:34,,,,,,
ahappytortoise,https://www.threads.com/@ahappytortoise/post/DCGWzUoyRks,我才買完漫畫博客來就百合特價什麼意思🤡,2024年11月8日 星期五 下午1:52,,,4,4,,,https://www.threads.com/@bookstw/post/DCG0-uFSV8i,再來繼續買（？😭,2024年11月8日 星期五 下午6:15,,,3,1,,
aqingqing__,https://www.threads.com/@aqingqing__/post/C-Ikls5SjLS,真的有夠喜歡 從藤野的四格用動畫呈現開始就爆淚 雖然都是熟透的劇情 但是看著它以動畫的形式出現在眼前 會有藤野和京本活過來的感覺 能看到這部電影實在太好了,2024年8月2日 星期五 上午12:25,@bookstw,,1,1,,,https://www.threads.com/@bookstw/post/C-PpDoWyU-l,不好意思，因為明信片數量有多，所以這邊有加碼。 恭喜您單獨中獎一張明信片喔！ 請您私訊博客來的IG～ 讓我們再跟您做後續的接洽喔❤️❤️,2024年8月4日 星期日 下午6:19,,,,,,
znnnnll4,https://www.threads.com/@znnnnll4/post/C-LQzAgStQY,誕生在這個世界很糟糕，但有藤本樹這個人的存在、驀然回首的誕生、畫師、導演、製作組的各位、代理的片商 讓我在過去有了「不能死，要活著看到這部電影」的動力,2024年8月3日 星期六 上午1:30,@bookstw,,7,1,,,https://www.threads.com/@bookstw/post/C-Po8TMS5yi,不好意思，因為明信片數量有多，所以這邊有加碼。 恭喜您單獨中獎一張明信片喔！ 請您私訊博客來的IG～ 讓我們再跟您做後續的接洽喔❤️❤️,2024年8月4日 星期日 下午6:18,,,,,,
yca_8941,https://www.threads.com/@yca_8941/post/C-H8h45y1jN,京本問藤野為了什麼而畫漫畫後 藤野想到的是京本看了他的畫的漫畫後露出的表情，看到這一幕雖然沒有任何台詞但完全讓人秒懂藤野的動力是來自哪裡 看到這邊就覺得幸好我有來電影院看🥹,2024年8月1日 星期四 下午6:35,@bookstw,,1,1,,,https://www.threads.com/@bookstw/post/C-Pon1sy-6T,恭喜你中獎！請私訊博客來的IG～ 讓我們再跟您做後續的接洽喔！,2024年8月4日 星期日 下午6:15,,,1,,,
riverzong___riverr,https://www.threads.com/@riverzong___riverr/post/C-Bu-wITLNS,心好痛 我會去找來看的😔,2024年7月30日 星期二 上午8:41,@bookstw,,3,1,,,https://www.threads.com/@bookstw/post/C-BvHZuSoEF,❤️🫂,2024年7月30日 星期二 上午8:42,,,1,,,
norway_taiwan,https://www.threads.com/@norway_taiwan/post/C-BkvDPKiLZ,小時候也很希望自己沒有感覺呢⋯⋯,2024年7月30日 星期二 上午7:12,@bookstw,,1,1,,,https://www.threads.com/@bookstw/post/C-BvFdKyvKL,辛苦了❤️🫂,2024年7月30日 星期二 上午8:42,,,,,,
rong_jing188,https://www.threads.com/@rong_jing188/post/C94jE-gvqjz,直接扭曲,2024年7月26日 星期五 下午7:04,@bookstw,,1,1,,,https://www.threads.com/@bookstw/post/C94jJTaSmEq,額頭直接凹陷,2024年7月26日 星期五 下午7:05,,,1,,,
healthspan_tw,https://www.threads.com/@healthspan_tw/post/C9L6XyxvOOO,愛玲 牆上的蚊子血怎麼清(;´༎ຶД༎ຶ`),2024年7月9日 星期二 上午11:02,@bookstw,,1,1,,,https://www.threads.com/@bookstw/post/C9L-T0My7if,愛玲覺得很頭痛！,2024年7月9日 星期二 上午11:36,,,1,,,
amc.english4u,https://www.threads.com/@amc.english4u/post/C9JlHJoyxoA,張粉：(很氣可是還是想下單),2024年7月8日 星期一 下午1:17,@bookstw,,6,1,,,https://www.threads.com/@bookstw/post/C9JpECQStgV,好喜歡,2024年7月8日 星期一 下午1:52,,,,,,
ezkon_restaurant,https://www.threads.com/@ezkon_restaurant/post/C9ICtGaPIbg,演技太好了！！！沒開聲音也笑翻💯💯💯,2024年7月7日 星期日 下午10:58,@bookstw,,1,1,,,https://www.threads.com/@bookstw/post/C9JVdFeSvJd,請開聲音><,2024年7月8日 星期一 上午11:01,,,2,1,,
niunuccy_,https://www.threads.com/@niunuccy_/post/C9H4UhiyRVF,超好笑 留言發現忘記附連結更好笑,2024年7月7日 星期日 下午9:27,@bookstw,,4,1,,,https://www.threads.com/@bookstw/post/C9JVZqCyjZo,可惡不要笑><,2024年7月8日 星期一 上午11:00,,,,,,
nekoyama_meme_maker,https://www.threads.com/@nekoyama_meme_maker/post/C9Hjos2PYo5,好用心~ 建議再增加一種情緒：,2024年7月7日 星期日 下午6:26,@bookstw,White Cat Hello GIF,1,1,,,https://www.threads.com/@bookstw/post/C9JVXGnSu9K,情緒名字可能叫抓抓或摸摸或貓貓或氣喘或救命或好可愛,2024年7月8日 星期一 上午11:00,,,2,,,
booklife99love,https://www.threads.com/@booklife99love/post/C9CEt0eus6Y,"感謝各位讀者支持！
煩惱最近要讀什麼書的朋友們， 要不要直接參考這份榜單（⁎⁍̴̛ᴗ⁍̴̛⁎）",2024年7月5日 星期五 下午3:20,,,36,3,2,4,https://www.threads.com/@bookstw/post/C9EH0U4ye4_,要,2024年7月6日 星期六 上午10:25,,Yep Yes GIF by C H A R L Ö T T E,9,1,,
mikoservicetw,https://www.threads.com/@mikoservicetw/post/C9C2apYvQwU,這是一齣日劇對嗎？有看過欸！超可愛的,2024年7月5日 星期五 下午10:34,@bookstw,,2,1,,,https://www.threads.com/@bookstw/post/C9D4o8dSkKi,沒錯有改編日劇❤️,2024年7月6日 星期六 上午8:13,,,1,,,
umiori__,https://www.threads.com/@umiori__/post/C8_QSDqvluL,"博客來
我真的很氣^ ^ 博客來 只包了一層泡泡紙跟破壞袋就寄來了 連厚紙板都沒有== 資料夾上面都是凹痕 而且他還少寄一張小卡給我 我氣到瘋掉欸 我想說是不是藏在哪 結果就是少寄 1 / 2",2024年7月4日 星期四 下午1:03,,"Photo by 魚 on July 03, 2024.",254,66,7,41,https://www.threads.com/@bookstw/post/C9CXn1ISwsx,各位好： 非常抱歉，由於原廠商包裝的疏失，部分訂單少了一張收藏圖卡。經過確認，我們將於7月9日起陸續以掛號方式將缺少的收藏圖卡補寄至您原訂單的地址。 今後也會改進包裝流程，以避免類似情況再次發生，對於此次造成的不便，敬請見諒。 感謝您的理解與支持。,2024年7月5日 星期五 下午6:05,,,60,1,2,6
linhomelybakery,https://www.threads.com/@linhomelybakery/post/C8_eP7lzQq5,蛋黃酥難道是 蛋是黃上臣妾不想酥（這個會被開除嗎）,2024年7月4日 星期四 下午3:05,@bookstw,,11,1,,,https://www.threads.com/@bookstw/post/C8_e6ebyJEh,很想幫你加分,2024年7月4日 星期四 下午3:11,,,3,,,
nao_shin0206,https://www.threads.com/@nao_shin0206/post/C8_PsLiv5LL,看到小編這麼辛苦 我等等去下標珍奶🧋包,2024年7月4日 星期四 下午12:58,@bookstw,,3,1,,,https://www.threads.com/@bookstw/post/C8_SZj_StZ-,🥹🥹🥹🥹❤️,2024年7月4日 星期四 下午1:22,,,,,,
wen_neko86,https://www.threads.com/@wen_neko86/post/C8_Ja5yP12x,"猫男的隸書
博客來 @bookstw 我大哥， 昨天上午十點半下訂單（買超多 剛剛快十一點時黑貓就送來了
猫男的隸書 本喵也是博客來的 死忠顧客ㄌ（國小就開始買書了
臺灣商務印書館也是本喵很愛的 出版之一，收到印書館的甲骨文 鑰匙圈，滿開心ㄉ (〃'▽'〃)",2024年7月4日 星期四 下午12:03,,"Photo by Wen ^•ﻌ•^ฅ ♡ 猫男 on July 03, 2024. | Photo by Wen ^•ﻌ•^ฅ ♡ 猫男 on July 03, 2024. | Photo by Wen ^•ﻌ•^ฅ ♡ 猫男 on July 03, 2024. | Photo by Wen ^•ﻌ•^ฅ ♡ 猫男 on July 03, 2024.",7,1,,,https://www.threads.com/@bookstw/post/C8_JuL6Sere,(＞人＜;)❤️,2024年7月4日 星期四 下午12:06,,,2,,,
hola.taiwan,https://www.threads.com/@hola.taiwan/post/C89VxYlPVl3,98。不活了。,2024年7月3日 星期三 下午7:13,@bookstw,"Photo by HOLA 和樂家居 on July 03, 2024.",1,1,,,https://www.threads.com/@bookstw/post/C89V50bS8qb,🙏🏻,2024年7月3日 星期三 下午7:14,,,,,,
purezenclinic,https://www.threads.com/@purezenclinic/post/C89S4m-BN4P,我還有13分鐘是不是該把讚收回😂,2024年7月3日 星期三 下午6:47,@bookstw,,1,1,,,https://www.threads.com/@bookstw/post/C89VtdYy6Aj,恭喜下班了！,2024年7月3日 星期三 下午7:12,,,1,,,
oa_3c,https://www.threads.com/@oa_3c/post/C89VgnQhNcs,我七點,2024年7月3日 星期三 下午7:10,@bookstw,,1,1,,,https://www.threads.com/@bookstw/post/C89VrboSADK,恭喜下班！,2024年7月3日 星期三 下午7:12,,,,,,
hola.taiwan,https://www.threads.com/@hola.taiwan/post/C89VAmZPDhT,手機還有電的一天，沒有下班的一天,2024年7月3日 星期三 下午7:06,@bookstw,,,1,,,https://www.threads.com/@bookstw/post/C89VqLXyK3a,,2024年7月3日 星期三 下午7:12,,Swipe Glow GIF by jjjjjohn,,1,,
secondfloorcafe,https://www.threads.com/@secondfloorcafe/post/C89PjpUPIYe,下班是什麼好吃嗎？,2024年7月3日 星期三 下午6:18,@bookstw,,4,1,,,https://www.threads.com/@bookstw/post/C89Py6LSe6f,超好吃 每天五點DAMN下班,2024年7月3日 星期三 下午6:20,,,1,,,
poshupstore.tw,https://www.threads.com/@poshupstore.tw/post/C89OOm3Sme3,接著上媽媽夜班🥲,2024年7月3日 星期三 下午6:07,@bookstw,,2,1,,,https://www.threads.com/@bookstw/post/C89PQ0YS9wU,辛苦了🫠🫠🫠❤️,2024年7月3日 星期三 下午6:16,,,1,,,
lucidbook,https://www.threads.com/@lucidbook/post/C89MazZv94W,才五點，太早了吧！,2024年7月3日 星期三 下午5:51,@bookstw,,,1,,,https://www.threads.com/@bookstw/post/C89MuyNy5L2,,2024年7月3日 星期三 下午5:54,,Tired Good Night GIF by Holler Studios,2,,,
rightmkt_lab,https://www.threads.com/@rightmkt_lab/post/C89JuIFP0o5,帶我走~,2024年7月3日 星期三 下午5:27,@bookstw,,1,1,,,https://www.threads.com/@bookstw/post/C89MmU2yEhd,到遙遠的以後,2024年7月3日 星期三 下午5:52,,,1,1,,
iamfreedom168,https://www.threads.com/@iamfreedom168/post/C89KauspZMR,我按了 結果忘記自己還沒下班,2024年7月3日 星期三 下午5:33,@bookstw,,3,1,,,https://www.threads.com/@bookstw/post/C89MlCISnBf,🤡,2024年7月3日 星期三 下午5:52,,,,,,
lookme_flow,https://www.threads.com/@lookme_flow/post/C89LCc-SD-6,還沒下班啦 天氣熱餅都沒有賣到什麼🥲,2024年7月3日 星期三 下午5:39,@bookstw,,1,1,,,https://www.threads.com/@bookstw/post/C89Mi-CyfH1,辛苦了🫠🫠❤️,2024年7月3日 星期三 下午5:52,,,,,,
uc8.14,https://www.threads.com/@uc8.14/post/C89LMpFBgrk,再⋯半小⋯時⋯,2024年7月3日 星期三 下午5:40,@bookstw,,1,1,,,https://www.threads.com/@bookstw/post/C89MgUcS1Jr,加⋯油⋯⋯,2024年7月3日 星期三 下午5:52,,,1,,,
dalla.scent,https://www.threads.com/@dalla.scent/post/C89HyQfPT2J,我還不能按ᵕ᷄≀ ̠˘᷅,2024年7月3日 星期三 下午5:10,@bookstw,,2,1,,,https://www.threads.com/@bookstw/post/C89H19WSzHx,被顏文字生動到,2024年7月3日 星期三 下午5:11,,,1,,,
taog.game,https://www.threads.com/@taog.game/post/C89D5N2xgje,挺到明天就公休了！,2024年7月3日 星期三 下午4:36,@bookstw,,1,1,,,https://www.threads.com/@bookstw/post/C89F01Iysbu,😡,2024年7月3日 星期三 下午4:53,,,1,,,
egg_chamber_,https://www.threads.com/@egg_chamber_/post/C89FsajSd4K,明天就公休了 🤪,2024年7月3日 星期三 下午4:52,@bookstw,,3,1,,,https://www.threads.com/@bookstw/post/C89Fw2mSJR1,😡,2024年7月3日 星期三 下午4:53,,,,,,
footer_tw,https://www.threads.com/@footer_tw/post/C89C3dzvW-E,16:27了🙌🏻🙌🏻,2024年7月3日 星期三 下午4:27,@bookstw,,1,1,,,https://www.threads.com/@bookstw/post/C89C6pFybBM,振奮人心,2024年7月3日 星期三 下午4:28,,,,,,
bounty_huntr,https://www.threads.com/@bounty_huntr/post/C89CbekSviL,好哇！不要把我們的回憶擋在外面都好,2024年7月3日 星期三 下午4:24,@bookstw,,2,1,,,https://www.threads.com/@bookstw/post/C89Cl8aSU3Q,當然！不會停止想念在我的天空蔓延,2024年7月3日 星期三 下午4:25,,,3,,,
twdd.tw,https://www.threads.com/@twdd.tw/post/C89BcHiSoRW,好想下班,2024年7月3日 星期三 下午4:15,@bookstw,,,1,,,https://www.threads.com/@bookstw/post/C89Bn6dSwij,我昨晚躺在床上就好想下班了，我先想的，我不能輸（？？？？）,2024年7月3日 星期三 下午4:16,,,,,,
bounty_huntr,https://www.threads.com/@bounty_huntr/post/C89BZG-SPg6,請後天吧...可以連再一起....,2024年7月3日 星期三 下午4:14,@bookstw,,2,1,,,https://www.threads.com/@bookstw/post/C89BgGlSfnQ,說得也是，不然請兩天吧，通通連在一起，畫一個圈把自己關在裡面,2024年7月3日 星期三 下午4:15,,,2,1,,
blahblahbar.a8,https://www.threads.com/@blahblahbar.a8/post/C88XBScvEOZ,"召喚小編
請問各品牌的小編今天要發什麼文😀 召喚小編",2024年7月3日 星期三 上午10:04,,,85,100,,2,https://www.threads.com/@bookstw/post/C89A7J-SJTb,倒數下班文,2024年7月3日 星期三 下午4:10,,,,,,
joniro_tw,https://www.threads.com/@joniro_tw/post/C89AqeQvx72,現在時間 16:08 下班倒數時間 52分鐘,2024年7月3日 星期三 下午4:08,@bookstw,,2,1,,,https://www.threads.com/@bookstw/post/C89A1TtS7lM,現在時間 16:10 下班倒數時間 50分鐘,2024年7月3日 星期三 下午4:10,,,,,,
sussflora,https://www.threads.com/@sussflora/post/C89AFP-S2l8,我容易嗎我💧,2024年7月3日 星期三 下午4:03,@bookstw,,1,1,,,https://www.threads.com/@bookstw/post/C89AR60Sj88,不容易（線上落淚）,2024年7月3日 星期三 下午4:05,,,1,1,,
hantingyao,https://www.threads.com/@hantingyao/post/C886bcWyMRD,好想看書,2024年7月3日 星期三 下午3:14,@bookstw,,1,1,,,https://www.threads.com/@bookstw/post/C886r45SDQ1,看！小編都直接上班看！,2024年7月3日 星期三 下午3:16,,,1,1,,
ocare__shop,https://www.threads.com/@ocare__shop/post/C88l59wyBby,大會報告：下班時間倒數5小時！,2024年7月3日 星期三 下午12:14,@bookstw,,,1,,,https://www.threads.com/@bookstw/post/C88vG4xyfRB,收到🫡,2024年7月3日 星期三 下午1:35,,,1,,,
npm_south,https://www.threads.com/@npm_south/post/C88PLgbBhj_,一個頂級的男團需要具備什麼條件？ 1 / 2,2024年7月3日 星期三 上午8:56,,,3222,353,69,117,https://www.threads.com/@bookstw/post/C88TdcFSVrD,要有我,2024年7月3日 星期三 上午9:33,,,200,1,,
lmd.plz,https://www.threads.com/@lmd.plz/post/C87RWoGS8_W,謝謝小編～買了悲傷長號和桌上型告解室XD,2024年7月2日 星期二 下午11:55,@bookstw,,1,1,,,https://www.threads.com/@bookstw/post/C88DWKfSCXI,😍好讚,2024年7月3日 星期三 上午7:12,,,1,,,
nekoyama_meme_maker,https://www.threads.com/@shrimp_.magic/post/C82MUGkSFot,"小編
準備來看一直住在我家的小鬼頭繼續耍寶（X) 等了很久的服部平次&怪盜基德夢幻對決（O) 😻♠️⚔️
@bookstw 已購！ 抽問小編 最喜歡柯南哪個角色？ 1 / 2",2024年7月1日 星期一 上午12:35,,"Photo by 貓山先生 on June 30, 2024. | Photo by 女魔術師 蝦蝦 on June 30, 2024.",24,4,,1,https://www.threads.com/@bookstw/post/C830EZZSGN5,不好意思私心最愛小五郎！！,2024年7月1日 星期一 下午3:42,,,9,,,
nami_7613,https://www.threads.com/@nami_7613/post/C81-_GcyLus,召喚 @bookstw 不好嗎🥹,2024年6月30日 星期日 下午10:39,@myla0819,,1,1,,,https://www.threads.com/@bookstw/post/C81_EMoSW0I,抵達,2024年6月30日 星期日 下午10:39,,,4,,,
tsuki.729,https://www.threads.com/@tsuki.729/post/C8zrcGEvZjf,博客來包裝簡陋已經被說很多次了 看起來也沒有要改進的意思啊😀 但出貨前檢查一下商品也很困難嗎？ 這個書封根本就是大損了欸 我雖然沒有要收藏最強JUMP 是為了蒐集附錄才買的 而且我等這本也有快一個月了 真的是超傻眼😇 1 / 2,2024年6月30日 星期日 上午1:10,,,1178,166,46,91,https://www.threads.com/@bookstw/post/C80nsp_y0a0,不好意思，博小編有找物流單位瞭解，主要原因是我們的出貨作業有加入環境部推動的「網購包裝減量」政策，還請大家諒解。如果商品有碰撞損壞，請務必聯繫我們客服單位做退換貨的處理，非常抱歉。,2024年6月30日 星期日 上午9:56,,,433,27,3,6
shopee_tw,https://www.threads.com/@shopee_tw/post/C8yTvhqvrbh,你可以曬另一半,2024年6月29日 星期六 下午12:23,@bookstw,,40,2,,1,https://www.threads.com/@bookstw/post/C8yvhv6ycuT,😡,2024年6月29日 星期六 下午4:26,,,3,,,
mr.doumiao,https://www.threads.com/@mr.doumiao/post/C8vyoqeSmP0,謝謝博小編🫶🏻,2024年6月28日 星期五 下午12:55,@bookstw,,3,1,,,https://www.threads.com/@bookstw/post/C8v3AUHSGHW,💗,2024年6月28日 星期五 下午1:34,,,,,,
mr.doumiao,https://www.threads.com/@mr.doumiao/post/C8vkTCPyWdm,主管：,2024年6月28日 星期五 上午10:50,@bookstw,"Photo by 豆苗先生🌱 on June 27, 2024.",509,1,1,1,https://www.threads.com/@bookstw/post/C8vk-ydy9Tx,博小編已購入此套貼圖，上班族必備！,2024年6月28日 星期五 上午10:56,,,20,2,,1
lmd.plz,https://www.threads.com/@lmd.plz/post/C8toRh5yEO5,"這是回覆已無法顯示的貼文
求左邊那是什麼！！！",2024年6月27日 星期四 下午4:46,,,1,1,,,https://www.threads.com/@bookstw/post/C8vbG2sS5S9,"來這邊！你值得擁有！ bookstw.link/63pek… bookstw.link/63pet…
books.com.tw
苦海小提琴Tiny Violin: Soundtrack for Your Sob Story",2024年6月28日 星期五 上午9:30,,苦海小提琴Tiny Violin: Soundtrack for Your Sob Story,1,1,,
owljourney_,https://www.threads.com/@owljourney_/post/C8tj3fPPoQd,所以20週年是真的嗎！,2024年6月27日 星期四 下午4:08,@bookstw,,3,1,,,https://www.threads.com/@bookstw/post/C8tszCcS-g5,半真半假！（到底？ 翻譯,2024年6月27日 星期四 下午5:26,,,1,,,
qiuroth,https://www.threads.com/@qiuroth/post/C8tmdDsv8Yy,《移情心理學》跟《中年之路》、《榮格論脈輪》、《卜卦占星套書》買起來！,2024年6月27日 星期四 下午4:30,@bookstw,,9,1,,,https://www.threads.com/@bookstw/post/C8tspkmSMIR,書單很漂亮！！,2024年6月27日 星期四 下午5:25,,,1,,,
blest1023,https://www.threads.com/@blest1023/post/C8tdRIfPkVK,"反問 員工今日為何不開心 A：因為上班打卡8:30算遲到 B：主管一開會就是2個小時 C：主管處處找麻煩 D：主管在6/27、6/28博客來讀書日買了一堆書要員工看，並且要在開週會時進行心得報告
答案：D
前同事們要小心了有看不完的書了 😵‍💫",2024年6月27日 星期四 下午3:10,@bookstw,,99,1,,,https://www.threads.com/@bookstw/post/C8tg_lZyB41,好喜歡,2024年6月27日 星期四 下午3:43,,,12,,,
zazard,https://www.threads.com/@zazard/post/C8tVC00vaf6,我就問你要多癲 ？ 😍,2024年6月27日 星期四 下午1:58,@bookstw,,22,1,,,https://www.threads.com/@bookstw/post/C8tVg7zSAcm,😍,2024年6月27日 星期四 下午2:02,,,4,,,
borningisme,https://www.threads.com/@borningisme/post/C8q73Umpd5y,所以讀完了這本的小編會換人嗎（？,2024年6月26日 星期三 下午3:40,@bookstw,,,1,,,https://www.threads.com/@bookstw/post/C8q87-My_R1,不會(＞人＜;),2024年6月26日 星期三 下午3:49,,,1,,,
bomy_family,https://www.threads.com/@bomy_family/post/C8mnWvAPfe3,放什麼火啊,2024年6月24日 星期一 下午11:24,@bookstw,,5,1,,,https://www.threads.com/@bookstw/post/C8nvSvuSGXU,🔥燒到自己,2024年6月25日 星期二 上午9:52,,,1,,,
orissichotpot,https://www.threads.com/@orissichotpot/post/C8ebpCTPjeC,想知道天公伯的來電答鈴,2024年6月21日 星期五 下午7:07,@bookstw,,4,1,,,https://www.threads.com/@bookstw/post/C8epYmbShtR,蔡依林的愛無赦（被天公伯打,2024年6月21日 星期五 下午9:07,,,2,2,,
mumu._028,https://www.threads.com/@mumu._028/post/C8eb8woSxpY,網路訂購單本的包材配置有夠ooxx，書本被凹的不成書形,2024年6月21日 星期五 下午7:10,@bookstw,,,1,,,https://www.threads.com/@bookstw/post/C8ecFZtShFD,非常抱歉，如果有這樣損壞的情形，還請您務必聯絡客服協助您做退換貨的處理喔！,2024年6月21日 星期五 下午7:11,,,1,,,
oo_cat_821,https://www.threads.com/@oo_cat_821/post/C8eBI8JvRCz,看到了嗎、我在笑😎,2024年6月21日 星期五 下午3:16,@bookstw,"Photo by 歐墨兄妹🐈‍⬛ on June 21, 2024.",8,1,,,https://www.threads.com/@bookstw/post/C8eBbuPyulj,看到了小可愛,2024年6月21日 星期五 下午3:18,,,1,,,
fenfenfen0615,https://www.threads.com/@fenfenfen0615/post/C8eBMqJvJAm,後來呢？,2024年6月21日 星期五 下午3:16,@bookstw,,,1,,,https://www.threads.com/@bookstw/post/C8eBZodShvZ,連結底家～,2024年6月21日 星期五 下午3:18,@bookstw,"Photo by 博客來 on June 20, 2024. | Photo by 博客來 on June 20, 2024. | Photo by 博客來 on June 20, 2024. | Photo by 博客來 on June 20, 2024. | Photo by 博客來 on June 20, 2024. | Photo by 博客來 on June 20, 2024. | Photo by 博客來 on June 20, 2024.",2,,,
1cxzen,https://www.threads.com/@1cxzen/post/C8d8zI8PA6u,分鏡好厲害😳,2024年6月21日 星期五 下午2:38,@bookstw,,1,1,,,https://www.threads.com/@bookstw/post/C8d_-b9y6Qu,畫面感真的很強！,2024年6月21日 星期五 下午3:06,,,,,,
bounty_huntr,https://www.threads.com/@bounty_huntr/post/C8d5iaUyjyL,拒絕,2024年6月21日 星期五 下午2:09,@bookstw,,,1,,,https://www.threads.com/@bookstw/post/C8d6aYryMSS,🙃,2024年6月21日 星期五 下午2:17,,,,,,
___kaede.26,https://www.threads.com/@___kaede.26/post/C8d0oyjSMX-,你好棒 謝謝你的轉達 我幫你轉推出去₍ᐢ‥ᐢ₎ ♡,2024年6月21日 星期五 下午1:27,@bookstw,,2,1,,,https://www.threads.com/@bookstw/post/C8d4QEIydR9,謝謝你～！！,2024年6月21日 星期五 下午1:58,,,,,,
zenyum.tw,https://www.threads.com/@zenyum.tw/post/C8dvr5-Pzic,笑，就對了🙂‍↕️🙂‍↕️,2024年6月21日 星期五 下午12:43,@bookstw,,1,1,,,https://www.threads.com/@bookstw/post/C8dvwkzyUlc,很適合加入心笑會,2024年6月21日 星期五 下午12:44,,,1,,,
sunrisepress2.0,https://www.threads.com/@sunrisepress2.0/post/C8duhjcRLOn,🙂🙂🙂,2024年6月21日 星期五 下午12:33,@bookstw,,1,1,,,https://www.threads.com/@bookstw/post/C8dvj65S_eO,🌝,2024年6月21日 星期五 下午12:42,,,,,,
kidneyst,https://www.threads.com/@kidneyst/post/C8dvVtxyAdK,突然覺得高雄不熱了,2024年6月21日 星期五 下午12:40,@bookstw,,5,1,,,https://www.threads.com/@bookstw/post/C8dveCPSXdX,太好了🌝,2024年6月21日 星期五 下午12:41,,,2,,,
haylhy.0826,https://www.threads.com/@haylhy.0826/post/C8dt9IKyaBP,你是最堅強的博客來 不許哭,2024年6月21日 星期五 下午12:28,@bookstw,,2,1,,,https://www.threads.com/@bookstw/post/C8duICcSwnc,,2024年6月21日 星期五 下午12:30,,What If Ok GIF by Ryn Dean,,,,
haylhy.0826,https://www.threads.com/@haylhy.0826/post/C8dtv3LyZUR,我不要,2024年6月21日 星期五 下午12:26,@bookstw,,,1,,,https://www.threads.com/@bookstw/post/C8dt1IFSos4,蠻難過,2024年6月21日 星期五 下午12:27,,,,1,,
minxinisgood,https://www.threads.com/@minxinisgood/post/C8dto0lBQyx,你是什麼地方農委會嗎,2024年6月21日 星期五 下午12:25,@bookstw,,,1,,,https://www.threads.com/@bookstw/post/C8dtzJlSFJS,地方愛回留言委員會,2024年6月21日 星期五 下午12:27,,Confess Hands Up GIF by Farmer Wants A Wife,,,,
minxinisgood,https://www.threads.com/@minxinisgood/post/C8dtYQahXZm,謝謝你讓我笑出來,2024年6月21日 星期五 下午12:23,@liqun_bakery,,,1,,,https://www.threads.com/@bookstw/post/C8dtbRfymWR,不客氣(⁎⁍̴̛ᴗ⁍̴̛⁎),2024年6月21日 星期五 下午12:24,,,,1,,
playoneowo,https://www.threads.com/@playoneowo/post/C8dtWnRy1Rn,起肖算是一種笑嗎,2024年6月21日 星期五 下午12:23,@bookstw,,7,1,,,https://www.threads.com/@bookstw/post/C8dtZo2STX7,蒜,2024年6月21日 星期五 下午12:23,,,2,,,
smallwatsonamelia,https://www.threads.com/@smallwatsonamelia/post/C8dtOCcSonS,你有看到我的推嗎？ OK,2024年6月21日 星期五 下午12:22,@bookstw,"Photo by Ame on June 20, 2024.",2,1,,,https://www.threads.com/@bookstw/post/C8dtX6QSMLl,看到了，㊗️福,2024年6月21日 星期五 下午12:23,,,1,,,
liqun_bakery,https://www.threads.com/@liqun_bakery/post/C8dtHmRyWbn,看了但笑不出來惹（抖,2024年6月21日 星期五 下午12:21,@bookstw,,6,2,,,https://www.threads.com/@bookstw/post/C8dtMeVyLFM,這就是我要的（笑）我要大家一起顫抖！,2024年6月21日 星期五 下午12:22,,,1,,,
_showba_,https://www.threads.com/@_showba_/post/C8dk-D1vFjj,"又快到了午餐time🍱
以下開放分享 最討厭的便當店菜色 據說前三名是：三色豆、茄子、電話線 1 / 2",2024年6月21日 星期五 上午11:10,,,119,124,,,https://www.threads.com/@bookstw/post/C8dtAoESxm7,幫電話線平反,2024年6月21日 星期五 下午12:20,,,8,2,,
_showba_,https://www.threads.com/@_showba_/post/C8ds237PVJ5,已閱，還留言了。,2024年6月21日 星期五 下午12:19,@bookstw,,11,1,,,https://www.threads.com/@bookstw/post/C8ds57JyF0m,整個就是收到了,2024年6月21日 星期五 下午12:19,,,2,,,
sunrisepress2.0,https://www.threads.com/@sunrisepress2.0/post/C8dqam6xelJ,我太生氣博小編竟然沒看吉伊卡哇😡（難道會為此絕交？）,2024年6月21日 星期五 上午11:57,@bookstw,,1,1,,,https://www.threads.com/@bookstw/post/C8dsZHCyPxs,有啦有,2024年6月21日 星期五 下午12:15,,Animated GIF,1,,,
sakura_5.4.0_3.e,https://www.threads.com/@sakura_5.4.0_3.e/post/C7qU8NgvK5Q,如果網路書店們再繼續裸寄書本 很快就要沒人看實體書了:),2024年6月1日 星期六 下午1:28,@bookstw,,40,5,1,,https://www.threads.com/@bookstw/post/C8dr8lQSIVy,您好，不好意思，博小編這幾天有找物流單位瞭解，主要原因是我們的出貨作業有加入環境部推動的「網購包裝減量」政策，還請大家諒解。如果各位的商品有任何碰撞損壞的部份，也請務必聯繫客服單位做退換貨的處理。真的很感謝大家的支持。,2024年6月21日 星期五 下午12:11,,,,,,
___kaede.26,https://www.threads.com/@___kaede.26/post/C8UP1dVvnHc,@bookstw 上次答應我會轉達的,2024年6月17日 星期一 下午8:12,@cchan.ch_,,8,2,,,https://www.threads.com/@bookstw/post/C8drxpSStqO,不好意思，博小編這幾天有找物流單位瞭解，主要原因是我們的出貨作業有加入環境部推動的「網購包裝減量」政策，還請大家諒解。如果各位的商品有任何碰撞損壞的部份，也請務必聯繫客服單位做退換貨的處理。真的很感謝大家的支持。,2024年6月21日 星期五 下午12:09,,,5,2,1,
sunrisepress2.0,https://www.threads.com/@sunrisepress2.0/post/C8dfkEFRrXj,嗚 嗚 哇哇 嗚哇,2024年6月21日 星期五 上午10:22,,,,3,,,https://www.threads.com/@bookstw/post/C8di-3jSWy0,真假啦！怎麼可能‼️,2024年6月21日 星期五 上午10:52,,,2,1,,
cathy.journal_,https://www.threads.com/@cathy.journal_/post/C8bbomCPeHI,家弒超好看,2024年6月20日 星期四 下午3:10,@bookstw,,2,1,,,https://www.threads.com/@bookstw/post/C8brd2LSgE5,超級好看！！！（大吼,2024年6月20日 星期四 下午5:28,,,,,,
hoteldayplus,https://www.threads.com/@hoteldayplus/post/C8ZqTswvLiH,這個時間貼這種脆文 Book以喔….,2024年6月19日 星期三 下午10:39,@bookstw,,2,1,,,https://www.threads.com/@bookstw/post/C8aujyZSQZ-,😍,2024年6月20日 星期四 上午8:36,,,,,,
fangyistudio,https://www.threads.com/@fangyistudio/post/C8VyTp6v3YV,一八喜歡吃冰冰？,2024年6月18日 星期二 上午10:32,@bookstw,"Photo by FangYi on June 17, 2024.",1,1,,,https://www.threads.com/@bookstw/post/C8V00mjSQ--,喜歡（？）,2024年6月18日 星期二 上午10:54,,"Photo by 博客來 on June 17, 2024.",1,,,
solashang,https://www.threads.com/@solashang/post/C8Vka2MSvED,請詳細購買連結,2024年6月18日 星期二 上午8:31,@bookstw,,,1,,,https://www.threads.com/@bookstw/post/C8Vv8Tly-SX,"這邊請：bookstw.link/63p72…
books.com.tw
以為有錢就了不起的客人，請默默找個地方去死",2024年6月18日 星期二 上午10:12,,以為有錢就了不起的客人，請默默找個地方去死,1,,,
kou_enen,https://www.threads.com/@kou_enen/post/C8Uc1NKv7ha,瘋掉😍越來越喜歡小編🫰🏻,2024年6月17日 星期一 下午10:05,@bookstw,,2,1,,,https://www.threads.com/@bookstw/post/C8Udbx6yN3G,😍❤️,2024年6月17日 星期一 下午10:11,,,,,,
___kaede.26,https://www.threads.com/@___kaede.26/post/C8URXfjvXER,"你好棒
下面還有其他人覺得很生氣 可以幫我們把怨氣傳給相關部門 愛你喔",2024年6月17日 星期一 下午8:25,@bookstw,,5,1,,,https://www.threads.com/@bookstw/post/C8URawwSyOR,沒問題👌🏻感謝你們🙏🏻❤️,2024年6月17日 星期一 下午8:26,,,7,,,
booklife99love,https://www.threads.com/@booklife99love/post/C8T24w3yxMp,@bookstw 應該可以提供六本吧（強人所難 2 / 2,2024年6月17日 星期一 下午4:34,@booklife99love,,3,1,,,https://www.threads.com/@bookstw/post/C8UAoHcyig1,真是不費吹灰之力（氣喘,2024年6月17日 星期一 下午5:59,,"Photo by 博客來 on June 17, 2024.",4,2,,
healthspan_tw,https://www.threads.com/@healthspan_tw/post/C8TeI33v4ae,我有按讚 還有關心關節,2024年6月17日 星期一 下午12:58,@bookstw,,1,1,,,https://www.threads.com/@bookstw/post/C8TieN9yzPO,好暖,2024年6月17日 星期一 下午1:35,,,2,,,
joycetzeng,https://www.threads.com/@bookstw/post/C8TKK55SLkQ,近期最愛的小編,2024年6月17日 星期一 上午10:03,,"Photo by 博客來 on June 16, 2024.",31,1,1,,https://www.threads.com/@bookstw/post/C8TibIeSkGi,我也愛你🫵❤️,2024年6月17日 星期一 下午1:35,,,14,,,
pansy_1.50,https://www.threads.com/@pansy_1.50/post/C8TQBChJvXh,竟然小提琴也上了！！ 上禮拜才剛下單了悲傷長號🤣🤣🤣,2024年6月17日 星期一 上午10:54,@bookstw,,2,1,,,https://www.threads.com/@bookstw/post/C8TQuGRycjl,這兩天樂購日很適合再下單XD,2024年6月17日 星期一 上午11:00,,,2,,,
start.tea,https://www.threads.com/@start.tea/post/C8TMqtWPJDb,有錢確實很了不起😢,2024年6月17日 星期一 上午10:25,@bookstw,,8,2,,,https://www.threads.com/@bookstw/post/C8TQob7yLA-,😢,2024年6月17日 星期一 上午11:00,,,,,,
honey878787,https://www.threads.com/@honey878787/post/C8TMNfSydKz,小編的眼神很到位😊中午要吃什麼,2024年6月17日 星期一 上午10:21,@bookstw,,2,1,,,https://www.threads.com/@bookstw/post/C8TQk03S-54,可能吃出門買便當融化的自己^^,2024年6月17日 星期一 上午10:59,,,2,,,
fangyistudio,https://www.threads.com/@fangyistudio/post/C8TMmKAP8eV,兇到篆刻小編嚇爆,2024年6月17日 星期一 上午10:36,@bookstw,,7,1,,,https://www.threads.com/@bookstw/post/C8TQhc5yaqz,好用心,2024年6月17日 星期一 上午10:59,,,,,,
pansy_1.50,https://www.threads.com/@pansy_1.50/post/C6wTwGiPZI_,我撲空了🥲🥲🥲怎麼比搶演唱會還難,2024年5月10日 星期五 上午12:42,@bookstw,"Photo by 이레네 on May 09, 2024.",1,1,,,https://www.threads.com/@bookstw/post/C8TMWf4SZpz,"報告！小提琴和長號都來了！ bookstw.link/63pek… bookstw.link/63pet…
books.com.tw
悲傷長號Sad Trombone: Womp, Womp!",2024年6月17日 星期一 上午10:22,,"悲傷長號Sad Trombone: Womp, Womp!",,1,,
li7.qi._.2019424_,https://www.threads.com/@li7.qi._.2019424_/post/C63RyKornsC,哇我也要去貨到通知,2024年5月12日 星期日 下午5:39,@bookstw,,,1,,,https://www.threads.com/@bookstw/post/C8TMTdey7QU,"各位！小提琴和長號都來了！！ bookstw.link/63pek… bookstw.link/63pet…
books.com.tw
悲傷長號Sad Trombone: Womp, Womp!",2024年6月17日 星期一 上午10:22,,"悲傷長號Sad Trombone: Womp, Womp!",,,,
maplebook0402,https://www.threads.com/@maplebook0402/post/C8SLpQJvj1G,無稐春夏秋冬、陰天晴天，每個週末都是躺平的一天 ……明天又是上班的一天🦥,2024年6月17日 星期一 上午12:57,@bookstw,,1,1,,,https://www.threads.com/@bookstw/post/C8SY0UYyXdH,🥹,2024年6月17日 星期一 上午2:52,,,,,,
smallwatsonamelia,https://www.threads.com/@smallwatsonamelia/post/C8RQQYLSGJi,我都沒在看IG欸,2024年6月16日 星期日 下午4:18,@bookstw,"Photo by Ame on June 16, 2024.",,1,,,https://www.threads.com/@bookstw/post/C8RQe0iyhi-,但還是感謝支持(⁎⁍̴̛ᴗ⁍̴̛⁎)❤️,2024年6月16日 星期日 下午4:20,,,1,,,
smallwatsonamelia,https://www.threads.com/@smallwatsonamelia/post/C8RP3CYS8qM,沒影片沒真相,2024年6月16日 星期日 下午4:14,@bookstw,,1,1,,,https://www.threads.com/@bookstw/post/C8RQG5qSeTS,"去爬博客來IG文的時間到囉大小姐(⁎⁍̴̛ᴗ⁍̴̛⁎)
Energy
2024-5-9",2024年6月16日 星期日 下午4:16,,,3,1,,
bomy_family,https://www.threads.com/@bomy_family/post/C8RDxAfP361,博客來出來玩🙌🏻,2024年6月16日 星期日 下午2:29,@bookstw,,1,1,,,https://www.threads.com/@bookstw/post/C8RD2amS650,是真的波蜜嗎？(⁎⁍̴̛ᴗ⁍̴̛⁎),2024年6月16日 星期日 下午2:29,,,3,1,,
jillscollection727,https://www.threads.com/@jillscollection727/post/C8RCacmyaYP,太厲害了！！！！請收下我的膝蓋🦵🦵,2024年6月16日 星期日 下午2:17,@bookstw,,2,1,,,https://www.threads.com/@bookstw/post/C8RCj3lSpCe,收下了（？,2024年6月16日 星期日 下午2:18,,,2,,,
gst_news_,https://www.threads.com/@gst_news_/post/C8RBfY2vARy,"#即時通
第二波 小編點點名 來了！ 有很多第一波 沒有海巡的的小編 讓他們也能來張大合照 再次感謝各位響應的小編們 祝各位 更好 更有流量
@bomy_family @50lan_central @netflixtw @chongming_teamagichand @nmnstw @iqiyi #即時通 1 / 2",2024年6月16日 星期日 下午2:09,,"Photo by 即時通 on June 15, 2024. | Photo by 即時通 on June 15, 2024. | Photo by 即時通 on June 15, 2024. | Photo by 即時通 on June 15, 2024. | Photo by 即時通 on June 15, 2024. | Photo by 即時通 on June 15, 2024. | Photo by 即時通 on June 15, 2024.",317,180,25,,https://www.threads.com/@bookstw/post/C8RCIb4ysq7,哇！得人氣獎*･゜ﾟ･*:.｡..｡.:*･'(*ﾟ▽ﾟ*)'･*:.｡. .｡.:*･゜ﾟ･*好光榮,2024年6月16日 星期日 下午2:14,,,16,1,,
jillscollection727,https://www.threads.com/@jillscollection727/post/C8Q90TxSaLD,我沒看到😒😒,2024年6月16日 星期日 下午1:37,@bookstw,,2,1,,,https://www.threads.com/@bookstw/post/C8RAaxOSYtP,"現在看到了
Energy
2024-5-9",2024年6月16日 星期日 下午1:59,,,2,1,,
rubee.tw,https://www.threads.com/@rubee.tw/post/C8Q8zEGPIA9,16蹲我沒看到,2024年6月16日 星期日 下午1:28,@bookstw,,,1,,,https://www.threads.com/@bookstw/post/C8RAYqiyj7S,"不行沒看到 要看還要按讚
Energy
2024-5-9",2024年6月16日 星期日 下午1:59,,,,,,
fangyistudio,https://www.threads.com/@fangyistudio/post/C8QvtsUv7k7,跳下去？,2024年6月16日 星期日 上午11:33,@bookstw,"Photo by FangYi on June 15, 2024.",1,1,,,https://www.threads.com/@bookstw/post/C8Q5TG7y35o,那真的是會轉生成為社群小編（怎麼又是,2024年6月16日 星期日 下午12:57,,,2,1,,
taiwan365,https://www.threads.com/@taiwan365/post/C8QwU39v9Vx,只好不穿衣服跳.... (要玩這麼大嗎？ 🤣🤣,2024年6月16日 星期日 上午11:39,@bookstw,"Photo by 李為塔羅書摘共時占卜 | 後宮甄嬛傳共時占卜 on June 15, 2024.",,1,,,https://www.threads.com/@bookstw/post/C8Q5PVKShR5,不排除報警🌝🫵,2024年6月16日 星期日 下午12:57,,,,,,
nsgame25_,https://www.threads.com/@nsgame25_/post/C8Q0U-Ey1uJ,想再看,2024年6月16日 星期日 下午12:14,@bookstw,,2,1,,,https://www.threads.com/@bookstw/post/C8Q5NgOyUmz,不會停！,2024年6月16日 星期日 下午12:56,,,,,,
hoteldayplus,https://www.threads.com/@hoteldayplus/post/C8Q1Vc4P9Bc,"Book編跳14下就好
Book14",2024年6月16日 星期日 下午12:23,@bookstw,,,1,,,https://www.threads.com/@bookstw/post/C8Q5MgRSlb9,"16下不敷衍！
Energy
2024-5-9",2024年6月16日 星期日 下午12:56,,,,1,,
tenfilm_studio,https://www.threads.com/@tenfilm_studio/post/C8Qyy4mvrqH,那按讚 出貨的時候可以不要只有破壞袋嗎 我的書角ㄚㄚㄚㄚㄚ😭,2024年6月16日 星期日 下午12:00,@bookstw,,,1,,,https://www.threads.com/@bookstw/post/C8Q5J5SSmwF,非常抱歉，一定會協助告知相關單位！如果有書損傷的狀況，請一定要聯繫客服，可以幫您做退換貨處理喔！,2024年6月16日 星期日 下午12:56,,,,,,
hoteldayplus,https://www.threads.com/@hoteldayplus/post/C8Q1YyGPxm_,41下好像也可以 不可四一,2024年6月16日 星期日 下午12:23,@bookstw,,2,1,,,https://www.threads.com/@bookstw/post/C8Q5DkbyBKG,🌝🫵,2024年6月16日 星期日 下午12:55,,,1,,,
minxinisgood,https://www.threads.com/@minxinisgood/post/C8QuucWB1cl,卡一個影片,2024年6月16日 星期日 上午11:25,@bookstw,,1,1,,,https://www.threads.com/@bookstw/post/C8Q5BzpSUyE,"要不然先看一下大小姐
2024-5-17
bookstw",2024年6月16日 星期日 下午12:55,,,2,,,
green_furniture_group,https://www.threads.com/@green_furniture_group/post/C8QtSiPvphL,我以為越多讚跳越多,2024年6月16日 星期日 上午11:12,@bookstw,,2,1,,,https://www.threads.com/@bookstw/post/C8Q48r3yJk6,那也真的是不會停,2024年6月16日 星期日 下午12:54,,,1,,,
tainantomsworld,https://www.threads.com/@tainantomsworld/post/C8Qwk81PY52,沒影片沒真相，我需要真相🕺,2024年6月16日 星期日 上午11:41,@bookstw,,3,1,,,https://www.threads.com/@bookstw/post/C8Q46r2y_v1,去爬博客來IG盤點小編跳過的舞的時間到了🫵😍,2024年6月16日 星期日 下午12:54,,,,,,
funtoy.store_xg,https://www.threads.com/@funtoy.store_xg/post/C8Q1Er7yF7M,我也跳了 好羞恥,2024年6月16日 星期日 下午12:20,@bookstw,,3,1,,,https://www.threads.com/@bookstw/post/C8Q4zdfyeZR,"小編互助會
不羞恥不羞恥 小編互助會",2024年6月16日 星期日 下午12:53,,,2,,,
jingflower_shop,https://www.threads.com/@jingflower_shop/post/C8QuvTePjxq,沒影片沒真相😆,2024年6月16日 星期日 上午11:25,@bookstw,,,1,,,https://www.threads.com/@bookstw/post/C8Q4xVdSFv3,來！逛博客來IG盤點小編跳過幾支舞的時候到了🫵😍,2024年6月16日 星期日 下午12:53,,,,,,
screaming__g,https://www.threads.com/@screaming__g/post/C8Qv6uNpSXw,那有艷舞嗎🌝,2024年6月16日 星期日 上午11:35,@bookstw,,2,1,,,https://www.threads.com/@bookstw/post/C8Q4tzvynjf,🌝,2024年6月16日 星期日 下午12:52,,,1,,,
funto_art,https://www.threads.com/@funto_art/post/C8Qvw7fBza-,我可以借你教室練舞,2024年6月16日 星期日 上午11:34,@bookstw,,5,1,,,https://www.threads.com/@bookstw/post/C8Q4sMhyooe,謝謝老師(⁎⁍̴̛ᴗ⁍̴̛⁎),2024年6月16日 星期日 下午12:52,,,2,,,
househunter_sulin,https://www.threads.com/@househunter_sulin/post/C8Qwo5ZS_GO,你可以按幾個讚就蹲幾下😌,2024年6月16日 星期日 上午11:41,@bookstw,,5,1,,,https://www.threads.com/@bookstw/post/C8Q4qbQy3SE,可能會去世(⁎⁍̴̛ᴗ⁍̴̛⁎),2024年6月16日 星期日 下午12:52,,,9,,,
fenfenfen0615,https://www.threads.com/@fenfenfen0615/post/C8Q3zRKvp0-,博編今天沒有出去玩嗎,2024年6月16日 星期日 下午12:44,@bookstw,,1,1,,,https://www.threads.com/@bookstw/post/C8Q4kfrSzeb,說好週末待在家滑博客來和脆就待在家滑博客來和脆(⁎⁍̴̛ᴗ⁍̴̛⁎),2024年6月16日 星期日 下午12:51,,,1,1,,
jin_ho898,https://www.threads.com/@jin_ho898/post/C8Qla02SLTa,"小編
不知道 標記 小編 會不會有人理我？ 半夜下班 還有誰？",2024年6月16日 星期日 上午10:03,,,18,50,,,https://www.threads.com/@bookstw/post/C8Qr-bVSYbE,早午安 翻譯,2024年6月16日 星期日 上午11:01,,,3,2,,
universe_ocean_999,https://www.threads.com/@universe_ocean_999/post/C8QrJU1P8PM,我喜歡博客來～請多多分享好書、好物,2024年6月16日 星期日 上午10:53,@bookstw,,1,1,,,https://www.threads.com/@bookstw/post/C8Qr27VyYBA,沒問題！我也喜歡你🫵❤️,2024年6月16日 星期日 上午11:00,,,2,,,
mikoservicetw,https://www.threads.com/@mikoservicetw/post/C8PasyoP1WY,小猴的書！博編也有欸！ books.com.tw/produ…,2024年6月15日 星期六 下午11:11,@bookstw,,3,1,,,https://www.threads.com/@bookstw/post/C8PbwSXyiZf,買起來(⁎⁍̴̛ᴗ⁍̴̛⁎),2024年6月15日 星期六 下午11:20,,,2,,,
cheyenne_1000027,https://www.threads.com/@cheyenne_1000027/post/C8PaAXiv0PX,第一百條評論紀念🤣,2024年6月15日 星期六 下午11:04,@bookstw,,1,1,,,https://www.threads.com/@bookstw/post/C8PaFQSy5cj,恭喜🎉🎊,2024年6月15日 星期六 下午11:05,,,,,,
brooklu,https://www.threads.com/@brooklu/post/C8PXz7yy2FP,"一起跳一起跳！！！（拉手轉圈圈
‹‹\(´ω` )/››‹‹\( ´)/›› ‹‹\( ´ω`)/››~♪
ヽ(○´∀`)ﾉ♪ 嗨7乃",2024年6月15日 星期六 下午10:45,@bookstw,,1,1,,,https://www.threads.com/@bookstw/post/C8PYAOIS8ZU,♪(*^^)o∀*∀o(^^*)♪,2024年6月15日 星期六 下午10:47,,,1,,,
ru0110_704,https://www.threads.com/@ru0110_704/post/C8PX1kyvYVg,在你上面買過專輯💗,2024年6月15日 星期六 下午10:46,@bookstw,,1,1,,,https://www.threads.com/@bookstw/post/C8PX8KcSktF,懂買(⁎⁍̴̛ᴗ⁍̴̛⁎),2024年6月15日 星期六 下午10:46,,,1,1,,
ru0110_704,https://www.threads.com/@ru0110_704/post/C8PTZdfPUN8,不是啊🫰好無聊 小編們想你們了找我聊天好不好😭,2024年6月15日 星期六 下午10:07,,,12,72,,,https://www.threads.com/@bookstw/post/C8PXuWRSNi4,來，來看書,2024年6月15日 星期六 下午10:45,,,8,2,,
g.a.baby,https://www.threads.com/@g.a.baby/post/C8PTT_dy6PJ,罰你重新唸一次,2024年6月15日 星期六 下午10:06,@bookstw,,1,1,,,https://www.threads.com/@bookstw/post/C8PXgNnSx9n,霹靂卡霹靂拉拉 輕鬆開朗！！！(＞人＜;),2024年6月15日 星期六 下午10:43,,,,,,
healthactivation9,https://www.threads.com/@healthactivation9/post/C8PUKIJyrXP,呼叫,2024年6月15日 星期六 下午10:13,@bookstw,,1,1,,,https://www.threads.com/@bookstw/post/C8PXVpRSVB-,有！,2024年6月15日 星期六 下午10:41,,,1,1,,
mikoservicetw,https://www.threads.com/@mikoservicetw/post/C8PUeZEv27Q,幫好友小猴召喚小編 @bookstw @_showba_ @8yotea,2024年6月15日 星期六 下午10:16,@huaxuanwei,,3,2,,,https://www.threads.com/@bookstw/post/C8PXREQSfht,來了*･゜ﾟ･*:.｡..｡.:*･'(*ﾟ▽ﾟ*)'･*:.｡. .｡.:*･゜ﾟ･*,2024年6月15日 星期六 下午10:41,,,2,1,,
hsnu1675_y99,https://www.threads.com/@hsnu1675_y99/post/C8PU413y3Ph,@bookstw 召喚之術,2024年6月15日 星期六 下午10:20,,,1,2,,,https://www.threads.com/@bookstw/post/C8PXN89ympg,來了(⁎⁍̴̛ᴗ⁍̴̛⁎),2024年6月15日 星期六 下午10:40,,,1,1,,
_showba_,https://www.threads.com/@_showba_/post/C8PWmVQPv21,@bookstw 朋朋這裡有人找！,2024年6月15日 星期六 下午10:35,@brooklu,,1,1,,,https://www.threads.com/@bookstw/post/C8PXLqBys16,又被小北快到,2024年6月15日 星期六 下午10:40,,,1,,,
brooklu,https://www.threads.com/@brooklu/post/C8PUlgAygbp,"我已經當了好幾年的鑽石會員
在這邊使用召喚博客來小編之術🪄也合情合理吧！！（什麼奧客心態🤣",2024年6月15日 星期六 下午10:17,,"Photo by Brook Chia-hao Lu on June 15, 2024.",5,5,,,https://www.threads.com/@bookstw/post/C8PXJsDS_dm,我這邊直接來訪！鑽石會員值得我在留言區帶來一支舞,2024年6月15日 星期六 下午10:40,,Golden Girls Dancing GIF by TV Land,5,1,,
