user_name,user_post_url,user_content,user_timestamp,user_replying_to,user_image_alts,user_likes,user_replies,user_reposts,user_shares,brand_reply_url,brand_reply_content,brand_reply_timestamp,brand_replying_to,brand_reply_image_alts,brand_reply_likes,brand_reply_replies,brand_reply_reposts,brand_reply_shares
wei__alice__,https://www.threads.com/@wei__alice__/post/DXsm4hzk7D6,"STRAY KIDS
Stray Kids x Pepero
今年也續約全球大使了✨
去年的營業額成長了25% 真的是不能小看Stay們的威力
報導中甚至提到了台灣💗 新的一年也會準備更多的活動🔔
- 《部分節錄》
特別是在台灣通路中，家樂福販售的Stray Kids包裝，在短短一週內就全部售罄；而7-11通路則創下線上預購開放僅 7 分鐘就完售的紀錄。
Lotte Wellfood 表示，今年也將繼續與Stray Kids攜手，展開更強力的Pepero全球行銷活動。 除了持續深耕已經建立代表性K-零食品牌地位的美洲與東南亞市場外，也計劃積極開拓印度、歐洲、中國等新興市場，進一步加速整體業績成長。 1 / 2",2026年4月29日 星期三 上午9:23,,"Photo by Wei Alice on April 28, 2026. May be an image of one or more people, bangs and text that says 'PEPERO PEPERO nors'. | Photo by Wei Alice on April 28, 2026. May be an image of text that says '특히. 대만 까르푸 채널에서는 스트레이 키즈 온 팩 패키지가 일주일 만에 물량이 모두 소진되 고, 세븐일레븐 채널에서는 온라인 사전판매가 픈 7분 만에 마감되는 기록을 세우기도 했다. 롯데웰푸드는 올해도 스트레이 키즈와 함께 더욱 강력한 빼빼로 글로벌 마케팅 캠페인을 전개할 계 획이다. 특히 대표 K-스낵 브랜드로 입지를 다진 미주와 동남아 시장을 지속 공략하는 동시에 인 도, 유럽, 중국 등 신흥 시장 개척을 통해 외형 성 장에 더욱 박차를 가한다는 방침이다.'.",1072,25,49,128,https://www.threads.com/@carrefourtaiwan/post/DXtidcZk9h7,阿福可以 STAY with Pepero了🥰,2026年4月29日 星期三 下午6:03,,,37,1,,1
kelvin_789732,https://www.threads.com/@kelvin_789732/post/DXb_VYvk9Bj,這樣就不怕吵到鄰居啦 1 / 2,2026年4月22日 星期三 下午10:29,,"Photo by Kevin on April 22, 2026. May be an image of text.",26000,191,715,4841,https://www.threads.com/@carrefourtaiwan/post/DXeY-__E_1f,用這個肯定可以把牌洗乾淨,2026年4月23日 星期四 下午8:52,,"Photo by 家樂福 | Carrefour on April 23, 2026. May be an image of ‎text that says '‎100 1０0m準号 n速油力 白蘭 白 El 白蘭新動力配方洗碗精 清新 檸檬-2.8kg 檸檬- 贈$200 $195 $169 جا‎'‎.",38,1,,2
kaostanley1245,https://www.threads.com/@kaostanley1245/post/DMmxe-bIyA1,"一天一個稀有日本姓氏
一天一個稀有日本姓氏 Day305 【蛤】 讀音：はまぐり、こう 人數：約30人",2025年7月27日 星期日 下午5:14,,"Photo by Kaochi817 on July 27, 2025.",15000,223,994,3386,https://www.threads.com/@carrefourtaiwan/post/DXWSvgtk_Kv,蛤？,2026年4月20日 星期一 下午5:23,,"Photo by 家樂福 | Carrefour on April 20, 2026. May be an image of text.",120,,,4
zh0r4_,https://www.threads.com/@zh0r4_/post/DXFHWugCam_,POV：2050年最環保的賽車比賽 1 / 2,2026年4月14日 星期二 上午1:17,,,3012,59,93,783,https://www.threads.com/@carrefourtaiwan/post/DXJTo00k458,記得進站換胎,2026年4月15日 星期三 下午4:21,,"Photo by 家樂福 | Carrefour on April 15, 2026. May be an image of sneakers, sports equipment and text that says 'NMLC fr GOODYEAR GOODYEAR男避震越野慢跑 鞋一灰29 專館 館（800免基本運費） (800 $1390 $1,198'.",32,1,,1
sk_.0625,https://www.threads.com/@sk_.0625/post/DW3er8dkW-P,致月老： 我的紅線不是你的牙線 可以不要給我髒東西嗎,2026年4月8日 星期三 下午6:11,,,16000,149,1043,1854,https://www.threads.com/@carrefourtaiwan/post/DW8iUCPk-U9,來條姻緣線吧 用聽的比較清楚,2026年4月10日 星期五 下午5:19,,"Photo by 家樂福 | Carrefour on April 10, 2026. May be an image of ‎text that says '‎E-books E-books X42 E-booksX42AUX音源 AUX音源 線-100cm cm 線- 100 滿額贈 滿額贈贈$200 贈$200 $129 $99 جا‎'‎.",28,1,,2
yezi._0529,https://www.threads.com/@yezi._0529/post/DW3evmCgfZN,我這個到底算什麼眼皮 1 / 2,2026年4月8日 星期三 下午6:12,,"Photo by 夜梓 on April 08, 2026. May be a closeup of one or more people, bangs and text.",26000,996,155,1608,https://www.threads.com/@carrefourtaiwan/post/DW8iQx5E8qL,任何人都能在脆上發文 包含千層鬆塔,2026年4月10日 星期五 下午5:19,,"Photo by 家樂福 | Carrefour on April 10, 2026. May be an image of wafer, pie and text.",85,,,2
chen_dream17,https://www.threads.com/@chen_dream17/post/DW1j2HUknmH,『今日辯題』 “釋懷是成熟還是無奈”,2026年4月8日 星期三 上午12:18,,,9909,208,694,583,https://www.threads.com/@carrefourtaiwan/post/DW3N5Ppk8dt,釋懷不一定要等成熟 但釋迦一定要等成熟🥵,2026年4月8日 星期三 下午3:45,,"Photo by 家樂福 | Carrefour on April 08, 2026. May be an image of sugar-apple and text that says 'SELTECO 臺東履歷鳳梨釋迦（每盒然 每盒約1.1 公斤/2入） 贈$200 $209'.",253,1,5,10
hzxinny,https://www.threads.com/@hzxinny/post/DW1fUAzga5g,給你們看看我的雷霆作文 1 / 2,2026年4月7日 星期二 下午11:38,,"Photo by @hzxinny on April 07, 2026. May be an image of blueprint, calendar, crossword puzzle and text that says '脊 像 今 天 po 仰 的 像 眼 尺 住 認 亮 战 필 的 成 不 善 於 聲 經 也 還 大 과] 的 迷 等 大 型 麺 獻 應 到 是 ង 覺 得 伦 話 說 新 就 3 頓 伴 時 麽 他 沉 且 許 ES 在 地 打 那 I 你 待 明 澳 媽品 的 發 那 但 都 別 媽 媽 當 都 然 說 如 走 果 丟 ब 應 以 該 待 在 原 也 炭 記 為 萬 步 的 辦 想 和 的 眼'.",110000,3054,15000,80000,https://www.threads.com/@carrefourtaiwan/post/DW3NsSWk_jL,,2026年4月8日 星期三 下午3:43,,"Photo by 家樂福 | Carrefour on April 08, 2026. May be an image of alcohol, soy sauce, condiment, bottle and text that says '( 走 丟 了 好 好 的 ١/ 皆 該 祥 ማ 生 MIET + 你 9 牛 在 就 頓 說 仮 神 什 9 9 愛 底他元因 電 蘋 底 他 沉 因 果 शा 樹 上 打 發 到 明 頭 美粒果零加糖蘋果蘇打 1250ml 燈 而 媽藝有的發 妹 的 發 I--RR 二 開 號 混 泥 メ 1 初 포'.",11000,13,68,386
m1lliy_,https://www.threads.com/@m1lliy_/post/DWdWN6Xk6gY,出淤泥而全身塗抹均勻,2026年3月29日 星期日 下午2:37,,,150000,4108,19000,43000,https://www.threads.com/@carrefourtaiwan/post/DWgKe3lk7jl,山窮水盡疑無路，三重也有家樂福,2026年3月30日 星期一 下午4:52,,,79,1,1,4
husk.7748,https://www.threads.com/@husk.7748/post/DWRSKcOj6wF,"你們來回答
青春沒有售價，__ __ __ __ __ __ __ 1 / 2",2026年3月24日 星期二 下午10:11,,,33000,3890,646,2628,https://www.threads.com/@carrefourtaiwan/post/DWafzDpky1P,青春沒有售價，下週要放連假,2026年3月28日 星期六 下午12:03,,,3411,9,41,57
hcy_03_17,https://www.threads.com/@hcy_03_17/post/DWN7o7jgVvD,統一布丁的演化 1 / 2,2026年3月23日 星期一 下午2:56,,"Photo by 丞佑™🏷 on March 22, 2026. May be a doodle of cake, pie, bread and text that says '布布 布 布 布丁 T™ JT I T 丁布 存丁希 布 丁布丁'.",57000,232,778,1574,https://www.threads.com/@carrefourtaiwan/post/DWOWv-6kxcm,在這邊放一顆統一布丁 ​ ​ ​ ​ ​ 🤎🤎🤎 ​ ​ 💛💛💛💛 💛💛💛💛💛,2026年3月23日 星期一 下午6:53,,,1268,3,2,4
huacihe,https://www.threads.com/@huacihe/post/DV8BilZARxt,整理相簿找到一堆奇怪的圖,2026年3月16日 星期一 下午4:01,,"Photo by 何花慈 on March 16, 2026. May be an image of drink and text that says '1/7 外帶539 你不要）泰草粿 泰草粿 你不要 台灣甜 春夏秋冬總店 春夏秋冬總店 4/1611:4 70見日811 11:42 4/16 $70 遇見真愛擁抱現在'. | Photo by 何花慈 on March 16, 2026. May be an image of wrist watch, timer and text that says '摸蜕仔兼 50 1. 10 แะธง G AO 20 00 SEIKO SINCE1881 SINGE 1881'. | Photo by 何花慈 on March 16, 2026. May be an image of cash machine, printer, stapler and text that says '你邊前 進南 你 這樣對我'. | Photo by 何花慈 on March 16, 2026. May be an image of text that says 'Su Leni Su uLeni Leni 了世界又如何'. | Photo by 何花慈 on March 16, 2026. May be an image of text that says '你晚餐會回來吃嗎 5:09 Μ 88 Read 5:09 5:09PM e..會啊 PM 會啊 Read 5:09 5:09 PM 有買的話記得幫我 s ( 員 候 選 劉 Α 人 民 雄 早宜 宜 懇 新 港 奮 我奮果 一的 請 支 持 Read 5:09 5:09PM PM'. | Photo by 何花慈 on March 16, 2026. May be an image of one or more people, newspaper and text. | Photo by 何花慈 on March 16, 2026. May be an image of text. | Photo by 何花慈 on March 16, 2026. May be a meme of one or more people, magazine and text that says 'wtfyou7788_2meme 88_2meme … SILS SCHWARTZ LEVINE SCHWARTZLEVINESTARKPLLC STARKPLLC PLLC STARK 哪壺不開 TINA TINAHU HU'. | Photo by 何花慈 on March 16, 2026. May be a meme of newspaper, magazine and text that says 'ኤራ 和 平 防 認 担 手 I 改 き 造 訊息都不回 你現在是把我當 陳素婚 陳 了嗎？'. | Photo by 何花慈 on March 16, 2026. May be an image of one or more people, signboard, poster, banner and text that says '基隆市仁工 你這個 駱智仁 基隆市 筆市仁愛區市議員候選人 仁愛區 市議員候選人 懇請支持 持 via viaMr.Plurk Mr Plurk 二五路 菜'. | Photo by 何花慈 on March 16, 2026. May be an image of suit and text that says '讓我 Johnny Shin 裏我JohnnyShin兒 兒摘下 Managing ManagingDirector Director'. | Photo by 何花慈 on March 16, 2026. May be an image of text that says '高南林景德 大席指業 林景德夏天 林 林景德 夏天 天空中繁星點點 繁星點'. | Photo by 何花慈 on March 16, 2026. May be an image of text that says '駕駛員 當 當 宜鎮峰 吹來 風箏飛向天空 爲了你 而祈禱 而祝福 而祈禱而祝福而感動加手。 而感動 福而感動加 口月♪ @ktgn556412 J@fw.520.1314'. | Photo by 何花慈 on March 16, 2026. May be an image of signboard, buildings and text. | Photo by 何花慈 on March 16, 2026. May be an image of water heater, thermostat, clothes hanger and text that says '推しの子+Oshinoko|我推的孩子 推しの子Oshinoko Oshinoko 推しの子 我推的孩子， 加入 ZhiChenLin·1 Zhi Chen ChenLin Lin 1天 正要走出辦公室的我 正要走出辦公室的我突然一陣胃痛 突然一陣胃痛 馬的誰做的啦？？？ 推 猫しの予 PUSH PUSH しの予 讚 留 留言 分享'.",74000,946,6778,46000,https://www.threads.com/@carrefourtaiwan/post/DV-2wjykwRD,ONCE一定懂,2026年3月17日 星期二 下午6:25,,"Photo by 家樂福 | Carrefour on March 17, 2026. May be an image of footstool, step stool, armchair, chair and text that says 'AA THIS 【椅子】 椅奇子】大四方椅 FOR5x47.5cm 5x47.5cm FOR'.",80,,1,1
bodysport168,https://www.threads.com/@bodysport168/post/DV8VFzogEwi,我說那天麵包怎麼一股柯基味 1 / 2,2026年3月16日 星期一 下午6:53,,,66000,330,2245,36000,https://www.threads.com/@carrefourtaiwan/post/DV-2qRBk3wN,柯基屁屁 要吃,2026年3月17日 星期二 下午6:24,,"Photo by 家樂福 | Carrefour on March 17, 2026. May be an image of buns and text that says '【限當日出爐】 限當日出爐】透明餐包6入 透明餐包6入 ※因配送關係實際到貨效期... 限店取 $58'.",113,,1,3
not_your_business8888888,https://www.threads.com/@not_your_business8888888/post/DVq6QaAjzr_,說Jennie這件外套很像辛拉麵 結果真的沒有違和感...,2026年3月10日 星期二 上午12:31,,"Photo by ^_^ on March 09, 2026. May be an image of overcoat, dress and text. | Photo by ^_^ on March 09, 2026. May be an image of one or more people, overcoat, dress and text.",50000,200,795,9629,https://www.threads.com/@carrefourtaiwan/post/DVsKI7qk5qj,Like Jennie 翻譯,2026年3月10日 星期二 下午12:09,,"Photo by 家樂福 | Carrefour on March 09, 2026. May be an image of gingerbread cookie, measuring stick, sweater, snowman, mouse pad, clipboard, poster and text.",3424,6,16,89
elta_sports,https://www.threads.com/@elta_sports/post/DVnPWsdElWB,"中華隊
台灣英雄🇹🇼🇹🇼🇹🇼 你們真的好棒!!!!!!!! 打出一場振奮人心比賽👏🏻",2026年3月8日 星期日 下午2:18,,,11000,66,379,84,https://www.threads.com/@carrefourtaiwan/post/DVnTF4XkzoF,阿福幫大家喊話請馬拉松重播🥹謝謝,2026年3月8日 星期日 下午2:51,,,23,,,
carrefourws,https://www.threads.com/@carrefourws/post/DVfhpGHkaVz,"特賣會
專櫃香水搶先公布❗️ 貨量比去年多了2倍❗️ 🔴滿888還送現金折價券100元❗️今天晚上六點開始❗️ 去年大爆滿！今天不要再錯過了 而且今年更優惠❗️
6折起!🌸『春季彩妝 獨家特賣會』 AESOP、BYREDO、DIPTYQUE、LA MER、Dior、Channel等專櫃品牌、Oliveyoung 熱門排行榜美妝 通通有！限量特價，先搶先贏！
📍 地點｜家樂福文心店 3F賣場 🗓 時間 3/5(四) - 3/8(日) 3/5 18:00-22:00 3/6-7 12:00-22:00 3/8 12:00-21:00
✨ 滿額活動將陸續公布 驚喜送不停 ✨ ALaSo把百貨專櫃級美妝保養通通搬進文心店! 全場超值優惠、人氣熱賣品一應俱全，想變美，不用等出國 不用等週年慶！",2026年3月5日 星期四 下午2:24,,"Photo by 家樂福文心店 on March 04, 2026. May be an image of fragrance, bar soap, carton, hand cream, perfume, box and text. | Photo by 家樂福文心店 on March 04, 2026. May be an image of fragrance, carton, perfume and text. | Photo by 家樂福文心店 on March 04, 2026. May be an image of newsstand and text. | Photo by 家樂福文心店 on March 04, 2026. May be an image of binder and text. | Photo by 家樂福文心店 on March 04, 2026. May be an image of fragrance, carton, perfume, box and text. | Photo by 家樂福文心店 on March 04, 2026. May be an illustration of text. | Photo by 家樂福文心店 on March 04, 2026. May be an image of fragrance, hand cream, cosmetics, perfume and text. | Photo by 家樂福文心店 on March 04, 2026. May be an image of fragrance, cosmetics, perfume and text. | Photo by 家樂福文心店 on March 04, 2026. May be an image of fragrance, bar soap, soap, hand cream, perfume and text. | Photo by 家樂福文心店 on March 04, 2026. May be an image of fragrance, hand cream and text. | Photo by 家樂福文心店 on March 04, 2026. May be an image of polaroid, fragrance, perfume, hand cream and text. | Photo by 家樂福文心店 on March 04, 2026. May be an image of fragrance, perfume and text.",280,16,12,1649,https://www.threads.com/@carrefourtaiwan/post/DVflMEiEzcZ,留福友看！,2026年3月5日 星期四 下午2:55,,,5,1,,
thea0615951230,https://www.threads.com/@thea0615951230/post/DVaJxG7ElrP,芋泥湯圓😗,2026年3月3日 星期二 下午12:19,@carrefourtaiwan,,1,1,,,https://www.threads.com/@carrefourtaiwan/post/DVafXwuE4FX,新口味小編也想吃,2026年3月3日 星期二 下午3:28,,,1,,,
amy.liuxin2.0,https://www.threads.com/@amy.liuxin2.0/post/DVaS9jik3qv,都沒有要按什麼 🤣,2026年3月3日 星期二 下午1:39,@carrefourtaiwan,,,1,,,https://www.threads.com/@carrefourtaiwan/post/DVafSrsk3mt,按我追蹤🤣,2026年3月3日 星期二 下午3:27,,,1,,,
cynthia_c._huang_,https://www.threads.com/@cynthia_c._huang_/post/DUXwkt9iRik,大家好，我是番茄醬，今天第一次到脆，請問有導游嗎,2026年2月5日 星期四 下午5:29,,,225,86,3,6,https://www.threads.com/@carrefourtaiwan/post/DUalOw0ExXo,請問你是想問導遊嗎,2026年2月6日 星期五 下午7:48,,"Photo by 家樂福 | Carrefour on February 06, 2026. May be an image of condiment, soy sauce, olive oil and bottle.",25,1,,1
yong._zheng,https://www.threads.com/@yong._zheng/post/DUYqHZUE5Gd,大家好，我是康熙皇帝，現在正式登入脆。請問有奏摺嗎？ 1 / 2,2026年2月6日 星期五 上午1:52,,,10000,1688,174,1073,https://www.threads.com/@carrefourtaiwan/post/DUaANfaE6fm,皺摺都已經燙平了,2026年2月6日 星期五 下午2:24,,"Photo by 家樂福 | Carrefour on February 05, 2026. May be an image of shaver, thermometer, thermostat and socket.",610,5,2,12
iamteresa0424,https://www.threads.com/@iamteresa0424/post/DUIP7vJiYFw,"家樂福
家樂福開賣「巨無霸蠟筆小新存錢筒」！！！ 可愛死了啦😍😍😍😍
把錢拿出來的時候，小新會斷頭…￼有點殘忍 1/2",2026年1月30日 星期五 下午4:55,,"Photo by 大食女｜台北美食 超商美食｜Ya Tien on January 30, 2026.",264,20,4,423,https://www.threads.com/@carrefourtaiwan/post/DUIcOCFEwpT,趁週末9折再用uniopen聯名卡結帳最划算😍,2026年1月30日 星期五 下午6:43,,"Photo by 家樂福 | Carrefour on January 30, 2026.",10,1,,5
guo_dingyu,https://www.threads.com/@guo_dingyu/post/DT-11qOE5h9,"停車格
在新竹看到的停車格，這是能停什麼啦？貢丸喔？ 1/2",2026年1月27日 星期二 上午1:14,,"Photo by 饅頭 on January 26, 2026.",80000,1633,2076,18000,https://www.threads.com/@carrefourtaiwan/post/DUF_73lk5um,"那有什麼問題
（溫馨提醒掉到地板上的東西不要吃",2026年1月29日 星期四 下午7:57,,"Photo by 家樂福 | Carrefour on January 29, 2026.",4126,46,17,440
yuchi__1231,https://www.threads.com/@yuchi__1231/post/DUDah5NE0TN,哪個有才的臺灣粉絲送佳德鳳梨酥給黃寅燁⋯⋯有夠讚（本人還有拿著拍哈哈哈）,2026年1月28日 星期三 下午7:52,,"Photo by Jacky Chen on January 28, 2026. | Photo by Jacky Chen on January 28, 2026.",22000,54,331,514,https://www.threads.com/@carrefourtaiwan/post/DUFs_yakx7t,希望歐巴喜歡～,2026年1月29日 星期四 下午5:11,,"Photo by 家樂福 | Carrefour on January 29, 2026.",18,,,1
mi20130901,https://www.threads.com/@mi20130901/post/DUEEsz3k91a,好喜歡平日逛家樂福 人少又好逛 過年禮盒還超多🤣 買了一堆零食回家～～,2026年1月29日 星期四 上午2:00,,"Photo by 瑀文 Lisa on January 28, 2026. | Photo by 瑀文 Lisa on January 28, 2026.",18,2,,1,https://www.threads.com/@carrefourtaiwan/post/DUFs-mWE2yp,我也喜歡妳來逛,2026年1月29日 星期四 下午5:11,,,3,,,
junyou__wu,https://www.threads.com/@junyou__wu/post/DUCE7Ufk0L2,養身小技巧你記住了嗎？,2026年1月28日 星期三 上午7:24,,,37000,1157,1578,14000,https://www.threads.com/@carrefourtaiwan/post/DUFrcnPE1Zq,我是家樂福，回到家 就回到幸福的圓點🎶,2026年1月29日 星期四 下午4:58,,,32,,,
captain.lu,https://www.threads.com/@captain.lu/post/DUFfJatkdGD,不要再打字了 字很痛,2026年1月29日 星期四 下午3:10,,,90000,619,4463,5142,https://www.threads.com/@carrefourtaiwan/post/DUFq3ulEyl0,不要再打卡了 起不來,2026年1月29日 星期四 下午4:53,,,574,,1,5
brinicle3992,https://www.threads.com/@brinicle3992/post/DUFY87AErHH,自從我在家樂福拿到這個濕紙巾後 我的麥香終於不會再被偷喝了,2026年1月29日 星期四 下午2:16,,"Photo by Mon on January 28, 2026.",13000,136,168,1377,https://www.threads.com/@carrefourtaiwan/post/DUFqzGvE_bx,搭配週末9折帶回家！,2026年1月29日 星期四 下午4:52,,"Photo by 家樂福 | Carrefour on January 29, 2026.",7,2,1,
ilovekittysomuchyaa,https://www.threads.com/@ilovekittysomuchyaa/post/DUDdiheCRLJ,太依賴你的話我該怎麼辦,2026年1月28日 星期三 下午8:18,,"Photo by @ilovekittysomuchyaa on January 28, 2026. | Photo by @ilovekittysomuchyaa on January 28, 2026. | Photo by @ilovekittysomuchyaa on January 28, 2026. | Photo by @ilovekittysomuchyaa on January 28, 2026. | Photo by @ilovekittysomuchyaa on January 28, 2026. | Photo by @ilovekittysomuchyaa on January 28, 2026. | Photo by @ilovekittysomuchyaa on January 28, 2026. | Photo by @ilovekittysomuchyaa on January 28, 2026. | Photo by @ilovekittysomuchyaa on January 28, 2026.",40000,1166,2784,16000,https://www.threads.com/@carrefourtaiwan/post/DUFbvxFk_it,"阿福建議先吃顆橙子
因為洗澡有蒸汽 蒸橙才是你的必殺技",2026年1月29日 星期四 下午2:41,,"Photo by 家樂福 | Carrefour on January 28, 2026.",25,,,
kennylaiii,https://www.threads.com/@kennylaiii/post/DUA4hg-EiG0,"Alex Honnold
三層兩萬 有主委要加碼的嗎！ 1/2",2026年1月27日 星期二 下午8:21,,,21000,226,2430,13000,https://www.threads.com/@carrefourtaiwan/post/DUDWaDlEyK7,主委加碼 三層$308,2026年1月28日 星期三 下午7:16,,"Photo by 家樂福 | Carrefour on January 28, 2026.",14,1,,1
old_stone0_0,https://www.threads.com/@old_stone0_0/post/DUAiNf4jz5P,幹莫名其妙被嗆了,2026年1月27日 星期二 下午5:01,,"Photo by 古老的石頭 on January 27, 2026.",15000,77,623,3256,https://www.threads.com/@carrefourtaiwan/post/DUC04qzE09R,我們的限時很好買,2026年1月28日 星期三 下午2:23,,"Photo by 家樂福 | Carrefour on January 27, 2026.",40,2,,
ohhey.luna,https://www.threads.com/@ohhey.luna/post/DUQOJOlD4_R,"育兒生活
推薦若小孩口腔不適/食慾不振/腸病毒等 可以買家樂福這個布丁！ 「一顆雞蛋布丁」🍮 成分是我看過最單純的布丁 吃起來也微甜👍🏻
- 很常缺貨呦 我找三次才買到🤣",2026年2月2日 星期一 下午7:14,,"Photo by 晴𖤓☽˚.⋆ ᴸᵘⁿᵃ on February 02, 2026. May be an image of egg. | Photo by 晴𖤓☽˚.⋆ ᴸᵘⁿᵃ on February 02, 2026. May be an image of yogurt. | Photo by 晴𖤓☽˚.⋆ ᴸᵘⁿᵃ on February 02, 2026. May be an image of durian.",1797,61,50,1369,https://www.threads.com/@carrefourtaiwan/post/DUXk6uOEzAS,蛋是非籠飼的好🥚,2026年2月5日 星期四 下午3:47,,,332,4,,6
anthonycarter0887830,https://www.threads.com/@anthonycarter0887830/post/DUAftzzAaNd,這發明好絕啊，能阻止過年長胖 1 / 2,2026年1月27日 星期二 下午4:39,,"Photo by YaTing on January 27, 2026.",7873,83,91,4732,https://www.threads.com/@carrefourtaiwan/post/DUCVd9MkxLs,家裡的打不開，歡迎來我家買！,2026年1月28日 星期三 上午9:48,,,111,1,1,
seijitsu2112,https://www.threads.com/@seijitsu2112/post/DT9O3O6kzQt,"SEVENTEEN
bibigo終於來台了，但沒有限制兌換 “愛收集”的一定兌換多份 🥲🥲🥲 1 / 2",2026年1月26日 星期一 上午10:14,,"Photo by 野貓兔兔 on January 25, 2026.",2454,15,87,2743,https://www.threads.com/@carrefourtaiwan/post/DT9suT5k0Il,圖片上方的10間量販門市限定喔💎,2026年1月26日 星期一 下午2:35,,,18,1,,1
lc_y____,https://www.threads.com/@lc_y____/post/DT9dM16ElVU,現在駕訓班也要考桂林家樂福停車場了嗎 好厲害….. 1 / 2,2026年1月26日 星期一 下午12:20,,,63000,859,601,8975,https://www.threads.com/@carrefourtaiwan/post/DT9qlyHE97o,牆壁都是你各位努力的痕跡,2026年1月26日 星期一 下午2:17,,,62000,147,181,1417
netflixtw,https://www.threads.com/@netflixtw/post/DT6wLvCD6AS,"赤手獨攀台北101：直播
見證歷史的一刻🧗 #艾力克斯霍諾德 #SkyscraperLive",2026年1月25日 星期日 上午11:08,,,31000,255,2328,2274,https://www.threads.com/@carrefourtaiwan/post/DT6xaeEk1vY,"🫣➡️🥳終於可以呼吸了
taipei101",2026年1月25日 星期日 上午11:18,,,17,,,
justforverlove,https://www.threads.com/@justforverlove/post/DT35hOPE_Ss,"Alex Honnold
到底是誰說9點你各位起不來的 都在騙欸 1 / 2",2026年1月24日 星期六 上午8:32,,"Photo by Neo Chang on January 23, 2026.",10000,82,51,1404,https://www.threads.com/@carrefourtaiwan/post/DT4IS_dE9CU,9點起的來👏🏻我們家週末9折要來逛吧,2026年1月24日 星期六 上午10:41,,,58,1,,2
mspirit1221,https://www.threads.com/@mspirit1221/post/DT2_w0SEcRa,"蝦皮免運
該輪到我來了 可以對我說那四個字嗎？",2026年1月24日 星期六 上午12:07,,"Photo by 林威廷 on January 23, 2026.",38,49,,,https://www.threads.com/@carrefourtaiwan/post/DT4EbFyk188,今天9折,2026年1月24日 星期六 上午10:07,,,9,1,,
forinlove0124,https://www.threads.com/@forinlove0124/post/DT3BYxFgW7W,今天1/24是我生日 可以對我說那四個字嗎🥹謝謝大家,2026年1月24日 星期六 上午12:21,,"Photo by 楊世勇 on January 23, 2026.",78,163,1,,https://www.threads.com/@carrefourtaiwan/post/DT4EVcFE_6l,今天9折,2026年1月24日 星期六 上午10:06,,,1,,,
123ww883,https://www.threads.com/@123ww883/post/DT3AVjIie-S,各位是時候跟我說那四個字了！ 1 / 2,2026年1月24日 星期六 上午12:12,,,139,320,1,,https://www.threads.com/@carrefourtaiwan/post/DT4ET06E8l1,今天9折,2026年1月24日 星期六 上午10:06,,,8,1,,
aurore_yeh,https://www.threads.com/@aurore_yeh/post/DT1yHlfkX9K,"台北101
吃尾牙吃到一半 遇到Alex Honnold",2026年1月23日 星期五 下午12:48,,"Photo by Aurora on January 22, 2026. | Photo by Aurora on January 22, 2026.",260000,982,6096,30000,https://www.threads.com/@carrefourtaiwan/post/DT2KdLXky-u,carrefourtaiwan 2026--23 我一定選A大 / 2 106 4 5 15 1 1,2026年1月23日 星期五 下午4:21,,"Photo by 家樂福 | Carrefour on January 23, 2026.",328,1,1,7
,https://www.threads.com/@carrefourtaiwan/post/DT2JVlZEydr,carrefourtaiwan 我一定選A大 1 / 2,2026年1月23日 星期五 下午4:11,,"Photo by 家樂福 | Carrefour on January 23, 2026.",106,4,5,15,https://www.threads.com/@carrefourtaiwan/post/DTz7EpbE5X2,"這是回覆已無法顯示的貼文
朋友你好！祝你中獎！ 🎤家樂褔會以你為榮～～～",2026年1月22日 星期四 下午7:28,,,1,,,
wan.chxxn._,https://www.threads.com/@wan.chxxn._/post/DTxMLHtiT1c,"家樂福
又一個被家樂福耽誤的設計天才",2026年1月21日 星期三 下午6:00,,"Photo by 萬全 on January 21, 2026.",3340,63,56,458,https://www.threads.com/@carrefourtaiwan/post/DTxfekgk3yv,新店店的同事真FaSHioN😎,2026年1月21日 星期三 下午8:49,,"Photo by 家樂福 | Carrefour on January 21, 2026. | Photo by 家樂福 | Carrefour on January 21, 2026.",1922,10,9,115
7ay._.kk,https://www.threads.com/@7ay._.kk/post/DThvFeZCXdp,大家好我是流量請盡情的來炒我,2026年1月15日 星期四 下午5:57,,,470,248,27,6,https://www.threads.com/@carrefourtaiwan/post/DTj8zYoE-bJ,請入鍋 翻譯,2026年1月16日 星期五 下午2:35,,"Photo by 家樂福 | Carrefour on January 15, 2026.",19,,,
obamacake.tw,https://www.threads.com/@obamacake.tw/post/DTftKL-jBzh,你手機裡最「台東」的照片是哪一張?,2026年1月14日 星期三 下午11:02,,,577,463,2,60,https://www.threads.com/@carrefourtaiwan/post/DThWn_kk0VM,東！帶我走,2026年1月15日 星期四 下午2:23,,"Photo by 家樂福 | Carrefour on January 14, 2026.",6,,,
janet_chia_,https://www.threads.com/@janet_chia_/post/DTgvkUhkdX2,"謝謝大家昨天給我們的正面誇獎，我全部都收到了❤️ 大家應該也有點傻眼：「這女人真的瘋了吧？」😆
但我其實一直不懂， 為什麼一開始有人要這樣罵我？ 不看好我沒關係， 但用「花瓶」、「膚淺的藝人」、 甚至「小網紅董事長」這種字眼來嘲諷， 真的很難聽。
難道董事長就不能漂亮？ 不能有流量？ 不能用不一樣的方式去做事嗎？
公開罵人不是評論，只是沒水準又無禮的行為！ 好吧，我現在先假裝不計較， 但這些沒水準的人，請好好檢討反省！
這個時代需要的是—— 能打破傳統、 願意承擔風險、 敢於挑戰既有權力結構的人。
勇者無懼！
地表最 high 董事長🎉 地表最強網紅董事長🎉 對我自己說！
順帶一提， 昨天我婆婆還打給我說： 「我拜託你，只要爬一次就好， 千萬、千萬不要再上去了⋯⋯」 媽媽，正常人本來就不會想爬第二次啦😆 影片應該看得出來我不會去第二次啦！",2026年1月15日 星期四 上午8:42,,,130000,2472,1764,3037,https://www.threads.com/@carrefourtaiwan/post/DThSbZxkyQj,太佩服了！阿福一起爬⤵️ 翻譯,2026年1月15日 星期四 下午1:47,,"Photo by 家樂福 | Carrefour on January 14, 2026.",48,,,
7eleventw,https://www.threads.com/@7eleventw/post/DTRhI52j07y,"歐米呀給
這次跨年去日本刷uniopen聯名卡爆買一通 因為海外消費最高可享11%回饋超好買 血拼到差點忘記要買辦公室的歐咪呀給 只好在機場買個白色戀人送同事 結果被唸沒有誠意🥹
請各位7愛的評評理，你出國刷卡都買什麼歐咪呀給？我們來隨機抽獎抽出萬點OPENPOINT 給你！ 1 / 4",2026年1月9日 星期五 上午10:47,,,547,564,336,118,https://www.threads.com/@carrefourtaiwan/post/DThRR3sE1NK,出國帶uniopen聯名卡買歐咪呀給到行李裝不下？！ 再來家樂福讓各種異國美食帶你繼續環遊世界🌏 2026/6/30前最高享11%回饋😍把省下來的錢錢再變成自己喜歡的樣子 *活動詳情見家樂福及中國信託銀行官網 *謹慎理財信用至上 信用卡循環年利率：本行ARMs指數+加碼利率(5.97%~13.47%)；上限為15%，預借現金手續費為每筆預借金額x3.5%+150元，循環利率基準日為104年9月1日，其他費用請上中國信託官網查詢,2026年1月15日 星期四 下午1:37,,,2,,,
twna11._,https://www.threads.com/@twna11._/post/DTg2E6zkqXY,這在賣場裡真的會有人買嗎 1 / 2,2026年1月15日 星期四 上午9:39,,"Photo by @twna11._ on January 14, 2026.",701,76,8,81,https://www.threads.com/@carrefourtaiwan/post/DThQqHJE-7v,記得搭配uniopen聯名卡！,2026年1月15日 星期四 下午1:31,,,79,1,,
lishan_lo,https://www.threads.com/@lishan_lo/post/DTfNyBtkxBP,"Energy All in
推薦大家 馬上財運到
家樂福99元
可能會擁有法國麵包🥖
（欸）",2026年1月14日 星期三 下午6:28,,"Photo by Liz Lo on January 14, 2026.",182,56,3,23,https://www.threads.com/@carrefourtaiwan/post/DThPlqAlSsQ,阿褔在這邊謝過郭先生,2026年1月15日 星期四 下午1:22,,,12,2,,
mathematics.13579,https://www.threads.com/@mathematics.13579/post/DTfXJvKEaAt,大家好，我是數學 1 / 2,2026年1月14日 星期三 下午7:49,,,69000,4274,1523,4192,https://www.threads.com/@carrefourtaiwan/post/DTg3obzk1EE,不會就是不會,2026年1月15日 星期四 上午9:53,,,155,,,
yosichn,https://www.threads.com/@yosichn/post/DTc9L7IlPcP,牛奶喝九次就是喝了高鈣牛奶,2026年1月13日 星期二 下午9:24,,,43000,310,4657,11000,https://www.threads.com/@carrefourtaiwan/post/DTff_p_kyLl,五杯姆拎也是木瓜牛奶,2026年1月14日 星期三 下午9:07,,"Photo by 家樂福 | Carrefour on January 14, 2026.",30,,,1
smile777_handmade,https://www.threads.com/@smile777_handmade/post/DTer8eYk2eV,我買到啦！！大家我洗過了！真的可以買～味道舒服外洗起來感覺不會乾澀還有點保濕！至於頭髮有沒有變長還是變多要過一陣子了,2026年1月14日 星期三 下午1:32,,"Photo by 鼠麥兒＿wendy手作👶 on January 13, 2026. | Photo by 鼠麥兒＿wendy手作👶 on January 13, 2026.",24,6,2,14,https://www.threads.com/@carrefourtaiwan/post/DTfM3VCk3Uz,眼尖認出是在我們家😍各店最後數量囉～趁還有折扣買起來！,2026年1月14日 星期三 下午6:20,,,6,2,,
reneelin._.a,https://www.threads.com/@reneelin._.a/post/DTcWNfKEcKf,"嬌生
突然脆打開都是這瓶會長頭髮的嬌生嬰兒洗髮露🧴 網路上都已經缺貨，實體門市貨還滿滿✨ 家樂福應該是最便宜的了吧， 2瓶319$平均159.5$/瓶！ 但怕沒用還是不要囤貨先買一瓶就好🙈
家樂福文心店",2026年1月13日 星期二 下午3:44,,"Photo by Renee Lin on January 12, 2026.",28,8,,28,https://www.threads.com/@carrefourtaiwan/post/DTfMgtoEz4I,沒錯～就是這麼巧還有折扣活動！但偷偷說店內數量已告急😬,2026年1月14日 星期三 下午6:16,,,7,1,,
q_mei_0304,https://www.threads.com/@q_mei_0304/post/DTb6WDtiXbX,"拜託別再發嬌生洗髮精長頭髮了啦 我都買不到 蝦皮都缺貨了 😭
我老公頭髮少的可憐 快點救救可憐的他 🤣 🤣",2026年1月13日 星期二 上午11:40,,"Photo by ♥︎ Q妹 |平鎮美甲 ♥︎ on January 12, 2026. | Photo by ♥︎ Q妹 |平鎮美甲 ♥︎ on January 12, 2026.",78,48,,85,https://www.threads.com/@carrefourtaiwan/post/DTfMLCmkymh,脆的力量🤣我們線上已被搶購一空但店內還有少量現貨‼️,2026年1月14日 星期三 下午6:14,,"Photo by 家樂福 | Carrefour on January 14, 2026.",1,,,
yunjhu_ll,https://www.threads.com/@yunjhu_ll/post/DTdCDyfCX9y,"家樂福
心中一萬個為什麼 沒有家樂福的彰化等於沒了百貨公司 是真的嗎？求解😓 1 / 2",2026年1月13日 星期二 下午10:07,,"Photo by 亮亮 on January 13, 2026.",26,16,,16,https://www.threads.com/@carrefourtaiwan/post/DTfKa5Fk5fI,我還會在！,2026年1月14日 星期三 下午5:58,,,7,2,,
kiat_lek_ka,https://www.threads.com/@kiat_lek_ka/post/DTek3V2AbLB,"感謝
我們沒想到 經營 Threads 真的會有訂單
直到一位熱心的家樂福員工 傳來一張照片說 架上空了
如果你剛好是 那個走進家樂福 用新台幣 把我們的鮮奶、豆漿大、一顆雞蛋布丁下架的人
留個 🤍 讓我們知道 知道我們不是過期被下架的🤣 1 / 2",2026年1月14日 星期三 下午12:30,,"Photo by 吉力家｜小農乳品的專家 on January 13, 2026. | Photo by 吉力家｜小農乳品的專家 on January 13, 2026.",1627,272,35,52,https://www.threads.com/@carrefourtaiwan/post/DTfKDCPk9gS,感謝有你～～～🎤 翻譯,2026年1月14日 星期三 下午5:55,,,32,1,,
907lllll,https://www.threads.com/@907lllll/post/DTdRbvFE0gk,"昨天才知道， 全台北家樂福販售的雞蛋 全數都不是「籠養雞」！！！ 這必須高調稱讚吧！！！！
感謝家樂福永續執行長 蘇小真 女士 善意一旦成為標準，就不再是少數人的堅持🫶🏻 感謝無肉市集舉辦的亞洲無肉企業交流年會🌍✨",2026年1月14日 星期三 上午12:21,,"Photo by 𝗝𝗼𝘀𝘀𝗹𝘆𝗻 𝗖𝗵𝗲𝗻 🩶 on January 13, 2026.",4577,79,127,185,https://www.threads.com/@carrefourtaiwan/post/DTfJ96Tk8Oz,蛋是非籠飼的好🥚,2026年1月14日 星期三 下午5:54,,,100,1,,
chinli427,https://www.threads.com/@chinli427/post/DTfCMzWEwjv,"不懂就問脆
那個把衣架叉起來掛到桿子上面那個 叫做什麼！！！？？ 我今天去家樂福沒有找到 哪裡能賣我一隻… 我小矮人…真的掛不到啦",2026年1月14日 星期三 下午4:46,,,468,148,,7,https://www.threads.com/@carrefourtaiwan/post/DTfJ5xtk7KU,這邊請,2026年1月14日 星期三 下午5:54,,"Photo by 家樂福 | Carrefour on January 14, 2026.",71,2,1,
wskz_hjff,https://www.threads.com/@wskz_hjff/post/DTW0BDCku76,"Stray Kids STAY
現主時 家樂福 有賣年節禮盒🎁款 🤣🤣🤣 1 / 2",2026年1月11日 星期日 下午12:09,,,1508,35,36,809,https://www.threads.com/@carrefourtaiwan/post/DTXYGG3kwrd,歡迎Stay來家樂福long stay🧭,2026年1月11日 星期日 下午5:24,,,60,,,3
flowerbaoo,https://www.threads.com/@flowerbaoo/post/DTP6L3LEo2g,"家樂福超市
我不是沒公德心的蕭雜某～～
這是寵物專用推車🛒 謝謝家樂福超市🧡",2026年1月8日 星期四 下午7:48,,"Photo by 花寶(•̀ᴗ• )✧ on January 08, 2026.",2712,41,60,306,https://www.threads.com/@carrefourtaiwan/post/DTSYTjWk32s,花寶😍歡迎光臨！,2026年1月9日 星期五 下午6:49,,,99,1,,
yalin__0614,https://www.threads.com/@yalin__0614/post/DTPikDakoQV,誰可以告訴我這是什麼黑科技?? 1 / 2,2026年1月8日 星期四 下午4:21,,"Photo by Yalin on January 08, 2026.",24000,373,180,4210,https://www.threads.com/@carrefourtaiwan/post/DTSV1JOk_6K,快去驗一下DHA🧐🤣🤣,2026年1月9日 星期五 下午6:28,,,160,2,,
dodo.enz,https://www.threads.com/@dodo.enz/post/DTR2UWAEUy-,"年菜推薦
只要別人家裡過年桌上出現富貴雙方就會覺得他們家很時髦 1 / 2",2026年1月9日 星期五 下午1:52,,"Photo by 多多 on January 08, 2026.",12000,395,410,3031,https://www.threads.com/@carrefourtaiwan/post/DTSMwTEE-J_,來預訂～過年一起FaSHioN😋Eat it up！,2026年1月9日 星期五 下午5:08,,"Photo by 家樂福 | Carrefour on January 09, 2026.",110,3,1,70
jinhou.chiu,https://www.threads.com/@jinhou.chiu/post/DTR2SuhkQ9b,今天出門沒忍住 不小心拉手裡了 1 / 3,2026年1月9日 星期五 下午1:52,,"Photo by 尼克珍狗 on January 08, 2026.",20000,92,461,2880,https://www.threads.com/@carrefourtaiwan/post/DTSJVU0E0tF,答應阿福，拉完記得擦,2026年1月9日 星期五 下午4:39,,"Photo by 家樂福 | Carrefour on January 09, 2026.",41,,,1
kuamo,https://www.threads.com/@kuamo/post/DTSAzJXE0io,"家樂福
有人有多的橘色燈箱可以交換嗎🥺 1 / 2",2026年1月9日 星期五 下午3:24,,"Photo by MoKuo☁️ on January 08, 2026.",5,6,,,https://www.threads.com/@carrefourtaiwan/post/DTSEPdfk--e,來社團換呀 ➡️ c.cfour.tw/22ywx,2026年1月9日 星期五 下午3:54,,,5,,,
imnotbettie.11,https://www.threads.com/@imnotbettie.11/post/DTPYGd8j6jh,像家樂福的假人哈哈哈哈,2026年1月8日 星期四 下午2:50,@yeee._pp,,45,2,,1,https://www.threads.com/@carrefourtaiwan/post/DTPzAdhE_zs,人台麻豆明星🕺🏻,2026年1月8日 星期四 下午6:45,,,2,,,
pc1.1202,https://www.threads.com/@pc1.1202/post/DTMZa56Ev4U,"家樂福應援團
每個人都有自己的生活視角👀 家樂福應援團創作者召集🙋‍♂️ 不論料理日常的分享🎬 都可以把喜歡的事🎥 變成被看見的內容✨
在挑選的過程中發現，家樂福印有「從i開始」的標章，看到這個標示搭配到他的標籤，就可以看到在十大永續議題中，做過努力的足跡👣
這次選擇的是非籠飼雞蛋+水沙連鮮乳，這兩樣商品都是為社會永續在努力的商品之一🌱
大家在採買的過程中，也可以為我們的地球與環境貢獻一份小小得心力，多參考看看這些帶有標章的產品👀
@carrefourtaiwan #家樂福 #非籠飼雞蛋 #動物福利 #從i開始 #家樂福應援團 #創作者召集令#蛋是非籠飼的好",2026年1月7日 星期三 上午11:04,,,18,5,,2,https://www.threads.com/@carrefourtaiwan/post/DTPyx04E4xV,蛋是非籠飼的好🥚,2026年1月8日 星期四 下午6:43,,,5,1,,
chad4862,https://www.threads.com/@chad4862/post/DTPvnL8gcln,去家樂福去買一瓶紅酒的時候 我：我想要這一支紅酒 店員：沒問題呀，ㄟ你滿18了嗎？ 我：是的⋯我已經26了🥲🥲 有成年人買酒還會被問的嗎！？,2026年1月8日 星期四 下午6:15,,"Photo by 翰 on January 08, 2026.",6,2,,,https://www.threads.com/@carrefourtaiwan/post/DTPynZbkwHh,太童顏的困擾🤔,2026年1月8日 星期四 下午6:42,,,6,1,,4
rickyhsiaoofficial,https://www.threads.com/@rickyhsiaoofficial/post/DTPiYwgETJ3,今天沒有要跟你開玩笑、我結婚了、請大家為我們祝福。,2026年1月8日 星期四 下午4:20,,"Photo by 蕭煌奇 on January 08, 2026.",180000,4205,2035,16000,https://www.threads.com/@carrefourtaiwan/post/DTPx85YEzjj,祝你們一家都幸福❤️💙,2026年1月8日 星期四 下午6:36,,,119,1,,
flyusa1984,https://www.threads.com/@flyusa1984/post/DTPdtnWgfOs,四大超商收集完畢！ 明天可以兌換家樂福 敲碗全聯、美聯社 還有小北、大全聯🤣,2026年1月8日 星期四 下午3:39,,"Photo by Chris on January 07, 2026.",48,9,,7,https://www.threads.com/@carrefourtaiwan/post/DTPvhYJE8OA,"沒錯就是明天！加入你的燈箱收藏😉
小燈箱",2026年1月8日 星期四 下午6:15,,"Photo by 家樂福 | Carrefour on January 08, 2026.",6,,,
ghost20000825,https://www.threads.com/@ghost20000825/post/DTPUzWKkSIT,傻人有傻福，加勒比人有家樂福。,2026年1月8日 星期四 下午2:21,,,11,5,,,https://www.threads.com/@carrefourtaiwan/post/DTPvOWmE13P,你好我好大家好👋🏻,2026年1月8日 星期四 下午6:12,,,6,1,,
xxizvyu_,https://www.threads.com/@xxizvyu_/post/DTO-oJMjwgo,"家樂福
真的覺得臺灣人很可愛又很好心 放一堆沒用到的停車折抵給陌生人用 我就是其中一個受惠的 真的大感謝🥹🥹",2026年1月8日 星期四 上午11:07,,"Photo by 우 on January 07, 2026.",73,1,1,,https://www.threads.com/@carrefourtaiwan/post/DTPu-LrE2_E,動森島民的魅力💕,2026年1月8日 星期四 下午6:10,,,13,,,
rod_fyl,https://www.threads.com/@rod_fyl/post/DTPKs8LkkD-,"家樂福
不好意思，又來逛了…
弟弟： 家樂福可以給我一件背心嗎？ 要🈶印VIP字樣的🤣🤣🤣",2026年1月8日 星期四 下午12:53,,"Photo by Rod Fyl on January 07, 2026. | Photo by Rod Fyl on January 07, 2026.",70,2,,1,https://www.threads.com/@carrefourtaiwan/post/DTPu4NCkxrX,是臘腸狗勾😍背心的部分阿福想一下,2026年1月8日 星期四 下午6:09,,,4,1,,
wangliyan1130,https://www.threads.com/@wangliyan1130/post/DTPr0r_El8X,"我要帶去台北生存用的
我在成功家樂福吃飯請大家不要來偷我的電鍋唷 特此告知 1 / 2",2026年1月8日 星期四 下午5:42,,"Photo by 王立言（王默默） on January 08, 2026.",9953,185,32,54,https://www.threads.com/@carrefourtaiwan/post/DTPuwASk7bw,收到🫡,2026年1月8日 星期四 下午6:08,,,38,,,
tachnics,https://www.threads.com/@tachnics/post/DTPaU4BEmsQ,這家樂福看起來真兇殘...,2026年1月8日 星期四 下午3:09,,"Photo by 郭彥辰 on January 07, 2026.",9,1,,,https://www.threads.com/@carrefourtaiwan/post/DTPurUJk9tq,必須請 @doritostw 來一趟🤣,2026年1月8日 星期四 下午6:07,,,2,,,
sreetbank,https://www.threads.com/@sreetbank/post/DTPVk4pkfVq,隔著螢幕味道都飄出來了🤷🫣🫣,2026年1月8日 星期四 下午2:28,,"Photo by 黄巨輪 on January 07, 2026. | Photo by 黄巨輪 on January 07, 2026. | Photo by 黄巨輪 on January 07, 2026.",72,37,3,,https://www.threads.com/@carrefourtaiwan/post/DTPuN3tE3bM,是「家」的味道😍,2026年1月8日 星期四 下午6:03,,,4,1,,
colatour_tw,https://www.threads.com/@colatour_tw/post/DTOvSKekviv,"金唱片
建議大家今天晚上早一點睡，明天三餐便利商店 因為你可能會遇到BND、CORTIS、ALLDAY PROJECT!!! 1 / 2",2026年1月8日 星期四 上午8:53,,,17000,62,426,3087,https://www.threads.com/@carrefourtaiwan/post/DTPmLT_kxwW,"金唱片
來「家」也有機會巧遇，望周知😎",2026年1月8日 星期四 下午4:53,,,47,2,,2
debbygigigi,https://www.threads.com/@debbygigigi/post/DCDutLFzopb,"黑白大廚
在這邊建議 黑白大廚 第二屆的無限料理地獄的食材可以使用紅蘿蔔🥕 我就不信紅蘿蔔可以做出20道料理 1 / 2",2024年11月7日 星期四 下午1:23,,,10000,520,259,2855,https://www.threads.com/@carrefourtaiwan/post/DTO8fATE9cb,快來看我們家的紅蘿蔔🥕跟預言家🪄,2026年1月8日 星期四 上午10:49,,,12,,,
mu.nu_ui,https://www.threads.com/@mu.nu_ui/post/DTMgT9QkRJ_,"你遇過滿紅的又有禮貌的小編是誰？ 我的是
老賴茶棧 momo購物網
只要你有留言他們都會認真回覆，而且有時候還很幽默😆 你呢？是哪一家的小編深得你心呢？",2026年1月7日 星期三 下午12:04,,,622,700,4,9,https://www.threads.com/@carrefourtaiwan/post/DTO7dKQk4Aw,天氣冷要注意保暖！家樂福關心您,2026年1月8日 星期四 上午10:40,,,11,1,,
lifetaster526,https://www.threads.com/@lifetaster526/post/DTK0HN1kubZ,哪裡買得到皮蛋多力多滋啊 去了7-11、家樂福都沒看到,2026年1月6日 星期二 下午8:18,,,2,11,,1,https://www.threads.com/@carrefourtaiwan/post/DTK2_pgk61_,"門市沒有看到的話，可以線上買 🛒 c.cfour.tw/Vwxje
online.carrefour.com.tw
online.carrefour.com.tw",2026年1月6日 星期二 下午8:44,,,4,1,,
taiwanmobile_official,https://www.threads.com/@taiwanmobile_official/post/DTKO8yPj2Tk,請各位脆友用 大哥 的身分跟我說話 🤣,2026年1月6日 星期二 下午2:54,,,309,312,,8,https://www.threads.com/@carrefourtaiwan/post/DTKQvHLky-Z,安抓,2026年1月6日 星期二 下午3:09,,,56,3,,
tgifridaystaiwan,https://www.threads.com/@tgifridaystaiwan/post/DTJyz3NknvJ,請各位脆友用上班時的語氣跟我說話 1 / 3,2026年1月6日 星期二 上午10:48,,,208,264,1,8,https://www.threads.com/@carrefourtaiwan/post/DTJ1JXdk23-,收到,2026年1月6日 星期二 上午11:08,,,38,2,,
klkpudding,https://www.threads.com/@klkpudding/post/DTJ0klSkgiX,我來呼叫 @carrefourtaiwan 請他幫幫我,2026年1月6日 星期二 上午11:03,@blackjack141,,1,2,,,https://www.threads.com/@carrefourtaiwan/post/DTJ09DVk3wC,來了😋蛋是非籠飼的好🍮,2026年1月6日 星期二 上午11:07,,"Photo by 家樂福 | Carrefour on January 05, 2026.",2,2,,
candy688898877,https://www.threads.com/@candy688898877/post/DTIhKZDEzqg,如果是去家樂福採購的話3000塊買年菜還會有找嗎 還會剩下多少錢有沒有推薦8到9個人吃的,2026年1月5日 星期一 下午10:54,,,5,7,,,https://www.threads.com/@carrefourtaiwan/post/DTJzQO9k1-5,推薦這個套餐！有十菜👍🏻8～9個人吃也不用怕要連續幾天才能吃完這桌🫣 DM給你整本參考一下 c.cfour.tw/gxwR9,2026年1月6日 星期二 上午10:52,,"Photo by 家樂福 | Carrefour on January 05, 2026.",6,,,
taiwanlixiu,https://www.threads.com/@taiwanlixiu/post/DTH13MJkmFH,"韓國人在台灣
我來台灣的時候，其實不太喜歡逛家樂福。因為就會有種「啊，原來我已經在準備回韓國了啊」的感覺，心情真的不太好……. 😔😭😭😭😭😭😭😭
Taipei, Taiwan",2026年1月5日 星期一 下午4:36,,"Photo by 대만여행 타이완콩리슈 I 台灣控李秀 on January 05, 2026.",229,18,,1,https://www.threads.com/@carrefourtaiwan/post/DTJyYhwk4rR,🥹離別是為了下一次的重逢！,2026年1月6日 星期二 上午10:44,,,1,1,,
siron1229,https://www.threads.com/@siron1229/post/DTIoArKkzMp,家樂福提供紙箱跟繩子自由使用真的超棒！ 我通常會在紙箱戳兩個洞綁繩子， 再在箱子頂端貼一圈膠帶加強... 變成一個很堅固的手提箱，裝購物的東西剛剛好 回到家後還能當分類回收箱 倒垃圾時提著給回收車也很輕鬆☺️ 1 / 2,2026年1月5日 星期一 下午11:54,,"Photo by 李欣容 on January 05, 2026.",138,14,,2,https://www.threads.com/@carrefourtaiwan/post/DTJyJ1_kz09,動手玩創意（暴露年紀🤣）,2026年1月6日 星期二 上午10:42,,,10,1,,
love_somaru,https://www.threads.com/@love_somaru/post/DTIiTyEEhwl,爸媽正思考著該如何湊到500塊折抵停車費 我：,2026年1月5日 星期一 下午11:04,,"Photo by 冰塊 on January 05, 2026.",24000,138,394,1853,https://www.threads.com/@carrefourtaiwan/post/DTJx9fRk6Ns,參考一下還有栗子🌰跟荷包蛋🍳,2026年1月6日 星期二 上午10:40,,"Photo by 家樂福 | Carrefour on January 05, 2026.",1129,11,3,113
woody_077,https://www.threads.com/@woody_077/post/DTDS1aHESqS,突然好想去家樂福打工喔,2026年1月3日 星期六 下午10:13,,"Photo by 胡育慈 on January 03, 2026.",23,2,,3,https://www.threads.com/@carrefourtaiwan/post/DTDZRZlE5Fp,"來呀～
寒假打工
2026-1-2",2026年1月3日 星期六 下午11:09,,"Photo by 家樂福 | Carrefour on January 01, 2026.",10,1,,
min_inthemoo,https://www.threads.com/@min_inthemoo/post/DTAWnp8EeaW,丁輝人竟然還去家樂福買晚餐來吃 真的很愛家樂福欸哈哈哈哈 而且還買了一隻超巨大的雞翅,2026年1月2日 星期五 下午6:54,,,6719,49,186,547,https://www.threads.com/@carrefourtaiwan/post/DTBDSYIE0gb,歡迎eat同款🍗,2026年1月3日 星期六 上午1:19,,,54,1,,
i_mao_21,https://www.threads.com/@i_mao_21/post/DTAouM4jyFG,那可以請家樂福跟我說一聲加油嗎,2026年1月2日 星期五 下午9:27,,"Photo by 蔡艾貓貓貓貓貓 on January 02, 2026.",557,30,4,7,https://www.threads.com/@carrefourtaiwan/post/DTBDDbkk55T,\加油/,2026年1月3日 星期六 上午1:17,,,351,3,,
mmmovolzl,https://www.threads.com/@mmmovolzl/post/DTAWaCoieFI,台灣有多安心 可以在家樂福大逛特逛（ 1/2,2026年1月2日 星期五 下午6:49,,,26000,152,826,1706,https://www.threads.com/@carrefourtaiwan/post/DTBC_6fE3RV,蓬蓽生✨輝✨ 翻譯,2026年1月3日 星期六 上午1:16,,,902,2,2,12
tomriesestin,https://www.threads.com/@tomriesestin/post/DS-EGZIEses,"Twice
來家樂福已經不止一次看到電視牆在播TWICE了😍播放人員該不會是萬斯吧",2026年1月1日 星期四 下午9:30,,,1667,6,9,11,https://www.threads.com/@carrefourtaiwan/post/DTAP4SeEwVo,"Once you see us,You'll madly love us twice🍭 翻譯",2026年1月2日 星期五 下午5:49,,,56,,,
ht_kk,https://www.threads.com/@ht_kk/post/DS__V2AEct5,媽呀😱文心家樂福！？ 這已經不是Highlight 在台中了 而是無限趨近於《Highlight 入侵我家》的程度了😂😂😂 (畢竟不可能真的到我家XDD) 衝擊性的荒謬和魔幻感😳 我那天怎麼就沒有請假逛家樂福呢🤣🤣🤣,2026年1月2日 星期五 下午3:30,,,15000,115,410,4078,https://www.threads.com/@carrefourtaiwan/post/DTAPCTGEy3t,呼叫Light～一起來逛😍,2026年1月2日 星期五 下午5:42,,,308,1,,
lai_0318,https://www.threads.com/@lai_0318/post/DS-DUwcEqt5,家樂福什麼時候變成我不認識的樣子了🤣,2026年1月1日 星期四 下午9:21,,"Photo by 品純Pin Chun on January 01, 2026. | Photo by 品純Pin Chun on January 01, 2026. | Photo by 品純Pin Chun on January 01, 2026.",65,16,,,https://www.threads.com/@carrefourtaiwan/post/DTAOux3E6CA,採買補貨兼放電😘,2026年1月2日 星期五 下午5:39,,,17,1,,
7eleventw,https://www.threads.com/@7eleventw/post/DS9ePPGD5q9,"那魯 one 那魯 two
那魯灣 的 seven eleven",2026年1月1日 星期四 下午3:57,,"Photo by 7-ELEVEn Taiwan on December 31, 2025.",100000,1183,2025,6035,https://www.threads.com/@carrefourtaiwan/post/DS9q0GlE7Bl,矮～,2026年1月1日 星期四 下午5:47,,,5145,19,5,82
thermostaiwan,https://www.threads.com/@thermostaiwan/post/DS6vA4fk7BW,"小編需要流量
為什麼沒人跟我說 今天設計部沒人上班(´༎ຶོρ༎ຶོ`)
總之膳膳的脆今天開張 希 望 大 家 跟 我 說 那 4 個 字",2025年12月31日 星期三 下午2:31,,,5112,849,36,82,https://www.threads.com/@carrefourtaiwan/post/DS9JyIck1-S,加入海巡,2026年1月1日 星期四 下午12:58,,,47,2,,
gty._1222,https://www.threads.com/@gty._1222/post/DS7xYWsjyAM,POV：新竹人 必須吞貢丸吧 @151._.0709 1/2,2026年1月1日 星期四 上午12:07,,,15000,283,987,9587,https://www.threads.com/@carrefourtaiwan/post/DS9JhY1k_SD,推薦加入芋頭版本,2026年1月1日 星期四 下午12:56,,"Photo by 家樂福 | Carrefour on December 31, 2025.",54,1,,2
fangyi_0923,https://www.threads.com/@fangyi_0923/post/DS83e0zEQAn,Day655,2026年1月1日 星期四 上午10:19,,"Photo by 芳宜 on December 31, 2025.",22000,849,169,345,https://www.threads.com/@carrefourtaiwan/post/DS9JTRak3Lk,被被～新的一年我們一起繼續加油💪🏻,2026年1月1日 星期四 下午12:54,,,90,,,
yyyang_.f,https://www.threads.com/@yyyang_.f/post/DS7X15Cj_1s,家樂福也是很貼心 直接幫你分好12顆,2025年12月31日 星期三 下午8:23,,"Photo by fishood on December 31, 2025. | Photo by fishood on December 31, 2025.",566,2,,15,https://www.threads.com/@carrefourtaiwan/post/DS7xtWtE_vb,輕鬆脫單,2026年1月1日 星期四 上午12:09,,,29,,,
44lll6_,https://www.threads.com/@44lll6_/post/DS66XbcEwyv,怕只買綠葡萄意圖太明顯 硬是拿了顆高麗菜 1 / 2,2025年12月31日 星期三 下午4:05,,"Photo by 𝐐𝐇 on December 31, 2025.",5537,47,48,150,https://www.threads.com/@carrefourtaiwan/post/DS7xAoBkyGB,馬上脫單,2026年1月1日 星期四 上午12:03,,,48,,,
fitandfizz,https://www.threads.com/@fitandfizz/post/DS6sTqZEcy7,"綠葡萄跨年
也太貼心了吧？各位要脫單的，家樂福已分裝好給您～祝各位成功🥰",2025年12月31日 星期三 下午2:02,,"Photo by YA ｜蛋白質與酒精 on December 30, 2025.",40,7,,11,https://www.threads.com/@carrefourtaiwan/post/DS6uTNsE9MW,脫單成功,2025年12月31日 星期三 下午2:20,,,17,2,,
tresjolietohavefriends,https://www.threads.com/@tresjolietohavefriends/post/DS6fyF1iY30,"綠葡萄跨年
內湖家樂福很會🤣 腳步跟很緊欸
🍇
現在是中午12點，葡萄還有",2025年12月31日 星期三 下午12:13,,"Photo by 美到沒朋友 on December 30, 2025. | Photo by 美到沒朋友 on December 30, 2025.",1117,15,14,718,https://www.threads.com/@carrefourtaiwan/post/DS6tfFnk1FK,建議買兩盒！一盒要先練習,2025年12月31日 星期三 下午2:13,,,51,,,3
yilanpov,https://www.threads.com/@yilanpov/post/DS6P-1YD0wy,"我在想今天跨年要吞12個什麼 才會讓人覺得「喔！你很宜蘭欸～」
糕渣可以嗎？ 1 / 2",2025年12月31日 星期三 上午9:55,,,1047,426,14,194,https://www.threads.com/@carrefourtaiwan/post/DS6tLNyE95c,金棗,2025年12月31日 星期三 下午2:10,,,8,1,,
linetoday_tw,https://www.threads.com/@linetoday_tw/post/DS38f_ok6zr,"馬年
明年是馬年🐴 有哪些創意吉祥話可以說？",2025年12月30日 星期二 下午12:26,,,658,651,46,279,https://www.threads.com/@carrefourtaiwan/post/DS6if-jk8x2,立馬來逛,2025年12月31日 星期三 下午12:37,,,11,,,
kanpai_tw,https://www.threads.com/@kanpai_tw/post/DS6Z5ksk3u-,"社畜日常
今天有準時來上班的認真好棒棒小編 以下開放簽到 1 / 2",2025年12月31日 星期三 上午11:22,,,111,136,1,1,https://www.threads.com/@carrefourtaiwan/post/DS6iR0fE1rc,上班❌海巡交朋友✅,2025年12月31日 星期三 下午12:35,,,10,1,,
smaljohn,https://www.threads.com/@smaljohn/post/DS4cUPfEbx3,你好， 我是一名36歲的喜劇演員兼主持人， 你可以給我任何答案，我一定給你問題。,2025年12月30日 星期二 下午5:04,,,7634,954,43,98,https://www.threads.com/@carrefourtaiwan/post/DS6h1RJk4vh,家樂福,2025年12月31日 星期三 下午12:31,,,9,,,
shopee_tw,https://www.threads.com/@shopee_tw/post/DS4sybqE_qJ,"Dear 土地公,
希望在2025努力海巡的小編們 明年都能加薪、年終好幾個月
Thanks. 1 / 2",2025年12月30日 星期二 下午7:28,,,10000,543,66,175,https://www.threads.com/@carrefourtaiwan/post/DS443KPk-d_,阿福準備齊全來了！ 水果🍌🍎🍍 三牲🐓🐖🐟 甜食🍬🍭🍪 酒水🍶🫖🚰（喝酒不開車）（警語還是要上） 通通有賣！通通升官加薪大發財！ 大家說好不好～～～,2025年12月30日 星期二 下午9:14,,,185,1,,
songcaiii,https://www.threads.com/@songcaiii/post/DSzT9WyEilf,"Taiwan
（今天照片裡有中文！）韓國人眼裡的台灣是： 我的中文好爛 先抱歉大家 1 / 2",2025年12月28日 星期日 下午5:15,,"Photo by 송차이(宋彩) | 대만(台灣) 여행 on December 28, 2025. | Photo by 송차이(宋彩) | 대만(台灣) 여행 on December 28, 2025. | Photo by 송차이(宋彩) | 대만(台灣) 여행 on December 28, 2025. | Photo by 송차이(宋彩) | 대만(台灣) 여행 on December 28, 2025. | Photo by 송차이(宋彩) | 대만(台灣) 여행 on December 28, 2025. | Photo by 송차이(宋彩) | 대만(台灣) 여행 on December 28, 2025. | Photo by 송차이(宋彩) | 대만(台灣) 여행 on December 28, 2025. | Photo by 송차이(宋彩) | 대만(台灣) 여행 on December 28, 2025. | Photo by 송차이(宋彩) | 대만(台灣) 여행 on December 28, 2025. | Photo by 송차이(宋彩) | 대만(台灣) 여행 on December 28, 2025. | Photo by 송차이(宋彩) | 대만(台灣) 여행 on December 28, 2025. | Photo by 송차이(宋彩) | 대만(台灣) 여행 on December 28, 2025. | Photo by 송차이(宋彩) | 대만(台灣) 여행 on December 28, 2025. | Photo by 송차이(宋彩) | 대만(台灣) 여행 on December 28, 2025.",100000,1694,2940,3764,https://www.threads.com/@carrefourtaiwan/post/DS2Jf6hE9ba,少了一張 家樂福,2025年12月29日 星期一 下午7:41,,,24,1,1,1
kinmen_kaoliang_liquor,https://www.threads.com/@kinmen_kaoliang_liquor/post/DS05adqkh5B,小房間歐咪罵，閉上眼睛感受黑暗 有點像儲酒坑道，適合我沉潛陳化 我被關似乎轟動武林，一切都值了 四面八方傳來各種呼喚，靜心聆聽 有笑虧、有思念，也有打氣和鼓勵 但是我卻猶如鬼壓床一樣發不出聲 這裡的床沒有福容的好睡，硬了點 我喝了瓶嘉南羊乳，記憶中的香醇 吃了羊肉爐、雞排、烏魚子，飽足 天上掉下助聽器，戴起來聽滿清晰 尤其那可能要改名叫大家樂的訕笑 某桃嗆完就溜走，量他不敢再造次 同鄉鄉親寫友藏心之俳句說他獨醒 台中百貨捎來指名承諾，真心否？ 熱血偵探想幫忙查出陷害我的兇手 個人造業各人擔，歸咎我天性太嗆 一面鏡反射出光，映照出內斂鋒芒 夜深人靜時，國家級警報驟然響起 誤認通知我出小房間也要轟轟烈烈 一陣天搖地動，嚇得差點升溫66度 希望大家都平安順遂，才能等我嗆 隔壁房進進出出，殊途還不是同歸 他們先被放，我不急不徐沉住底氣 假日休養生息，避免勞動部找上門 用身手矯健寶寶們的英姿當下酒菜 笑看塵世瘋雲，蓄積醞釀醇如陳高 是的，我出來了，吃了碗豬腳麵線 鄭重告訴threads，這是我的戰帖 你可以關我一次，亦可關我千萬次 我要挑戰限流巔峰嗆到你招架不住 現代人不看長文？偏要寫！怎樣！ 1 / 2,2025年12月29日 星期一 上午8:01,,,10000,2052,95,804,https://www.threads.com/@carrefourtaiwan/post/DS1wyopk70S,幫大家抓重點,2025年12月29日 星期一 下午4:05,,"Photo by 家樂福 | Carrefour on December 29, 2025.",120,2,,
moominlu_bakery,https://www.threads.com/@moominlu_bakery/post/DSy96C-kfxu,不知道好不好吃🤣 看到家樂福草莓蛋糕好多！ 就想拍一下😝😝 吃過覺得好吃可以推我～～～ 觀望中～～～～,2025年12月28日 星期日 下午2:02,,"Photo by moominlu on December 27, 2025. | Photo by moominlu on December 27, 2025.",1312,31,44,1076,https://www.threads.com/@carrefourtaiwan/post/DS1Im_Vk8Yp,一定是大拇指🤤,2025年12月29日 星期一 上午10:14,,,13,,,
elowen._.u,https://www.threads.com/@elowen._.u/post/DSzdEf4kmiM,"家樂福
看到以後沒有家樂福我真的要哭出來 這邊推薦4個家樂福必買 有想看更多的會再更新！ 有看到的人直接原地賺到🤠 - 1.洗碗精 $128 有整整5公斤可以用超久，重點是不會一直滑滑的很難洗，洗完碗手也不會很乾，中規中矩，重點是很便宜🤝🏻
2.棉花棒 $29 總共500支的棉花棒只要29元，有粗有細，化妝跟平常挖耳朵都超好用ㄉ！！！
3.鬆餅粉 $129 我的早餐常備角，之後要再囤個好幾袋，一袋就可以吃很久，直接加水或牛奶都可以，再加個蛋就是很好吃的鬆餅🥺 而且我有跟好市多的比較過，便宜很多！！！ 市面上應該也很少有這麼便宜的鬆餅粉ㄌ （而且是真的好吃沒騙人）
4.家樂福綠茶 $96 我覺得跟天仁茗茶最便宜的87分像，喝起來就是不會生氣的綠茶，不會特別澀很好喝，拿來泡奶綠很讚，而且100入！！！ 家樂福自有品牌的東西很多都是跟大廠合作貼牌，所以差不到哪去的～～～",2025年12月28日 星期日 下午6:35,,"Photo by ELo on December 28, 2025. | Photo by ELo on December 28, 2025. | Photo by ELo on December 28, 2025. | Photo by ELo on December 28, 2025.",1050,71,100,588,https://www.threads.com/@carrefourtaiwan/post/DS1Ibowk639,不哭不哭🥹,2025年12月29日 星期一 上午10:13,,,25,1,,2
hanyingyi096,https://www.threads.com/@hanyingyi096/post/DSzUiQQEb7s,第一次帶著好市多的袋子逛家樂福😆😆,2025年12月28日 星期日 下午5:20,,"Photo by Ying Yi on December 28, 2025.",25,4,,,https://www.threads.com/@carrefourtaiwan/post/DS1H2yMEyTp,自備購物袋都是好袋子👍🏻,2025年12月29日 星期一 上午10:08,,,8,,,
cocoppp3789,https://www.threads.com/@cocoppp3789/post/DSzp_yNkTP_,"這個是我想的那個嗎？？
（辦證..",2025年12月28日 星期日 下午8:28,,"Photo by 陳品臻 on December 28, 2025.",717,56,8,49,https://www.threads.com/@carrefourtaiwan/post/DS1HpN5k_Vp,緩～光臨！,2025年12月29日 星期一 上午10:06,,,46,5,,
zeke_kai_1018,https://www.threads.com/@zeke_kai_1018/post/DSzPph2Eb_P,"金門酒廠小編 福容小編 嘉南羊乳小編 廣三小編 新光三越小編 銀貝貝小編 金蔘小編 綠茶小編 公職小編 睿聲小編 阿軍小編 紅薑黃小編 聿淨小編 小獅智小編 空軍小編 肉桂捲小編 巨城小編 台鐵小編 美廉社小編 六扇門小編 鐵甲小編 Seven小編 全家小編 春秋小編 85小編 故南宮小編 N O R A I N F O小編 打雜小編 水云茶小編 抹茶小編 賣小編 S U B W A Y T W小編 摩斯漢堡小編 泰興小編 W小編 蚵仔煎小編 P O P O C H A C H A小編 咕咕雞小編 蝦皮小編 M Y H O W A小編 小公主小編 祺嵐小編 萌小編 凍乾小編 P O Y A小編 雪花冰小編 哞小編 紙箱小編 瓜編 Y U小編 風餐小編 M O M O小編 IKEA小編 翁哩小編 果編 櫻廚小編￼ 振賢堂小編 猿氣小子小編 羊編 PChome小編 福容花蓮小編 市場阿怡小編 聯成家具小編
我還有漏掉的嗎？ 1 / 2",2025年12月28日 星期日 下午4:37,,,451,459,4,22,https://www.threads.com/@carrefourtaiwan/post/DS1HArPE7oY,有！你有漏掉我,2025年12月29日 星期一 上午10:00,,,8,1,,
melody_hearingaid,https://www.threads.com/@melody_hearingaid/post/DSy7dOpEuOZ,"小黑屋
@avon_hsiao 說要來投票來預測下一個是哪一個小編被關進小黑屋🤪🤪 大家快來共襄盛舉！！
1,003票 · 票選活動已結束",2025年12月28日 星期日 下午1:41,,,208,153,5,10,https://www.threads.com/@carrefourtaiwan/post/DSzQIXUEdm5,沒有以上皆進去嗎？🤣🤣🤣,2025年12月28日 星期日 下午4:42,,,73,1,,
esae7253,https://www.threads.com/@esae7253/post/DSzB2bRkm_I,"家樂福
今天天氣也太好了吧😂 跟昨天差好多捏😓 陪家人來家樂福逛逛 就為了買阿母愛吃的紅龍雞塊🤭 出門走走逛逛也不錯👍🏼",2025年12月28日 星期日 下午2:37,,"Photo by 黃翔業｜工廠人副業日常 on December 27, 2025. | Photo by 黃翔業｜工廠人副業日常 on December 27, 2025. | Photo by 黃翔業｜工廠人副業日常 on December 27, 2025. | Photo by 黃翔業｜工廠人副業日常 on December 27, 2025. | Photo by 黃翔業｜工廠人副業日常 on December 27, 2025.",48,38,,,https://www.threads.com/@carrefourtaiwan/post/DSzQAm7ESbk,緩～光臨&謝～光臨！,2025年12月28日 星期日 下午4:40,,,13,2,,
meganchang1117,https://www.threads.com/@meganchang1117/post/DSxCCPMEkGp,"家樂福超市
我跟朋友說家樂福超市買的 他竟然問我說什麼是家樂福超市？ ￼他都在前鎮苓雅區南高一帶 沒看過？ 南高都沒有家樂福超市嗎？ 巨蛋一帶超多間的啊 1 / 2",2025年12月27日 星期六 下午8:00,,,42,54,,3,https://www.threads.com/@carrefourtaiwan/post/DSzPnfGEfDY,"我來了～這邊請🟠c.cfour.tw/Ve9RI
carrefour.com.tw
台灣家樂福 | Welcome to Carrefour Taiwan!!",2025年12月28日 星期日 下午4:37,,台灣家樂福 | Welcome to Carrefour Taiwan!!,4,1,,
yuntong0101,https://www.threads.com/@yuntong0101/post/DSxXKBxCZW7,"家樂福
家樂福的垃圾袋很好用 每次補貨都一定要補滿！！",2025年12月27日 星期六 下午11:04,,"Photo by 紜彤 on December 27, 2025. | Photo by 紜彤 on December 27, 2025. | Photo by 紜彤 on December 27, 2025.",863,61,17,824,https://www.threads.com/@carrefourtaiwan/post/DSzPGlWEQTS,"線上購物也買得到喔～上連結這邊請🔗 c.cfour.tw/aStL4
online.carrefour.com.tw
行銷分類 | 家樂福線上購物",2025年12月28日 星期日 下午4:33,,行銷分類 | 家樂福線上購物,10,,,4
10_2k05,https://www.threads.com/@10_2k05/post/DSzLFjkiR6n,"家樂福
家樂福真的很讚 逛到一般肚子餓還可以在店內結帳代客煎牛排吃，旁邊還有現打果汁",2025年12月28日 星期日 下午3:57,,"Photo by 阿全 on December 27, 2025. | Photo by 阿全 on December 27, 2025.",18,1,,,https://www.threads.com/@carrefourtaiwan/post/DSzOqqmkazR,冷冷的天推薦再來碗現煮泡麵🍜,2025年12月28日 星期日 下午4:29,,,2,,,
meganchang66,https://www.threads.com/@meganchang66/post/DSwzUcQiV-o,"小編日常
Threads已經是各家小編的天下了￼￼ 信不信一堆小編來簽到 1 / 2",2025年12月27日 星期六 下午5:51,,,209,251,2,1,https://www.threads.com/@carrefourtaiwan/post/DSy2scIke0s,簽～老闆請幫我加雞腿！,2025年12月28日 星期日 下午12:59,,,21,1,,
tommy._.311,https://www.threads.com/@tommy._.311/post/DSxgOmBEwad,地震讓家樂福快變跑酷了 還有嗅覺大戰,2025年12月28日 星期日 上午12:24,,"Photo by 偷米Tommyyyyyy on December 27, 2025. | Photo by 偷米Tommyyyyyy on December 27, 2025. | Photo by 偷米Tommyyyyyy on December 27, 2025.",7201,16,48,426,https://www.threads.com/@carrefourtaiwan/post/DSyy3k6EXxt,安全第一！辛苦店內同仁🥹,2025年12月28日 星期日 下午12:26,,,750,2,,6
wang_fu_kai,https://www.threads.com/@wang_fu_kai/post/DSxbyZlgeuU,"小編海巡中
「你好、我吃一點」、「是粱不是梁」 這些看似隨意的留言，正是 Threads 在台灣快速竄紅的關鍵。不同於 Facebook或 Instagram，Threads 更像即時聊天現場，充滿插話、玩笑與人味。 也因此，一股品牌小編下海巡留言的風潮迅速成形。品牌不再只在自家帳號發聲，而是主動出現在他人熱門貼文底下，以留言者身分參與話題，拉近與消費者的距離。
金門酒廠小編擅長成熟幽默的嗆聲風格，嘉南羊乳小編常出沒在親子與懷舊串文中，用生活語言建立好感；全家小編幾乎成了 Threads 的即時時事朋友，華元蚵仔煎則在夜市與地方日常話題中，以自嘲式幽默刷存在感。近來，福容飯店、新光三越、SOGO 等旅宿與百貨品牌，也逐步加入這場海巡互動。
當品牌不以官方貼文，而是以留言加入對話時，更容易被視為「一個人」而非「一個帳號」，提升真實感與接受度；同時，具辨識度的官方帳號現身，往往引發截圖與轉傳，形成低成本卻高擴散的演算法紅利。
更重要的是，小編角色正在轉變，從資訊發布者，變成穩定出現的社群熟面孔。對原本形象嚴肅或大型體系品牌而言，這種反差感，正是重新靠近年輕族群、搶回注意力的關鍵方式 1 / 2",2025年12月27日 星期六 下午11:45,,,1104,233,31,95,https://www.threads.com/@carrefourtaiwan/post/DSyw8jokRzB,阿福抵達！,2025年12月28日 星期日 下午12:09,,,30,5,,
a318006seed,https://www.threads.com/@a318006seed/post/DSwAzAWk9NQ,8萬,2025年12月27日 星期六 上午10:30,,"Photo by 林小野 on December 26, 2025.",61000,997,197,1120,https://www.threads.com/@carrefourtaiwan/post/DSxFcbnk0Ss,必須拿出大罐的大C一波,2025年12月27日 星期六 下午8:30,,"Photo by 家樂福 | Carrefour on December 27, 2025.",92,2,,
avon_hsiao,https://www.threads.com/@avon_hsiao/post/DSwvQ7VCUHN,"雖然自己常寫專業脆文，不過看看品牌帳在幹麻真的很有趣，例如金門酒廠小編、嘉南羊乳小編、故宮南院小編、IKEA小編、全家小編⋯
我想問，還有哪些好玩有趣的品牌帳，是我沒追到的？",2025年12月27日 星期六 下午5:16,,,968,483,24,49,https://www.threads.com/@carrefourtaiwan/post/DSxFPguE7k6,以下開放追蹤,2025年12月27日 星期六 下午8:28,,,80,4,,
moryen.shalu_7777,https://www.threads.com/@moryen.shalu_7777/post/DSwhcTuiTqT,"雙休的叫「牛馬」🐂🐎 單休的叫「戰馬」⚔️🐎 全年無休的叫「旋轉木馬」🎠
想問問路過的小編／闆闆們 你們現在是什麼馬？🤪",2025年12月27日 星期六 下午3:15,,,61,136,,,https://www.threads.com/@carrefourtaiwan/post/DSwvSsmE6lg,馬上來,2025年12月27日 星期六 下午5:16,,,8,1,,
9_fanasis,https://www.threads.com/@9_fanasis/post/DStg7t7EyGW,一人留一個2025做過最瘋/最大的事情！,2025年12月26日 星期五 上午11:13,,,1676,1350,57,90,https://www.threads.com/@carrefourtaiwan/post/DSwicPpkwNT,I人但到處海巡裝熟,2025年12月27日 星期六 下午3:24,,,64,2,,1
kinmen_kaoliang_liquor,https://www.threads.com/@kinmen_kaoliang_liquor/post/DSwK--wAZiT,好的，我被限流、回不了留言了，謝謝大家，真是可惡的threads！,2025年12月27日 星期六 上午11:59,,,23000,983,157,945,https://www.threads.com/@carrefourtaiwan/post/DSwhXr3E5LW,你也有今天🎤🎶,2025年12月27日 星期六 下午3:14,,,1594,11,1,5
chien.chan_0721,https://www.threads.com/@chien.chan_0721/post/DSuLmb9j51g,會修公車站牌勝過幾%高中生 @nnej.0922,2025年12月26日 星期五 下午5:34,,,64000,315,1715,3571,https://www.threads.com/@carrefourtaiwan/post/DSwGnfdE0Jx,還以為是公車站牌🚏原來是拍拍燈啊,2025年12月27日 星期六 上午11:21,,,228,1,,1
ceciliaonice,https://www.threads.com/@ceciliaonice/post/DStRP22kso9,今天有上班的人都是很棒的人。,2025年12月26日 星期五 上午8:56,,,9307,120,360,821,https://www.threads.com/@carrefourtaiwan/post/DSt5iVQkww0,乖寶寶印章💯,2025年12月26日 星期五 下午2:48,,"Photo by 家樂福 | Carrefour on December 25, 2025.",55,,,
maymi2003,https://www.threads.com/@maymi2003/post/DStKtxok3rp,好消息：台灣終於有冬天了 壞消息：直接就冬天了,2025年12月26日 星期五 上午7:59,,,100000,410,6625,4531,https://www.threads.com/@carrefourtaiwan/post/DSt5MdiE22s,"算是預測正確
2025-11-7",2025年12月26日 星期五 下午2:45,,"Photo by 家樂福 | Carrefour on November 06, 2025. | Photo by 家樂福 | Carrefour on November 06, 2025. | Photo by 家樂福 | Carrefour on November 06, 2025. | Photo by 家樂福 | Carrefour on November 06, 2025. | Photo by 家樂福 | Carrefour on November 06, 2025. | Photo by 家樂福 | Carrefour on November 06, 2025. | Photo by 家樂福 | Carrefour on November 06, 2025. | Photo by 家樂福 | Carrefour on November 06, 2025. | Photo by 家樂福 | Carrefour on November 06, 2025. | Photo by 家樂福 | Carrefour on November 06, 2025. | Photo by 家樂福 | Carrefour on November 06, 2025.",136,1,2,
hantseng_hanson,https://www.threads.com/@hantseng_hanson/post/DStpYsDCuFb,⠀⠀ ⠀ ⠀ ⠀ 有些網友活躍程度就像在threads上班一樣 ​ ⠀⠀ ⠀ ⠀ 1 / 2,2025年12月26日 星期五 下午12:27,,,745,215,39,24,https://www.threads.com/@carrefourtaiwan/post/DSt5BmOk7F9,打卡是這邊嗎？,2025年12月26日 星期五 下午2:43,,,81,2,,
isiyangyou,https://www.threads.com/@isiyangyou/post/DSruy0Kjyqn,"新年倒數
不太確定有這個勇氣",2025年12月25日 星期四 下午6:36,,"Photo by 陳洗洗 on December 25, 2025.",23000,188,1908,1350,https://www.threads.com/@carrefourtaiwan/post/DSt0rBwk2mG,,2025年12月26日 星期五 下午2:05,,"Photo by 家樂福 | Carrefour on December 25, 2025.",45,,,3
taiwanmobile_official,https://www.threads.com/@taiwanmobile_official/post/DStb6FJD73g,台北這天氣真的可以上班嗎？？？,2025年12月26日 星期五 上午10:29,,,430,161,,3,https://www.threads.com/@carrefourtaiwan/post/DStimtYE8n0,海巡也還是要繼續🥶,2025年12月26日 星期五 上午11:28,,,8,1,,
kuang8517,https://www.threads.com/@kuang8517/post/DSrxx13gehy,"同事A：「我最近想換床墊。」 同事B：「那我覺得你可以去買涓豆腐！」 我：（？）
開始思考我剛剛是聽錯問題還是聽錯答案",2025年12月25日 星期四 下午7:02,,,924,76,9,95,https://www.threads.com/@carrefourtaiwan/post/DStKq0vEw8Q,喜歡睡軟一點的床墊的話推薦⬇️,2025年12月26日 星期五 上午7:58,,"Photo by 家樂福 | Carrefour on December 25, 2025.",117,3,,3
yyyenhung_l,https://www.threads.com/@yyyenhung_l/post/DSrITdjk3xf,大家可以去家樂福買菜 買一送一,2025年12月25日 星期四 下午12:59,,"Photo by 林彥宏 on December 24, 2025. | Photo by 林彥宏 on December 24, 2025.",864,9,18,696,https://www.threads.com/@carrefourtaiwan/post/DSrwiL8k8jB,天冷吃鍋加菜不心痛💚,2025年12月25日 星期四 下午6:51,,,60,,,
kiki.design.__,https://www.threads.com/@kiki.design.__/post/DSmlBSXE6oN,我自行宣布 Threads《有流量但奇怪的小編》 比賽正式開始 選手如下： 1 / 3,2025年12月23日 星期二 下午6:34,,,928,852,14,38,https://www.threads.com/@carrefourtaiwan/post/DSrhPnMExHq,缺粉的我來了～,2025年12月25日 星期四 下午4:37,,,131,8,,1
shopee_tw,https://www.threads.com/@shopee_tw/post/DSrGVWQk0cE,"Dear Salary,
救我
Thanks. 翻譯 1 / 2",2025年12月25日 星期四 下午12:42,,,6660,42,333,286,https://www.threads.com/@carrefourtaiwan/post/DSrMQmgE2Xj,"親愛的年終：
來吧
謝謝。",2025年12月25日 星期四 下午1:34,,,272,,,2
7xuwy,https://www.threads.com/@7xuwy/post/DSpnxtXDyDG,望周知 有對象的才叫聖誕節 你們那個叫行憲紀念日,2025年12月24日 星期三 下午10:56,,,31000,159,2264,4349,https://www.threads.com/@carrefourtaiwan/post/DSrEHzSE4f-,沒事的～只要大家多來逛🛒阿福就不孤單,2025年12月25日 星期四 下午12:23,,,132,1,,5
ikea_taiwan,https://www.threads.com/@ikea_taiwan/post/DSo_njekx_j,"聖誕節
親愛的朋友 你今年聖誕節在幹嘛？",2025年12月24日 星期三 下午5:05,,,136,83,2,5,https://www.threads.com/@carrefourtaiwan/post/DSrAyqmkxkJ,在這邊,2025年12月25日 星期四 上午11:54,,,2,1,,
jgssg.com.tw,https://www.threads.com/@jgssg.com.tw/post/DSoe6QUE2AN,用一句話提到聖誕 但句子裡不能有聖誕兩個字,2025年12月24日 星期三 下午12:19,,,195,372,1,2,https://www.threads.com/@carrefourtaiwan/post/DSrAwrEk12Y,瑪麗亞凱莉完全解凍,2025年12月25日 星期四 上午11:53,,,19,,,
benesse_tw,https://www.threads.com/@benesse_tw/post/DSpZqSSj_Kt,睡覺等耶誕老公公來,2025年12月24日 星期三 下午8:52,,"Photo by 巧虎好朋友（巧連智） on December 24, 2025. | Photo by 巧虎好朋友（巧連智） on December 24, 2025. | Photo by 巧虎好朋友（巧連智） on December 24, 2025. | Photo by 巧虎好朋友（巧連智） on December 24, 2025. | Photo by 巧虎好朋友（巧連智） on December 24, 2025. | Photo by 巧虎好朋友（巧連智） on December 24, 2025.",30000,245,2950,5874,https://www.threads.com/@carrefourtaiwan/post/DSrAhVHE4cf,誕樹巧虎你沒睡覺🎅🏻怎麼來,2025年12月25日 星期四 上午11:51,,,19,,,1
hilaifoods_photos,https://www.threads.com/@hilaifoods_photos/post/DSpD_JYE45s,📣聽說明天放假 可以跟我說那4個字嗎？,2025年12月24日 星期三 下午5:43,,,224,231,2,9,https://www.threads.com/@carrefourtaiwan/post/DSrATfTk_Px,多穿一點,2025年12月25日 星期四 上午11:49,,,14,,,
hola.taiwan,https://www.threads.com/@hola.taiwan/post/DSpJpb0krmq,大家好，我是賣家的,2025年12月24日 星期三 下午6:32,,,8278,1028,73,422,https://www.threads.com/@carrefourtaiwan/post/DSrAPYfk2A9,大家好，我來海巡的,2025年12月25日 星期四 上午11:49,,,119,3,,
krachismee,https://www.threads.com/@krachismee/post/DSh3LC_E7os,"爆炸
不知道流量會不會爆 但我知道我的水餃爆了 1 / 2",2025年12月21日 星期日 下午10:37,,,38000,444,1021,3833,https://www.threads.com/@carrefourtaiwan/post/DSmUCBfE1eU,關起來=沒事了,2025年12月23日 星期二 下午4:05,,,2468,7,2,23
tyntseng,https://www.threads.com/@tyntseng/post/DSlqc-_knFJ,家樂福logo轉90度會變成聖誕老公公,2025年12月23日 星期二 上午10:02,,"Photo by 元農 on December 22, 2025.",223,8,2,,https://www.threads.com/@carrefourtaiwan/post/DSmT1JZE41n,聖誕節快樂🎅🏼,2025年12月23日 星期二 下午4:04,,,177,1,1,
yc_hao,https://www.threads.com/@yc_hao/post/DSlqMlsEx7U,關於做賣場推車手半年心得～ 1 / 2,2025年12月23日 星期二 上午10:00,,"Photo by 楊承浩呆 on December 22, 2025. | Photo by 楊承浩呆 on December 22, 2025. | Photo by 楊承浩呆 on December 22, 2025. | Photo by 楊承浩呆 on December 22, 2025. | Photo by 楊承浩呆 on December 22, 2025. | Photo by 楊承浩呆 on December 22, 2025. | Photo by 楊承浩呆 on December 22, 2025. | Photo by 楊承浩呆 on December 22, 2025. | Photo by 楊承浩呆 on December 22, 2025. | Photo by 楊承浩呆 on December 22, 2025. | Photo by 楊承浩呆 on December 22, 2025. | Photo by 楊承浩呆 on December 22, 2025. | Photo by 楊承浩呆 on December 22, 2025. | Photo by 楊承浩呆 on December 22, 2025. | Photo by 楊承浩呆 on December 22, 2025. | Photo by 楊承浩呆 on December 22, 2025. | Photo by 楊承浩呆 on December 22, 2025. | Photo by 楊承浩呆 on December 22, 2025. | Photo by 楊承浩呆 on December 22, 2025.",80000,1027,3839,10000,https://www.threads.com/@carrefourtaiwan/post/DSmQcsrk5Wy,我推的店員👍,2025年12月23日 星期二 下午3:34,,,6011,9,2,22
yosichn,https://www.threads.com/@yosichn/post/DSgh8dSlEPG,薪水沒有聖 誕樹還要撐半個月,2025年12月21日 星期日 上午10:12,,,62000,179,6498,11000,https://www.threads.com/@carrefourtaiwan/post/DShRBHikzer,薪水沒有聖 誕樹演唱會一直開,2025年12月21日 星期日 下午5:03,,,324,1,6,20
yuyao_7777,https://www.threads.com/@yuyao_7777/post/DSgiObWgZgJ,菇獨 1 / 2,2025年12月21日 星期日 上午10:14,,"Photo by Yuyao Tsai on December 20, 2025.",180000,1165,10000,31000,https://www.threads.com/@carrefourtaiwan/post/DShPeFBk5QE,快來點數商城帶它回家！不再菇獨,2025年12月21日 星期日 下午4:49,,"Photo by 家樂福 | Carrefour on December 21, 2025.",92,2,,
aoi_rinrin,https://www.threads.com/@aoi_rinrin/post/DScFR52krs-,我新養了一隻玄鳳 1 / 2,2025年12月19日 星期五 下午4:44,,"Photo by 依🦔 on December 19, 2025.",21000,229,736,3575,https://www.threads.com/@carrefourtaiwan/post/DSgjZBSk__T,原來這袋是驚喜包🦜,2025年12月21日 星期日 上午10:24,,"Photo by 家樂福 | Carrefour on December 20, 2025.",89,1,,
euniceluoluo,https://www.threads.com/@euniceluoluo/post/DSUZm7ogYgx,皮蛋布丁真的還可以耶～！ 甜甜臭臭的😂軟中帶Q 1 / 2,2025年12月16日 星期二 下午5:08,,"Photo by 羅紫凝 on December 16, 2025.",10000,2222,650,14000,https://www.threads.com/@carrefourtaiwan/post/DSY5YKNk0Ek,"蛋是非籠飼的好
推薦一顆雞蛋布丁🍮裡面只有非籠飼雞蛋沒有皮蛋🫣",2025年12月18日 星期四 上午11:02,,"Photo by 家樂福 | Carrefour on December 17, 2025.",55,2,,4
musashi0839,https://www.threads.com/@musashi0839/post/DSWd--rAa8o,"英文單字
整理了近10年最常出現在大考的十個單字 the: 1533次 of: 842次 to: 769次 a: 622次 and: 573次 in: 504次 is: 363次 The: 251次 for: 245次 請各位考生加油。",2025年12月17日 星期三 下午12:25,,,28000,135,1493,3765,https://www.threads.com/@carrefourtaiwan/post/DSXIb8rk1QO,出社會最常用的英文單字: OK,2025年12月17日 星期三 下午6:36,,,1218,1,1,19
gvmonthly,https://www.threads.com/@gvmonthly/post/DSUHzgaE4QA,"家樂福
原本要結束營業的家樂福台中青海店要繼續營業了，把我的眼淚還來😂 1 / 2",2025年12月16日 星期二 下午2:32,,,110,6,,2,https://www.threads.com/@carrefourtaiwan/post/DSULunWk-hn,有借有還💧,2025年12月16日 星期二 下午3:07,,,25,,,
gu_taiwan,https://www.threads.com/@gu_taiwan/post/DST692AiZdj,聖誕節要來了！有沒有人要跟揪編GU團一起過聖誕！ 1 / 4,2025年12月16日 星期二 下午12:40,,"Photo by GU TAIWAN on December 15, 2025. | Photo by GU TAIWAN on December 15, 2025. | Photo by GU TAIWAN on December 15, 2025. | Photo by GU TAIWAN on December 15, 2025. | Photo by GU TAIWAN on December 15, 2025. | Photo by GU TAIWAN on December 15, 2025. | Photo by GU TAIWAN on December 15, 2025. | Photo by GU TAIWAN on December 15, 2025.",165,51,14,37,https://www.threads.com/@carrefourtaiwan/post/DST_ktIE3rm,聖誕快樂❤️🤍,2025年12月16日 星期二 下午1:20,,"Photo by 家樂福 | Carrefour on December 15, 2025.",32,1,,
long_o424.176,https://www.threads.com/@long_o424.176/post/DSTozrek0xY,@carrefourtaiwan 召喚家樂福小編,2025年12月16日 星期二 上午10:01,@zcc.ez,,,1,,,https://www.threads.com/@carrefourtaiwan/post/DST6LC9k_rE,海巡的好笑程度100% 已經海巡再被cue海巡的好笑程度 100000%,2025年12月16日 星期二 下午12:33,@zcc.ez,,2,,,
a.fox.daily,https://www.threads.com/@a.fox.daily/post/DSTxphxibh3,"台中
家樂福青海店復活了 （圖片來源：家樂福青海店臉書粉專）",2025年12月16日 星期二 上午11:19,,"Photo by 一隻狐狸｜台中 嘉義 美食 咖啡廳 景點 動漫 展覽 快閃店 on December 15, 2025. | Photo by 一隻狐狸｜台中 嘉義 美食 咖啡廳 景點 動漫 展覽 快閃店 on December 15, 2025.",61,10,1,43,https://www.threads.com/@carrefourtaiwan/post/DST5npTE7ec,It’s time!!!🧊🎄🎁 翻譯,2025年12月16日 星期二 下午12:28,,,20,1,,
winstonpc,https://www.threads.com/@winstonpc/post/DSSItsVEvk3,"家樂福
不騙人 連續兩天都遇上了超大逆轉! 今天是家樂福臺中青海店 該店在預計停業前一周 宣布繼續營業! O M G!!! 1 / 2",2025年12月15日 星期一 下午8:02,,"Photo by Winston Tsung Han Chung on December 15, 2025.",1760,120,31,2357,https://www.threads.com/@carrefourtaiwan/post/DSTcM6wE2-G,懷疑青海店🤔理解青海店😍成為青海店❓青海店 is _a_k (請回答）,2025年12月16日 星期二 上午8:11,,,200,12,1,9
mosan_form,https://www.threads.com/@mosan_form/post/DSRH9OKkgIB,（在雞排攤，老闆娘頗忙） 老闆娘：你是什麼 我：我是一片雞排 1 / 2,2025年12月15日 星期一 上午10:36,,,65000,726,2600,6752,https://www.threads.com/@carrefourtaiwan/post/DSRwN-2E-U2,質疑雞排，理解雞排，成為雞排,2025年12月15日 星期一 下午4:28,,,851,1,,11
miiii_5611_911,https://www.threads.com/@miiii_5611_911/post/DSMDMbgkhOM,剛剛在賣場看到的！,2025年12月13日 星期六 上午11:18,@song_ji_lin,"Photo by 麋璐 on December 12, 2025.",113,4,1,2,https://www.threads.com/@carrefourtaiwan/post/DSOQdG9E_d_,昨天搶票的阿福應該要乖乖在這棵樹旁邊🥹,2025年12月14日 星期日 上午7:52,,,1,,,
cugu.interior,https://www.threads.com/@cugu.interior/post/DSM94T6AS4d,"雞蛋
有點期待，不確定價格是怎麼樣的😆 願買得到好吃的蛋🙏
好期待下蛋😆 善待母雞！家樂福的政策感覺真的很棒！",2025年12月13日 星期六 下午7:51,,"Photo by 初古設計/室內裝修/一柒 on December 13, 2025. | Photo by 初古設計/室內裝修/一柒 on December 13, 2025.",23,2,,,https://www.threads.com/@carrefourtaiwan/post/DSNaKH7Exma,蛋是非籠飼的好🥚,2025年12月13日 星期六 下午11:58,,,26,1,,
slotman97,https://www.threads.com/@slotman97/post/DSJ1UYWkfmX,雖然股票綠了，但這塊綠色蛋糕是甜的 1 / 2,2025年12月12日 星期五 下午2:38,,"Photo by 再睡億分鐘😴 on December 11, 2025.",1843,27,20,259,https://www.threads.com/@carrefourtaiwan/post/DSLutclEyMN,冬天必吃草莓口味❎😂😂 翻譯,2025年12月13日 星期六 上午8:19,,"Photo by 家樂福 | Carrefour on December 12, 2025.",29,1,,
a0723happy,https://www.threads.com/@a0723happy/post/DSH6LiZky_R,"吃貨日常
可不可以放一張 你手機相簿裡關於「食物」的照片？ 1 / 3",2025年12月11日 星期四 下午8:42,,,457,1835,2,8,https://www.threads.com/@carrefourtaiwan/post/DSLuU7rE8nP,不藏私分享🍣😋🤤,2025年12月13日 星期六 上午8:16,,"Photo by 家樂福 | Carrefour on December 12, 2025.",11,2,,
jialysm,https://www.threads.com/@jialysm/post/DSHKPZAErNc,其實柯南就是工藤新一,2025年12月11日 星期四 下午1:43,,,27000,967,874,2242,https://www.threads.com/@carrefourtaiwan/post/DSLtKwtkwP6,放個💣提醒福友們這裡有大雷防爆🫣,2025年12月13日 星期六 上午8:06,,,9,,,
mofans_2020,https://www.threads.com/@mofans_2020/post/DSKASq4E6sb,原來… 在 2025 年 10 月… 台灣已經是Threads 上流量最大的國家… 台灣人…真…猛…,2025年12月12日 星期五 下午4:14,,,11000,172,66,43,https://www.threads.com/@carrefourtaiwan/post/DSLs4XYE09P,大家早安！阿福抵達海巡🏄,2025年12月13日 星期六 上午8:03,,,19,1,,
wdymkaxaki,https://www.threads.com/@wdymkaxaki/post/DSKfjJdkde-,為什麼隧道上面都要蓋一座山啊 1 / 2,2025年12月12日 星期五 下午8:47,,"Photo by KAXAKi on December 12, 2025.",57000,675,1089,2723,https://www.threads.com/@carrefourtaiwan/post/DSLsc8pEwO0,先有雞還是先有蛋？阿福只知道蛋是非籠飼的好🥚,2025年12月13日 星期六 上午7:59,,,2076,9,,11
2.tzuuuuu_8,https://www.threads.com/@2.tzuuuuu_8/post/DSG-oYiAQTL,昨天下班超想喝玉米濃湯 但是大半夜哪裡有賣 今天自己實現玉米濃湯自由🥰 1 / 2,2025年12月11日 星期四 下午12:02,,"Photo by ㄘˊ🙋 on December 10, 2025. | Photo by ㄘˊ🙋 on December 10, 2025.",13000,2210,325,7039,https://www.threads.com/@carrefourtaiwan/post/DSK1on5k10b,蔥動～我的心在顫抖🫨（一起唱🎤）,2025年12月13日 星期六 上午12:00,,,3,,,
shopee_tw,https://www.threads.com/@shopee_tw/post/DSKvlAfk0QN,今天是我10歲生日可以跟我說那四個字嗎 1 / 2,2025年12月12日 星期五 下午11:07,,"Photo by 蝦皮購物Shopee on December 12, 2025. | Photo by 蝦皮購物Shopee on December 12, 2025.",10000,1374,65,207,https://www.threads.com/@carrefourtaiwan/post/DSK05dfkyE1,週末來逛,2025年12月12日 星期五 下午11:54,,,476,1,,
dailyview.tw,https://www.threads.com/@dailyview.tw/post/DR_B8ubj9dC,"品牌小編
2025最新！超活網品牌小編排行出爐 沒想到這次榜單全面大洗牌欸～～ 有哪家小編還沒上榜過的？快舉手刷一下存在 1 / 2",2025年12月8日 星期一 上午9:57,,"Photo by 網路溫度計DailyView on December 07, 2025.",6823,1140,241,1923,https://www.threads.com/@carrefourtaiwan/post/DR_YOeUk7AU,阿福來了🙋🏻排位上升！謝謝大家💙,2025年12月8日 星期一 下午1:12,,,430,2,,
abracadabraa.24,https://www.threads.com/@abracadabraa.24/post/DRxJSnqEyzZ,"牙醫系
我們是牙醫系 當然吃冰淇淋的時候會不小心吃出一顆下顎大臼齒 1 / 2",2025年12月3日 星期三 上午12:32,,"Photo by 陳紀睿 on December 02, 2025. | Photo by 陳紀睿 on December 02, 2025. | Photo by 陳紀睿 on December 02, 2025. | Photo by 陳紀睿 on December 02, 2025.",90000,364,3218,8817,https://www.threads.com/@carrefourtaiwan/post/DRyyempk37c,大家吃完飯記得用牙線,2025年12月3日 星期三 下午3:51,,"Photo by 家樂福 | Carrefour on December 02, 2025.",306,2,,
uniqlokids.tw,https://www.threads.com/@uniqlokids.tw/post/DRvn8xKAeWO,"UNIQLO
把拔馬麻好！我們也來了🥰",2025年12月2日 星期二 上午10:21,,,6319,151,29,61,https://www.threads.com/@carrefourtaiwan/post/DRwShZSk4LE,有一次在賣場看到U在角落哭 阿福就過去跟U說... . . . Uniqlo,2025年12月2日 星期二 下午4:33,,,853,1,4,20
lujialuhojia._,https://www.threads.com/@lujialuhojia._/post/DRuCsJgkpE3,你考上了台大 他考上了政大 我考上了地瓜 1 / 2,2025年12月1日 星期一 下午7:36,,"Photo by 嚕呷嚕齁呷 on December 01, 2025. | Photo by 嚕呷嚕齁呷 on December 01, 2025. | Photo by 嚕呷嚕齁呷 on December 01, 2025.",26000,68,742,1976,https://www.threads.com/@carrefourtaiwan/post/DRwKQ1AEx3V,我考上了五花...,2025年12月2日 星期二 下午3:21,,"Photo by 家樂福 | Carrefour on December 01, 2025.",130,3,,2
quick._.hero,https://www.threads.com/@quick._.hero/post/DRrT8zkEiqZ,"動物方程式
這⋯⋯裡⋯就是⋯⋯尼克⋯⋯說的⋯⋯Threads 嗎？ 大⋯⋯家好⋯⋯！！ 1 / 2",2025年11月30日 星期日 下午6:10,,"Photo by Flash on November 30, 2025.",62000,487,1516,1829,https://www.threads.com/@carrefourtaiwan/post/DRtw0wKk9Cc,你.............好.......... 我.....是.........阿............福......... 歡迎...........回......「.....家..」........,2025年12月1日 星期一 下午5:00,,,138,,,
ilfhwlfh,https://www.threads.com/@ilfhwlfh/post/DRtZCrggRDq,原來台灣也能安樂死了,2025年12月1日 星期一 下午1:33,,"Photo by @ilfhwlfh on November 30, 2025.",11000,86,767,1630,https://www.threads.com/@carrefourtaiwan/post/DRtufLpExRD,雖然⋯但是⋯也是有賣,2025年12月1日 星期一 下午4:40,,"Photo by 家樂福 | Carrefour on December 01, 2025.",789,4,2,12
xvx_jin,https://www.threads.com/@xvx_jin/post/DRq9S0XkdfL,"南部人才懂
南部喜宴的冰淇淋都這尺寸的",2025年11月30日 星期日 下午2:52,,"Photo by KE on November 29, 2025. | Photo by KE on November 29, 2025.",6665,59,144,472,https://www.threads.com/@carrefourtaiwan/post/DRtVVlnk0-Q,老福賣冰！大家最愛的巧克力🍫跟香草🌿,2025年12月1日 星期一 下午1:00,,"Photo by 家樂福 | Carrefour on November 30, 2025.",122,4,,5
likeenjoyfood,https://www.threads.com/@likeenjoyfood/post/DRs-Mvrjyd1,@carrefourtaiwan @jgssg.com.tw @misterdonut_taiwan @master_fang1993,2025年12月1日 星期一 上午9:38,@i_am_jessicaca,,,1,,,https://www.threads.com/@carrefourtaiwan/post/DRtUoYxE3jX,I see you💙 翻譯,2025年12月1日 星期一 下午12:54,,,1,1,,
kr.suho,https://www.threads.com/@kr.suho/post/DRrtZo7Aebn,攻擊！,2025年11月30日 星期日 下午9:52,,"Photo by 🇰🇷韓國人秀鎬 수호 | 韓國彩妝保養 on November 30, 2025. | Photo by 🇰🇷韓國人秀鎬 수호 | 韓國彩妝保養 on November 30, 2025.",21000,580,338,385,https://www.threads.com/@carrefourtaiwan/post/DRtUiWpk2_m,歐爸～記得來逛家樂福！,2025年12月1日 星期一 下午12:53,,,37,,,
h__y724,https://www.threads.com/@h__y724/post/DRrM-R-EqPB,一句話證明你是台灣人 - - - - 電梯門要關了 ㄉㄣㄊㄧㄇㄥˊㄇㄟㄍㄨㄞㄚ,2025年11月30日 星期日 下午5:09,,,20000,342,458,223,https://www.threads.com/@carrefourtaiwan/post/DRtUUDnk0bx,B one、B two、B3 翻譯,2025年12月1日 星期一 下午12:51,,,29,,1,
igokoh,https://www.threads.com/@igokoh/post/DRrenYsEYGg,"家樂福
家樂福自明天（12月）起台北所有門市全面「只販售非籠飼雞蛋」，預計2026年10月起達到「全台廢籠」。
我愛家樂福🙌我愛家樂福🙌 1 / 2",2025年11月30日 星期日 下午7:43,,"Photo by IGO KOH on November 30, 2025.",10000,176,330,988,https://www.threads.com/@carrefourtaiwan/post/DRtUHhVE9sd,蛋是非籠飼的好🥚,2025年12月1日 星期一 下午12:50,,,27,,,
gylin.9feee,https://www.threads.com/@gylin.9feee/post/DRljlEXEhHx,成功的讓我想起前女友而流淚,2025年11月28日 星期五 下午12:31,@carrefourtaiwan,,,1,,,https://www.threads.com/@carrefourtaiwan/post/DRmGCopE8Uj,不哭不哭眼淚是珍珠,2025年11月28日 星期五 下午5:32,,,1,,,
ji._yoonnn,https://www.threads.com/@ji._yoonnn/post/DRjzWxpkbYc,逛家樂福看到有人買了一整車的牛奶 他是家裡有人一罐嗎 幹我快笑死,2025年11月27日 星期四 下午8:10,,"Photo by 지윤˖ ࣪⊹ on November 27, 2025.",299,53,,8,https://www.threads.com/@carrefourtaiwan/post/DRlvMPKEyoU,滿載而歸🥛,2025年11月28日 星期五 下午2:12,,,41,,,
lindsay.blacktea,https://www.threads.com/@lindsay.blacktea/post/DReoeSBguAw,最近不去全聯都改去家樂福了 我自行宣布⟪Threads 家樂福必買好物⟫正式開始！！！ 我的選手如下：,2025年11月25日 星期二 下午7:59,,"Photo by 𝑳𝒊𝒏𝒅𝒔𝒂𝒚 👩🏻‍🦰 on November 25, 2025. | Photo by 𝑳𝒊𝒏𝒅𝒔𝒂𝒚 👩🏻‍🦰 on November 25, 2025. | Photo by 𝑳𝒊𝒏𝒅𝒔𝒂𝒚 👩🏻‍🦰 on November 25, 2025. | Photo by 𝑳𝒊𝒏𝒅𝒔𝒂𝒚 👩🏻‍🦰 on November 25, 2025. | Photo by 𝑳𝒊𝒏𝒅𝒔𝒂𝒚 👩🏻‍🦰 on November 25, 2025. | Photo by 𝑳𝒊𝒏𝒅𝒔𝒂𝒚 👩🏻‍🦰 on November 25, 2025. | Photo by 𝑳𝒊𝒏𝒅𝒔𝒂𝒚 👩🏻‍🦰 on November 25, 2025. | Photo by 𝑳𝒊𝒏𝒅𝒔𝒂𝒚 👩🏻‍🦰 on November 25, 2025. | Photo by 𝑳𝒊𝒏𝒅𝒔𝒂𝒚 👩🏻‍🦰 on November 25, 2025. | Photo by 𝑳𝒊𝒏𝒅𝒔𝒂𝒚 👩🏻‍🦰 on November 25, 2025.",5150,143,408,2444,https://www.threads.com/@carrefourtaiwan/post/DRi4GCekyXs,"家樂福
歡迎光臨🫡",2025年11月27日 星期四 上午11:32,,,74,2,,1
carrefourws,https://www.threads.com/@carrefourws/post/DRRrStIEaLj,衛生紙買一送一我們也有哦🥹‼️,2025年11月20日 星期四 下午7:13,,"Photo by 家樂福文心店 on November 20, 2025. | Photo by 家樂福文心店 on November 20, 2025.",537,13,3,69,https://www.threads.com/@carrefourtaiwan/post/DRR-Z8_EwOt,文心阿福你好👋🏻,2025年11月20日 星期四 下午10:00,,,65,1,,
zretnxu,https://www.threads.com/@zretnxu/post/DRQzXJnApSr,"Roma
義大利浪漫到 連求婚都有我的份 你壓成這樣我是真的不敢拉很大力。 他們會滑到嗎 1/2",2025年11月20日 星期四 上午11:05,,"Photo by 芷 渝 on November 19, 2025.",390000,3639,24000,120000,https://www.threads.com/@carrefourtaiwan/post/DRRjJumkwBn,真○壓力山大,2025年11月20日 星期四 下午6:02,,,50,1,,
teeprnews,https://www.threads.com/@teeprnews/post/DRQ0uNFD64B,高溫上看30度！最強冷空氣要走了 「回暖變熱」時間曝 1/2,2025年11月20日 星期四 上午11:16,,"Photo by TEEPR 世界日記 on November 19, 2025.",20000,1030,525,10000,https://www.threads.com/@carrefourtaiwan/post/DRRaR5WE8Y_,"threads.com/@carr…
2025-11-7",2025年11月20日 星期四 下午4:45,,"Photo by 家樂福 | Carrefour on November 06, 2025. | Photo by 家樂福 | Carrefour on November 06, 2025. | Photo by 家樂福 | Carrefour on November 06, 2025. | Photo by 家樂福 | Carrefour on November 06, 2025. | Photo by 家樂福 | Carrefour on November 06, 2025. | Photo by 家樂福 | Carrefour on November 06, 2025. | Photo by 家樂福 | Carrefour on November 06, 2025. | Photo by 家樂福 | Carrefour on November 06, 2025. | Photo by 家樂福 | Carrefour on November 06, 2025. | Photo by 家樂福 | Carrefour on November 06, 2025. | Photo by 家樂福 | Carrefour on November 06, 2025.",257,2,3,9
zhi_10.ui,https://www.threads.com/@zhi_10.ui/post/DRQTbQMkvaZ,幹身邊一定有這種人...,2025年11月20日 星期四 上午6:25,,"Photo by 派大星寶寶 on November 19, 2025.",17000,510,1233,7179,https://www.threads.com/@carrefourtaiwan/post/DRRE2tHE6pm,來逛逛？有現煮泡麵🍜代煎牛排🥩鮭魚🐟,2025年11月20日 星期四 下午1:37,,,93,1,1,1
chastity.sloth.lee,https://www.threads.com/@chastity.sloth.lee/post/DRPnJKckwv_,冬天曖昧對象首選：火鍋。,2025年11月19日 星期三 下午11:59,,"Photo by Chastity Lee on November 19, 2025.",7781,36,541,958,https://www.threads.com/@carrefourtaiwan/post/DRQ1PsBE4FE,吃鍋家樂福🍲鍋鍋加幸福💕,2025年11月20日 星期四 上午11:21,,,9,,,
_botsennnn,https://www.threads.com/@_botsennnn/post/DRPcLQzkvHZ,第一次這麼晚的時間還看到家樂福一堆人,2025年11月19日 星期三 下午10:23,,"Photo by BoBo波波 on November 19, 2025. | Photo by BoBo波波 on November 19, 2025.",435,25,3,45,https://www.threads.com/@carrefourtaiwan/post/DRQ1FFHk02O,有空常來😘,2025年11月20日 星期四 上午11:20,,,13,1,,
jason_chen_tw,https://www.threads.com/@jason_chen_tw/post/DRPiUb7kuUz,"大全聯
看到統一集團併購家樂福 心中想的是
再來的 7-11 - 小七 家樂福超市 - 中七 家樂福 - 大七",2025年11月19日 星期三 下午11:16,,,1271,50,20,95,https://www.threads.com/@carrefourtaiwan/post/DRQ0xxNk_Vk,心中有我😳,2025年11月20日 星期四 上午11:17,,,137,4,,2
tamsui.sus,https://www.threads.com/@tamsui.sus/post/DROySGnEidj,"淡水
冷知識：淡水現在體感溫度13°C",2025年11月19日 星期三 下午4:17,,,335,13,2,32,https://www.threads.com/@carrefourtaiwan/post/DRO88p_E8TU,離你不遠？15度⋯但重點是左上角😍,2025年11月19日 星期三 下午5:50,,"Photo by 家樂福 | Carrefour on November 19, 2025.",19,1,,
shopee_tw,https://www.threads.com/@shopee_tw/post/DRMidCHE6rP,哈哈哈哈哈哈哈哈哈哈哈哈哈哈哈哈哈哈哈哈哈哈哈哈哈哈哈哈哈哈哈哈哈哈哈哈哈哈哈哈哈哈哈哈哈哈哈哈哈哈哈哈哈哈哈哈哈哈哈哈哈哈哈哈哈哈哈哈哈哈哈哈哈哈哈哈哈哈哈哈哈上蝦皮哈哈哈哈哈哈哈哈哈哈哈哈哈哈哈哈哈哈哈哈哈哈哈哈哈哈哈哈哈哈哈哈哈哈哈哈哈哈哈哈哈哈哈哈哈哈哈哈哈哈哈哈哈哈哈哈哈哈哈哈哈哈哈哈哈哈哈哈哈哈哈哈哈哈哈哈哈哈哈哈哈免運哈哈哈哈哈哈哈哈哈哈哈哈哈哈哈哈哈哈哈哈哈哈哈哈哈哈哈哈哈哈哈哈哈哈哈哈哈哈哈哈哈哈哈哈哈哈哈哈哈哈哈哈哈哈哈哈哈哈哈 1 / 2,2025年11月18日 星期二 下午7:20,,,100000,2173,2459,8635,https://www.threads.com/@carrefourtaiwan/post/DROVULZE5VO,蛤蛤蛤蛤蛤蛤蛤蛤蛤蛤蛤蛤蛤蛤蛤蛤蛤蛤蛤蛤蛤蛤蛤蛤蛤蛤蛤蛤蛤蛤蛤蛤蛤蛤蛤蛤蛤蛤蛤蛤蛤蛤蛤蛤蛤蛤蛤蛤蛤蛤蛤蛤蛤蛤蛤蛤蛤蛤蛤蛤阿福蛤蛤蛤蛤蛤蛤蛤蛤蛤蛤蛤蛤蛤蛤蛤蛤蛤蛤蛤蛤蛤蛤蛤蛤蛤蛤蛤蛤蛤蛤蛤蛤蛤蛤蛤來看戲蛤蛤蛤蛤蛤蛤蛤蛤蛤蛤蛤蛤蛤蛤蛤蛤蛤蛤蛤蛤蛤蛤蛤蛤蛤蛤蛤蛤蛤蛤蛤蛤蛤蛤蛤蛤蛤蛤蛤蛤蛤蛤蛤蛤蛤蛤蛤蛤蛤蛤蛤蛤蛤蛤蛤,2025年11月19日 星期三 下午12:04,,,3198,7,2,55
bangjichen,https://www.threads.com/@bangjichen/post/DRLwgscjyHB,我現在的愛店是 家樂褔 小七 楓康 全家 最常去的是家樂褔 量販店型 @carrefourtaiwan @funcom_supermarket 楓康是家人的團購的地方 全聯會少去,2025年11月18日 星期二 下午12:03,,,45,5,,,https://www.threads.com/@carrefourtaiwan/post/DRNFJq3E9X4,歡迎常來,2025年11月19日 星期三 上午12:23,,,35,2,,
lukaijin_0816,https://www.threads.com/@lukaijin_0816/post/DRJ-dRiktCY,"高中牲
別人都在抱抱 我也有ㄅㄠˋㄅㄠˋ 國文 爆爆 數學 爆爆 生物 爆爆 化學 爆爆 英文 爆爆 社會 爆爆",2025年11月17日 星期一 下午7:27,,,11000,31,1240,1433,https://www.threads.com/@carrefourtaiwan/post/DRNEeWRE6ua,一起爆爆🍿,2025年11月19日 星期三 上午12:17,,"Photo by 家樂福 | Carrefour on November 18, 2025.",19,1,,
shawn_2024v,https://www.threads.com/@shawn_2024v/post/DRL3SKLEldu,今天我生日，可以跟我說那四個字嗎？ 1 / 2,2025年11月18日 星期二 下午1:03,,"Photo by Shawn學長 on November 17, 2025.",8787,472,104,115,https://www.threads.com/@carrefourtaiwan/post/DRNEEsBE1Qn,逛家樂福🎂,2025年11月19日 星期三 上午12:14,,,156,3,,
tamsui.sus,https://www.threads.com/@tamsui.sus/post/DRM1GdJEa2v,"淡水
冷知識：明天淡水體感溫度約10ºC~12ºC左右 恩對，這個冷知識夠冷吧",2025年11月18日 星期二 下午10:03,,,1424,18,55,562,https://www.threads.com/@carrefourtaiwan/post/DRNA244Ey5B,You make me feel cold 這樣算不算一種TW ICE,2025年11月18日 星期二 下午11:46,,,33,,,
jne0111,https://www.threads.com/@jne0111/post/DRL0f_jE1OF,小寶貝即將來到 姓莊 求名字 ？,2025年11月18日 星期二 下午12:38,,"Photo by 恩懿（阿寶） on November 17, 2025.",20000,7638,412,8256,https://www.threads.com/@carrefourtaiwan/post/DRNAhqEk4cM,提示：冬天洗澡不能沒有的,2025年11月18日 星期二 下午11:43,,"Photo by 家樂福 | Carrefour on November 18, 2025.",1371,7,5,39
kaiace0305,https://www.threads.com/@kaiace0305/post/DRMguF7kx95,"來家樂福 想說買點東西
結果 看到這景象
第一次 看到香菜會怕🤣🥴",2025年11月18日 星期二 下午7:05,,"Photo by 楷楷kaikai🐕🐟 on November 18, 2025. | Photo by 楷楷kaikai🐕🐟 on November 18, 2025. | Photo by 楷楷kaikai🐕🐟 on November 18, 2025.",48,19,1,1,https://www.threads.com/@carrefourtaiwan/post/DRM_xKdk8pV,不怕不怕（拍拍）,2025年11月18日 星期二 下午11:36,,,9,1,,
zichen_1017,https://www.threads.com/@zichen_1017/post/DRKGoU-E2-l,🇹🇼台灣父母一定說過 - - - - 成績要跟好的比 不要跟爛的比,2025年11月17日 星期一 下午8:38,,,7749,238,338,167,https://www.threads.com/@carrefourtaiwan/post/DRMkzrDk7gH,如果要比 我選擇 星之卡比,2025年11月18日 星期二 下午7:40,,"Photo by 家樂福 | Carrefour on November 18, 2025.",42,1,,
pizzahut.taiwan,https://www.threads.com/@pizzahut.taiwan/post/DRJCIJFkhX2,雖然遺憾，但是祝福 謝謝你 #章魚燒,2025年11月17日 星期一 上午10:40,,"Photo by 必勝客 Pizza Hut Taiwan on November 16, 2025.",35000,2835,2464,25000,https://www.threads.com/@carrefourtaiwan/post/DRMb4FFkzvk,你好，我是章魚燒，我沒有失業，只是被冷凍起來，還差169塊就能回家，你現在幫過我，我承諾下次買一送一會提早跟你講，謝謝。,2025年11月18日 星期二 下午6:22,,"Photo by 家樂福 | Carrefour on November 18, 2025.",515,8,4,17
q1009_,https://www.threads.com/@q1009_/post/DRLG6l3Ck5R,我把這條50元買的法國麵包 分了六餐吃完了🤣 1 / 2,2025年11月18日 星期二 上午6:00,,"Photo by QvQ on November 17, 2025. | Photo by QvQ on November 17, 2025. | Photo by QvQ on November 17, 2025. | Photo by QvQ on November 17, 2025. | Photo by QvQ on November 17, 2025. | Photo by QvQ on November 17, 2025. | Photo by QvQ on November 17, 2025.",52000,910,1591,3455,https://www.threads.com/@carrefourtaiwan/post/DRLnNFfk2cC,阿福的下巴掉下來😲邊流口水🤤請收下我的膝蓋👏🏻,2025年11月18日 星期二 上午10:42,,,298,3,,
miss00824,https://www.threads.com/@miss00824/post/DRJhdVEEq9_,"澎湖也要抵制全聯
抵制全聯～ 啊不是，澎湖遍地都是全聯欸 沒有家樂福、沒有大潤發、沒有好市多 沒有楓康、沒有美廉社、、、
看來只能轉農會⋯⋯",2025年11月17日 星期一 下午3:13,,,2509,124,35,36,https://www.threads.com/@carrefourtaiwan/post/DRKkwmJk_OW,阿福都有收聽大家的心聲📩,2025年11月18日 星期二 上午1:02,,,346,14,,12
awen_lai726,https://www.threads.com/@awen_lai726/post/DRKZzYZk2cJ,"家樂福
看到大家po家樂福的東西比全聯便宜很多，魚肉品質也比較好，好羨慕喔🥺🥺🥺 真希望羅東也能有一間家樂福🥹",2025年11月17日 星期一 下午11:26,,,250,44,2,10,https://www.threads.com/@carrefourtaiwan/post/DRKkjYTk0Fd,收到🫡阿福都有聽到👂🏼,2025年11月18日 星期二 上午1:00,,,228,12,,1
july_710719,https://www.threads.com/@july_710719/post/DRHrhodCXwW,不去全聯改去家樂福 好讚好讚 香菇買一送一$99 雞翅小腿買一送一$88 非籠飼雞蛋,2025年11月16日 星期日 下午10:03,,"Photo by If on November 16, 2025. | Photo by If on November 16, 2025. | Photo by If on November 16, 2025. | Photo by If on November 16, 2025. | Photo by If on November 16, 2025. | Photo by If on November 16, 2025.",531,10,4,19,https://www.threads.com/@carrefourtaiwan/post/DRKY5ank1es,蛋是非籠飼的好🥚,2025年11月17日 星期一 下午11:18,,,57,,,
little_things_studios,https://www.threads.com/@little_things_studios/post/DRJf3ifj7QC,"菜市場
高雄人都去哪裡買菜 全聯、家樂福、大樂、楓康",2025年11月17日 星期一 下午3:00,,,44,52,1,3,https://www.threads.com/@carrefourtaiwan/post/DRKYkCkE1r6,逛家樂福的歡迎這邊接龍⤵️,2025年11月17日 星期一 下午11:15,,,22,1,,
naixuan0424,https://www.threads.com/@naixuan0424/post/DRJ4przjnFJ,跟家人到家樂褔買菜逛街！,2025年11月17日 星期一 下午6:36,,"Photo by Nai Xuan Shi on November 17, 2025. | Photo by Nai Xuan Shi on November 17, 2025. | Photo by Nai Xuan Shi on November 17, 2025. | Photo by Nai Xuan Shi on November 17, 2025. | Photo by Nai Xuan Shi on November 17, 2025. | Photo by Nai Xuan Shi on November 17, 2025.",73,4,,,https://www.threads.com/@carrefourtaiwan/post/DRKYZ5KEx0-,阿福看了覺得暖暖的😍,2025年11月17日 星期一 下午11:14,,,13,3,,
alvin970428,https://www.threads.com/@alvin970428/post/DRKDPbcEhvD,這裡有台灣人嗎？😗,2025年11月17日 星期一 下午8:09,@threads,,19,6,,4,https://www.threads.com/@carrefourtaiwan/post/DRKLf-akzhb,台灣阿福抵達！,2025年11月17日 星期一 下午9:21,,,2,,,
mu.nu_ui,https://www.threads.com/@mu.nu_ui/post/DRJLJEnkQnT,那個抵制全聯… 新聞不講話 全聯不講話 家樂福不講話 只有楓康說話，只剩楓康會說話👍 1 / 2,2025年11月17日 星期一 上午11:58,,,29000,480,430,101,https://www.threads.com/@carrefourtaiwan/post/DRKCTfhk9pE,我來了～,2025年11月17日 星期一 下午8:00,,,4695,74,11,17
auscar1107,https://www.threads.com/@auscar1107/post/DRJ2xzxkz1u,"家樂福 小編and IT，我誠心許願你今年尾牙不用練舞，直接加薪！
# 家樂福",2025年11月17日 星期一 下午6:20,,"Photo by Aar on November 17, 2025.",18,1,,,https://www.threads.com/@carrefourtaiwan/post/DRJ_fZgE8KN,阿福獨家跳給你看🕺,2025年11月17日 星期一 下午7:36,,,9,,,
ubereats_tw,https://www.threads.com/@ubereats_tw/post/DRJtPWvk3Iv,終於輪到我了🥺 可以跟我說那四個字嗎？,2025年11月17日 星期一 下午4:56,,"Photo by Uber Eats Taiwan on November 17, 2025.",146,71,3,6,https://www.threads.com/@carrefourtaiwan/post/DRJ3BLrE74B,點家樂福🎂,2025年11月17日 星期一 下午6:22,,,13,1,,
yuying_1006,https://www.threads.com/@yuying_1006/post/DRJga0pifr9,"家樂福
沒想過會在這裡站這麼久⋯好難挑喔😂 想知道大家去家樂福都買什麼蛋？ 我剛選了有散步的雞蛋⋯😆(B） 目前僅有的真的好難選(◐‿◑)�",2025年11月17日 星期一 下午3:04,,"Photo by Yuying 泡麵＇Mixx電商 on November 16, 2025.",32,7,,,https://www.threads.com/@carrefourtaiwan/post/DRJtnt_Ex1f,蛋是非籠飼的好🥚,2025年11月17日 星期一 下午5:00,,,21,2,,
qq.amos,https://www.threads.com/@qq.amos/post/DRH3dp_k6vZ,"我已經把全聯的支付方式都刪光了
接下來都去家樂福就好",2025年11月16日 星期日 下午11:47,,,473,5,1,,https://www.threads.com/@carrefourtaiwan/post/DRJiLr5ExAn,您好👋🏻,2025年11月17日 星期一 下午3:20,,,34,,,
cafe_deca,https://www.threads.com/@cafe_deca/post/DRJYqv9kzln,"雞蛋
購買動福雞蛋的好地方 美廉社及家樂福 家樂福連紙蛋盒都推廣回收再利用 非籠飼動福雞蛋品牌選擇也很多
家樂福好物推薦 美廉社好物推薦
對了美廉社鮮奶優格還是買不到 開心果冰淇淋也是",2025年11月17日 星期一 下午1:57,,"Photo by Cafe_deca on November 16, 2025. | Photo by Cafe_deca on November 16, 2025. | Photo by Cafe_deca on November 16, 2025. | Photo by Cafe_deca on November 16, 2025. | Photo by Cafe_deca on November 16, 2025. | Photo by Cafe_deca on November 16, 2025.",81,3,,2,https://www.threads.com/@carrefourtaiwan/post/DRJiE2dE26X,蛋是非籠飼的好🥚,2025年11月17日 星期一 下午3:19,,,14,2,,1
gogoplay1881,https://www.threads.com/@gogoplay1881/post/DRHbDemkZhl,"這一波全聯看來是要下去 義美、美廉社、家樂福...
難怪我很喜歡跑家樂福 家樂福的氣氛，感覺比較歡樂",2025年11月16日 星期日 下午7:39,,,148,7,2,,https://www.threads.com/@carrefourtaiwan/post/DRJgUkdk8UW,阿福也喜歡你常來🎉,2025年11月17日 星期一 下午3:03,,,17,1,,
billy.liao.7,https://www.threads.com/@billy.liao.7/post/DRHkI9fEof4,哇嗚慢慢變成統一的形狀。 家樂福內開康是美😆,2025年11月16日 星期日 下午8:58,,"Photo by Billy Liao on November 16, 2025.",60,6,1,6,https://www.threads.com/@carrefourtaiwan/post/DRJdfgQk1YN,一站買足🛍️,2025年11月17日 星期一 下午2:39,,,10,,,
lishspao,https://www.threads.com/@lishspao/post/DRGmy6QE8qC,"家樂福
去家樂福買這樣$499！ 今天第一次去家樂福買菜（肉類）…只能對全聯說 there’s no see you next time✌️🙂‍↔️",2025年11月16日 星期日 下午12:02,,"Photo by @lishspao on November 15, 2025.",6645,246,70,673,https://www.threads.com/@carrefourtaiwan/post/DRJdXG0E5OI,See you again and again♾️💕 翻譯,2025年11月17日 星期一 下午2:38,,,512,6,,
mm.59413,https://www.threads.com/@mm.59413/post/DRIAVatD2Co,"全聯
全聯出事之後 開始谷歌家裡附近的「楓康」、「家樂福」 都還24小時⋯🥹 對這半夜才想到要買東西的我來說 是一大福音",2025年11月17日 星期一 上午1:05,,,717,10,12,,https://www.threads.com/@carrefourtaiwan/post/DRJc53WEwhT,阿福都在😉,2025年11月17日 星期一 下午2:34,,,12,1,,
smart8789,https://www.threads.com/@smart8789/post/DRJDtN6kfY8,"生活日常
我想知道真的除了全聯小編沒聲音之外，其他超市小編真的都把握住這次的熱度，並持續發聲嗎？ 可以請超市小編們來留個言交個朋友嗎？有很多超市我都不知道，拜託。 喔對了，全聯小編不用來，你們最大，不用理我。
#超市小編",2025年11月17日 星期一 上午10:53,,,3064,240,68,42,https://www.threads.com/@carrefourtaiwan/post/DRJbJl3k9q5,家樂福超市Nice to meet you🧡,2025年11月17日 星期一 下午2:18,,,830,7,,
cu6222_,https://www.threads.com/@cu6222_/post/DRJTlAzk32y,有請家樂福小編回答 @carrefourtaiwan,2025年11月17日 星期一 下午1:12,@freshlab.penguin,,2,1,,,https://www.threads.com/@carrefourtaiwan/post/DRJa93oE_Af,一起來玩捉迷藏👽,2025年11月17日 星期一 下午2:17,,"Photo by 家樂福 | Carrefour on November 16, 2025.",3,1,,
showshow312,https://www.threads.com/@showshow312/post/DRHB1azErCh,"不是只有全聯
⚠️臺灣還有家樂福、愛買、美廉社、好市多、楓康 可以買！！",2025年11月16日 星期日 下午3:59,,,4924,181,69,41,https://www.threads.com/@carrefourtaiwan/post/DRJIanwky35,阿福來了👋🏻,2025年11月17日 星期一 上午11:35,,,203,5,1,
pattyhuang_7,https://www.threads.com/@pattyhuang_7/post/DRHkoB4CcPy,"家樂福超市
捨棄問題很多的全聯之後，第一次走進家樂福超市。 果然跟很多翠友說的一樣，有非籠飼雞蛋專區，連鮮奶都有動物福利標章！！！肉類有很多有CAS標章的豬肉，還有大成安心雞。 買了蔬果區有標示台灣產的白蘿蔔、彩椒和青菜。 很棒的購物經驗，下次週還會再去☺️",2025年11月16日 星期日 下午9:03,,"Photo by Patty on November 16, 2025. | Photo by Patty on November 16, 2025. | Photo by Patty on November 16, 2025.",1354,14,24,8,https://www.threads.com/@carrefourtaiwan/post/DRJIKn0E-bA,緩～光臨！下禮拜見呦😍,2025年11月17日 星期一 上午11:32,,,55,,,
shinhwa55578,https://www.threads.com/@shinhwa55578/post/DRHTGdJEywi,#冷知識,2025年11月16日 星期日 下午6:29,,"Photo by 羅文誠 on November 16, 2025.",41000,382,1296,10000,https://www.threads.com/@carrefourtaiwan/post/DRH80BTk1fj,照樣照句：把鬧鐘關掉⏰我就會以為自己還不用起床面對禮拜一🫣,2025年11月17日 星期一 上午12:34,,,595,3,,22
oggysondog,https://www.threads.com/@oggysondog/post/DRG0g-Yj6Mc,來家樂褔超市放大你的一萬元,2025年11月16日 星期日 下午2:02,,"Photo by 蔡欣蓓 on November 15, 2025. | Photo by 蔡欣蓓 on November 15, 2025.",27000,340,643,8229,https://www.threads.com/@carrefourtaiwan/post/DRHehVYE2eL,Magic🪄,2025年11月16日 星期日 下午8:09,,,9000,15,3,87
xuenxuenlawyer,https://www.threads.com/@xuenxuenlawyer/post/DRGYviLD8ql,"非籠飼雞蛋
家樂福用非籠飼雞蛋做吐司！ 支持！ 而且真的很好吃唷~~",2025年11月16日 星期日 上午10:00,,"Photo by 萱萱律師 on November 15, 2025. | Photo by 萱萱律師 on November 15, 2025.",39,2,,,https://www.threads.com/@carrefourtaiwan/post/DRGhrSnk3TS,蛋是非籠飼的好🥚,2025年11月16日 星期日 上午11:18,,,16,,,
kimi_hello,https://www.threads.com/@kimi_hello/post/DREljDaESwf,"家樂福
75元就能買到有「動物福利標章」的牛奶 真的要支持👍",2025年11月15日 星期六 下午5:13,,"Photo by 黃婷瑋 on November 15, 2025. | Photo by 黃婷瑋 on November 15, 2025.",2697,49,51,88,https://www.threads.com/@carrefourtaiwan/post/DRGd4fAE5yX,一起從i開始🌿,2025年11月16日 星期日 上午10:44,,,37,2,,
sugary__suga,https://www.threads.com/@sugary__suga/post/DRE78_REREZ,"家樂福
「100%只販售非籠飼雞蛋」 這句真的讓人安心
本來就算是不想出門都叫外送生鮮的日子 也一定要隔幾天就特地出門去家樂福買雞蛋 滿滿的真動福蛋看了就是療癒🥰
（我就不說誰是假動福了☺️） 1 / 2",2025年11月15日 星期六 下午8:29,,"Photo by Suga on November 15, 2025.",285,8,2,7,https://www.threads.com/@carrefourtaiwan/post/DRGdFNYE8bQ,蛋是非籠飼的好🥚,2025年11月16日 星期日 上午10:37,,,14,,,
effieshih,https://www.threads.com/@effieshih/post/DREwpB0khzj,"非籠飼雞蛋
來家樂福 自備蛋盒 買散裝的非籠飼蛋 一顆10元很划算呦💛 1 / 2",2025年11月15日 星期六 下午6:50,,"Photo by 施芳芳的好循環筆記 ✍️ on November 15, 2025. | Photo by 施芳芳的好循環筆記 ✍️ on November 15, 2025. | Photo by 施芳芳的好循環筆記 ✍️ on November 15, 2025.",5258,104,143,938,https://www.threads.com/@carrefourtaiwan/post/DRGcv4RkwnC,蛋是非籠飼的好🥚,2025年11月16日 星期日 上午10:35,,,112,1,,
shopee_my,https://www.threads.com/@shopee_my/post/DREABe3EohO,HAHAHAHHAHAHAHAHAHAHHHAHAHAHHAHAHAHAHHAHAHAHAHHHAHAHAHAHAHAHAHAHAHHAHAHAHAHHAHAHAHAHHAAHHAHAHAHAHHAAHHAHAHAAHCHECKOUTSEKARANGHAHAHAHHAHAHAHAHAHAHHAHAHAHAHAHHAAHHAHAHAAHHAHAHAHHAAHKATSHOPEEHAHAHAHAHAHHAHAHAHAHHAHAHAHAHHAHAHAHAHHAHAHAHAHAHAHAHHAHAHAHAHAHHAHAHAHHAHAHAHHAHAHAHAHAHHAHAHAHAHAHADASALEHAHAHAHAHHAHAHAHHAHAHAHAHMIDMONTHAHAHAHAHHAHAHAHAHAHAHAHHAHAHAHAHHAHAHAHHAHAHAHAH 翻譯,2025年11月15日 星期六 上午11:45,,,57000,1856,2346,3769,https://www.threads.com/@carrefourtaiwan/post/DRFVIoQk71k,C8C8C8C8C8C8C8C8C8C8C8C8C8C8C8C8 C8C8C8C8C8C8C8C8C8C8C8C8C8C8C8C8 C8C8C8C8C8C8C8C8C8C8C8C8C8C8C8C8C8C8C8C8C8C8plzfollowmeC8C8C8C8C8C8C8C8C8C8C8C8C8C8C8C8C8C8C8C8C8C8C8C8C8C8C8C8C8C8C8C8C8C8C8C8C8C8,2025年11月16日 星期日 上午12:09,,,921,5,3,34
a.g3.vincent,https://www.threads.com/@a.g3.vincent/post/DREY6D5EUFF,家樂福的threads行銷小姐，說要一萬人追蹤很難,2025年11月15日 星期六 下午3:23,,"Photo by Peishan Wu on November 14, 2025.",57,6,,1,https://www.threads.com/@carrefourtaiwan/post/DRFUtIJEy8c,阿福也覺得十萬追蹤好難🤯,2025年11月16日 星期日 上午12:05,,,51,3,,
mooteafun,https://www.threads.com/@mooteafun/post/DREl-EkEbEj,乾 誰喜歡🤮 1 / 2,2025年11月15日 星期六 下午5:17,,"Photo by Moo😁😁😁 on November 15, 2025.",6335,74,311,2631,https://www.threads.com/@carrefourtaiwan/post/DRFUfgdk86M,莫急莫怕莫慌蟑🩴,2025年11月16日 星期日 上午12:03,,"Photo by 家樂福 | Carrefour on November 15, 2025.",56,1,1,
tamsui.sus,https://www.threads.com/@tamsui.sus/post/DRCg5InEpZL,有哪個台灣人沒有看過這個？ 想不到吧 這篇不是 鼓起兩個禮拜的勇氣,2025年11月14日 星期五 下午9:54,,,4049,80,279,702,https://www.threads.com/@carrefourtaiwan/post/DRELhsaE7tv,趴在門口等樹上的柚子落下來 > 趴門落 > pomelo,2025年11月15日 星期六 下午1:26,,"Photo by 家樂福 | Carrefour on November 14, 2025.",49,,,
c.o.c.oooo,https://www.threads.com/@c.o.c.oooo/post/DRARK7eklBf,"大耳狗
半夜跟男友介紹大耳狗成員 明天要考試 錯一題500 1 / 2",2025年11月14日 星期五 上午12:58,,"Photo by CöCö 🎧ིྀ on November 13, 2025. | Photo by CöCö 🎧ིྀ on November 13, 2025. | Photo by CöCö 🎧ིྀ on November 13, 2025.",13000,233,581,5646,https://www.threads.com/@carrefourtaiwan/post/DREJ5Fhk37L,阿福學到了💡大耳狗宇宙,2025年11月15日 星期六 下午1:11,,"Photo by 家樂福 | Carrefour on November 14, 2025.",5,,,
luninschonedo,https://www.threads.com/@luninschonedo/post/DRBeVDIk8Rg,低成本生菜聖誕樹🌲⭐️🥗,2025年11月14日 星期五 下午12:12,,"Photo by 每天一點小美好 on November 13, 2025.",7413,42,477,3591,https://www.threads.com/@carrefourtaiwan/post/DRD50DWk1FF,醬☃️怎麼樣🎄,2025年11月15日 星期六 上午10:51,,"Photo by 家樂福 | Carrefour on November 14, 2025.",9,1,,1
_yes_but,https://www.threads.com/@_yes_but/post/DRC4Z0bjJeY,,2025年11月15日 星期六 上午1:19,,"Photo by YES , BUT on November 14, 2025.",29000,187,668,232,https://www.threads.com/@carrefourtaiwan/post/DRD5b81EzJy,蛋是非籠飼的好🥚,2025年11月15日 星期六 上午10:48,,,163,1,,1
hmee_030,https://www.threads.com/@hmee_030/post/DRB_nBRE0E6,整理蛋的時候 打翻一顆蛋 為了延續這顆蛋的價值 幫他拍照留下紀念,2025年11月14日 星期五 下午5:03,,"Photo by にんたい on November 14, 2025. | Photo by にんたい on November 14, 2025. | Photo by にんたい on November 14, 2025.",4630,47,46,14,https://www.threads.com/@carrefourtaiwan/post/DRD5KWqk65v,蛋是非籠飼的好🥚,2025年11月15日 星期六 上午10:45,,,32,1,,1
jenny_zhon,https://www.threads.com/@jenny_zhon/post/DRAAA2Ij8GJ,台灣人刻在骨子裡的溫柔 回家前不管怎樣都要「到家說一聲」,2025年11月13日 星期四 下午10:28,,"Photo by 鍾佳芸 on November 13, 2025.",10000,75,651,592,https://www.threads.com/@carrefourtaiwan/post/DRD48X9E--A,一下✌🏻,2025年11月15日 星期六 上午10:43,,,4,,,
whosmeggg,https://www.threads.com/@whosmeggg/post/DQ_A_BcD3i-,"家樂福
原來家樂福有代客煎牛排/鮭魚的服務 代煎費用30元還有附蔬菜 旁邊還有座位區可以現場吃很方便 (鮭魚很新鮮好吃😋/煎台再乾淨些就更好 1 / 2",2025年11月13日 星期四 下午1:17,,"Photo by 𝕄𝕖𝕘 on November 12, 2025. | Photo by 𝕄𝕖𝕘 on November 12, 2025.",5865,330,85,1507,https://www.threads.com/@carrefourtaiwan/post/DRB2IuSE9_r,『代』 你吃好料,2025年11月14日 星期五 下午3:40,,,84,3,,
__tingjia.zhang__,https://www.threads.com/@__tingjia.zhang__/post/DQ6UbT6kgmn,"家樂福新品
竟然送隔夜燕麥杯！ 桂格真的太懂送了 cp值好高啊🤩 1 / 2",2025年11月11日 星期二 下午5:31,,"Photo by 庭嘉Tim🇹🇼 台中•彰化美食｜超商｜好物｜新品優惠｜ on November 11, 2025. | Photo by 庭嘉Tim🇹🇼 台中•彰化美食｜超商｜好物｜新品優惠｜ on November 11, 2025.",8933,97,333,9616,https://www.threads.com/@carrefourtaiwan/post/DRBcy8vEw5p,"留讓友看
online.carrefour.com.tw
online.carrefour.com.tw",2025年11月14日 星期五 上午11:59,,,10,,,
s870813,https://www.threads.com/@s870813/post/DQ-kBROEs-I,有一次去朋友家打美麻100/20 買這個來喝 第一次+680 第二次+1980,2025年11月13日 星期四 上午9:04,@xu1zyq_,"Photo by Ⓣ Ⓘ Ⓔ Ⓝ on November 12, 2025.",10,3,,1,https://www.threads.com/@carrefourtaiwan/post/DRAISgiEwqR,留給福友看🀄️,2025年11月13日 星期四 下午11:40,,,,,,
_neferupito_,https://www.threads.com/@_neferupito_/post/DQ9PClWEtcD,突然想到一個很白癡的事 國小的時候有一個男生很喜歡我 但我那時候根本沒想要交男朋友 所以我就跟他說 不然我們25歲都還沒結婚我就嫁給他 拷貝啊我快25了欸 他前陣子還跑來追蹤我 是在準備？ 1 / 2,2025年11月12日 星期三 下午8:42,,,49000,350,702,2831,https://www.threads.com/@carrefourtaiwan/post/DQ_zwg1k2Bs,筷子給你，「筷架」給他🤩,2025年11月13日 星期四 下午8:41,,"Photo by 家樂福 | Carrefour on November 13, 2025.",10,,,1
kikmokimo,https://www.threads.com/@kikmokimo/post/DQ8rTSVk59s,what do I do with this space 😍 Guys help…. 翻譯,2025年11月12日 星期三 下午3:29,,"Photo by 林煒國 on November 11, 2025.",48000,1846,1503,5137,https://www.threads.com/@carrefourtaiwan/post/DQ_nze2E4Xv,蛋是非籠飼的好👍🏻so~咕🐔,2025年11月13日 星期四 下午6:56,,"Photo by 家樂福 | Carrefour on November 13, 2025.",1083,2,2,15
cricrinienie,https://www.threads.com/@cricrinienie/post/DQ3D1DzkThv,"全聯毒雞蛋
自從知道朔源碼（雞蛋依照生產方式OFBEC歸類飼養方式）後，發現全聯幾乎全部都是最低規格C結尾的籠飼蛋
不管是常溫還是冰箱裡面寫洗選蛋、動福蛋的，都還是最低階C級籠飼蛋
文字騙消費者罷了
然後我就一律去家樂福買雞蛋了 家樂福冰箱裡面蠻多結尾B平飼蛋（10-11元/顆），有時候也會買（12-13元/顆）的F放牧動福蛋
全聯劣跡也不是第一次了，2-3年前的缺蛋也是在全聯最難買，家樂福也還好，中間全聯也還有一度要操作缺蛋但沒成功 省產高麗菜=台灣產 國產高麗菜=中國產
願意了解多一點，才能避免吃到毒雞蛋搞自己。",2025年11月10日 星期一 上午11:08,,"Photo by cri on November 09, 2025.",1533,35,255,859,https://www.threads.com/@carrefourtaiwan/post/DQ3vvmZE2V0,"非籠飼雞蛋
蛋是 非籠飼的好👍",2025年11月10日 星期一 下午5:32,,"Photo by 家樂福 | Carrefour on November 10, 2025.",121,4,,7
cake.me.tw,https://www.threads.com/@cake.me.tw/post/DQ21FSrEra8,接下來一個禮拜的上班路 ｀ヽ｀ヽヽ｀、ヽ｀｀、ヽ｀ヽ｀、、ヽ`、 ｀ 、ヽ｀｀ヽヽ｀ヽ、ヽ｀ヽ｀、ヽ`、｀｀、ヽ 、｀｀、 ｀、ヽ｀ 、｀ ヽ｀ヽ、ヽ ｀、ヽ｀｀、ヽ、｀｀、｀、ヽヽ｀｀、、ヽ ｀ヽ 、ヽ｀、、ヽ`🚶｀ヽ｀、 ヽ｀｀、、`、 翻譯 1 / 2,2025年11月10日 星期一 上午8:59,,,60000,350,3005,2109,https://www.threads.com/@carrefourtaiwan/post/DQ3vorVE69E,進來「家」裡躲躲 ｀ヽ｀ヽヽ｀、ヽ｀｀、ヽ｀ヽ｀、、ヽ`、 ｀ 、ヽ｀｀ヽヽ｀ヽ、ヽ｀ヽ｀、ヽ`、｀｀、ヽ 、｀｀、 、ヽ 、｀ ヽ｀ヽ、ヽ ｀、ヽ｀｀、ヽ、｀｀、｀、ヽヽ｀｀、、ヽ ｀ヽ 、ヽ｀ヽ｀、 ヽ🚪🚶｀｀、、`、｀、、ヽ`｀、、ヽ`,2025年11月10日 星期一 下午5:31,,,132,2,,
zonglunhu,https://www.threads.com/@zonglunhu/post/DQ2IdBYlIOy,注意！以下品牌的蛋暫時不要買 1、四日鮮蛋 2、巨的卵 3、大巨蛋 4、悠活鮮蛋 5、富翁洗選蛋 6、初卵頭窩蛋 7、四季巨蛋 8、香草園洗選蛋 9、鮮健蛋品洗選蛋,2025年11月10日 星期一 上午2:29,,,22000,422,1947,20000,https://www.threads.com/@carrefourtaiwan/post/DQ3F-jhk7DU,"非籠飼雞蛋
蛋是 非籠飼的好👍",2025年11月10日 星期一 上午11:27,,"Photo by 家樂福 | Carrefour on November 09, 2025.",1300,27,5,41
xiu7623,https://www.threads.com/@xiu7623/post/DQ1kycDAZ-e,你這張圖比我的未來還不清晰,2025年11月9日 星期日 下午9:18,@carrefourtaiwan,,94,3,,2,https://www.threads.com/@carrefourtaiwan/post/DQ1qlO8Ewfl,希望有比明天是星期一更清晰🥲再附上連結🔗 c.cfour.tw/9hZLs,2025年11月9日 星期日 下午10:08,,"Photo by 家樂福 | Carrefour on November 09, 2025.",48,,,
ryan.___chen,https://www.threads.com/@ryan.___chen/post/DQ00Lj3krG8,剛去逛家樂福 在搞什麼酒展活動 發現一個試喝阿姨看沒人理他 就自己把試喝的酒喝掉 好喜歡這個精神狀態,2025年11月9日 星期日 下午2:13,,,22000,76,492,1356,https://www.threads.com/@carrefourtaiwan/post/DQ1iojYk7S-,那阿福就先乾為敬工商時間：下週五六日還有超市酒展最後三天！快安排來這6間門市盡情試喝～不要讓阿姨自己一個人喝悶酒？ #禁止酒駕 #未成年禁止飲酒,2025年11月9日 星期日 下午8:59,,"Photo by 家樂福 | Carrefour on November 09, 2025.",527,1,,26
poyu__1125,https://www.threads.com/@poyu__1125/post/DQzVNulEtvI,"家樂福超市
三重新北大道一段115號這間，11/9號 00：7分，自助收銀機右邊靠冰箱那台，下面一堆水，注意滑倒的告示牌離很遠，直接經過我直接摔在那自助收銀機上面，和店員反映照理說要圍起來，店員說要店長做決定才可以，我直接摔倒撞到，該店也沒有回饋任何情況，店員也只說我不能決定，我說我只是要你把那裡稍微拖一下，不要讓其他人經過和我一樣跌倒，他說不能圍起來，店長沒交代，他沒辦法做主，他說拖地完之後很快又會有水，我說小心滑倒的告示牌是不是應該放在有水的地方，避免別人走過去跌倒，店員也主張他沒辦法處理，還是自助收音機的人比較衰小，今天跌倒的是我還好，如果是孕婦呢？",2025年11月9日 星期日 上午12:23,@carrefourtaiwan,,2,3,,,https://www.threads.com/@carrefourtaiwan/post/DQ0vmDHk_QR,"您好，很抱歉讓您有不愉快的體驗，這部分是我們的疏失
若您方便，請致電客服中心：0809-001-365，線上將有專人為您提供服務🙏",2025年11月9日 星期日 下午1:33,,,,,,
ubereats_tw,https://www.threads.com/@ubereats_tw/post/DQvs7dAE05_,說個笑話： 今天立冬，但氣溫30度,2025年11月7日 星期五 下午2:33,@carrefourtaiwan,,139,1,1,14,https://www.threads.com/@carrefourtaiwan/post/DQwGiufk9It,說個笑話： 今天立冬（應該）,2025年11月7日 星期五 下午6:17,,,58,1,,
mindfulvampire,https://www.threads.com/@mindfulvampire/post/DQkTD6_kgIW,How would you style this space? 翻譯 1 / 2,2025年11月3日 星期一 上午4:16,,"Photo by ♱ 𝔠𝔬𝔲𝔫𝔱 𝔬𝔫𝔶𝔵𝔦𝔠𝔠𝔞 ♱ on November 02, 2025.",140000,16000,10000,50000,https://www.threads.com/@carrefourtaiwan/post/DQv0OHMk8C3,抱歉 開幕工程花了一些時間,2025年11月7日 星期五 下午3:37,,"Photo by 家樂福 | Carrefour on November 06, 2025.",1452,10,8,9
qihongyang,https://www.threads.com/@qihongyang/post/DQtIZFED5Vc,現在的台鐵位置跟做起來的整體舒適性Q度，真的跟20年前完全不一樣,2025年11月6日 星期四 下午2:36,,"Photo by 楊啓弘 on November 05, 2025.",7643,122,103,570,https://www.threads.com/@carrefourtaiwan/post/DQvaPpeE33X,,2025年11月7日 星期五 上午11:50,,"Photo by 家樂福 | Carrefour on November 06, 2025.",621,7,2,31
emilia.orc,https://www.threads.com/@emilia.orc/post/DQvPfjuE2Vk,你來太晚了小編🤣,2025年11月7日 星期五 上午10:16,@carrefourtaiwan,,3,1,,,https://www.threads.com/@carrefourtaiwan/post/DQvY9j9k437,有來總比沒來好😌,2025年11月7日 星期五 上午11:39,,,11,,,
home_garden_and_diy,https://www.threads.com/@home_garden_and_diy/post/DQpOMOUDf-l,"Please, help me 😌 翻譯",2025年11月5日 星期三 上午2:09,,"Photo by Home, Garden and DIY on November 04, 2025.",60000,13000,2905,14000,https://www.threads.com/@carrefourtaiwan/post/DQvOJHoE-dc,,2025年11月7日 星期五 上午10:04,,"Photo by 家樂福 | Carrefour on November 06, 2025.",458,3,1,5
musecat._.cb,https://www.threads.com/@musecat._.cb/post/DQqKCOYgZqQ,一直都覺得 「各大品牌的小編出現在threads海巡留言」 是一件很有趣的事 在現實生活裡他們是大企業 但在threads裡 不知道為什麼就很有動森感,2025年11月5日 星期三 上午10:52,,,4762,618,88,150,https://www.threads.com/@carrefourtaiwan/post/DQstafRk4Qi,阿福的興趣是出島玩✈️,2025年11月6日 星期四 上午10:40,,,9,1,,
ya_._._w,https://www.threads.com/@ya_._._w/post/DQlV6SFgTrU,白痴這真的很好笑真的很好笑,2025年11月3日 星期一 下午2:00,,"Photo by 絕世黃瓜 on November 02, 2025.",59000,508,1567,5430,https://www.threads.com/@carrefourtaiwan/post/DQn79aaE8Mv,你好 歡迎光臨,2025年11月4日 星期二 下午2:11,,,620,4,,2
wan.chxxn._,https://www.threads.com/@wan.chxxn._/post/DQl9U-FCTy8,吐司上怎麼有頭皮屑 真是屑囉,2025年11月3日 星期一 下午7:44,@carrefourtaiwan,,3,1,,,https://www.threads.com/@carrefourtaiwan/post/DQmHSc8kxDJ,是雪鹽口味的麵包🙂‍↕️,2025年11月3日 星期一 下午9:11,,,,,,
shopee_tw,https://www.threads.com/@shopee_tw/post/DQer3aEExte,超好笑地味萬聖節 1 / 2,2025年10月31日 星期五 下午11:57,,"Photo by 蝦皮購物Shopee on October 31, 2025. | Photo by 蝦皮購物Shopee on October 31, 2025. | Photo by 蝦皮購物Shopee on October 31, 2025. | Photo by 蝦皮購物Shopee on October 31, 2025. | Photo by 蝦皮購物Shopee on October 31, 2025. | Photo by 蝦皮購物Shopee on October 31, 2025. | Photo by 蝦皮購物Shopee on October 31, 2025. | Photo by 蝦皮購物Shopee on October 31, 2025. | Photo by 蝦皮購物Shopee on October 31, 2025. | Photo by 蝦皮購物Shopee on October 31, 2025. | Photo by 蝦皮購物Shopee on October 31, 2025. | Photo by 蝦皮購物Shopee on October 31, 2025. | Photo by 蝦皮購物Shopee on October 31, 2025.",100000,321,5150,16000,https://www.threads.com/@carrefourtaiwan/post/DQfjU4VE8g3,"地味萬聖節
💁🏻‍♀️需要ㄙㄟ抖的這邊請💁🏻‍♂️",2025年11月1日 星期六 上午8:02,,"Photo by 家樂福 | Carrefour on October 31, 2025.",56,,1,2
xuann_127,https://www.threads.com/@xuann_127/post/DQZmu1JD2XF,原文好笑程度100% 「E狗在天上飛」 好笑程度10000%,2025年10月30日 星期四 上午12:36,,"Photo by 傑利 on October 29, 2025.",28000,69,1929,5993,https://www.threads.com/@carrefourtaiwan/post/DQdXqe3E_ei,,2025年10月31日 星期五 上午11:41,,"Photo by 家樂福 | Carrefour on October 30, 2025.",18,,,
ava__guo,https://www.threads.com/@ava__guo/post/DQZS_hHE7dw,"剛進新公司： 「我要每天化妝，穿著得體，才會給人好印象！」
工作兩年後： 「昨天那條褲子再穿一次好了」",2025年10月29日 星期三 下午9:43,,,15000,124,387,1157,https://www.threads.com/@carrefourtaiwan/post/DQdXmojk2v4,剛進公司：（每天洗頭） 進公司兩個月後：,2025年10月31日 星期五 上午11:41,,"Photo by 家樂福 | Carrefour on October 30, 2025.",7,1,,
yuscqq,https://www.threads.com/@yuscqq/post/DQaSUNfkz01,"王淑麗
大家的童年都是香蕉哥哥 但我的童年是王淑麗（？ 每次上學前吃早餐都會看到淑麗的氣象播報
剛剛久違的早起看新聞吃早餐 瞬間回到小時候🥹",2025年10月30日 星期四 上午6:57,,"Photo by QQ ♡ ‧₊˚ 🫧 on October 29, 2025. | Photo by QQ ♡ ‧₊˚ 🫧 on October 29, 2025. | Photo by QQ ♡ ‧₊˚ 🫧 on October 29, 2025.",6928,167,491,532,https://www.threads.com/@carrefourtaiwan/post/DQdXhJFkzvF,看來大家都是 淑麗控 (台語),2025年10月31日 星期五 上午11:40,,"Photo by 家樂福 | Carrefour on October 30, 2025.",6,,,1
phain_kian1219,https://www.threads.com/@phain_kian1219/post/DQItR0SE_6O,這一世，我重生了，我獲得了八個系統 1泌尿系統 2生殖系統 3內分泌系統 4神經系統 5呼吸系統 6循環系統 7運動系統 8消化系統 1 / 2,2025年10月23日 星期四 上午11:06,,,47000,218,2970,5276,https://www.threads.com/@carrefourtaiwan/post/DQJvneLE0mX,阿福連假準備開啟👇,2025年10月23日 星期四 下午8:46,,"Photo by 家樂福 | Carrefour on October 23, 2025.",24,,,
chenshi0731,https://www.threads.com/@chenshi0731/post/DQGPO1Fkf8U,"家樂福
逛家樂福逛到一半發現有韓國人掃光一堆牙線棒？？ 我就站在後面默默的看著他 本來很想發揮E人個性問他一堆問題 但他真的太認真掃貨了....不好意思打擾 加上整個牙線棒都快被搬走了XD 最後可能看我站在那邊還突然停下來 轉頭看了我一眼後 然後又把手裡最後一包放回去 跟我說：「This for you！」🤣 我該說韓國人真的很...大方....嗎？？ 我也只能笑笑回他康撒哈米達哈哈哈哈..... 1 / 2",2025年10月22日 星期三 下午12:05,,"Photo by 陳詩宇 on October 21, 2025. | Photo by 陳詩宇 on October 21, 2025.",32000,1095,427,4234,https://www.threads.com/@carrefourtaiwan/post/DQJviPyk--E,牙起來補貨！,2025年10月23日 星期四 下午8:45,,"Photo by 家樂福 | Carrefour on October 23, 2025.",63,,,1
h_yj1021,https://www.threads.com/@h_yj1021/post/DQIiFdGgXhZ,什麼意思 什麼意思（扶額燦笑？？？？超好笑我快笑瘋 1 / 2,2025年10月23日 星期四 上午9:28,,"Photo by 小淨 on October 22, 2025.",50000,260,3351,4798,https://www.threads.com/@carrefourtaiwan/post/DQJa0SCE2N_,明天又放假 做夢都在笑😁,2025年10月23日 星期四 下午5:44,,,28,,,2
april.0522,https://www.threads.com/@april.0522/post/DQD0TCCkx6p,昨晚看到兒子課本 我真的氣笑了⋯⋯⋯ 你給我差不多一點 1 / 2,2025年10月21日 星期二 下午1:31,,"Photo by Chia Yi on October 20, 2025.",16000,189,943,2929,https://www.threads.com/@carrefourtaiwan/post/DQEMWvQE5tV,差的不多 養樂多,2025年10月21日 星期二 下午5:01,,"Photo by 家樂福 | Carrefour on October 21, 2025.",289,1,1,
zzz._.xy,https://www.threads.com/@zzz._.xy/post/DQCG9TGEYO9,愛是一把會一直戳到頭的傘,2025年10月20日 星期一 下午9:36,,"Photo by @zzz._.xy on October 20, 2025.",64000,170,3514,6306,https://www.threads.com/@carrefourtaiwan/post/DQDttVHExcW,愛是換一把比較大支的傘,2025年10月21日 星期二 下午12:34,,"Photo by 家樂福 | Carrefour on October 20, 2025.",116,,,4
attcat_memes,https://www.threads.com/@attcat_memes/post/C6GlPR4h3xk,這條路是要叫我轉發的意思嗎？ 1 / 2,2024年4月23日 星期二 下午7:47,,"Photo by Att貓 on April 23, 2024.",300000,1878,52000,,https://www.threads.com/@carrefourtaiwan/post/DQBXILKkz_J,只好再丟出一張迴轉卡,2025年10月20日 星期一 下午2:38,,"Photo by 家樂福 | Carrefour on October 19, 2025.",90,1,,
chao1985118,https://www.threads.com/@chao1985118/post/DP1A8zUE5xo,學橋理化，國二出奇致勝！ 岡山陳芊岑，段考100滿分 岡山徐靚晏，段考97.5錯一題 #練習造就完美 #岡山自然組第一品牌 1 / 2,2025年10月15日 星期三 下午7:33,,"Photo by 趙明德 on October 15, 2025.",120000,11000,17000,100000,https://www.threads.com/@carrefourtaiwan/post/DP5J0S2k7YL,,2025年10月17日 星期五 上午10:08,,"Photo by 家樂福 | Carrefour on October 16, 2025.",80,2,1,1
a9854666998,https://www.threads.com/@a9854666998/post/DPjMrP0EoO4,"童年回憶
準備好被死去的回憶攻擊嗎",2025年10月8日 星期三 下午9:29,,"Photo by @a9854666998 on October 08, 2025. | Photo by @a9854666998 on October 08, 2025. | Photo by @a9854666998 on October 08, 2025. | Photo by @a9854666998 on October 08, 2025. | Photo by @a9854666998 on October 08, 2025. | Photo by @a9854666998 on October 08, 2025. | Photo by @a9854666998 on October 08, 2025. | Photo by @a9854666998 on October 08, 2025. | Photo by @a9854666998 on October 08, 2025. | Photo by @a9854666998 on October 08, 2025. | Photo by @a9854666998 on October 08, 2025. | Photo by @a9854666998 on October 08, 2025. | Photo by @a9854666998 on October 08, 2025. | Photo by @a9854666998 on October 08, 2025. | Photo by @a9854666998 on October 08, 2025. | Photo by @a9854666998 on October 08, 2025. | Photo by @a9854666998 on October 08, 2025. | Photo by @a9854666998 on October 08, 2025. | Photo by @a9854666998 on October 08, 2025.",68000,3742,6716,31000,https://www.threads.com/@carrefourtaiwan/post/DPk1fAqEbZ7,酸梅冰申請出戰,2025年10月9日 星期四 下午12:45,,"Photo by 家樂福 | Carrefour on October 08, 2025.",90,,,4
t1._.554_spotter,https://www.threads.com/@t1._.554_spotter/post/DPeNJ-3kkTT,"臺灣辦桌
基礎版臺灣辦桌飲料 1 / 2",2025年10月6日 星期一 下午10:57,,"Photo by ユウ・シャンキュウ 邱 毓善 on October 06, 2025. | Photo by ユウ・シャンキュウ 邱 毓善 on October 06, 2025. | Photo by ユウ・シャンキュウ 邱 毓善 on October 06, 2025. | Photo by ユウ・シャンキュウ 邱 毓善 on October 06, 2025.",20000,189,1193,547,https://www.threads.com/@carrefourtaiwan/post/DPfuhG0k1rD,辦桌基礎，飲料就不基礎,2025年10月7日 星期二 下午1:08,,"Photo by 家樂福 | Carrefour on October 06, 2025. | Photo by 家樂福 | Carrefour on October 06, 2025. | Photo by 家樂福 | Carrefour on October 06, 2025. | Photo by 家樂福 | Carrefour on October 06, 2025. | Photo by 家樂福 | Carrefour on October 06, 2025.",440,2,1,2
_sw0304_,https://www.threads.com/@_sw0304_/post/DPSzul-AQvx,這是什麼地獄料理 1 / 2,2025年10月2日 星期四 下午12:44,,,670,201,67,3150,https://www.threads.com/@carrefourtaiwan/post/DPVgGzyE0qr,你的出發點很好，但先別出發,2025年10月3日 星期五 下午1:50,,"Photo by 家樂福 | Carrefour on October 02, 2025.",25,1,,1
umiori__,https://www.threads.com/@umiori__/post/DOxbfFjEyED,家樂福把這篇刪掉了嗎^ ^ 能不能好好審文跟小編ㄚ有夠噁的,2025年9月19日 星期五 下午1:37,,"Photo by 魚 on September 18, 2025.",26000,191,713,1021,https://www.threads.com/@carrefourtaiwan/post/DOyED-aE4GS,對於發文不當深感抱歉，各位的指教我們會銘記在心，起初無針對意圖，未來發文會更加謹慎注意，在此非常感謝各位的關心。,2025年9月19日 星期五 下午7:31,,,5147,52,1,14
vladiv1024,https://www.threads.com/@vladiv1024/post/DOxnmasEXMn,"當大家在譴責家樂福用詞不當時，果然看到有人出來尖叫著「你們自己思想髒才看什麼都髒」
每次出現這種性暗示的文字、言語被譴責時，就一定會有人出來喊「是你自己的問題。」
我就直說，會用這種說法攻擊那些站出來譴責性騷擾言論的人，你們就是心懷不軌。
總是有人想把矛頭轉向那些站出來的人，認為如果沒有看過、碰過、接觸過根本不會想到色情方向，順帶一個迂迴性羞辱。
試圖把「譴責性騷擾言語的人」洗成「自己思想有問題看什麼都骯髒」其實就是一種色情脫敏。
而且針對女性。
他們就是要讓這個社會充滿著「單純無知、對性毫無觀念的女人才是善良女人」的風氣，讓女人對性暗示、性騷擾甚至性傷害都要一無所知，也不覺得加害者有錯。
再說一次，你們就是心懷不軌。 1 / 2",2025年9月19日 星期五 下午3:23,,"Photo by 伊 on September 19, 2025.",4581,94,676,194,https://www.threads.com/@carrefourtaiwan/post/DOyCTeXk3HA,對於發文不當深感抱歉，各位的指教我們會銘記在心，起初無針對意圖，未來發文會更加謹慎注意，在此非常感謝各位的關心。,2025年9月19日 星期五 下午7:16,,,219,10,2,7
chiwa_uwu,https://www.threads.com/@chiwa_uwu/post/DOwIf38Emur,試問什麼年齡階段會吹直笛？國小生。 任何可能將兒童性化的行為和言論都該萬劫不復、下地獄^^ 1 / 3,2025年9月19日 星期五 上午1:32,,"Photo by 林小吉੯‧̀͡  > on September 18, 2025.",2875,120,345,178,https://www.threads.com/@carrefourtaiwan/post/DOyCO24kzMk,對於發文不當深感抱歉，各位的指教我們會銘記在心，起初無針對意圖，未來發文會更加謹慎注意，在此非常感謝各位的關心。,2025年9月19日 星期五 下午7:15,,,212,14,,1
benesse_tw,https://www.threads.com/@benesse_tw/post/DOsrV99j9Yy,"好禮貌養成系列
1
/
2",2025年9月17日 星期三 下午5:19,,"Photo by 巧虎好朋友（巧連智） on September 17, 2025. | Photo by 巧虎好朋友（巧連智） on September 17, 2025. | Photo by 巧虎好朋友（巧連智） on September 17, 2025. | Photo by 巧虎好朋友（巧連智） on September 17, 2025. | Photo by 巧虎好朋友（巧連智） on September 17, 2025. | Photo by 巧虎好朋友（巧連智） on September 17, 2025.",82000,738,10000,14000,https://www.threads.com/@carrefourtaiwan/post/DOvD-e9k39S,,2025年9月18日 星期四 下午3:33,,"Photo by 家樂福 | Carrefour on September 18, 2025.",65,2,,
nanhua_fa,https://www.threads.com/@nanhua_fa/post/DOp3Ts-EZ3T,"農會
正式進駐 Threads！我們的第一篇貼文，就像剛採收的芒果——還不知道甜不甜，但先拿出來再說 🥭",2025年9月16日 星期二 下午3:06,,,6173,222,90,55,https://www.threads.com/@carrefourtaiwan/post/DOsonfik7DK,歡迎小編群的「芒」內出道,2025年9月17日 星期三 下午4:55,,,13,2,,
hhui___lling,https://www.threads.com/@hhui___lling/post/DOa21wXkgll,小時候去逛家樂福 都會聞到一股超級濃的杏仁味 結果好像很多人討厭那個味道 反正我是超上癮 1 / 2,2025年9月10日 星期三 下午7:13,,,6013,160,281,253,https://www.threads.com/@carrefourtaiwan/post/DOdINygE8lH,你也是杏仁派嗎🤜🤛,2025年9月11日 星期四 下午4:23,,"Photo by 家樂福 | Carrefour on September 11, 2025.",22,,,1
cocotea.tw,https://www.threads.com/@cocotea.tw/post/DOaCXw9D7QR,腦闆～這個橘應該是⋯⋯ 來公司會標配的對嗎🥹🥹🥹🥹🥹對嗎,2025年9月10日 星期三 上午11:35,,"Photo by CoCo都可 on September 09, 2025. | Photo by CoCo都可 on September 09, 2025.",789,112,1,77,https://www.threads.com/@carrefourtaiwan/post/DOad3SME8f7,看著下個禮拜五9/19要開幕的士林華聲超市店😍喊話阿福的腦闆～～～,2025年9月10日 星期三 下午3:35,,"Photo by 家樂福 | Carrefour on September 10, 2025.",66,3,,7
shc_shen.369,https://www.threads.com/@shc_shen.369/post/DOZxOkyD6Qk,iPhone 17 Pro系列 臺灣聯名系列 你說是什麼橘我都信 1 / 2,2025年9月10日 星期三 上午9:05,,"Photo by 沈航崎 on September 09, 2025. | Photo by 沈航崎 on September 09, 2025. | Photo by 沈航崎 on September 09, 2025. | Photo by 沈航崎 on September 09, 2025. | Photo by 沈航崎 on September 09, 2025.",60000,1683,3429,61000,https://www.threads.com/@carrefourtaiwan/post/DOaCCFJEz9U,有我們的局,2025年9月10日 星期三 上午11:32,,,1009,2,,18
7eleventw,https://www.threads.com/@7eleventw/post/DOYMRMnD9wx,"老闆問我為什麼要在辦公室塗巧克力醬 我：網路上的人會懂。
買不到陶喆蛋糕就自己做一個😟🥧🍫",2025年9月9日 星期二 下午6:23,,"Photo by 7-ELEVEn Taiwan on September 09, 2025. | Photo by 7-ELEVEn Taiwan on September 09, 2025.",17000,186,396,2843,https://www.threads.com/@carrefourtaiwan/post/DOYZ5USE8O2,,2025年9月9日 星期二 下午8:22,,"Photo by 家樂福 | Carrefour on September 09, 2025.",151,2,,5
marchmeowmeow,https://www.threads.com/@marchmeowmeow/post/DOX47nuEhke,全聯的雞蛋都是雷！強烈建議去家樂福買 @carrefourtaiwan,2025年9月9日 星期二 下午3:34,@laurasweet0712,,3,2,,,https://www.threads.com/@carrefourtaiwan/post/DOYFxXsk2pb,"幫我的兩位新同事謝謝愛護她們的大家❤️
2025-9-1",2025年9月9日 星期二 下午5:26,@carrefourtaiwan,"Photo by 家樂福 | Carrefour on August 31, 2025.",1,,,
7eleventw,https://www.threads.com/@7eleventw/post/DOXUVxmjyiR,超重大大大大消息！ 有位大大大大人物的周邊即將開賣 是哪位大大大大咖即將降臨7-ELEVEN？ 1 / 2,2025年9月9日 星期二 上午10:14,,"Photo by 7-ELEVEn Taiwan on September 08, 2025.",7160,854,139,3516,https://www.threads.com/@carrefourtaiwan/post/DOYFgqDE4n2,大ㄍㄟˉ修ㄆㄚˋ,2025年9月9日 星期二 下午5:24,,,961,3,2,8
18.yqxz,https://www.threads.com/@18.yqxz/post/DOVn_tFEhPh,"2
/
2",2025年9月8日 星期一 下午6:27,@18.yqxz,"Photo by 圓心 on September 08, 2025.",86,2,1,46,https://www.threads.com/@carrefourtaiwan/post/DOXpr_Uk6SJ,@uniqlo_taiwan 有許光漢！難道阿福有醬太郎😍,2025年9月9日 星期二 下午1:21,,,2,,,
wingwongwing365,https://www.threads.com/@wingwongwing365/post/DOTVfoiEtwA,"在腳底按摩，按到一個很痠痛的地方。 就問師傅：「哇！這是哪裡？」 師傅：「你的腳。」
好，謝謝。 1 / 2",2025年9月7日 星期日 下午9:07,,,26000,158,779,3158,https://www.threads.com/@carrefourtaiwan/post/DOVvjYDk6uu,不藏私推薦推薦給你！阿福的師傅,2025年9月8日 星期一 下午7:33,,"Photo by 家樂福 | Carrefour on September 08, 2025.",11,,,1
mineaura.me,https://www.threads.com/@mineaura.me/post/DOTX6UpiaVd,義美小泡芙 要選哪個口味？,2025年9月7日 星期日 下午9:28,,"Photo by Mine Aura 米洛樂 • 迪士尼代購∥選品 on September 07, 2025.",713,927,3,15,https://www.threads.com/@carrefourtaiwan/post/DOVvTvGk2QO,好面熟的賣場😍都買準沒錯,2025年9月8日 星期一 下午7:31,,,31,2,,1
cooper0813520,https://www.threads.com/@cooper0813520/post/DOTY3sFEdQB,誰說香蕉掛起來不容易壞的😫 1 / 2,2025年9月7日 星期日 下午9:37,,"Photo by 洵 on September 07, 2025. | Photo by 洵 on September 07, 2025.",51000,766,1426,8785,https://www.threads.com/@carrefourtaiwan/post/DOVu9R0k_QX,謝謝你讓阿福知道有剝皮辣椒也有剝皮香蕉！,2025年9月8日 星期一 下午7:28,,,88,2,,1
suprememicah,https://www.threads.com/@suprememicah/post/DOOB9tODABf,"yes bro eat excel, take it away 翻譯",2025年9月5日 星期五 下午7:40,,"Photo by Rest Dont Quit on September 05, 2025.",120000,541,5623,3316,https://www.threads.com/@carrefourtaiwan/post/DOPzgtok9rk,In Taiwan we don't say”LINE” we say “賴” 翻譯,2025年9月6日 星期六 下午12:12,,,1462,6,2,1
nero1iy,https://www.threads.com/@nero1iy/post/DON9dGsidwS,台中真的什麼都有⋯⋯⋯⋯,2025年9月5日 星期五 下午7:02,,,63000,1201,3497,14000,https://www.threads.com/@carrefourtaiwan/post/DOPzJbLk-G9,"差點以為是我的新同事之一🐔太自由了😂
2025-9-4",2025年9月6日 星期六 下午12:09,,"Photo by 家樂福 | Carrefour on September 03, 2025. | Photo by 家樂福 | Carrefour on September 03, 2025. | Photo by 家樂福 | Carrefour on September 03, 2025. | Photo by 家樂福 | Carrefour on September 03, 2025. | Photo by 家樂福 | Carrefour on September 03, 2025. | Photo by 家樂福 | Carrefour on September 03, 2025. | Photo by 家樂福 | Carrefour on September 03, 2025. | Photo by 家樂福 | Carrefour on September 03, 2025. | Photo by 家樂福 | Carrefour on September 03, 2025. | Photo by 家樂福 | Carrefour on September 03, 2025.",215,2,,6
morein_print,https://www.threads.com/@morein_print/post/DONa_W_jMC3,"來蓋一樓「老梗」，看看有沒有新鮮貨 -
舉例「坐電梯，其實是用站的🫠」",2025年9月5日 星期五 下午2:00,,,37,64,,2,https://www.threads.com/@carrefourtaiwan/post/DOOZi4Qk7VA,上班其實不是為了上，而是為了下班的下！ （老闆我開玩笑的）,2025年9月5日 星期五 下午11:06,,,10,,,
1esserafim,https://www.threads.com/@1esserafim/post/DOLR0eOEnY-,"：為什麼你洗澡這麼久才出來
我：",2025年9月4日 星期四 下午6:01,,"Photo by FRANGIPANI on September 04, 2025.",6572,16,419,216,https://www.threads.com/@carrefourtaiwan/post/DONtFDFk75W,唱跳歌手阿福都戴小蜜蜂洗,2025年9月5日 星期五 下午4:38,,"Photo by 家樂福 | Carrefour on September 05, 2025.",13,,,
yung._.0906,https://www.threads.com/@yung._.0906/post/DOLWZAsk9ne,"斑馬線
我們在想 中間那段是要立定跳遠嗎",2025年9月4日 星期四 下午6:41,,"Photo by 苓👻 on September 04, 2025. | Photo by 苓👻 on September 04, 2025.",13000,172,453,1046,https://www.threads.com/@carrefourtaiwan/post/DONspKMk7NV,阿福為你鋪路！,2025年9月5日 星期五 下午4:34,,"Photo by 家樂福 | Carrefour on September 05, 2025.",46,1,,1
158_rice_ball,https://www.threads.com/@158_rice_ball/post/DOLaveuk5TV,在寶雅 男朋友：這個車給你 裝多少我買多少 我：好！ 1 / 2,2025年9月4日 星期四 下午7:19,,"Photo by •ࡇ• on September 04, 2025.",10000,236,272,3290,https://www.threads.com/@carrefourtaiwan/post/DONKK-hExU1,推薦來我家挑戰🛒,2025年9月5日 星期五 上午11:33,,,139,2,,
tomato_goods,https://www.threads.com/@tomato_goods/post/DOLqgOTj3i-,我媽問我為什麼要把蘋果掛在包包上🤣 1 / 2,2025年9月4日 星期四 下午9:37,,"Photo by 番茄の小店🍅 on September 04, 2025. | Photo by 番茄の小店🍅 on September 04, 2025. | Photo by 番茄の小店🍅 on September 04, 2025. | Photo by 番茄の小店🍅 on September 04, 2025.",10000,67,297,520,https://www.threads.com/@carrefourtaiwan/post/DONKCYjE50_,阿福推薦掛一串🍎,2025年9月5日 星期五 上午11:32,,"Photo by 家樂福 | Carrefour on September 04, 2025.",158,2,,
bangjichen,https://www.threads.com/@bangjichen/post/DOM77mPj2ms,在那一個分店首賣,2025年9月5日 星期五 上午9:28,@carrefourtaiwan,,,1,,,https://www.threads.com/@carrefourtaiwan/post/DONEqxqk9WV,🥞鬆餅堡：淡新、蘆洲、桂林、新店、經國、內壢、西屯、彰化、沙鹿、安平、鼎山、仁德 同場加映😂 🐈雞蛋糕：新店、宜蘭、西屯、安平,2025年9月5日 星期五 上午10:45,,,5,1,,
mmiixxv,https://www.threads.com/@mmiixxv/post/DOI9lwDkiqx,我已經站了五分鐘了 連一瓶都還沒賣出去,2025年9月3日 星期三 下午8:26,,"Photo by 🐑 on September 03, 2025.",61000,493,1891,7447,https://www.threads.com/@carrefourtaiwan/post/DOMzG27kxnx,妳的五分鐘等於阿福的三百秒！認同請追蹤,2025年9月5日 星期五 上午8:11,,,104,,,1
nyanlok,https://www.threads.com/@nyanlok/post/DOKQqcFkpbN,鬆餅失敗變了遊戲王卡 1 / 2,2025年9月4日 星期四 上午8:32,,"Photo by 小樂 on September 03, 2025.",170000,1385,11000,32000,https://www.threads.com/@carrefourtaiwan/post/DOMy6iREykb,以防大家不知道我們有賣鬆餅火腿豬肉堡（左邊）誰來教教我拍照🥲,2025年9月5日 星期五 上午8:10,,"Photo by 家樂福 | Carrefour on September 04, 2025.",65,1,,4
blue.yestar,https://www.threads.com/@blue.yestar/post/DOKgWuxE46p,每次在考慮到底要不要買這個東西時 朋友都是這樣回我的 1 / 2,2025年9月4日 星期四 上午10:50,,,81000,616,11000,33000,https://www.threads.com/@carrefourtaiwan/post/DOLqUN9kxsa,問就是買！要買來這！！,2025年9月4日 星期四 下午9:35,,,44,1,,
bonnie._.6848,https://www.threads.com/@bonnie._.6848/post/DOKpR3zDryx,什麼行業上班真的沒辦法用手機 會整個人消失？,2025年9月4日 星期四 下午12:07,,,4349,542,30,175,https://www.threads.com/@carrefourtaiwan/post/DOLqPBqEy2n,什麼樣的人會一洗澡就是一輩子？一回家就秒睡？,2025年9月4日 星期四 下午9:34,,,264,4,,9
atttlab,https://www.threads.com/@atttlab/post/DOK3FGkEz6l,我喜歡Threads地方是 大家都不認識彼此 但都像朋友一樣會留言互動,2025年9月4日 星期四 下午2:07,,,4862,273,97,18,https://www.threads.com/@carrefourtaiwan/post/DOLqG0OE54-,老闆以為我在海巡！不～我在交朋友🥰,2025年9月4日 星期四 下午9:33,,,64,5,,
chen_g_7,https://www.threads.com/@chen_g_7/post/DOKe6-xkqPc,薯餅一定要沾煉乳～ 1 / 2,2025年9月4日 星期四 上午10:43,,,1253,253,48,567,https://www.threads.com/@carrefourtaiwan/post/DOLK97Dkzca,煉乳的部分⋯怕你手黏黏的,2025年9月4日 星期四 下午5:01,,"Photo by 家樂福 | Carrefour on September 04, 2025.",20,,,
kakun271,https://www.threads.com/@kakun271/post/DOI_ZzBE5no,"陳耀訓蛋黃酥
報告媽媽： 兒子現在還單身🥹
不會隨便跟食物亂來",2025年9月3日 星期三 下午8:42,,"Photo by 郭君 on September 03, 2025. | Photo by 郭君 on September 03, 2025.",24000,152,561,6579,https://www.threads.com/@carrefourtaiwan/post/DOLKr4Ak6Fi,阿福一次帶兩位😎,2025年9月4日 星期四 下午4:59,,"Photo by 家樂福 | Carrefour on September 04, 2025.",76,1,,
nigeltaco0818,https://www.threads.com/@nigeltaco0818/post/DOKtJRzktiY,"芋頭加火鍋
哇靠看到這個真的是差點笑出來哈哈哈哈哈 我以為他只有丟掉的功能原來竟然可以當筷架哈哈哈哈哈",2025年9月4日 星期四 下午12:41,,"Photo by ₮₳₵Ø🌮🌯® on September 03, 2025.",53000,1119,6336,39000,https://www.threads.com/@carrefourtaiwan/post/DOLKWDhk9mr,麥啊內啦～推薦你real筷架,2025年9月4日 星期四 下午4:56,,"Photo by 家樂福 | Carrefour on September 04, 2025.",10,,,4
celinechiu_,https://www.threads.com/@celinechiu_/post/DOJQtALkqBo,李東海不只去蝦皮領了包裹 甚至還在萵苣辦了會員（？,2025年9月3日 星期三 下午11:13,,"Photo by Celine 蝴蝶兒 on September 03, 2025.",20000,176,417,3697,https://www.threads.com/@carrefourtaiwan/post/DOK6Qj6EzfB,有沒有可能還有我們的會員（喂～,2025年9月4日 星期四 下午2:35,,,167,2,,
sogohsinchu,https://www.threads.com/@sogohsinchu/post/DOKY7HHD2rP,突然得知今天普渡拜拜要自己帶一項去拜😧 要帶什麼！？在線等 超急🫨 1 / 2,2025年9月4日 星期四 上午9:44,,,49,104,,,https://www.threads.com/@carrefourtaiwan/post/DOKnF7qExdW,阿福推薦來我家買！,2025年9月4日 星期四 上午11:48,,,2,1,,
tym_steamer_cabinet,https://www.threads.com/@tym_steamer_cabinet/post/DOIEVmcj6Lb,請用一個數學公式說明你的數學程度,2025年9月3日 星期三 下午12:06,,,1217,409,11,81,https://www.threads.com/@carrefourtaiwan/post/DOKLnK0k_mW,阿福最近算不停 買一送一：➗2 9/3-9/5打9折：✖️0.9 還有uniopen聯名卡再疊加回饋✍🏻,2025年9月4日 星期四 上午7:48,,,12,,,
2hixin11_,https://www.threads.com/@2hixin11_/post/DOHeQClkxLj,幹難怪我的網路越來越卡,2025年9月3日 星期三 上午6:33,,"Photo by 不处 on September 02, 2025.",11000,148,56,44,https://www.threads.com/@carrefourtaiwan/post/DOKK2pLExMa,大家早安～,2025年9月4日 星期四 上午7:41,,"Photo by 家樂福 | Carrefour on September 03, 2025.",43,3,,
kc20.67,https://www.threads.com/@kc20.67/post/DOI5ixOlEnv,制霸天下 統一 林佳緯AAOA OAOA AAOA OAOA,2025年9月3日 星期三 下午7:50,@carrefourtaiwan,,2,1,,,https://www.threads.com/@carrefourtaiwan/post/DOJKF24E8MV,✌🏻火力加倍⚾️,2025年9月3日 星期三 下午10:15,,,1,1,,
callmewoogi,https://www.threads.com/@callmewoogi/post/DOItXk0DRYc,"台灣打工度假族最愛的三款台灣零食🇰🇷🇹🇼 대만 워홀러가 가장 좋아하는 대만 과자 3가지🍭🍬 翻譯 1 / 2
Taipei, Taiwan",2025年9月3日 星期三 下午6:04,,,3239,166,32,148,https://www.threads.com/@carrefourtaiwan/post/DOJI3zGE8Vw,歐爸～歡迎光臨😍歡迎常來💙莎朗嘿,2025年9月3日 星期三 下午10:04,,,22,1,,
goshare.official,https://www.threads.com/@goshare.official/post/DOIs9ODConz,"生日快樂我對自己說
嘻嘻 我 6 歲生日啦～ 今年想要大家幫小編取個名字當生日禮物，可以嗎：）？
ㄚ想召喚一下跟我一樣 6 歲的品牌 誰誰誰 1 / 2",2025年9月3日 星期三 下午6:00,,,52,114,1,5,https://www.threads.com/@carrefourtaiwan/post/DOI41cgk-s8,生日快樂🎂明年就7歲了～,2025年9月3日 星期三 下午7:44,,,6,3,,
52_foodie,https://www.threads.com/@52_foodie/post/DOIrMvzCdhQ,"香菜多力多滋
恭喜各位現在可以盡情吃了🤣 📍家樂福",2025年9月3日 星期三 下午5:45,,"Photo by 52🍕 \  我 餓 𝘍𝘖𝘖𝘋𝘐𝘌 ／ 美食 旅遊 超商 餐廳 展覽 街邊美食 on September 03, 2025. | Photo by 52🍕 \  我 餓 𝘍𝘖𝘖𝘋𝘐𝘌 ／ 美食 旅遊 超商 餐廳 展覽 街邊美食 on September 03, 2025. | Photo by 52🍕 \  我 餓 𝘍𝘖𝘖𝘋𝘐𝘌 ／ 美食 旅遊 超商 餐廳 展覽 街邊美食 on September 03, 2025.",6205,329,211,9456,https://www.threads.com/@carrefourtaiwan/post/DOI1ru0k46q,阿福來幫忙tag香菜lover @somsomi0309,2025年9月3日 星期三 下午7:17,,,22,1,,1
pick.n.daily,https://www.threads.com/@pick.n.daily/post/DOHsZLyEtax,絕對不能讓男友看到的玩具⋯ 1 / 2,2025年9月3日 星期三 上午8:36,,"Photo by @pick.n.daily on September 02, 2025.",27000,515,997,4188,https://www.threads.com/@carrefourtaiwan/post/DOI1gqkk9x-,那怎麼樣可以讓阿福未來的女朋友看到？,2025年9月3日 星期三 下午7:15,,,69,2,,
mosburger_taiwan,https://www.threads.com/@mosburger_taiwan/post/DOIq-DbEkmn,協尋！三、四月統一發票千萬中獎得主您好，摩斯溫馨提醒您，您在台中摩斯漢堡三民美村店消費後，請記得務必領取您的統一發票中獎獎金，為您的璀璨人生，寫下動人詩篇。摩斯由衷為您高興，歡迎常來光臨，大家都能沾沾喜氣。,2025年9月3日 星期三 下午5:43,,,18000,305,211,2140,https://www.threads.com/@carrefourtaiwan/post/DOI1S77k9Ss,沾爆！跟著阿福來c一波ccc,2025年9月3日 星期三 下午7:13,,,119,1,,1
chiikawa.98,https://www.threads.com/@chiikawa.98/post/DOGQNAUDydG,"殺魚
手都酸了..",2025年9月2日 星期二 下午7:11,,,29000,312,756,5036,https://www.threads.com/@carrefourtaiwan/post/DOIi_36k8pB,怕你手會酸！,2025年9月3日 星期三 下午4:33,,"Photo by 家樂福 | Carrefour on September 03, 2025.",62,,,
chiikawa.98,https://www.threads.com/@chiikawa.98/post/DOGrzToDxFH,"讀書日常
一招馬上醒來讀書的方法",2025年9月2日 星期二 下午11:12,,,16000,221,797,6287,https://www.threads.com/@carrefourtaiwan/post/DOIincKE06b,來～不怕！阿福這裡還有書😉,2025年9月3日 星期三 下午4:30,,"Photo by 家樂福 | Carrefour on September 03, 2025.",31,1,,
oqlozoqzzq,https://www.threads.com/@oqlozoqzzq/post/DOIHQick1a8,可是阿姨會掏錢結帳，阿福不會,2025年9月3日 星期三 下午12:31,@carrefourtaiwan,,2,1,,,https://www.threads.com/@carrefourtaiwan/post/DOIVQ2okznJ,阿福可以給你這週三到五結帳9折❣️,2025年9月3日 星期三 下午2:33,,,4,1,,
poyabeauty,https://www.threads.com/@poyabeauty/post/DOH18-0EnU5,"寶雅40週年慶
NOOT NOOT 📢 猜猜我是誰 ～",2025年9月3日 星期三 上午10:00,,"Photo by 寶雅POYA Beauty on September 02, 2025.",398,66,1,332,https://www.threads.com/@carrefourtaiwan/post/DOH8o5Tk20o,寶 生日快樂！明年就41了,2025年9月3日 星期三 上午10:58,,,15,2,,
poyabeauty,https://www.threads.com/@poyabeauty/post/DOH2JQGknaM,寶 我一眨眼就40歲了🥹,2025年9月3日 星期三 上午10:02,@carrefourtaiwan,,11,1,,,https://www.threads.com/@carrefourtaiwan/post/DOH8Vyik9NB,呼叫另一位 堡 @mosburger_taiwan,2025年9月3日 星期三 上午10:56,,,2,,,
bella.100202,https://www.threads.com/@bella.100202/post/DOHf590ky0x,台灣人聊天必備開頭： 欸,2025年9月3日 星期三 上午6:47,,,33000,244,933,675,https://www.threads.com/@carrefourtaiwan/post/DOH4vK1k3A6,欸欸喔欸,2025年9月3日 星期三 上午10:24,,,311,5,3,8
zaozao.li.9,https://www.threads.com/@zaozao.li.9/post/DOGNrefkqEB,這你也巡得到，好啦有時間就去買一波🤣,2025年9月2日 星期二 下午6:49,@carrefourtaiwan,,1,1,,,https://www.threads.com/@carrefourtaiwan/post/DOH4nwdE2wa,這是一定要的😉今天到週五有九折喔～有空歡迎來！,2025年9月3日 星期三 上午10:23,,,1,,,
arren_11_13,https://www.threads.com/@arren_11_13/post/DOGtY06E6AP,想買什麼，爸媽說不行，沒關係，有阿姨就擁有全世界🌍,2025年9月2日 星期二 下午11:26,,,18000,496,330,10000,https://www.threads.com/@carrefourtaiwan/post/DOH4URXk2R6,還有阿福！我也會說\可以/,2025年9月3日 星期三 上午10:21,,,80,2,,1
_y.tong,https://www.threads.com/@_y.tong/post/DOGElYxEh7Y,Facebook 是 FB Instagram 是 IG Threads 是什麼？？ 1 / 2,2025年9月2日 星期二 下午5:29,,,12000,308,33,28,https://www.threads.com/@carrefourtaiwan/post/DOG0_Q5k9X3,海巡🏄,2025年9月3日 星期三 上午12:32,,,129,2,1,
ibuzz_research,https://www.threads.com/@ibuzz_research/post/DOGNt0pidUp,"開學
同學們 明天早上開始請按照新座位表座 想換座位的同學們 請在明天放學之前兩兩一組在下方登記 老師會再斟酌調整 1 / 2",2025年9月2日 星期二 下午6:49,,"Photo by i-Buzz網路口碑研究中心 on September 02, 2025.",1739,572,45,238,https://www.threads.com/@carrefourtaiwan/post/DOG0GcnE7zQ,"老師🙋🏻旁邊可以坐阿福的兩位新同事嗎？
2025-9-1",2025年9月3日 星期三 上午12:24,@carrefourtaiwan,"Photo by 家樂福 | Carrefour on August 31, 2025.",48,3,,
redlok____,https://www.threads.com/@redlok____/post/DODzZ4ZiTTH,很久沒吃水餃了(⁎⁍̴̛ᴗ⁍̴̛⁎) 1 / 2,2025年9月1日 星期一 下午8:21,,,11000,833,241,2791,https://www.threads.com/@carrefourtaiwan/post/DOGU7GUk9RY,這道料理：辣椒醬🌶️佐水餃🥟,2025年9月2日 星期二 下午7:52,,,31,,,
__o629.__x,https://www.threads.com/@__o629.__x/post/DOEEI8qEiG9,"^_^直男回覆大賽，
如果今天女朋友說：「我那個來了 肚子好 痛」
你會怎麼回⋯？",2025年9月1日 星期一 下午10:47,,,3218,836,27,860,https://www.threads.com/@carrefourtaiwan/post/DOGUlKeE2tx,暖男話不多！直接端出來,2025年9月2日 星期二 下午7:49,,"Photo by 家樂福 | Carrefour on September 02, 2025.",29,2,,
uchiha_mamba_,https://www.threads.com/@uchiha_mamba_/post/DOET3YqgeKP,要怎麼用文字解釋「右」 但不能提到任何語言的「右」 1 / 2,2025年9月2日 星期二 上午1:04,,,7267,486,71,200,https://www.threads.com/@carrefourtaiwan/post/DOGLvmbkwr-,正手爿,2025年9月2日 星期二 下午6:32,,,21,,,3
teamagichand00,https://www.threads.com/@teamagichand00/post/DOGKsQfEwgv,努力中💗家樂福有山楂烏龍～ 全家可以團購😚,2025年9月2日 星期二 下午6:23,@zaozao.li.9,,2,2,,,https://www.threads.com/@carrefourtaiwan/post/DOGK7l9EzH_,阿福來了～,2025年9月2日 星期二 下午6:25,,,4,2,,
bangjichen,https://www.threads.com/@bangjichen/post/DOGBnWGj1_M,阿福您好，很常去逛,2025年9月2日 星期二 下午5:03,@carrefourtaiwan,,,1,,,https://www.threads.com/@carrefourtaiwan/post/DOGKwotExST,邦吉您好～歡迎常來！偷偷跟你說不要跟別人說喔：明天開始到週五有最後一波中元9折🤫,2025年9月2日 星期二 下午6:23,,,2,1,,
cosmo____guan_yu,https://www.threads.com/@cosmo____guan_yu/post/DOFkUb3EX_8,在天母不然遇到彭于晏的機率有多高,2025年9月2日 星期二 下午12:47,,"Photo by 陳冠余 on September 01, 2025. | Photo by 陳冠余 on September 01, 2025.",26000,349,296,2438,https://www.threads.com/@carrefourtaiwan/post/DOGKeu5E-ka,北投彭于晏 簽到✍🏻,2025年9月2日 星期二 下午6:21,,,54,1,,1
to790425,https://www.threads.com/@to790425/post/DOGC-1FkRAE,這樣怎麼廣告家樂福賣的游泳圈啦⋯,2025年9月2日 星期二 下午5:15,@carrefourtaiwan,,,1,,,https://www.threads.com/@carrefourtaiwan/post/DOGKWarE4eE,不怕！因為我是要來跟大家介紹my坐騎,2025年9月2日 星期二 下午6:20,,"Photo by 家樂福 | Carrefour on September 02, 2025.",6,1,,
familymart_tw,https://www.threads.com/@familymart_tw/post/DODfNfAkrjR,9/1(一) 去不了別的國家，就去全家 1 / 2,2025年9月1日 星期一 下午5:24,,,3685,79,52,48,https://www.threads.com/@carrefourtaiwan/post/DOGBEEDk1mu,歡迎來阿福家？沒有貓翻跟斗可以看，但可以打9折,2025年9月2日 星期二 下午4:58,,,5,,,
liketeashop,https://www.threads.com/@liketeashop/post/DOFVc-2j3ZA,"海巡
大家午安～ 這裡是 老賴茶棧 我是小賴 ☕️ 最近新上任一月 我瘋狂海巡 🚢 發文的頻率，已經快要比我煮茶還快了 🍵💨
超想認識各品牌小編❤️ 快來留言相認啦～ 雙追起來， 我們一起海巡，巡出大未來",2025年9月2日 星期二 上午10:37,,,871,291,2,16,https://www.threads.com/@carrefourtaiwan/post/DOGAcInE8_8,平安就是福，中元家樂福！你好我阿福～,2025年9月2日 星期二 下午4:53,,,10,1,1,
rtufq578,https://www.threads.com/@rtufq578/post/DOAiSBdEjRY,你們洗澡是全裸嗎（？,2025年8月31日 星期日 下午1:53,,,60000,5254,2700,25000,https://www.threads.com/@carrefourtaiwan/post/DOF_2wpkyaT,會套著游泳圈！啊⋯是自帶游泳圈⋯⋯,2025年9月2日 星期二 下午4:48,,,88,1,1,2
aozora_jean,https://www.threads.com/@aozora_jean/post/DOBOkoUE11l,"純喫茶
今天上班在路上看到一頂好厲害的手工帽😆",2025年8月31日 星期日 下午8:20,,"Photo by 台北大安染髮  / 手刷染 /縮毛矯正 🈯️👉Jean on August 31, 2025. | Photo by 台北大安染髮  / 手刷染 /縮毛矯正 🈯️👉Jean on August 31, 2025.",4577,59,155,525,https://www.threads.com/@carrefourtaiwan/post/DODrYcjE0Jb,Try it！ 翻譯,2025年9月1日 星期一 下午7:11,,,42,,,
chiikawa.98,https://www.threads.com/@chiikawa.98/post/DN-coHFkTgi,"海邊
終於在海邊看見金字塔了",2025年8月30日 星期六 下午6:26,,,240000,2151,23000,77000,https://www.threads.com/@carrefourtaiwan/post/DOC8Gpck4fZ,來條毛巾擦擦沙跟汗吧～很擔心你們是不是中暑了🥵這精神狀態很禮拜一,2025年9月1日 星期一 下午12:17,,"Photo by 家樂福 | Carrefour on August 31, 2025.",55,2,,2
_zhr1018_,https://www.threads.com/@_zhr1018_/post/DN8cJ7nifoz,看到陳奕恒媽媽的包包 我就想到這個👽💩,2025年8月29日 星期五 下午11:43,,"Photo by 瑞^ on August 29, 2025. | Photo by 瑞^ on August 29, 2025.",16000,67,192,918,https://www.threads.com/@carrefourtaiwan/post/DN-VVyoE9Et,真時髦😍,2025年8月30日 星期六 下午5:22,,,1475,2,2,8
daxiannu_1110,https://www.threads.com/@daxiannu_1110/post/DN6IYWhkjMU,"有人知道 如何在三個小時內睡滿八個小時嗎 我現在很需要,在線等￼急",2025年8月29日 星期五 上午2:12,,,20000,289,750,662,https://www.threads.com/@carrefourtaiwan/post/DN7MJQrE07w,管他三八二十四，就睡吧～夢裡什麼都有,2025年8月29日 星期五 下午12:04,,"Photo by 家樂福 | Carrefour on August 28, 2025.",25,,,
hantseng_hanson,https://www.threads.com/@hantseng_hanson/post/DN40Sh4jyhD,七夕那天我不允許有人沒收到花 我放一把蔥花在這，沒收到的自己拿 一人一顆 不要多拿 ​ 1 / 2,2025年8月28日 星期四 下午1:57,,"Photo by Han on August 27, 2025.",83000,2267,6103,23000,https://www.threads.com/@carrefourtaiwan/post/DN5VcZkk0YD,留言有蔥花韭菜花，阿福再加點牛五花,2025年8月28日 星期四 下午6:46,,"Photo by 家樂福 | Carrefour on August 28, 2025.",552,7,,12
yuxmlz,https://www.threads.com/@yuxmlz/post/DNvgFvrZise,？ 1 / 2,2025年8月24日 星期日 下午11:07,,"Photo by ⠀ ⠀ on August 24, 2025.",42000,59,1770,3900,https://www.threads.com/@carrefourtaiwan/post/DNxV1hAZljW,別慌蟑……,2025年8月25日 星期一 下午4:16,,"Photo by 家樂福 | Carrefour on August 25, 2025.",404,,1,10
birdhermione_life,https://www.threads.com/@birdhermione_life/post/DNubS0pwpRv,"最近突然被關注到的陶喆蛋糕。朋友剛好經過還幫我買了兩個😃
她在店裡買的時候，突然有人跑來掃貨，一口氣買了好多。然後老闆說今天有4組網紅來拍。年輕人還知道陶喆嗎？想知道陶喆怎麼看🤣 1 / 2",2025年8月24日 星期日 下午1:06,,"Photo by 小鳥胃妙麗的美好生活｜新竹美食·全台美食·旅遊·生活風格 on August 23, 2025. | Photo by 小鳥胃妙麗的美好生活｜新竹美食·全台美食·旅遊·生活風格 on August 23, 2025. | Photo by 小鳥胃妙麗的美好生活｜新竹美食·全台美食·旅遊·生活風格 on August 23, 2025. | Photo by 小鳥胃妙麗的美好生活｜新竹美食·全台美食·旅遊·生活風格 on August 23, 2025.",4457,92,122,1298,https://www.threads.com/@carrefourtaiwan/post/DNxVjelZjNn,,2025年8月25日 星期一 下午4:13,,"Photo by 家樂福 | Carrefour on August 25, 2025.",66,,2,3
_esn7o,https://www.threads.com/@_esn7o/post/DNr2j2KYkrj,兒子自己找的打工，爸爸雖然表面淡定，但內心早已熱淚盈眶，畢竟小時候連掃地都嫌累，但來到現場後發現他上班上得很認真我也就放心了。 1 / 2,2025年8月23日 星期六 下午1:07,,,88000,563,1013,3036,https://www.threads.com/@carrefourtaiwan/post/DNsfc8t5j9V,是阿福的同事😍就是朋友也是家人😆,2025年8月23日 星期六 下午7:04,,,5630,5,,7
netflixtw,https://www.threads.com/@netflixtw/post/DNpezL8B2Pd,"鬼滅之刃
同事問我覺得自己在鬼滅會是什麼柱？ ：辦公室待不柱",2025年8月22日 星期五 下午3:00,,,15000,433,431,2574,https://www.threads.com/@carrefourtaiwan/post/DNse1NSZprx,福柱,2025年8月23日 星期六 下午6:58,,,43,2,,
tyler890525,https://www.threads.com/@tyler890525/post/DNqK8jAx_Lr,"鬼滅の刃
「當你掉進無限城你的職業能幫你做什麼」 1 / 2",2025年8月22日 星期五 下午9:26,,"Photo by 劉聖道 on August 22, 2025.",25000,2316,393,1704,https://www.threads.com/@carrefourtaiwan/post/DNseoa65hq7,跟著鎹鴉一起海巡,2025年8月23日 星期六 下午6:57,,,157,2,,2
eatfoodgod,https://www.threads.com/@eatfoodgod/post/DNo-ZuKJ4WF,"召喚小編
我也來召喚： 7-11、全家、家樂福、大潤發、美廉社、達美樂、頂呱呱、全家、康是美、國家地理頻道、萊爾富、大全聯、小人國、六福村、劍湖山遊樂世界、義大遊樂世界、廣三、河堤集團、花好月圓、國軍人才招募中心、八曜和茶、農會、Whoscall、AORUS、宜蘭氏、台灣大哥大、九族文化村、中華電信、遠傳電信、迪卡儂、Discovery、緯來體育、摩斯漢堡、麥當勞、漢堡王、1111 人力銀行、Line、即時通、舒跑、南山人壽、蝦皮、Google、麗寶樂園、石二鍋、屈臣氏、三媽臭臭鍋、捷安特、美利達…… 誰先留言我追蹤誰😎",2025年8月22日 星期五 上午10:17,,,509,166,3,8,https://www.threads.com/@carrefourtaiwan/post/DNpgOSwT8Jf,留言,2025年8月22日 星期五 下午3:13,,,34,2,,1
albert_03_26,https://www.threads.com/@albert_03_26/post/DNnapkjSGOV,"不懂就問脆
詞語填空 就看大家怎麼發揮了",2025年8月21日 星期四 下午7:46,,"Photo by 我是積德不是基佬 on August 21, 2025.",5524,906,55,379,https://www.threads.com/@carrefourtaiwan/post/DNn3QHXz9l_,大uni 大open,2025年8月21日 星期四 下午11:56,,,921,4,,2
topac_english,https://www.threads.com/@topac_english/post/DNkjeo_hxMN,你能答對嗎？ 1 / 2,2025年8月20日 星期三 下午5:05,,"Photo by Top Academy｜學測英文單字｜學習歷程模板 on August 20, 2025.",3627,159,37,146,https://www.threads.com/@carrefourtaiwan/post/DNnCU9mz3Y9,是最近一直在Hoo喚阿福的K！,2025年8月21日 星期四 下午4:13,,"Photo by 家樂福 | Carrefour on August 21, 2025.",84,1,,2
aa830216,https://www.threads.com/@aa830216/post/DNlXEFCz6Qq,"⠀⠀ ⠀ ⠀ 今天有一個23歲的小妹妹搭訕我 跟我要IG 我跟她說我已經31歲了 然後她說： 這樣喔那我可以要你的email嗎？
我：欸幹？
⠀ ⠀ 1 / 2",2025年8月21日 星期四 上午12:36,,,70000,461,1442,5995,https://www.threads.com/@carrefourtaiwan/post/DNnBvCaT3EB,福也心疼你,2025年8月21日 星期四 下午4:08,,"Photo by 家樂福 | Carrefour on August 21, 2025.",188,,1,17
huuuuu_7430,https://www.threads.com/@huuuuu_7430/post/DNiZkQfJnfC,⠀ ⠀⠀ ⠀⠀ 只要心態好 公司就是峇里島 ⠀ ⠀ ⠀ 1 / 2,2025年8月19日 星期二 下午9:00,,,110000,3844,13000,93000,https://www.threads.com/@carrefourtaiwan/post/DNmjs6jzFw6,平安就是福 中元家樂福,2025年8月21日 星期四 上午11:45,,,14000,47,32,214
albert_03_26,https://www.threads.com/@albert_03_26/post/DNiIRjeyqJs,"fyp
拌派跟不拌派終於迎來了和平的一天 1 / 2",2025年8月19日 星期二 下午6:29,,"Photo by 我是積德不是基佬 on August 19, 2025.",10000,401,315,1185,https://www.threads.com/@carrefourtaiwan/post/DNkRZt5zIEa,領土太小難免擦槍走火， 想要長久和平，建議換大一點的土地~,2025年8月20日 星期三 下午2:27,,"Photo by 家樂福 | Carrefour on August 19, 2025.",114,,,
ada55432,https://www.threads.com/@ada55432/post/DNiUYgdy6na,"海巡
一張圖介紹你的店 不許放🔗 1 / 2",2025年8月19日 星期二 下午8:15,,,746,1704,12,56,https://www.threads.com/@carrefourtaiwan/post/DNkAt-YzwsN,阿福OOTD,2025年8月20日 星期三 下午12:01,,"Photo by 家樂福 | Carrefour on August 19, 2025.",129,5,,
happy_faces1769,https://www.threads.com/@happy_faces1769/post/DNf_yXkp-ic,"fyp
不是中文但臺灣人都看得懂的字 - - - - - e04 1 / 2",2025年8月18日 星期一 下午10:36,,,40000,371,778,488,https://www.threads.com/@carrefourtaiwan/post/DNiHDtgTo7K,cl3,2025年8月19日 星期二 下午6:18,,,176,2,1,1
raymond19980307,https://www.threads.com/@raymond19980307/post/DNUOi-8ycn7,"台鐵
基隆人都從沒這麼近距離過看過老鷹⋯⋯ 1 / 2",2025年8月14日 星期四 上午8:55,,,97000,1600,3804,20000,https://www.threads.com/@carrefourtaiwan/post/DNVAPX1zAom,,2025年8月14日 星期四 下午4:08,,"Photo by 家樂福 | Carrefour on August 14, 2025.",1811,20,61,163
freesamael,https://www.threads.com/@freesamael/post/DNSrWIvTJzR,雨傘忘在家樂福兩天，剛才去拿回來，防盜貼紙效果顯著，就算颱風天也沒有人想拿走的樣子,2025年8月13日 星期三 下午6:27,,"Photo by 王哲輝 on August 13, 2025.",43000,457,1577,11000,https://www.threads.com/@carrefourtaiwan/post/DNUa18EzRZy,標籤機來了！阿福期待大家的創意🌂,2025年8月14日 星期四 上午10:42,,"Photo by 家樂福 | Carrefour on August 13, 2025.",720,10,,9
grilled.pears888,https://www.threads.com/@grilled.pears888/post/DNSKW0qxTaL,不說名字 可以召喚到小編嗎？😂,2025年8月13日 星期三 下午1:39,,,134,49,,1,https://www.threads.com/@carrefourtaiwan/post/DNUadHtT_Fo,那個⋯錯棚⋯⋯阿福先走了🥲,2025年8月14日 星期四 上午10:38,,,78,4,,
rou__0620_,https://www.threads.com/@rou__0620_/post/DNTSrEAvlKa,"八點檔
爆炸那瞬間我真的是笑出來⋯⋯ 1 / 2",2025年8月14日 星期四 上午12:11,,,150000,2576,10000,78000,https://www.threads.com/@carrefourtaiwan/post/DNUZkLvzJA1,需要幫忙嗎？🧑🏼‍🚒,2025年8月14日 星期四 上午10:31,,"Photo by 家樂福 | Carrefour on August 13, 2025.",696,6,2,6
hola.taiwan,https://www.threads.com/@hola.taiwan/post/DNSjDUgSnO7,今天好像流行取小名 我們叫厚厝編，望周知，謝謝❤️,2025年8月13日 星期三 下午5:15,,,796,184,2,14,https://www.threads.com/@carrefourtaiwan/post/DNUZLbHzcO0,我是阿福🤝你好我好大家好～,2025年8月14日 星期四 上午10:27,,,12,1,,
jun.___712,https://www.threads.com/@jun.___712/post/DNQ8nMTy97l,"地瓜球
誰懂地瓜球同款床單",2025年8月13日 星期三 上午2:20,,"Photo by 王鈞 on August 12, 2025.",16000,58,436,2275,https://www.threads.com/@carrefourtaiwan/post/DNSWNWbzP4e,阿福也有同款,2025年8月13日 星期三 下午3:23,,"Photo by 家樂福 | Carrefour on August 13, 2025.",134,1,,5
protosssss2002,https://www.threads.com/@protosssss2002/post/DNL4Uu2z5rm,"一看就知道是台灣人取的日本名字
我先來 。 。 。 高希音娜",2025年8月11日 星期一 上午3:06,,,33000,863,1073,3702,https://www.threads.com/@carrefourtaiwan/post/DNQNaEZzEm6,家樂福醬,2025年8月12日 星期二 下午7:27,,,102,2,1,1
taiwan.eew,https://www.threads.com/@taiwan.eew/post/DNPyj0uSARZ,"小編互助會
小編請注意： 氣象署已發佈海上陸上颱風警報！
請小編們暫停海巡活動，停妥海巡艦，做防颱準備！收到請回覆～",2025年8月12日 星期二 下午3:33,,,7477,340,77,109,https://www.threads.com/@carrefourtaiwan/post/DNQNBsgz1dx,記得先來家準備好，再回家！,2025年8月12日 星期二 下午7:24,,,136,1,,
71g,https://www.threads.com/@71g/post/DNLYnzIPOl9,看到戒指插在肥皂裡的時候笑出來🤣,2025年8月10日 星期日 下午10:31,,,26000,536,1027,9312,https://www.threads.com/@carrefourtaiwan/post/DNNqs-ATxt1,同款求婚神器,2025年8月11日 星期一 下午7:46,,"Photo by 家樂福 | Carrefour on August 11, 2025.",1575,15,9,60
cyuaon,https://www.threads.com/@cyuaon/post/DNKSXqCxmTz,蓋一個邪教樓 把你知道的邪教行為發上來,2025年8月10日 星期日 下午12:15,,,2808,987,83,142,https://www.threads.com/@carrefourtaiwan/post/DNNO91SzdkE,路過家樂福沒進來,2025年8月11日 星期一 下午3:43,,,51,,,1
joselect.studio,https://www.threads.com/@joselect.studio/post/DNGcJedTwyT,"海巡王
睡前來跟風做個實驗召喚threads 各家小編 看看誰是最速海巡王🤩🚢
敲碗全家、7-11、萊爾富、大全聯、蚵仔煎洋芋片、全家福、達美樂、劍湖山、九族文化村……
還有創業斜槓的小編們也都來打個招呼吧👋🏻 來看看能認識多少新朋友～ 1 / 2",2025年8月9日 星期六 上午12:24,,,65,116,,,https://www.threads.com/@carrefourtaiwan/post/DNHVwDGzx8P,我們也有賣鞋👟,2025年8月9日 星期六 上午8:47,,,12,1,,
mole_memories,https://www.threads.com/@mole_memories/post/DNHLQkFTPh_,早安☀️ 來做個晨間實驗～召喚各品牌小編集合！ 看看這時間，還有誰有體力在海巡👀 1 / 2,2025年8月9日 星期六 上午7:15,,,37,87,,,https://www.threads.com/@carrefourtaiwan/post/DNHVfdwTuGJ,早餐喝INLOVE Café☕️配Nakery🥖,2025年8月9日 星期六 上午8:45,,,9,3,,
wang_fu_kai,https://www.threads.com/@wang_fu_kai/post/DNHJ9sDzV4X,"吉祥物
這麼多優秀品牌在海巡 就是沒見著各家的吉祥物 想問問有活潑的小編在嗎？ 一起來集合！",2025年8月9日 星期六 上午7:04,,,91,281,1,1,https://www.threads.com/@carrefourtaiwan/post/DNHVFhWzKR1,早安☀️阿福來集合,2025年8月9日 星期六 上午8:41,,,4,1,,
hanbaby._.1031,https://www.threads.com/@hanbaby._.1031/post/DNGmgAZhL2R,來跟風我也要做實驗、、 召集全台小編！！！！！！！ 速度最快&評論最多讚的以後我會常常買你們家的東西～ 1 / 2,2025年8月9日 星期六 上午1:54,,,39,66,2,,https://www.threads.com/@carrefourtaiwan/post/DNHU164TZae,早安！週末滿額9折呦😉,2025年8月9日 星期六 上午8:39,,,4,1,,
housing_dasung,https://www.threads.com/@housing_dasung/post/DNGNm2JzEkt,"聽說今天是父親節🤔 我家老爹走得早了，基本沒在過 ㊗️脆上所有父親，🎉父親節大快樂🎉
我想被各大品牌小編們海巡到～ 誰才是脆上海巡王",2025年8月8日 星期五 下午10:17,,,87,105,,,https://www.threads.com/@carrefourtaiwan/post/DNGXTN7ziRQ,每天都要快樂喔😉,2025年8月8日 星期五 下午11:41,,,5,1,,
dazzleslim_tw,https://www.threads.com/@dazzleslim_tw/post/DNFyFT4T3hB,小編也來做一個實驗 同時召喚全家、711、萊爾富、OK小編、八曜和茶、摩斯漢堡 看看誰是最頂的海巡王🫅🏻,2025年8月8日 星期五 下午6:16,,,97,138,,4,https://www.threads.com/@carrefourtaiwan/post/DNGXBhVzK8i,咦～沒人叫阿福？,2025年8月8日 星期五 下午11:39,,,20,2,,
chihsunli,https://www.threads.com/@chihsunli/post/DNF3LumB18W,"家樂福
覺得家樂福這種推車真的很讚！",2025年8月8日 星期五 下午7:01,,"Photo by Elena Lee on August 08, 2025. | Photo by Elena Lee on August 08, 2025.",47,2,,1,https://www.threads.com/@carrefourtaiwan/post/DNGQUktzOna,阿福也覺得很讚😎好想坐喔～,2025年8月8日 星期五 下午10:40,,,10,,,
tobykohler89513,https://www.threads.com/@tobykohler89513/post/DNFuE4uSboG,"打開脆滿滿都是大家去看鬼滅的心得分享 超級羨慕 但男友今天加班 只能下禮拜再找時間看 所以我先來家樂福搜刮宵夜(芒果冰結讚) 等他下班複習無限列車 下禮拜再去看無限城
話說大家建議第一次看數位還是IMAX？",2025年8月8日 星期五 下午5:41,,"Photo by Toby Kohler on August 08, 2025. | Photo by Toby Kohler on August 08, 2025.",7,6,,7,https://www.threads.com/@carrefourtaiwan/post/DNGQKCHzvS7,週末滿額9折喔！記得再多來補貨🛒,2025年8月8日 星期五 下午10:39,,,4,,,
nia1029__,https://www.threads.com/@nia1029__/post/DNGBzkaSKGo,家樂福蠟筆小新加價購忍不住入手了😍 校車一拿回家馬上被開走哈哈 底下打開裡面還藏有涼毯❤️‍🔥 還有另外一款鱷魚阿山餅乾盒也很可愛⋯ 1 / 2,2025年8月8日 星期五 下午8:34,,"Photo by Nia on August 08, 2025. | Photo by Nia on August 08, 2025. | Photo by Nia on August 08, 2025.",43,9,,16,https://www.threads.com/@carrefourtaiwan/post/DNGQEgWzSj0,被萌到😍,2025年8月8日 星期五 下午10:38,,,5,,,
cmeow0217,https://www.threads.com/@cmeow0217/post/DNGCn--zjzW,我做一個實驗 —————— 同時召喚 全家、711、萊爾富、OK、 巨城、木棉花、故宮南院、蚵仔煎、家樂福、全聯 的小編 —————— 各位來看看誰才是海巡王 1 / 2,2025年8月8日 星期五 下午8:41,,,256,267,,13,https://www.threads.com/@carrefourtaiwan/post/DNGP1dsTm-2,大家今天講好一起做實驗🧑‍🔬？,2025年8月8日 星期五 下午10:36,,,16,1,,
qiuqiu_0910,https://www.threads.com/@qiuqiu_0910/post/DNGN9Z4yZMj,"我來實測看看
希望同時召喚 —————————— 7-11、全家、OK、萊爾富、全聯、大全聯、蚵仔煎洋芋片、小北百貨、家樂福、喜來登、達美樂、九族文化村、諾亞鉻、老賴茶棧 ——————————
看哪個小編搶先海巡到",2025年8月8日 星期五 下午10:20,,,40,67,,,https://www.threads.com/@carrefourtaiwan/post/DNGPsCxz4QM,來嚕～今晚真熱鬧！,2025年8月8日 星期五 下午10:35,,,5,1,,
morein_print,https://www.threads.com/@morein_print/post/DNF8vXaRpk2,我做一個實驗 —————— 同時召喚 全家、7-11、萊爾富、OK、頂呱呱、蚵仔煎、85度C、星巴克、Cama、路易莎、LV、Prada、Vivinne westdoor、Chanel、Porsche、惠宇建設、農會 各種不同領域的小編 （沒打上的是我不夠key） —————— 各位來看看誰才是海巡王,2025年8月8日 星期五 下午7:49,,,105,274,1,9,https://www.threads.com/@carrefourtaiwan/post/DNGPb7iT0vT,請問是這邊報名嗎？,2025年8月8日 星期五 下午10:33,,,18,2,,
popochacha.foods,https://www.threads.com/@popochacha.foods/post/DNF9xqgyp-G,我做個實驗 同時召喚 大全聯 711 萊爾富 家樂福 福利熊 小編 看能不能成功🥹🥹🥹,2025年8月8日 星期五 下午7:58,,,128,67,,4,https://www.threads.com/@carrefourtaiwan/post/DNGPV4iThtE,成功了嗎？,2025年8月8日 星期五 下午10:32,,,14,1,,
mings0611,https://www.threads.com/@mings0611/post/DNFG-UKpeIr,大家午安！ 看流量就知道 小明被限流了。 現在是流量測試~ 有看到的回應一下哦…,2025年8月8日 星期五 上午11:59,,,80,77,2,,https://www.threads.com/@carrefourtaiwan/post/DNGORKXzIkF,家樂福！,2025年8月8日 星期五 下午10:22,,,2,1,,
inno_hsc,https://www.threads.com/@inno_hsc/post/DNGDU9EJq3Z,誰是海巡王？ 呼叫各大品牌小編們 看看有多少編編能看到我 ໒꒰ྀི ´͈ ᵕ `͈ ꒱ྀི১ 路過記得留言讓諾編知道🫰🏻 1 / 2,2025年8月8日 星期五 下午8:47,,,157,360,1,,https://www.threads.com/@carrefourtaiwan/post/DNGOIGJTtIt,希望沒錯過點名！,2025年8月8日 星期五 下午10:21,,,2,1,,
on.the.mood_quotes,https://www.threads.com/@on.the.mood_quotes/post/DNF3nF8yq5_,星期五晚上，還會有其他海巡隊隊員在嗎🌊,2025年8月8日 星期五 下午7:04,,,37,103,,,https://www.threads.com/@carrefourtaiwan/post/DNGOELrz4-1,快要暈船了🫨,2025年8月8日 星期五 下午10:21,,,3,1,,
agoaniki,https://www.threads.com/@agoaniki/post/DNFaZ2ZB5xn,"海巡
聽說很多品牌的小編 都隸屬海巡單位 完全不需要@他們 就會來簽到 這是真的嗎🤔 1 / 2
PUKA",2025年8月8日 星期五 下午2:49,,,183,525,1,3,https://www.threads.com/@carrefourtaiwan/post/DNGOBVrTRE6,有這種事？,2025年8月8日 星期五 下午10:20,,,10,2,,
rabbitmama.service,https://www.threads.com/@rabbitmama.service/post/DNGHv6eBfKf,"誰是海巡王
🐰今天是付清節，聽說大家都在海巡？！ 那——誰是今天的海巡王？
📣 呼叫各大品牌小編們～ 現在這麼晚，看看有多少編編能看到我 🖐",2025年8月8日 星期五 下午9:25,,,110,158,1,1,https://www.threads.com/@carrefourtaiwan/post/DNGN-9WTYVG,嗨👋🏻,2025年8月8日 星期五 下午10:20,,,3,1,,
zhuogucha,https://www.threads.com/@zhuogucha/post/DNGExWMycBT,"召喚小編
今天應該是父親節沒錯吧？ 為何大家都在瘋狂召喚各家小編出來海巡
像是全家、7-11、萊爾富、大全聯、蚵仔煎洋芋片、Big City、九族文化村……🤔 - 我還以為是端午節在比划龍舟呢",2025年8月8日 星期五 下午8:59,,,82,128,,,https://www.threads.com/@carrefourtaiwan/post/DNGN8uuTz7S,那個⋯我來了😶‍🌫️,2025年8月8日 星期五 下午10:20,,,2,1,,
sweetjadejam,https://www.threads.com/@sweetjadejam/post/DNGGYNchYCd,"我也想要召喚看看
剛剛看到有網友在做實驗 要招喚7-11、OK、萊爾富跟全聯～ 看看哪個是海巡王～
我還想召喚誠品百貨、新光三越、大遠百、南紡百貨哈哈😆",2025年8月8日 星期五 下午9:14,,,35,39,,1,https://www.threads.com/@carrefourtaiwan/post/DNGNsZlzRpt,要不要再想一想🤔,2025年8月8日 星期五 下午10:17,,,7,2,,
bobaco.goods,https://www.threads.com/@bobaco.goods/post/DNGEgBAyr-C,"大船回港互動號🚢出發 要上船一起漂的，船編來載脆友們了～😌 請帶上「父親節快樂」 的票～上船驗票😌 底下留言 「父親節快樂」表示上船😌
—————— 同時召喚 全家、711、萊爾富、OK、頂呱呱、蚵仔煎、中友、康是美、家樂福、廣三、福容大飯店、九族文化村 …等的小編 ——————
各位來看看誰第一個上船
—————— 昨天秒上船的 @love_more_flower 恭喜他榮獲大船🚢寶座",2025年8月8日 星期五 下午8:57,,,64,134,,,https://www.threads.com/@carrefourtaiwan/post/DNGNZcUTGUj,登船🚢 翻譯,2025年8月8日 星期五 下午10:15,,,5,1,,
riverme__fragrance,https://www.threads.com/@riverme__fragrance/post/DNGHrfuSlWA,今天大家都在召喚海巡神獸 我也來～ 懇請各位海巡王賞臉翻個牌子吧,2025年8月8日 星期五 下午9:25,,,,186,,,https://www.threads.com/@carrefourtaiwan/post/DNGNWK_zMj-,翻！,2025年8月8日 星期五 下午10:14,,,6,2,,
fatnerdstock,https://www.threads.com/@fatnerdstock/post/DNEyYG_Myll,"有人是因為經營脆 增加業績的嗎？
有的+1 1 / 2",2025年8月8日 星期五 上午8:59,,,355,343,5,15,https://www.threads.com/@carrefourtaiwan/post/DNGNIA4zv14,增加海巡的業績量算嗎？,2025年8月8日 星期五 下午10:12,,,8,,,
zsmorning2016,https://www.threads.com/@zsmorning2016/post/DNGH-O8hLbv,"不懂就問脆
海巡是什麼？
去你家點贊的意思嗎？",2025年8月8日 星期五 下午9:27,,,113,157,,2,https://www.threads.com/@carrefourtaiwan/post/DNGNCPDzYM8,追蹤我的意思🥰,2025年8月8日 星期五 下午10:12,,,9,2,,
doctormeme_tw,https://www.threads.com/@doctormeme_tw/post/DNGApIKSiGi,"手搖飲
我也想來求海巡一下
台灣最好喝的手搖飲在哪裡！！！
目前我愛過的有：麻古、大苑子、叮哥、Mr.Wish
我實在沒想到前幾個跑來留言的是達美樂，所以我決定把它置頂🤷",2025年8月8日 星期五 下午8:23,,,943,170,3,29,https://www.threads.com/@carrefourtaiwan/post/DNGM5iKTyA8,我們的InLove Café除了咖啡也有茶飲呦～,2025年8月8日 星期五 下午10:10,,,44,1,,
small_euro2022,https://www.threads.com/@small_euro2022/post/DNGHfkwPTaD,"今天付清節，小編也來打招呼🙋
一起召喚 全家、711、萊爾富、OK、蚵仔煎、 家樂福、、福容大飯店、九族文化村、 故宮、、、雀巢、UberEats、 food panda、乾杯 五十嵐、八方雲集的小編
各位海巡王辛苦了！ 付清節邊吃大餐邊巡 一起來吃碳烤漢堡肉～啦⋯⋯",2025年8月8日 星期五 下午9:23,,,54,58,1,,https://www.threads.com/@carrefourtaiwan/post/DNGM1apzUh-,來啦～,2025年8月8日 星期五 下午10:10,,,3,1,,
ssf.edamame,https://www.threads.com/@ssf.edamame/post/DNGGeZ7Tovh,"小編海巡中
今晚的各家小編們：",2025年8月8日 星期五 下午9:14,,"Photo by 新市區農會 on August 08, 2025.",279,172,1,2,https://www.threads.com/@carrefourtaiwan/post/DNGMvb4zUOG,海巡雷達沒停過！,2025年8月8日 星期五 下午10:09,,,11,1,,
linnei_fa,https://www.threads.com/@linnei_fa/post/DNGF0D9pkRA,今天各路小編都在簽到 大家辛苦了🤣🤣 小編海巡之路真的non stop,2025年8月8日 星期五 下午9:09,,,98,135,,1,https://www.threads.com/@carrefourtaiwan/post/DNGMqgCTnZW,阿福不累不累,2025年8月8日 星期五 下午10:08,,,5,1,,
taitung_posang,https://www.threads.com/@taitung_posang/post/DNGBu2my3mT,"我來做一個實驗 同時召喚全家、711、萊爾富、OK小編 看看誰是海巡王
我就去誰家買咖啡💕",2025年8月8日 星期五 下午8:33,,,31,35,,,https://www.threads.com/@carrefourtaiwan/post/DNGMd2HzGEX,推薦你InLove Café☕️,2025年8月8日 星期五 下午10:07,,,1,,,
bird_tw_official,https://www.threads.com/@bird_tw_official/post/DNF7ipASOVh,我做個實驗 同時召喚 大全聯 711 萊爾富 家樂福 小編 看能不能成功😁,2025年8月8日 星期五 下午7:39,,,20,32,,,https://www.threads.com/@carrefourtaiwan/post/DNGMK5uTM6o,我也好好奇👀,2025年8月8日 星期五 下午10:04,,,3,1,,
fullonhotelkaohsiung,https://www.threads.com/@fullonhotelkaohsiung/post/DNFnJPchtyd,"流量密碼
那個⋯就是說～ 大家心目中的海巡王是誰？ 把他給我叫過來啊！！！
我先說⋯ 那個在我附近的的 @cosmedtw 小美！我就在這兒Cue你了！
（（捲袖）） 1 / 2",2025年8月8日 星期五 下午4:41,,,138,189,1,1,https://www.threads.com/@carrefourtaiwan/post/DNGMIK6z2Tc,名字都有福！要來吧～,2025年8月8日 星期五 下午10:04,,,1,1,,
erinnnliao,https://www.threads.com/@erinnnliao/post/DNF_OCeyZ7j,真的會有小編在海巡ㄇ,2025年8月8日 星期五 下午8:11,,,201,234,,6,https://www.threads.com/@carrefourtaiwan/post/DNGL5tXz4jR,假的不能真！真的不能假！！,2025年8月8日 星期五 下午10:02,,,11,,,
kevin_wang0118,https://www.threads.com/@kevin_wang0118/post/DNF6Y60SltV,"蚵仔煎洋芋片
我也要召喚小編～ 7-11、全家、萊爾富、OK、大全聯、家樂福、蚵仔煎洋芋片……全部都來",2025年8月8日 星期五 下午7:29,,,23,22,,110,https://www.threads.com/@carrefourtaiwan/post/DNGL1sjzkb8,我以為今天是父親節還有國際貓咪日！結果是召喚日😂,2025年8月8日 星期五 下午10:01,,,4,1,,
yuebanbanyue,https://www.threads.com/@yuebanbanyue/post/DNFpEs0Shyx,看到好多小編海巡，覺得好有趣喔 各小編這麼努力有沒有加薪啊,2025年8月8日 星期五 下午4:57,,,89,113,,1,https://www.threads.com/@carrefourtaiwan/post/DNGLW9STX0v,要靠大家幫阿福問一問了🤩,2025年8月8日 星期五 下午9:57,,,7,,,
xuefu_0129,https://www.threads.com/@xuefu_0129/post/DNF6t-Uyq0t,"來做個實驗
同時召喚 ——————————————— 7-11、全家、OK、萊爾富、全聯、大全聯、蚵仔煎洋芋片、小北百貨 ——————————————–
看哪個小編第一個海巡到 1 / 2",2025年8月8日 星期五 下午7:32,,,119,81,1,5,https://www.threads.com/@carrefourtaiwan/post/DNGGfs5z5H8,簽！召喚成功🥳,2025年8月8日 星期五 下午9:15,,,15,,1,
chijanjewelry,https://www.threads.com/@chijanjewelry/post/DNFcKgcy2lG,"蚵仔煎洋芋片
我這邊是不是有結界啊啊啊 都飄不出去🤔 想做一個實驗 同時召喚蚵仔煎洋芋片、大全聯、全家、711、萊爾富、OK小編……. 看看誰是海巡王 1 / 2",2025年8月8日 星期五 下午3:05,,,105,147,2,1,https://www.threads.com/@carrefourtaiwan/post/DNGCh2QT3dt,漂到我這裡！但⋯沒有阿福QQ,2025年8月8日 星期五 下午8:40,,,13,3,,
dominospizza_tw,https://www.threads.com/@dominospizza_tw/post/DNFz6k8xxit,"父親節
今天父親節，小編也來做一個實驗😙 —————— 同時召喚 全家、711、萊爾富、OK、蚵仔煎、家樂福、廣三、福容大飯店、九族文化村、故宮、喜來登、請客樓、雀巢、UberEats、food panda、乾杯 五十嵐、八方雲集的小編 —————— 各位海巡王辛苦了！付清節邊吃大餐邊巡～ 一起來吃披薩🍕 1 / 2",2025年8月8日 星期五 下午6:32,,,3929,606,55,345,https://www.threads.com/@carrefourtaiwan/post/DNF_4e0z8Il,阿福醬～嗨～～這個週末滿額就9折喔🛒,2025年8月8日 星期五 下午8:17,,,504,1,,2
89_05_15__,https://www.threads.com/@89_05_15__/post/DNDUhMvzFiy,"月老麻煩你下次為我牽紅線的時候 可以幫我換成電線嗎？
就是那種即來電又不容易斷的那種",2025年8月7日 星期四 下午7:19,,,5508,102,373,425,https://www.threads.com/@carrefourtaiwan/post/DNFGTLgTdoQ,這條可以嗎？ 不易斷，即插即來電,2025年8月8日 星期五 上午11:54,,"Photo by 家樂福 | Carrefour on August 07, 2025.",30,,,
luxinying034,https://www.threads.com/@luxinying034/post/DNEv0hxzx2j,我來做一個實驗 同時召喚全家、711、萊爾富、OK小編 看看誰是海巡王,2025年8月8日 星期五 上午8:37,,,100000,3601,7489,30000,https://www.threads.com/@carrefourtaiwan/post/DNFF2Xmz07F,你沒有cue阿福！但我還是巡到了,2025年8月8日 星期五 上午11:50,,,41000,18,17,43
qkrgktkxks,https://www.threads.com/@qkrgktkxks/post/DNAfUu1zhoa,진우(엿던것) 翻譯,2025年8月6日 星期三 下午4:56,,"Photo by 이 상현 (박하) on August 06, 2025. | Photo by 이 상현 (박하) on August 06, 2025.",63000,2547,2269,15000,https://www.threads.com/@carrefourtaiwan/post/DNCudKBT1mA,留言為了給有追蹤阿福的朋友們看！My little soda pop🥤🫧,2025年8月7日 星期四 下午1:47,,"Photo by 家樂福 | Carrefour on August 06, 2025.",127,2,1,4
imwinterrrrrr,https://www.threads.com/@imwinterrrrrr/post/DNA3KsTglBM,🐶金旼炡的檸檬🍋 #aespawinter #aespa,2025年8月6日 星期三 下午8:24,,,7100,21,441,628,https://www.threads.com/@carrefourtaiwan/post/DNCdYs2zD3_,(隔空給🙌),2025年8月7日 星期四 上午11:18,,"Photo by 家樂福 | Carrefour on August 06, 2025.",20,1,,
how_howl,https://www.threads.com/@how_howl/post/DM_HC07zb1c,"星巴克
Dream Plaza 的 星巴克
以為是什麼 聲林之王的 後台休息區🤣",2025年8月6日 星期三 上午4:05,,"Photo by Howl / 澔 / ひろし on August 05, 2025.",23000,272,1101,8105,https://www.threads.com/@carrefourtaiwan/post/DNCW1E5zVz8,阿福來遞麥🎤,2025年8月7日 星期四 上午10:20,,"Photo by 家樂福 | Carrefour on August 06, 2025.",10,2,,
angel870215,https://www.threads.com/@angel870215/post/DM-UwhxTtx6,有一個比自己小七歲的男友是什麼體驗 姨姨告訴你 很快樂^ ^,2025年8月5日 星期二 下午8:46,,,32000,486,393,3784,https://www.threads.com/@carrefourtaiwan/post/DNCWTCqTN6A,🪡🧵🪵沒辦法擁有小七歲鮮肉另一半沒關係！來找阿福吃七碗🍚,2025年8月7日 星期四 上午10:16,,"Photo by 家樂福 | Carrefour on August 06, 2025.",6,,,1
leo_tzeng,https://www.threads.com/@leo_tzeng/post/DNAbkEmybUU,誇張地板上掉3顆芋頭球也不撿起來 還要我提醒😠,2025年8月6日 星期三 下午4:23,,,160000,1961,8903,90000,https://www.threads.com/@carrefourtaiwan/post/DNAz8jZz6ea,突然想吃,2025年8月6日 星期三 下午7:56,,"Photo by 家樂福 | Carrefour on August 06, 2025.",74,,,2
hueiwen_91,https://www.threads.com/@hueiwen_91/post/DM7-EycvSQg,"張棋惠
沒看過這麼精彩的音樂會 唱到一半大蟑螂飛出來 電蚊拍掃把雨傘抱枕都拿起來了 張棋惠我真的好愛你！！ 被綜藝之神眷顧的女人 @windienikki 1 / 2",2025年8月4日 星期一 下午10:49,,,46000,1119,3070,44000,https://www.threads.com/@carrefourtaiwan/post/DNAWru9zef-,怎麼可能,2025年8月6日 星期三 下午3:41,,"Photo by 家樂福 | Carrefour on August 06, 2025.",36,,,2
hy_talktoomuch,https://www.threads.com/@hy_talktoomuch/post/DNAT4d0RE2m,蚵仔煎洋芋片,2025年8月6日 星期三 下午3:16,,"Photo by 嘴碎的小編 on August 06, 2025.",3875,246,56,55,https://www.threads.com/@carrefourtaiwan/post/DNAWhe4Tjfn,原來封神之路的盡頭是封號😭,2025年8月6日 星期三 下午3:39,,,429,4,4,9
hy_o_binn,https://www.threads.com/@hy_o_binn/post/DM-RjqTP0fN,"대전
보디빌더가 아닌 내 본업👮‍♀️💪 翻譯
대전",2025年8月5日 星期二 下午8:17,,"Photo by @hy_o_binn on August 05, 2025.",30000,1558,558,3846,https://www.threads.com/@carrefourtaiwan/post/DM-fmY9z8-7,造福有追蹤阿福的福友們！一起來吃冰淇淋🍦榴槤口味的喔～口以嗎？,2025年8月5日 星期二 下午10:20,,"Photo by 家樂福 | Carrefour on August 05, 2025.",97,6,1,11
wukong1219k,https://www.threads.com/@wukong1219k/post/DM9lN-4zUsZ,"家樂福
自從上個月發現家樂褔的代煎牛排🥩服務，每週報到。 新鮮、好吃、便宜，推👍 澳洲牛排216+荷包蛋15=$231",2025年8月5日 星期二 下午1:50,,"Photo by 悟空 on August 04, 2025. | Photo by 悟空 on August 04, 2025. | Photo by 悟空 on August 04, 2025.",7972,219,167,2901,https://www.threads.com/@carrefourtaiwan/post/DM-OfIXzwLY,你好😺我吃一點🥢,2025年8月5日 星期二 下午7:50,,,1338,7,1,3
_water._real,https://www.threads.com/@_water._real/post/DM7Ma5-zbSO,跟我姐視訊她一直說我的沙發像黑糖饅頭⋯⋯,2025年8月4日 星期一 下午3:35,,"Photo by 曾氺 on August 04, 2025. | Photo by 曾氺 on August 04, 2025.",30000,185,940,1540,https://www.threads.com/@carrefourtaiwan/post/DM9_Gw3zGTo,還是你想吃鹹的？,2025年8月5日 星期二 下午5:36,,"Photo by 家樂福 | Carrefour on August 05, 2025.",33,1,,
tvbsdrama,https://www.threads.com/@tvbsdrama/post/DM7GrU6yv0P,"公司新來的行政妹妹
編：妳幾年次的？ 妹：94的，是民國哦~
編：...好小 妹：我們快差一輪欸
我為什麼要自取其辱🥲",2025年8月4日 星期一 下午2:44,,,2457,48,1,39,https://www.threads.com/@carrefourtaiwan/post/DM9bVCNz3GR,我先乾你隨意🍻,2025年8月5日 星期二 下午12:23,,"Photo by 家樂福 | Carrefour on August 04, 2025.",28,2,,
lai_.0906,https://www.threads.com/@lai_.0906/post/DM7pdHNJR4S,"周杰倫
周杰倫這文案是不是忘記他有千萬粉絲",2025年8月4日 星期一 下午7:48,,"Photo by 賴省宏 on August 04, 2025.",39000,280,618,1989,https://www.threads.com/@carrefourtaiwan/post/DM9bDX6zWEj,無能為力炸醬麵🤷🏻‍♂️,2025年8月5日 星期二 下午12:21,,"Photo by 家樂福 | Carrefour on August 04, 2025.",2686,2,3,53
mmg10.05,https://www.threads.com/@mmg10.05/post/DM3Jo8ESxIW,"小編
在脆上一直滑到各店的小編 每個都很搞笑又有梗 7-11、全家、萊爾富、大全聯、蚵仔煎洋芋片… 個人私心最愛巨城小編 請問大家最喜歡哪個小編呢",2025年8月3日 星期日 上午1:53,,,1889,500,36,109,https://www.threads.com/@carrefourtaiwan/post/DM9ZqEeTlfi,不好意思～點名漏了阿福！來補簽到🥹,2025年8月5日 星期二 下午12:09,,,65,,,
rayduenglish,https://www.threads.com/@rayduenglish/post/DM9L_aiSvn6,我太震驚了，我65歲 而且我手機的字體還調到最大,2025年8月5日 星期二 上午10:09,,"Photo by 阿滴 on August 04, 2025. | Photo by 阿滴 on August 04, 2025.",24000,350,336,1788,https://www.threads.com/@carrefourtaiwan/post/DM9ZeknzJ17,那個⋯推薦給你🧐,2025年8月5日 星期二 下午12:07,,"Photo by 家樂福 | Carrefour on August 04, 2025.",39,,,
hy_o_binn,https://www.threads.com/@hy_o_binn/post/DM4hqzvvN6u,"대전
덥지만 화이팅🔥 翻譯 1 / 2",2025年8月3日 星期日 下午2:43,,"Photo by @hy_o_binn on August 02, 2025.",100000,3030,2240,13000,https://www.threads.com/@carrefourtaiwan/post/DM9ZJLVTBvq,阿尼哈誰呦！一起來吃🥢,2025年8月5日 星期二 下午12:04,,"Photo by 家樂福 | Carrefour on August 04, 2025.",358,3,1,5
lw_9411,https://www.threads.com/@lw_9411/post/DM6pG6wh_Z5,會不會太扯 ⋯ 我真的笑到肚子痛,2025年8月4日 星期一 上午10:26,,"Photo by D on August 03, 2025. | Photo by D on August 03, 2025.",61000,1319,2604,14000,https://www.threads.com/@carrefourtaiwan/post/DM7RK29zqoU,提醒⚠️「在地美食🍄」還是不要輕易 您好～我吃一點！☠️推薦有機的🍄‍🟫,2025年8月4日 星期一 下午4:16,,"Photo by 家樂福 | Carrefour on August 04, 2025.",630,5,3,8
luna111404,https://www.threads.com/@luna111404/post/DM5KakJvyQO,"小編們
脆上各店的小編真的每個都好幽默有梗 個人很喜歡這些小編（數字不是排名單純整齊） 1.福利熊 2.大全聯 3.7-11 4.全家 5.藤柳杯 6.蚵仔煎洋芋片 7.傳說對決 （歡迎補充",2025年8月3日 星期日 下午8:39,,,1347,238,24,26,https://www.threads.com/@carrefourtaiwan/post/DM7QpUFzd4T,阿福來了！真的不考慮我嗎💔,2025年8月4日 星期一 下午4:12,,,156,4,,1
hypotato_chips,https://www.threads.com/@hypotato_chips/post/DM6r2bQvLXm,蚵仔煎洋芋片,2025年8月4日 星期一 上午10:50,@carrefourtaiwan,"Photo by 蚵仔煎洋芋片 on August 03, 2025.",248,2,,,https://www.threads.com/@carrefourtaiwan/post/DM7PWIuzQD5,"蚵仔煎洋芋片
蚵仔煎洋芋片（完整版）",2025年8月4日 星期一 下午4:00,,"Photo by 家樂福 | Carrefour on August 04, 2025.",48,,,
_brian._j,https://www.threads.com/@_brian._j/post/DMxrJW3vaE3,"我爸唬洨說我是台灣的idol 結果路人搶著來合照啊⋯
中國西藏自治區日喀則",2025年7月31日 星期四 下午10:56,,,53000,199,1402,4678,https://www.threads.com/@carrefourtaiwan/post/DM6pg3hTz6x,舒per idol 的笑容都沒你甜,2025年8月4日 星期一 上午10:30,,"Photo by 家樂福 | Carrefour on August 03, 2025.",25,,,
cheryl39131349,https://www.threads.com/@cheryl39131349/post/DMzr_z2zyyK,大家叫gpt幫自己生成靈獸了嗎？ 底下分享你的靈獸！ 1 / 2,2025年8月1日 星期五 下午5:37,,,3764,6072,195,2475,https://www.threads.com/@carrefourtaiwan/post/DM0xG2tzUY6,零售阿福🙋🏻‍♂️,2025年8月2日 星期六 上午3:41,,,28,,,1
simple_753,https://www.threads.com/@simple_753/post/DMx9LzB01Nu,"剛剛去了家樂福超市 結帳時 👨🏻‍💼「這邊總共是436元」 🙋🏻‍♀️「好！我看一下有沒有零錢」 「剛好有36塊😳」 👨🏻‍💼「真是太好了呢！」
謝謝店員的情緒價值 我覺得很開心🤣",2025年8月1日 星期五 上午1:28,,,5484,25,1,3,https://www.threads.com/@carrefourtaiwan/post/DMzmGaGzwMm,🎤到家樂福🎶一輩子都能很幸福❤️（一起唱～～～）,2025年8月1日 星期五 下午4:45,,,88,3,,
andau_560,https://www.threads.com/@andau_560/post/DMseGrUvxsX,"不要給我
當面一套、背後一套
有本事給我
台北一套、新北一套",2025年7月29日 星期二 下午10:21,,,56000,186,5312,4328,https://www.threads.com/@carrefourtaiwan/post/DMwqynBT_Uw,阿福都 多多綠茶一套 紅牛咖啡一套,2025年7月31日 星期四 下午1:28,,,29,,,
shibye825,https://www.threads.com/@shibye825/post/DMp63mZJvba,"柴犬
跟男友吃飯 對面桌那女的一直偷看 實在忍不住要拍下來 煩死 還一直笑",2025年7月28日 星期一 下午10:36,,,40000,190,1305,2251,https://www.threads.com/@carrefourtaiwan/post/DMrXf4JzH9p,🫳🫳 _ ＿ | ＼＿＿＿／ ∧ | ／ ＼/ﾐ| Ｖ _._ _._ ヽ| / Ｖ ｜ 彡| ▼ |ミ ｜ 人 ヽ⌒ノ 人 |＼＿ ￣ ＿／ ＼ | ヽ,2025年7月29日 星期二 下午12:04,,,157,2,3,
zhang.shanhao,https://www.threads.com/@zhang.shanhao/post/DMopnROTxzP,台灣人的口頭禪： ⠀⠀⠀⣤⡀⠀⠀⠀⠀⠀⠀⣾⣶ ⠀⠀⠀⢻⡟⠀⠀⠀⠀⠀⠀⣿⣧ ⠀⠀⠀⢸⡇⣀⣄⡀⠀⠀⣼⠏⠀⢿⣄ ⠘⣿⠋⢹⡇⢀⣿⠁⠀⣼⠋⠀⠀⠀⠙⣿⣤⡀ ⠀⠹⣦⢾⡗⠛⠃⣠⠿⠁⠉⠛⠋⠁⠀⠀⠛⠛⠛ ⠀⠀⠀⢸⣧⠼⣿⡄⢤⣤⣤⣤⣴⣶⣿⣦ ⢶⣾⠛⠉⠀⠀⠀⠀⠀⣿⠀⠀⠀⠀⣿⠋ ⠀⠀⠀⠀⠀⠀⠀⠀⠀⢻⠖⠛⠛⠛⠛,2025年7月28日 星期一 上午10:44,,,18000,179,1133,722,https://www.threads.com/@carrefourtaiwan/post/DMpb1sfze5o,劇透,2025年7月28日 星期一 下午6:03,,"Photo by 家樂福 | Carrefour on July 28, 2025.",60,5,1,6
_westernfarm,https://www.threads.com/@_westernfarm/post/DMh-HMHpyy_,"如果你/妳也在乎母雞們的健康與自由 購買非籠飼雞蛋時可以選擇有 「友善雞蛋聯盟」跟 「動物福利標章」
@east_taiwan
不然一輩子生活在A4紙的空間 也太殘忍了吧😮‍💨
#非籠飼雞蛋 #動物福利標章",2025年7月25日 星期五 下午8:29,,,835,13,16,20,https://www.threads.com/@carrefourtaiwan/post/DMpKLd1TKec,滿滿非籠飼雞蛋攏底「家」~ 想買非籠飼🥚，認動物福利標章就對了😌,2025年7月28日 星期一 下午3:29,,,17,,,
pick.n.daily,https://www.threads.com/@pick.n.daily/post/DMj6OQYSabk,：我媽又問我買了什麼沒用的東西 ：我買了一隻母雞⋯⋯ 1 / 2,2025年7月26日 星期六 下午2:33,,"Photo by @pick.n.daily on July 25, 2025.",3434,60,27,471,https://www.threads.com/@carrefourtaiwan/post/DMmkh-5Tr1A,😍有快樂的母雞才有好吃的蛋,2025年7月27日 星期日 下午3:21,,"Photo by 家樂福 | Carrefour on July 27, 2025.",25,,,
_carinaxyu,https://www.threads.com/@_carinaxyu/post/DMk0p2UzboP,台灣玩諧音梗真的玩得很誇蟑,2025年7月26日 星期六 下午11:04,,"Photo by 𝐂𝐚𝐫𝐢𝐧𝐚 on July 26, 2025.",1152,21,94,770,https://www.threads.com/@carrefourtaiwan/post/DMmkKRtzxix,懷疑🪳怕的是諧音梗不是藥🤣,2025年7月27日 星期日 下午3:18,,"Photo by 家樂福 | Carrefour on July 27, 2025.",14,,,1
abby_0916_,https://www.threads.com/@abby_0916_/post/DMhkrfuRpqM,爸爸發票對中了2百 很LUCY 還用大寫快笑死 1 / 2,2025年7月25日 星期五 下午4:46,,"Photo by 聆 れい on July 25, 2025.",29000,154,1740,5049,https://www.threads.com/@carrefourtaiwan/post/DMmjhuTz-lh,特別的K給幸運的令尊！,2025年7月27日 星期日 下午3:13,,"Photo by 家樂福 | Carrefour on July 27, 2025.",30,1,,
1203_harry666,https://www.threads.com/@1203_harry666/post/DMg2Q8RTUnT,聽說台灣人很會吵架 但 這鍋總可以了吧！,2025年7月25日 星期五 上午10:01,,"Photo by 吳帥哥 on July 24, 2025.",7923,630,61,112,https://www.threads.com/@carrefourtaiwan/post/DMjRpwRzzO8,這鍋不吵，我吃一點😼,2025年7月26日 星期六 上午8:39,,"Photo by 家樂福 | Carrefour on July 25, 2025.",108,1,,1
ccc_04_07,https://www.threads.com/@ccc_04_07/post/DMe-M8PPm6r,"情侶
練了這麼久 終於可以秀了",2025年7月24日 星期四 下午4:32,,,27000,684,2014,5742,https://www.threads.com/@carrefourtaiwan/post/DMf0rx6TB9e,放個標示在這邊，單身狗勿入！,2025年7月25日 星期五 上午12:28,,"Photo by 家樂福 | Carrefour on July 24, 2025.",123,2,,1
iyanyc_,https://www.threads.com/@iyanyc_/post/DMcpeGqJ9ll,"丁輝人
我快笑死哈哈哈哈哈哈哈 丁輝人去逛超市意外遇見另類的台灣感性（？）😍 她說她找到下一張專輯的風格了 我要發瘋😻😻😻",2025年7月23日 星期三 下午6:54,,,14000,46,490,769,https://www.threads.com/@carrefourtaiwan/post/DMe6ZLHTsXA,見證了我們的穿搭魂！時尚的這條路上有你有我不孤單💕,2025年7月24日 星期四 下午3:58,,,118,1,,
teddybear43588,https://www.threads.com/@teddybear43588/post/DMcWY_nPEXN,"今天早上突然想到
2026年出生的小孩 可以活到3001年",2025年7月23日 星期三 下午4:05,,,32000,759,591,3844,https://www.threads.com/@carrefourtaiwan/post/DMc_YnnzDSQ,我們一起來破案！好嗎？,2025年7月23日 星期三 下午10:04,,"Photo by 家樂福 | Carrefour on July 23, 2025.",1065,2,2,28
east_taiwan,https://www.threads.com/@east_taiwan/post/DMXntGqIc5Y,"護蛋行動
一個約A4大小的格子籠 就是三到四隻母雞一輩子的生活空間🐔 就是台灣七成為人們辛苦產蛋的 #格子籠蛋雞的家
母雞終身被糞尿包圍、一身病痛， 身心抑鬱不健康👉預防性抗生素添加成為日常， 各種疾病用藥與撲殺蚊蠅蟲卵的環境用藥👉讓一顆顆藥殘壞蛋來到你我身旁
漠視動物福利，我們讓母雞體弱多病， 病毒在病雞身上歡喜聯姻 😈 最終迎來各種人畜共通疾病！
支持 #善待雞的非籠飼雞蛋 不是單純聖母心 無視 #格子籠飼養虐待雞 才是對自己和家人的健康狠心 ————— 📸拍下你的美手握好蛋，一起響應 #護蛋行動📸護蛋行動 ————— ⚠️如何檢查買的雞蛋是否為善待母雞的#非籠飼⚠️ 認明外盒的橘色#動物福利標章 比政府更嚴格的飼養稽核標準！ 只接受「放牧、平飼」兩種非籠飼牧場申請驗證
人與動物「健康一體」！ 當你購買動物福利標章驗證雞蛋，就是善待自己與母雞
🌱🌱謝謝你看到這裡🌱🌱 台灣動物社會研究會自2012年起，即持續遊說政策及企業，協助企業落實採用「非籠飼雞蛋」及動物福利政策，這場革命不簡單，請一起加入護蛋行動，讓母雞自由，讓我們更健康。
#非籠飼雞蛋 #護蛋行動 #善待雞才有好蛋 #籠蛋退散 1/2",2025年7月21日 星期一 下午8:00,,"Photo by 台灣動物社會研究會 on July 21, 2025.",144,15,20,15,https://www.threads.com/@carrefourtaiwan/post/DMZtxu8zecl,非籠飼雞蛋 阿福一生推🥰,2025年7月22日 星期二 下午3:32,,"Photo by 家樂福 | Carrefour on July 22, 2025.",28,1,,
kevinshuan,https://www.threads.com/@kevinshuan/post/DMWxH3lzOU_,愛吃的人叫愛吃鬼 討厭的人叫討厭鬼 那擋路的鬼叫什麼 . . . . . 就鬼,2025年7月21日 星期一 下午12:03,,,3912,30,404,1414,https://www.threads.com/@carrefourtaiwan/post/DMXgebyTC-1,生病翻身的人叫什麼 . . . . 病鬼,2025年7月21日 星期一 下午6:57,,,105,1,,14
holichillsee,https://www.threads.com/@holichillsee/post/DMMxEYeBgWl,I人喜歡的東西： 沒人的電梯 不聊天的髮型師 臨時取消的局 不講話的uber司機 有網路訂位的餐廳,2025年7月17日 星期四 下午2:51,,,40000,720,2018,2171,https://www.threads.com/@carrefourtaiwan/post/DMNTQ7MTqPo,家樂福的自助結帳機,2025年7月17日 星期四 下午7:49,,,1741,25,2,11
pshgsa,https://www.threads.com/@pshgsa/post/DMIMBMbTs7N,ㄨㄛˇㄍㄣˉㄋㄧˇㄇㄣ˙ㄕㄨㄛˉㄑㄧˊㄕˊㄇㄟˊㄕㄣˊㄇㄜ˙ㄕˋㄑㄧㄥˊㄉㄢˋㄕˋㄐㄧㄡˋㄕˋㄒㄧㄤˇㄕㄨㄛˉㄧˊㄒㄧㄚˋㄏㄠˇㄌㄚ˙ㄇㄟˊㄕˋㄓˇㄕˋㄒㄧㄤˇㄧㄠˋㄆㄧㄢˋㄋㄧˇㄉㄨˊㄒㄧㄚˋㄑㄩˋㄦˊㄧˇㄏㄠˇㄌㄜ˙ㄅㄨˊㄩㄥˋㄉㄨˊㄌㄜ˙ㄏㄡˋㄇㄧㄢˋㄇㄟˊㄧㄡˇㄕˋㄑㄧㄥˊㄌㄜ˙ㄋㄧˇㄧˇㄐㄧㄥˉㄉㄨˊㄉㄠˋㄧˊㄅㄢˋㄌㄜ˙ㄏㄠˇㄌㄚ˙ㄐㄧˋㄖㄢˊㄋㄧˇㄉㄡˉㄉㄨˊㄉㄠˋㄗㄨㄟˋㄏㄡˋㄌㄜ˙ㄨㄛˇㄐㄧㄡˋㄍㄣˉㄋㄧˇㄕㄨㄛˉㄅㄚ˙ㄨㄛˇㄒㄧˇㄏㄨㄢˉㄋㄧˇㄧㄠˋㄅㄨˊㄧㄠˋㄍㄣˉㄨㄛˇㄗㄞˋㄧˋㄑㄧˇ？,2025年7月15日 星期二 下午8:10,,,10000,593,959,3342,https://www.threads.com/@carrefourtaiwan/post/DMKQ7fOTS68,ㄧㄡˇㄖㄣˊㄒㄩˉㄧㄠˋㄓㄜˋㄍㄜ˙ㄇㄚˉ？？,2025年7月16日 星期三 下午3:31,,"Photo by 家樂福 | Carrefour on July 16, 2025.",882,7,3,12
de_8.17,https://www.threads.com/@de_8.17/post/DMEIGoLTkh1,"一百句「妳要嗎？我送妳」
都比不過
「送妳的 我猜妳會喜歡」",2025年7月14日 星期一 上午6:19,,,32000,186,4367,3018,https://www.threads.com/@carrefourtaiwan/post/DMH2Bb5zheu,送妳的 我猜妳會喜歡,2025年7月15日 星期二 下午4:58,,"Photo by 家樂福 | Carrefour on July 15, 2025.",80,5,,4
song_e_z,https://www.threads.com/@song_e_z/post/DMGKUA4yIdt,高中有一次真的打翻飯🍚 後來全班去隔壁狂要飯 最後本班成為丐幫乞丐,2025年7月15日 星期二 上午1:16,,"Photo by 宋以力 on July 14, 2025.",20000,199,525,2380,https://www.threads.com/@carrefourtaiwan/post/DMH17pRT1zH,同學 請自種~,2025年7月15日 星期二 下午4:57,,"Photo by 家樂福 | Carrefour on July 15, 2025.",607,1,,9
neuropathy32,https://www.threads.com/@neuropathy32/post/DMHLzT0yBFi,"⠀ ⠀ ⠀ ⠀ ⠀ ⠀ ⠀ ⠀ ⠀ ⠀ 8小時的班是如坐針氈 ⠀ ⠀ ⠀ ⠀ ⠀ ⠀ ⠀ ⠀ 8小時的麻將穩如泰山
⠀ ⠀ ⠀ ⠀ ⠀ ⠀",2025年7月15日 星期二 上午10:49,,,20000,113,1746,5141,https://www.threads.com/@carrefourtaiwan/post/DMHXe1_TYAD,8天的是調酒師,2025年7月15日 星期二 下午12:31,,"Photo by 家樂福 | Carrefour on July 14, 2025.",28,1,1,3
canarychun,https://www.threads.com/@canarychun/post/DMFESauyLz_,"地方創生
作為一個地方工作者，滑鼠帶成社區給的草仔粿也是一件很正常的事。 1 / 2",2025年7月14日 星期一 下午3:05,,"Photo by 吳君薇 on July 14, 2025.",54000,300,2503,8425,https://www.threads.com/@carrefourtaiwan/post/DMFTZxYTQx0,把耳機帶成 吃完後要剔牙的牙線 也是完全合理的,2025年7月14日 星期一 下午5:17,,"Photo by 家樂福 | Carrefour on July 14, 2025.",616,1,1,7
davbobrac,https://www.threads.com/@davbobrac/post/DMElv_syck6,快備貨～😆,2025年7月14日 星期一 上午10:38,@carrefourtaiwan,,4,1,,,https://www.threads.com/@carrefourtaiwan/post/DMErA2STc4r,🫡 抽獎也安排了> c.cfour.tw/nCCFX 一起買好買滿再抽滿滿💝,2025年7月14日 星期一 上午11:24,,,4,,,
joswi333321,https://www.threads.com/@joswi333321/post/DL5QTM0TFoN,,2025年7月10日 星期四 上午12:59,,"Photo by @joswi333321 on July 09, 2025.",120000,2224,9611,9884,https://www.threads.com/@carrefourtaiwan/post/DL9sP-yz_OQ,阿福看了🪡🧵🪵,2025年7月11日 星期五 下午6:20,,,2138,3,3,13
paaaaarker_,https://www.threads.com/@paaaaarker_/post/DL72X6yzYxb,要做臉嗎？ 1 / 2,2025年7月11日 星期五 上午1:10,,"Photo by 熊 on July 10, 2025.",13000,670,401,4655,https://www.threads.com/@carrefourtaiwan/post/DL9k6ZazJbE,來都來了(手提著🫳,2025年7月11日 星期五 下午5:16,,"Photo by 家樂福 | Carrefour on July 11, 2025.",195,3,2,4
turbo_hak,https://www.threads.com/@turbo_hak/post/DL9N3neyRH3,"BLACKPINK
跟韓國朋友一起聽BLACKPINK新歌 然後明明有桌子卻沒人要安裝",2025年7月11日 星期五 下午1:57,,,5656,17,57,126,https://www.threads.com/@carrefourtaiwan/post/DL9kzUYzRTX,還缺椅子嗎~,2025年7月11日 星期五 下午5:15,,"Photo by 家樂福 | Carrefour on July 11, 2025.",79,,,
7eleventw,https://www.threads.com/@7eleventw/post/DL6VGxyMlhD,"生日快樂
明天是我生日，生日我想先來許願： 🎂第一個願望，不會有人點熱的冰美式 🎂第二個願望，茶葉蛋都不會破 🎂第三個願望留給 7 愛的全家人，開放大家來許願！",2025年7月10日 星期四 上午11:00,,,9145,467,73,229,https://www.threads.com/@carrefourtaiwan/post/DL80lGkT_YB,第四個願望，還有711個願望可以許,2025年7月11日 星期五 上午10:13,,,158,1,,4
share.meme.everyday,https://www.threads.com/@share.meme.everyday/post/DLzyQHTN4Gx,阿嬤剛剛跑來跟我說，全家現在也有在賣烏魚子，而且還是哥倫比亞的 1 / 2,2025年7月7日 星期一 下午10:00,,"Photo by 每日迷因 on July 07, 2025.",8159,53,347,2292,https://www.threads.com/@carrefourtaiwan/post/DL2EW8JTIsb,來杯烏魚子汁？,2025年7月8日 星期二 下午7:17,,"Photo by 家樂福 | Carrefour on July 08, 2025.",44,1,,3
december_wan,https://www.threads.com/@december_wan/post/DL1TtpxBL0_,今日的荒謬事跡： 滿心期待的打開午餐 結果帶錯便當帶到老母正在泡澡的板豆腐,2025年7月8日 星期二 下午12:12,,"Photo by 獅子丸 on July 07, 2025.",40000,649,506,3020,https://www.threads.com/@carrefourtaiwan/post/DL17LL3zNJL,來顆泡澡球,2025年7月8日 星期二 下午5:56,,"Photo by 家樂福 | Carrefour on July 08, 2025.",130,2,,
actinium_zhong,https://www.threads.com/@actinium_zhong/post/DLzBSadhpqw,我也不知道幹嘛做這個 1 / 2,2025年7月7日 星期一 下午2:52,,"Photo by 柯忠穎 on July 06, 2025.",34000,190,2587,5012,https://www.threads.com/@carrefourtaiwan/post/DL1phYvzGEw,這迷因阿福也是略懂🤏,2025年7月8日 星期二 下午3:22,,"Photo by 家樂福 | Carrefour on July 08, 2025. | Photo by 家樂福 | Carrefour on July 08, 2025. | Photo by 家樂福 | Carrefour on July 08, 2025. | Photo by 家樂福 | Carrefour on July 08, 2025.",187,,2,5
_1120han_,https://www.threads.com/@_1120han_/post/DL1FLHbTnRX,"彰化
🪳：要淹水了快逃rrrrrrr🤮",2025年7月8日 星期二 上午10:05,,,11000,125,210,4712,https://www.threads.com/@carrefourtaiwan/post/DL1l7s-zv1W,別慌蟑 房子淹水了這裡還有,2025年7月8日 星期二 下午2:51,,"Photo by 家樂福 | Carrefour on July 07, 2025.",329,1,,20
ctbc_flyingoyster,https://www.threads.com/@ctbc_flyingoyster/post/DL1RPr6yLEp,"MSI2025
辛苦了，我們下個賽場見！",2025年7月8日 星期二 上午11:50,,,15000,546,871,170,https://www.threads.com/@carrefourtaiwan/post/DL1TqWkzeG9,來啦 給點牡蠣,2025年7月8日 星期二 下午12:11,,"Photo by 家樂福 | Carrefour on July 07, 2025.",178,1,1,2
nihao_0816,https://www.threads.com/@nihao_0816/post/DLlnvpByHP9,"7/5大地震
預言7/5號有大地震 所以我決定7/3開始上山！ 這次組團共10人，目前不再收人 1.醫生：有中醫西醫經驗，對醫學很了解，照顧團體健康 2.廚師：中餐西餐都會煮，就算是簡單的食材，也可以很美味 3.地質學者：對於地質地殼有很專業的研究，帶領大家避難 4.水電工：對於電器維修很在行 5.木匠：組裝製作手很巧 6.野外求生專家：對於野外求生生活很在行。 7.護衛（狙擊手）：從小就很會彈弓，打獵交給他 8.護衛（劍道）：劍道得過很多獎，保護團隊安全與打獵 9.救生員：很會游泳水性極佳 10.團長（瑜珈）：負責大方向的決策 不管大家信不信7/5 反正我已經組好團隊 有大量物資 管他7月還是12月 我相信團隊10人可以撐下去",2025年7月2日 星期三 上午9:59,,,63000,7215,4379,46000,https://www.threads.com/@carrefourtaiwan/post/DLsPWTSzxZH,"需要阿福嗎？阿福需要取暖！啊⋯怕太熱要降溫噴一夏 c.cfour.tw/M5aGP
online.carrefour.com.tw
Buy Biore瞬感急凍噴霧無香性 for TWD 199 | 家樂福線上購物",2025年7月4日 星期五 下午11:40,,Buy Biore瞬感急凍噴霧無香性 for TWD 199 | 家樂福線上購物,26,,,1
jj520654,https://www.threads.com/@jj520654/post/DLo4bP4p9Jc,做保險相由心生 逐漸變成客戶信任的樣子,2025年7月3日 星期四 下午4:22,,,7261,200,113,5206,https://www.threads.com/@carrefourtaiwan/post/DLrh7WcTAfD,信任感測量機,2025年7月4日 星期五 下午5:03,,"Photo by 家樂福 | Carrefour on July 04, 2025.",26,1,,
tz__4.27,https://www.threads.com/@tz__4.27/post/DLk9Tx6zCx_,但就算有私訊功能 也不會有人要跟我聊天🤡 1 / 2,2025年7月2日 星期三 上午3:48,,"Photo by 鹽烤馬鈴薯 on July 01, 2025.",2378,56,121,105,https://www.threads.com/@carrefourtaiwan/post/DLlvnrhzV0V,🔴←鼻子在這，大家自己帶上,2025年7月2日 星期三 上午11:08,,,132,3,2,9
yuanshuos,https://www.threads.com/@yuanshuos/post/DLh2LhxhdcD,"龍捲風
這是在轉帳中？ ： 1 / 2",2025年6月30日 星期一 下午10:49,,,43000,692,1604,6421,https://www.threads.com/@carrefourtaiwan/post/DLj-1BoTTM9,ATM在這裡👇,2025年7月1日 星期二 下午6:42,,"Photo by 家樂福 | Carrefour on July 01, 2025.",280,2,2,7
hhhuangyiii,https://www.threads.com/@hhhuangyiii/post/DLcnkHRzb8x,誰小時候會跟麵粉自拍？我😌,2025年6月28日 星期六 下午10:04,,"Photo by 荒姨 on June 28, 2025.",80000,1762,2608,11000,https://www.threads.com/@carrefourtaiwan/post/DLhP3APzNtG,新一代自拍神器,2025年6月30日 星期一 下午5:13,,"Photo by 家樂福 | Carrefour on June 30, 2025.",115,,,1
seanko61,https://www.threads.com/@seanko61/post/DLfByJePVWL,想要一場轟轟烈烈的肩頸按摩 1 / 2,2025年6月29日 星期日 下午8:32,,,16000,151,2631,1629,https://www.threads.com/@carrefourtaiwan/post/DLgl9lAz2dX,揉捏提拉，4手法肩頸按摩 真的狠狠按過👍🏻,2025年6月30日 星期一 上午11:07,,"Photo by 家樂福 | Carrefour on June 29, 2025.",38,1,1,1
dominos_uk,https://www.threads.com/@dominos_uk/post/DLXGsKfq28-,Stray Kids or pizza? 翻譯,2025年6月26日 星期四 下午6:41,,,40000,1781,509,271,https://www.threads.com/@carrefourtaiwan/post/DLZYnvaTT3v,pineapple😌,2025年6月27日 星期五 下午3:56,,"Photo by 家樂福 | Carrefour on June 27, 2025.",74,,2,
tsaifanfan,https://www.threads.com/@tsaifanfan/post/DLWkeXHxtnj,"芋泥蛋糕
我爸這穿衣品味不行欸🤣🤣🤣",2025年6月26日 星期四 下午1:42,,"Photo by 蔡 凡凡 on June 25, 2025. | Photo by 蔡 凡凡 on June 25, 2025.",28000,260,737,1635,https://www.threads.com/@carrefourtaiwan/post/DLXgjLWzXRP,爸爸一看就知道是老饕😌,2025年6月26日 星期四 下午10:26,,"Photo by 家樂福 | Carrefour on June 26, 2025.",77,,1,
y.m.joe,https://www.threads.com/@y.m.joe/post/DLWYdPeyRwj,"台幣匯率
最近的台幣走勢真的是咪咪貓貓",2025年6月26日 星期四 上午11:57,,"Photo by Mingchaio Yu on June 25, 2025.",27000,51,1428,3212,https://www.threads.com/@carrefourtaiwan/post/DLXKACPzYhs,只好把台幣拿來獻給貓貓ฅ^•ﻌ•^ฅ,2025年6月26日 星期四 下午7:09,,"Photo by 家樂福 | Carrefour on June 26, 2025.",91,,2,1
pei1210chu,https://www.threads.com/@pei1210chu/post/DLWEOkTSJMs,遇到蘇菲 但蘇菲超熟睡,2025年6月26日 星期四 上午9:00,,"Photo by 陳斾竹 Julia Chen on June 25, 2025. | Photo by 陳斾竹 Julia Chen on June 25, 2025.",130000,510,9743,27000,https://www.threads.com/@carrefourtaiwan/post/DLWnDJ5zOGP,這文案真是靠得住👍🏻,2025年6月26日 星期四 下午2:04,,"Photo by 家樂福 | Carrefour on June 25, 2025.",1728,3,,17
dodo._.mother,https://www.threads.com/@dodo._.mother/post/DLQCkvDTmA_,"不懂就問脆
家樂福有一個「聊天結帳櫃檯」是給大E人走的ㄇ",2025年6月24日 星期二 上午12:51,,,7443,149,168,1240,https://www.threads.com/@carrefourtaiwan/post/DLUJID6zr1R,在聊天櫃檯，帳可以慢結，但陪長輩聊天是一定要的😌,2025年6月25日 星期三 下午3:04,,,229,2,,1
google_yuan,https://www.threads.com/@google_yuan/post/DLShW-uTqpP,"蟑螂
請問怎⋯怎麼辦 要跟他說嗎⋯⋯ 救命🆘",2025年6月24日 星期二 下午11:57,,"Photo by Instagram User on June 24, 2025. | Photo by Instagram User on June 24, 2025. | Photo by Instagram User on June 24, 2025.",40000,1744,724,9770,https://www.threads.com/@carrefourtaiwan/post/DLT8k9SzfsJ,兄弟你先⋯⋯,2025年6月25日 星期三 下午1:14,,"Photo by 家樂福 | Carrefour on June 24, 2025.",910,4,5,16
__2lnooi,https://www.threads.com/@__2lnooi/post/DLPX3QiyJhN,幹超屌我要講一個超大瓜放留言區 1 / 2,2025年6月23日 星期一 下午6:37,,,15000,210,278,496,https://www.threads.com/@carrefourtaiwan/post/DLRfloVzPst,阿福在你留言區吃大瓜,2025年6月24日 星期二 下午2:23,,"Photo by 家樂福 | Carrefour on June 23, 2025.",167,2,,5
yun27.__,https://www.threads.com/@yun27.__/post/DLC6S4ny3xb,"臘腸狗
大家的狗洗澡也這麼幽默嗎 我家的洗澡看起來像我做的醉雞ど⁰̷̴͈꒨⁰̷̴͈う♡",2025年6月18日 星期三 下午10:27,,"Photo by Kobayashi（小林） on June 18, 2025. | Photo by Kobayashi（小林） on June 18, 2025.",17000,95,783,2130,https://www.threads.com/@carrefourtaiwan/post/DLEXfAkzexb,臘腸狗洗澡變小麥腸狗🤤,2025年6月19日 星期四 下午12:02,,"Photo by 家樂福 | Carrefour on June 18, 2025.",68,,,1
hhhuangyiii,https://www.threads.com/@hhhuangyiii/post/DLABEvszSzM,我表弟參加婚禮沒有領帶跟蝴蝶結 所以他直接給我用蛙鏡== 1 / 2,2025年6月17日 星期二 下午7:29,,"Photo by 荒姨 on June 17, 2025.",490000,4860,30000,140000,https://www.threads.com/@carrefourtaiwan/post/DLCJyxbzsPI,又回到最初的起點 呆呆地站在鏡子前 笨拙繫上紅色領帶的結~,2025年6月18日 星期三 下午3:24,,"Photo by 家樂福 | Carrefour on June 18, 2025.",229,1,1,1
banai_design,https://www.threads.com/@banai_design/post/DLBymHRS9-V,沒錢睡覺最好👍,2025年6月18日 星期三 下午12:01,,"Photo by 八耐舜子 on June 17, 2025.",3159,28,25,164,https://www.threads.com/@carrefourtaiwan/post/DLCJdYHTVs5,好主意，反正夢裡什麼都有🥺,2025年6月18日 星期三 下午3:21,,"Photo by 家樂福 | Carrefour on June 18, 2025.",19,1,,
__1y7an,https://www.threads.com/@__1y7an/post/DK6kPJczHP_,各位抱歉 本人表示無法,2025年6月15日 星期日 下午4:41,@yang07_.20,,2994,3,2,45,https://www.threads.com/@carrefourtaiwan/post/DK8hZ2uzyVs,這次金好運下次不一定🔥歡迎找店內服務台處理～扶梯移動中請勿奔跑跳很危險🙏🏻請通知我們就好～～～別親自拿喔👶🏼,2025年6月16日 星期一 上午10:54,,,12,,,
yang07_.20,https://www.threads.com/@yang07_.20/post/DK5_QgghPAz,我同學有個籃球夢,2025年6月15日 星期日 上午11:18,,,54000,887,1855,11000,https://www.threads.com/@carrefourtaiwan/post/DK6igVoTgkj,哥們注意安全🙏🏻下盤穩一點比較重要，答應我下次別飛了好嗎🤝🏼,2025年6月15日 星期日 下午4:26,,,44000,83,156,824
snow_snow_88,https://www.threads.com/@snow_snow_88/post/DK4O-irBdKi,謝謝小編，但日立沒優惠方案耶🥹🥹,2025年6月14日 星期六 下午6:56,@carrefourtaiwan,,3,1,,,https://www.threads.com/@carrefourtaiwan/post/DK4RsPZTvKf,國際跟三菱有活動喔！瑟七安裝的也是國際牌👍🏻給你參考～,2025年6月14日 星期六 下午7:20,,,1,,,
snow_snow_88,https://www.threads.com/@snow_snow_88/post/DK3na_9Bl7Y,家裡冷氣壞掉了！ 要買新冷氣的，希望能幫忙推薦的，最好是這一、兩年才買的， 因為爬文後，大家都說以前的材料和現在的材料都已經有很大的差異了。 空間4坪，預算3-5.5萬 目前考慮的是日立，國際，三菱電機，若是有不錯的，也可以推薦。謝謝！🙏🏻🙏🏻🙏🏻 #冷氣 #空調 #日立 #國際 #三菱電機 1 / 2,2025年6月14日 星期六 下午1:11,,,9,42,1,1,https://www.threads.com/@carrefourtaiwan/post/DK4BDX0zkkL,歡迎來找冷氣特攻隊！有補助、有優惠滿額再抽芭達雅玩5天🏖️ 明天結束前購買完成還有機會讓瑟七到府一起安裝😍lihi.cc/h9P1f,2025年6月14日 星期六 下午4:55,,,6,2,,
s558271,https://www.threads.com/@s558271/post/DK02ki9zntM,我準備好了💗,2025年6月13日 星期五 上午11:26,@carrefourtaiwan,,1,1,,,https://www.threads.com/@carrefourtaiwan/post/DK2LSO6TGGO,"康熙來了
Come on！ 翻譯",2025年6月13日 星期五 下午11:46,,,2,,,
dodo.enz,https://www.threads.com/@dodo.enz/post/DK03m0gTHz9,,2025年6月13日 星期五 上午11:35,@carrefourtaiwan,"Photo by 多多 on June 12, 2025.",3,2,,,https://www.threads.com/@carrefourtaiwan/post/DK2KQ8bT-1Q,"slay
秀一波💅🏻",2025年6月13日 星期五 下午11:37,,,,,,
yeh_1998,https://www.threads.com/@yeh_1998/post/DK03MNqh5Fc,@teresa.www622 快點來磨甲,2025年6月13日 星期五 上午11:31,@carrefourtaiwan,,,1,,,https://www.threads.com/@carrefourtaiwan/post/DK2KFk8zmp9,"美甲
會不會就磨出心得🤣斜槓了起來？",2025年6月13日 星期五 下午11:35,,,1,,,
1284l4l1783,https://www.threads.com/@1284l4l1783/post/DK1ok5YppXI,我也要賺,2025年6月13日 星期五 下午6:42,@carrefourtaiwan,,2,1,,,https://www.threads.com/@carrefourtaiwan/post/DK2J8OuzJEj,"賺錢
來～",2025年6月13日 星期五 下午11:34,,,1,,,
yiting2222,https://www.threads.com/@yiting2222/post/DK1lCWzTaPV,💅💅,2025年6月13日 星期五 下午6:12,@carrefourtaiwan,,,1,,,https://www.threads.com/@carrefourtaiwan/post/DK2JBQ4zHiL,,2025年6月13日 星期五 下午11:26,,,,,,1
rii1fer,https://www.threads.com/@rii1fer/post/DK1VNrLPMfc,真的假的,2025年6月13日 星期五 下午3:53,@carrefourtaiwan,,,1,,,https://www.threads.com/@carrefourtaiwan/post/DK2IqhkzQoT,看著我的眼睛（撥開假睫毛）真的🥹,2025年6月13日 星期五 下午11:23,,,1,,,
bong__zhang,https://www.threads.com/@bong__zhang/post/DK1nU7KTcbQ,,2025年6月13日 星期五 下午6:32,@carrefourtaiwan,"Photo by 鄭博榕 on June 13, 2025.",,1,,,https://www.threads.com/@carrefourtaiwan/post/DK2HXVVTaG0,我要Shampoo🧴,2025年6月13日 星期五 下午11:11,,,1,,,
owa.124,https://www.threads.com/@owa.124/post/DK1jatBhokA,小編你怎麼了,2025年6月13日 星期五 下午5:57,@carrefourtaiwan,,2,1,,,https://www.threads.com/@carrefourtaiwan/post/DK2HJSUTbcV,小編在邊磨指甲邊練習打超好笑（好多工🤣笑死）,2025年6月13日 星期五 下午11:10,,,1,1,,
ichirostar720901,https://www.threads.com/@ichirostar720901/post/DK0wcqyv5Eg,「你按了，下半年真的會順到不行！」,2025年6月13日 星期五 上午10:32,,,47000,41,202,72,https://www.threads.com/@carrefourtaiwan/post/DK1kz0wT1CT,你喝了，下半天也會順到不行,2025年6月13日 星期五 下午6:10,,"Photo by 家樂福 | Carrefour on June 13, 2025.",101,1,,1
dreamrunnerz_kevin,https://www.threads.com/@dreamrunnerz_kevin/post/DKzEhoRvTzF,望眼鏡再多倍也看不透他的心,2025年6月12日 星期四 下午6:49,,"Photo by 凱文哥_冠克 on June 12, 2025.",28000,845,1830,15000,https://www.threads.com/@carrefourtaiwan/post/DK1jE6Gzv7r,但看得透明吐司,2025年6月13日 星期五 下午5:54,,"Photo by 家樂福 | Carrefour on June 13, 2025.",193,1,,10
uanmomi,https://www.threads.com/@uanmomi/post/DK04iecSaZC,You slay💓💅🏻,2025年6月13日 星期五 上午11:43,@carrefourtaiwan,"Photo by 咪呀🥨 on June 12, 2025.",4,1,,,https://www.threads.com/@carrefourtaiwan/post/DK1M-q0z4KJ,這個指甲配色🩷🖤昨天沒搶到票的BLINK⋯⋯🥹,2025年6月13日 星期五 下午2:41,,,1,,,
areshoho,https://www.threads.com/@areshoho/post/DK0vYSlPGb2,這一定是練失傳已久的九陰白骨爪。,2025年6月13日 星期五 上午10:23,@carrefourtaiwan,,1,1,,,https://www.threads.com/@carrefourtaiwan/post/DK1MnowTy-u,召喚到九零白骨爪💅🏻,2025年6月13日 星期五 下午2:38,,"Photo by 家樂福 | Carrefour on June 12, 2025.",,,,
netflixtw,https://www.threads.com/@netflixtw/post/DKyEY9bz7bA,"美樂蒂&酷洛米
終於要相親相愛了嗎 🩷💜 《美樂蒂 & 酷洛米》7月24日獨家上線",2025年6月12日 星期四 上午10:01,,,34000,572,4043,28000,https://www.threads.com/@carrefourtaiwan/post/DKy0h8XzDoV,喜歡綠茶還是薰衣草？,2025年6月12日 星期四 下午4:29,,"Photo by 家樂福 | Carrefour on June 12, 2025. | Photo by 家樂福 | Carrefour on June 12, 2025.",67,5,,30
_shao._o6_,https://www.threads.com/@_shao._o6_/post/DKv0VGsxa21,超難買⋯,2025年6月11日 星期三 下午12:30,@eelaine_ch,"Photo by @_shao._o6_ on June 10, 2025.",12,1,,5,https://www.threads.com/@carrefourtaiwan/post/DKwDsH3TKhL,可以來阿福買！緩～光臨～～,2025年6月11日 星期三 下午2:44,,,1,1,,
eelaine_ch,https://www.threads.com/@eelaine_ch/post/DKuRM8rJ46-,冰結芒果氣泡聽說現在很紅 男友直接掃了這麼多 我可以說我是冰結富翁了 #冰結 #芒果氣泡 1 / 2,2025年6月10日 星期二 下午10:04,,"Photo by 年 Elaine 이니안 on June 10, 2025. | Photo by 年 Elaine 이니안 on June 10, 2025.",13000,295,371,5345,https://www.threads.com/@carrefourtaiwan/post/DKwDfM-zsgK,有沒有加購我們的發光杯✨🍻,2025年6月11日 星期三 下午2:42,,,76,10,,8
thedodomen,https://www.threads.com/@thedodomen/post/DKpBYkAz6WO,"娃包
看不懂娃包？為什麼現在到處都是？
#娃包 #年輕人 #流行 1 / 2",2025年6月8日 星期日 下午9:10,,,4102,313,136,938,https://www.threads.com/@carrefourtaiwan/post/DKrU-Guzql_,重要的東西要保護好😎,2025年6月9日 星期一 下午6:39,,"Photo by 家樂福 | Carrefour on June 09, 2025.",222,1,1,16
liutao4786,https://www.threads.com/@liutao4786/post/DKgv0Fpu1RY,好癲的襪子哈哈 好喜歡好喜歡 1 / 2,2025年6月5日 星期四 下午4:02,,"Photo by 奇奇怪怪沒有腦袋 on June 05, 2025.",20000,252,839,10000,https://www.threads.com/@carrefourtaiwan/post/DKjSldKTA5s,電動割蛋蛋器😌,2025年6月6日 星期五 下午3:44,,"Photo by 家樂福 | Carrefour on June 06, 2025.",118,3,,3
captain.lu,https://www.threads.com/@captain.lu/post/DKgnEiFxX0W,😻謝謝,2025年6月5日 星期四 下午2:45,,"Photo by 盧廣仲  Crowd Lu on June 04, 2025.",2408,88,15,123,https://www.threads.com/@carrefourtaiwan/post/DKhXdU_zFW4,我也買到了😋,2025年6月5日 星期四 下午9:48,,,29,1,,
z.xn9__,https://www.threads.com/@z.xn9__/post/DKdH7N9zebW,其實你一生最不想離開的其實是床吧。。,2025年6月4日 星期三 上午6:15,,,27000,55,3799,540,https://www.threads.com/@carrefourtaiwan/post/DKglQbKz8Jn,其實你一生最放不下的是筷子吧,2025年6月5日 星期四 下午2:29,,"Photo by 家樂福 | Carrefour on June 04, 2025.",18,,,2
janjan_anime,https://www.threads.com/@janjan_anime/post/DKdP9Xoz7q-,"寶可夢
以前神奇寶貝初代的時候 皮卡丘超愛番茄醬，超可愛 可惜後來拔掉這個設定了🥺 1 / 2",2025年6月4日 星期三 上午7:26,,"Photo by 匠醬的動漫天地 on June 03, 2025. | Photo by 匠醬的動漫天地 on June 03, 2025. | Photo by 匠醬的動漫天地 on June 03, 2025. | Photo by 匠醬的動漫天地 on June 03, 2025.",8755,64,444,1195,https://www.threads.com/@carrefourtaiwan/post/DKeoBzRz7r3,請皮卡丘吃😌,2025年6月4日 星期三 下午8:15,,"Photo by 家樂福 | Carrefour on June 04, 2025.",53,,,2
muta116,https://www.threads.com/@muta116/post/DKbxyXHJfm0,誒！你後面有車！,2025年6月3日 星期二 下午5:43,,,79000,358,3815,3067,https://www.threads.com/@carrefourtaiwan/post/DKb6h2KTDUS,假日逛家樂福也常常被這樣提醒,2025年6月3日 星期二 下午6:59,,"Photo by 家樂福 | Carrefour on June 03, 2025.",776,2,2,5
katzem0nd,https://www.threads.com/@katzem0nd/post/DKZvsI4yCVo,誰他媽在口水雞裡面打勾,2025年6月2日 星期一 下午10:46,,"Photo by # on June 02, 2025.",150000,1138,12000,59000,https://www.threads.com/@carrefourtaiwan/post/DKbXUOvTjyM,☑️罩 ☑️香糖 ☑️糧 ☑️紅膠 👌👌👌,2025年6月3日 星期二 下午1:51,,"Photo by 家樂福 | Carrefour on June 02, 2025. | Photo by 家樂福 | Carrefour on June 02, 2025. | Photo by 家樂福 | Carrefour on June 02, 2025. | Photo by 家樂福 | Carrefour on June 02, 2025.",459,1,1,9
cindy_0620,https://www.threads.com/@cindy_0620/post/DKMY3UBSe6J,"發光杯
以前躲酒：你那杯在養魚啊 以後：欸你杯子還亮著 1 / 2",2025年5月28日 星期三 下午6:16,,"Photo by 董董 on May 28, 2025.",30000,532,1250,31000,https://www.threads.com/@carrefourtaiwan/post/DKOUYjlzbj6,POV : 我真的喝「光」啦🥵,2025年5月29日 星期四 下午12:16,,,98,,,36
how_edge,https://www.threads.com/@how_edge/post/DKG5krDTjmJ,LBJ是 1) 嚕比醬 2) 劉寶傑 3) Lebron James,2025年5月26日 星期一 下午3:07,,,7110,83,534,768,https://www.threads.com/@carrefourtaiwan/post/DKMKnvRTgX3,4)蘿蔔汁,2025年5月28日 星期三 下午4:12,,"Photo by 家樂福 | Carrefour on May 28, 2025.",46,1,,1
shu.yami__benene,https://www.threads.com/@shu.yami__benene/post/DKGfizwhHDp,當你玩戀與深空而朋友傳給你這張圖： 1 / 2,2025年5月26日 星期一 上午11:19,,"Photo by JJJ on May 25, 2025.",19000,151,1221,7330,https://www.threads.com/@carrefourtaiwan/post/DKMKihjTViA,在愛情和麵包之間，選擇愛文芒果麵包,2025年5月28日 星期三 下午4:11,,"Photo by 家樂福 | Carrefour on May 28, 2025.",77,,1,3
neuropathy32,https://www.threads.com/@neuropathy32/post/DKL6psxyYOK,"昨天跟一個女脆友聊天 聊到一半 她突然問我一句： 「欸…你會喜歡捆綁嗎」
我整個人還沒反應過來 愣了一下回答說： 「我沒有試過那種事情 我不知道」
然後她接著說： 「不要擔心啦 其實很好玩的」
當下害我更緊張了 心想這會不會是仙人跳啊 然後她說可以帶朋友一起沒關係
結果朋友很興奮 說他也想試試看 然後現在我們在她家綁肉粽 不是 怎跟我想的捆綁不太一樣啊==",2025年5月28日 星期三 下午1:52,,,2136,93,43,259,https://www.threads.com/@carrefourtaiwan/post/DKMKUwozBls,這題我會🥵,2025年5月28日 星期三 下午4:09,,"Photo by 家樂福 | Carrefour on May 28, 2025. | Photo by 家樂福 | Carrefour on May 28, 2025.",383,6,13,92
neuropathy32,https://www.threads.com/@neuropathy32/post/DKGtSKtykC_,"早上剛睡醒 去常吃的早餐店 老闆：「帥哥今天想吃什麼」
我：「老闆我要一份鐵板麵」
老闆：「要黑胡椒還蘑菇的」
我：「老闆我要一份黑菇的」
老闆笑一個當場黑菇… 1 / 2",2025年5月26日 星期一 下午1:19,,,7533,47,186,515,https://www.threads.com/@carrefourtaiwan/post/DKHCadGTCV8,嘿嘿嘿嘿嘿嘿黑菇...,2025年5月26日 星期一 下午4:24,,"Photo by 家樂福 | Carrefour on May 26, 2025.",85,4,,1
lin_11.21_,https://www.threads.com/@lin_11.21_/post/DKEo2o2zaWd,"發票載具我們還是分手吧 在你身上花了$26,679 你卻連$200都不願意給我",2025年5月25日 星期日 下午6:02,,,67000,388,4243,2772,https://www.threads.com/@carrefourtaiwan/post/DKGvUUQzPEF,下一任建議找家速配，在我身上花滿$399，輸入折扣碼後保證給你$150,2025年5月26日 星期一 下午1:37,,,69,1,,1
syongmami,https://www.threads.com/@syongmami/post/DJsd2S3TVZ_,Threads堅持日更的人 我覺得超強 有人可以分享怎麼不詞窮嗎？,2025年5月16日 星期五 上午8:44,,,412,258,3,5,https://www.threads.com/@carrefourtaiwan/post/DJtI1edTBFc,看我的主頁養眼搞不好會有靈感,2025年5月16日 星期五 下午3:00,,,15,1,,
suisei._.1935,https://www.threads.com/@suisei._.1935/post/DJrWIonBG15,你知道最近夏天剉冰店會最缺什麼嗎 薏仁 因為他們會逃冰,2025年5月15日 星期四 下午10:18,,,39000,169,3152,6446,https://www.threads.com/@carrefourtaiwan/post/DJtIW3vTP0X,薏仁逃冰怕沒冰吃？有家樂福應援團在，不怕不怕～ 報名就送購物金請你吃冰🍦200粉絲以上的朋友快來我主頁看「養眼」的🤭,2025年5月16日 星期五 下午2:56,,,78,,,4
yueaz1,https://www.threads.com/@yueaz1/post/DHGYfDlSB1m,"滑脆滑了一個禮拜 最討厭看到的留言
〇 古人 〇 酸民 〇 噁男 ● 沒我主頁好看🤪🤪",2025年3月12日 星期三 下午8:43,,,1734,33,18,15,https://www.threads.com/@carrefourtaiwan/post/DJtHIibzkBK,我的主頁真的養眼🥳,2025年5月16日 星期五 下午2:45,,,6,1,,
super.milk.tea,https://www.threads.com/@super.milk.tea/post/DJmk_YPz6E9,最近太多怪帳號了不然我們來玩 在姑姑的文案底下 隨機留言沒我主頁好看🥵🥵🥵 1 / 2,2025年5月14日 星期三 上午1:51,,,212,204,,3,https://www.threads.com/@carrefourtaiwan/post/DJtG9EszCNK,沒我的主頁養眼😏,2025年5月16日 星期五 下午2:43,,,1,,,
marikavtuber,https://www.threads.com/@marikavtuber/post/DIlEU9azljP,那些喜歡在貼文下留言「沒我主頁好看」的 我不相信你們打得過我的大便文💩,2025年4月18日 星期五 下午3:15,,,6001,83,32,13,https://www.threads.com/@carrefourtaiwan/post/DJtG4x3T94S,我的主頁最養眼😉,2025年5月16日 星期五 下午2:43,,,2,,,
gelato_lunicorno,https://www.threads.com/@gelato_lunicorno/post/DJsm9UzBI23,我吃我們家的冰😝,2025年5月16日 星期五 上午10:04,@carrefourtaiwan,,1,1,,,https://www.threads.com/@carrefourtaiwan/post/DJs1dCez3Jp,先眼睛吃🇮🇹冰淇淋😍,2025年5月16日 星期五 下午12:10,,,1,,,
imviscacha,https://www.threads.com/@imviscacha/post/DJspbAlTody,,2025年5月16日 星期五 上午10:25,@carrefourtaiwan,,,1,,,https://www.threads.com/@carrefourtaiwan/post/DJs1ZWDzlB7,You got me!!! 翻譯,2025年5月16日 星期五 下午12:10,,spongebob squarepants hello GIF,,,,
anybodyannie,https://www.threads.com/@anybodyannie/post/DJqINYvRlx-,"［如果把部分台男寫入霸總小說］
1.「女人，我准你吃二十五元的大碗滷肉飯。」
2.「我從未看過像你這樣喝星巴克點特大杯的女人，很好，你成功引起我的注意了。」
3.「一件風衣九萬？女人，你在玩火。」
4.「你要知道，上一個敢叫我折衣服的人，已經在非洲草原上長成一棵大樹了，但看在你帶孩子辛苦的份上，我允許你任性。」
5.「敢在我面前放出如同臭豆腐般臭屁的女人，你是第一個。」
6.「既然是屬於你的節日，我就好好寵你一回，刷我的卡去點一套必勝客全家餐，沒吃完今晚不准回家。」 1 / 2",2025年5月15日 星期四 上午10:57,,,14000,456,1392,4812,https://www.threads.com/@carrefourtaiwan/post/DJqvJmGTA7D,「三分鐘之內，我要架上所有科學麵，這是通知不是商量」 霸道總裁一出手，吃科學麵倒胡椒粉都要抖三抖,2025年5月15日 星期四 下午4:37,,"Photo by 家樂福 | Carrefour on May 15, 2025.",345,3,1,8
__helenka__,https://www.threads.com/@__helenka__/post/DJoz11_vkMS,以防你沒看過烏賊怎麼把自己埋起來 1 / 2,2025年5月14日 星期三 下午10:40,,,57000,485,5120,20000,https://www.threads.com/@carrefourtaiwan/post/DJqKYQCzxwA,以防你沒看過透抽怎麼耍自閉,2025年5月15日 星期四 上午11:16,,"Photo by 家樂福 | Carrefour on May 14, 2025.",104,2,,8
atttlab,https://www.threads.com/@atttlab/post/DJnrjKlTHBr,我把這個吐司放這邊 不要偷吃謝謝,2025年5月14日 星期三 下午12:08,,"Photo by 注意力研究所 on May 13, 2025. | Photo by 注意力研究所 on May 13, 2025.",55000,148,2845,4312,https://www.threads.com/@carrefourtaiwan/post/DJoFFn0Tk-3,先打包半條走了,2025年5月14日 星期三 下午3:51,,"Photo by 家樂福 | Carrefour on May 14, 2025.",62,,,1
offteatiger,https://www.threads.com/@offteatiger/post/DJk2P_cvQhV,為了證明台灣人什麼都能吵 我放一片雞排在這裡,2025年5月13日 星期二 上午9:43,,"Photo by 貳虎 OFFTEA on May 12, 2025.",3741,387,22,28,https://www.threads.com/@carrefourtaiwan/post/DJoE6jHTDAG,帥哥雞排要剪嗎,2025年5月14日 星期三 下午3:49,,"Photo by 家樂福 | Carrefour on May 14, 2025.",188,2,,3
__kim1z,https://www.threads.com/@__kim1z/post/DJkF9X0yu5o,勤美看到的狗，不知道它想表達什麼..,2025年5月13日 星期二 上午2:41,,"Photo by 𝑻𝒂𝒊𝑲𝒖𝑳𝒂 on May 12, 2025. | Photo by 𝑻𝒂𝒊𝑲𝒖𝑳𝒂 on May 12, 2025.",170000,1644,12000,39000,https://www.threads.com/@carrefourtaiwan/post/DJlyHQQzU2H,_ ＿ | ＼＿＿＿／ ∧ | ／ ＼/ﾐ| Ｖ _._ _._ ヽ| / Ｖ ｜ 彡| ▼ |ミ ｜ 人 ヽ⌒ノ 人 |＼＿ ￣ ＿／ ＼ | ヽ,2025年5月13日 星期二 下午6:27,,,153,1,1,2
pingu0166,https://www.threads.com/@pingu0166/post/DI_uKSSzB6q,原來巧虎就是 childhood ! 剛剛才意識到，長知識了。,2025年4月28日 星期一 下午11:41,,,20000,152,1426,3383,https://www.threads.com/@carrefourtaiwan/post/DJBz4JEzMO1,那你知道妙管家是Magic Amah嗎😌,2025年4月29日 星期二 下午7:09,,"Photo by 家樂福 | Carrefour on April 29, 2025.",1008,7,9,69
guan_tin0808,https://www.threads.com/@guan_tin0808/post/DJA3sPTyQIT,"流量密碼
大家都為了省錢做過哪些荒唐事？？？ 我先 我用這罐辣醬配王子麵、金針菇吃了一個月。
辣醬是家樂福買一送一的時候買的 兩罐只要129可以吃超久... 然後全聯常常有金針菇特價兩包20 量很多可以吃比較飽...🥹 而且因為辣得很夠味 所以只要一點點就很有味道 名副其實的乞丐超人⋯",2025年4月29日 星期二 上午10:23,,"Photo by 冠廷 on April 28, 2025. | Photo by 冠廷 on April 28, 2025.",8292,253,184,1065,https://www.threads.com/@carrefourtaiwan/post/DJBxlzQTdiV,辣拌醬！嗨～！妳最喜歡什麼？ 比起巧克力薄荷，還是你♥,2025年4月29日 星期二 下午6:49,,"Photo by 家樂福 | Carrefour on April 29, 2025.",1089,2,12,42
little_handpoke,https://www.threads.com/@little_handpoke/post/DI-lQL3yTDk,在家樂福拍的婚紗照子,2025年4月28日 星期一 下午1:04,,"Photo by 小豆子 Junko on April 27, 2025. | Photo by 小豆子 Junko on April 27, 2025. | Photo by 小豆子 Junko on April 27, 2025. | Photo by 小豆子 Junko on April 27, 2025. | Photo by 小豆子 Junko on April 27, 2025. | Photo by 小豆子 Junko on April 27, 2025. | Photo by 小豆子 Junko on April 27, 2025.",7180,29,135,253,https://www.threads.com/@carrefourtaiwan/post/DJBsDXbTQed,捧花來兩朵吧😻,2025年4月29日 星期二 下午6:01,,"Photo by 家樂福 | Carrefour on April 29, 2025.",67,,,1
1lizawu,https://www.threads.com/@1lizawu/post/DI9-uFizq41,星期一+下雨根本是double kill…,2025年4月28日 星期一 上午7:27,,,22000,71,3028,1056,https://www.threads.com/@carrefourtaiwan/post/DI_MZmYTCTs,想雙重吶喊 Double啊😫,2025年4月28日 星期一 下午6:46,,"Photo by 家樂福 | Carrefour on April 28, 2025.",10,,,
ting_ju1228,https://www.threads.com/@ting_ju1228/post/DI-k1g5hxWu,超多40+的女性都喜歡放自己照片然後說自己看不出來已經超過40 下面留言就開始蓋樓 48三寶媽路過，43歲路過 你們明明不管臉和穿搭髮型看起來就快50，而且還有開美顏是在路過什麼🙃,2025年4月28日 星期一 下午1:00,,,13000,809,77,1034,https://www.threads.com/@carrefourtaiwan/post/DI_MYYkz5nR,165 八寶粥路過,2025年4月28日 星期一 下午6:46,,"Photo by 家樂福 | Carrefour on April 28, 2025.",2370,6,4,21
money_j_select_shop,https://www.threads.com/@money_j_select_shop/post/DI3KKz8zmdP,連餃子也不放過的耳機殼⋯🥟 1 / 2,2025年4月25日 星期五 下午3:52,,"Photo by MONEY J ｜潮流選貨店 on April 25, 2025.",55000,281,1881,9002,https://www.threads.com/@carrefourtaiwan/post/DI3hGZKzhxk,雖然我們沒賣包蘋果的，但有高麗菜的🥟,2025年4月25日 星期五 下午7:13,,"Photo by 家樂福 | Carrefour on April 25, 2025.",1480,7,,51
yang_x_0416,https://www.threads.com/@yang_x_0416/post/DIz70cwzZjC,"去大阪萬博過安檢的時候…
安檢：這杏鮑菇是要做什麼的？ 我：哦…因為我之後要去朋友家玩，怕放在家會壞掉，所以就帶出門了。 兩位安檢：哦哦w
現在發現帶這菇可以用來拍照也不錯。 1 / 2",2025年4月24日 星期四 上午9:49,,"Photo by @yang_x_0416 on April 23, 2025.",10000,139,336,1278,https://www.threads.com/@carrefourtaiwan/post/DI0kfDyzraT,這款娃鮑阿福也有,2025年4月24日 星期四 下午3:45,,"Photo by 家樂福 | Carrefour on April 24, 2025.",424,1,,2
a_tsai_90,https://www.threads.com/@a_tsai_90/post/DIaUD2mvYiB,"女友日記
黃色那位的手已經快碰到我女友了 請問要尋求什麼法律途徑？",2025年4月14日 星期一 上午11:01,,"Photo by 蔡誠恩 Alan Tsai on April 13, 2025. | Photo by 蔡誠恩 Alan Tsai on April 13, 2025.",13000,39,101,123,https://www.threads.com/@carrefourtaiwan/post/DIbFY4OT0ot,馬上打入冷宮，謝謝😌,2025年4月14日 星期一 下午6:12,,"Photo by 家樂福 | Carrefour on April 14, 2025.",191,2,,
anime.dry.88,https://www.threads.com/@anime.dry.88/post/DIaKh5kPMdH,你們覺得要放誰,2025年4月14日 星期一 上午9:38,,"Photo by 動漫壞壞語錄 on April 13, 2025.",20000,3156,466,2327,https://www.threads.com/@carrefourtaiwan/post/DIatH-ozVAV,阿福選它👇,2025年4月14日 星期一 下午2:40,,"Photo by 家樂福 | Carrefour on April 13, 2025.",282,1,,6
faustforgame,https://www.threads.com/@faustforgame/post/DIRR54jyOMh,這是你叔公或姨婆年代的 Threads,2025年4月10日 星期四 下午10:49,,"Photo by 魔笛浮士德 on April 10, 2025.",14000,1244,574,3169,https://www.threads.com/@carrefourtaiwan/post/DITbeY9TgID,這是你阿公年代的 快樂水,2025年4月11日 星期五 下午6:51,,"Photo by 家樂福 | Carrefour on April 11, 2025.",321,2,,
wurlll,https://www.threads.com/@wurlll/post/DIRVtEuS_cK,我問她喜歡什麼水果 她告訴我 Apple pay lululemon Burberry,2025年4月10日 星期四 下午11:22,,,15000,39,806,1533,https://www.threads.com/@carrefourtaiwan/post/DITGq2gTm4M,阿福都推這款香蕉😌,2025年4月11日 星期五 下午3:49,,"Photo by 家樂福 | Carrefour on April 11, 2025.",17,,,
shine25814,https://www.threads.com/@shine25814/post/DILtqQ-hYlp,年輕人為什麼會需要坐捷運的位子 因為她可能上班九個小時只坐下來15分鐘休息,2025年4月8日 星期二 下午6:56,,,38000,189,722,201,https://www.threads.com/@carrefourtaiwan/post/DINlHn6TdlJ,來 坐坐 過來這裡坐坐,2025年4月9日 星期三 下午12:20,,"Photo by 家樂福 | Carrefour on April 08, 2025.",680,4,2,42
tcc604,https://www.threads.com/@tcc604/post/DILIzhaz1Rs,"當主管問你有沒有衛生紙 然後你的手剛好很巧
（主管：⋯⋯⋯⋯⋯⋯）",2025年4月8日 星期二 下午1:35,,,250000,1467,10000,36000,https://www.threads.com/@carrefourtaiwan/post/DIL0F39zuot,關於袖珍，我們也有賣...,2025年4月8日 星期二 下午7:52,,"Photo by 家樂福 | Carrefour on April 08, 2025.",2323,8,2,18
mosquito_zzzzzz,https://www.threads.com/@mosquito_zzzzzz/post/DIylgF3TsDE,告訴大家一個好消息：我正式出來了,2025年4月23日 星期三 下午9:15,,,10000,493,530,1280,https://www.threads.com/@carrefourtaiwan/post/DI0gfmqTpUI,走啊阿蚊，出來打球，球拍我有你當球👇,2025年4月24日 星期四 下午3:10,,"Photo by 家樂福 | Carrefour on April 24, 2025.",1431,3,,13
duolingo,https://www.threads.com/@duolingo/post/DIxrnuQM3hP,I’m so hungry I could eat Lily 翻譯,2025年4月23日 星期三 下午12:49,,,25000,697,1083,1324,https://www.threads.com/@carrefourtaiwan/post/DIyOxhEzEKQ,Lily飽滿,2025年4月23日 星期三 下午5:56,,"Photo by 家樂福 | Carrefour on April 23, 2025.",1893,15,12,74
rwooo.33,https://www.threads.com/@rwooo.33/post/DItnjKOy6w2,剛剛跑去家樂福補貨 結果一下樓我就被可愛到融化⋯⋯,2025年4月21日 星期一 下午10:57,,"Photo by 小駱"" ᶘ ᵒᴥᵒᶅ on April 21, 2025.",52000,256,2128,4362,https://www.threads.com/@carrefourtaiwan/post/DIu9CKhTSZU,🫳🏻 👀 ⚫️ 👅,2025年4月22日 星期二 上午11:24,,,1122,1,,18
yuchen_1211,https://www.threads.com/@yuchen_1211/post/DIr3Lb9ysoZ,一聽到鬧鐘就能跳起來的人是一片吐司,2025年4月21日 星期一 上午6:35,,,33000,191,3601,2738,https://www.threads.com/@carrefourtaiwan/post/DIs3JQsTY66,有刺青的我是：,2025年4月21日 星期一 下午3:54,,"Photo by 家樂福 | Carrefour on April 21, 2025.",198,,,1
kevinshuan,https://www.threads.com/@kevinshuan/post/DIkuNR0TVtE,為什麼去買麵的時候老闆都不笑？ . . . . . 因為他是面癱老闆,2025年4月18日 星期五 下午12:02,,,6635,32,326,635,https://www.threads.com/@carrefourtaiwan/post/DIk_t7pztn5,大家知道蛤蜊麵放了很久會變成什麼 ​ ​ ​ ​ ​ ​ ：擺久蛤蜊麵（白酒）,2025年4月18日 星期五 下午2:35,,"Photo by 家樂福 | Carrefour on April 17, 2025.",57,,,2
nc__1012,https://www.threads.com/@nc__1012/post/DIh2VKaSgu5,我跟我姐每年：,2025年4月17日 星期四 上午9:15,,"Photo by Lydia on April 16, 2025.",18000,163,1052,5424,https://www.threads.com/@carrefourtaiwan/post/DIiecqRTlUS,阿福用桂花糖糕替娘娘祝壽,2025年4月17日 星期四 下午3:06,,"Photo by 家樂福 | Carrefour on April 17, 2025.",659,3,4,25
xovoefy_0703,https://www.threads.com/@xovoefy_0703/post/DId4XDFST1o,恨死自己的粗心大意了 近視沒戴眼鏡 以為我吃的是蔬菜沙拉 吃完才發現是雞排 天塌了怎麼辦 1 / 2,2025年4月15日 星期二 下午8:16,,"Photo by 𝕐𝕦 on April 15, 2025.",31000,346,1580,3651,https://www.threads.com/@carrefourtaiwan/post/DIga8jRTIdq,姊妹我懂你，剛才以為這是水果盤吃了三大塊呢,2025年4月16日 星期三 下午7:57,,"Photo by 家樂福 | Carrefour on April 16, 2025.",2153,2,10,34
ian_11._.17,https://www.threads.com/@ian_11._.17/post/DIcJjLuzlig,冷知識 絕對零度是−273.15℃ 很冷對吧 沒有比這更冷的了,2025年4月15日 星期二 上午4:08,,,5060,245,51,48,https://www.threads.com/@carrefourtaiwan/post/DIc_HhpzVWI,芝士放進冰箱會變成什麼? . . . 冷芝士(冷知識) 比絕對0度更冷了吧,2025年4月15日 星期二 上午11:56,,"Photo by 家樂福 | Carrefour on April 14, 2025.",548,4,3,13
hyl._.0817,https://www.threads.com/@hyl._.0817/post/DIJe2JLTqAg,"肚子餓的時候會在哪一個象限？ . . . . . . . . . 第一象限（8,1）",2025年4月7日 星期一 下午10:08,,,25000,47,1398,2027,https://www.threads.com/@carrefourtaiwan/post/DILJR4ezwmZ,阿福秒懂,2025年4月8日 星期二 下午1:38,,"Photo by 家樂福 | Carrefour on April 07, 2025.",69,,,1
hhhuangyiii,https://www.threads.com/@hhhuangyiii/post/DIJHwFTTKBQ,看劇看到哭，老公沒有表示任何關心 只送我一顆芭樂 ：）,2025年4月7日 星期一 下午6:46,,"Photo by 荒姨 on April 07, 2025. | Photo by 荒姨 on April 07, 2025.",33000,158,1071,2181,https://www.threads.com/@carrefourtaiwan/post/DILJHXmzqNo,不哭不哭眼淚是珍珠,2025年4月8日 星期二 下午1:37,,"Photo by 家樂福 | Carrefour on April 07, 2025.",93,,,3
hcm_0827,https://www.threads.com/@hcm_0827/post/DH2hCU_Sho9,？蒸了一節課發現裡面是空的 我是不是被我爸討厭 1 / 2,2025年3月31日 星期一 下午1:22,,"Photo by 黃哲敏 on March 30, 2025.",34000,289,737,2128,https://www.threads.com/@carrefourtaiwan/post/DH5IXXwz6KL,蒸空包裝還是這種比較好吃😋,2025年4月1日 星期二 下午1:44,,"Photo by 家樂福 | Carrefour on March 31, 2025.",103,,,
kevinshuan,https://www.threads.com/@kevinshuan/post/DHsFKWDTkhm,很有禮貌的老鼠叫什麼？ . . . . . 不好意鼠,2025年3月27日 星期四 下午12:06,,,35000,335,2495,5881,https://www.threads.com/@carrefourtaiwan/post/DHs8VpVzYtN,全世界最懶的老鼠....沙發馬鈴鼠,2025年3月27日 星期四 下午8:08,,"Photo by 家樂福 | Carrefour on March 27, 2025.",83,,,7
cw._1619,https://www.threads.com/@cw._1619/post/DHmyNQ6y4g8,好奇怕蝴蝶的是為什麼怕蝴蝶 1 / 2,2025年3月25日 星期二 上午10:44,,,18000,2001,875,2581,https://www.threads.com/@carrefourtaiwan/post/DHnePoKTRYi,因為蝴蝶派,2025年3月25日 星期二 下午5:09,,"Photo by 家樂福 | Carrefour on March 25, 2025.",442,8,2,11
cchsiii,https://www.threads.com/@cchsiii/post/DHQYR1sJMJP,當我們班群被詐騙入侵時 班導： 1 / 2,2025年3月16日 星期日 下午5:54,,"Photo by 愷希 on March 16, 2025.",120000,203,4363,5400,https://www.threads.com/@carrefourtaiwan/post/DHSY342TBfi,不要怕 阿福有蔥,2025年3月17日 星期一 下午12:38,,"Photo by 家樂福 | Carrefour on March 16, 2025.",690,1,,2
pnpnlee,https://www.threads.com/@pnpnlee/post/DHL70SAy1hs,請問追蹤者2999以下的，沒有任何稿費對嗎～,2025年3月15日 星期六 上午12:28,@carrefourtaiwan,,,1,,,https://www.threads.com/@carrefourtaiwan/post/DHN-lR8Tpbi,但一樣都有買菜金😉,2025年3月15日 星期六 下午7:31,,,1,,,
lumkimaya,https://www.threads.com/@lumkimaya/post/DHNURIxPjdd,如果發脆可以嗎😍,2025年3月15日 星期六 下午1:21,@carrefourtaiwan,,,1,,,https://www.threads.com/@carrefourtaiwan/post/DHN0uuTzx-m,脆可以！,2025年3月15日 星期六 下午6:05,,,1,,,
saiko_tpe,https://www.threads.com/@saiko_tpe/post/DHLj1IyyerB,請問是先報名--拍攝內容指定時間發布--得到購物金這樣嗎？,2025年3月14日 星期五 下午8:59,@carrefourtaiwan,,3,1,,,https://www.threads.com/@carrefourtaiwan/post/DHLlrnWzdHq,先報名，這個月的報名時間3/23結束後，會陸續發信聯繫，待您加入家樂福應援團的LINE@並確認對合作都沒有問題後，再來進行拍攝！,2025年3月14日 星期五 下午9:15,,,3,,,
super_asu,https://www.threads.com/@super_asu/post/DHLcsWMy_q-,那我可以嗎,2025年3月14日 星期五 下午7:56,@carrefourtaiwan,,,2,,,https://www.threads.com/@carrefourtaiwan/post/DHLkJ8tTCgw,可以R～主要發布社群平台：Facebook / Instagram/Threads/Tiktok / Youtube shorts /小紅書，任一個有200粉絲就都歡迎👏🏻,2025年3月14日 星期五 下午9:02,,,4,,,1
kwyuxiin,https://www.threads.com/@kwyuxiin/post/DHLbOC8xyP6,蝙蝠是他！！！ @dahan_1230,2025年3月14日 星期五 下午7:43,@carrefourtaiwan,"Photo by 柯 on March 14, 2025.",1,1,1,,https://www.threads.com/@carrefourtaiwan/post/DHLjTJQT9z9,滿滿的蝙蝠大！平！台！,2025年3月14日 星期五 下午8:54,,,1,,,
yumiyumi_chang,https://www.threads.com/@yumiyumi_chang/post/DHLg3ueTudd,是額滿了嗎,2025年3月14日 星期五 下午8:33,@carrefourtaiwan,,1,1,,,https://www.threads.com/@carrefourtaiwan/post/DHLjHBKzJVV,沒有極限！歡迎報名🙌🏻,2025年3月14日 星期五 下午8:52,,,,2,,
futing_cake,https://www.threads.com/@futing_cake/post/DHKxEKTyx3U,有這腫4情,2025年3月14日 星期五 下午1:35,@carrefourtaiwan,,1,1,,,https://www.threads.com/@carrefourtaiwan/post/DHLbdKvz8pk,來44看就知道惹🤗,2025年3月14日 星期五 下午7:46,,,3,,,
anniehan0221,https://www.threads.com/@anniehan0221/post/DHLaSU_TRw_,我竟然為了食材費認真的心動一下……,2025年3月14日 星期五 下午7:35,@carrefourtaiwan,,224,4,,,https://www.threads.com/@carrefourtaiwan/post/DHLbLNxzD5B,情人節這天讓您心動是阿福的榮幸🥰,2025年3月14日 星期五 下午7:43,,,12,,,
yimin0830,https://www.threads.com/@yimin0830/post/DHKlOWtyFT2,@pri.sheryl 要不要～～,2025年3月14日 星期五 上午11:52,@carrefourtaiwan,,1,1,,1,https://www.threads.com/@carrefourtaiwan/post/DHLa-k1z9t0,Bad bad lady～～ 忍不住接歌😆拍謝！問就是要！！,2025年3月14日 星期五 下午7:41,,,,,,
kwyuxiin,https://www.threads.com/@kwyuxiin/post/DHK0vJ0x3h-,蝙蝠有 跟蝙蝠借,2025年3月14日 星期五 下午2:07,@yuiopp____,,,1,,,https://www.threads.com/@carrefourtaiwan/post/DHLavMsTuzJ,蝙蝠速隨？忍不住好奇離題了😂😂😂,2025年3月14日 星期五 下午7:39,,,,1,,
yijing0712_,https://www.threads.com/@yijing0712_/post/DHLWGEEv6p0,想報名怎麼報名,2025年3月14日 星期五 下午6:59,@carrefourtaiwan,,1,1,,,https://www.threads.com/@carrefourtaiwan/post/DHLaf-Jzwzj,"這邊請～bit.ly/3Fqhz…
celebrity.carrefour-taiwan.com.tw
carrefour-taiwan.com.tw",2025年3月14日 星期五 下午7:37,,,,,,
_miimii.cat_0812,https://www.threads.com/@_miimii.cat_0812/post/DHLZlEASbEc,那偶們要報名！！！ 我媽媽是以前半夜四點睡不著 會跑去新時代家樂福逛街ㄉ人！！,2025年3月14日 星期五 下午7:29,@carrefourtaiwan,,,2,,,https://www.threads.com/@carrefourtaiwan/post/DHLaP9TTFHO,"這邊先報名：bit.ly/3Fqhz… 團隊會陸續聯繫的😸
celebrity.carrefour-taiwan.com.tw
carrefour-taiwan.com.tw",2025年3月14日 星期五 下午7:35,,,1,1,,
supertastesupertaste,https://www.threads.com/@supertastesupertaste/post/DHK1e5bT_TI,可惡有點心動,2025年3月14日 星期五 下午2:14,@tvbsdrama,,1,1,,,https://www.threads.com/@carrefourtaiwan/post/DHLaBOJTVT_,不能食言而肥～動了心就要對人家報名👉🏻👈🏻,2025年3月14日 星期五 下午7:33,,,1,,,
hsin.link,https://www.threads.com/@hsin.link/post/DHKi45OyRsZ,尊嘟假嘟？？？,2025年3月14日 星期五 上午11:31,@carrefourtaiwan,,,1,,,https://www.threads.com/@carrefourtaiwan/post/DHLZOUGTBNw,尊嘟假不了！假的不能尊！,2025年3月14日 星期五 下午7:26,,,1,,,
dodo.enz,https://www.threads.com/@dodo.enz/post/DHKcbnsT7Gc,好迷因的青蛙🐸,2025年3月14日 星期五 上午10:35,@carrefourtaiwan,,4,1,,,https://www.threads.com/@carrefourtaiwan/post/DHLZGf_z9RY,樂樂cosplay😂,2025年3月14日 星期五 下午7:25,,,,,,
_miimii.cat_0812,https://www.threads.com/@_miimii.cat_0812/post/DHLB6Tpywm8,偶們可以試試看咪,2025年3月14日 星期五 下午4:02,@carrefourtaiwan,,1,1,,,https://www.threads.com/@carrefourtaiwan/post/DHLY_SaTdV1,當然可以！有貓就給讚😻給米米參考，我們的家政貓小月 @stray_._cat 開箱🍓,2025年3月14日 星期五 下午7:24,,"Photo by 家樂福 | Carrefour on March 14, 2025.",8,1,1,
suapaint1,https://www.threads.com/@suapaint1/post/DHKtfmcpbVO,我報名👋👋 有限制人數嗎？,2025年3月14日 星期五 下午1:04,@carrefourtaiwan,,2,1,,,https://www.threads.com/@carrefourtaiwan/post/DHLYjOqzhqC,沒有限制！先報數一下現在有快500位創作者報名了🤩感謝大家支持～,2025年3月14日 星期五 下午7:20,,,1,,,
dream.1_20,https://www.threads.com/@dream.1_20/post/DHLHmf5BcXy,看起來超像詐騙沒想到是官方的嗎www,2025年3月14日 星期五 下午4:52,@carrefourtaiwan,,25,1,,,https://www.threads.com/@carrefourtaiwan/post/DHLYaPfT8jA,真的不是詐騙（看著我的眼睛）！但情人節這天對方的甜言蜜語，就不敢保證了（喂～🤪,2025年3月14日 星期五 下午7:19,,,25,,,
ziheyes,https://www.threads.com/@ziheyes/post/DHLDx_wy5qT,昨天才買哈根達斯 這個可以這麼優惠～ 還送購物金，不能只有我知道！,2025年3月14日 星期五 下午4:19,@carrefourtaiwan,"Photo by Zih on March 14, 2025.",12,1,,,https://www.threads.com/@carrefourtaiwan/post/DHLYL79zoJ-,一定要讓大家都知道！來參加應援團，搶先知道優惠跟活動，拿著購物金挑選符合主題又是自己喜歡的商品，再分享出去💞,2025年3月14日 星期五 下午7:17,,,5,,,
hmbg.0503,https://www.threads.com/@hmbg.0503/post/DHK6RaUPDXB,好像蠻有趣的,2025年3月14日 星期五 下午2:56,@carrefourtaiwan,,,1,,,https://www.threads.com/@carrefourtaiwan/post/DHLX00KzsTZ,來～把「好像」拿掉😝,2025年3月14日 星期五 下午7:14,,,,,,
poyee0311,https://www.threads.com/@poyee0311/post/DHLPmFjzNMr,😆🙌🏻已婚人士愛做菜的表示有興趣！,2025年3月14日 星期五 下午6:02,@carrefourtaiwan,,1,1,,,https://www.threads.com/@carrefourtaiwan/post/DHLXuEgzh1A,歡迎各路好手😍,2025年3月14日 星期五 下午7:13,,,1,,,
_fr3x09,https://www.threads.com/@_fr3x09/post/DHLFyrQSgJP,關鍵字「自行採買」,2025年3月14日 星期五 下午4:36,@carrefourtaiwan,"Photo by 小光頭 on March 14, 2025. | Photo by 小光頭 on March 14, 2025.",19,3,,6,https://www.threads.com/@carrefourtaiwan/post/DHLXpdqz-rz,拿著購物金去量販店、超市或者線上購物，挑選符合主題且自己喜歡的商品👍🏻👍🏻👍🏻,2025年3月14日 星期五 下午7:12,,,31,,,
unashiiii,https://www.threads.com/@unashiiii/post/DHLAVd2zsOF,請問應援團官方在哪裡加呢,2025年3月14日 星期五 下午3:49,@carrefourtaiwan,,1,1,,,https://www.threads.com/@carrefourtaiwan/post/DHLXWBIzhzB,可以先到網站報名！我們會陸續聯繫😇,2025年3月14日 星期五 下午7:10,,,,,,
nggyu_01xd,https://www.threads.com/@nggyu_01xd/post/DG_sGavTqZ2,每天發一張梗圖直到沒梗圖可發 Day228,2025年3月10日 星期一 上午6:20,,"Photo by J Chen on March 09, 2025.",15000,25,274,892,https://www.threads.com/@carrefourtaiwan/post/DHAol43TFh4,這大概是一磅的保齡球🎳,2025年3月10日 星期一 下午3:09,,"Photo by 家樂福 | Carrefour on March 10, 2025.",261,2,,2
chu.20892,https://www.threads.com/@chu.20892/post/DG2wbvlyiod,"李多慧
大家有追李多慧 的YT嗎~~ 之前在球場看到她就覺得她超漂亮 雖然很多韓籍啦啦隊 但裡面還是覺得她最可愛一眼就愛上
我是從露營那支影片 開始追她頻道的 比起啦啦隊 更喜歡她日常生活真實的感覺😂 像是昨天那集就很不錯 很放鬆的居家感 看她大採購、煮東西、洗衣服都很療癒 而且竟然發現她洗衣精跟我用同一牌 在韓國很有名的樣子 以後洗衣服都會想到跟女神一樣香味 好嗨(是不是太像變態XD
真的~拜託多慧可以多多拍日常的Vlog😍 請用妳可愛的日常填滿我的生活",2025年3月6日 星期四 下午7:05,,"Photo by @chu.20892 on March 06, 2025. | Photo by @chu.20892 on March 06, 2025. | Photo by @chu.20892 on March 06, 2025.",74,25,,1,https://www.threads.com/@carrefourtaiwan/post/DG5NOgpTmOf,懂逛家樂福真的很慧😎👍,2025年3月7日 星期五 下午5:55,,,4,,,
sdje708,https://www.threads.com/@sdje708/post/DG0OfAuzaCI,我對幼稚園的印象be like,2025年3月5日 星期三 下午7:30,,"Photo by sdje708 on March 05, 2025.",46000,377,3134,2385,https://www.threads.com/@carrefourtaiwan/post/DG2kjabztQx,長大後也講求一個：鐵飯碗,2025年3月6日 星期四 下午5:21,,"Photo by 家樂福 | Carrefour on March 06, 2025.",47,,,
qiaoyin.7,https://www.threads.com/@qiaoyin.7/post/DGuyqLkSt_K,是誰可以忍住不吃明天早餐的,2025年3月3日 星期一 下午4:50,,"Photo by 𝐣𝐨𝐘𝐞𝟗𝟏 on March 03, 2025. | Photo by 𝐣𝐨𝐘𝐞𝟗𝟏 on March 03, 2025.",5249,43,316,383,https://www.threads.com/@carrefourtaiwan/post/DGxfAh4zDBo,沒偷吃一口都是對它的不尊重😋,2025年3月4日 星期二 下午5:56,,"Photo by 家樂福 | Carrefour on March 04, 2025.",14,1,,1
martinzeng2010,https://www.threads.com/@martinzeng2010/post/DGst1zhT81O,"手把會不會因此大賣？（X）
www.instagram.com
Instagram",2025年3月2日 星期日 下午9:30,,,2841,17,106,1473,https://www.threads.com/@carrefourtaiwan/post/DGuztQnzLwz,推薦你空氣清淨機＋時空跳躍套組,2025年3月3日 星期一 下午4:59,,"Photo by 家樂福 | Carrefour on March 03, 2025.",197,,,8
sophiyah.liu,https://www.threads.com/@sophiyah.liu/post/DGhlyqlPHTi,謝謝吉力家有限公司捐贈北投國中女壘隊 每週40瓶鮮奶給選手們健康補給！！ 眾多牛奶的選擇、請您支持愛護基層女孩的品牌！ #福爾摩沙小農鮮奶,2025年2月26日 星期三 下午1:48,,"Photo by 劉柏君 on February 25, 2025.",3384,26,107,10,https://www.threads.com/@carrefourtaiwan/post/DGk9y9jTvIn,吉力支持！,2025年2月27日 星期四 下午9:15,,"Photo by 家樂福 | Carrefour on February 27, 2025.",44,,,1
doris2001xi,https://www.threads.com/@doris2001xi/post/DGf11YXyEuI,"是不是說dirty talk 會增加生活情趣
大家說過最dirty的是什麼話",2025年2月25日 星期二 下午9:29,,,14000,779,286,2133,https://www.threads.com/@carrefourtaiwan/post/DGh0KyaT5v7,👇留言區金胎戈，阿福來打掃一下,2025年2月26日 星期三 下午3:53,,"Photo by 家樂福 | Carrefour on February 25, 2025.",136,1,,4
smarterhr_1990,https://www.threads.com/@smarterhr_1990/post/DGc9hkQRdW4,"我們公司兩百多人： 👤👤👤👤👤👤👤👤👤👤👤👤👤👤👤👤👤👤👤👤👤👤👤👤👤👤👤👤👤👤👤👤👤👤👤👤👤👤👤👤👤👤👤👤👤👤👤👤👤👤👤👤👤👤👤👤👤👤👤👤 👤👤👤👤👤👤👤👤👤👤👤👤
會跟我聊天的同事： 👤👤👤👤👤👤👤👤👤👤👤👤👤👤👤👤👤👤👤👤👤👤👤👤👤👤👤👤👤👤👤👤👤👤👤👤
會一起共事的同事： 👤👤👤👤👤👤👤👤👤👤👤👤
我真正認識的同事： 👤👤👤
我真正（最親近）的同事：🚽 1 / 2",2025年2月24日 星期一 下午6:39,,,16000,115,490,4050,https://www.threads.com/@carrefourtaiwan/post/DGfBrBQzYaW,已購買，同事很愛吃,2025年2月25日 星期二 下午1:54,,"Photo by 家樂福 | Carrefour on February 24, 2025.",174,2,,
lun_____127,https://www.threads.com/@lun_____127/post/DGcwrVPzSHz,女友手殘打翻牛奶可可熊脆片…. 想說他會清理，結果他很懶居然用掃地機器人清理 結果越弄越糟，我看了是很傻眼 還好買的可可熊脆片有附了一個紙巾，趕快拿來擦 原來家樂福已經幫我先想到了… 1 / 2,2025年2月24日 星期一 下午4:47,,"Photo by 倫 on February 24, 2025. | Photo by 倫 on February 24, 2025. | Photo by 倫 on February 24, 2025.",328,38,5,94,https://www.threads.com/@carrefourtaiwan/post/DGe_hmhT1lX,機器人感覺還想吃 要不要再一盒😌,2025年2月25日 星期二 下午1:35,,"Photo by 家樂福 | Carrefour on February 24, 2025.",52,,,
netflixtw,https://www.threads.com/@netflixtw/post/DGSBpzVPDif,我的長這樣,2025年2月20日 星期四 下午12:43,@carrefourtaiwan,"Photo by Netflix Taiwan on February 19, 2025.",4448,26,4,20,https://www.threads.com/@carrefourtaiwan/post/DGVJ5lzzQxW,怎麼沒人說家樂福小編手好看的,2025年2月21日 星期五 下午5:53,,"Photo by 家樂福 | Carrefour on February 21, 2025.",5,,,
i.am.tall.one,https://www.threads.com/@i.am.tall.one/post/DGNzlTZyK2O,花會笑 因為花有梗,2025年2月18日 星期二 下午9:23,,,8864,34,927,431,https://www.threads.com/@carrefourtaiwan/post/DGQEpypzrpg,湯會走 因為湯會滾,2025年2月19日 星期三 下午6:31,,"Photo by 家樂福 | Carrefour on February 19, 2025.",53,2,,
t2sz1,https://www.threads.com/@t2sz1/post/DGNoenXTDrR,烏弄的 便宜一點的星冰樂😳甚至更好喝！有點金莎🍫的味道,2025年2月18日 星期二 下午7:46,,"Photo by @t2sz1 on February 18, 2025. | Photo by @t2sz1 on February 18, 2025.",27000,459,1168,8704,https://www.threads.com/@carrefourtaiwan/post/DGQB8r8zTxS,相似度87%？ 翻譯,2025年2月19日 星期三 下午6:07,,"Photo by 家樂福 | Carrefour on February 19, 2025.",246,1,,2
iamrexchou,https://www.threads.com/@iamrexchou/post/DGNKg0vBPLa,"今天上班遲到了，主管問原因，我猶豫了一下，還是決定說實話。
「我家貓今天心情不好，非要我摸牠肚子才讓我走。」
主管沉默三秒，淡淡回了一句：
「合理，下次記得多摸兩下。」 1 / 5",2025年2月18日 星期二 下午3:25,,,50000,254,550,2032,https://www.threads.com/@carrefourtaiwan/post/DGNeEy8zIhe,🫳🫳🫳 ＿＿ ／＞ フ | _ _ l🫲 ／` ミ＿xノ / | / ヽ ﾉ │ | | |🫲 ／￣| | | | | (￣ヽ＿_ヽ_)__) ＼二つ🫴,2025年2月18日 星期二 下午6:15,,,1797,4,25,31
tonyyueh2022,https://www.threads.com/@tonyyueh2022/post/DGMbY7ryH1d,"高雄人
寶寶們大團圓後就地解散高雄人",2025年2月18日 星期二 上午8:33,,,6491,26,135,155,https://www.threads.com/@carrefourtaiwan/post/DGNU4_wzete,謝謝寶寶❤️下班跟馬麻回家😍,2025年2月18日 星期二 下午4:55,,"Photo by 家樂福 | Carrefour on February 18, 2025.",29,,,3
coffee.0116,https://www.threads.com/@coffee.0116/post/DGCSMhFzSD-,情人節 親手做了花束給女友 看得出來她很開心 1 / 2,2025年2月14日 星期五 上午10:00,,"Photo by 李沅諭 on February 13, 2025. | Photo by 李沅諭 on February 13, 2025.",120000,1664,5002,33000,https://www.threads.com/@carrefourtaiwan/post/DGC7M_pTS3f,哥們起碼用有花紋的吧，求生慾高一點🤏,2025年2月14日 星期五 下午3:58,,"Photo by 家樂福 | Carrefour on February 13, 2025.",758,2,,4
cryptocitytw,https://www.threads.com/@cryptocitytw/post/DGAnvd3Icum,原來如此 1 / 2,2025年2月13日 星期四 下午6:30,,"Photo by 加密城市 ｜🚀 最全面的區塊鏈資訊平台 on February 13, 2025.",280000,1498,18000,53000,https://www.threads.com/@carrefourtaiwan/post/DGCUUARTfu6,先送你的敵人上天堂,2025年2月14日 星期五 上午10:19,,"Photo by 家樂福 | Carrefour on February 13, 2025.",687,7,4,16
kevinshuan,https://www.threads.com/@kevinshuan/post/DF7s9gRT_sM,什麼行業最不容易受傷 . . . . . 零售商,2025年2月11日 星期二 下午8:39,,,4204,14,321,614,https://www.threads.com/@carrefourtaiwan/post/DF-BK4VT8Xb,阿福帶著暖暖包來了,2025年2月12日 星期三 下午6:14,,"Photo by 家樂福 | Carrefour on February 12, 2025.",28,,,
mypantsssss,https://www.threads.com/@mypantsssss/post/DF9H4wKzIGR,謝謝種草莓😌,2025年2月12日 星期三 上午9:54,@carrefourtaiwan,,,1,,,https://www.threads.com/@carrefourtaiwan/post/DF9S02jT1T8,"🍓不夠的話 這裡還有🥰 lihi1.me/1n5A1
online.carrefour.com.tw
行銷分類 | 家樂福線上購物",2025年2月12日 星期三 上午11:29,,行銷分類 | 家樂福線上購物,2,,,
huang_teresa_1207,https://www.threads.com/@huang_teresa_1207/post/DF2_S7AhJcC,"和男朋友都喝到有點微醺的時候
男友突然問我說： 「妳知道眼睛是這世界上最強大的相機嗎？」
我回：「我知道喔。」
然後男友看著我大力的眨眼、然後笑著說： 「所以我剛剛拍下了世界上最漂亮的照片」
心動爆擊一萬年",2025年2月10日 星期一 上午12:43,,,62000,334,2419,3044,https://www.threads.com/@carrefourtaiwan/post/DF4tJ6ITDON,建議送男友一組鏡頭蓋 以防亂拍其他女生,2025年2月10日 星期一 下午4:43,,"Photo by 家樂福 | Carrefour on February 10, 2025.",3209,13,18,121
bo___o_,https://www.threads.com/@bo___o_/post/DFuqcLqynzw,靠邀哈利波特的主角叫什麼啊，四個字的，一直想不起來…,2025年2月6日 星期四 下午7:07,,,9499,544,312,753,https://www.threads.com/@carrefourtaiwan/post/DFxAceyzjy6,哈根達斯,2025年2月7日 星期五 下午4:58,,"Photo by 家樂福 | Carrefour on February 07, 2025.",524,2,,10
gi_sele4511,https://www.threads.com/@gi_sele4511/post/DFvSvGhzeaE,戒呼吸 一讚一秒 1 / 2,2025年2月7日 星期五 上午12:59,,,8096,41,75,111,https://www.threads.com/@carrefourtaiwan/post/DFxAT-BzZAZ,好😌陪你憋氣,2025年2月7日 星期五 下午4:57,,"Photo by 家樂福 | Carrefour on February 07, 2025.",66,2,,
silentestlamb_memes,https://www.threads.com/@silentestlamb_memes/post/DFJpL9HyD-j,讀書必備,2025年1月23日 星期四 上午10:04,,"Photo by 沉默羔羊的免費迷因倉庫（Silentest Lamb’s free meme storehouse) on January 22, 2025.",41000,313,1178,5052,https://www.threads.com/@carrefourtaiwan/post/DFKgZ0dpE5i,還需要個能高效做報告的滑鼠😌,2025年1月23日 星期四 下午6:07,,"Photo by 家樂福 | Carrefour on January 23, 2025.",691,6,,4
wen_girl0823,https://www.threads.com/@wen_girl0823/post/DFAP4GdycUQ,家樂福也有草莓蛋糕了⋯⋯ 重點還送紅包💘 1 / 2,2025年1月19日 星期日 下午6:30,,"Photo by 多多 on January 19, 2025. | Photo by 多多 on January 19, 2025.",3142,29,140,1061,https://www.threads.com/@carrefourtaiwan/post/DFJ53PDTbXf,🥰紅包袋與設計師詹朴合作🧧上是可愛草莓MOON🍓🍓🍓,2025年1月23日 星期四 下午12:30,,,25,1,,1
yonghe_grandpa,https://www.threads.com/@yonghe_grandpa/post/DFJxKiKzNFI,"喜歡每一個跟阿公玩得好開心的下午✨ / 阿公最為人所稱讚的一點就是他對新事物的接受度出奇地高，那天我們跟他一起創作了家樂福這版 Emo 吉春聯，諧音emoji也是伸手就來，一點溝通上的問題也沒有🤣 聽長孫解釋完他的作品（💵🤌9️⃣🍊）還大笑得樂呵呵。
語言只是溝通的媒介，但情感分子穿透在空氣中的互動才是無法忽略的幸福泉源，而這些微小的瞬間組成在一起，都是我們和阿公相處上最珍貴的寶藏💫 / 祝大家新的一年🪙🐍👐🧧🦅👄💐💰！",2025年1月23日 星期四 上午11:14,,"Photo by 永和超級阿公 on January 22, 2025. | Photo by 永和超級阿公 on January 22, 2025. | Photo by 永和超級阿公 on January 22, 2025. | Photo by 永和超級阿公 on January 22, 2025. | Photo by 永和超級阿公 on January 22, 2025. | Photo by 永和超級阿公 on January 22, 2025.",3566,52,9,5,https://www.threads.com/@carrefourtaiwan/post/DFJ4s2RzXzf,已偷偷儲存阿公🟤👶🏼1️⃣笑容滿面的照片🥰 新年快樂💖💖,2025年1月23日 星期四 下午12:20,,,11,,,
jing_yu._,https://www.threads.com/@jing_yu._/post/DE1vXC_Be7_,這裝置到底是什麼意思？？ 我猜是給巨人的越式洗髮,2025年1月15日 星期三 下午4:35,,,21000,230,950,3927,https://www.threads.com/@carrefourtaiwan/post/DE4LxaVzU3N,越式不可能 悅氏礦泉水,2025年1月16日 星期四 下午3:20,,"Photo by 家樂福 | Carrefour on January 15, 2025.",165,2,,2
erikaka_wang,https://www.threads.com/@erikaka_wang/post/DEzr_JHTjw_,哈利波特－膀胱的考驗 1/2,2025年1月14日 星期二 下午9:25,,"Photo by 王麒 ERIKA on January 14, 2025.",47000,442,3120,17000,https://www.threads.com/@carrefourtaiwan/post/DE14VuuJY3u,包在阿福身上😌,2025年1月15日 星期三 下午5:52,,"Photo by 家樂福 | Carrefour on January 15, 2025.",194,3,,1
housekeepercapybara,https://www.threads.com/@housekeepercapybara/post/DE1W_47StR4,"一早公司上演霸總BL戲碼😍
男主管A：B你晚上尾牙怎麼去 男主管B：．．．還不知道 男主管A：坐我的車去
（其他人：瞳孔地震） 1/2",2025年1月15日 星期三 下午1:00,,,24000,217,633,1932,https://www.threads.com/@carrefourtaiwan/post/DE14NnHpzdw,我瓜都準備好了後續呢！！,2025年1月15日 星期三 下午5:51,,"Photo by 家樂福 | Carrefour on January 15, 2025.",1259,5,1,12
i_lovememe520,https://www.threads.com/@i_lovememe520/post/DEys9VoBo1S,：我只是鹿過,2025年1月14日 星期二 下午12:15,,,60000,686,4401,24000,https://www.threads.com/@carrefourtaiwan/post/DEzI532zT-B,一鹿平安,2025年1月14日 星期二 下午4:19,,"Photo by 家樂福 | Carrefour on January 14, 2025.",83,,,3
11reallulu20,https://www.threads.com/@11reallulu20/post/DEwslo3yNd8,"以前聽異性講情話 好誠懇 好暈 以後小孩要跟誰姓
現在聽異性講情話 好大的一張餅 笑死 是在賣披薩",2025年1月13日 星期一 下午5:33,,,22000,261,1674,3160,https://www.threads.com/@carrefourtaiwan/post/DEzDAf1pwDH,總會出一張嘴 18吋夠大嗎,2025年1月14日 星期二 下午3:27,,"Photo by 家樂福 | Carrefour on January 13, 2025.",105,1,,3
noccsy559,https://www.threads.com/@noccsy559/post/DEmJ42RTWQP,"打電話不要用LINE打 要用FACETIME
用APPLE WATCH的人都懂的痛 常常被罵欸🥲",2025年1月9日 星期四 下午3:17,,,17000,265,237,1490,https://www.threads.com/@carrefourtaiwan/post/DEopoSUJVnJ,用賴打確實會火😡🔥,2025年1月10日 星期五 下午2:33,,"Photo by 家樂福 | Carrefour on January 09, 2025.",136,3,,1
y1usagi,https://www.threads.com/@y1usagi/post/DEoRRVBvdnD,"我的國文程度要我造句：
煙花三月下揚州 想吃皮蛋瘦肉粥。 1/2",2025年1月10日 星期五 上午11:00,,,1197,194,83,343,https://www.threads.com/@carrefourtaiwan/post/DEopHDIpgpk,兩岸猿聲啼不住 新春來逛家樂福,2025年1月10日 星期五 下午2:29,,,256,,2,4
_nong.423,https://www.threads.com/@_nong.423/post/DEg4LJoS-9z,我犯了全天下男人女人都會犯的錯 1/2,2025年1月7日 星期二 下午2:07,,,3204,64,47,124,https://www.threads.com/@carrefourtaiwan/post/DEmWQmqTNt-,來支擦擦筆 把錯誤一筆勾銷😌,2025年1月9日 星期四 下午5:05,,"Photo by 家樂福 | Carrefour on January 09, 2025.",48,2,,
show_w.e.n,https://www.threads.com/@show_w.e.n/post/DEl1atxT3wv,還記得可愛的舒潔拉拉嗎？ 牠現在長這麼大囉～～～ 1/2,2025年1月9日 星期四 下午12:37,,,41000,349,1989,7971,https://www.threads.com/@carrefourtaiwan/post/DEmTM-sTwyU,拉拉變成扌立扌立了😍,2025年1月9日 星期四 下午4:39,,,2638,1,2,57
waterbabygirl,https://www.threads.com/@waterbabygirl/post/DEcITjOzWl-,最近的💄試色照被廠商退貨,2025年1月5日 星期日 下午5:51,,"Photo by 水兒 on January 05, 2025. | Photo by 水兒 on January 05, 2025. | Photo by 水兒 on January 05, 2025. | Photo by 水兒 on January 05, 2025.",42000,391,1370,4871,https://www.threads.com/@carrefourtaiwan/post/DEerl_LzliJ,同款豐唇，輕鬆擁有,2025年1月6日 星期一 下午5:38,,"Photo by 家樂福 | Carrefour on January 06, 2025.",78,2,,1
88_astronomia_88,https://www.threads.com/@88_astronomia_88/post/DESGrqhSDuL,我一直提醒自己 現在是民國114年了 . . . . . . 明天開發票不要再寫成113年🥴 1 / 2,2025年1月1日 星期三 下午8:24,,,4973,46,9,54,https://www.threads.com/@carrefourtaiwan/post/DEUqak4BLHS,114記不起來 喝點它可能就記起來了,2025年1月2日 星期四 下午8:15,,"Photo by 家樂福 | Carrefour on January 02, 2025.",34,1,,
andy_0220x,https://www.threads.com/@andy_0220x/post/DEOkgSUPt_N,"今天就是跨年了 奉勸各位 晚上
他媽的不要跟我搶買鹽酥雞
去年等了一小時，我在鹽酥雞攤跟老闆一起倒數了",2024年12月31日 星期二 上午11:28,,,42000,210,942,2722,https://www.threads.com/@carrefourtaiwan/post/DEPQp4-J15n,去年在外氣炸 今年不如在家氣炸,2024年12月31日 星期二 下午5:54,,"Photo by 家樂福 | Carrefour on December 31, 2024.",1124,1,3,21
