user_name,user_post_url,user_content,user_timestamp,user_replying_to,user_image_alts,user_likes,user_replies,user_reposts,user_shares,brand_reply_url,brand_reply_content,brand_reply_timestamp,brand_replying_to,brand_reply_image_alts,brand_reply_likes,brand_reply_replies,brand_reply_reposts,brand_reply_shares
william_chingte,https://www.threads.com/@william_chingte/post/DVkYZVTkdhH,滿貫砲！！！,2026年3月7日 星期六 上午11:39,,,58000,787,755,843,https://www.threads.com/@dominospizza_tw/post/DVkpjlREfT2,我也在看！今天骰到六🔥,2026年3月7日 星期六 下午2:09,,,31,,,
fkchiang,https://www.threads.com/@fkchiang/post/DVko163DD3m,通通吃爆,2026年3月7日 星期六 下午2:03,@dominospizza_tw,,2,1,,,https://www.threads.com/@dominospizza_tw/post/DVkpSRykcmp,泡菜豬吃爆！澳洲🦘再吃爆一次,2026年3月7日 星期六 下午2:07,,,1,,,
weng2120723,https://www.threads.com/@weng2120723/post/DVY8xrak0dN,"WBC經典賽台灣六六大順應援團,準備出發囉~",2026年3月3日 星期二 上午1:06,,"Photo by 翁啟逢 on March 02, 2026. May be an image of text. | Photo by 翁啟逢 on March 02, 2026. May be an image of one or more people and text.",47,1,,,https://www.threads.com/@dominospizza_tw/post/DVaMnYMEY6y,"Go
TeamTaiwan",2026年3月3日 星期二 下午12:44,,,3,,,
lifetea.tw,https://www.threads.com/@lifetea.tw/post/DVaBIpvknPw,"WBC2026
WBC世界棒球經典賽即將開打，全台進入應援模式！ 聽說對手很強？沒關係，我已經準備好了一桌壽司拼盤、拉麵和大阪燒， 每一口都是為了中華隊的勝利在努力！🇹🇼 吃得越飽應援越有力，一起為Team Taiwan集氣💪",2026年3月3日 星期二 上午11:04,,"Photo by 人生手搖飲 on March 02, 2026. May be an illustration of text that says '為了贏球 ，我願意把對手都吃下肚！ TAIWAN 中 華 隊 加 油 TPE 3: JPN TPE3:JPN1: 1 00 O 吃爆做法中..… Team Taiwan C 人生手搖飲'.",13,9,,,https://www.threads.com/@dominospizza_tw/post/DVaMhiVkTPZ,"好 吃爆
TeamTaiwan",2026年3月3日 星期二 下午12:43,,,1,1,,
news.ebc,https://www.threads.com/@news.ebc/post/DVaMEDJEn4s,"WBC
台灣全場狂敲9安！ 5比1擊退軟銀 WBC 熱身賽 1/2",2026年3月3日 星期二 下午12:39,,,100,3,1,2,https://www.threads.com/@dominospizza_tw/post/DVaMeK4EcMA,"Yes!!!!!
TeamTaiwan",2026年3月3日 星期二 下午12:43,,,5,,,
karus.life,https://www.threads.com/@karus.life/post/DVaKaR3kju9,衝,2026年3月3日 星期二 下午12:25,@dominospizza_tw衝讚1回覆1轉發分享,,1,1,,,https://www.threads.com/@dominospizza_tw/post/DVaLXaXkfIa,Go!,2026年3月3日 星期二 下午12:33,,,,,,
mtmtmt.tw,https://www.threads.com/@mtmtmt.tw/post/DVaIKW8EYNK,達美樂骰到 6 全民挺台灣 ！！,2026年3月3日 星期二 下午12:05,@dominospizza_tw達美樂骰到,"Photo by Wade on March 02, 2026. May be an image of baseball, pizza, napkin, placemat and text.",8,1,,,https://www.threads.com/@dominospizza_tw/post/DVaLWFVkd0r,挺！感動,2026年3月3日 星期二 下午12:33,,,4,,,
chiangyenchiang,https://www.threads.com/@chiangyenchiang/post/DVZ5Hqdktwe,66披薩又來了！！！,2026年3月3日 星期二 上午9:54,@dominospizza_tw66披薩又來了！！！讚4回覆1轉發分享,,4,1,,,https://www.threads.com/@dominospizza_tw/post/DVZ6QdrEfUg,"吃爆😎
TeamTaiwan
2026-3-2",2026年3月3日 星期二 上午10:04,,"Photo by 達美樂披薩 on March 01, 2026. May be an image of text that says 'Domino's 應援棒球套餐 3/2-3/8期間限定限量版售 ာဝ NepNEO Domino's Domino'sTEAMTAIWAN TEAM TAIWAN 百事可躁 限時 販售 限799 元 立即訂購 優惠代碼 優惠代碼831116 831116 ※本優惠按薩口味限！ 吃深四強」'.",2,1,,
jieling0522,https://www.threads.com/@jieling0522/post/DVYxEd9kolc,"2026 WBC
第一次單飛出國 獻給WBC！
東京，我來了 中華隊，我們現場見 🇹🇼⚾️
這趟不是旅行 是應援任務！",2026年3月2日 星期一 下午11:24,,"Photo by Jieling on March 02, 2026. May be an image of terminal and text.",2767,58,5,4,https://www.threads.com/@dominospizza_tw/post/DVZwKzAE-xn,🙌一起為台灣加油🤙🤙🤙,2026年3月3日 星期二 上午8:35,,,235,1,,
max.wang.xuan.lin,https://www.threads.com/@max.wang.xuan.lin/post/DVYwqUfiRZ9,我也準備好了,2026年3月2日 星期一 下午11:20,@dominospizza_tw我也準備好了讚1回覆1轉發分享,"Photo by 王璿霖MAX on March 02, 2026. May be an image of placemat, box and text.",1,1,,,https://www.threads.com/@dominospizza_tw/post/DVZwB91E98Y,🎲🤙🤙🤙🙌,2026年3月3日 星期二 上午8:34,,,,,,
antisky025,https://www.threads.com/@antisky025/post/DVYnw1PktKr,看棒球轉播，吃披薩🍕 非常適合,2026年3月2日 星期一 下午10:03,@dominospizza_tw看棒球轉播，吃披薩🍕,,1,1,,,https://www.threads.com/@dominospizza_tw/post/DVZv9YGk5jq,"吃爆😍
TeamTaiwan
2026-3-2",2026年3月3日 星期二 上午8:34,,"Photo by 達美樂披薩 on March 01, 2026. May be an image of text that says 'Domino's 應援棒球套餐 3/2-3/8期間限定限量版售 ာဝ NepNEO Domino's Domino'sTEAMTAIWAN TEAM TAIWAN 百事可躁 限時 販售 限799 元 立即訂購 優惠代碼 優惠代碼831116 831116 ※本優惠按薩口味限！ 吃深四強」'.",,,,
chiangyenchiang,https://www.threads.com/@chiangyenchiang/post/DVYwOXwEmcF,"TeamTaiwan
在日本能看到這 好感動 台灣加油
表参道駅",2026年3月2日 星期一 下午11:17,,,3408,18,48,73,https://www.threads.com/@dominospizza_tw/post/DVZvzWRE2ZJ,Team Taiwan🙌🥹🤙🤙🤙,2026年3月3日 星期二 上午8:32,,,714,1,,
ryan7050630,https://www.threads.com/@ryan7050630/post/DVNAI8IGK1U,用心支持台灣棒球的達美樂,2026年2月26日 星期四 上午9:45,@dominospizza_tw,"Photo by 李明曄 on February 25, 2026. May be an image of card, playing cards, mouse pad and text. | Photo by 李明曄 on February 25, 2026. May be an image of playing cards, crossword puzzle, card and text.",30,1,,,https://www.threads.com/@dominospizza_tw/post/DVNFfG2EdJZ,你還留著～～😭,2026年2月26日 星期四 上午10:32,,,7,1,,
ronahope33,https://www.threads.com/@ronahope33/post/DVJqE1SE-4O,一邊吃達美樂一邊看經典賽！幫Team Taiwan中華隊加油！,2026年2月25日 星期三 上午2:34,@dominospizza_tw,,1,1,,,https://www.threads.com/@dominospizza_tw/post/DVNFbZzEUAZ,好 我等你🫶,2026年2月26日 星期四 上午10:31,,,,,,
ldd.tea,https://www.threads.com/@ldd.tea/post/DVM23YOEsFs,我不相信連假前一大早有小編在那海巡 如果有趕緊在底下說我要放假🤭🤭,2026年2月26日 星期四 上午8:24,,,169,219,6,,https://www.threads.com/@dominospizza_tw/post/DVNFRi_ES4o,想午餐吃什麼,2026年2月26日 星期四 上午10:30,,,4,1,,
fuxinggao_taiwan,https://www.threads.com/@fuxinggao_taiwan/post/DRMZVLXk0zo,半價！你成功引起我的注意了！章魚燒披薩😎,2025年11月18日 星期二 下午6:00,@dominospizza_tw,,1,1,,,https://www.threads.com/@dominospizza_tw/post/DRM7l6VkU_p,來～～～～ 💕,2025年11月18日 星期二 下午11:00,,,,,,
on.the.mood_quotes,https://www.threads.com/@on.the.mood_quotes/post/DRL2T7jEq8A,我愛達美樂🫶,2025年11月18日 星期二 下午12:54,@dominospizza_tw,,1,1,,,https://www.threads.com/@dominospizza_tw/post/DRMTHkwESYC,我也愛你,2025年11月18日 星期二 下午5:06,,,2,,,
rnn9063t,https://www.threads.com/@rnn9063t/post/DRL72uxif6R,辛苦了…,2025年11月18日 星期二 下午1:43,@dominospizza_tw,"Photo by 嘉南羊乳｜總公司 on November 17, 2025.",258,1,,2,https://www.threads.com/@dominospizza_tw/post/DRMTEYzETGa,是！,2025年11月18日 星期二 下午5:05,,,21,,,
c4.sweetthing,https://www.threads.com/@c4.sweetthing/post/DRMQUWoknMh,小編也會設計嗎🤣,2025年11月18日 星期二 下午4:41,@dominospizza_tw,,,1,,,https://www.threads.com/@dominospizza_tw/post/DRMTCpkkYok,我… 略懂,2025年11月18日 星期二 下午5:05,,,2,,,
jamesyen1984,https://www.threads.com/@jamesyen1984/post/DRMJhFnklWg,"達美樂行銷企劃有限公司？
咖認真欸 快去做披薩 不是做圖🤣🤣",2025年11月18日 星期二 下午3:42,@dominospizza_tw,,11,1,,,https://www.threads.com/@dominospizza_tw/post/DRMTA2cEYLL,我做完圖 就來洗手手做披薩🍕,2025年11月18日 星期二 下午5:05,,,11,,,
chenvok,https://www.threads.com/@chenvok/post/DRMGtWzEW0h,默默點開APP......,2025年11月18日 星期二 下午3:17,@dominospizza_tw,,1,1,,,https://www.threads.com/@dominospizza_tw/post/DRMS8rWkWr8,默默吃了大披薩 再吃了小披薩 翻譯,2025年11月18日 星期二 下午5:04,,,2,,,
wang.shenglun,https://www.threads.com/@wang.shenglun/post/DRMM9Ztj2TA,這樣對比下來我真的看不出哪裡有章魚欸…可能要拿放大鏡?,2025年11月18日 星期二 下午4:12,@dominospizza_tw,,,1,,,https://www.threads.com/@dominospizza_tw/post/DRMSxiCkaBa,歡迎訂訂看！😋 好吃喔,2025年11月18日 星期二 下午5:03,,,,,,
mummu___87,https://www.threads.com/@mummu___87/post/DRMG4JsD8D5,看來要考慮一下達美樂了,2025年11月18日 星期二 下午3:19,@dominospizza_tw,,17,1,,,https://www.threads.com/@dominospizza_tw/post/DRMMoDiEQGW,好啊！,2025年11月18日 星期二 下午4:09,,,4,,,
yuching330,https://www.threads.com/@yuching330/post/DRL-B0MEnV1,都不知道達美樂有章魚燒口味耶🥹😍,2025年11月18日 星期二 下午2:02,@dominospizza_tw,,6,1,,,https://www.threads.com/@dominospizza_tw/post/DRMMmc6EZdg,今天知道！？,2025年11月18日 星期二 下午4:09,,,7,,,
beelovelab,https://www.threads.com/@beelovelab/post/DRMHXOEk1fP,擴！,2025年11月18日 星期二 下午3:23,@dominospizza_tw,,1,1,,,https://www.threads.com/@dominospizza_tw/post/DRMMKpAERCU,好！,2025年11月18日 星期二 下午4:05,,,,,,
chaorong700,https://www.threads.com/@chaorong700/post/DRMLgfwEuFG,同德十街新店來了,2025年11月18日 星期二 下午3:59,@dominospizza_tw,,1,1,,,https://www.threads.com/@dominospizza_tw/post/DRMMJw0EWTy,訂單來了！愛你們,2025年11月18日 星期二 下午4:05,,,1,,,
danny.chen.7146,https://www.threads.com/@danny.chen.7146/post/DRLwTqHCSuC,你不做餅做什麼圖啦，內場忙到爆,2025年11月18日 星期二 下午12:02,@dominospizza_tw,,596,1,,5,https://www.threads.com/@dominospizza_tw/post/DRLwdxmEcWf,我跟你道歉🙇,2025年11月18日 星期二 下午12:03,,,287,1,,1
yume_.0205,https://www.threads.com/@yume_.0205/post/DRLv33Pka81,這是今天最快樂的事情 今天晚餐吃披薩,2025年11月18日 星期二 上午11:58,@dominospizza_tw,,1,1,,,https://www.threads.com/@dominospizza_tw/post/DRLwbjvkUNB,揪友來吃有特價🐙🍕,2025年11月18日 星期二 下午12:03,,,1,,,
zac0927,https://www.threads.com/@zac0927/post/DRLqpmdk7K6,沒事！你繼續去做比薩,2025年11月18日 星期二 上午11:12,@dominospizza_tw,,39,1,,,https://www.threads.com/@dominospizza_tw/post/DRLu_kUkSm9,好 我正在忙 訂單來了,2025年11月18日 星期二 上午11:50,,,28,,,
the__gelateria,https://www.threads.com/@the__gelateria/post/DRLrEXJk7sA,我在等你的圖啊,2025年11月18日 星期二 上午11:16,@dominospizza_tw,,7,1,,,https://www.threads.com/@dominospizza_tw/post/DRLu0gikZJ6,我等你訂餐💋,2025年11月18日 星期二 上午11:49,,,3,,,
xcurating,https://www.threads.com/@xcurating/post/DRLt4lCkhTE,達美樂又贏！,2025年11月18日 星期二 上午11:40,@dominospizza_tw,,5,1,,,https://www.threads.com/@dominospizza_tw/post/DRLuQNYEbXB,贏你的心！這是我唯一在乎,2025年11月18日 星期二 上午11:44,,,4,,,
liuxing90126,https://www.threads.com/@liuxing90126/post/DRLtzMFCc3Z,好壞喔，一邊剛離職你這邊就馬上就職！,2025年11月18日 星期二 上午11:40,@dominospizza_tw,,15,1,,,https://www.threads.com/@dominospizza_tw/post/DRLuNTqkUeu,擴大慶祝,2025年11月18日 星期二 上午11:43,,,9,,,
hamickha,https://www.threads.com/@hamickha/post/DRLuG1lE_B_,小編不辦個活動，關注此帳號並轉發的，這則留言抽出五位脆友一個大披薩🍕（😎,2025年11月18日 星期二 上午11:42,@dominospizza_tw,,52,1,,1,https://www.threads.com/@dominospizza_tw/post/DRLuL79kTGZ,有興趣！,2025年11月18日 星期二 上午11:43,,,53,1,,1
youmegohaha,https://www.threads.com/@youmegohaha/post/DRLtpkhD3Is,買爆,2025年11月18日 星期二 上午11:38,@dominospizza_tw,,2,1,,,https://www.threads.com/@dominospizza_tw/post/DRLttI9ET2_,愛了😻,2025年11月18日 星期二 上午11:39,,,1,,,
nailiang_0911,https://www.threads.com/@nailiang_0911/post/DRLtmOSCRcf,好想吃 但一個人吃不完大的 只好一個人吃小的了,2025年11月18日 星期二 上午11:38,@dominospizza_tw,,4,1,,,https://www.threads.com/@dominospizza_tw/post/DRLtrUhkc7U,大小通吃🥰,2025年11月18日 星期二 上午11:39,,,3,,,
common_scones,https://www.threads.com/@common_scones/post/DRLtmjUEpTa,半價好美，恭喜合格⭕,2025年11月18日 星期二 上午11:38,@dominospizza_tw,,29,1,,,https://www.threads.com/@dominospizza_tw/post/DRLtppPkaJB,謝謝☺️,2025年11月18日 星期二 上午11:38,,,10,1,,
stevenash_337,https://www.threads.com/@stevenash_337/post/DRJRbDaEmXY,防守贏得總冠軍🏆💪💪💪,2025年11月17日 星期一 下午12:53,@stepbackjumper3434,,10,1,,,https://www.threads.com/@dominospizza_tw/post/DRLMvRek36v,夏威夷總冠軍！,2025年11月18日 星期二 上午6:51,,,1,,,
steven20116,https://www.threads.com/@steven20116/post/DRKTu_Fj9d2,今天有兩件讓我崩潰的事…. 必勝客不賣章魚燒比薩 Guma沒有續約…..,2025年11月17日 星期一 下午10:33,,,1,1,,,https://www.threads.com/@dominospizza_tw/post/DRLMmtjk3X-,不崩潰！我陪伴你,2025年11月18日 星期二 上午6:50,,,1,,,
luckydertravels,https://www.threads.com/@luckydertravels/post/DRKyk-5kQhB,好啊 必勝客我最愛的海鮮跟章魚燒都沒了 再見了啊🙄,2025年11月18日 星期二 上午3:02,,,,1,,,https://www.threads.com/@dominospizza_tw/post/DRLMjzpE5wX,早安！達美樂五折優惠迎接你,2025年11月18日 星期二 上午6:49,,,1,,,
guagua1188,https://www.threads.com/@guagua1188/post/DRKSN84Cddr,我這輩子只吃達美樂了,2025年11月17日 星期一 下午10:19,,,6,1,,2,https://www.threads.com/@dominospizza_tw/post/DRLJTWmE6X2,我這輩子大門為你而開,2025年11月18日 星期二 上午6:21,,,9,,,
danise_5441807,https://www.threads.com/@danise_5441807/post/DRKSwYZk5GZ,我變心愛上你ㄌ,2025年11月17日 星期一 下午10:24,@dominospizza_tw,,2,1,,,https://www.threads.com/@dominospizza_tw/post/DRKfNjUif_t,😘,2025年11月18日 星期二 上午12:13,,,,,,
sion_98989,https://www.threads.com/@sion_98989/post/DRKRutREpc4,請問達美樂夏威夷披薩醬料有辣嗎？有時候吃起來沒辣，有時候又有淡淡地辣味。想抓住小編確認一下🥹,2025年11月17日 星期一 下午10:15,@dominospizza_tw,,,1,,,https://www.threads.com/@dominospizza_tw/post/DRKR1kAkfvk,披薩醬本身沒有辣喔喔喔！ 可能是其他的配料,2025年11月17日 星期一 下午10:16,,,,1,,
chi1ren,https://www.threads.com/@chi1ren/post/DRKJTpYkZXL,想吃披薩 推薦一下 除了達美樂之外🍕 2 / 2,2025年11月17日 星期一 下午9:02,@chi1ren,,22,7,,4,https://www.threads.com/@dominospizza_tw/post/DRKOpr1kfCx,還是達美樂,2025年11月17日 星期一 下午9:48,,,1,1,,
yuan____0521,https://www.threads.com/@yuan____0521/post/DRKFrnXEjjk,從今天起永和鄉親aka我們家只吃達美樂了🥺,2025年11月17日 星期一 下午8:30,,,16,2,,,https://www.threads.com/@dominospizza_tw/post/DRKOi0mEaYS,好喔👌,2025年11月17日 星期一 下午9:47,,,8,1,,
,https://www.threads.com/@pizzahut.taiwan/post/DRJCIJFkhX2,pizzahut.taiwan 雖然遺憾，但是祝福 謝謝你 #章魚燒,2025年11月17日 星期一 上午10:40,,"Photo by 必勝客 Pizza Hut Taiwan on November 16, 2025.",35000,2835,2463,25000,https://www.threads.com/@dominospizza_tw/post/DRKOadXEZR4,好心疼😔 我們給你五折優惠！日式章魚燒披薩陪伴你,2025年11月17日 星期一 下午9:46,,,17,1,,
manman_days,https://www.threads.com/@manman_days/post/DRKOOiakkwX,今天版面上都是必勝客章魚燒的悲報 但比起這個 達美樂的肉桂巴掌麵包可以回來嗎🥺,2025年11月17日 星期一 下午9:45,,,,2,,,https://www.threads.com/@dominospizza_tw/post/DRKOSpfEUYH,我看到了,2025年11月17日 星期一 下午9:45,,,,1,,
eatsisternetcold,https://www.threads.com/@eatsisternetcold/post/DRKFOr6kcCW,不！！！我必勝客只吃和風章魚燒欸 到底是誰在衝康 蛤 最該下架的不是夏威夷嗎？？？,2025年11月17日 星期一 下午8:26,,"Photo by 必勝客 Pizza Hut Taiwan on November 16, 2025.",2,3,,1,https://www.threads.com/@dominospizza_tw/post/DRKFYu3EYAC,🫂 不要哭 你還有我,2025年11月17日 星期一 下午8:27,,,6,1,,
liliwen_0302,https://www.threads.com/@liliwen_0302/post/DRJkmxAExff,"必勝客
章魚燒口味確實無法被取代 所以我去點達美樂吧",2025年11月17日 星期一 下午3:41,,"Photo by 必勝客 Pizza Hut Taiwan on November 16, 2025.",1,2,,1,https://www.threads.com/@dominospizza_tw/post/DRKFHwCkdk-,好！五折特價！,2025年11月17日 星期一 下午8:25,,,2,1,,
hcc681011,https://www.threads.com/@hcc681011/post/DRJOrLlj7pe,"必勝客疑似取消章魚燒披薩。
肯定是傻了，個人覺得章魚燒是前幾名好吃的。
#可能是必勝客想正名為魷魚燒披薩吧",2025年11月17日 星期一 下午12:29,,,7318,110,97,156,https://www.threads.com/@dominospizza_tw/post/DRKFBYJEV63,我來了！ 日式章魚燒大披薩本週外帶5折特價，等你們來 ～ 💕💋🐙,2025年11月17日 星期一 下午8:24,,,189,,1,12
weiwensheva,https://www.threads.com/@weiwensheva/post/DRJi3bIEqGw,必勝客的本體不是章魚燒嗎😱 很桑心的下架時 達美樂很開心的章魚燒5折🤣,2025年11月17日 星期一 下午3:26,,,13,1,,1,https://www.threads.com/@dominospizza_tw/post/DRKE4RWEbqg,💕,2025年11月17日 星期一 下午8:23,,,1,,,
sherry52005200,https://www.threads.com/@sherry52005200/post/DRJ9KhbEXZ2,誰懂連續滑到的救贖感,2025年11月17日 星期一 下午7:16,@dominospizza_tw,"Photo by Sherry Hsu on November 17, 2025.",2,1,,,https://www.threads.com/@dominospizza_tw/post/DRKD52BkYdH,我不知道這是什麼 但我好像懂,2025年11月17日 星期一 下午8:14,,,1,,,
_cool.177,https://www.threads.com/@_cool.177/post/DRJu4-vEi2q,以後來這點章魚燒了🤤,2025年11月17日 星期一 下午5:11,@dominospizza_tw,,1,1,,,https://www.threads.com/@dominospizza_tw/post/DRJyFHBkSZV,約好,2025年11月17日 星期一 下午5:39,,,,,,
gigi_0312,https://www.threads.com/@gigi_0312/post/DRJq3BJjw96,好想念骰子🐔 翻譯,2025年11月17日 星期一 下午4:36,@dominospizza_tw,,5,1,,,https://www.threads.com/@dominospizza_tw/post/DRJrloikcae,暗示還是明示,2025年11月17日 星期一 下午4:42,,,,,,
,https://www.threads.com/@dominospizza_tw/post/DRJIskxkcmb,家有喜事,2025年11月17日 星期一 上午11:37,,"Photo by 達美樂披薩 on November 16, 2025.",2928,164,109,1863,https://www.threads.com/@dominospizza_tw/post/DRJoBBdEVW7,能給你快樂和微笑的披薩店 是哪一家？,2025年11月17日 星期一 下午4:11,,,5,,,
sasaisgood181,https://www.threads.com/@sasaisgood181/post/DRJiFxqgV8o,字體的比必勝客好閱讀 但這配色很可怕😱！！！！,2025年11月17日 星期一 下午3:19,@dominospizza_tw,,,1,,,https://www.threads.com/@dominospizza_tw/post/DRJn-Q6kdMR,我喜歡喜氣紅,2025年11月17日 星期一 下午4:10,,,,,,
s73990,https://www.threads.com/@s73990/post/DRJn1Uxk8kh,致命一擊wwww,2025年11月17日 星期一 下午4:09,@dominospizza_tw,,,1,,,https://www.threads.com/@dominospizza_tw/post/DRJn8gvER8Z,我做了什麼事？ 嗚嗚嗚,2025年11月17日 星期一 下午4:10,,,,,,
twdrinkstore,https://www.threads.com/@twdrinkstore/post/DRJgGhHESEi,原來章魚燒跑來這裏了😍,2025年11月17日 星期一 下午3:02,@dominospizza_tw,,1,1,,,https://www.threads.com/@dominospizza_tw/post/DRJnyUNEceb,章魚燒妹妹說：你們好壞喔喔喔 我一直在,2025年11月17日 星期一 下午4:09,,,,,,
pennyken,https://www.threads.com/@pennyken/post/DRJnpDIkmmg,"對手真的是不堪一擊
家有喜事",2025年11月17日 星期一 下午4:07,,"Photo by 達美樂披薩 on November 16, 2025.",1,1,,,https://www.threads.com/@dominospizza_tw/post/DRJntmDka6H,我…. 怎麼了… 😧,2025年11月17日 星期一 下午4:08,,,,,,
_mickeyyyy1017,https://www.threads.com/@_mickeyyyy1017/post/DRJhUtFCauu,怎麼不算一種隔岸觀火😍,2025年11月17日 星期一 下午3:12,@dominospizza_tw,,1,1,,,https://www.threads.com/@dominospizza_tw/post/DRJnrImketi,嗯？ 我今天心情好 哪裡有🔥,2025年11月17日 星期一 下午4:08,,,,,,
sherry_jaiho,https://www.threads.com/@sherry_jaiho/post/DRJdYWvk4Sh,11.11 上次點的就是章魚🐙～ 餅皮ㄧ定要換芝心😋😋😋 😍😍😍優惠來惹👍 🍕,2025年11月17日 星期一 下午2:38,@dominospizza_tw,,2,1,,,https://www.threads.com/@dominospizza_tw/post/DRJddYTkfTP,698398 小披薩最低159 💝💝💝,2025年11月17日 星期一 下午2:38,,,1,1,,
goodfamily_network,https://www.threads.com/@goodfamily_network/post/DRJc6KdEXl0,我愛章魚燒🐙😍😍😍,2025年11月17日 星期一 下午2:34,@dominospizza_tw,,1,1,,,https://www.threads.com/@dominospizza_tw/post/DRJdYzAEaLt,章魚燒小妹妹：謝謝你愛我 ！ 我的愛不打折，但價格打五折,2025年11月17日 星期一 下午2:38,,,1,,,
bolomigu,https://www.threads.com/@bolomigu/post/DRJbQi7EiyK,"唉 好久沒吃達美樂 章魚燒給過嗎
家有喜事",2025年11月17日 星期一 下午2:19,@bolomigu,"Photo by 達美樂披薩 on November 16, 2025.",2,1,,,https://www.threads.com/@dominospizza_tw/post/DRJb6QXkW4t,給過！再給你優惠！698398,2025年11月17日 星期一 下午2:25,,,,,,
sheepvine,https://www.threads.com/@sheepvine/post/DRJbs8EDydo,可以🤣,2025年11月17日 星期一 下午2:23,@dominospizza_tw,,3,1,,,https://www.threads.com/@dominospizza_tw/post/DRJb3_DEb1_,噓 🤫 優惠碼 698398,2025年11月17日 星期一 下午2:25,,,7,,,
sasadracafe,https://www.threads.com/@sasadracafe/post/DRJRHBskmSA,"家有喜事
今天最重要的人事新聞：章魚燒離職了。",2025年11月17日 星期一 下午12:51,,,22,4,,4,https://www.threads.com/@dominospizza_tw/post/DRJbxteEYUY,家有喜事.. 好像是我們家的,2025年11月17日 星期一 下午2:24,,,10,1,,
3qverymuch0202,https://www.threads.com/@3qverymuch0202/post/DRJQ06zCYJM,"Pizza Hut
章魚燒憑什麼離職 你就該上一輩子班😭",2025年11月17日 星期一 下午12:48,,"Photo by N on November 16, 2025.",16,3,1,5,https://www.threads.com/@dominospizza_tw/post/DRJbvfgEeBx,好👌,2025年11月17日 星期一 下午2:23,,,3,1,,
kon_haruka,https://www.threads.com/@kon_haruka/post/DRJbNHjE7w1,以後只吃達美樂,2025年11月17日 星期一 下午2:19,@dominospizza_tw,,1,1,,,https://www.threads.com/@dominospizza_tw/post/DRJbso8kcKz,打勾勾✅,2025年11月17日 星期一 下午2:23,,,,,,
the__gelateria,https://www.threads.com/@the__gelateria/post/DRJUVxpk9A0,"看了這個我第一秒先去看別家的
我真的會笑死🤣",2025年11月17日 星期一 下午1:19,@dominospizza_tw,,5,1,,,https://www.threads.com/@dominospizza_tw/post/DRJbCPvkcR7,你的家裡也有喜事嗎？ 笑容好燦爛,2025年11月17日 星期一 下午2:17,,,,,,
forest.creat,https://www.threads.com/@forest.creat/post/DRJTTiMiXM-,"台灣披薩界
壞消息 必勝客的章魚燒口味剛離職
好消息 達美樂還有日式章魚燒口味",2025年11月17日 星期一 下午1:10,,,22,4,,3,https://www.threads.com/@dominospizza_tw/post/DRJTqpgkW38,家裡一直有喜事 不好意思,2025年11月17日 星期一 下午1:13,,,5,1,,
mumu.x.dessert,https://www.threads.com/@mumu.x.dessert/post/DRJP-WhE99Q,我真的要笑死 達美樂必勝客你們認真是共用一個小編吧 一個不要章魚燒另一個就強推章魚燒 很會真的很會ꉂ🤣𐤔,2025年11月17日 星期一 下午12:41,,,19,4,,1,https://www.threads.com/@dominospizza_tw/post/DRJTjfHEcAB,我… 只有在充滿愛和喜事的披薩店賣披薩🍕,2025年11月17日 星期一 下午1:12,,,6,1,,
zsmorning_,https://www.threads.com/@zsmorning_/post/DRJNUJmEddq,是章魚燒🤩,2025年11月17日 星期一 下午12:17,@dominospizza_tw,,126,1,,,https://www.threads.com/@dominospizza_tw/post/DRJTXlrkQsA,是！真的是,2025年11月17日 星期一 下午1:10,,,1,,,
uu0_0o_o._.520,https://www.threads.com/@uu0_0o_o._.520/post/DRJNAn4D6b5,章魚燒來這裡了吶 我還不吃爆🫣,2025年11月17日 星期一 下午12:15,@dominospizza_tw,,2,1,,,https://www.threads.com/@dominospizza_tw/post/DRJTVxuEX8Q,耶！請參考幸福優惠代碼 到達美樂官網輸入即可可以享優惠喔,2025年11月17日 星期一 下午1:10,,,1,,,
five1983,https://www.threads.com/@five1983/post/DRJPnZ2EzHT,😍速度太快了,2025年11月17日 星期一 下午12:38,@dominospizza_tw,,1,1,,,https://www.threads.com/@dominospizza_tw/post/DRJTSTNkW0B,什麼速度？ 製作Pizza還是製作圖片？,2025年11月17日 星期一 下午1:10,,,1,,,
bread_62_,https://www.threads.com/@bread_62_/post/DRJRsp8EwEr,今天是披薩🍕歷史上的章魚燒協議,2025年11月17日 星期一 下午12:56,@dominospizza_tw,,4,1,,,https://www.threads.com/@dominospizza_tw/post/DRJTQSiEZK_,我蓋章了,2025年11月17日 星期一 下午1:09,,,3,,,
masa.green.7x,https://www.threads.com/@masa.green.7x/post/DRJTIUiEqOG,章魚燒：我宣布一個重大底西炫 章魚燒：我要把天賦帶到達美樂！ 粉絲：🫨🫨🫨,2025年11月17日 星期一 下午1:08,@dominospizza_tw,,9,1,,,https://www.threads.com/@dominospizza_tw/post/DRJTOssEfFL,我沒有很懂？但是我支持你。,2025年11月17日 星期一 下午1:09,,,1,,,
ya_e0,https://www.threads.com/@ya_e0/post/DRJTIqOAWVR,挺！！,2025年11月17日 星期一 下午1:08,@dominospizza_tw,,1,1,,,https://www.threads.com/@dominospizza_tw/post/DRJTLAckYbG,💝,2025年11月17日 星期一 下午1:09,,,,,,
dream_0721_catcher,https://www.threads.com/@dream_0721_catcher/post/DRJS-xtDyJv,"隔壁哭著走出來 這裡笑著走出來
怎麼回事你們說好的嗎🤣",2025年11月17日 星期一 下午1:07,@dominospizza_tw,,35,1,,,https://www.threads.com/@dominospizza_tw/post/DRJTJu3kaEV,怎麼了？ 我跟你約好要放送幸福的。,2025年11月17日 星期一 下午1:08,,,7,1,,
johnnyli_0725,https://www.threads.com/@johnnyli_0725/post/DRJPEyDDzP_,"（剛剛去了隔壁必勝客，同樣去瀏覽了一下官網）
你們也是讚的欸 Team Taiwan！🤝",2025年11月17日 星期一 下午12:33,@dominospizza_tw,"Photo by Johnny Li on November 16, 2025.",71,2,,,https://www.threads.com/@dominospizza_tw/post/DRJRXQ2kcdQ,我一直都是Team Taiwan 翻譯,2025年11月17日 星期一 下午12:53,,,135,1,,2
dickoochen,https://www.threads.com/@dickoochen/post/DRJJs79kiUW,"達美樂
你們兩家是不是都說好了(x",2025年11月17日 星期一 上午11:46,,"Photo by Dickoochen on November 16, 2025.",20,2,,2,https://www.threads.com/@dominospizza_tw/post/DRJOV1GkY13,沒有！真的,2025年11月17日 星期一 下午12:26,,,13,1,,
cavatw,https://www.threads.com/@cavatw/post/DRJKDDqEzaV,"cava.tw/topic… 2/2
cava.tw
必勝客章魚燒口味宣布退場！網哀號：沒有去買的動力了｜造咖",2025年11月17日 星期一 上午11:49,@cavatwcava.tw/topic…,必勝客章魚燒口味宣布退場！網哀號：沒有去買的動力了｜造咖,,1,,1,https://www.threads.com/@dominospizza_tw/post/DRJOQzoEb1J,"😏 不要哭泣
家有喜事",2025年11月17日 星期一 下午12:26,,"Photo by 達美樂披薩 on November 16, 2025.",,,,
jetsr_2211,https://www.threads.com/@jetsr_2211/post/DRJL4QWE_yL,因為我家隔壁只有必勝客 你來我家右邊開一間我就會愛你,2025年11月17日 星期一 下午12:05,@dominospizza_tw因為我家隔壁只有必勝客,,1,1,,,https://www.threads.com/@dominospizza_tw/post/DRJOMWlkfwf,你家在哪？ 我幫你外送,2025年11月17日 星期一 下午12:25,,,,1,,
shawn77_03_08,https://www.threads.com/@shawn77_03_08/post/DRJND1fD_dN,請問是被必勝客釋出的章魚燒嗎🥹,2025年11月17日 星期一 下午12:15,@dominospizza_tw請問是被必勝客釋出的章魚燒嗎🥹讚回覆1轉發分享,,,1,,,https://www.threads.com/@dominospizza_tw/post/DRJODkbEQEZ,不是😂 日式章魚燒妹妹是我們的小公主 （好好吃🤤）,2025年11月17日 星期一 下午12:24,,,2,,,
skypd1348,https://www.threads.com/@skypd1348/post/DRJNlS7kutO,剛剛搭電梯遇到一個達美樂外送員 手上提著3盒披薩 最近達美樂有什麼很俗的優惠嗎,2025年11月17日 星期一 下午12:20,@dominospizza_tw剛剛搭電梯遇到一個達美樂外送員,,4,1,,,https://www.threads.com/@dominospizza_tw/post/DRJN6zhEZv0,有！加入我們的會員😆,2025年11月17日 星期一 下午12:23,,,8,2,,
daumaguro,https://www.threads.com/@daumaguro/post/DRJNmA-AamO,開始懷疑必勝客是不是跟打美樂打賭輸了簽了什麼協議,2025年11月17日 星期一 下午12:20,@dominospizza_tw開始懷疑必勝客是不是跟打美樂打賭輸了簽了什麼協議讚28回覆1轉發分享,,28,1,,,https://www.threads.com/@dominospizza_tw/post/DRJN38DkYMM,我…保證…. 沒有,2025年11月17日 星期一 下午12:22,,,10,1,,
layaburger,https://www.threads.com/@layaburger/post/DRJMGGlk1iW,OK連披薩都在談戀愛 堡去旁邊吃漢堡,2025年11月17日 星期一 下午12:07,@dominospizza_twOK連披薩都在談戀愛,,28,1,,1,https://www.threads.com/@dominospizza_tw/post/DRJMaLAkTiY,暗示聯名？,2025年11月17日 星期一 下午12:09,,,1,,,
daumaguro,https://www.threads.com/@daumaguro/post/DRJKZ1TgWMx,需要熱量😵,2025年11月17日 星期一 上午11:52,@dominospizza_tw,,2,1,,1,https://www.threads.com/@dominospizza_tw/post/DRJLyvvEeKb,來了！大特價 給你熱量,2025年11月17日 星期一 下午12:04,,,2,,,
6owldoor,https://www.threads.com/@6owldoor/post/DRJLlgQj7n8,原來章魚燒是回家休息了❤️,2025年11月17日 星期一 下午12:02,@dominospizza_tw,,36,1,,,https://www.threads.com/@dominospizza_tw/post/DRJLwzIEZqm,章魚🐙燒妹妹已經在家裡跟你們揮揮手了,2025年11月17日 星期一 下午12:04,,,5,,,
jerry_watchme,https://www.threads.com/@jerry_watchme/post/DRJIufEkxMU,改車 看說明書到一半（這裡說有事）經過瞧瞧 中午還能訂pizza嗎？,2025年11月17日 星期一 上午11:37,@dominospizza_tw,"Photo by 傑瑞日常-鄭淋鋒 on November 16, 2025. | Photo by 傑瑞日常-鄭淋鋒 on November 16, 2025.",7,1,,,https://www.threads.com/@dominospizza_tw/post/DRJLpcNkXKH,有事！又發動幸福特價了,2025年11月17日 星期一 下午12:03,,,7,1,,
on.the.mood_quotes,https://www.threads.com/@on.the.mood_quotes/post/DRJKZKiEizH,想念小隊長妹妹了🫶,2025年11月17日 星期一 上午11:52,@dominospizza_tw,,2,1,,,https://www.threads.com/@dominospizza_tw/post/DRJLnlokQUv,哥哥早安 翻譯,2025年11月17日 星期一 下午12:03,,,2,1,,
_julie_chang_,https://www.threads.com/@_julie_chang_/post/DRJJ4pzD8OH,章魚燒來這邊了喔,2025年11月17日 星期一 上午11:47,@dominospizza_tw,,7,1,,,https://www.threads.com/@dominospizza_tw/post/DRJLd0VkXs3,👋 好吃又特價 ～,2025年11月17日 星期一 下午12:01,,,1,,,
bettyloveu2024,https://www.threads.com/@bettyloveu2024/post/DRJKzUsE1tr,今晚沒吃就明天吃,2025年11月17日 星期一 上午11:55,@bettyloveu2024,,,1,,,https://www.threads.com/@dominospizza_tw/post/DRJLarCEVWz,好 特價特價特價！吃吃吃,2025年11月17日 星期一 下午12:01,,,1,,,
winstonpc,https://www.threads.com/@winstonpc/post/DRJLLMpku5j,保安， 同一個哏可以這樣 玩了又玩玩了又玩玩了又玩嗎! 🤣🤣🤣🤣🤣🤣,2025年11月17日 星期一 上午11:59,@dominospizza_tw,,2,1,,,https://www.threads.com/@dominospizza_tw/post/DRJLZBWETZ_,😏,2025年11月17日 星期一 下午12:01,,,1,,,
zac0927,https://www.threads.com/@zac0927/post/DRJKP7JE9dT,今晚吃達美樂❤️,2025年11月17日 星期一 上午11:51,@dominospizza_tw,,2,1,,,https://www.threads.com/@dominospizza_tw/post/DRJLXpBkXcY,對你愛愛愛不完,2025年11月17日 星期一 下午12:00,,,1,,,
professorwhy9.5,https://www.threads.com/@professorwhy9.5/post/DRJIW56D-3g,再見了必勝客,2025年11月17日 星期一 上午11:34,,"Photo by 必勝客 Pizza Hut Taiwan on November 16, 2025.",5,4,,2,https://www.threads.com/@dominospizza_tw/post/DRJJ6YGER0i,歡迎光臨,2025年11月17日 星期一 上午11:48,,,12,1,,
chaotudou3499,https://www.threads.com/@chaotudou3499/post/DRBkppyEVB-,照劇本演好嗎！不要自己加戲,2025年11月14日 星期五 下午1:07,@dominospizza_tw,,79,1,,,https://www.threads.com/@dominospizza_tw/post/DRCwnuKCT9k,我想要金馬獎,2025年11月15日 星期六 上午12:11,,,5,,,
hungkai28,https://www.threads.com/@hungkai28/post/DRBqGlbE3lm,達美樂桃猿怎麼樣,2025年11月14日 星期五 下午1:55,@dominospizza_tw,,,1,,,https://www.threads.com/@dominospizza_tw/post/DRCwl61ievp,不錯,2025年11月15日 星期六 上午12:11,,,1,,,
e_da0331,https://www.threads.com/@e_da0331/post/DRBjqk1E6x8,沒錯，但是劇本還沒要你登場哦,2025年11月14日 星期五 下午12:59,@dominospizza_tw,,,1,,,https://www.threads.com/@dominospizza_tw/post/DRCwlEdiY7G,2026劇本幫我翻翻 有我嗎,2025年11月15日 星期六 上午12:11,,,1,1,,
onedreamendless,https://www.threads.com/@onedreamendless/post/DRBpu3xE0Cs,很快就要換你上場ㄌ！！,2025年11月14日 星期五 下午1:52,@dominospizza_tw,,1,1,,,https://www.threads.com/@dominospizza_tw/post/DRCwiRPiQhh,好！要提醒我 等到快睡著,2025年11月15日 星期六 上午12:10,,,1,,,
fg010,https://www.threads.com/@fg010/post/DRCh0XEk5Me,還沒啦，別急,2025年11月14日 星期五 下午10:02,@dominospizza_tw,,1,1,,,https://www.threads.com/@dominospizza_tw/post/DRCwgDbiV4A,我是一個很心急 愛台灣 愛粉絲的小編,2025年11月15日 星期六 上午12:10,,,,,,
ainlof81229,https://www.threads.com/@ainlof81229/post/DRCaSiBk9sK,印象是個好夢...深秋之夜飛到東京巨蛋做了什麼...,2025年11月14日 星期五 下午8:56,@dominospizza_tw,"Photo by Shawn Hsu on November 14, 2025.",,1,,,https://www.threads.com/@dominospizza_tw/post/DRCwb8dCZtd,夢中有拿到我送的貼紙嗎,2025年11月15日 星期六 上午12:10,,,1,1,,
ponnyo1983,https://www.threads.com/@ponnyo1983/post/DRCDslJEUQ2,骰到六阿！,2025年11月14日 星期五 下午5:39,@dominospizza_tw,,1,1,,,https://www.threads.com/@dominospizza_tw/post/DRCwXiDiZ60,什麼意思！,2025年11月15日 星期六 上午12:09,,,,,,
rakuten_monkeys_mascoten,https://www.threads.com/@rakuten_monkeys_mascoten/post/DRCeaSFgSs8,不是猴肉就好,2025年11月14日 星期五 下午9:32,@dominospizza_tw,,318,4,,1,https://www.threads.com/@dominospizza_tw/post/DRCwV-TCS_a,暗示什麼🤔,2025年11月15日 星期六 上午12:09,,,7,,,
c_jacky1222,https://www.threads.com/@c_jacky1222/post/DRCk2icEuop,可以出都是六的披薩盒嗎？,2025年11月14日 星期五 下午10:28,@dominospizza_tw,,1,2,,,https://www.threads.com/@dominospizza_tw/post/DRCrqegEUfF,出了要幫買啊,2025年11月14日 星期五 下午11:28,,,1,1,,
ryan3111111,https://www.threads.com/@ryan3111111/post/DRCBFlHEjj6,先把你家的訂購ＡＰＰ修好啦！！！！！,2025年11月14日 星期五 下午5:16,@dominospizza_tw,,1,1,,,https://www.threads.com/@dominospizza_tw/post/DRCZ__LEc1q,我修了….😭,2025年11月14日 星期五 下午8:54,,,3,,,
wave_liveapp,https://www.threads.com/@wave_liveapp/post/DRCAEQXk3FY,坐等大禮🔥,2025年11月14日 星期五 下午5:07,@dominospizza_tw,,1,1,,,https://www.threads.com/@dominospizza_tw/post/DRCOdbQEfaL,下禮拜會放送禮物💝 好嗎,2025年11月14日 星期五 下午7:13,,,,,,
kevin11838,https://www.threads.com/@kevin11838/post/DRCDu5zk2IL,,2025年11月14日 星期五 下午5:39,@dominospizza_tw,"Photo by Kevin Ku on November 14, 2025.",62,1,,,https://www.threads.com/@dominospizza_tw/post/DRCOX5_EVWU,我被盜帳號嗎….😐,2025年11月14日 星期五 下午7:12,,,30,,,
udk2_fkl,https://www.threads.com/@udk2_fkl/post/DRCMrHFE5k9,要出骰到六周邊了嗎？ 為了骰到六 備戰明年 兩個大披薩 +39,2025年11月14日 星期五 下午6:57,@dominospizza_tw,,1,1,,,https://www.threads.com/@dominospizza_tw/post/DRCOUASEfyQ,想要什麼 我筆記,2025年11月14日 星期五 下午7:11,,,,1,,
cc106o,https://www.threads.com/@cc106o/post/DRB1dBvklpp,請回歸個人mybox 加滋心😂 取消了 太傷心了 💔 ㄧ個人用餐也需要滋心😆 🍕pizza唯一支持達美樂😆,2025年11月14日 星期五 下午3:34,@dominospizza_tw,,4,1,,,https://www.threads.com/@dominospizza_tw/post/DRCAhWqkdar,我看到了，也讓我們回歸到那個時候吧 翻譯,2025年11月14日 星期五 下午5:11,,,5,1,,
ycm0211,https://www.threads.com/@ycm0211/post/DRBmWalknYz,這個劇情? 我怎好像去年看過?,2025年11月14日 星期五 下午1:22,@dominospizza_tw,,1,1,,,https://www.threads.com/@dominospizza_tw/post/DRCAf59EXKh,明年你可能也會看到👀,2025年11月14日 星期五 下午5:11,,,2,,,
angelinelyu0308,https://www.threads.com/@angelinelyu0308/post/DRBqmzhESPY,你先去登記幫忙發春聯,2025年11月14日 星期五 下午1:59,@dominospizza_tw,,2,1,,,https://www.threads.com/@dominospizza_tw/post/DRCAdz9EQnX,達美樂門市要發什麼？,2025年11月14日 星期五 下午5:10,,,1,1,,
aries.z2000,https://www.threads.com/@aries.z2000/post/DRBfFYwkXaZ,大招最後才能放 你再等一下,2025年11月14日 星期五 下午12:19,@dominospizza_tw,,44,1,,,https://www.threads.com/@dominospizza_tw/post/DRCAaCfEYJ4,好！ 需要的時候一起帶上我一起發力,2025年11月14日 星期五 下午5:10,,,9,,,
dragontom_0810,https://www.threads.com/@dragontom_0810/post/DRBxnaJgYbP,冷靜！別穿幫？！還沒輪到你！,2025年11月14日 星期五 下午3:01,@dominospizza_tw,,,1,,,https://www.threads.com/@dominospizza_tw/post/DRCAU8dkd-d,你們不希望百戰百勝嗎？,2025年11月14日 星期五 下午5:09,,,1,,,
minicat780,https://www.threads.com/@minicat780/post/DRBi4xJkxxw,別，別再創造新菜色了，都快獨立成一個菜系了,2025年11月14日 星期五 下午12:52,@dominospizza_tw,,2,1,,,https://www.threads.com/@dominospizza_tw/post/DRCAS6LkVVJ,你不能阻止我喜歡義大利人的心,2025年11月14日 星期五 下午5:09,,,2,,,
gary.weicheng,https://www.threads.com/@gary.weicheng/post/DRB0xv8gRRr,換頭貼～ 推促銷🤣,2025年11月14日 星期五 下午3:28,@dominospizza_tw,,1,1,,,https://www.threads.com/@dominospizza_tw/post/DRCAQMjkTob,😉 喜歡我這個可愛又帶點邪惡的笑容嗎？,2025年11月14日 星期五 下午5:09,,,1,1,,
t.ai.wan2926,https://www.threads.com/@t.ai.wan2926/post/DRB6zyXEreb,明年3/5-3/8麻煩換一下logo!,2025年11月14日 星期五 下午4:21,@dominospizza_tw,"Photo by @t.ai.wan2926 on November 14, 2025.",18,3,,,https://www.threads.com/@dominospizza_tw/post/DRB9BdAEV2a,筆記📝 翻譯,2025年11月14日 星期五 下午4:40,,,18,,,
nailiang_0911,https://www.threads.com/@nailiang_0911/post/DRBdvpdCfiH,買大送大,2025年11月14日 星期五 下午12:07,@dominospizza_tw,,58,1,,,https://www.threads.com/@dominospizza_tw/post/DRBeKrrkep7,這樣…. 好不好…,2025年11月14日 星期五 下午12:11,,,34,,,
susan.huang.716,https://www.threads.com/@susan.huang.716/post/DRBeCDYEmDq,你的戲份還沒到啦！,2025年11月14日 星期五 下午12:10,@dominospizza_tw,,360,2,,1,https://www.threads.com/@dominospizza_tw/post/DRBeHQUETgt,嗯… 真的…嗎,2025年11月14日 星期五 下午12:10,,,178,1,,
water.h64,https://www.threads.com/@water.h64/post/DRBdPuSie_O,對，logo換起來！ 今天下班要買披薩來配球賽！,2025年11月14日 星期五 下午12:03,@dominospizza_tw,,94,1,,,https://www.threads.com/@dominospizza_tw/post/DRBeF7nkYf7,我… 該… 這…,2025年11月14日 星期五 下午12:10,,,50,1,,
jessezhou_1992,https://www.threads.com/@jessezhou_1992/post/DQ7PmN5k9Dn,為什麼他買那麼多達美樂pizza 翻譯,2025年11月12日 星期三 上午2:08,@stock_storyteller88,,,1,,,https://www.threads.com/@dominospizza_tw/post/DRBIncZk6uu,因為好吃😋,2025年11月14日 星期五 上午9:02,,,,,,
olivia_lin_lin,https://www.threads.com/@olivia_lin_lin/post/DRAXlqXk4sq,我真的笑到瘋掉,2025年11月14日 星期五 上午1:54,@yjchen_0711,,20,1,,,https://www.threads.com/@dominospizza_tw/post/DRBImLDE1xQ,對不起🧎‍♂️ 我太皮了嗎,2025年11月14日 星期五 上午9:02,,,12,1,,
sweetrice039220412,https://www.threads.com/@sweetrice039220412/post/DQ_ePV1E-8G,一輩子都看不厭的影片！ 1 / 2,2025年11月13日 星期四 下午5:33,,,9479,83,302,80,https://www.threads.com/@dominospizza_tw/post/DRBC8toE3HN,尖叫！！！台灣尚勇,2025年11月14日 星期五 上午8:13,,,128,,,
lzj101181,https://www.threads.com/@lzj101181/post/DQ_wrGHk6VA,可以不要在po十二強了嗎？ 這樣我按讚真的按不完~ 做夢也沒想到可以打爆韓國！ 這場應該可以贏吧？？,2025年11月13日 星期四 下午8:14,,,23,2,,,https://www.threads.com/@dominospizza_tw/post/DRBCxG6EzQ3,🎲,2025年11月14日 星期五 上午8:11,,,14,,,
kuo19920202,https://www.threads.com/@kuo19920202/post/DRAWmiRk-YA,十⋯⋯⋯一年前😨,2025年11月14日 星期五 上午1:45,,"Photo by ️郭俊麟️️かくしゅんりん on November 13, 2025.",8956,77,52,95,https://www.threads.com/@dominospizza_tw/post/DRBCp35E4bk,帥氣,2025年11月14日 星期五 上午8:10,,,22,,,
twscorporation,https://www.threads.com/@twscorporation/post/DRBB0wYklnT,最強應援早安,2025年11月14日 星期五 上午8:03,@dominospizza_tw,,10,1,,,https://www.threads.com/@dominospizza_tw/post/DRBClMrk5dE,早安！ 台灣難波萬,2025年11月14日 星期五 上午8:10,,,36,,,
queena_huang_,https://www.threads.com/@queena_huang_/post/DQ_jiGPEnbd,"12強棒球賽
是誰一直Po 中華隊12強 害我以為有棒球可以看 還通知全家人 18:45愛爾達可以看 甚至我還跟我妹說陳晨威打第一棒 靠好白癡….",2025年11月13日 星期四 下午6:19,,,8601,289,38,506,https://www.threads.com/@dominospizza_tw/post/DQ_-43wEem-,我準備好了！GO TEAM TAIWAN,2025年11月13日 星期四 下午10:18,,,136,1,,
maple_flies,https://www.threads.com/@maple_flies/post/DQ8t8KbkyH6,注意 明天18:45愛爾達體育1台將轉播12強棒球南韓 VS 中華 B組預賽 希望明天可以贏韓國😭 謝謝注意🫡,2025年11月12日 星期三 下午3:52,,"Photo by Zoe Chen on November 11, 2025.",3745,125,63,808,https://www.threads.com/@dominospizza_tw/post/DQ_-03jkZkZ,我要換LOGO了嗎,2025年11月13日 星期四 下午10:18,,,16,2,,
ubereats_tw,https://www.threads.com/@ubereats_tw/post/DQ_gLXSEwMa,先點後送🛵🍜,2025年11月13日 星期四 下午5:50,@shashaliurr.1212,,3702,11,4,4,https://www.threads.com/@dominospizza_tw/post/DQ_0N9tkQ_R,先訂後送🍕,2025年11月13日 星期四 下午8:45,,,15,,,
riki.y.0225,https://www.threads.com/@riki.y.0225/post/DQ-8YVpDwt0,,2025年11月13日 星期四 下午12:37,@dominospizza_tw,,3,1,,,https://www.threads.com/@dominospizza_tw/post/DQ_lrasEf5T,😙,2025年11月13日 星期四 下午6:38,,,1,,,
kssogo.tw,https://www.threads.com/@kssogo.tw/post/DQ_Ccn9CVLp,求10000能買到多少四喜披薩～🤣,2025年11月13日 星期四 下午1:30,@dominospizza_tw,,1,1,,,https://www.threads.com/@dominospizza_tw/post/DQ_lqToEcpA,給你優惠！,2025年11月13日 星期四 下午6:38,,,,,,
dasf323a,https://www.threads.com/@dasf323a/post/DQ-8XqLiXwE,達美樂好吃🥹,2025年11月13日 星期四 下午12:37,@dominospizza_tw,,1,1,,,https://www.threads.com/@dominospizza_tw/post/DQ-_g4kkfVu,1️⃣🍕🍕🍕🍕,2025年11月13日 星期四 下午1:04,,,1,,,
jerry_watchme,https://www.threads.com/@jerry_watchme/post/DQ-96Gjk3sN,🙌🏻🙌🏻🙌🏻我來了,2025年11月13日 星期四 下午12:50,@dominospizza_tw,,1,1,,,https://www.threads.com/@dominospizza_tw/post/DQ-_ewpEai-,10000,2025年11月13日 星期四 下午1:04,,,1,,,
1100_nnnoo,https://www.threads.com/@1100_nnnoo/post/DQ4hOWyEmHz,達美樂的熔岩可可馬芬 好！好！吃！👍🏻👍🏻👍🏻,2025年11月11日 星期二 上午12:44,,"Photo by @1100_nnnoo on November 10, 2025. | Photo by @1100_nnnoo on November 10, 2025.",104,1,,18,https://www.threads.com/@dominospizza_tw/post/DQ66lF0kRX3,😋,2025年11月11日 星期二 下午11:04,,,2,,,
bigmiketsai666,https://www.threads.com/@bigmiketsai666/post/DQwxPNaAXnj,"達美樂
哈哈哈哈哈！！！ 台灣的文化是 諧音梗",2025年11月8日 星期六 上午12:30,,"Photo by Mike Tsai on November 07, 2025.",7,2,,,https://www.threads.com/@dominospizza_tw/post/DQ66haokUJ9,貝尼發現惹,2025年11月11日 星期二 下午11:04,,,9,1,,
sherry_jaiho,https://www.threads.com/@sherry_jaiho/post/DQ4AXRTk5Iy,@dailyview.tw 溫編～ 第一名，消費者不服啦🤣🤣‼️ 達美樂怎麼是第四❤️‍🔥❤️‍🔥❤️‍🔥‼️ @dominos @dominospizza_tw 達編～我要抗議⋯⋯,2025年11月10日 星期一 下午7:57,@dailyview.tw,,2,1,,,https://www.threads.com/@dominospizza_tw/post/DQ4AuO1kTCc,謝謝你愛我！我們會努力,2025年11月10日 星期一 下午8:00,,,1,1,,
kannzakikana_0831,https://www.threads.com/@kannzakikana_0831/post/DQ1f1lSkoLr,達美樂外送買一送一 夏威夷才是神,2025年11月9日 星期日 下午8:34,,"Photo by 神崎夏奈 on November 09, 2025. | Photo by 神崎夏奈 on November 09, 2025.",29,1,,,https://www.threads.com/@dominospizza_tw/post/DQ1qJXAkidj,好吃😋,2025年11月9日 星期日 下午10:05,,,4,,,
hihi_joan,https://www.threads.com/@hihi_joan/post/DQ0gpmrievl,所以全台最厲害的小編是誰？,2025年11月9日 星期日 上午11:22,,,66,76,,2,https://www.threads.com/@dominospizza_tw/post/DQ0x2WUEYhv,🍍,2025年11月9日 星期日 下午1:53,,,1,,,
sanbupenguin,https://www.threads.com/@sanbupenguin/post/DQzNG72E-4r,嗨～,2025年11月8日 星期六 下午11:12,@dominospizza_tw,,1,1,,,https://www.threads.com/@dominospizza_tw/post/DQ0xzXGEZNV,阿羅哈,2025年11月9日 星期日 下午1:52,,,1,,,
aira_mosa,https://www.threads.com/@aira_mosa/post/DQzxdK8kwsJ,看你突然出現在我的河道，心想該不會又有什麼優惠活動了吧。,2025年11月9日 星期日 上午4:30,@dominospizza_tw,,3,1,,,https://www.threads.com/@dominospizza_tw/post/DQ0xvDuEarI,Yes! 家有喜事披薩🍕 299 元,2025年11月9日 星期日 下午1:52,,,1,,,
princessarah8,https://www.threads.com/@princessarah8/post/DQ0RpGDj_df,Hi 拜託教你美國同事怎麼做龍蝦舞沙拉好嗎？求你了🙏🏻,2025年11月9日 星期日 上午9:11,@dominospizza_tw,,12,1,,,https://www.threads.com/@dominospizza_tw/post/DQ0xs_qEQ61,Taiwan can help 👌 翻譯,2025年11月9日 星期日 下午1:51,,,1,,,
lihpaoresort,https://www.threads.com/@lihpaoresort/post/DQ0cxJvgdhM,泥好👋,2025年11月9日 星期日 上午10:48,@dominospizza_tw,,1,1,,,https://www.threads.com/@dominospizza_tw/post/DQ0xqD9kQ-R,李賀 翻譯,2025年11月9日 星期日 下午1:51,,,,,,
ciney_luo,https://www.threads.com/@ciney_luo/post/DQ0i3bCj-dY,哈囉 你的勾勾去哪了？,2025年11月9日 星期日 上午11:42,@dominospizza_tw,,1,1,,,https://www.threads.com/@dominospizza_tw/post/DQ0xn8qkSwd,我是邊緣人,2025年11月9日 星期日 下午1:51,,,1,,,
wood_0807,https://www.threads.com/@wood_0807/post/DQzIQq3koRD,！謝謝官方回應😍😍第一次有官方小編直接回覆,2025年11月8日 星期六 下午10:30,@dominospizza_tw,,1,1,,,https://www.threads.com/@dominospizza_tw/post/DQ0xmakkfmm,希望您開心品嚐 （小編自己很愛那個熔岩可可爆漿感）,2025年11月9日 星期日 下午1:50,,,1,,,
oren_tuu,https://www.threads.com/@oren_tuu/post/DQ0xYzWjxu1,@pizzahut.taiwan @dominospizza_tw 台味對決你出哪一道？,2025年11月9日 星期日 下午1:49,@simplemarttw,,,1,,,https://www.threads.com/@dominospizza_tw/post/DQ0xhsxEWBo,我跟 @simplemarttw 很麻吉 ～ 我知道他的答案,2025年11月9日 星期日 下午1:50,,,2,1,,
wood_0807,https://www.threads.com/@wood_0807/post/DQy8qEXEmJE,"達美樂
？這是不是發霉了？ 第一次看到",2025年11月8日 星期六 下午8:49,,"Photo by Wood 不講武德の德武 on November 08, 2025.",8,3,,,https://www.threads.com/@dominospizza_tw/post/DQzH0ACEXPV,現作的 保證ok! 這是讓她美美又好吃的粉粉～,2025年11月8日 星期六 下午10:26,,,22,1,,1
microbobo,https://www.threads.com/@microbobo/post/DQp7H46kt8M,"必勝客芝心
身為一個必勝客愛好者 前天點了我個人鍾愛的芝心pizza 裡面的芝心縮水到我懷疑餅皮根本是空心的 幾乎只剩1/3欸… 加115元只有1/3 你要漲價就漲價也沒關係 把芝心縮水到有加跟沒加根本差不多 那我加點爽的喔🫠🫠🫠🫠 在他把芝心給回正常 我真的是會大幅減少點他的機會 （看到達美樂最近出很多看起來很讚的pizza有點心動想跳槽試試）",2025年11月5日 星期三 上午8:42,,,30,1,,,https://www.threads.com/@dominospizza_tw/post/DQyXlkHkWn5,來吧😍歡迎你,2025年11月8日 星期六 下午3:25,,,8,,,
cr.handmadee,https://www.threads.com/@cr.handmadee/post/DQyXHjUEl2f,嗨 😊,2025年11月8日 星期六 下午3:21,@dominospizza_tw,,1,1,,,https://www.threads.com/@dominospizza_tw/post/DQyXPe-kYiz,Hello 😙 翻譯,2025年11月8日 星期六 下午3:22,,,,,,
lukechen2024,https://www.threads.com/@lukechen2024/post/DQyXGO8ElUX,hi，今天有打折嗎？,2025年11月8日 星期六 下午3:20,@dominospizza_tw,,1,2,,,https://www.threads.com/@dominospizza_tw/post/DQyXNxTkXJw,,2025年11月8日 星期六 下午3:21,,"Photo by 達美樂披薩 on November 07, 2025.",9,,,
sherry_jaiho,https://www.threads.com/@sherry_jaiho/post/DQvTX4_k2GD,Wow~ @dominospizza_tw 達編，問一下。 是美國總編嗎⋯⋯,2025年11月7日 星期五 上午10:50,@dominos,,303,3,,,https://www.threads.com/@dominospizza_tw/post/DQyXFGxEazt,👍,2025年11月8日 星期六 下午3:20,,,45,,,
karus.life,https://www.threads.com/@karus.life/post/DQyV4C9kmmv,Hi,2025年11月8日 星期六 下午3:10,@dominospizza_tw,,1,1,,,https://www.threads.com/@dominospizza_tw/post/DQyW6h_kZlt,Good afternoon 翻譯,2025年11月8日 星期六 下午3:19,,,,,,
emma__8013,https://www.threads.com/@emma__8013/post/DQyKS5tD9tq,"披薩控
請問披薩哪一家比較好吃？必勝客還是達美樂？",2025年11月8日 星期六 下午1:28,,,2,4,,,https://www.threads.com/@dominospizza_tw/post/DQyVrnCkaTP,Me,2025年11月8日 星期六 下午3:08,,,4,,,
wanshun0508,https://www.threads.com/@wanshun0508/post/DQlG8jikjKA,內有餓犬?,2025年11月3日 星期一 上午11:49,@dominospizza_tw,,,1,,,https://www.threads.com/@dominospizza_tw/post/DQlKQLrEcA-,不，是海龍王🐲,2025年11月3日 星期一 下午12:18,,,1,,,
1120__ting,https://www.threads.com/@1120__ting/post/DQjETzVEUek,"達美樂
以前不知道為什麼習慣都點必勝客 後來看到了很多達美樂小編的貼文 就決定今天來點點看達美樂 點了三種不同口味不同餅皮 竟然比必勝客好吃很多 重點是完全不油膩！！ 盒子沒什麼油很乾淨 相比以前點必勝客手油盒子油 達美樂深得我心以後只吃達美樂😍",2025年11月2日 星期日 下午4:48,,"Photo by 湘 on November 02, 2025.",39,2,1,1,https://www.threads.com/@dominospizza_tw/post/DQjrbnZie5T,感謝支持,2025年11月2日 星期日 下午10:29,,,11,,,
lingslim.army,https://www.threads.com/@lingslim.army/post/DQgsma3kaMU,"這是回覆已無法顯示的貼文
今天買達美樂個人pizza主動附一包，我全撒😆",2025年11月1日 星期六 下午6:42,,,1,2,,,https://www.threads.com/@dominospizza_tw/post/DQhGqyHCRky,這是一定要的😁,2025年11月1日 星期六 下午10:30,,,1,,,
young29_akai,https://www.threads.com/@young29_akai/post/DQf97HID3Y3,我大哥達美樂送的,2025年11月1日 星期六 上午11:54,@gracewu618,"Photo by Akai 阿凱 on October 31, 2025.",4,1,,,https://www.threads.com/@dominospizza_tw/post/DQhGfariUm2,🥰,2025年11月1日 星期六 下午10:28,,,,,1,1
pinkyhuang04,https://www.threads.com/@pinkyhuang04/post/DQgFFofE-Uy,"夏威夷披薩不能滅
#達美樂 金鑽夏威夷買一送一 吃起來！😋",2025年11月1日 星期六 下午12:57,,"Photo by 黃詠晴 on October 31, 2025.",14,1,,,https://www.threads.com/@dominospizza_tw/post/DQgw39xkfM5,🍕🍕🍕🍕🍕🍕,2025年11月1日 星期六 下午7:19,,,1,,,
shihshin041,https://www.threads.com/@shihshin041/post/DQZYn6aD0N6,"居然在我身邊偷偷再開一家？ 吼～ 這樣我會肥死捏～ 下班前打電話， 時間到下樓直接帶著走。
喜上加喜 喜翻天了",2025年10月29日 星期三 下午10:33,@dominospizza_tw,"Photo by Shih yin on October 29, 2025.",1,2,,,https://www.threads.com/@dominospizza_tw/post/DQbigMjERMv,加速⏩辦喜事,2025年10月30日 星期四 下午6:37,,,,,,
shenming_note,https://www.threads.com/@shenming_note/post/DQazlLAk288,@dominospizza_tw 完整,2025年10月30日 星期四 上午11:47,,"Photo by 神明便利貼 on October 29, 2025.",4,2,,,https://www.threads.com/@dominospizza_tw/post/DQbicrjkceS,你讓我今天完整了,2025年10月30日 星期四 下午6:37,,,2,1,,
abbylin520,https://www.threads.com/@abbylin520/post/DQZPJTDksUc,我弟小時候也去達美樂講： 達美樂，倒了沒 😆😆😆,2025年10月29日 星期三 下午9:10,@bmrur,,4726,4,26,93,https://www.threads.com/@dominospizza_tw/post/DQbFUqLEepo,先說喔！明天萬聖節來我們家 要說：不給馬芬 就搗蛋喔,2025年10月30日 星期四 下午2:23,,,8,,,1
,https://www.threads.com/@bmrur/post/DQY-MupkveZ,萬聖節,2025年10月29日 星期三 下午6:42,,,100000,279,2817,9183,https://www.threads.com/@dominospizza_tw/post/DQbFQriEe9H,嗚嗚嗚。明天萬聖節來達美樂 有活動,2025年10月30日 星期四 下午2:22,,,4,,,
shenming_note,https://www.threads.com/@shenming_note/post/DQZga7mE7Es,@dominospizza_tw 我跟太太小倆口吃這樣就夠了 2 / 2,2025年10月29日 星期三 下午11:41,@shenming_note,"Photo by 神明便利貼 on October 29, 2025.",2,1,,,https://www.threads.com/@dominospizza_tw/post/DQZgtP-icu1,懂挑！餅皮我愛,2025年10月29日 星期三 下午11:43,,,,1,,
lingslim.army,https://www.threads.com/@lingslim.army/post/DQY5fWiEZnZ,哇靠！你來真的讚🥳🥳 太棒了🎉但我還要等11/3重頭戲加碼,2025年10月29日 星期三 下午6:01,@dominospizza_tw,,1,1,,,https://www.threads.com/@dominospizza_tw/post/DQZPuByEZcl,11/3 ㊙️㊙️㊙️,2025年10月29日 星期三 下午9:15,,,,,,
shenming_note,https://www.threads.com/@shenming_note/post/DQZMewnE68E,彰化芬園 你要來嗎,2025年10月29日 星期三 下午8:47,@dominospizza_tw,,,1,,,https://www.threads.com/@dominospizza_tw/post/DQZM7GokXvL,😄 下次約你,2025年10月29日 星期三 下午8:50,,,,1,,
hola.taiwan,https://www.threads.com/@hola.taiwan/post/DQYUmHkEtBl,竟然還有（期待,2025年10月29日 星期三 下午12:38,@dominospizza_tw,,2,1,,,https://www.threads.com/@dominospizza_tw/post/DQYVMjykX_4,朋友 就等你來,2025年10月29日 星期三 下午12:43,,,1,1,,
wowwowmao,https://www.threads.com/@wowwowmao/post/DQYHsFHEwuc,快推推經典不敗款😆,2025年10月29日 星期三 上午10:45,@dominospizza_tw,,1,1,,,https://www.threads.com/@dominospizza_tw/post/DQYNEH8EU0w,準備進產房🤩🤩🤩,2025年10月29日 星期三 上午11:32,,,,,,
twdd.tw,https://www.threads.com/@twdd.tw/post/DQYI6i8kvj-,恭喜四喜臨門～～這樣體重也會增加4倍嗎？,2025年10月29日 星期三 上午10:56,@dominospizza_tw,,1,1,,,https://www.threads.com/@dominospizza_tw/post/DQYNBvcESQi,我陪你,2025年10月29日 星期三 上午11:32,,,,,,
dear_twomilk,https://www.threads.com/@dear_twomilk/post/DQYCUIKEocW,因為這篇，吸引了我的回眸，因為大家的回文，讓我留下了足跡，因為小編，我按下了追蹤~(算趁機告白嗎？😂😂😂,2025年10月29日 星期三 上午9:59,@dominospizza_tw,,1,1,,,https://www.threads.com/@dominospizza_tw/post/DQYM_ehEYMi,沒有關係，好多人喜歡我 越多越好,2025年10月29日 星期三 上午11:32,,,1,,,
z54376691,https://www.threads.com/@z54376691/post/DQXBk1pEme_,也不一定要499但吃到飽一定是個好點子👍,2025年10月29日 星期三 上午12:33,@dominospizza_tw,,,1,,,https://www.threads.com/@dominospizza_tw/post/DQXB7NvkxRz,下次看到499套餐 - 那就是我愛你的暗號,2025年10月29日 星期三 上午12:36,,,,1,,
alexcheng8012,https://www.threads.com/@alexcheng8012/post/DQTMt2oksFD,你們app不改好還是不會買,2025年10月27日 星期一 下午12:53,@dominospizza_tw,,1,1,,,https://www.threads.com/@dominospizza_tw/post/DQXB3Rxkwmx,聽話～ 原諒我 （已經原地升級app) 請下載/更新 😊,2025年10月29日 星期三 上午12:35,,"Photo by 達美樂披薩 on October 28, 2025.",,,,
twscorporation,https://www.threads.com/@twscorporation/post/DQTUvS4Ehnh,"模板來了XD
threads.com/@twsc…",2025年10月27日 星期一 下午2:03,@dominospizza_tw,"Photo by 奔騰物流系統 on October 26, 2025.",2,1,,,https://www.threads.com/@dominospizza_tw/post/DQXBxUJk2N1,我也很喜歡,2025年10月29日 星期三 上午12:35,,,1,1,,
lindee0816,https://www.threads.com/@lindee0816/post/DQTSb7jEikW,,2025年10月27日 星期一 下午1:43,@dominospizza_tw,"Photo by 張家綾 on October 26, 2025.",2,1,,,https://www.threads.com/@dominospizza_tw/post/DQXBuOnE0bv,能不能幫我點愛心 💗 我喜歡住在高樓層風景好,2025年10月29日 星期三 上午12:34,,,1,,,1
z54376691,https://www.threads.com/@z54376691/post/DQVxo6Zks3b,不是499 pizza吃到飽...,2025年10月28日 星期二 下午12:54,@dominospizza_tw,,1,1,,,https://www.threads.com/@dominospizza_tw/post/DQXA8tJk5LN,你真的想！？,2025年10月29日 星期三 上午12:27,,,,1,,
bounty_huntr,https://www.threads.com/@bounty_huntr/post/DQVlkCmEhng,看了好痛....,2025年10月28日 星期二 上午11:09,@dominospizza_tw,,1,1,,,https://www.threads.com/@dominospizza_tw/post/DQXA7fKEzRc,滿滿幸福 跟吃了四個大披薩一樣,2025年10月29日 星期三 上午12:27,,,1,,,
jennyyance168,https://www.threads.com/@jennyyance168/post/DQVr2wOkeBL,祝四胞胎順產,2025年10月28日 星期二 下午12:04,@dominospizza_tw,,1,1,,,https://www.threads.com/@dominospizza_tw/post/DQXA4aHk6XS,希望！我會努力生,2025年10月29日 星期三 上午12:27,,,1,,,
quan010707,https://www.threads.com/@quan010707/post/DQVxFfOkyCJ,四胞胎黑嚕嚕😳恭喜喔～,2025年10月28日 星期二 下午12:49,@dominospizza_tw,,1,1,,,https://www.threads.com/@dominospizza_tw/post/DQXA3RqEwZu,好旺好旺,2025年10月29日 星期三 上午12:27,,,1,,,
sanqkouq,https://www.threads.com/@sanqkouq/post/DQV3XKXkvG_,凸 翻譯,2025年10月28日 星期二 下午1:44,@dominospizza_tw,,,1,,,https://www.threads.com/@dominospizza_tw/post/DQXA1mIkwOc,哈哈哈 收工了嗎,2025年10月29日 星期三 上午12:26,,,,,,
brightnestbakery,https://www.threads.com/@brightnestbakery/post/DQVghh2EgKW,一炮三響嘣嘣嘣,2025年10月28日 星期二 上午10:25,@dominospizza_tw,,1,1,,,https://www.threads.com/@dominospizza_tw/post/DQXAyUpk0fP,多一響 三缺一,2025年10月29日 星期三 上午12:26,,,1,,,
groooupy.tw,https://www.threads.com/@groooupy.tw/post/DQVmv-0E_fq,滿腹披薩,2025年10月28日 星期二 上午11:19,@dominospizza_tw,,,1,,,https://www.threads.com/@dominospizza_tw/post/DQXAvvvkxCp,很好！ 我很喜歡,2025年10月29日 星期三 上午12:26,,,,,,
masa.16tw,https://www.threads.com/@masa.16tw/post/DQVhHPFCcsC,祝 順利併購,2025年10月28日 星期二 上午10:30,@dominospizza_tw,,,1,,,https://www.threads.com/@dominospizza_tw/post/DQXAuqGEwg8,😧,2025年10月29日 星期三 上午12:25,,,,,,
on.the.mood_quotes,https://www.threads.com/@on.the.mood_quotes/post/DQVlJV8kk1F,㊗️達美樂🍕 車水馬龍 門庭若市,2025年10月28日 星期二 上午11:05,@dominospizza_tw,,1,1,,,https://www.threads.com/@dominospizza_tw/post/DQXAtObk87S,感覺很6,2025年10月29日 星期三 上午12:25,,,1,,,
1101_limo,https://www.threads.com/@1101_limo/post/DQV2szkk4D9,祝福祝福有4寶 天蠍最棒了😎,2025年10月28日 星期二 下午1:39,@dominospizza_tw,,1,1,,,https://www.threads.com/@dominospizza_tw/post/DQXArnSE_Nb,我是天蠍寶寶,2025年10月29日 星期三 上午12:25,,,,,,
cocolinhty,https://www.threads.com/@cocolinhty/post/DQVo7RsDxqO,這個好笑,2025年10月28日 星期二 上午11:38,@dominospizza_tw,,1,1,,,https://www.threads.com/@dominospizza_tw/post/DQXAqaNE7Sx,喜事要笑一笑,2025年10月29日 星期三 上午12:25,,,,,,
c.h.s_ching,https://www.threads.com/@c.h.s_ching/post/DQWtTt5EiXU,你們真的很壞，酸到底 讓隔壁必勝客情何以堪 🤣,2025年10月28日 星期二 下午9:36,@dominospizza_tw,,,1,,,https://www.threads.com/@dominospizza_tw/post/DQWtZuQEeGL,😅 我… 只.. 是… 很快樂… 家裡人變多了,2025年10月28日 星期二 下午9:37,,,3,,,
faway9999,https://www.threads.com/@faway9999/post/DQWlm45jzb1,建議考慮明年WBC可以在比賽日推出一波優惠，鼓勵大家邊看比賽邊吃披薩 （許願）,2025年10月28日 星期二 下午8:28,@dominospizza_tw,,1,1,,,https://www.threads.com/@dominospizza_tw/post/DQWmfyLET2g,答應你！棒球的日子我不會缺席,2025年10月28日 星期二 下午8:36,,,2,,,
sherry_jaiho,https://www.threads.com/@sherry_jaiho/post/DQWlv1Dk0BO,@papazao.tw @dominospizza_tw 祝選手健康完賽得勝✌️,2025年10月28日 星期二 下午8:30,@supersupau_tw,,2,1,,,https://www.threads.com/@dominospizza_tw/post/DQWmNSVkdm9,等我一下下 家有喜事只能快走不能跑快,2025年10月28日 星期二 下午8:34,,,1,1,,
chaleskyhuang,https://www.threads.com/@chaleskyhuang/post/DQTImJZCV0E,就剩下你了 拿波里披薩🍕⋯⋯,2025年10月27日 星期一 下午12:17,,"Photo by Kidd Huang on October 26, 2025. | Photo by Kidd Huang on October 26, 2025.",14,3,,1,https://www.threads.com/@dominospizza_tw/post/DQWl9oxkW59,還有這梗,2025年10月28日 星期二 下午8:32,,"Photo by 達美樂披薩 on October 28, 2025.",7,,,
wuxiuhui4,https://www.threads.com/@wuxiuhui4/post/DQWhD_ojWf3,起士控的最愛，發現比披薩好吃又可拉絲加可愛的食物。,2025年10月28日 星期二 下午7:49,,"Photo by 虱目魚 on October 28, 2025.",5,2,,,https://www.threads.com/@dominospizza_tw/post/DQWl6JcESe2,這哪一家的 流口水,2025年10月28日 星期二 下午8:31,,,1,1,,
leadership_isoleader,https://www.threads.com/@leadership_isoleader/post/DQWRFixEnJb,"匆忙下班的小編想到今天還沒發文， 邊吃披薩邊跟大家介紹我們的新成員～
isokm.com.tw/event…",2025年10月28日 星期二 下午5:29,,"Photo by 領導力企管 on October 28, 2025.",8,6,,7,https://www.threads.com/@dominospizza_tw/post/DQWlxEMkVHn,我喜歡這篇 我知道你愛哪一家披薩🍕,2025年10月28日 星期二 下午8:30,,,3,1,,
dream_0721_catcher,https://www.threads.com/@dream_0721_catcher/post/DQWMgLaj8ah,來吧,2025年10月28日 星期二 下午4:49,@dominospizza_tw,,,1,,,https://www.threads.com/@dominospizza_tw/post/DQWhuVBkYhd,衝了 翻譯,2025年10月28日 星期二 下午7:54,,,1,,,
damahotpot,https://www.threads.com/@damahotpot/post/DQWMMbDAaF5,卡個位,2025年10月28日 星期二 下午4:46,@dominospizza_tw,,,1,,,https://www.threads.com/@dominospizza_tw/post/DQWhtlMkU_6,卡,2025年10月28日 星期二 下午7:54,,,1,,,
kssogo.tw,https://www.threads.com/@kssogo.tw/post/DQWTV5uiU8a,喜事連連欸，恭喜老爺賀喜老爺🤩,2025年10月28日 星期二 下午5:49,@dominospizza_tw,,3,1,,,https://www.threads.com/@dominospizza_tw/post/DQWhs4MEY8-,週年慶活動開跑,2025年10月28日 星期二 下午7:54,,,,,,
2005l0l8,https://www.threads.com/@2005l0l8/post/DQV1XE8iXNB,你們app很難用,2025年10月28日 星期二 下午1:27,@dominospizza_tw,,,1,,,https://www.threads.com/@dominospizza_tw/post/DQWhm6zEQQX,給我一個重新投胎的機會！改版-💕,2025年10月28日 星期二 下午7:53,,"Photo by 達美樂披薩 on October 28, 2025.",1,,,
hsiuhsiu_eileen2211,https://www.threads.com/@hsiuhsiu_eileen2211/post/DQTkkpKktLr,"這是回覆已無法顯示的貼文
笑死....🤣🤣🤣
看起來離職的必勝客是要去達美樂上班！🤣",2025年10月27日 星期一 下午4:22,,,2,1,,,https://www.threads.com/@dominospizza_tw/post/DQWhdEPkaC8,有容乃大 廣納百川 是我美樂也～,2025年10月28日 星期二 下午7:52,,,1,,,
leofudao,https://www.threads.com/@leofudao/post/DQUMxzmCZ5_,達美樂：？,2025年10月27日 星期一 下午10:13,@tenderstrike,,2,1,,,https://www.threads.com/@dominospizza_tw/post/DQWhVEeEfXM,😐,2025年10月28日 星期二 下午7:51,,,1,1,,
qlu_qlu,https://www.threads.com/@qlu_qlu/post/DQVsElUj8DC,"必勝客
必勝客發什麼裁員公告😤 趕快把哈辣墨西哥調回個人披薩部門啦😭 我沒朋友，吃不了大披薩 嗚嗚🥺",2025年10月28日 星期二 下午12:06,,,2,1,,,https://www.threads.com/@dominospizza_tw/post/DQWhPBMEZ2R,好👌 我願意配合,2025年10月28日 星期二 下午7:50,,,4,,,
wowwowmao,https://www.threads.com/@wowwowmao/post/DQWYZ-ak0ze,"必勝客
才想著今晚要吃披薩 卻聽聞資深老員工要離職 有沒有人推薦一下其他口味嚐嚐鮮🥹",2025年10月28日 星期二 下午6:33,,"Photo by 毛皇上貢品本舖 on October 28, 2025.",2,3,,,https://www.threads.com/@dominospizza_tw/post/DQWhLmmCaJ3,推～ 家有喜事 沒有人要離開的達美樂披薩🍕,2025年10月28日 星期二 下午7:50,,,3,1,,
b_hi.girls_d,https://www.threads.com/@b_hi.girls_d/post/DQWdd69kobz,突然發現我有兩張之前啤酒節ㄉ卡 跟一張達美樂雅英的卡 會有人要咪！ 1 / 2,2025年10月28日 星期二 下午7:17,,"Photo by 女神in援團 on October 28, 2025.",16,10,,1,https://www.threads.com/@dominospizza_tw/post/DQWhDMukSeP,要,2025年10月28日 星期二 下午7:49,,,2,1,,
yichuan_17,https://www.threads.com/@yichuan_17/post/DQWZ6NniTx_,那我可以寄Pizza 下一餐再領嗎？ 這應該可以刺激很多銷量喔,2025年10月28日 星期二 下午6:46,@dominospizza_tw,,1,1,,,https://www.threads.com/@dominospizza_tw/post/DQWaDZEkS8t,這裏就是你的家,2025年10月28日 星期二 下午6:47,,,1,,,
d0kiiovo,https://www.threads.com/@d0kiiovo/post/DQV1QLmEeRB,他有被神赦免過了 達美樂已實踐🥰,2025年10月28日 星期二 下午1:26,@axolotl._.322,,51,2,,,https://www.threads.com/@dominospizza_tw/post/DQWZ_nukTCK,神 赦免我了 永支夏威夷,2025年10月28日 星期二 下午6:47,,,12,,,
yongjinbeer,https://www.threads.com/@yongjinbeer/post/DQWIf5ykWFG,"披薩戰爭
最近必勝客跟達美樂怎麼了 湧編我永支夏威夷 幸好沒被開除
夏威夷披薩+湧金啤酒可是絕配呢!
等等～我們的啤酒配甚麼都可以~!",2025年10月28日 星期二 下午4:14,,,2,1,,,https://www.threads.com/@dominospizza_tw/post/DQWZ7aZESR9,我也永支,2025年10月28日 星期二 下午6:46,,,1,,,
,https://www.threads.com/@yen.food.life/post/DQVnzgwjx86,必勝客,2025年10月28日 星期二 上午11:28,,"Photo by 燕燕🍴美食 旅遊 生活｜美食樂園 on October 27, 2025. | Photo by 燕燕🍴美食 旅遊 生活｜美食樂園 on October 27, 2025.",5890,93,129,2773,https://www.threads.com/@dominospizza_tw/post/DQWZ5T9kTJr,我宣布跟你結婚👰,2025年10月28日 星期二 下午6:46,,,5,1,,
higashigt,https://www.threads.com/@higashigt/post/DQWL9y8CUMz,必勝客怎麼做到每天都在挑釁消費者，達美樂贏麻了,2025年10月28日 星期二 下午4:44,@mydaysinfrance,,1015,1,,,https://www.threads.com/@dominospizza_tw/post/DQWZ2lfEfob,"應該應該應該 應該應該應該 你們應該吃 達美樂披薩
我罰寫七次了 應該有誠意嗎",2025年10月28日 星期二 下午6:46,,,228,1,,
_april.xx,https://www.threads.com/@_april.xx/post/DQWEKDhkdRz,應該要fire掉小編,2025年10月28日 星期二 下午3:36,@mydaysinfrance,,3105,1,,4,https://www.threads.com/@dominospizza_tw/post/DQWZsaLESUd,我… 怎…,2025年10月28日 星期二 下午6:44,,,153,2,,
wang_qiaoru,https://www.threads.com/@wang_qiaoru/post/DQV_u9QE55V,我就放這兩張圖 看看留言會不會吵起來,2025年10月28日 星期二 下午2:57,,"Photo by 王巧如 on October 27, 2025. | Photo by 王巧如 on October 27, 2025.",10,1,,,https://www.threads.com/@dominospizza_tw/post/DQWZlflkbQ2,找我嗎？我是和事佬,2025年10月28日 星期二 下午6:43,,,9,,,
chris_koizumi,https://www.threads.com/@chris_koizumi/post/DQWZIjvEpec,你們竹東店那位香港阿姨太可愛啦！！！！ 能不能表揚她一下？,2025年10月28日 星期二 下午6:39,@dominospizza_tw,"Photo by @chris_koizumi on October 28, 2025.",4,1,,1,https://www.threads.com/@dominospizza_tw/post/DQWZYLvkWfv,萬聖節快樂！我好喜歡這個限量盒,2025年10月28日 星期二 下午6:42,,,2,,,
jennyyance168,https://www.threads.com/@jennyyance168/post/DQVsCCpkQ6i,會辦性別趴踢嗎？,2025年10月28日 星期二 下午12:05,@dominospizza_tw,,,1,,,https://www.threads.com/@dominospizza_tw/post/DQV9-_sERSm,你們喜歡 我們就…,2025年10月28日 星期二 下午2:42,,,2,1,,
avon_hsiao,https://www.threads.com/@avon_hsiao/post/DQVgha2ieiC,好像懂又好像不懂～這是什麼感覺🥺,2025年10月28日 星期二 上午10:25,@dominospizza_tw,,1,1,,,https://www.threads.com/@dominospizza_tw/post/DQV9c75ETW9,我懂 懂的都懂,2025年10月28日 星期二 下午2:38,,,1,,,
qek888,https://www.threads.com/@qek888/post/DQVlxBwE8Cm,哇 太恭喜了 好期待長相,2025年10月28日 星期二 上午11:11,@dominospizza_tw,,,1,,,https://www.threads.com/@dominospizza_tw/post/DQV9bPake3i,長相在超音波裡,2025年10月28日 星期二 下午2:37,,,,,,
tenderstrike,https://www.threads.com/@tenderstrike/post/DQV2yICgReM,恭喜小編啊 這四胞胎真的吉不完了！😂,2025年10月28日 星期二 下午1:39,@dominospizza_tw,,2,1,,,https://www.threads.com/@dominospizza_tw/post/DQV9Zf8kf91,大吉大利,2025年10月28日 星期二 下午2:37,,,1,1,,
mousecarol323,https://www.threads.com/@mousecarol323/post/DQVvCFcD5Lq,早上才留言最喜歡看到喜事了，沒想到喜上加喜💕,2025年10月28日 星期二 下午12:32,@dominospizza_tw,,,1,,,https://www.threads.com/@dominospizza_tw/post/DQV9XolEWe3,嗯！還有喜事要宣布喔,2025年10月28日 星期二 下午2:37,,,1,,,
teajunoma,https://www.threads.com/@teajunoma/post/DQV3HF4Ex5o,大四喜，恭喜恭喜😍,2025年10月28日 星期二 下午1:42,@dominospizza_tw,,,1,,,https://www.threads.com/@dominospizza_tw/post/DQV9WRKEWbo,好像很大！,2025年10月28日 星期二 下午2:37,,,1,,,
missemmaoffice,https://www.threads.com/@missemmaoffice/post/DQV6nJvkmEP,你這個要加薪才養的起啊！ 🤣🤣🤣,2025年10月28日 星期二 下午2:13,@dominospizza_tw,,1,1,,,https://www.threads.com/@dominospizza_tw/post/DQV9VBTkdFe,讓我老闆知道📣,2025年10月28日 星期二 下午2:36,,,,,,
fishhome__jiaoxi,https://www.threads.com/@fishhome__jiaoxi/post/DQV8JqmgUZk,居然是四胞胎.ᐟ.ᐟ期待捏😍,2025年10月28日 星期二 下午2:26,@dominospizza_tw,,,1,,,https://www.threads.com/@dominospizza_tw/post/DQV9TsvEcXv,期待🥰,2025年10月28日 星期二 下午2:36,,,1,,,
npm_south,https://www.threads.com/@npm_south/post/DQTrSK2iV8F,究竟夏威夷會不會被Pizza店開除，讓我們繼續看下去...,2025年10月27日 星期一 下午5:20,,"Photo by 國立故宮博物院南部院區 on October 27, 2025.",821,19,4,3,https://www.threads.com/@dominospizza_tw/post/DQV8hP9kQ1c,我愛他 原諒我,2025年10月28日 星期二 下午2:29,,,4,,,
anny640409,https://www.threads.com/@anny640409/post/DQUNr05EhNZ,忽然想起台中新光三越vs台中大遠百啊,2025年10月27日 星期一 下午10:21,@dominospizza_tw,,,1,,,https://www.threads.com/@dominospizza_tw/post/DQVSVG4k-k6,他們是我的麻吉,2025年10月28日 星期二 上午8:21,,,1,,,
liiguann,https://www.threads.com/@liiguann/post/DQUON8FEkp4,趣味的文案，成功吸引消費者注意了，一場品牌之間的巧妙互動，不只是行銷的火花，更是語言藝術的展現。 幽默中藏著智慧，競爭裡帶著風度，讓人會心一笑，也願意停下腳步細讀，這樣的創意，不僅讓品牌更有人味，也讓市場多了一份活力與樂趣。 🍕✨,2025年10月27日 星期一 下午10:26,@dominospizza_tw,,2,1,,,https://www.threads.com/@dominospizza_tw/post/DQVSTirE1QD,賣披薩當然是快樂耶～ 想到快樂聚餐就想到我們達美樂 - 喜事第一品牌😆,2025年10月28日 星期二 上午8:21,,,1,,,
y.oooo.y,https://www.threads.com/@y.oooo.y/post/DQUa3khD2_k,逗點在句首( ･᷄ὢ･᷅ ),2025年10月28日 星期二 上午12:16,@dominospizza_tw,,,1,,,https://www.threads.com/@dominospizza_tw/post/DQVSOdvkzRc,被發現了😅,2025年10月28日 星期二 上午8:20,,,,,,
lantiz731,https://www.threads.com/@lantiz731/post/DQUWBSgEo15,我先找個位子坐著等主菜😏,2025年10月27日 星期一 下午11:34,@dominospizza_tw,,,1,,,https://www.threads.com/@dominospizza_tw/post/DQVSI_3k5kA,巨無霸的喔！不要吃太飽 會撐,2025年10月28日 星期二 上午8:19,,,1,,,
toniliumvp,https://www.threads.com/@toniliumvp/post/DQUXhJWDwzY,@napolitaiwan_official 拿坡里披薩：,2025年10月27日 星期一 下午11:47,@dominospizza_tw,,,1,,,https://www.threads.com/@dominospizza_tw/post/DQVSGb3k0Tb,他看到了😆,2025年10月28日 星期二 上午8:19,,,,,,
annhealthy_sandwich,https://www.threads.com/@annhealthy_sandwich/post/DQUZR9XE0Ci,感謝達美樂 我愛你🥰🥰 以後pizza只選你,2025年10月28日 星期二 上午12:02,@dominospizza_tw,,1,1,,,https://www.threads.com/@dominospizza_tw/post/DQVSEYdEzdx,愛你😘,2025年10月28日 星期二 上午8:18,,,1,,,
mosaicpastryshop,https://www.threads.com/@mosaicpastryshop/post/DQUevDSEh63,要不要來指腹為婚👀,2025年10月28日 星期二 上午12:50,@dominospizza_tw,,1,1,,,https://www.threads.com/@dominospizza_tw/post/DQVSC3_kz2X,有點害羞,2025年10月28日 星期二 上午8:18,,,,,,
tsaielina,https://www.threads.com/@tsaielina/post/DQUqNxWkkzR,小編太會回了吧😆,2025年10月28日 星期二 上午2:30,@dominospizza_tw,,,1,,,https://www.threads.com/@dominospizza_tw/post/DQVSBjhExxl,你也很會逗我開心😃,2025年10月28日 星期二 上午8:18,,,1,,,
kobeooe,https://www.threads.com/@kobeooe/post/DQUq1ESE07D,金門需要一家店🥲 翻譯,2025年10月28日 星期二 上午2:36,@dominospizza_tw,,3,1,,,https://www.threads.com/@dominospizza_tw/post/DQVSABrEw10,👋,2025年10月28日 星期二 上午8:18,,,,,,
,https://www.threads.com/@dominospizza_tw/post/DQTHUTYEbhA,家有喜事,2025年10月27日 星期一 下午12:06,,"Photo by 達美樂披薩 on October 26, 2025.",11000,656,277,2572,https://www.threads.com/@dominospizza_tw/post/DQVR8lKE1r2,"家有喜事
昨天好日子😂",2025年10月28日 星期二 上午8:17,,,2,,,
twscorporation,https://www.threads.com/@twscorporation/post/DQTUOd7kqEh,"家有喜事+人事異動
最紅的模板來了，請自取(滑到最後)
達美樂色: 家有喜事專用 @dominospizza_tw 必勝客色: 人事異動專用 @pizzahut.taiwan
------搞倉庫的 奔騰物流系統 支援收銀的多種樣貌------- 1 / 2
奔騰物流系統",2025年10月27日 星期一 下午1:59,,"Photo by 奔騰物流系統 on October 26, 2025. | Photo by 奔騰物流系統 on October 26, 2025. | Photo by 奔騰物流系統 on October 26, 2025. | Photo by 奔騰物流系統 on October 26, 2025. | Photo by 奔騰物流系統 on October 26, 2025. | Photo by 奔騰物流系統 on October 26, 2025.",45,12,32,3,https://www.threads.com/@dominospizza_tw/post/DQUI1_REQGT,謝謝 好貼心,2025年10月27日 星期一 下午9:39,,,2,1,,
chihkai1029,https://www.threads.com/@chihkai1029/post/DQTIe8bE9MB,"【打對台】
期待推出更多優惠",2025年10月27日 星期一 下午12:16,,"Photo by 胡智凱Hu Chih Kai on October 26, 2025. | Photo by 胡智凱Hu Chih Kai on October 26, 2025.",52,2,1,2,https://www.threads.com/@dominospizza_tw/post/DQUCZHoESI-,好👌 這禮拜三個大披薩799送你家,2025年10月27日 星期一 下午8:42,,,19,,,
annhealthy_sandwich,https://www.threads.com/@annhealthy_sandwich/post/DQTsp7rE0HZ,"聽說披薩店有異動，你希望淘汰誰呢？？
‼️這份「披薩比賽指南」請收好：
口味首選--＞海鮮、無美乃滋
餅皮【安全首選🥇：薄脆餅皮】 分析： 碳水量最低、油脂最少。對血糖和體脂最友善。
【中度風險🥈：鬆厚 / 帕瑪森餅皮】 分析： 主要是「麵粉」熱量，碳水高，但至少油脂可控。
【紅色地雷🥉：芝心 / 熔岩餅皮】 分析： 這是「精緻澱粉 + 加工起司 + 高鈉」的完美風暴組合。
現在，你知道要呼籲披薩店保留什麼口味了嗎？",2025年10月27日 星期一 下午5:32,,,14,16,2,1,https://www.threads.com/@dominospizza_tw/post/DQUCVsPETIN,👌,2025年10月27日 星期一 下午8:42,,,5,1,,
xicopywrite,https://www.threads.com/@xicopywrite/post/DQUCGlFky4l,(尖叫）,2025年10月27日 星期一 下午8:40,@dominospizza_tw,,,1,,,https://www.threads.com/@dominospizza_tw/post/DQUCSurEc3F,我嚇到你了嗎,2025年10月27日 星期一 下午8:41,,,1,,,
karus.life,https://www.threads.com/@karus.life/post/DQTZP-XEruI,可以吃德式的,2025年10月27日 星期一 下午2:43,@forticimo8,"Photo by KARUS |在意生活 |永續禮品| 再衣筆 on October 26, 2025.",11,1,,,https://www.threads.com/@dominospizza_tw/post/DQT_4QNEe1U,🤣,2025年10月27日 星期一 下午8:20,,,3,1,,
sr.say100,https://www.threads.com/@sr.say100/post/DQTcFJbiTDV,達美樂居然把逗點放在句子的第一個位置...... 還兩次....,2025年10月27日 星期一 下午3:07,@sc1993_,,172,1,,5,https://www.threads.com/@dominospizza_tw/post/DQT_xwSEdvR,人家只有三分鐘做圖嘛～ 😁,2025年10月27日 星期一 下午8:19,,,21,1,,2
simplemarttw,https://www.threads.com/@simplemarttw/post/DQT357AE3SW,廉編只想烙一句： 拿坡里我兄弟（閨蜜）😎 1 / 2,2025年10月27日 星期一 下午7:11,,"Photo by 美廉社-物美價廉福利社 on October 27, 2025.",3738,118,96,524,https://www.threads.com/@dominospizza_tw/post/DQT_lLskbRz,嗯😐 你早上跟我聊天💬,2025年10月27日 星期一 下午8:18,,,216,3,,2
dream_er.world,https://www.threads.com/@dream_er.world/post/DQTb-8dkvNL,@pizzahut.taiwan 你們兩個是在相愛相殺嗎😍😍,2025年10月27日 星期一 下午3:07,@dominospizza_tw,"Photo by 雲端夢想家世界學苑 on October 27, 2025.",1,1,,,https://www.threads.com/@dominospizza_tw/post/DQT15nuEVvJ,我沒愛他 ～ 我愛你❤️,2025年10月27日 星期一 下午6:53,,,,,,
good.morning.my.dear.friend,https://www.threads.com/@good.morning.my.dear.friend/post/DQTe-TZj42R,宇宙是披薩！報喜不報憂！,2025年10月27日 星期一 下午3:33,@dominospizza_tw,,2,1,,,https://www.threads.com/@dominospizza_tw/post/DQT13Xgkb5w,我專門報喜,2025年10月27日 星期一 下午6:53,,,1,,,
young29_akai,https://www.threads.com/@young29_akai/post/DQTfIC8D5eV,演算法？,2025年10月27日 星期一 下午3:34,@dominospizza_tw,"Photo by Akai 阿凱 on October 27, 2025.",,1,,,https://www.threads.com/@dominospizza_tw/post/DQT11-LERPS,幫我按愛心 會跑上去,2025年10月27日 星期一 下午6:53,,,,,,
g_c088,https://www.threads.com/@g_c088/post/DQTfif6k-qI,超好笑,2025年10月27日 星期一 下午3:38,@dominospizza_tw,,4,1,,,https://www.threads.com/@dominospizza_tw/post/DQT1z6Lke95,超開心,2025年10月27日 星期一 下午6:52,,,,,,
jennyyance168,https://www.threads.com/@jennyyance168/post/DQTiRTMEacB,小老百姓不敢提太過分邀請啊！希望歲歲年年都有好事發生🤣希望年年有今日歲歲有今朝,2025年10月27日 星期一 下午4:02,@dominospizza_tw,,1,1,,,https://www.threads.com/@dominospizza_tw/post/DQT1ypTkYJe,好 還有什麼許願清單,2025年10月27日 星期一 下午6:52,,,,,,
yee._.hhl,https://www.threads.com/@yee._.hhl/post/DQThYwdAScQ,你知道你們的對手在辦喪嗎 我快笑死🤣,2025年10月27日 星期一 下午3:54,@dominospizza_tw,,,1,,,https://www.threads.com/@dominospizza_tw/post/DQT1v_lkVhi,我今天都在家 不知道🤷‍♀️,2025年10月27日 星期一 下午6:52,,,1,,,
pindou_soymilk,https://www.threads.com/@pindou_soymilk/post/DQTjb_bCRpT,吃瓜容易嘴乾 給大家放一杯豆漿在這自取🥛,2025年10月27日 星期一 下午4:12,@dominospizza_tw,,1,1,,,https://www.threads.com/@dominospizza_tw/post/DQT1t3rES68,好 心情好 讓你置入,2025年10月27日 星期一 下午6:51,,,1,,,
ourbit_zh,https://www.threads.com/@ourbit_zh/post/DQTmLgzEYJj,有料,2025年10月27日 星期一 下午4:36,@dominospizza_tw,,1,1,,,https://www.threads.com/@dominospizza_tw/post/DQT1rofETPH,披薩🍕有料來達美樂,2025年10月27日 星期一 下午6:51,,,,,,
songbenmilktea,https://www.threads.com/@songbenmilktea/post/DQTm2UJkvCy,好期待~到底是什麼~~ 翻譯,2025年10月27日 星期一 下午4:42,@dominospizza_tw,,,1,,,https://www.threads.com/@dominospizza_tw/post/DQT1qhskdEd,我有期待🥰,2025年10月27日 星期一 下午6:51,,,,,,
enpang_hsiao1010,https://www.threads.com/@enpang_hsiao1010/post/DQTnJNgEtK2,還以為你們要加薪,2025年10月27日 星期一 下午4:44,@dominospizza_tw,,,1,,,https://www.threads.com/@dominospizza_tw/post/DQT1pxlkdME,可能🤔,2025年10月27日 星期一 下午6:51,,,1,,,
xiubeme,https://www.threads.com/@xiubeme/post/DQTsoB3E0Wr,@hirosuer 可以再吃了 翻譯,2025年10月27日 星期一 下午5:32,@dominospizza_tw,,1,1,,,https://www.threads.com/@dominospizza_tw/post/DQT1pMdERHp,好 三個大披薩799 外送到家,2025年10月27日 星期一 下午6:51,,,1,,,
eason807766,https://www.threads.com/@eason807766/post/DQTX3dzEooA,"披薩店在搞什麼屁呢🤣
#猜猜這二家披薩店玩什麼花招？🤣😂 1 / 2",2025年10月27日 星期一 下午2:31,,"Photo by 徐裕逢 on October 26, 2025. | Photo by 徐裕逢 on October 26, 2025.",2,2,,,https://www.threads.com/@dominospizza_tw/post/DQTyUEsEZc_,我辦喜事 其他家我不知道 🤷‍♀️,2025年10月27日 星期一 下午6:22,,,5,,,
ccc_hsuan_,https://www.threads.com/@ccc_hsuan_/post/DQTuvQkDx_2,我要看到血流成河（？,2025年10月27日 星期一 下午5:50,@dominospizza_tw,,1,1,,,https://www.threads.com/@dominospizza_tw/post/DQTwPrhkQYB,喜事怎麼流血🩸,2025年10月27日 星期一 下午6:04,,,,,,
kikikuo73813,https://www.threads.com/@kikikuo73813/post/DQTpJyDAXTu,我上次是打美樂 對你們的披薩真的大改觀披薩跟小點心都很好吃😋,2025年10月27日 星期一 下午5:02,@dominospizza_tw,,2,2,,,https://www.threads.com/@dominospizza_tw/post/DQTwL_WkX2Y,正義,2025年10月27日 星期一 下午6:03,,,1,,,
goshare.official,https://www.threads.com/@goshare.official/post/DQTtm0PEoFB,葛～ 好羨慕你們,2025年10月27日 星期一 下午5:41,@dominospizza_tw,,2,1,,,https://www.threads.com/@dominospizza_tw/post/DQTwKlfkfwo,幫你留一席,2025年10月27日 星期一 下午6:03,,,1,,,
404.studioo,https://www.threads.com/@404.studioo/post/DQTtMnvkqVv,喜事可是要辦披薩流水席的,2025年10月27日 星期一 下午5:37,@dominospizza_tw,,2,1,,,https://www.threads.com/@dominospizza_tw/post/DQTwIxAEdcn,我正在籌備,2025年10月27日 星期一 下午6:03,,,,,,
tenderstrike,https://www.threads.com/@tenderstrike/post/DQTZoKVATpS,"社群行銷觀察
本日最強行銷操作，我看大概 非必勝客莫屬了。 😆😆😆",2025年10月27日 星期一 下午2:46,,,11,6,1,,https://www.threads.com/@dominospizza_tw/post/DQTv-wjEZpG,👓,2025年10月27日 星期一 下午6:01,,,2,1,,
johnny_way,https://www.threads.com/@johnny_way/post/DQTuQBTE3_v,我想看 必勝客小編 跟 達美樂小編吵架🥺🙏🏻,2025年10月27日 星期一 下午5:46,@dominospizza_tw,,,1,,,https://www.threads.com/@dominospizza_tw/post/DQTv4CDEaQB,你想看我氣哭🥹,2025年10月27日 星期一 下午6:00,,,4,1,,
mr.chiao,https://www.threads.com/@mr.chiao/post/DQTjAfcEvoj,這個行銷活動，因為達美樂的補充完整圓滿了.....,2025年10月27日 星期一 下午4:08,@shi_tang7974,,39,1,,,https://www.threads.com/@dominospizza_tw/post/DQTv10ekQK9,你的話 讓我今天圓滿了,2025年10月27日 星期一 下午6:00,,,14,,,
g.wenkai,https://www.threads.com/@g.wenkai/post/DQTsXgpATI0,"宛如從前可口可樂跟百事可樂之爭！ 對品牌來說這種良性的競爭，在行銷上是有效果 的。
必勝客以詼諧方式預計在品項上做刪減。￼ 而達美樂看似要順勢承接起那兩個品項，並重新加入打美樂的味道做創新。
￼似乎在這一場行銷作戰中，首次對壘中達美樂操作手法上稍微玩的漂亮些。不僅承接原口味客群，也把自己創新與味道加進去，創造屬於自己品項。 （達美樂老闆真的很給予很大的資源與授權）
但是後續細部的操作，可以看得出來必勝客小編，海巡跟回答詼諧的手法，替必勝客拉回滿多的關注。期待兩家小編，後續操作與對壘！
（蠻好奇，會是哪兩個口味被必勝客給剔除呢？） （歡迎大家留言討論是那兩個品項呢）",2025年10月27日 星期一 下午5:30,,"Photo by 呆呆妹+偶爾亂入的洪金寶貝 on October 27, 2025. | Photo by 呆呆妹+偶爾亂入的洪金寶貝 on October 27, 2025.",11,1,,1,https://www.threads.com/@dominospizza_tw/post/DQTvtVqEYC_,簽到☺️ 我第一個吧,2025年10月27日 星期一 下午5:59,,,12,,,
loic0531,https://www.threads.com/@loic0531/post/DQTPXa7k0lx,好愛達美樂跟必勝客今天的相愛（沒有）相殺（顯而易見）。,2025年10月27日 星期一 下午1:16,,,7,4,,,https://www.threads.com/@dominospizza_tw/post/DQTocIskTIf,我知道你們愛我多,2025年10月27日 星期一 下午4:55,,,7,,,
shi_tang7974,https://www.threads.com/@shi_tang7974/post/DQTn93XkpDD,有沒有比你的公告紅,2025年10月27日 星期一 下午4:51,@dominospizza_tw,,1,1,,,https://www.threads.com/@dominospizza_tw/post/DQToaKjEUBd,有🌺,2025年10月27日 星期一 下午4:55,,,2,,,
jtinggg_,https://www.threads.com/@jtinggg_/post/DQTmOybj-pP,"必勝客
達美樂行銷團隊很快，今早必勝客發出「裁員」公告，疑似有經典口味即將被淘汰。兩小時後，達美樂推出「家有喜事」公告🤣",2025年10月27日 星期一 下午4:36,,"Photo by 靜 婷 J T✨ on October 27, 2025. | Photo by 靜 婷 J T✨ on October 27, 2025.",88,4,,15,https://www.threads.com/@dominospizza_tw/post/DQTm-nQkQ8R,👻,2025年10月27日 星期一 下午4:43,,,9,1,,
gaopei_,https://www.threads.com/@gaopei_/post/DQTl_mBkhsS,"破600萬了🎊🎊🎊 能換超商的養樂多或是全聯的東西嗎～
還是必勝客和達美樂～ 我想吃Pizza免費幫你們發一篇threads
其他商家也可以來提案😂 看誰最活網",2025年10月27日 星期一 下午4:34,,"Photo by 高培🙋🏻‍♂️｜你的AI教練｜投資理財 x 人工智慧 on October 27, 2025.",57,20,,2,https://www.threads.com/@dominospizza_tw/post/DQTm9IIEYt-,👏,2025年10月27日 星期一 下午4:42,,,7,1,,
momoshopping_,https://www.threads.com/@momoshopping_/post/DQTmmDyj56A,"披薩戰爭
不管達美樂跟必勝客要演哪齣 誰都不准動夏威夷披薩🍕 永支夏威夷披薩！！懂不！！",2025年10月27日 星期一 下午4:39,,,699,61,6,34,https://www.threads.com/@dominospizza_tw/post/DQTmvspEXHQ,我答應你,2025年10月27日 星期一 下午4:41,,,79,2,,
forticimo8,https://www.threads.com/@forticimo8/post/DQTIwOMEfM_,"必勝客&達美樂
我快被這兩家披薩店公告笑死🤣 1 / 3",2025年10月27日 星期一 下午12:19,,"Photo by 陳惠琪 on October 26, 2025. | Photo by 陳惠琪 on October 26, 2025.",27000,373,713,5958,https://www.threads.com/@dominospizza_tw/post/DQTmr63EZ7H,歡迎大家幫我慶祝🙌,2025年10月27日 星期一 下午4:40,,,905,4,,
yumi66l,https://www.threads.com/@yumi66l/post/DQTW25Tk-Ef,我是達美樂比薩超級墨西哥口味的超級死忠擁護者,2025年10月27日 星期一 下午2:22,,,3,2,,,https://www.threads.com/@dominospizza_tw/post/DQTmomQEX1e,謝謝😊,2025年10月27日 星期一 下午4:40,,,1,1,,
kaokai7788,https://www.threads.com/@kaokai7788/post/DQTeNFIDygz,小編好認真！！,2025年10月27日 星期一 下午3:26,@dominospizza_tw,,1,1,,,https://www.threads.com/@dominospizza_tw/post/DQTl--VEalx,我好認真,2025年10月27日 星期一 下午4:34,,,,,,
bread_62_,https://www.threads.com/@bread_62_/post/DQTiho-E1K-,我還以為你們要結婚了（吃瓜群眾）,2025年10月27日 星期一 下午4:04,@dominospizza_tw,,2,1,,,https://www.threads.com/@dominospizza_tw/post/DQTl78PkTyH,真的沒有😱😱😱,2025年10月27日 星期一 下午4:34,,,2,,,
ginseng.taiwan,https://www.threads.com/@ginseng.taiwan/post/DQTjV2AgXoI,所以有沒有人蔘雞口味的PIZZA?,2025年10月27日 星期一 下午4:11,@dominospizza_tw,,1,1,,,https://www.threads.com/@dominospizza_tw/post/DQTl7C_Edv8,你想就…,2025年10月27日 星期一 下午4:33,,,1,,,
owndays_taiwan,https://www.threads.com/@owndays_taiwan/post/DQTkM4EEUz8,送上祝福(⌐■ᴗ■)ノ♡,2025年10月27日 星期一 下午4:18,@dominospizza_tw,,2,1,,,https://www.threads.com/@dominospizza_tw/post/DQTl4zbkX19,幫你留一席,2025年10月27日 星期一 下午4:33,,,,,,
mizz_eisen,https://www.threads.com/@mizz_eisen/post/DQTkbJnEqAC,這兩間真的幫我們帶來很多驚喜,2025年10月27日 星期一 下午4:20,@dominospizza_tw,,,1,,,https://www.threads.com/@dominospizza_tw/post/DQTl2ukEdvx,🤔👓🍕,2025年10月27日 星期一 下午4:33,,,,,,
youngchuang,https://www.threads.com/@youngchuang/post/DQTcXXDid_p,結果我昨晚剛吃 @pizzahut.taiwan @dominospizza_tw 我跪 🥲 2 / 2,2025年10月27日 星期一 下午3:10,@youngchuang,"Photo by Young Chuang/老羊 on October 27, 2025.",1,1,,,https://www.threads.com/@dominospizza_tw/post/DQTly0Akepw,給你特價！我赦免你,2025年10月27日 星期一 下午4:32,,,2,,,
inffits,https://www.threads.com/@inffits/post/DQTZxA2gdPC,小編正在想今年萬聖節要扮什麼 想了很久 還是只能扮想要連假的社畜,2025年10月27日 星期一 下午2:47,,,6,6,,,https://www.threads.com/@dominospizza_tw/post/DQTlvPPEVhI,可以辦糖山披薩！,2025年10月27日 星期一 下午4:32,,,2,1,,
realestatebless,https://www.threads.com/@realestatebless/post/DQTYgEvD-NW,"披薩
究竟是要合體了？還是要推出新口味🤔
我們拭目以待",2025年10月27日 星期一 下午2:36,,"Photo by 高雄房地產界的祝福 on October 26, 2025. | Photo by 高雄房地產界的祝福 on October 26, 2025.",15,2,1,,https://www.threads.com/@dominospizza_tw/post/DQTlsZckSvU,我要開直播澄清😅,2025年10月27日 星期一 下午4:31,,,2,1,,
95danboss,https://www.threads.com/@95danboss/post/DQTaTwMj5yF,必勝客資遣文後接下來是達美樂的家有囍事，達美樂這反應也太快，是否雙方說好互擡聲勢！？無論有沒有，這個看起來就是個典型的強強聯手的行銷，就算是同業也可以合作，雙方都獲得不少討論度和關注度！,2025年10月27日 星期一 下午2:52,,"Photo by 九五之丹闆闆(Max) on October 26, 2025. | Photo by 九五之丹闆闆(Max) on October 26, 2025.",13,2,,,https://www.threads.com/@dominospizza_tw/post/DQTlqTkkaH9,沒有說好！小編發誓,2025年10月27日 星期一 下午4:31,,,,1,,
jujournal.studio,https://www.threads.com/@jujournal.studio/post/DQTgTCJD0VB,你們是披薩界的織女牛郎嗎,2025年10月27日 星期一 下午3:44,@dominospizza_tw,,,1,,,https://www.threads.com/@dominospizza_tw/post/DQTjIZHkS31,我是仙女🧚‍♀️,2025年10月27日 星期一 下午4:09,,,1,1,,
ginseng.taiwan,https://www.threads.com/@ginseng.taiwan/post/DQTi-SlAU7z,你們的婚宴有人蔘雞可以吃嗎?,2025年10月27日 星期一 下午4:08,@dominospizza_tw,,2,1,,,https://www.threads.com/@dominospizza_tw/post/DQTjGvkETLV,我很早婚,2025年10月27日 星期一 下午4:09,,,1,1,,
leona.explore,https://www.threads.com/@leona.explore/post/DQTU-qHAZzV,"🍕必勝客：「人事異動公告」 🍕達美樂：「家有喜事❤️」
前者像爸媽通知你被退學， 後者像朋友邀你吃喜酒。
行銷人都知道： 說話的語氣，就是品牌的靈魂。 不是誰比較會寫文案， 而是誰比較懂「人」。",2025年10月27日 星期一 下午2:05,,"Photo by 高效職場媽媽 Leona on October 26, 2025. | Photo by 高效職場媽媽 Leona on October 26, 2025.",52,5,,8,https://www.threads.com/@dominospizza_tw/post/DQTidngkUuH,我懂你嗎,2025年10月27日 星期一 下午4:03,,,11,1,,
kssogo.tw,https://www.threads.com/@kssogo.tw/post/DQTbpVaiQl1,有沒有可能是伴郎的部分😎✨,2025年10月27日 星期一 下午3:04,@dominospizza_tw,,4,1,,,https://www.threads.com/@dominospizza_tw/post/DQTiJlbEQKB,也可以,2025年10月27日 星期一 下午4:00,,,1,,,
franhsu_,https://www.threads.com/@franhsu_/post/DQTYIbAAQlo,你們很煩欸～ 只要不動夏威夷跟海鮮什麼都好說！,2025年10月27日 星期一 下午2:33,@dominospizza_tw,,,1,,,https://www.threads.com/@dominospizza_tw/post/DQTiHslEZS0,我答應你,2025年10月27日 星期一 下午4:00,,,2,,,
linggg0127,https://www.threads.com/@linggg0127/post/DQTayiQATxE,你的logo跟標題好像沒有置中,2025年10月27日 星期一 下午2:56,@dominospizza_tw,,4,2,,,https://www.threads.com/@dominospizza_tw/post/DQTiE5ekb-T,我的喜事趕時間,2025年10月27日 星期一 下午4:00,,,3,1,1,
jennyyance168,https://www.threads.com/@jennyyance168/post/DQTgUghkcZY,祝新婚快樂！百年好合！看來是要辦三天三夜流水席慶祝了,2025年10月27日 星期一 下午3:44,@dominospizza_tw,,1,1,,,https://www.threads.com/@dominospizza_tw/post/DQTiA-5kYvX,這樣夠嗎,2025年10月27日 星期一 下午3:59,,,1,1,,1
tsiu_ho_ui,https://www.threads.com/@tsiu_ho_ui/post/DQTOtt5EpFs,"這兩家在幹嘛？真好奇😂
好厲害的宣傳，小編加雞腿",2025年10月27日 星期一 下午1:11,,"Photo by Tsiu Hō-uí on October 26, 2025.",10,3,,,https://www.threads.com/@dominospizza_tw/post/DQTa_B-kQe5,幫我加？ 翻譯,2025年10月27日 星期一 下午2:58,,,4,,,
yummyun_food,https://www.threads.com/@yummyun_food/post/DQTVoYekdAg,"必勝客
必勝客發出人事異動公告 結果達美樂發出喜事公告 甚至還有慶祝活動 這波操作真的是太刺激了🤣 1 / 2",2025年10月27日 星期一 下午2:11,,"Photo by 𝐘𝐘🥯｜美食 吃播Asmr⠀༘⋆ on October 26, 2025. | Photo by 𝐘𝐘🥯｜美食 吃播Asmr⠀༘⋆ on October 26, 2025.",181,8,1,52,https://www.threads.com/@dominospizza_tw/post/DQTa9pBEc8F,誰讓你那麼嗨👋,2025年10月27日 星期一 下午2:58,,,51,2,,
yds258,https://www.threads.com/@yds258/post/DQTS1XXk-di,"必勝客 達美樂
我自行宣布 第一屆《脆挖角大賽》 正式開始 選手如下：",2025年10月27日 星期一 下午1:47,,"Photo by 永大興工業社 X 工業扇 X工業排風機 on October 26, 2025. | Photo by 永大興工業社 X 工業扇 X工業排風機 on October 26, 2025.",16,6,,3,https://www.threads.com/@dominospizza_tw/post/DQTabpLESfP,😳,2025年10月27日 星期一 下午2:53,,,1,1,1,
n_ys_m,https://www.threads.com/@n_ys_m/post/DQTLJ_VEul6,把鳳梨開除的喜事嗎 我可以,2025年10月27日 星期一 下午12:40,@dominospizza_tw,,1,1,,,https://www.threads.com/@dominospizza_tw/post/DQTaKUwETk3,我愛死鳳梨🍍 至死不渝,2025年10月27日 星期一 下午2:51,,,4,,,
cat_pt2016,https://www.threads.com/@cat_pt2016/post/DQTR3o5j66q,在一起在一起在一起在一起❤️❤️❤️,2025年10月27日 星期一 下午1:38,@dominospizza_tw,,,1,,,https://www.threads.com/@dominospizza_tw/post/DQTaHx6kREz,跟你？,2025年10月27日 星期一 下午2:50,,,,,,
ace.0522,https://www.threads.com/@ace.0522/post/DQTMhXyki-f,你跟隔壁要聯姻了嗎,2025年10月27日 星期一 下午12:51,@dominospizza_tw,,,1,,,https://www.threads.com/@dominospizza_tw/post/DQTaGF7Eayc,,2025年10月27日 星期一 下午2:50,,,,,,
chenyencheng0702,https://www.threads.com/@chenyencheng0702/post/DQTPC8ijx-O,拿波里小編還在做什麼,2025年10月27日 星期一 下午1:14,@dominospizza_tw,,,1,,,https://www.threads.com/@dominospizza_tw/post/DQTaCpgEYKu,可能想約我😂,2025年10月27日 星期一 下午2:50,,,,,,
solaris0702,https://www.threads.com/@solaris0702/post/DQTNqm-k9QV,你們der反應會不會太快惹,2025年10月27日 星期一 下午1:01,@dominospizza_tw,,,1,,,https://www.threads.com/@dominospizza_tw/post/DQTaAvVkQQk,上次打棒球那次呢,2025年10月27日 星期一 下午2:49,,,1,,,
paikm01,https://www.threads.com/@paikm01/post/DQTOrhNE7N3,你們兩間的策劃是同一人嗎？,2025年10月27日 星期一 下午1:10,@dominospizza_tw,,,1,,,https://www.threads.com/@dominospizza_tw/post/DQTZ-_NETl4,我們家的策劃是我，別人家我不知道🤷,2025年10月27日 星期一 下午2:49,,,,,,
rentakekami,https://www.threads.com/@rentakekami/post/DQTTCrYkl93,必勝客這局輸爛了,2025年10月27日 星期一 下午1:48,@dominospizza_tw,,1,1,,,https://www.threads.com/@dominospizza_tw/post/DQTZ7v8ETVQ,少一局我也想聽,2025年10月27日 星期一 下午2:49,,,,1,,
chen.148cm,https://www.threads.com/@chen.148cm/post/DQTVr2_kzoN,這就是我愛達美樂的原因 ✨,2025年10月27日 星期一 下午2:12,@dominospizza_tw,,1,1,,,https://www.threads.com/@dominospizza_tw/post/DQTZ6KVEW68,還有別的原因吧,2025年10月27日 星期一 下午2:48,,,,1,,
freyanox920,https://www.threads.com/@freyanox920/post/DQTOLgHCX7q,看來是P牌行銷比較強,2025年10月27日 星期一 下午1:06,@dominospizza_tw,,2,1,,,https://www.threads.com/@dominospizza_tw/post/DQTZ4wSESsr,我的第一個字母是 D ～ Dominos Pizza,2025年10月27日 星期一 下午2:48,,,2,1,,
hhhhirooo,https://www.threads.com/@hhhhirooo/post/DQTNFWvEoXf,我辦Threads帳號就是為了來看你們互相傷害的,2025年10月27日 星期一 下午12:56,@dominospizza_tw,,1,1,,,https://www.threads.com/@dominospizza_tw/post/DQTZ1P-EVTS,我傷害誰？ 我很專情,2025年10月27日 星期一 下午2:48,,,2,,,
xin1998908,https://www.threads.com/@xin1998908/post/DQTOkn2AS9v,"排版
每次看到逗號給我放在開頭的我都會牙起來🫠
家有喜事",2025年10月27日 星期一 下午1:09,,"Photo by 達美樂披薩 on October 26, 2025.",2,1,,1,https://www.threads.com/@dominospizza_tw/post/DQTOoowkSgv,原諒我，我做圖好趕,2025年10月27日 星期一 下午1:10,,,6,,,
crocodile.tw,https://www.threads.com/@crocodile.tw/post/DQTN1TDk2oI,恭喜恭喜～這是第幾胎了？男的女的？順產還是剖腹？名字取了嗎？,2025年10月27日 星期一 下午1:03,@dominospizza_tw,,26,2,,,https://www.threads.com/@dominospizza_tw/post/DQTOkWKEdpV,秘密㊙️ 還沒三個月,2025年10月27日 星期一 下午1:09,,,44,1,,
hiro4672,https://www.threads.com/@hiro4672/post/DQTN_adEaKu,跟得夠快，小編加雞腿,2025年10月27日 星期一 下午1:04,@dominospizza_tw,,17,1,,,https://www.threads.com/@dominospizza_tw/post/DQTOh-ZkR7-,中午吃了六根,2025年10月27日 星期一 下午1:09,,,10,1,,
enx_n0223,https://www.threads.com/@enx_n0223/post/DQTOAFbkhCl,沒有告別式,2025年10月27日 星期一 下午1:04,@dominospizza_tw,,2,1,,,https://www.threads.com/@dominospizza_tw/post/DQTOgUFESST,保證沒有,2025年10月27日 星期一 下午1:09,,,,,,
dju885068,https://www.threads.com/@dju885068/post/DQTOCjvkbsp,你跟隔壁棚文章連在一起時真的夠嗆😂,2025年10月27日 星期一 下午1:05,@dominospizza_tw,,4,1,,,https://www.threads.com/@dominospizza_tw/post/DQTOfSKEQFf,我喜歡吃辣,2025年10月27日 星期一 下午1:09,,,3,,,
topcityfe21,https://www.threads.com/@topcityfe21/post/DQTOMK0k-r-,跟必勝客約好？,2025年10月27日 星期一 下午1:06,@dominospizza_tw,,20,3,,,https://www.threads.com/@dominospizza_tw/post/DQTOc54EY1X,我跟你約,2025年10月27日 星期一 下午1:08,,,16,1,,
freeven.menspalais,https://www.threads.com/@freeven.menspalais/post/DQTOMOfkgGg,看來必勝客的員工是被你們挖角了罷,2025年10月27日 星期一 下午1:06,@dominospizza_tw,,28,1,,,https://www.threads.com/@dominospizza_tw/post/DQTOa_Mkdtg,😳,2025年10月27日 星期一 下午1:08,,,3,,,
winstonpc,https://www.threads.com/@winstonpc/post/DQTMM37EgeW,"達美樂
不是欸，不是欸 今天這個是什麼情形啦 本來連假後的Monday Blue 瞬間都煙消雲散了 XDDDDDD",2025年10月27日 星期一 下午12:49,,"Photo by Winston Tsung Han Chung on October 26, 2025.",8,14,,2,https://www.threads.com/@dominospizza_tw/post/DQTNgyGkWHQ,你快樂嗎？ 我很快樂,2025年10月27日 星期一 下午1:00,,,7,2,,
handmade1plus1,https://www.threads.com/@handmade1plus1/post/DQTLgNhEgFf,我覺得達美樂跟必勝客太絕了 一個增加一個減少,2025年10月27日 星期一 下午12:43,,,5,4,,,https://www.threads.com/@dominospizza_tw/post/DQTMplEkSMo,🥰,2025年10月27日 星期一 下午12:53,,"Photo by 達美樂披薩 on October 26, 2025.",2,1,,
cirocfafa,https://www.threads.com/@cirocfafa/post/DQTIsEfE4IA,支持達美樂😍,2025年10月27日 星期一 下午12:18,@dominospizza_tw,,,1,,,https://www.threads.com/@dominospizza_tw/post/DQTK5GFkb_5,愛你😘,2025年10月27日 星期一 下午12:37,,,1,,,
abcdefghi3117,https://www.threads.com/@abcdefghi3117/post/DQTIuZSDwYy,達美樂很會！,2025年10月27日 星期一 下午12:18,@dominospizza_tw,,,1,,,https://www.threads.com/@dominospizza_tw/post/DQTK3i0EeDt,很會什麼？ 我霧煞煞,2025年10月27日 星期一 下午12:37,,,1,2,,
g963021,https://www.threads.com/@g963021/post/DQTJay2klDS,我笑了 兩家披薩店是怎樣？🤣🤣🤣🤣🤣,2025年10月27日 星期一 下午12:24,@dominospizza_tw,,,1,,,https://www.threads.com/@dominospizza_tw/post/DQTK1lNkWBL,什麼事？ 我剛剛在忙著印喜帖,2025年10月27日 星期一 下午12:37,,,13,3,,
tsai_8524,https://www.threads.com/@tsai_8524/post/DQTKkAviV_D,我會笑ㄕˇ🤣,2025年10月27日 星期一 下午12:34,@dominospizza_tw,,1,1,,,https://www.threads.com/@dominospizza_tw/post/DQTKzU5kXqo,那就一起,2025年10月27日 星期一 下午12:36,,,1,,,
balloon_conan,https://www.threads.com/@balloon_conan/post/DQTJalfEl6N,乾好好笑，剛看完pizza hut 就看到這個,2025年10月27日 星期一 下午12:24,@dominospizza_tw,,33,2,,,https://www.threads.com/@dominospizza_tw/post/DQTKyhmEdqY,吃披薩🍕喜悅一點嘛～,2025年10月27日 星期一 下午12:36,,,16,,,
bangshop_2023,https://www.threads.com/@bangshop_2023/post/DQTJchdkeU5,剛點開就兩篇一起出現 原來是重金挖角😆,2025年10月27日 星期一 下午12:25,@dominospizza_tw,"Photo by 棒棒屋日式牛奶棒 on October 26, 2025.",924,8,4,338,https://www.threads.com/@dominospizza_tw/post/DQTKvB-EYdl,演算法壞壞 果然喜事飛上天,2025年10月27日 星期一 下午12:36,,,698,1,,4
j19518,https://www.threads.com/@j19518/post/DQTKOj7CXAi,留言讓大家看看品牌鬥智😆,2025年10月27日 星期一 下午12:31,@dominospizza_tw,,6,1,,,https://www.threads.com/@dominospizza_tw/post/DQTKopQEWzF,你覺得誰比較智,2025年10月27日 星期一 下午12:35,,,4,1,,
qek888,https://www.threads.com/@qek888/post/DQTIynskS8g,更新速度太快了..,2025年10月27日 星期一 下午12:19,@dominospizza_tw,,2,1,,,https://www.threads.com/@dominospizza_tw/post/DQTJl0AERRw,喜訊太強 不晃會被？,2025年10月27日 星期一 下午12:26,,,3,,,
liuhdowtang,https://www.threads.com/@liuhdowtang/post/DQN0PdIkzKG,"免費
全聯萬聖節活動，小孩免費領糖果，各家全聯給的糖果不一樣，趕快帶小孩出發了！只給小孩喔！要說關鍵字：不給糖就搗蛋",2025年10月25日 星期六 上午10:43,,"Photo by 綠豆湯 on October 24, 2025.",5292,244,114,7583,https://www.threads.com/@dominospizza_tw/post/DQO9tKIkfzP,很好！拿來配披薩😆,2025年10月25日 星期六 下午9:25,,"Photo by 達美樂披薩 on October 25, 2025.",46,1,,19
nobi_nobita_08_07,https://www.threads.com/@nobi_nobita_08_07/post/DQO5_jzCeaU,"我自行宣布 第一屆 《Threads 史上大家一定都看過的圖文》大賽 正式開始
選手如下：￼ （歡迎截圖投稿） 1 / 2",2025年10月25日 星期六 下午8:53,,,145,85,1,,https://www.threads.com/@dominospizza_tw/post/DQO9ok1ETuT,,2025年10月25日 星期六 下午9:24,,"Photo by 達美樂披薩 on October 25, 2025.",18,1,,
yafabioofficial,https://www.threads.com/@yafabioofficial/post/DQOkZgfD_Il,我自行宣布 第一屆《Thread最可愛小編》大賽 現在開始 選手如下：,2025年10月25日 星期六 下午5:44,,,33,33,,,https://www.threads.com/@dominospizza_tw/post/DQO9jVUkWAb,😘,2025年10月25日 星期六 下午9:24,,,1,,,
exheez,https://www.threads.com/@exheez/post/DQO7WDWEtuo,后里🦀，達美樂竟然來了！已被赦免的達美樂😇,2025年10月25日 星期六 下午9:04,@dominospizza_tw,,,1,,,https://www.threads.com/@dominospizza_tw/post/DQO8sklkdO8,萬聖節🎃我不藏了噢,2025年10月25日 星期六 下午9:16,,,,,,
amywen.01,https://www.threads.com/@amywen.01/post/DQOoBMbE020,我比較需要的幫忙是小編送個披薩過來🙂‍↕️ 餓了！😻,2025年10月25日 星期六 下午6:16,@dominospizza_tw,,25,1,,2,https://www.threads.com/@dominospizza_tw/post/DQOoIJQkaRl,上網訂！馬上準備～^_^,2025年10月25日 星期六 下午6:17,,,8,,,
dailybreakfast.official,https://www.threads.com/@dailybreakfast.official/post/DQMgQfeDw2u,"萬聖節
我自行宣布 第一屆《萬聖節最有料裝扮》大賽 正式開始 選手如下： 1 / 2",2025年10月24日 星期五 下午10:29,,,4,8,,,https://www.threads.com/@dominospizza_tw/post/DQOoF_yEdiX,跟你拼了,2025年10月25日 星期六 下午6:16,,"Photo by 達美樂披薩 on October 25, 2025.",4,1,,
jerry_watchme,https://www.threads.com/@jerry_watchme/post/DQOnyz9kxq6,萬聖節快樂👻👻👻,2025年10月25日 星期六 下午6:14,@dominospizza_tw,,1,1,,,https://www.threads.com/@dominospizza_tw/post/DQOoBX1EbeY,嗨嗨～,2025年10月25日 星期六 下午6:16,,,1,,,
mofans_2020,https://www.threads.com/@mofans_2020/post/DQOn5lDk7dP,我剛好想吃pizza,2025年10月25日 星期六 下午6:15,@dominospizza_tw,,1,1,,,https://www.threads.com/@dominospizza_tw/post/DQOn-EnEVcQ,來,2025年10月25日 星期六 下午6:15,,,,,,
kitki881,https://www.threads.com/@kitki881/post/DQHOM0EAUpP,"李多慧
哇～ 😋好想吃喔那一天猜拳猜輸了😭 #達美樂林口長庚店🍕 #公主一日店長 #李多慧 @le_dahye youtube.com/short…
youtube.com
熊貓的活動日常",2025年10月22日 星期三 下午9:15,,熊貓的活動日常,15,1,,,https://www.threads.com/@dominospizza_tw/post/DQOn8xrkW-Z,我也是,2025年10月25日 星期六 下午6:15,,,1,,,
exheez,https://www.threads.com/@exheez/post/DQN63bfkjQb,"好，達美樂，你贏了👍
heavenravenofficial",2025年10月25日 星期六 上午11:41,,,2,3,,,https://www.threads.com/@dominospizza_tw/post/DQOnVY9kUv9,嗯,2025年10月25日 星期六 下午6:10,,,1,1,,
nina_growth,https://www.threads.com/@nina_growth/post/DQOnJDiCQ-W,萬聖節快樂👻,2025年10月25日 星期六 下午6:08,@dominospizza_tw,,2,1,,,https://www.threads.com/@dominospizza_tw/post/DQOnQHrEenE,萬聖節🎃快樂,2025年10月25日 星期六 下午6:09,,,,,,
mofans_2020,https://www.threads.com/@mofans_2020/post/DQMNzVnE3Jq,我自行宣布 第一屆《threads小編海巡王大賽》正式開始 選手報到： 1 / 2,2025年10月24日 星期五 下午7:48,,,407,452,8,13,https://www.threads.com/@dominospizza_tw/post/DQOnNRwkarw,邊吃披薩邊報到,2025年10月25日 星期六 下午6:08,,,1,1,,
amywen.01,https://www.threads.com/@amywen.01/post/DQOIYFjkXKc,我自行宣布 全部第一屆比賽 【即！刻！停！止！】 ^_^,2025年10月25日 星期六 下午1:39,,,27000,130,615,201,https://www.threads.com/@dominospizza_tw/post/DQOnKs_kfdV,好！ 我幫你宣布 第二屆搗蛋披薩大賽 這裡開始選手如下,2025年10月25日 星期六 下午6:08,,"Photo by 達美樂披薩 on October 25, 2025.",208,2,1,42
slimming829,https://www.threads.com/@slimming829/post/DQMLTMeEp6P,"流量密碼
自行宣布 第一屆《Threads 史上最好吃的食物》大賽 正式開始 選手如下",2025年10月24日 星期五 下午7:26,,,32,56,,1,https://www.threads.com/@dominospizza_tw/post/DQOm7L6kQtu,真的好吃啦 翻譯,2025年10月25日 星期六 下午6:06,,"Photo by 達美樂披薩 on October 25, 2025.",1,1,,
nina_growth,https://www.threads.com/@nina_growth/post/DQONvETiZME,"小編
我自行宣布 第一屆《threads小編人，休假都在幹嘛》大賽 正式開始 選手如下：",2025年10月25日 星期六 下午2:26,,,50,148,,1,https://www.threads.com/@dominospizza_tw/post/DQOm4njEZkP,吃披薩 玩糖果🍬,2025年10月25日 星期六 下午6:06,,"Photo by 達美樂披薩 on October 25, 2025.",3,1,,2
useditems_tp,https://www.threads.com/@useditems_tp/post/DQMX7oeElqO,"夏威夷披薩
好消息： 披薩加鳳梨不再被視為異端 夏威夷披薩已被達美樂抬進梵蒂岡聖門 恭喜吃夏威夷披薩合法了🍕🍍 1 / 2",2025年10月24日 星期五 下午9:17,,"Photo by 小周轉好物 on October 24, 2025.",17,5,,3,https://www.threads.com/@dominospizza_tw/post/DQOmzfNERUE,耶斯,2025年10月25日 星期六 下午6:05,,,2,,,
nobi_nobita_08_07,https://www.threads.com/@nobi_nobita_08_07/post/DQMiVj7ibqM,我自行宣布 第一屆《Threads 史上最厲害小編》大賽 正式開始 選手如下： 1 / 2,2025年10月24日 星期五 下午10:47,,,1426,468,34,64,https://www.threads.com/@dominospizza_tw/post/DQOmxH4kWLw,我可以報名嗎,2025年10月25日 星期六 下午6:05,,,45,,,
yoyocatsneverland,https://www.threads.com/@yoyocatsneverland/post/DP7le1Jj3kO,我覺得必勝客或達美樂應該可以,2025年10月18日 星期六 上午8:48,@alibakatest,,14,2,,,https://www.threads.com/@dominospizza_tw/post/DP9NfROEdk5,我看到了👀,2025年10月18日 星期六 下午11:57,,,1,,,
maggie650624,https://www.threads.com/@maggie650624/post/DP6Sbd_ktjw,"難怪企業都在賺錢 ￼永遠都￼默默的在做公益
#達美樂披薩🍕感謝送我們 #鏟子超人 免費吃Pizza！
￼全台灣都是寶島有福之人🙏",2025年10月17日 星期五 下午8:42,,"Photo by 曾秋如 on October 17, 2025. | Photo by 曾秋如 on October 17, 2025. | Photo by 曾秋如 on October 17, 2025. | Photo by 曾秋如 on October 17, 2025.",141,3,2,,https://www.threads.com/@dominospizza_tw/post/DP9NWtAEfmc,好幸福的笑容！謝謝你們,2025年10月18日 星期六 下午11:55,,,47,1,,
cookiecstasy,https://www.threads.com/@cookiecstasy/post/DP8kG5fki_X,因為我剛剛在吃達美樂 可惡怎麼那麼好吃,2025年10月18日 星期六 下午5:55,@you32032,,1,1,,,https://www.threads.com/@dominospizza_tw/post/DP9NUDgEaSM,我也是,2025年10月18日 星期六 下午11:55,,,2,,,
fish_wah,https://www.threads.com/@fish_wah/post/DP8gpA6k7OK,好吃好吃好吃好吃好吃 螞蟻人表示很滿意 已經快5年沒吃過甜口pizza 上次母親節沒買到，這次終於吃到了 #達美樂披薩,2025年10月18日 星期六 下午5:25,,"Photo by 魚🐟Takodachi🐙 on October 18, 2025. | Photo by 魚🐟Takodachi🐙 on October 18, 2025.",5,1,,,https://www.threads.com/@dominospizza_tw/post/DP9NPyAkaWq,😍😍😍,2025年10月18日 星期六 下午11:55,,,,,,
jayhsu5585,https://www.threads.com/@jayhsu5585/post/DP8nWcuEtVQ,"達美樂
送披薩雖然已經過期了😆
但謝謝各個愛臺灣的所有人！ 大家都用著自己的力量為花蓮付出❤️
有人出物資、出力、出專業 即使一個讚👍🏻一聲加油～
都讓我們覺得很棒很窩心🫶
謝謝你們大家！！！ #花蓮 #光復鄉 #達美樂 #繼光香香雞 #PIZZA #起司火山熔岩披薩 #惜福 #救災 #志工 #有你真好 #同島一命 #鏟子超人 #襪老闆 #襪傑哥",2025年10月18日 星期六 下午6:23,,,67,6,,2,https://www.threads.com/@dominospizza_tw/post/DP9NMtTkfUE,謝謝哥分享🥰🥰 影片真是精彩,2025年10月18日 星期六 下午11:54,,,6,1,,
dadadenny,https://www.threads.com/@dadadenny/post/DP6DpPxjyCZ,謝謝達美樂,2025年10月17日 星期五 下午6:33,@dominospizza_tw,"Photo by 林貞達 on October 17, 2025.",1,1,,,https://www.threads.com/@dominospizza_tw/post/DP6T_CvEQl3,讚啦👍,2025年10月17日 星期五 下午8:56,,,1,,,
lin_li2002,https://www.threads.com/@lin_li2002/post/DP30DYJEnzO,冷知識；達美樂在台灣的球賽會出現特殊logo(達美樂小編用職業生命換來的）,2025年10月16日 星期四 下午9:38,@mars1186,"Photo by Li on October 16, 2025.",9,2,,,https://www.threads.com/@dominospizza_tw/post/DP31nFKka8U,😐,2025年10月16日 星期四 下午9:52,,,6,1,,
mapeelin,https://www.threads.com/@mapeelin/post/DP2m1F_D72J,"達美樂
老闆：你是有去運動嗎？怎麼曬那麼黑？ 我很驕傲的說：因為我去了光復兩趟。 😏😏😏😏😏😏😏 附帶一提，達美樂最棒。",2025年10月16日 星期四 上午10:23,,"Photo by JOKER on October 15, 2025.",119,2,,,https://www.threads.com/@dominospizza_tw/post/DP31kO6ETED,你最棒,2025年10月16日 星期四 下午9:51,,,4,,,
ccnydia,https://www.threads.com/@ccnydia/post/DP3ppdQlSXu,"謝謝達美樂😊
#鏟子超人 #達美樂披薩",2025年10月16日 星期四 下午8:07,,"Photo by 黃湘湘 on October 16, 2025.",16,5,,,https://www.threads.com/@dominospizza_tw/post/DP31iGNkdSd,超人的內心超美麗,2025年10月16日 星期四 下午9:51,,,1,1,,
fantasy12342002,https://www.threads.com/@fantasy12342002/post/DP1hhafjzHf,我喜歡達美樂披薩🩷,2025年10月16日 星期四 上午12:18,@williamsung70,,1,1,,,https://www.threads.com/@dominospizza_tw/post/DP3kYXhkUXI,我也喜歡,2025年10月16日 星期四 下午7:21,,,1,,,
12_wwi,https://www.threads.com/@12_wwi/post/DPv0U2Sk6WV,"鏟子英雄
內容只有一份個人披薩，但我去領餐的時候，店員跟我說薯條跟飲料是我多送你們的😭 他用「你們」！！去過的人都知道救災不是一個人的事情，辛苦和感動是所有人一起經歷的，我一直跟他說謝謝，彷彿到了光復那幾天感受到的溫暖跟能量🥹",2025年10月13日 星期一 下午7:07,,"Photo by 陳菀君 on October 13, 2025. | Photo by 陳菀君 on October 13, 2025.",761,13,13,11,https://www.threads.com/@dominospizza_tw/post/DP1Hg0dEdeY,小編好感動 🥹,2025年10月15日 星期三 下午8:31,,,49,,,
anniechenone,https://www.threads.com/@anniechenone/post/DPwDxXiD_U2,"鏟子超人
跟大家說一個好消息🥳
現在鏟子超人只要是拿車票，實體電子都可以，不管是從花蓮出發或是去花蓮的，單趟就是一張，來回就算兩張車票，拿去達美樂，一張票可以免費兌換一個經典口味個人的比薩（其他口味要加價） 一間店限兌換60個 請鏟子超人立即出發兌換🍕
我剛上班 就遇到姓 張、吳、王的，都是漂亮女森，還有帶著朋友們一起來換比薩。
我的天，這些鏟子超人都面帶笑容跟我點餐還跟我說謝謝欸🥹🫶🏻 還謝謝我 我只是按照程序做比薩的🍕 是我要謝謝你們吧 謝謝你們跋山涉水去花蓮當鏟子超人 真的感謝 辛苦了🪏🦸‍♀️🦸🦸‍♂️❤️",2025年10月13日 星期一 下午9:22,,,173,10,8,8,https://www.threads.com/@dominospizza_tw/post/DP1HcQuEXAe,超人來吧！在達美樂集合,2025年10月15日 星期三 下午8:30,,,7,,,
douron_huang_0820,https://www.threads.com/@douron_huang_0820/post/DPxx0vkkoww,感謝達美樂，加價點個壽喜牛當午餐吃吃看,2025年10月14日 星期二 下午1:23,@dominospizza_tw,"Photo by Douron_Huang on October 13, 2025.",2,1,,,https://www.threads.com/@dominospizza_tw/post/DP1DfcXEcY1,超人喜歡壽喜牛嗎,2025年10月15日 星期三 下午7:55,,,1,1,,
alex__klh,https://www.threads.com/@alex__klh/post/DPvsDkGEZYR,謝謝達美樂,2025年10月13日 星期一 下午5:54,@dominospizza_tw,"Photo by Alex on October 13, 2025.",2,1,,,https://www.threads.com/@dominospizza_tw/post/DP1Dd3rEe34,我喜歡這個口味 謝謝超人,2025年10月15日 星期三 下午7:55,,,,,,
jake_0302,https://www.threads.com/@jake_0302/post/DPyDCW6AUVz,謝謝達美樂，我自己再買一個給家人吃🥰,2025年10月14日 星期二 下午3:54,@dominospizza_tw,"Photo by Jake Chang on October 14, 2025.",3,1,,,https://www.threads.com/@dominospizza_tw/post/DP1DcU3EeVp,超級愛你！善心的超人,2025年10月15日 星期三 下午7:55,,,1,,,
cyh0609,https://www.threads.com/@cyh0609/post/DPyI9WWkjoN,謝謝達美樂😍,2025年10月14日 星期二 下午4:45,@dominospizza_tw,"Photo by Eva  探店｜旅遊 on October 14, 2025.",2,1,,,https://www.threads.com/@dominospizza_tw/post/DP1DbApkVI-,謝謝台南超人！,2025年10月15日 星期三 下午7:55,,,,,,
hungemma,https://www.threads.com/@hungemma/post/DP0_hQRjxwf,謝謝達美樂👍👍👍,2025年10月15日 星期三 下午7:21,@dominospizza_tw,"Photo by Emma Hung on October 15, 2025.",1,1,,,https://www.threads.com/@dominospizza_tw/post/DP1DZXIkQOq,超人的手手好可愛,2025年10月15日 星期三 下午7:55,,,1,,,
cdw.0214,https://www.threads.com/@cdw.0214/post/DPyhUEaj2nc,各位超人們辛苦了達美樂請客 9/23-10/17去光復的車票就能免費兌換披薩 感謝達美樂感謝各位超人 @dominospizza_tw,2025年10月14日 星期二 下午8:18,,"Photo by 吳昌達 on October 14, 2025.",9,1,,,https://www.threads.com/@dominospizza_tw/post/DPy6qyvkT7d,謝謝超人！晚餐愉快,2025年10月15日 星期三 上午12:00,,,1,,,
s.onewayticket,https://www.threads.com/@s.onewayticket/post/DPymoYKEjvX,謝謝達美樂和各位鏟子超人 只是有人濫用你們的好意 買車票去換披薩再退票🥲,2025年10月14日 星期二 下午9:05,@dominospizza_tw,"Photo by 喵喵車長 on October 14, 2025.",57,4,,3,https://www.threads.com/@dominospizza_tw/post/DPy6T8lkRXZ,"鏟子超人
很謝謝您的提醒🔔 希望大家告訴大家 ，善意的循環～ 希望回饋給認真付出愛台灣的鏟子超人！每位限領一個，拜託拜託🙏",2025年10月14日 星期二 下午11:57,,,17,1,,
ubereats_tw,https://www.threads.com/@ubereats_tw/post/DPxwNeuEu02,減肥是明天的我在煩惱的事 😌,2025年10月14日 星期二 下午1:09,,"Photo by Uber Eats Taiwan on October 13, 2025.",26,18,,2,https://www.threads.com/@dominospizza_tw/post/DPygJMFkTCN,無限期明天的事 遇到披薩我就停不下😂😋🫣,2025年10月14日 星期二 下午8:08,,,,,,
kerryboss1200,https://www.threads.com/@kerryboss1200/post/DPyRGtjkfd-,"達美樂
感恩達美樂 讚嘆達美樂 🫡🫡🫡 這披薩吃起來真香 😍 免費讓我吃一頓飽的🥰 感謝所有願意支持我們這些超人的店家 🤤",2025年10月14日 星期二 下午5:57,,"Photo by Max Kerry Deng on October 14, 2025. | Photo by Max Kerry Deng on October 14, 2025.",47,2,,,https://www.threads.com/@dominospizza_tw/post/DPyU0M9EXjb,謝謝超人！台灣有你真好,2025年10月14日 星期二 下午6:29,,,10,1,,
nana.fang,https://www.threads.com/@nana.fang/post/DPxnVyJE_zF,"達美樂
謝謝達美樂老闆請鏟子超人吃披薩",2025年10月14日 星期二 上午11:52,,"Photo by 方奈奈🍦🎶🎹 on October 13, 2025. | Photo by 方奈奈🍦🎶🎹 on October 13, 2025. | Photo by 方奈奈🍦🎶🎹 on October 13, 2025.",117,2,2,1,https://www.threads.com/@dominospizza_tw/post/DPxu2D9EXe6,好可愛的超人 +吉伊卡哇,2025年10月14日 星期二 下午12:57,,,19,,,
,https://www.threads.com/@dominospizza_tw/post/DPvIwY_EStX,鏟子英雄,2025年10月13日 星期一 下午12:46,,"Photo by 達美樂披薩 on October 12, 2025.",5743,241,578,1349,https://www.threads.com/@dominospizza_tw/post/DPxQTbAk0kR,感謝轉發超人,2025年10月14日 星期二 上午8:30,,,2,,,
lost_star928,https://www.threads.com/@lost_star928/post/DPv-JbSESj_,"達美樂
昨天看hook 做披薩沒想到今天我有免費披薩吃 感謝達美樂🥹鏟子超人們趕快去換喔",2025年10月13日 星期一 下午8:35,,,12,1,,,https://www.threads.com/@dominospizza_tw/post/DPxQSLjk2ay,謝謝超人🦸‍♀️,2025年10月14日 星期二 上午8:30,,,1,,,
alex__klh,https://www.threads.com/@alex__klh/post/DPwAYs8kRRh,"達美樂
謝謝達美樂 剛好有分店離我家很近就去換了 倒是忙到至今都還沒時間寫文記錄在光復的那一天 等有空的時候會寫的
達美樂披薩",2025年10月13日 星期一 下午8:52,,"Photo by Alex on October 13, 2025. | Photo by Alex on October 13, 2025. | Photo by Alex on October 13, 2025. | Photo by Alex on October 13, 2025. | Photo by Alex on October 13, 2025.",6,1,,,https://www.threads.com/@dominospizza_tw/post/DPxQP7qE8OU,致敬🫡,2025年10月14日 星期二 上午8:30,,,1,,,
yumiko081123,https://www.threads.com/@yumiko081123/post/DPwKLGoEi40,"達美樂
謝謝💕很貼心很溫暖",2025年10月13日 星期一 下午10:18,,"Photo by 佩兒 on October 13, 2025. | Photo by 佩兒 on October 13, 2025.",63,4,,4,https://www.threads.com/@dominospizza_tw/post/DPxHkCbk3JJ,謝謝分享超人🦸,2025年10月14日 星期二 上午7:14,,,4,1,,
abehilomasa,https://www.threads.com/@abehilomasa/post/DPwGSsBkmaQ,"鏟子超人
感謝達美樂",2025年10月13日 星期一 下午9:44,,"Photo by 孫國 on October 13, 2025.",9,1,,,https://www.threads.com/@dominospizza_tw/post/DPxHhswkzXu,謝謝超人,2025年10月14日 星期二 上午7:14,,,1,,,
yi_qi_huang1205,https://www.threads.com/@yi_qi_huang1205/post/DPvuwiTEmjG,已領到，謝謝達美樂🥰🥰🥰,2025年10月13日 星期一 下午6:18,@dominospizza_tw,"Photo by Yi-qi Huang on October 13, 2025.",2,1,,,https://www.threads.com/@dominospizza_tw/post/DPv2t_rEbPi,超人你好棒👌🫡🫡,2025年10月13日 星期一 下午7:28,,,1,,,
____.831.____,https://www.threads.com/@____.831.____/post/DPvtjiYEuro,已兌換，謝謝達美樂~,2025年10月13日 星期一 下午6:07,@dominospizza_tw,"Photo by @____.831.____ on October 13, 2025.",7,1,,,https://www.threads.com/@dominospizza_tw/post/DPv2smREVIU,謝謝你對台灣的付出🫡,2025年10月13日 星期一 下午7:27,,,2,,,
lmcmcmcmcmc,https://www.threads.com/@lmcmcmcmcmc/post/DPvenLigCyJ,達美樂真的欠支持🥹💗,2025年10月13日 星期一 下午3:57,@dominospizza_tw,,20,1,,,https://www.threads.com/@dominospizza_tw/post/DPv2q6LEc5u,歡迎光臨,2025年10月13日 星期一 下午7:27,,,2,,,
sheymmhome,https://www.threads.com/@sheymmhome/post/DPv0q9ikjap,"鏟子英雄
我換到了🍕感謝達美樂❤️‍🔥❤️‍🔥❤️‍🔥 #達美樂",2025年10月13日 星期一 下午7:10,,"Photo by 🤍萌兔朵朵🤍 on October 13, 2025. | Photo by 🤍萌兔朵朵🤍 on October 13, 2025. | Photo by 🤍萌兔朵朵🤍 on October 13, 2025. | Photo by 🤍萌兔朵朵🤍 on October 13, 2025.",19,2,,,https://www.threads.com/@dominospizza_tw/post/DPv06atkbHh,好吃嗎好吃嗎,2025年10月13日 星期一 下午7:12,,,4,1,,
_neo06,https://www.threads.com/@_neo06/post/DPvjNgMEhpj,謝謝達美樂披薩超人！,2025年10月13日 星期一 下午4:37,@dominospizza_tw,"Photo by Neo Lin on October 13, 2025.",33,1,,,https://www.threads.com/@dominospizza_tw/post/DPv0e1skUTt,謝謝超人,2025年10月13日 星期一 下午7:08,,,2,,,
summer69cool,https://www.threads.com/@summer69cool/post/DPvlr25kiMs,太過分了！快用新台幣下架達美樂😻 1 / 2,2025年10月13日 星期一 下午4:59,,"Photo by SummerCool on October 13, 2025.",162,7,15,3,https://www.threads.com/@dominospizza_tw/post/DPv0cxekep8,謝謝😊超人們,2025年10月13日 星期一 下午7:08,,,26,1,,
ting_jun_liu,https://www.threads.com/@ting_jun_liu/post/DPvewvMkZXo,達美樂你夠了喔 找了最愛台的多慧當一日店長 祭出鏟超福利 你是想要壟斷我一個禮拜的三餐嗎,2025年10月13日 星期一 下午3:58,@dominospizza_tw,,24,1,,,https://www.threads.com/@dominospizza_tw/post/DPvh7BBEczR,我要壟斷你三個月😆😆😆,2025年10月13日 星期一 下午4:26,,,9,1,,
huaijun_wang,https://www.threads.com/@huaijun_wang/post/DPve0TxEQnv,感恩達美樂的暖心！ 所有的各種行業的超人們，您們都辛苦了喔！,2025年10月13日 星期一 下午3:59,@dominospizza_tw,"Photo by 王淮俊 on October 13, 2025. | Photo by 王淮俊 on October 13, 2025.",9,1,,,https://www.threads.com/@dominospizza_tw/post/DPvh4U1kRCU,謝謝超人！好吃嗎,2025年10月13日 星期一 下午4:25,,,3,1,,
gataya_ya,https://www.threads.com/@gataya_ya/post/DPvUfjfEx5i,我前天在花蓮，我還看到👀人手一盒我都好羨慕，沒想到今天就有得吃， 你是美樂老公公👍，你最好了🎉,2025年10月13日 星期一 下午2:28,@dominospizza_tw,,1,1,,,https://www.threads.com/@dominospizza_tw/post/DPvUxH_kWGw,這是生活在這片美麗寶島的我們 應該的❤️,2025年10月13日 星期一 下午2:31,,,,,,
cw.lin_,https://www.threads.com/@cw.lin_/post/DPvPDxfE5lu,好活動，有誠意！,2025年10月13日 星期一 下午1:41,@dominospizza_tw,,12,1,,,https://www.threads.com/@dominospizza_tw/post/DPvSzfHkavH,謝謝😊,2025年10月13日 星期一 下午2:14,,,2,,,
iamtea0516,https://www.threads.com/@iamtea0516/post/DPvNBYRD4QE,謝謝披薩超人🫡🫡🫡,2025年10月13日 星期一 下午1:23,@dominospizza_tw,,1,1,,,https://www.threads.com/@dominospizza_tw/post/DPvSxJgkU6J,謝謝超人🦸‍♀️,2025年10月13日 星期一 下午2:13,,,1,,,
eva.cheng0601,https://www.threads.com/@eva.cheng0601/post/DPvMMUCEqDV,自從wnc 後達美樂是我點pizza首選。 花蓮你們又來鼓勵大家，那我要吃到年底了,2025年10月13日 星期一 下午1:16,@dominospizza_tw,,7,1,,,https://www.threads.com/@dominospizza_tw/post/DPvSwc7kdPu,2030年底？哈哈😂,2025年10月13日 星期一 下午2:13,,,,,,
cjs_toy,https://www.threads.com/@cjs_toy/post/DPvL-jDifYw,"純謝不領
好扯喔有夠感人🥹🥹🥹",2025年10月13日 星期一 下午1:14,@dominospizza_tw,,1,1,,,https://www.threads.com/@dominospizza_tw/post/DPvSuy2EWe5,感動天的是你 翻譯,2025年10月13日 星期一 下午2:13,,,,,,
sak.photo1,https://www.threads.com/@sak.photo1/post/DPty_Hxj1yW,"李多慧
多慧x達美樂一日店長紀錄",2025年10月13日 星期一 上午12:16,,"Photo by sak on October 12, 2025. | Photo by sak on October 12, 2025. | Photo by sak on October 12, 2025. | Photo by sak on October 12, 2025. | Photo by sak on October 12, 2025. | Photo by sak on October 12, 2025. | Photo by sak on October 12, 2025.",81,1,1,7,https://www.threads.com/@dominospizza_tw/post/DPvSsbTkaaU,我心跳加速了,2025年10月13日 星期一 下午2:13,,,1,,,
__alyssa.alyssa__,https://www.threads.com/@__alyssa.alyssa__/post/DPvNyOgEqs4,"達美樂
10/13–10/17 至全台達美樂門市
🚄 憑【花蓮/光復】火車票(2025.9/23~2025.10/17 期間內) 🎁 可免費外帶【個人披薩】1份 （每人限換一份，每店限量 60 份，送完為止）",2025年10月13日 星期一 下午1:30,,"Photo by 𝓐𝓵𝔂𝓼𝓼𝓪 🍒 on October 12, 2025.",6,1,1,2,https://www.threads.com/@dominospizza_tw/post/DPvSrAGkejB,衝啊！轉發超人，幫我尋找鏟子超人們,2025年10月13日 星期一 下午2:13,,,4,,,
xuan_dahye2025,https://www.threads.com/@xuan_dahye2025/post/DPt0R3yEtrW,"李多慧
2025.10.12達美樂🍕一日店長 最後一張實在太犯規了❤️‍🔥❤️‍🔥❤️‍🔥 👑： @le_dahye
#勝利妖精🧚 #李多慧 #李多慧이다혜 #이다혜치어리더💖 #leedahye #cheerleaders #味全龍 #味全龍啦啦隊 #味全小龍女 #龍眾一心keepfighting❤️‍🔥 #達美樂 #一日店長
達美樂林口長庚店",2025年10月13日 星期一 上午12:28,,"Photo by 유셴 ❄️ on October 12, 2025. | Photo by 유셴 ❄️ on October 12, 2025. | Photo by 유셴 ❄️ on October 12, 2025. | Photo by 유셴 ❄️ on October 12, 2025. | Photo by 유셴 ❄️ on October 12, 2025. | Photo by 유셴 ❄️ on October 12, 2025.",162,1,3,2,https://www.threads.com/@dominospizza_tw/post/DPvLs1wEf4R,犯規！太美了,2025年10月13日 星期一 下午1:12,,,8,,,
chuan_8506,https://www.threads.com/@chuan_8506/post/DPtsbbPkzZ9,"李多慧
#20251012 達美樂林口長庚店 多慧一日店長 Goal for one舞蹈表演",2025年10月12日 星期日 下午11:21,,,41,2,,1,https://www.threads.com/@dominospizza_tw/post/DPvLrvykZdH,多慧女超人超美的❤️❤️❤️,2025年10月13日 星期一 下午1:12,,,1,1,,
lordperceval68,https://www.threads.com/@lordperceval68/post/DPvK1auDyLa,達美樂太讚了吧🥹🫳🏻💖,2025年10月13日 星期一 下午1:04,@dominospizza_tw,,4,1,,,https://www.threads.com/@dominospizza_tw/post/DPvLnb-ESYD,謝謝讚美超人！台灣最美的風景是你❤️,2025年10月13日 星期一 下午1:11,,,1,,,
thetravelingdeer,https://www.threads.com/@thetravelingdeer/post/DPvLfb9En29,達美樂一生推！,2025年10月13日 星期一 下午1:10,@dominospizza_tw,,3,1,,,https://www.threads.com/@dominospizza_tw/post/DPvLlU9EeDN,謝謝一輩子愛我們的超人,2025年10月13日 星期一 下午1:11,,,1,,,
cloviaying2024,https://www.threads.com/@cloviaying2024/post/DPvKnU1j4QG,謝謝您們！👍❤️ 翻譯,2025年10月13日 星期一 下午1:02,@dominospizza_tw,,1,1,,,https://www.threads.com/@dominospizza_tw/post/DPvLkFQkY3W,謝謝😊,2025年10月13日 星期一 下午1:10,,,1,,,
sandy._.0213,https://www.threads.com/@sandy._.0213/post/DPvK48IgQ9c,謝謝達美樂披薩超人💓,2025年10月13日 星期一 下午1:05,@dominospizza_tw,,3,1,,,https://www.threads.com/@dominospizza_tw/post/DPvLhw6kcdK,沒問題！我們會努力製作超人愛吃的披薩🍕,2025年10月13日 星期一 下午1:10,,,2,,,
susan.huang.716,https://www.threads.com/@susan.huang.716/post/DPvKYhRki5L,不愧是我最愛的pizza店，今天就決定換pizza配球賽了。樂天ㄗㄍㄐ,2025年10月13日 星期一 下午1:00,@dominospizza_tw,,16,1,,,https://www.threads.com/@dominospizza_tw/post/DPvKdMCEfsJ,我們也愛棒球,2025年10月13日 星期一 下午1:01,,,5,1,,
leotos_0728_,https://www.threads.com/@leotos_0728_/post/DPvKXTEkiGk,我放縱日絕對吃爆你們家，給我等著😍,2025年10月13日 星期一 下午1:00,@dominospizza_tw,,3,1,,,https://www.threads.com/@dominospizza_tw/post/DPvKaKvkebw,謝謝超人🦸‍♂️,2025年10月13日 星期一 下午1:00,,,1,1,,
9487_youren,https://www.threads.com/@9487_youren/post/DPtQXCBEWfH,"李多慧이다혜
看到李多慧披薩一日店長直播真的開心😀 @le_dahye",2025年10月12日 星期日 下午7:14,,"Photo by Xiao Ren on October 12, 2025. | Photo by Xiao Ren on October 12, 2025.",74,1,,,https://www.threads.com/@dominospizza_tw/post/DPvJMUqkecD,❤️,2025年10月13日 星期一 下午12:50,,,2,,,
parderla,https://www.threads.com/@parderla/post/DPvAtdgEqt_,"達美樂
@dominospizza_tw 大推這個活動",2025年10月13日 星期一 上午11:36,,"Photo by Maizay Parderla on October 12, 2025.",5,1,1,,https://www.threads.com/@dominospizza_tw/post/DPvI1lOkXim,❤️❤️❤️ 謝謝轉發超人,2025年10月13日 星期一 下午12:47,,,4,,,
chenchao_ironman,https://www.threads.com/@chenchao_ironman/post/DPmF50xk0_T,"292,250可以玩嗎",2025年10月10日 星期五 上午12:28,@dominospizza_tw,"Photo by 陳辰昭 on October 09, 2025.",,1,,,https://www.threads.com/@dominospizza_tw/post/DPnMoQfkXr1,高手高手高高手,2025年10月10日 星期五 上午10:46,,,,,,
redbulltaiwan,https://www.threads.com/@redbulltaiwan/post/DPlxopzE2vC,11/1 看我猛一波,2025年10月9日 星期四 下午9:31,@dominospizza_tw,,1,1,,,https://www.threads.com/@dominospizza_tw/post/DPlx222kZWY,"給我一對翅膀
這麼猛！那我要去現場看你猛一波😆",2025年10月9日 星期四 下午9:33,,,,,,
poshupstore.tw,https://www.threads.com/@poshupstore.tw/post/DPk5VPukg21,婦幼展值班中🙋‍♀️🙋‍♀️🙋‍♀️,2025年10月9日 星期四 下午1:19,@dominospizza_tw,,,1,,,https://www.threads.com/@dominospizza_tw/post/DPlsufBEeOy,午休來吃片披薩🍕,2025年10月9日 星期四 下午8:48,,,1,,,
redbulltaiwan,https://www.threads.com/@redbulltaiwan/post/DPlmaKwE-ja,簡單輕鬆容易又愉快,2025年10月9日 星期四 下午7:53,@dominospizza_tw,"Photo by Red Bull Taiwan on October 09, 2025.",38,3,,,https://www.threads.com/@dominospizza_tw/post/DPlsnRpEWqH,你……. 的翅膀太猛了吧😭,2025年10月9日 星期四 下午8:47,,,,1,,
e7play.taiwan,https://www.threads.com/@e7play.taiwan/post/DPlBmLwk_5K,我是E7Play,2025年10月9日 星期四 下午2:31,@dominospizza_tw,,2,1,,,https://www.threads.com/@dominospizza_tw/post/DPlT8QyEXJe,你戳中我笑點,2025年10月9日 星期四 下午5:11,,,1,,,
mememomo1988,https://www.threads.com/@mememomo1988/post/DPiLd8pCIBo,冷知識： 必勝客最愛加海鮮，達美樂最愛加肉，拿波里最愛加一堆「不知道是什麼」。,2025年10月8日 星期三 下午12:00,,,13,5,,2,https://www.threads.com/@dominospizza_tw/post/DPi7cmbkW2T,我也會加鳳梨、加起司🧀 加冰淇淋🍦,2025年10月8日 星期三 下午6:59,,,5,1,,
mosaline_1125,https://www.threads.com/@mosaline_1125/post/DPi5PPqEyej,昨天回家看到達美樂丟傳單在信箱， 然後我拿進來跟我爸看⋯ 我：爸爸你看這看起來很好吃！ 爸：你要叫嗎？我還沒吃晚餐（眼光發亮✨） 我：白痴晚上11點人家早就關門了⋯ 爸：乾。他不是24小時的喔！ 我：不是！ 爸：喔好吧😞 於是今天就⋯吃披薩！,2025年10月8日 星期三 下午6:39,,"Photo by ZhilinLiu on October 08, 2025.",15,3,,,https://www.threads.com/@dominospizza_tw/post/DPi7ZpSkUWl,等你！,2025年10月8日 星期三 下午6:58,,,10,1,,
powertech_white,https://www.threads.com/@powertech_white/post/DPi0uZLiV9W,✌️,2025年10月8日 星期三 下午6:00,@dominospizza_tw,"Photo by 謝博淮 on October 08, 2025. | Photo by 謝博淮 on October 08, 2025.",1,1,,,https://www.threads.com/@dominospizza_tw/post/DPi7PfQkZVw,好強,2025年10月8日 星期三 下午6:57,,,,,,
gracelin0714,https://www.threads.com/@gracelin0714/post/DPazza1EfjF,😱😱😱😱小編💖 也加入了！｛披薩超人｝ 真的很意外😆😆😆😆。,2025年10月5日 星期日 下午3:18,@dominospizza_tw,,3,1,,,https://www.threads.com/@dominospizza_tw/post/DPbG2z-Eb7c,達美樂團隊一直很關注花蓮狀況，所以持續連繫相關的單位，為的是用比較適合的方式送暖！ 謝謝大家 ！我們來了,2025年10月5日 星期日 下午6:05,,,8,1,,
pshwyang,https://www.threads.com/@pshwyang/post/DPauecTCWHe,達美樂真的從來不會讓我失望 除了這個草仔粿披薩,2025年10月5日 星期日 下午2:31,@dominospizza_tw,"Photo by 整外傑夫羊｜楊弘維醫師｜隆乳眼袋專家 on October 04, 2025.",68,6,,3,https://www.threads.com/@dominospizza_tw/post/DPayRp8kXYh,😐 我們家沒有賣烏龜…,2025年10月5日 星期日 下午3:05,,,113,,,2
a09172012,https://www.threads.com/@a09172012/post/DPaocPykW9a,謝謝達美樂，我愛達美樂❤️,2025年10月5日 星期日 下午1:39,@dominospizza_tw,,12,1,,,https://www.threads.com/@dominospizza_tw/post/DPap0RyET1x,達美樂愛台灣！很愛台灣,2025年10月5日 星期日 下午1:51,,,15,,,
chengtsunghan,https://www.threads.com/@chengtsunghan/post/DPaoWj7Els-,愛台灣👊,2025年10月5日 星期日 下午1:38,@dominospizza_tw,,1,1,,,https://www.threads.com/@dominospizza_tw/post/DPapIF5EdK3,台灣人在一起！,2025年10月5日 星期日 下午1:45,,,2,,,
three_1123,https://www.threads.com/@three_1123/post/DPao9SIEvKP,謝謝達美樂，就愛達美樂,2025年10月5日 星期日 下午1:43,@dominospizza_tw,,23,1,,,https://www.threads.com/@dominospizza_tw/post/DPapGnckYcQ,達美樂愛台灣,2025年10月5日 星期日 下午1:45,,,20,,,1
reinana808,https://www.threads.com/@reinana808/post/DPaose-E7Zl,我愛達美樂、以後只吃你們家了！！！,2025年10月5日 星期日 下午1:41,@dominospizza_tw,,34,1,,,https://www.threads.com/@dominospizza_tw/post/DPao6U3Efci,大家一起用力愛台灣,2025年10月5日 星期日 下午1:43,,,25,,,
chengtsunghan,https://www.threads.com/@chengtsunghan/post/DPann2cEnR4,達美樂 你們很棒,2025年10月5日 星期日 下午1:32,@dominospizza_tw,,10,1,,,https://www.threads.com/@dominospizza_tw/post/DPaoTIzkW2W,愛台灣！,2025年10月5日 星期日 下午1:38,,,8,1,,
yuan____0521,https://www.threads.com/@yuan____0521/post/DPan6LzDsW_,昨天吃了你們家披薩，看來今天要再支持,2025年10月5日 星期日 下午1:34,@dominospizza_tw,,5,1,,,https://www.threads.com/@dominospizza_tw/post/DPaoQivkWRH,應該的🫡🫡 愛台灣,2025年10月5日 星期日 下午1:37,,,4,,,
ancillarypower_tw,https://www.threads.com/@ancillarypower_tw/post/DPQB-2ck0kN,"不知道大家會不會好奇 每一間公司的小編長什麼樣子
我超好奇 全聯、全家、IKEA、蝦皮、巨城之類的 會不會是個超好笑又超帥超美的人🧐 1 / 2",2025年10月1日 星期三 上午10:50,,,2768,398,21,134,https://www.threads.com/@dominospizza_tw/post/DPRDp3sEasd,不要肉搜我 會害羞☺️,2025年10月1日 星期三 下午8:24,,,53,,,
yuchun_094,https://www.threads.com/@yuchun_094/post/DPOZO3Gk_mM,請問小編，你們網頁版的介面整個大改，現在都只能加配料，不能減配料，我如果不想要美乃滋的話，要怎麼點？,2025年9月30日 星期二 下午7:35,@dominospizza_tw,,,1,,,https://www.threads.com/@dominospizza_tw/post/DPObrF_kaEU,您好！ 小編建議可以直接Call 家裡附近的門市說明客製化的披薩需求喔. 謝謝您,2025年9月30日 星期二 下午7:56,,,,,,
yasashi.studio,https://www.threads.com/@yasashi.studio/post/DPHTcZ7E-PE,千萬不要讓必勝客和達美樂看到⋯⋯⋯,2025年9月28日 星期日 上午1:30,@ling.shuang_,,4,1,,,https://www.threads.com/@dominospizza_tw/post/DPMGBmokdnb,安啦! 小編我不敢玩這麼大😝,2025年9月29日 星期一 下午10:09,,,,1,,
meow.wooo0,https://www.threads.com/@meow.wooo0/post/DPIEqPBk-SJ,答應我，不要變壞喔🥺好嗎,2025年9月28日 星期日 上午8:40,@dominospizza_tw,,1,1,,,https://www.threads.com/@dominospizza_tw/post/DPMF7EvER0v,打勾勾✅,2025年9月29日 星期一 下午10:08,,,1,,,
,https://www.threads.com/@oiiai_oiiiiai_/post/DPI4HjiAQvl,oiiai_oiiiiai_ 欸達美樂熔岩可可超厲害 真的很熔岩 直接流一大坨到盤子上 現在買一送一你們都去買😻 180度氣炸4分鐘外面會脆脆的,2025年9月28日 星期日 下午4:09,,"Photo by 地瓜球 on September 28, 2025. | Photo by 地瓜球 on September 28, 2025.",226,3,9,67,https://www.threads.com/@dominospizza_tw/post/DPMFz4nEc-k,真的超好吃,2025年9月29日 星期一 下午10:07,,,1,,,
nismo600604,https://www.threads.com/@nismo600604/post/DPLsnF8iRJ0,今天吃完達美樂匹薩後，如果沒有看到我上線，應該是我們全家宣佈破產跑路了吧…😭😭😭 謎之音：達美樂這是啥鬼系統呀,2025年9月29日 星期一 下午6:27,,"Photo by 林鴻騰 on September 29, 2025.",8,1,,1,https://www.threads.com/@dominospizza_tw/post/DPMFu_qkbNJ,不好意思！可能是使用到Google 的自動翻譯功能，將$翻譯為美金。愛台灣的達美樂披薩是新台幣計價，請安心下單🙌,2025年9月29日 星期一 下午10:06,,,4,,,
hangeeeat,https://www.threads.com/@hangeeeat/post/DO_Rq7tE5nh,"《辦公室吃播》《從0開始 歡迎追蹤》
今天點外送剛好看到達美樂個人pizza有買一送一 馬上點下去 這樣一個才80幾！ 划划划😃😃😃
另外加購了芝心跟薯球 (我是不可能就單調的只吃pizza的)
你們是必勝客派還是達美樂派呢？ 我原本必後來跳槽達 我覺得達的麵包比較好吃😋",2025年9月24日 星期三 下午10:40,,,24,2,4,,https://www.threads.com/@dominospizza_tw/post/DPB9LxxEXCR,不可以再離開我了😝😝,2025年9月25日 星期四 下午11:39,,,4,1,,
on.the.mood_quotes,https://www.threads.com/@on.the.mood_quotes/post/DPB2YFykl09,妳是我心目中的Top1,2025年9月25日 星期四 下午10:40,@dominospizza_tw,,1,1,,,https://www.threads.com/@dominospizza_tw/post/DPB8yCtkQ7C,我愛你❤️,2025年9月25日 星期四 下午11:35,,,1,,,
ribbon_2020,https://www.threads.com/@ribbon_2020/post/DPBdU__CTmr,台灣人的口頭禪是什麼 1 / 2,2025年9月25日 星期四 下午7:01,,,158,353,,4,https://www.threads.com/@dominospizza_tw/post/DPB06lbkV0y,達美樂 打了沒,2025年9月25日 星期四 下午10:27,,,14,3,,
charlie.peng_,https://www.threads.com/@charlie.peng_/post/DPB0r-EiXzD,每天晚上都在想你,2025年9月25日 星期四 下午10:25,@dominospizza_tw,,2,1,,,https://www.threads.com/@dominospizza_tw/post/DPB03cmEdOT,想吃😋 披薩了,2025年9月25日 星期四 下午10:26,,,1,1,,
charlie.peng_,https://www.threads.com/@charlie.peng_/post/DPB0X7YCaxQ,我覺得你在炫耀但我沒有證據,2025年9月25日 星期四 下午10:22,@dominospizza_tw,,7,2,,,https://www.threads.com/@dominospizza_tw/post/DPB0lKbERu6,我愛你們 而且有很多截圖證據,2025年9月25日 星期四 下午10:24,,,1,1,,
elephant_in_house,https://www.threads.com/@elephant_in_house/post/DO-gNM-Dh0i,"火山披薩
達美樂和必勝客的火山披薩始祖之爭 我們決定參戰 推出全新起司沾醬披薩 🌋 哈比人的火山 🌋 獻給所有一個人也想擁有一座火山的各位",2025年9月24日 星期三 下午3:28,,"Photo by 房子裡有大象 on September 24, 2025. | Photo by 房子裡有大象 on September 24, 2025. | Photo by 房子裡有大象 on September 24, 2025. | Photo by 房子裡有大象 on September 24, 2025. | Photo by 房子裡有大象 on September 24, 2025. | Photo by 房子裡有大象 on September 24, 2025.",5,2,,,https://www.threads.com/@dominospizza_tw/post/DPBzvT7EYxH,😆 我打算跟你同盟,2025年9月25日 星期四 下午10:16,,,1,1,,2
mr.wang_0828,https://www.threads.com/@mr.wang_0828/post/DO-ve57gUXx,"達美樂ㄧ日快閃！！！ 原價$898的韓風炸雞火山 今天只要$399！！ 太爽了吧😍而且還是只限定永和門市 達美樂店員直接來店訪問我們要不要下訂 ：好啊當然 沒吃過
我真的第一次吃火山耶～原來是這樣吃😯 好爽好好吃🤤",2025年9月24日 星期三 下午5:42,,"Photo by 若ting on September 24, 2025.",37,1,,42,https://www.threads.com/@dominospizza_tw/post/DPBzqG_katr,我口水流到地板上,2025年9月25日 星期四 下午10:16,,,2,,,
,https://www.threads.com/@gabey0216/post/DOqIu32kkeY,新莊,2025年9月16日 星期二 下午5:38,,"Photo by -咖逼- on September 16, 2025. | Photo by -咖逼- on September 16, 2025. | Photo by -咖逼- on September 16, 2025.",352,20,9,317,https://www.threads.com/@dominospizza_tw/post/DOtH1VwkcbZ,👍👍👍,2025年9月17日 星期三 下午9:28,,,6,,,1
sherry_jaiho,https://www.threads.com/@sherry_jaiho/post/DOqeHsOk4Nx,敢ㄚ😆😆😆⋯ 現實生活中遇過好幾次惹⋯ 嚇不到我⋯,2025年9月16日 星期二 下午8:45,@dominospizza_tw,,2,1,,,https://www.threads.com/@dominospizza_tw/post/DOqmHNDkTxc,是真的還是人類🫣 翻譯,2025年9月16日 星期二 下午9:55,,,2,1,,
yoho_life888,https://www.threads.com/@yoho_life888/post/DOqdZEjAfuM,喜歡 當搞笑片看🙋🏻‍♀️🙋🏻‍♀️🙋🏻‍♀️,2025年9月16日 星期二 下午8:39,@dominospizza_tw,,,1,,,https://www.threads.com/@dominospizza_tw/post/DOqmDCVEZyc,那看喜劇的時候？,2025年9月16日 星期二 下午9:54,,,1,1,,
sogohsinchu,https://www.threads.com/@sogohsinchu/post/DOqenzdj7nc,不敢看🫣,2025年9月16日 星期二 下午8:49,@dominospizza_tw,,,2,,,https://www.threads.com/@dominospizza_tw/post/DOql-3YER_r,你不孤單,2025年9月16日 星期二 下午9:54,,,1,,,
wctfa,https://www.threads.com/@wctfa/post/DOqcNjBEpW9,看安娜貝爾會笑出來的人在這🙋,2025年9月16日 星期二 下午8:28,@dominospizza_tw,,1,1,,,https://www.threads.com/@dominospizza_tw/post/DOql2FSET4M,高手,2025年9月16日 星期二 下午9:53,,,,,,
rnn9063t,https://www.threads.com/@rnn9063t/post/DOqdfogie7b,"凌晨4點，客戶不睡覺也不開燈 站在陰暗的屋簷角落
緩緩說：「我等你的羊奶……很久了。」 這算是鬼片嗎？",2025年9月16日 星期二 下午8:40,@dominospizza_tw,,3,1,,,https://www.threads.com/@dominospizza_tw/post/DOqlxrvETlB,是 嚇瘋,2025年9月16日 星期二 下午9:52,,,2,,,
e7play.taiwan,https://www.threads.com/@e7play.taiwan/post/DOqi-RQk_Gz,我喜歡在我們的按摩椅包廂區看,2025年9月16日 星期二 下午9:27,@dominospizza_tw,,,1,,,https://www.threads.com/@dominospizza_tw/post/DOqlplrEb-P,答應我 配披薩🍕看,2025年9月16日 星期二 下午9:51,,,,,,
bobby__chen,https://www.threads.com/@bobby__chen/post/DOiW5fFEpsF,晚餐隨便吃吃 好久沒吃 達美樂 了,2025年9月13日 星期六 下午5:08,,"Photo by 陳振勛 on September 13, 2025. | Photo by 陳振勛 on September 13, 2025. | Photo by 陳振勛 on September 13, 2025. | Photo by 陳振勛 on September 13, 2025. | Photo by 陳振勛 on September 13, 2025.",5,1,,,https://www.threads.com/@dominospizza_tw/post/DOlAD94EX0A,歐一系～,2025年9月14日 星期日 下午5:46,,,5,,,
xkaixu,https://www.threads.com/@xkaixu/post/DOi1XyZk5-i,0913新竹達美樂一日店長,2025年9月13日 星期六 下午9:34,,"Photo by Neil on September 13, 2025. | Photo by Neil on September 13, 2025. | Photo by Neil on September 13, 2025. | Photo by Neil on September 13, 2025.",48,1,,1,https://www.threads.com/@dominospizza_tw/post/DOlABoPkXWl,💕💕💕💕💕,2025年9月14日 星期日 下午5:46,,,8,,,
guo_xiao_1114,https://www.threads.com/@guo_xiao_1114/post/DOkURFlES3U,2025/09/13 #味全龍 #啦啦隊 #女神 #權喜原 #小映 #一日店長 #達美樂 #新竹 #Dragons,2025年9月14日 星期日 上午11:23,,,,5,,,https://www.threads.com/@dominospizza_tw/post/DOlAAamke_2,想吃披薩🍕,2025年9月14日 星期日 下午5:46,,,7,1,,
remarks_apollox,https://www.threads.com/@remarks_apollox/post/DOko0_hERFD,"好康分享
達美樂開學季，外帶只要299$ ！ 1 / 2",2025年9月14日 星期日 下午2:23,,"Photo by remarks省錢秘笈 on September 13, 2025. | Photo by remarks省錢秘笈 on September 13, 2025. | Photo by remarks省錢秘笈 on September 13, 2025.",4,2,,,https://www.threads.com/@dominospizza_tw/post/DOk_-CzkRG9,太划算了吧,2025年9月14日 星期日 下午5:45,,,1,,,
hee._.tty,https://www.threads.com/@hee._.tty/post/DOil1VnkWa-,"權喜原
今天這麼熱，辛苦你了!!!🍡💞",2025年9月13日 星期六 下午7:18,,"Photo by 권희원 on September 13, 2025.",5808,65,53,32,https://www.threads.com/@dominospizza_tw/post/DOio4dHkRFh,辛苦了💕💕💕謝謝,2025年9月13日 星期六 下午7:45,,,65,4,,
kssogo.tw,https://www.threads.com/@kssogo.tw/post/DOYwX6jCYFH,廣編可以斜槓吧👀✌️,2025年9月9日 星期二 下午11:38,@dominospizza_tw,,,1,,,https://www.threads.com/@dominospizza_tw/post/DOgO6Z8kcNI,沒問題👍,2025年9月12日 星期五 下午9:20,,,1,,,
oliver.chen_,https://www.threads.com/@oliver.chen_/post/DOYQ4nJk7dZ,這是….？要去柬埔寨分店嗎？說清楚喔，我的手已經放在1、6、5 上面了喔！,2025年9月9日 星期二 下午7:03,@dominospizza_tw,,1,1,,,https://www.threads.com/@dominospizza_tw/post/DOgO0_BEVb_,台灣本地無誤 請放心👌,2025年9月12日 星期五 下午9:19,,,1,,,
light_footprints,https://www.threads.com/@light_footprints/post/DOPM6eAE_sh,"新口味火山pizza吃了絕不後悔！！秒殺#pizza #達美樂 #和牛堡排起司火山 #招牌四喜火山披薩 #披薩
light_footprints",2025年9月6日 星期六 上午6:35,,,1,2,,,https://www.threads.com/@dominospizza_tw/post/DOPlze_EQ2j,偷偷告訴我 這是哪一家的？ 那麼好吃🤩,2025年9月6日 星期六 上午10:13,,,,1,,
jjs.menu,https://www.threads.com/@jjs.menu/post/DOOioThj5y_,"達美樂
達美樂，打官司了沒～
達美樂最近跟必勝客官司打得火熱🔥，不影響我吃火山披薩👍
意外蓋喝價喔！有什麼網路夯美食，是大家原本不抱期待，意外美拍價(好吃)的嗎？ 1 / 2",2025年9月6日 星期六 上午12:26,,"Photo by 𝑱𝑱’𝒔 𝒎𝒆𝒏𝒖 on September 05, 2025. | Photo by 𝑱𝑱’𝒔 𝒎𝒆𝒏𝒖 on September 05, 2025. | Photo by 𝑱𝑱’𝒔 𝒎𝒆𝒏𝒖 on September 05, 2025.",35,3,,1,https://www.threads.com/@dominospizza_tw/post/DOPltzMkVDK,謝謝開箱支持🤗,2025年9月6日 星期六 上午10:12,,,25,1,,
1107_the8minghao,https://www.threads.com/@1107_the8minghao/post/DOJN291EzMK,"達美樂
我真的….. 看到達x樂一公斤起司很興奮訂 外送要一個小時我覺得算了
直接眼前發生掉落事件 到底為什麼要把大盒放在歪斜的外送袋上面 然後直接墜落 我直接問他說 那個是我的？ 也沒說什麼直接遞給我 Ok感覺跟一個外送員講那麼多也沒用
我媽看到傻眼三秒：算了 都是工作辛苦 我：我工作容易嗎？還是我賺錢就容易
一個道歉一個誠實承認都沒有直接裝死要我體諒什麼🙃",2025年9月3日 星期三 下午10:48,,"Photo by 徐八八的바보🐸 on September 03, 2025.",112,5,,2,https://www.threads.com/@dominospizza_tw/post/DONwjc2EWcv,"您好，我是小編，對這次的糟糕經驗，我們深感抱歉。
這真的不應該發生，我們已將您的狀況回報給相關部門，會徹底檢討並加強訓練。
請您私訊小編或直接聯繫原訂購門市，讓我們能了解您的訂單狀況，並提供進一步的協助。再次為您致歉🙏",2025年9月5日 星期五 下午5:08,,,305,3,,
info.talk_tw,https://www.threads.com/@info.talk_tw/post/DONtwMRkuOJ,"達美樂
編編震驚〜達美樂現在也出優！惠！券！ 超愛他們家火山披薩❤️ 現在火山披薩+大瓶可樂才359元，我要吃爆它🌋
優惠券最推下面3款 ➊ 外送+外帶 ↪ 大披薩送大披薩加碼可樂 ➋ 外帶 ↪ 火山大披薩送大瓶可樂=$359 ➌ 外帶 ↪ 大披薩只要$299
整個優惠券可以使用到9月28日〜 快點收藏起來！門市和官網都能用喔🔥🔥🔥",2025年9月5日 星期五 下午4:44,,"Photo by 好康情報誌 on September 05, 2025. | Photo by 好康情報誌 on September 05, 2025. | Photo by 好康情報誌 on September 05, 2025. | Photo by 好康情報誌 on September 05, 2025.",52,6,,44,https://www.threads.com/@dominospizza_tw/post/DONwOumEb0s,太划算了吧吧吧吧,2025年9月5日 星期五 下午5:05,,,4,1,,
bbbbbbbb_ya,https://www.threads.com/@bbbbbbbb_ya/post/DOJpNMqEsN-,道地美國披薩人需要大家ㄉ支持🍕🙇‍♀️ 2 / 2,2025年9月4日 星期四 上午2:47,@bbbbbbbb_ya,"Photo by Ya•͈ᴗ•͈beiᥫᩣ on September 03, 2025.",,1,,,https://www.threads.com/@dominospizza_tw/post/DOLRDfVkdEQ,我看到可愛的披薩🍕,2025年9月4日 星期四 下午5:54,,,,1,,
tiv3b,https://www.threads.com/@tiv3b/post/DODpzemEdSu,考慮聯名販售一下吧😆,2025年9月1日 星期一 下午6:57,@dominospizza_tw,,1,1,,,https://www.threads.com/@dominospizza_tw/post/DODp2KXkTbB,㊙️,2025年9月1日 星期一 下午6:57,,,1,,,
soarise_studio,https://www.threads.com/@soarise_studio/post/DODJ1ZiiQLx,愛妳,2025年9月1日 星期一 下午2:17,@dominospizza_tw,,1,1,,,https://www.threads.com/@dominospizza_tw/post/DODpzcWEbzY,愛你們,2025年9月1日 星期一 下午6:57,,,1,,,
tiv3b,https://www.threads.com/@tiv3b/post/DOB4wSbEt-8,我也喜歡達美樂這件球衣,2025年9月1日 星期一 上午2:29,@ball.park.diary,,1,1,,,https://www.threads.com/@dominospizza_tw/post/DODptFsEVYw,👀,2025年9月1日 星期一 下午6:56,,,1,1,,
jouho766,https://www.threads.com/@jouho766/post/DODE4SekXFk,居然本尊回覆了🤣 披薩很好吃，也謝謝你們的服務！！,2025年9月1日 星期一 下午1:34,@dominospizza_tw,,1,1,,,https://www.threads.com/@dominospizza_tw/post/DODpl5dEc6X,應該的！謝謝您給我們機會,2025年9月1日 星期一 下午6:55,,,1,,,
iko_love17,https://www.threads.com/@iko_love17/post/DOBVuX-E9zW,我記得是我跑去臭達美樂,2025年8月31日 星期日 下午9:23,@mizu_.min,,1,2,,,https://www.threads.com/@dominospizza_tw/post/DODpgPnkay5,原諒我 了嗎,2025年9月1日 星期一 下午6:54,,,1,1,,
huanchaol,https://www.threads.com/@huanchaol/post/DOBSMsLCUXC,"李多慧
Hololive 主題日",2025年8月31日 星期日 下午8:52,,"Photo by Zhi Qi Li on August 31, 2025. | Photo by Zhi Qi Li on August 31, 2025. | Photo by Zhi Qi Li on August 31, 2025. | Photo by Zhi Qi Li on August 31, 2025. | Photo by Zhi Qi Li on August 31, 2025. | Photo by Zhi Qi Li on August 31, 2025. | Photo by Zhi Qi Li on August 31, 2025. | Photo by Zhi Qi Li on August 31, 2025. | Photo by Zhi Qi Li on August 31, 2025.",13,1,,1,https://www.threads.com/@dominospizza_tw/post/DOCxbvokRmT,💗💗💗💗💗💗,2025年9月1日 星期一 上午10:44,,,3,,,
sancovidona,https://www.threads.com/@sancovidona/post/DOCvnJwCSbp,"在活動公佈時，很期待會以什麼樣呈現。 在比賽開始前，已經有許多聲音存在，不過三天體驗下來，看似很雜，還是很有趣。
讓我本來對Hololive不熟情況下，好好認識了四位，賽後的歌曲也多聽見幾位好聲音，gigi好可愛，還有叫不出名字的聲音好好聽。
或許沒辦法辦得像專場活動，以第一次聯動主題來說，我真的覺得不錯，很多小驚喜，未來還是期待有類似主題。
不管是比賽、主題活動、家庭日活動、還是賽後演唱，在這個大型賽事場地，本來就是各取所需的場合，要是大家都能因為喜歡一起匯集在此，我想就是最棒的事。",2025年9月1日 星期一 上午10:28,,"Photo by 嬌嬌 on August 31, 2025. | Photo by 嬌嬌 on August 31, 2025. | Photo by 嬌嬌 on August 31, 2025. | Photo by 嬌嬌 on August 31, 2025. | Photo by 嬌嬌 on August 31, 2025.",21,2,,,https://www.threads.com/@dominospizza_tw/post/DOCxYHrkQNH,大家一起進場支持棒球⚾️ 這就是最棒的事,2025年9月1日 星期一 上午10:44,,,4,1,,
soarise_studio,https://www.threads.com/@soarise_studio/post/DOAwqNECX_c,"味全龍
原本公告達美樂球衣只能暫時放回衣櫃了 bau bau 雙子少一個球衣沒穿到 嗚嗚",2025年8月31日 星期日 下午3:59,,"Photo by 雷神RAIJIN on August 31, 2025. | Photo by 雷神RAIJIN on August 31, 2025. | Photo by 雷神RAIJIN on August 31, 2025. | Photo by 雷神RAIJIN on August 31, 2025. | Photo by 雷神RAIJIN on August 31, 2025.",108,5,2,2,https://www.threads.com/@dominospizza_tw/post/DOCxPuYkb_2,因為我們家CEO 也愛 hololive ~ 💗,2025年9月1日 星期一 上午10:43,,"Photo by 達美樂披薩 on August 31, 2025.",66,1,,
,https://www.threads.com/@dominospizza_tw/post/DN-TgtDkd84,Hololive Night,2025年8月30日 星期六 下午5:06,,"Photo by 達美樂披薩 on August 30, 2025.",3232,56,29,95,https://www.threads.com/@dominospizza_tw/post/DN-x4mWkXO4,🙏🙏🙏,2025年8月30日 星期六 下午9:31,,,11,,,
landes_wu,https://www.threads.com/@landes_wu/post/DN-qQ5qEwhn,"拍著拍著。肚子好餓🤤…
剛好這裡有賣🍕 8/31 達美樂賽前一日店長-佩霓🐹 📍大巨蛋內野B1達美樂攤位 #小龍女啦啦隊 #佩霓",2025年8月30日 星期六 下午8:25,,"Photo by 吳志成 on August 30, 2025.",15,4,1,,https://www.threads.com/@dominospizza_tw/post/DN-xvtOEXHE,💕,2025年8月30日 星期六 下午9:30,,,3,,,
ooowl_new_thai_food,https://www.threads.com/@ooowl_new_thai_food/post/DN-sl6DDyty,話說突然想來個小聚餐 推薦必勝客還是達美樂 有什麼必吃的口味 我快想破頭惹 🤔🤔🤔,2025年8月30日 星期六 下午8:45,,,7,14,,,https://www.threads.com/@dominospizza_tw/post/DN-xsaxkUnA,達美樂🤤🤤🤤,2025年8月30日 星期六 下午9:29,,,2,1,,
sogoodshoot,https://www.threads.com/@sogoodshoot/post/DN8O94ED6cF,"李多慧이다혜
第一次聽到這麼油的龍袍使命 #hoholive @le_dahye
大巨蛋秀泰影城",2025年8月29日 星期五 下午9:49,,,187,3,3,19,https://www.threads.com/@dominospizza_tw/post/DN-xnyLESdD,很好聽💗,2025年8月30日 星期六 下午9:29,,,1,,,
qwe2830896,https://www.threads.com/@qwe2830896/post/DN-qrD_k8hz,今天林襄這個畫面真的甜死了🥰,2025年8月30日 星期六 下午8:29,,,2193,22,19,23,https://www.threads.com/@dominospizza_tw/post/DN-v1WxkWP7,💗 電暈,2025年8月30日 星期六 下午9:13,,,8,2,,
cindyyang326,https://www.threads.com/@cindyyang326/post/DN-MGO7Aej7,"達美樂
達美樂小龍女ㄧ日店長 柳口水組合🤩 兩位都是我喜歡的女孩❤️ 很幸運我活動前才到攤位 結果還有號碼牌可以領 加上早上起床到蜆仔還沒吃正餐 跟女孩們合照也填飽肚子 開唱後可以賣力應援啦😁😁 #柳柳6666666 #口水水水水水",2025年8月30日 星期六 下午4:01,,"Photo by Cindy也是小C on August 30, 2025. | Photo by Cindy也是小C on August 30, 2025. | Photo by Cindy也是小C on August 30, 2025.",110,14,,10,https://www.threads.com/@dominospizza_tw/post/DN-NdOYEfMx,💗💗💗,2025年8月30日 星期六 下午4:13,,,1,,,
powerkshs,https://www.threads.com/@powerkshs/post/DN8K2vUkp68,"李多慧 權喜原
欸不是吧 我以為今天沒襄沒yuri沒菲菲看不到這種了🤣
喜原怎麼一下就學會這些啦🤣🤣🤣
@le_dahye @hw.0.n_",2025年8月29日 星期五 下午9:13,,,1975,21,43,173,https://www.threads.com/@dominospizza_tw/post/DN-J-UUEYtv,可愛😻,2025年8月30日 星期六 下午3:42,,,2,,,
winitseng,https://www.threads.com/@winitseng/post/DN9Iq8Pk_3X,"小龍女
多慧真的好有趣 真的很容易看球看著看著就被她…
#隨手拍拍 #應援 #贏球真好 #味全龍 #李多慧 #三本柱",2025年8月30日 星期六 上午6:12,,"Photo by 曾婷 on August 29, 2025. | Photo by 曾婷 on August 29, 2025. | Photo by 曾婷 on August 29, 2025. | Photo by 曾婷 on August 29, 2025. | Photo by 曾婷 on August 29, 2025. | Photo by 曾婷 on August 29, 2025. | Photo by 曾婷 on August 29, 2025.",202,2,1,,https://www.threads.com/@dominospizza_tw/post/DN-EPPRkVxF,💗,2025年8月30日 星期六 下午2:52,,,3,1,,
suyitobeyourself,https://www.threads.com/@suyitobeyourself/post/DN8cJkQEid8,"忙班後的慰藉 #達美樂四喜之一
七夕的另類儀式",2025年8月29日 星期五 下午11:43,,"Photo by 陳淑儀 on August 29, 2025.",,1,,,https://www.threads.com/@dominospizza_tw/post/DN9woyeEdxV,七夕快樂～ 🥰,2025年8月30日 星期六 下午12:01,,,1,,,
niwa_sakana,https://www.threads.com/@niwa_sakana/post/DN7pMnAkxlj,"七夕限定
身為吃貨小姐，今天七夕的行程依然就是吃😆
￼中午吃了超好吃的泰式料理😋
然後晚餐我要吃達美樂祭出七夕限定的微奢美味🤤
全新「可可冰山披薩」半價一個只要479元；
凡購買「可可冰山披薩」就送「和牛堡排火山披薩」只要899 元！！！🤤
￼還不趕快買起來😆
無論如何祝大家七夕情人節快樂😆
就算是￼單身的朋友們也要快樂😘
因為還有披薩買一送一😂",2025年8月29日 星期五 下午4:18,,"Photo by Niwa Sakana on August 29, 2025. | Photo by Niwa Sakana on August 29, 2025.",72,8,,,https://www.threads.com/@dominospizza_tw/post/DN725EAkZfM,祝福你七夕情人節快樂喔,2025年8月29日 星期五 下午6:17,,,2,1,,
wen_wen_happy857,https://www.threads.com/@wen_wen_happy857/post/DN7Sw4YkYa0,訂完了達美樂的和牛火山pizza， 才看到分享文說七夕不要吃牛肉？ 😓😓😓,2025年8月29日 星期五 下午1:01,,,1,2,,,https://www.threads.com/@dominospizza_tw/post/DN722liERE4,那可以吃我們的冰山披薩,2025年8月29日 星期五 下午6:17,,,1,1,,
carence_tw,https://www.threads.com/@carence_tw/post/DN7f4Aik2K_,吃到下一個情人節🤣再繼續點,2025年8月29日 星期五 下午2:56,@dominospizza_tw,,,1,,,https://www.threads.com/@dominospizza_tw/post/DN720PekR7D,我可以陪你呀，我食量很大,2025年8月29日 星期五 下午6:17,,,1,1,,
kkdaytw,https://www.threads.com/@kkdaytw/post/DN7OLRckdnd,七夕出去玩累了就想吃披薩,2025年8月29日 星期五 下午12:21,@dominospizza_tw,,1,1,,,https://www.threads.com/@dominospizza_tw/post/DN72yFYkVc3,帶我一起出去玩,2025年8月29日 星期五 下午6:16,,,,,,
natgeo.media,https://www.threads.com/@natgeo.media/post/DN7UKI2iemd,我👋,2025年8月29日 星期五 下午1:14,@dominospizza_tw,,3,1,,,https://www.threads.com/@dominospizza_tw/post/DN7falpEcGN,今天晚上還沒有有人約我，我打算看國家地理雜誌,2025年8月29日 星期五 下午2:52,,,2,,,
carence_tw,https://www.threads.com/@carence_tw/post/DN7aUlXE5LE,嘿就是我 一人怒吃雙人餐,2025年8月29日 星期五 下午2:08,@dominospizza_tw,,,1,,,https://www.threads.com/@dominospizza_tw/post/DN7fZBZkWyS,那要不要點一個超級無敵巨無霸披薩？,2025年8月29日 星期五 下午2:52,,,1,1,,
living_after_35,https://www.threads.com/@living_after_35/post/DN657RxkyLM,"吃完後一起揪游泳
living_after_35",2025年8月29日 星期五 上午9:24,@dominospizza_tw,,1,1,,,https://www.threads.com/@dominospizza_tw/post/DN7fXcXET_P,好像有一點太high了,2025年8月29日 星期五 下午2:52,,,1,,,
lemon.one,https://www.threads.com/@lemon.one/post/DN60gmqk_Lf,來點，會發火的火山,2025年8月29日 星期五 上午8:37,@dominospizza_tw,,,1,,,https://www.threads.com/@dominospizza_tw/post/DN7fVt5kX2O,那是什麼披薩？我很想看,2025年8月29日 星期五 下午2:51,,,,1,,
_nak_tw,https://www.threads.com/@_nak_tw/post/DN7VKxUj1Aj,一起吃嗎😍,2025年8月29日 星期五 下午1:22,@dominospizza_tw,,1,1,,,https://www.threads.com/@dominospizza_tw/post/DN7fUNDEW6p,好害羞，我心跳一直跳,2025年8月29日 星期五 下午2:51,,,1,1,,
yi_agnes_,https://www.threads.com/@yi_agnes_/post/DN238wx4gFE,小編小編～可以請問遲到小披薩兌換券在app訂餐能使用嗎？😯在電子票券欄key票券序號9碼都無法兌換…😢,2025年8月27日 星期三 下午7:50,@dominospizza_tw,,,1,,,https://www.threads.com/@dominospizza_tw/post/DN25SGU4vhl,Dear ~ 可以直接洽門市喔 可以的🙂,2025年8月27日 星期三 下午8:02,,,1,,,
sreetbank,https://www.threads.com/@sreetbank/post/DN2vGmXYtgW,輪🛞編洗車都吃達美樂,2025年8月27日 星期三 下午6:33,@dominospizza_tw,"Photo by 黄巨輪 on August 27, 2025.",2,1,,,https://www.threads.com/@dominospizza_tw/post/DN2vabmYutB,開起來格外好吃,2025年8月27日 星期三 下午6:36,,,1,,,
hjwbb.72s,https://www.threads.com/@hjwbb.72s/post/DN1g-qjZO82,這裡會有台灣人留言嗎,2025年8月27日 星期三 上午7:10,@taylorswift,,6139,145,2,8,https://www.threads.com/@dominospizza_tw/post/DN13vdI4umG,泰勒絲 ～ 結婚快樂🎉 🍕,2025年8月27日 星期三 上午10:29,,,40,,,
yummytiger_tw,https://www.threads.com/@yummytiger_tw/post/DN1uIu2QszZ,虎編是泰勒絲粉來亂入🤣點Enchanted ❤️,2025年8月27日 星期三 上午9:05,@dominospizza_tw,,4,1,,,https://www.threads.com/@dominospizza_tw/post/DN12fqcUqPV,那首我超愛,2025年8月27日 星期三 上午10:18,,,,,,
lieberwang,https://www.threads.com/@lieberwang/post/DN1vGSuXhqP,"當然是命定Travis 的歌 😍 youtu.be/hcfXb…
youtube.com
Swiftie_Kim歌曲翻譯",2025年8月27日 星期三 上午9:14,@dominospizza_tw,Swiftie_Kim歌曲翻譯,18,1,,,https://www.threads.com/@dominospizza_tw/post/DN12eZWUoJg,你一定是超級鐵粉,2025年8月27日 星期三 上午10:18,,,1,,,
b030777,https://www.threads.com/@b030777/post/DN1yTfgZt9s,"This Love
youtube.com/watch…",2025年8月27日 星期三 上午9:42,@dominospizza_tw,,2,1,,,https://www.threads.com/@dominospizza_tw/post/DN12cxj0nnL,Lover ~ 🥰,2025年8月27日 星期三 上午10:18,,,1,,,
edn0420,https://www.threads.com/@edn0420/post/DN1v-8oZL8A,當然是You belong with me！！！ 洩漏了邊編是Swifties,2025年8月27日 星期三 上午9:21,@dominospizza_tw,,6,1,,,https://www.threads.com/@dominospizza_tw/post/DN12STv0uDV,我也表白了～,2025年8月27日 星期三 上午10:16,,,1,,,
gold_25,https://www.threads.com/@gold_25/post/DN0dipK0roW,呃很難選,2025年8月26日 星期二 下午9:21,@dominospizza_tw,,,1,,,https://www.threads.com/@dominospizza_tw/post/DN1pktoZuKw,喵 都要嗎,2025年8月27日 星期三 上午8:25,,,1,1,,
mobile.health.technician,https://www.threads.com/@mobile.health.technician/post/DN0fjzyXmyB,除了手拍，都好😋,2025年8月26日 星期二 下午9:39,@dominospizza_tw,,1,2,,,https://www.threads.com/@dominospizza_tw/post/DN0qGB_YhRK,手拍我也很愛咧,2025年8月26日 星期二 下午11:11,,,1,,,
on.the.mood_quotes,https://www.threads.com/@on.the.mood_quotes/post/DNwnEwK5OaH,來吃,2025年8月25日 星期一 上午9:27,@dominospizza_tw,"Photo by 看心情語錄 on August 24, 2025.",2,1,,,https://www.threads.com/@dominospizza_tw/post/DNxxFfi4ryp,很可以～ 台灣首創,2025年8月25日 星期一 下午8:14,,,1,1,,
g855667788,https://www.threads.com/@g855667788/post/DNwzS9OUrwC,好感動 台灣小將 超級棒,2025年8月25日 星期一 上午11:14,@dominospizza_tw,,2,1,,,https://www.threads.com/@dominospizza_tw/post/DNxxD7_YtgN,超愛超感動～ 小將們快快長大！ 我要繼續為你們熱血,2025年8月25日 星期一 下午8:14,,,1,,,
seal_king_tapes,https://www.threads.com/@seal_king_tapes/post/DNwxsFqZiqF,世界冠軍！！😍😍,2025年8月25日 星期一 上午11:00,@dominospizza_tw,,1,1,,,https://www.threads.com/@dominospizza_tw/post/DNxxAgt4rha,超熱血的,2025年8月25日 星期一 下午8:13,,,1,,,
jordan.01___,https://www.threads.com/@jordan.01___/post/DNxqT8j5OM6,原來這禮拜是七夕嗎 大家打算怎麼過,2025年8月25日 星期一 下午7:15,,,24,26,,6,https://www.threads.com/@dominospizza_tw/post/DNxw4so4kYl,吃可可口味的披薩然後上面放哈根達斯冰淇淋～,2025年8月25日 星期一 下午8:12,,,3,1,,
eczht_tw,https://www.threads.com/@eczht_tw/post/DNwmG9MZCZY,"少年野球
看到達美樂🍕祝賀 東園國小威廉波特世界冠軍🏆 都不會覺得他在蹭、 還會覺得好感動、好想吃披薩 是怎麼回事🥹🥹🥹",2025年8月25日 星期一 上午9:19,,"Photo by Eczht __^ on August 24, 2025.",847,10,6,,https://www.threads.com/@dominospizza_tw/post/DNxlEmd4kSm,我真的很愛台灣棒球 支持棒球…🥹🥹,2025年8月25日 星期一 下午6:29,,,186,5,,1
fs90271s,https://www.threads.com/@fs90271s/post/DNwkPFZZhrR,重點有折扣嗎 😆,2025年8月25日 星期一 上午9:03,@dominospizza_tw,,,1,,,https://www.threads.com/@dominospizza_tw/post/DNwogEiZgSZ,兩個大披薩送大可樂！598元外送到家好不好😘,2025年8月25日 星期一 上午9:40,,,5,,,
yuan____0521,https://www.threads.com/@yuan____0521/post/DNwhIgyZMtN,好感動！！！ 之前U15完封日本這次少棒完封美國 臺灣的孩子真的是第一名,2025年8月25日 星期一 上午8:35,@dominospizza_tw,,10,1,,,https://www.threads.com/@dominospizza_tw/post/DNwiTiA5taQ,台灣小將真的超棒！ 感動,2025年8月25日 星期一 上午8:46,,,1,,,
helen8061580615,https://www.threads.com/@helen8061580615/post/DNuz5Of0hF0,#達美樂小小店長,2025年8月24日 星期日 下午4:41,,,10,1,,,https://www.threads.com/@dominospizza_tw/post/DNvfruR4giZ,卡哇伊捏～,2025年8月24日 星期日 下午11:03,,,5,,,
on.the.mood_quotes,https://www.threads.com/@on.the.mood_quotes/post/DNpQSImy--M,這個🤤,2025年8月22日 星期五 下午12:53,@dominospizza_tw,"Photo by 看心情語錄 on August 21, 2025.",4,1,1,,https://www.threads.com/@dominospizza_tw/post/DNp4YVcR9dR,愛死你了啦,2025年8月22日 星期五 下午6:44,,,1,1,,
natgeoapparel_tw,https://www.threads.com/@natgeoapparel_tw/post/DNpZMihy-tc,"流量密碼
想問一下大家，這麼熱的天氣，到底可能 以做什麼事比較涼爽？！ 以下開放脆友留言（期待😚）
小編先來一句👉穿著國家地理服飾喝著手搖飲 （小編真的很盡責😂）",2025年8月22日 星期五 下午2:11,,,56,84,,1,https://www.threads.com/@dominospizza_tw/post/DNpmNW6x7fL,穿國家地理服飾吃達美樂冰山披薩🍕,2025年8月22日 星期五 下午4:05,,,5,1,,
shopbacktw,https://www.threads.com/@shopbacktw/post/DNo_LF5y_Ko,蝦貝回饋來一點嗎？,2025年8月22日 星期五 上午10:24,@dominospizza_tw,,3,2,,,https://www.threads.com/@dominospizza_tw/post/DNpmHP1x3OP,來一大點,2025年8月22日 星期五 下午4:04,,,1,,,
dazzleslim_tw,https://www.threads.com/@dazzleslim_tw/post/DNpLxZBz9xi,吃達妹😎,2025年8月22日 星期五 下午12:14,@dominospizza_tw,,,1,,,https://www.threads.com/@dominospizza_tw/post/DNpmD6FRyof,😆 我很辣喔,2025年8月22日 星期五 下午4:04,,,,,,
xinxiang.qiu,https://www.threads.com/@xinxiang.qiu/post/DNpKPkFy_Pt,我覺得可可醬真的有點少🥲 超愛可可人 覺得有點小失望,2025年8月22日 星期五 下午12:01,@dominospizza_tw,,,1,,1,https://www.threads.com/@dominospizza_tw/post/DNplw65x3Mg,真不好意思！我們非常重視每一位顧客的體驗，小編很希望能為您協助，方便的話請FB私訊訂購資訊，我們會立即與門市了解狀況，再次感謝您提醒🙏,2025年8月22日 星期五 下午4:01,,,,,,
moxinnimo,https://www.threads.com/@moxinnimo/post/DNpbj-dS3OZ,應該是我今天運氣不好🥲 拿到醬少 料少的冰山披薩,2025年8月22日 星期五 下午2:32,@dominospizza_tw,,,1,,,https://www.threads.com/@dominospizza_tw/post/DNplp2jx7Rv,真不好意思！我們非常重視每一位顧客的體驗，小編很希望能為您協助，方便的話請FB私訊訂購資訊，我們會立即與門市了解狀況，再次感謝您提醒🙏,2025年8月22日 星期五 下午4:00,,,,,,
sihyuuuuuu0722,https://www.threads.com/@sihyuuuuuu0722/post/DNphGTmv1dY,"達美樂
為什麼我的可可冰火披薩跟別人不一樣？ 我怎麼沒有棉花糖🤨
不過…這道口感真的比鬼滅之刃還鬼滅🫣",2025年8月22日 星期五 下午3:20,,"Photo by Yuuuuuu on August 22, 2025.",4,1,,1,https://www.threads.com/@dominospizza_tw/post/DNplVFfR5WL,真不好意思！我們非常重視每一位顧客的體驗，這款披薩正確的享受應該要有棉花糖才對。 小編很希望能為您協助，方便的話請FB私訊訂購資訊，我們會立即與門市了解狀況，再次感謝您提醒🙏,2025年8月22日 星期五 下午3:57,,,3,,,
yuan____0521,https://www.threads.com/@yuan____0521/post/DNoyNQxy-Lt,寶說什麼呢🥰😍必須無條件可以哇😍,2025年8月22日 星期五 上午8:31,@dominospizza_tw,,1,1,,,https://www.threads.com/@dominospizza_tw/post/DNoyTfQTycb,愛你一萬年,2025年8月22日 星期五 上午8:32,,,,,,
akira_lee_0724.32,https://www.threads.com/@akira_lee_0724.32/post/DNox8qVvya1,芒果冰沙,2025年8月22日 星期五 上午8:28,@dominospizza_tw,,1,1,,,https://www.threads.com/@dominospizza_tw/post/DNoyRpZz7VA,在地的我都愛 ～ 芒果💕💕,2025年8月22日 星期五 上午8:31,,,,,,
ryan.xue,https://www.threads.com/@ryan.xue/post/DNidVhKva74,真的很不希望達美樂跟味全這種有爭議的企業合作，而且對Hololive的粉絲來說似乎有也被模糊主題的感受，希望達美樂以後再多多思考與各球團的合作模式跟內容💪,2025年8月19日 星期二 下午9:33,@dominospizza_tw,,12,1,,,https://www.threads.com/@dominospizza_tw/post/DNifSGARmzT,真不好意思🙏 小編在宣傳活動時用字不精準，如有造成誤會真的非常抱歉。希望這個誤會能夠化解，大家還是能一起進場支持棒球，留下美好的回憶！,2025年8月19日 星期二 下午9:50,,,3,,,
su92118,https://www.threads.com/@su92118/post/DNiXEY9Teus,"謝謝 @dominospizza_tw ， 讓我這喜歡HOLOLIVE的肥宅馬上去買個火山披薩壓壓驚。
另外我覺得你們的火山披薩比較好吃，謝謝你們贊助台灣棒球。",2025年8月19日 星期二 下午8:38,@dominospizza_tw,,4,1,,,https://www.threads.com/@dominospizza_tw/post/DNiXVwuRDYT,真的很謝謝HOLOLIVE粉絲大家庭的包容！,2025年8月19日 星期二 下午8:40,,,1,,,
winter_for_sure,https://www.threads.com/@winter_for_sure/post/DNiWdXjSS7w,感謝小編滅火，辛苦了。 希望貴公司下次不要合作頂新/味全相關企業，他們錢賺走了，卻從不負責任。,2025年8月19日 星期二 下午8:33,@dominospizza_tw,,28,1,,,https://www.threads.com/@dominospizza_tw/post/DNiW6IjxK52,小編第一時間用字應該更小心謹慎，真不好意思！ 造成誤會,2025年8月19日 星期二 下午8:37,,,5,1,,
lisaegoist,https://www.threads.com/@lisaegoist/post/DNiTOsnytNg,不管如何，立刻動作！ 你們真的很猛！感謝解釋。 雖然最近努力減肥中，但披薩還是得吃了！,2025年8月19日 星期二 下午8:05,@dominospizza_tw,,2,1,,,https://www.threads.com/@dominospizza_tw/post/DNiTbBAx35a,抱歉抱歉！小編只是想號召大家一起進場支持棒球🥎 不好意思，用字不精準造成一些誤會，以後會更小心留意。也請大家持續支持棒球和達美樂🙏🙏🙏,2025年8月19日 星期二 下午8:06,,,8,,1,
imalbeechen,https://www.threads.com/@imalbeechen/post/DNiSn7NSpx7,有達美樂小編 還可以跟大家同樂 我願意,2025年8月19日 星期二 下午7:59,@dominospizza_tw,,4,1,,,https://www.threads.com/@dominospizza_tw/post/DNiS0ynx4Wy,謝謝您！今天非常需要情緒價值🙏🙏,2025年8月19日 星期二 下午8:01,,,5,1,,
xji6u04uxp6,https://www.threads.com/@xji6u04uxp6/post/DNh56fChEtF,醜不醜到是見仁見智 問題是這個主題日不是HOLOLIVE嗎...?,2025年8月19日 星期二 下午4:23,@ray_tsao_25,,53,3,,1,https://www.threads.com/@dominospizza_tw/post/DNiSvtXRxd5,真的非常抱歉🧎稍早文字用字不精準造成誤會，已經修正。真心感謝大家的提醒。也懇請大家支持台灣棒球不分你我，一起進場支持🙏🙏🙏,2025年8月19日 星期二 下午8:00,,,3,,,
feimi_bakery,https://www.threads.com/@feimi_bakery/post/DNiROGPv5tv,《日常分享》 晚餐想說吃個披薩 以往都是買必勝客 剛好看到達美樂的起司火山 起司控的我立馬去買 太久沒吃達美樂以前的印象就是有甜豆莢🙀 雖然有點冷掉但沒想到還蠻好吃的🤤🤤,2025年8月19日 星期二 下午7:47,,"Photo by 扉蜜feimi on August 19, 2025.",11,3,1,1,https://www.threads.com/@dominospizza_tw/post/DNiSNmGxIVx,謝謝您的支持！趁熱吃更好吃！,2025年8月19日 星期二 下午7:56,,,5,,,
loongchih,https://www.threads.com/@loongchih/post/DNiPa-hSanq,我要這個！！！,2025年8月19日 星期二 下午7:31,@dominospizza_tw,"Photo by Loongchih Ong on August 19, 2025. | Photo by Loongchih Ong on August 19, 2025. | Photo by Loongchih Ong on August 19, 2025. | Photo by Loongchih Ong on August 19, 2025.",60,1,,,https://www.threads.com/@dominospizza_tw/post/DNiSFSExTWU,謝謝建議！ 小編很喜歡,2025年8月19日 星期二 下午7:55,,,12,,,
yunzhen0502,https://www.threads.com/@yunzhen0502/post/DNiOoo-Pd2y,雖然衣服實在…一言難盡… 但還是謝謝乾爹贊助中職各隊🤣❤️,2025年8月19日 星期二 下午7:24,@dominospizza_tw,,8,1,,,https://www.threads.com/@dominospizza_tw/post/DNiR3rLxIJT,希望大家可以感受到達美樂愛台灣棒球的心。如果有做不好的地方 我們一定虛心檢討，也謝謝大家的支持、包容。,2025年8月19日 星期二 下午7:53,,,7,,,
dickoochen,https://www.threads.com/@dickoochen/post/DNiEilTyNL3,達美樂真的很雖小 出錢贊助油油 還要被齁粉抵制 明明就油龍的錯 雖然我平時都吃必勝客跟拿坡里拉,2025年8月19日 星期二 下午5:56,,,84,3,,,https://www.threads.com/@dominospizza_tw/post/DNiKRfqxERf,🧎 小編用字不精準 已刪文修正 請大家原諒小編,2025年8月19日 星期二 下午6:46,,,12,,,
east.bear,https://www.threads.com/@east.bear/post/DNiKEKjz_N0,相信達美樂的心 連商標都可以馬上改666 辛苦小編了,2025年8月19日 星期二 下午6:44,@dominospizza_tw,,48,1,,,https://www.threads.com/@dominospizza_tw/post/DNiKJsbR4Qw,愛台灣愛棒球的心不變 很謝謝大家包容,2025年8月19日 星期二 下午6:45,,,12,,,
david_wong_1958,https://www.threads.com/@david_wong_1958/post/DNiI_zkymnu,"""小編不是有意的"" 但你有打算更正嗎？",2025年8月19日 星期二 下午6:35,@dominospizza_tw,,,1,,,https://www.threads.com/@dominospizza_tw/post/DNiJO2pxmEt,"真的非常抱歉🙏 稍早的文字用字不精準，造成大家的誤會，正確的活動名稱應該是：達美樂獨家贊助 × 味全龍「hololive night」主題日。
我們真心感謝大家的提醒， 也會更加謹慎，避免再發生同樣的情況",2025年8月19日 星期二 下午6:37,,,,,,
david_wong_1958,https://www.threads.com/@david_wong_1958/post/DNh6eBNShE1,達美樂：我才是主題日啊,2025年8月19日 星期二 下午4:28,@bolin861020,"Photo by David Wong on August 19, 2025.",,2,,,https://www.threads.com/@dominospizza_tw/post/DNiAB4vx16E,真的很抱歉 小編不是有意的🧎,2025年8月19日 星期二 下午5:17,,,,1,,
inori_riteyui,https://www.threads.com/@inori_riteyui/post/DNh3aqORmYO,"這是回覆已無法顯示的貼文
奇怪了 下半季主題日寫「hilolive night」 沒半個字寫達美樂或 dominospizza night 你達美樂什麼咖小跑來蹭 甚至直接篡位定調達美樂主日 讓球員穿達美樂主題的球衣？？？？？ 當我們 hololive 粉絲是吃素的喔 有夠不要臉的品牌 直接抵制zzz 喔 不對 又貴又ㄆㄨㄣ 不用特別抵制也不吃😊😊😊",2025年8月19日 星期二 下午4:02,,"Photo by Inori Yui on August 19, 2025.",20,1,,3,https://www.threads.com/@dominospizza_tw/post/DNh-LQrRohD,真的很抱歉很抱歉！我們沒有這個意思,2025年8月19日 星期二 下午5:01,,,1,,,
klose11111,https://www.threads.com/@klose11111/post/DNh6NOxyqZP,"這是回覆已無法顯示的貼文
贊助商直接篡位成主題日，第一次看到這種操作笑死",2025年8月19日 星期二 下午4:26,,,8,1,,,https://www.threads.com/@dominospizza_tw/post/DNh-G7ixc-4,實在很抱歉！ 我們沒有這個意思,2025年8月19日 星期二 下午5:00,,,,,,
kobeooe,https://www.threads.com/@kobeooe/post/DNgUtnJzwhP,金門可以來開一家嗎,2025年8月19日 星期二 上午1:39,@dominospizza_tw,,1,1,,,https://www.threads.com/@dominospizza_tw/post/DNhClHJzxoJ,希望！,2025年8月19日 星期二 上午8:20,,,,,,
truekids0130,https://www.threads.com/@truekids0130/post/DNgzfYISjjV,可以出一款酒類的嗎 生命之水,2025年8月19日 星期二 上午6:08,@dominospizza_tw,,1,1,,,https://www.threads.com/@dominospizza_tw/post/DNhCBsYTg8W,😆 我們是披薩店,2025年8月19日 星期二 上午8:15,,,1,,,
eagle_movie,https://www.threads.com/@eagle_movie/post/DNgTcXBzCFm,冰淇淋可以挑口味嗎🥹 無限期支持薄荷巧克力,2025年8月19日 星期二 上午1:28,@dominospizza_tw,,6,1,,,https://www.threads.com/@dominospizza_tw/post/DNhB_mKTFzo,第一次向義大利宣戰 小試身手 不好意思 目前綁定一個精選口味 之後為您爭取看看,2025年8月19日 星期二 上午8:15,,,6,1,,
amos0716,https://www.threads.com/@amos0716/post/DNgSXpDzNuw,只有達美樂才能超越達美樂，有夠浮誇，但我愛,2025年8月19日 星期二 上午1:19,@dominospizza_tw,,2,1,,,https://www.threads.com/@dominospizza_tw/post/DNhB5WXz9Sv,我也愛,2025年8月19日 星期二 上午8:14,,,1,,,
ogwaxing,https://www.threads.com/@ogwaxing/post/DNgGYE3yyG-,上面有鳳梨嗎？,2025年8月18日 星期一 下午11:34,@dominospizza_tw,,,1,,,https://www.threads.com/@dominospizza_tw/post/DNgJ2gHJymV,沒有！但有香蕉🍌,2025年8月19日 星期二 上午12:04,,,,,,
winnie.921012,https://www.threads.com/@winnie.921012/post/DNgGEcoPZ4U,上面有香蕉片嗎？,2025年8月18日 星期一 下午11:31,@dominospizza_tw,,,1,,,https://www.threads.com/@dominospizza_tw/post/DNgJ0JoJ8Yh,有國產香蕉🍌,2025年8月19日 星期二 上午12:04,,,,,,
gracewang_k0216,https://www.threads.com/@gracewang_k0216/post/DNgBNZkBwM-,但這要如何外送、外帶？（要吃的時候再把那一球冰淇淋扣上去嗎？）🤔,2025年8月18日 星期一 下午10:49,@dominospizza_tw,,2,1,,,https://www.threads.com/@dominospizza_tw/post/DNgBl5MRaam,嘻嘻😁 小編有實測過 ～ 外送外帶都可以！門市小夥伴會努力盡快送達,2025年8月18日 星期一 下午10:52,,,5,1,,
heal_crystal.ww,https://www.threads.com/@heal_crystal.ww/post/DNgBNIexqnH,我們還可以免簽進入義大利嗎🤣,2025年8月18日 星期一 下午10:49,@dominospizza_tw,,8,1,,,https://www.threads.com/@dominospizza_tw/post/DNgBYRNRcdj,有難度！快點去,2025年8月18日 星期一 下午10:50,,,7,,,
goodgoods_mkt,https://www.threads.com/@goodgoods_mkt/post/DNf48S8yohJ,居然可鹹可甜～不愧是達美樂,2025年8月18日 星期一 下午9:36,@dominospizza_tw,,,1,,,https://www.threads.com/@dominospizza_tw/post/DNf_ekxxUBN,可冰可熱 也可以到金石堂書店買本食譜繼續研究新披薩,2025年8月18日 星期一 下午10:33,,,1,,,
aurmonlin,https://www.threads.com/@aurmonlin/post/DNfuqWCPimf,"這是回覆已無法顯示的貼文
還會出現什麼東西呢？",2025年8月18日 星期一 下午8:07,,,3,1,,,https://www.threads.com/@dominospizza_tw/post/DNf_Y4ARKlZ,猜猜看,2025年8月18日 星期一 下午10:33,,,1,1,,
pxgo_official,https://www.threads.com/@pxgo_official/post/DNf_HmIpuhw,請問這款是冰的還是熱的？,2025年8月18日 星期一 下午10:30,@dominospizza_tw,,,1,,,https://www.threads.com/@dominospizza_tw/post/DNf_TATRinE,外熱內冰 冰火交融 是冰的也是熱的,2025年8月18日 星期一 下午10:32,,,1,,,
ya.jill.chi,https://www.threads.com/@ya.jill.chi/post/DNf7Ltsh8Xj,原來那個圓圓的是香蕉不是干貝喔！😆 這樣我可以,2025年8月18日 星期一 下午9:56,@dominospizza_tw,,1,1,,,https://www.threads.com/@dominospizza_tw/post/DNf7--1xd7Q,國產香蕉🍌 好吃😋,2025年8月18日 星期一 下午10:03,,,1,,,
tzutingliau,https://www.threads.com/@tzutingliau/post/DNf1jPBP95v,所以是披薩冰淇淋嗎🍦,2025年8月18日 星期一 下午9:07,@dominospizza_tw,,,1,,,https://www.threads.com/@dominospizza_tw/post/DNf64GmxUea,是冰山！是雪山🏔️ 也是火山🌋,2025年8月18日 星期一 下午9:53,,,2,,,
poshupstore.tw,https://www.threads.com/@poshupstore.tw/post/DNffkWSPJnu,這樣算不算猜對😍😍😍,2025年8月18日 星期一 下午5:55,@dominospizza_tw,"Photo by POSHÜP歐美育兒選品(台灣總代理 奇哥) on August 18, 2025.",6,1,,,https://www.threads.com/@dominospizza_tw/post/DNffzlBRzR2,算！,2025年8月18日 星期一 下午5:57,,,5,1,,
rivergroup_tw,https://www.threads.com/@rivergroup_tw/post/DNffAQQy5OA,達美樂讚的,2025年8月18日 星期一 下午5:50,@dominospizza_tw,,3,2,,,https://www.threads.com/@dominospizza_tw/post/DNffygTRcVW,💗💗💗,2025年8月18日 星期一 下午5:57,,,1,1,,
on.the.mood_quotes,https://www.threads.com/@on.the.mood_quotes/post/DNfe3oySR88,大家記得 達美樂首創！,2025年8月18日 星期一 下午5:49,@dominospizza_tw,,33,1,,,https://www.threads.com/@dominospizza_tw/post/DNffx-6x73O,愛你一萬年,2025年8月18日 星期一 下午5:56,,,14,,,
lucietu._,https://www.threads.com/@lucietu._/post/DNfX5OFPSmE,,2025年8月18日 星期一 下午4:48,@dai_yin_1004,"Photo by Lucietu on August 18, 2025.",2,2,,,https://www.threads.com/@dominospizza_tw/post/DNfdnPfRnBq,想吃的表情？,2025年8月18日 星期一 下午5:38,,,1,,,
gracelin0714,https://www.threads.com/@gracelin0714/post/DNfdA_gPQqX,😆😆😆😆😆超棒的👍👍👍👍,2025年8月18日 星期一 下午5:32,@dominospizza_tw,,1,1,,,https://www.threads.com/@dominospizza_tw/post/DNfdf19R5Pa,愛💕 台灣人的眼光是雪亮的,2025年8月18日 星期一 下午5:37,,,1,,,
kaokai7788,https://www.threads.com/@kaokai7788/post/DNfcs1tPjJh,那餅皮是熱的還是冷的?,2025年8月18日 星期一 下午5:30,@dominospizza_tw,,,1,,,https://www.threads.com/@dominospizza_tw/post/DNfdaFFxnzA,熱的！ 但冰淇淋是冰的 冰火六重天 好好吃！ 很奇妙 一定要吃吃看,2025年8月18日 星期一 下午5:36,,,3,,,
galileetours,https://www.threads.com/@galileetours/post/DNfdHcqyBUY,打電話的打嗎🤣,2025年8月18日 星期一 下午5:33,@dominospizza_tw,,,1,,,https://www.threads.com/@dominospizza_tw/post/DNfdU8mxGjS,嗯！應該是,2025年8月18日 星期一 下午5:35,,,1,,,
fusu30,https://www.threads.com/@fusu30/post/DNfGWeHJ_Q8,超強的,2025年8月18日 星期一 下午2:14,@dominospizza_tw,,1,1,,,https://www.threads.com/@dominospizza_tw/post/DNfcZEAxyxj,我們會努力！一直被模仿 但永不被超越,2025年8月18日 星期一 下午5:27,,,2,,,
oofood_ig,https://www.threads.com/@oofood_ig/post/DNfaj0cThZQ,巧克力如何,2025年8月18日 星期一 下午5:11,@dominospizza_tw,,,1,,,https://www.threads.com/@dominospizza_tw/post/DNfcUf0R_eB,可可火山 我們二月有推出過喔,2025年8月18日 星期一 下午5:26,,,1,,,
xinhaoopal1990,https://www.threads.com/@xinhaoopal1990/post/DNfRa1YJ-W5,肚子好餓,2025年8月18日 星期一 下午3:51,@dominospizza_tw,,1,1,,,https://www.threads.com/@dominospizza_tw/post/DNfcSSCxe6D,真的很好吃！相信我,2025年8月18日 星期一 下午5:26,,,1,,,
jetsr_2211,https://www.threads.com/@jetsr_2211/post/DNdeOMlzZUe,生魚片披薩,2025年8月17日 星期日 下午11:04,@dominospizza_tw,,,1,,,https://www.threads.com/@dominospizza_tw/post/DNdhE3vRI5b,啊,2025年8月17日 星期日 下午11:29,,,,1,,
178estar_ktv,https://www.threads.com/@178estar_ktv/post/DNdUdjMzKMh,青草茶口味,2025年8月17日 星期日 下午9:39,@dominospizza_tw,,1,1,,,https://www.threads.com/@dominospizza_tw/post/DNdX2ejRIZC,這太酷了 給我來一點,2025年8月17日 星期日 下午10:09,,,,,,
wangtungwei,https://www.threads.com/@wangtungwei/post/DNdPXyePoUh,其實找飲料店聯名，買披薩再送飲料兑換券，我們自行運用,2025年8月17日 星期日 下午8:55,@dominospizza_tw,,,1,,,https://www.threads.com/@dominospizza_tw/post/DNdU5uXxpCe,有那麼一點道理 翻譯,2025年8月17日 星期日 下午9:43,,,,,,
mings0611,https://www.threads.com/@mings0611/post/DNdTLldSrRB,仙草茶口味？,2025年8月17日 星期日 下午9:28,@dominospizza_tw,,,1,,,https://www.threads.com/@dominospizza_tw/post/DNdU3-3R2Ox,有點神奇,2025年8月17日 星期日 下午9:43,,,1,,,
tokushio,https://www.threads.com/@tokushio/post/DNdNStoS5gR,香草冰淇淋+蘋果丁,2025年8月17日 星期日 下午8:36,@dominospizza_tw,,2,1,,,https://www.threads.com/@dominospizza_tw/post/DNdOC34xXL5,冰淇淋水果蛋糕🍰？,2025年8月17日 星期日 下午8:43,,,2,1,,
kssogo.tw,https://www.threads.com/@kssogo.tw/post/DNdLUpGJ1Kw,等待 （置板凳👀,2025年8月17日 星期日 下午8:19,@dominospizza_tw,,3,1,,,https://www.threads.com/@dominospizza_tw/post/DNdMXzExi3L,好👌 我開冷氣一起等,2025年8月17日 星期日 下午8:28,,,2,,,
stella1040812,https://www.threads.com/@stella1040812/post/DNdLbBSvTCP,雞柳口味,2025年8月17日 星期日 下午8:20,@dominospizza_tw,,,1,,,https://www.threads.com/@dominospizza_tw/post/DNdMVzBRU0r,炸的嗎,2025年8月17日 星期日 下午8:28,,,,1,,
smarthearinggroup,https://www.threads.com/@smarthearinggroup/post/DNdL0DOJHKK,楊枝甘露,2025年8月17日 星期日 下午8:24,@dominospizza_tw,,1,1,,,https://www.threads.com/@dominospizza_tw/post/DNdMUbzxENy,感覺就很涼,2025年8月17日 星期日 下午8:28,,,,,,
on.the.mood_quotes,https://www.threads.com/@on.the.mood_quotes/post/DNcuKtsSV3f,歡樂的時光總是過的特別快,2025年8月17日 星期日 下午4:04,@danyaoshi_23,,1,2,,,https://www.threads.com/@dominospizza_tw/post/DNcunhUR9b4,吃披薩的時光也特別快 我一轉頭就沒了,2025年8月17日 星期日 下午4:08,,,2,2,,
ywchou,https://www.threads.com/@ywchou/post/DNckfeovXur,達美樂小小店員上工了,2025年8月17日 星期日 下午2:40,,"Photo by 周俞彣 on August 16, 2025. | Photo by 周俞彣 on August 16, 2025. | Photo by 周俞彣 on August 16, 2025. | Photo by 周俞彣 on August 16, 2025. | Photo by 周俞彣 on August 16, 2025. | Photo by 周俞彣 on August 16, 2025. | Photo by 周俞彣 on August 16, 2025. | Photo by 周俞彣 on August 16, 2025. | Photo by 周俞彣 on August 16, 2025. | Photo by 周俞彣 on August 16, 2025. | Photo by 周俞彣 on August 16, 2025.",8,1,,,https://www.threads.com/@dominospizza_tw/post/DNcuWzLxKuA,卡哇伊捏,2025年8月17日 星期日 下午4:06,,,6,,,
on.the.mood_quotes,https://www.threads.com/@on.the.mood_quotes/post/DNcail6yp_Z,能讓我流口水的，達美樂的披薩佔有一席之地,2025年8月17日 星期日 下午1:13,@dominospizza_tw,,1,1,,,https://www.threads.com/@dominospizza_tw/post/DNcuTH3xQPo,💗💗💗,2025年8月17日 星期日 下午4:06,,,1,1,,
serina0127,https://www.threads.com/@serina0127/post/DNZ9GAARhtZ,突然想來蓋一個「時代的眼淚」樓 🥹 那些曾經紅到爆，現在全消失的店… 我先來： 鯊魚咬吐司 🦈🍞 清玉黃金比例 🥤,2025年8月16日 星期六 下午2:17,,,10000,3047,226,645,https://www.threads.com/@dominospizza_tw/post/DNaPK4gx5WA,轟炸雞腿🥹,2025年8月16日 星期六 下午4:55,,,2,,,
sherry_jaiho,https://www.threads.com/@sherry_jaiho/post/DNaO_f7T9Pw,達編～還是很會💖✌️,2025年8月16日 星期六 下午4:54,@dominospizza_tw,,4,1,,,https://www.threads.com/@dominospizza_tw/post/DNaPEqXxV3X,愛你😉,2025年8月16日 星期六 下午4:54,,,1,,,
jcgoodtime,https://www.threads.com/@jcgoodtime/post/DNaO8YEhoTo,獵魔女團,2025年8月16日 星期六 下午4:53,@dominospizza_tw,,4,2,,,https://www.threads.com/@dominospizza_tw/post/DNaPCdcx1eL,這麼多人推！我心癢了,2025年8月16日 星期六 下午4:54,,,2,,,
maggie.chen.333,https://www.threads.com/@maggie.chen.333/post/DNaOE4Fzw1x,玻璃之心🥰,2025年8月16日 星期六 下午4:46,@dominospizza_tw,,2,1,,,https://www.threads.com/@dominospizza_tw/post/DNaO_rrRKdJ,這部戲適合配披薩🍕嗎,2025年8月16日 星期六 下午4:54,,,1,1,,
alice.shie0000,https://www.threads.com/@alice.shie0000/post/DNaOHiszoGq,我也來等好影集,2025年8月16日 星期六 下午4:46,@dominospizza_tw,,3,1,,,https://www.threads.com/@dominospizza_tw/post/DNaO9MUxcxa,我也是！,2025年8月16日 星期六 下午4:53,,,2,,,
hzx100728,https://www.threads.com/@hzx100728/post/DNaNsRhSUwe,法醫女王,2025年8月16日 星期六 下午4:42,@dominospizza_tw,,2,1,,,https://www.threads.com/@dominospizza_tw/post/DNaOFzexrWh,感覺很酷,2025年8月16日 星期六 下午4:46,,,1,1,,
akira_lee_0724.32,https://www.threads.com/@akira_lee_0724.32/post/DNaN_vePhTm,玻璃之心 K.pop獵魔女團,2025年8月16日 星期六 下午4:45,@dominospizza_tw,,4,1,,,https://www.threads.com/@dominospizza_tw/post/DNaOBd8x-gk,獵魔女團我想看,2025年8月16日 星期六 下午4:45,,,5,1,,
yanlin.li.712,https://www.threads.com/@yanlin.li.712/post/DNaNumUhcgm,被披薩耽誤的⋯⋯⋯小編🤣,2025年8月16日 星期六 下午4:43,@dominospizza_tw,,1,1,,,https://www.threads.com/@dominospizza_tw/post/DNaN_INxrzX,我那麼紅嗎？☺️☺️☺️,2025年8月16日 星期六 下午4:45,,,1,1,,
megapxmart,https://www.threads.com/@megapxmart/post/DNZtoFMqFXL,"BOSS：重要的事情要說三次
我：大全聯・大全聯・大全聯 1 / 2",2025年8月16日 星期六 下午12:02,,,539,94,1,,https://www.threads.com/@dominospizza_tw/post/DNaN61Qxkjj,大披薩+大披薩+大可樂 $598送到你家 ～,2025年8月16日 星期六 下午4:44,,,7,,,
skmlive,https://www.threads.com/@skmlive/post/DNZ7DxUvuOh,"脆友們看過來
以防你不知道我的名字還沒取好 老闆說下週一要給他一個交代
但，社畜從不抱怨環境？ 感謝脆友支援，來吧！最後決選 別忘了前三名真的重重有賞
#別問我小北門何時開 #別問我台中何時復業 #有些事跟小編的數學一樣 #不知道就是不知道
3,135票 · 票選活動已結束",2025年8月16日 星期六 下午1:59,,,274,100,3,35,https://www.threads.com/@dominospizza_tw/post/DNaNzlIxHQC,你當越光仙子，我當你的燕尾服蒙面俠 ～ 🍕,2025年8月16日 星期六 下午4:43,,,27,1,,
super.milk.tea,https://www.threads.com/@super.milk.tea/post/DNaGm33RSZS,全家是被零售商品耽誤的冰淇淋店 拿波里是被披薩耽誤的炸雞店 摩斯漢堡是被漢堡耽誤的紅茶店… - 姑姑在此宣布 @ribbon_2020 醴本是被烤肉耽誤的提拉米蘇專賣店😍 1 / 2,2025年8月16日 星期六 下午3:40,,,104,37,2,2,https://www.threads.com/@dominospizza_tw/post/DNaNM6axv0D,那我呢,2025年8月16日 星期六 下午4:38,,,3,2,,
_nxlla98,https://www.threads.com/@_nxlla98/post/DNX_MOgTOwv,"颱風剛走，以為家裡會照常煮晚餐， 結果朋友說市場菜價貴到嚇人， 嚇得一個轉身就把消息傳到家庭群組， 還沒等我多說什麼，我媽超帥氣回一句： 「不用煮了，今晚吃隔壁的達美樂就好！」 只能說這一刻達美樂直接升格成我大哥👍
她還專門買了聽起來就很狂的和牛套餐 一顆披薩價格還比三星蔥便宜 嚇爛 只能說和牛堡排火山真的超扯超好吃😭 我狂嗑一堆起司，認真可以買 (話說我最愛的地瓜球貼圖要過期了 哭死(┬┬﹏┬┬)誰可以懂我多難過…
大家平常都吃什麼度過Happy Friday呢~？",2025年8月15日 星期五 下午7:57,,"Photo by nxlla on August 15, 2025. | Photo by nxlla on August 15, 2025. | Photo by nxlla on August 15, 2025.",20,8,,,https://www.threads.com/@dominospizza_tw/post/DNYFhvLx4sR,真的很謝謝😊,2025年8月15日 星期五 下午8:52,,,1,,,
9527chevy,https://www.threads.com/@9527chevy/post/DNX8h7Mygmc,期待達美樂再推出與雅英聯合的新口味😋,2025年8月15日 星期五 下午7:34,@dominospizza_tw,,1,1,,,https://www.threads.com/@dominospizza_tw/post/DNYAt0WRr9H,😍😍😍,2025年8月15日 星期五 下午8:10,,,1,,,
alicehu10,https://www.threads.com/@alicehu10/post/DNX_2UFzvvD,一起16蹲嗎~~~,2025年8月15日 星期五 下午8:03,@dominospizza_tw,,,1,,,https://www.threads.com/@dominospizza_tw/post/DNYAsiqR_lE,吃16片披薩🍕 再16蹲 @ energy,2025年8月15日 星期五 下午8:10,,,2,,,
animus_night,https://www.threads.com/@animus_night/post/DNX4CVtx7Si,超好笑是要去山上找食材嗎,2025年8月15日 星期五 下午6:55,@dominospizza_tw,,,1,,,https://www.threads.com/@dominospizza_tw/post/DNX4TJ2RzV5,好像是,2025年8月15日 星期五 下午6:57,,"Photo by 達美樂披薩 on August 15, 2025.",,,,
animus_night,https://www.threads.com/@animus_night/post/DNXBc3rR3Jf,"不懂就問脆
到底有哪些小編也是被老闆荼毒強迫要經營脆的啊，超好笑",2025年8月15日 星期五 上午10:58,,,14,26,,,https://www.threads.com/@dominospizza_tw/post/DNX2yKXRRL4,我老闆是被我荼毒去爬山 去跳舞,2025年8月15日 星期五 下午6:44,,,9,5,,
chijanjewelry,https://www.threads.com/@chijanjewelry/post/DNX2GRLykUo,我想吃雅英（誤 披薩啦～～～～,2025年8月15日 星期五 下午6:38,@dominospizza_tw,,3,1,,,https://www.threads.com/@dominospizza_tw/post/DNX2r-FR8Z1,披薩你吃！ 雅英立牌給我,2025年8月15日 星期五 下午6:43,,,3,1,,
gracelin0714,https://www.threads.com/@gracelin0714/post/DNX14JKP_I9,💪💪💪,2025年8月15日 星期五 下午6:36,@dominospizza_tw,,1,1,,,https://www.threads.com/@dominospizza_tw/post/DNX19TzRv8n,謝謝打氣！ 也希望不要再看到婉君壞壞文章了 🥲🥲🥲,2025年8月15日 星期五 下午6:36,,,2,,,
hjh.laser,https://www.threads.com/@hjh.laser/post/DNX1fycSdEu,小編我都自取 要在門市等我嗎🤣,2025年8月15日 星期五 下午6:32,@dominospizza_tw,,1,1,,,https://www.threads.com/@dominospizza_tw/post/DNX1401Rbyp,你住哪附近～ 🥰,2025年8月15日 星期五 下午6:36,,,1,,,
poffertjes_yimugo,https://www.threads.com/@poffertjes_yimugo/post/DNX1pQ_v2o2,我選擇障礙，可以一片披薩一個口味嗎（逃,2025年8月15日 星期五 下午6:34,@dominospizza_tw,,,1,,,https://www.threads.com/@dominospizza_tw/post/DNX12tNRHQ-,我們有四喜口味喔！嘻嘻 一個披薩四種口味,2025年8月15日 星期五 下午6:35,,,1,1,,
gracelin0714,https://www.threads.com/@gracelin0714/post/DNX1SS-v3yE,小編💖您們提告那個『抄襲』事件，現在怎麼樣啊？😟😟順利嗎？有沒有贏啊？😟,2025年8月15日 星期五 下午6:30,@dominospizza_tw,,,1,,,https://www.threads.com/@dominospizza_tw/post/DNX1yJ0RgB9,交給法律專業.. 小編這兩天在脆上看到疑似婉君🍃配文章😢 相信台灣人的眼睛是雪亮的. . .,2025年8月15日 星期五 下午6:35,,,2,1,,
band_track,https://www.threads.com/@band_track/post/DNX1HFPxGDa,粗大披薩😻😻,2025年8月15日 星期五 下午6:29,@dominospizza_tw,,1,1,,,https://www.threads.com/@dominospizza_tw/post/DNX1WjrxHaL,好 粗巨無霸披薩🍕,2025年8月15日 星期五 下午6:31,,,1,,,
tkkfriedchicken.tw,https://www.threads.com/@tkkfriedchicken.tw/post/DNW0irpBGAy,要這樣放過你嗎 達達🤗,2025年8月15日 星期五 上午9:05,@dominospizza_tw,,3,1,,,https://www.threads.com/@dominospizza_tw/post/DNXDmfPRxqh,呱呱 你不要這樣喔,2025年8月15日 星期五 上午11:16,,,1,,,
guliuguliu,https://www.threads.com/@guliuguliu/post/DNW_tXxSVan,我要來突擊你,2025年8月15日 星期五 上午10:42,@dominospizza_tw,,,1,,,https://www.threads.com/@dominospizza_tw/post/DNXDjUYxDQm,互相傷害！我很晚睡 很早起床喔,2025年8月15日 星期五 上午11:16,,,,,,
tulab.official,https://www.threads.com/@tulab.official/post/DNXCVQ9pTOH,小編我現在吃不了pizza，請問還有適合入口的嗎（,2025年8月15日 星期五 上午11:05,@dominospizza_tw,,,1,,,https://www.threads.com/@dominospizza_tw/post/DNXDhR2Roxo,很像馬芬的披薩🍕,2025年8月15日 星期五 上午11:16,,,1,,,
rivergroup_tw,https://www.threads.com/@rivergroup_tw/post/DNWyOepvBlV,我要吃火山熔岩,2025年8月15日 星期五 上午8:45,@dominospizza_tw,,2,2,,,https://www.threads.com/@dominospizza_tw/post/DNWybcRTUyl,正的又香的 來達美樂,2025年8月15日 星期五 上午8:46,,,1,,,
tokushio,https://www.threads.com/@tokushio/post/DNWxa1SyILR,你說奇襲嗎？（摩拳擦掌,2025年8月15日 星期五 上午8:37,@dominospizza_tw,,,1,,,https://www.threads.com/@dominospizza_tw/post/DNWyXxrT45Y,壞壞🥹 翻譯,2025年8月15日 星期五 上午8:46,,,1,1,,
ni_hao_since1998,https://www.threads.com/@ni_hao_since1998/post/DNWw57szflm,ㄋㄧ好～來加入了~我吃一點🥢,2025年8月15日 星期五 上午8:33,@dominospizza_tw,,1,1,,,https://www.threads.com/@dominospizza_tw/post/DNWxCQHTDex,要發地址給你嗎,2025年8月15日 星期五 上午8:34,,,1,1,,
jordan.01___,https://www.threads.com/@jordan.01___/post/DNWw0W0ydG-,我搭船來了 我是海巡鼠,2025年8月15日 星期五 上午8:32,@dominospizza_tw,,1,1,,,https://www.threads.com/@dominospizza_tw/post/DNWxBCcTyww,海巡鼠 哈哈哈哈啊哈哈,2025年8月15日 星期五 上午8:34,,,1,,,
sanguoyster,https://www.threads.com/@sanguoyster/post/DNWwqxLhn4A,好哦！前達美樂員工路過,2025年8月15日 星期五 上午8:31,@dominospizza_tw,,2,1,,,https://www.threads.com/@dominospizza_tw/post/DNWwzOFT10c,今晚一起來聚餐😉,2025年8月15日 星期五 上午8:32,,,2,1,,
hotdope339,https://www.threads.com/@hotdope339/post/DNV5AmIvrrk,現在滑到你的時候 尤其是你又關門了 更傷心了,2025年8月15日 星期五 上午12:25,@dominospizza_tw,,1,1,,,https://www.threads.com/@dominospizza_tw/post/DNWtRkMTMwG,我要準備開門了,2025年8月15日 星期五 上午8:01,,,,,,
menchax2_taichung,https://www.threads.com/@menchax2_taichung/post/DNWFg6XSh0x,看到你發文的時候🥶,2025年8月15日 星期五 上午2:14,@dominospizza_tw,,1,1,,,https://www.threads.com/@dominospizza_tw/post/DNWtPqezHKO,我想吃麵茶配披薩🍕,2025年8月15日 星期五 上午8:01,,,,,,
96minutes.mit,https://www.threads.com/@96minutes.mit/post/DNWLpvDSlA_,搭96分鐘電影列車的時候🔥 好吃一直吃,2025年8月15日 星期五 上午3:07,@dominospizza_tw,,2,1,,,https://www.threads.com/@dominospizza_tw/post/DNWtN1SzLuH,無情置入 好… 給過,2025年8月15日 星期五 上午8:01,,,1,,,
wangyijung,https://www.threads.com/@wangyijung/post/DNWqxkbzu6w,去好市多的時候,2025年8月15日 星期五 上午7:39,@dominospizza_tw,,,1,,,https://www.threads.com/@dominospizza_tw/post/DNWtL5YztHH,🥲 你要我怎麼接話,2025年8月15日 星期五 上午8:00,,,,,,
jordan.01___,https://www.threads.com/@jordan.01___/post/DNVq4guSHEL,就要,2025年8月14日 星期四 下午10:21,@taipei_dome,,,1,,,https://www.threads.com/@dominospizza_tw/post/DNVww4MxHBv,吃達美樂,2025年8月14日 星期四 下午11:12,,,,,,
tkkfriedchicken.tw,https://www.threads.com/@tkkfriedchicken.tw/post/DNVVwM9Bz9h,深夜emo 的時候,2025年8月14日 星期四 下午7:16,@dominospizza_tw,,3,1,,,https://www.threads.com/@dominospizza_tw/post/DNVWIgcRKue,我喜歡湯姆貓傑利鼠😘,2025年8月14日 星期四 下午7:20,,,1,,,
skono225,https://www.threads.com/@skono225/post/DNVV6FkPAlR,小編下班的時候,2025年8月14日 星期四 下午7:18,@dominospizza_tw,,2,1,,,https://www.threads.com/@dominospizza_tw/post/DNVWEsKx5g6,我要下班囉,2025年8月14日 星期四 下午7:19,,,1,1,,
june0929161,https://www.threads.com/@june0929161/post/DNVVEleTbVk,達美樂關門休息的時候⋯,2025年8月14日 星期四 下午7:11,@dominospizza_tw,,3,1,,,https://www.threads.com/@dominospizza_tw/post/DNVVHcOR7wT,現在大門為您而開,2025年8月14日 星期四 下午7:11,,,,,,
pennyken,https://www.threads.com/@pennyken/post/DNVVBw_S5zT,沒關係，我上次已經有收到超有溫度的手寫卡片了,2025年8月14日 星期四 下午7:10,@dominospizza_tw,,,1,,,https://www.threads.com/@dominospizza_tw/post/DNVVEItRD2f,秀給我聞香,2025年8月14日 星期四 下午7:10,,,,,,
cpc03580704,https://www.threads.com/@cpc03580704/post/DNVUNDLzI8A,在捷運上聞到別人的晚餐是披薩的時候😠,2025年8月14日 星期四 下午7:03,@dominospizza_tw,,2,1,,,https://www.threads.com/@dominospizza_tw/post/DNVVB18RnyA,我要去捷運擺攤了喔,2025年8月14日 星期四 下午7:10,,,2,,,
cooking_fun.tw,https://www.threads.com/@cooking_fun.tw/post/DNVUz76Ssq5,聞到披薩味的時候,2025年8月14日 星期四 下午7:08,@dominospizza_tw,,3,1,,,https://www.threads.com/@dominospizza_tw/post/DNVU_d6xgYi,誰家的🥹,2025年8月14日 星期四 下午7:10,,,1,1,,
natgeo.media,https://www.threads.com/@natgeo.media/post/DNVU4dtpkhC,現在,2025年8月14日 星期四 下午7:09,@dominospizza_tw,,10,1,,,https://www.threads.com/@dominospizza_tw/post/DNVU81mx3k-,我現在想要看雜誌,2025年8月14日 星期四 下午7:09,,,4,,,
bookmanta,https://www.threads.com/@bookmanta/post/DNVUY_3RnXw,禮拜四,2025年8月14日 星期四 下午7:05,@dominospizza_tw,,1,1,,,https://www.threads.com/@dominospizza_tw/post/DNVU6K8RIgX,為什麼？,2025年8月14日 星期四 下午7:09,,,1,1,,
pennyken,https://www.threads.com/@pennyken/post/DNVUSUnymBD,達美樂鐵門打開的時候,2025年8月14日 星期四 下午7:04,@dominospizza_tw,,1,1,,,https://www.threads.com/@dominospizza_tw/post/DNVU46UxFnw,我很想要給你小禮物 怎麼辦,2025年8月14日 星期四 下午7:09,,,,1,,
living_after_35,https://www.threads.com/@living_after_35/post/DNU-KzcAo-Y,大家下午茶都吃什麼？ 可以分我一點嗎？,2025年8月14日 星期四 下午3:50,,"Photo by 35後 on August 14, 2025.",53,181,2,1,https://www.threads.com/@dominospizza_tw/post/DNVQtOtRBB_,我吃了好多披薩🍕,2025年8月14日 星期四 下午6:32,,"Photo by 達美樂披薩 on August 14, 2025.",3,1,,
praywing,https://www.threads.com/@praywing/post/DNQzU4QvITl,怎麼不直接這邊也一起公告？還要跑去FB找...脆的流量早已超越FB了,2025年8月13日 星期三 上午12:59,@dominospizza_tw,,,1,,,https://www.threads.com/@dominospizza_tw/post/DNRXD_kTGMv,,2025年8月13日 星期三 上午6:11,,"Photo by 達美樂披薩 on August 12, 2025.",1,1,,
popochacha.foods,https://www.threads.com/@popochacha.foods/post/DNQbmHHyNL5,我每天回家都會遇到😍,2025年8月12日 星期二 下午9:31,@dominospizza_tw,"Photo by POPOCHACHA.FOODS on August 12, 2025.",1,1,,,https://www.threads.com/@dominospizza_tw/post/DNQkesURBwB,🥰,2025年8月12日 星期二 下午10:49,,,,,,
akakai82,https://www.threads.com/@akakai82/post/DNQb0SHBxpj,18888有送後面那個嗎?,2025年8月12日 星期二 下午9:33,@dominospizza_tw,,,1,,,https://www.threads.com/@dominospizza_tw/post/DNQkdgaRwwB,我想一下下 明天跟你說,2025年8月12日 星期二 下午10:49,,,1,,,
6owldoor,https://www.threads.com/@6owldoor/post/DNPR4R7vXCJ,"脆友幫幫忙
小編還沒有名字，現在開放全場發揮 . . . . 不要給我說什麼五扇門喔😀 1 / 2",2025年8月12日 星期二 上午10:47,,,50000,3944,1064,7210,https://www.threads.com/@dominospizza_tw/post/DNQjjPyxUC1,"六片門 X 達美樂 聯名
因為聯名披薩🍕 沒有七片。",2025年8月12日 星期二 下午10:41,,,553,4,,8
bajd_beadandjade,https://www.threads.com/@bajd_beadandjade/post/DNP7PjVpCOb,今天再來蓋樓 歡迎大大小小的帳號小編來介紹自己,2025年8月12日 星期二 下午4:49,,,33,44,,,https://www.threads.com/@dominospizza_tw/post/DNQcDiPRu0V,你好👋 我喜歡吃披薩🍕和擲骰子🎲 也很愛台灣,2025年8月12日 星期二 下午9:35,,,1,,,
laolaosuancaiyu,https://www.threads.com/@laolaosuancaiyu/post/DNPiGhiR3lv,我放棄了最近流量好差 你隨便講我隨便回 隨便啦,2025年8月12日 星期二 下午1:09,,,285,362,1,,https://www.threads.com/@dominospizza_tw/post/DNQaRKCxMVX,吃披薩嗎🍕 拍拍,2025年8月12日 星期二 下午9:20,,,4,2,,
on.the.mood_quotes,https://www.threads.com/@on.the.mood_quotes/post/DNQYXCxy3Zj,隊長妹妹 我支持妳！！,2025年8月12日 星期二 下午9:03,@dominospizza_tw,,,1,,,https://www.threads.com/@dominospizza_tw/post/DNQaO45RICd,哥哥 謝謝你,2025年8月12日 星期二 下午9:19,,,1,1,,
mouth_brunch,https://www.threads.com/@mouth_brunch/post/DNPxiLNzBjJ,"海巡
有沒有人跟我一樣 🙋 校長兼撞鐘，老闆兼小編的 歡迎來介紹自己的品牌😄",2025年8月12日 星期二 下午3:24,,,298,347,,11,https://www.threads.com/@dominospizza_tw/post/DNQYCtaRNF7,老闆登山做社群可以+1嗎,2025年8月12日 星期二 下午9:00,,"Photo by 達美樂披薩 on August 12, 2025.",11,3,,
goodgoods_mkt,https://www.threads.com/@goodgoods_mkt/post/DNNn6w7yoBK,沒看球賽 但已點餐回家配影集,2025年8月11日 星期一 下午7:21,@dominospizza_tw,"Photo by 女子_白勺 on August 11, 2025.",1,1,,,https://www.threads.com/@dominospizza_tw/post/DNNn_3HxCaK,我正在去金石堂的路上 ～,2025年8月11日 星期一 下午7:22,,,1,,,
moyunsince2024,https://www.threads.com/@moyunsince2024/post/DNNneR4BmGY,加油加油 打起來~~~,2025年8月11日 星期一 下午7:17,@dominospizza_tw,,1,1,,,https://www.threads.com/@dominospizza_tw/post/DNNn8-Rx5MH,要挑戰舞？,2025年8月11日 星期一 下午7:22,,,1,1,,
ebenorganic.tw,https://www.threads.com/@ebenorganic.tw/post/DNNnsNaTYHu,我今晚也來吃pizza 配康普茶🥂,2025年8月11日 星期一 下午7:19,@dominospizza_tw,,2,1,,,https://www.threads.com/@dominospizza_tw/post/DNNn4A4xAtd,不錯不錯！吃火山上火需要一點普洱茶～,2025年8月11日 星期一 下午7:21,,,1,,,
kkdaytw,https://www.threads.com/@kkdaytw/post/DNNiNsZxvcd,"海巡王
最近很紅各大小編海巡王爭霸戰！ 前十名簽到的小編該加薪😍",2025年8月11日 星期一 下午6:31,,,171,175,1,9,https://www.threads.com/@dominospizza_tw/post/DNNm_hVxQeD,你們每次都趁我做披薩的時候偷跑…😭,2025年8月11日 星期一 下午7:13,,,16,2,,
hola.taiwan,https://www.threads.com/@hola.taiwan/post/DNMwo1RSORs,To 所有小編 我們可不可以說好禮拜天不海巡！！！,2025年8月11日 星期一 上午11:18,,,1293,332,14,47,https://www.threads.com/@dominospizza_tw/post/DNNbuXER9SX,好👌 要舉辦小編週日野餐日？ 不能用手機,2025年8月11日 星期一 下午5:35,,,153,5,,1
goodgoods_mkt,https://www.threads.com/@goodgoods_mkt/post/DNMg7BVSM9Q,達美樂是被鎖了 金編投達美樂一票,2025年8月11日 星期一 上午9:01,@on.the.mood_quotes,,2,2,,,https://www.threads.com/@dominospizza_tw/post/DNNZ3F5RjGt,我等等下班就去金石堂坐著看書+海巡,2025年8月11日 星期一 下午5:18,,,1,1,,
living_after_35,https://www.threads.com/@living_after_35/post/DNNX2DRxIXY,沒差吧～他海巡很忙不會來啦,2025年8月11日 星期一 下午5:01,@missclany,,,1,,,https://www.threads.com/@dominospizza_tw/post/DNNZxraxxYW,這我老闆聽到你們聊天的表情…,2025年8月11日 星期一 下午5:18,,"Photo by 達美樂披薩 on August 11, 2025.",2,2,,
sunnychiang9487,https://www.threads.com/@sunnychiang9487/post/DNNG73pvh00,請問活動方法？真的好想要🥹🥹🥹,2025年8月11日 星期一 下午2:33,@dominospizza_tw,,1,2,,,https://www.threads.com/@dominospizza_tw/post/DNNZk8eRdMB,把握機會喔喔喔 達美樂官方FB 抽獎🎟️,2025年8月11日 星期一 下午5:16,,"Photo by 達美樂披薩 on August 11, 2025.",1,,,
flowness_official,https://www.threads.com/@flowness_official/post/DNKbeNsv0Ff,請幫助小編粉絲衝破400🙏🏻 By每天認真海巡的小編 1 / 2,2025年8月10日 星期日 下午1:35,,,21,13,,,https://www.threads.com/@dominospizza_tw/post/DNLDOphRX25,我幫你加油 你以後點達美樂 好嗎🥰,2025年8月10日 星期日 下午7:22,,,7,1,,
sayyes021,https://www.threads.com/@sayyes021/post/DNLCwIKvFbt,"我發現
劍湖山跟九族文化村真的是海巡王 👏👏👏
不管有沒有點名，必出現😂 1 / 2",2025年8月10日 星期日 下午7:18,,,63,23,,,https://www.threads.com/@dominospizza_tw/post/DNLC7k_x-PY,嗯😐,2025年8月10日 星期日 下午7:20,,,2,,,
saintpaul_tw,https://www.threads.com/@saintpaul_tw/post/DNH9OBRxc9J,雖然沒有點到我🥹 但我還是決定吃你們的和牛堡排澎派套餐🔥 不如⋯改天來個Q餅披薩？,2025年8月9日 星期六 下午2:32,@dominospizza_tw,,1,1,,,https://www.threads.com/@dominospizza_tw/post/DNK5687RNDg,聯名找我，不跟別的披薩店喔☺️😘🥰,2025年8月10日 星期日 下午6:01,,,1,,,
dailyview.tw,https://www.threads.com/@dailyview.tw/post/DNI71xrvrSA,不許你忘記我🌡️,2025年8月9日 星期六 下午11:39,@dominospizza_tw,,6,1,,,https://www.threads.com/@dominospizza_tw/post/DNK5ynMxlji,因為，我不許你離開我心裡。,2025年8月10日 星期日 下午6:00,,,1,1,,
hangten_taiwan,https://www.threads.com/@hangten_taiwan/post/DNKyNjfyfxc,妮妮熊pizza自己做有及格嗎？,2025年8月10日 星期日 下午4:53,@dominospizza_tw,"Photo by HANG TEN 台灣 on August 10, 2025.",12,1,,1,https://www.threads.com/@dominospizza_tw/post/DNK1OsZRh1c,卡哇伊～ 可愛手手！,2025年8月10日 星期日 下午5:20,,,2,,,
bbbbbbbb_ya,https://www.threads.com/@bbbbbbbb_ya/post/DNKyY-bvFGV,這個串文是我贏了😌,2025年8月10日 星期日 下午4:55,@dominospizza_tw,,1,1,,,https://www.threads.com/@dominospizza_tw/post/DNK1K0KR7sx,目前暫居第一☝️,2025年8月10日 星期日 下午5:19,,,,,,
little_things_studios,https://www.threads.com/@little_things_studios/post/DNKlM53gSYo,"idol
放一張你偶像的照片📸📸",2025年8月10日 星期日 下午3:00,,,221,394,1,3,https://www.threads.com/@dominospizza_tw/post/DNKtrTHxe-p,我老闆CEO,2025年8月10日 星期日 下午4:14,,"Photo by 達美樂披薩 on August 10, 2025.",29,,,
girlstalk.tw,https://www.threads.com/@girlstalk.tw/post/DNKsrjtSo3e,"國際懶惰日
誰今天也認真過節的？✋✋✋",2025年8月10日 星期日 下午4:05,,,109,21,,17,https://www.threads.com/@dominospizza_tw/post/DNKtgscREa-,我很勤勞地在製作披薩訂單,2025年8月10日 星期日 下午4:12,,,4,1,,
living_after_35,https://www.threads.com/@living_after_35/post/DNKr-bDAJ_0,我家在山上叫不到披薩 哭暈,2025年8月10日 星期日 下午3:59,@dominospizza_tw,,,1,,,https://www.threads.com/@dominospizza_tw/post/DNKtRZtxXcv,有送,2025年8月10日 星期日 下午4:10,,"Photo by 達美樂披薩 on August 10, 2025.",1,,,
taoyuan_pilots_official,https://www.threads.com/@taoyuan_pilots_official/post/DNKQv2epfWO,"海巡
海巡的小編們，有想過你的產業可以怎麼跟籃球結合嗎😎",2025年8月10日 星期日 下午12:01,,,101,15,,2,https://www.threads.com/@dominospizza_tw/post/DNKmSXYRiON,邊吃披薩邊看領航猿得冠軍,2025年8月10日 星期日 下午3:09,,,2,,,
yanlin.li.712,https://www.threads.com/@yanlin.li.712/post/DNKbspuhII-,別逼我！！！等等丟出必勝客的🤣,2025年8月10日 星期日 下午1:37,@dominospizza_tw,,,1,,,https://www.threads.com/@dominospizza_tw/post/DNKcKoJxwCR,我求求你不要這樣,2025年8月10日 星期日 下午1:41,,"Photo by 達美樂披薩 on August 09, 2025.",2,1,,
storyk126,https://www.threads.com/@storyk126/post/DNKah6kSOrV,,2025年8月10日 星期日 下午1:27,@dominospizza_tw,"Photo by 夜肥 on August 09, 2025.",8,2,,,https://www.threads.com/@dominospizza_tw/post/DNKbroxxub9,,2025年8月10日 星期日 下午1:37,,"Photo by 達美樂披薩 on August 09, 2025.",1,,,
xcute.kaohsiung,https://www.threads.com/@xcute.kaohsiung/post/DNHGLAYz2-2,都沒在睡覺的小編算海巡王嗎,2025年8月9日 星期六 上午6:31,@wings23_ty,,1,1,,,https://www.threads.com/@dominospizza_tw/post/DNKXqOiRd3i,誰呢,2025年8月10日 星期日 下午1:01,,,,,,
kanpai_tw,https://www.threads.com/@kanpai_tw/post/DNHq-oNTOF_,@dominospizza_tw 今天中午吃肉還是吃披薩,2025年8月9日 星期六 上午11:53,@dominospizza_tw,,1,1,,,https://www.threads.com/@dominospizza_tw/post/DNKXqQAxM6D,在乾杯吃披薩,2025年8月10日 星期日 下午1:01,,,,,,
teafect.1_n1,https://www.threads.com/@teafect.1_n1/post/DNHWLBRSZ1d,可惡，我的飲料完全沒有這些元素，但是我不管，我就是要大家一起來喝好茶,2025年8月9日 星期六 上午8:51,@dominospizza_tw,"Photo by 台茶1号-大直、大同店 on August 08, 2025.",4,1,,,https://www.threads.com/@dominospizza_tw/post/DNKXqOlRSKB,沒關係😑 我喜歡,2025年8月10日 星期日 下午1:01,,,1,,,
taoyuan_pilots_official,https://www.threads.com/@taoyuan_pilots_official/post/DNIWLIop2xL,"orange
需要一點靈感💭，脆友們可以分享你手機跟生活中有橘色元素的照片嗎？",2025年8月9日 星期六 下午6:10,,,89,27,,,https://www.threads.com/@dominospizza_tw/post/DNIYOP6xSIU,,2025年8月9日 星期六 下午6:28,,"Photo by 達美樂披薩 on August 09, 2025.",10,1,,
smarthearinggroup,https://www.threads.com/@smarthearinggroup/post/DNILvj6x_w6,嗚嗚嗚嗚嗚嗚不要阻攔我回應召喚 誰都不能阻止小編成為海巡王,2025年8月9日 星期六 下午4:39,,"Photo by 睿聲助聽器 on August 09, 2025.",20,14,,3,https://www.threads.com/@dominospizza_tw/post/DNIX9hDRCOF,,2025年8月9日 星期六 下午6:26,,"Photo by 達美樂披薩 on August 09, 2025.",5,1,,
taoyuan_pilots_official,https://www.threads.com/@taoyuan_pilots_official/post/DNIVkUjJrUI,我老闆會一邊吃披薩馬芬，一邊使出亢龍不悔旋風式灌籃（可以加薪和請我吃披薩了嗎？）,2025年8月9日 星期六 下午6:05,@dominospizza_tw,,8,1,,,https://www.threads.com/@dominospizza_tw/post/DNIXez4RCKo,,2025年8月9日 星期六 下午6:21,,"Photo by 達美樂披薩 on August 09, 2025.",4,,,
charmybiu,https://www.threads.com/@charmybiu/post/DNIR1AKJJ8d,"除了大家都認識的神仙小編蚵仔煎洋芋片多話到被禁言 看到有一些朋朋也說海巡到禁言
我好想知道要多高強度海巡才會被禁言喔 我以為我平常海巡的頻率算高了 1 / 2",2025年8月9日 星期六 下午5:32,,,159,19,3,,https://www.threads.com/@dominospizza_tw/post/DNIUDrfRMhb,,2025年8月9日 星期六 下午5:52,,"Photo by 達美樂披薩 on August 09, 2025.",8,1,1,
shawmax2025,https://www.threads.com/@shawmax2025/post/DNITbXvhKbA,海巡到被鎖留言了,2025年8月9日 星期六 下午5:46,@dominospizza_tw,,,1,,,https://www.threads.com/@dominospizza_tw/post/DNIT7U1xbQj,,2025年8月9日 星期六 下午5:50,,"Photo by 達美樂披薩 on August 09, 2025.",2,,,
hy_talktoomuch,https://www.threads.com/@hy_talktoomuch/post/DNITtaKxsW8,蚵仔煎洋芋片,2025年8月9日 星期六 下午5:48,@dominospizza_tw,"Photo by 嘴碎的小編 on August 09, 2025.",6,2,1,,https://www.threads.com/@dominospizza_tw/post/DNIT31iRCLe,,2025年8月9日 星期六 下午5:50,,"Photo by 達美樂披薩 on August 09, 2025.",1,,,
flowness_official,https://www.threads.com/@flowness_official/post/DNHVMphTpOQ,不管怎樣，海（還）是要船（穿）上FLOWNESS 的專業機能衣，魚（於）是帥氣自信的迷島（倒）大家。,2025年8月9日 星期六 上午8:42,@dominospizza_tw,"Photo by Flowness on August 08, 2025. | Photo by Flowness on August 08, 2025. | Photo by Flowness on August 08, 2025.",5,1,,,https://www.threads.com/@dominospizza_tw/post/DNHVncUTZCW,帥慘了,2025年8月9日 星期六 上午8:46,,,1,,,
goodgoods_mkt,https://www.threads.com/@goodgoods_mkt/post/DNHVaq9ys9Y,線上集資😄,2025年8月9日 星期六 上午8:44,@dominospizza_tw,,1,1,,,https://www.threads.com/@dominospizza_tw/post/DNHVlxcTsTz,好 我先出一元加一片披薩🍕,2025年8月9日 星期六 上午8:46,,,1,1,,
hso199712,https://www.threads.com/@hso199712/post/DNGMjVjR8vM,完了，得罪一掛小編了,2025年8月8日 星期五 下午10:07,@dominospizza_tw,,2,1,,,https://www.threads.com/@dominospizza_tw/post/DNHVir1TTMG,我在反省,2025年8月9日 星期六 上午8:45,,,1,,,
supersupau_tw,https://www.threads.com/@supersupau_tw/post/DNGheAgTKnF,💙🩵💚💙🩵💚,2025年8月9日 星期六 上午1:10,@dominospizza_tw,,4,1,,,https://www.threads.com/@dominospizza_tw/post/DNHVhtGzMNb,慢跑🏃‍♂️吃披薩配？,2025年8月9日 星期六 上午8:45,,,1,,,
moochatea.tw,https://www.threads.com/@moochatea.tw/post/DNGzZOFTsMG,"來吃披薩🍕
要想我喔，無糖原茶絕配",2025年8月9日 星期六 上午3:47,@dominospizza_tw,,5,1,,,https://www.threads.com/@dominospizza_tw/post/DNHVfCgTOV0,無情置入啊啊啊,2025年8月9日 星期六 上午8:45,,,2,,,
nubra.com.tw,https://www.threads.com/@nubra.com.tw/post/DNHVODKT0Jn,絕對不可忘記我喔！雖然我還黏在上面,2025年8月9日 星期六 上午8:42,@dominospizza_tw,,5,1,,,https://www.threads.com/@dominospizza_tw/post/DNHVcQQTQA5,發文附圖是禮貌喔,2025年8月9日 星期六 上午8:44,,,9,1,,
xiandaren16888,https://www.threads.com/@xiandaren16888/post/DNHThKhyguX,鮮說一下！海運榴槤今天到貨！,2025年8月9日 星期六 上午8:28,@dominospizza_tw,,4,2,,,https://www.threads.com/@dominospizza_tw/post/DNHVLqOTB5a,暗示聯名？,2025年8月9日 星期六 上午8:42,,,3,2,,
momohomestyle,https://www.threads.com/@momohomestyle/post/DNHVB6VyWz6,海是要逛mo~,2025年8月9日 星期六 上午8:41,@dominospizza_tw,,1,1,,,https://www.threads.com/@dominospizza_tw/post/DNHVG88Td4g,嗨👋 給我免運券,2025年8月9日 星期六 上午8:41,,,,,,
janfusunfancyworld,https://www.threads.com/@janfusunfancyworld/post/DNHU7buy5P7,要海巡當然來我大劍湖山的維京巨浪巡啊😎,2025年8月9日 星期六 上午8:40,@dominospizza_tw,"Photo by 劍湖山世界 on August 08, 2025.",27,1,,1,https://www.threads.com/@dominospizza_tw/post/DNHVEdGTrzj,可以帶披薩去玩嗎,2025年8月9日 星期六 上午8:41,,,7,1,,
sherry_jaiho,https://www.threads.com/@sherry_jaiho/post/DNHUkaxzmog,達編，也很強～超會🫰💖 昨天我看到，有7場😂😂,2025年8月9日 星期六 上午8:37,@hi_yomalife,,3,1,,,https://www.threads.com/@dominospizza_tw/post/DNHVBrBTm7a,只有七場嗎？ 難過,2025年8月9日 星期六 上午8:41,,,1,1,,
sherry_jaiho,https://www.threads.com/@sherry_jaiho/post/DNHUHkyTify,達編～早安🤣 您是要跟🦪編PK嗎～ 感覺都沒有睡😂 傷肝啦⋯⋯ 又辦海巡😆😆😆😆😆😆,2025年8月9日 星期六 上午8:33,@dominospizza_tw,,2,1,,,https://www.threads.com/@dominospizza_tw/post/DNHU-tnz_XM,我要去補眠了,2025年8月9日 星期六 上午8:40,,,2,1,,
yalei0806,https://www.threads.com/@yalei0806/post/DNHPKd5yVyD,這位達美樂小編好E哦,2025年8月9日 星期六 上午7:50,@dominospizza_tw,,1,1,,,https://www.threads.com/@dominospizza_tw/post/DNHSmGBzOWr,我其實很哀,2025年8月9日 星期六 上午8:19,,,1,,,
12jian_eat,https://www.threads.com/@12jian_eat/post/DNG-irJTsNX,那你愛臭豆腐嗎👋🏻👋🏻👋🏻,2025年8月9日 星期六 上午5:24,@dominospizza_tw,,2,1,,,https://www.threads.com/@dominospizza_tw/post/DNHSjBTTt3E,愛,2025年8月9日 星期六 上午8:19,,,1,,,
aliolijourney,https://www.threads.com/@aliolijourney/post/DNGhLr3zyj_,啊，看來上次是因為他們沒打「也」,2025年8月9日 星期六 上午1:08,@dominospizza_tw,"Photo by Ali Shih on August 08, 2025.",2,1,,,https://www.threads.com/@dominospizza_tw/post/DNHSiTUTVVo,我要氣哭了喔,2025年8月9日 星期六 上午8:19,,,1,,,
lin_lulucat,https://www.threads.com/@lin_lulucat/post/DNGg-LYTuHH,福容❤️❤️❤️,2025年8月9日 星期六 上午1:06,@fullonhotelkaohsiung,,1,2,,,https://www.threads.com/@dominospizza_tw/post/DNHSglIzFkj,對不起 但我們上個月去你們家開會,2025年8月9日 星期六 上午8:19,,,,,,
bellori_250705,https://www.threads.com/@bellori_250705/post/DNGxEU2Tbcl,地板還有位置嗎～,2025年8月9日 星期六 上午3:27,@dominospizza_tw,,2,1,,,https://www.threads.com/@dominospizza_tw/post/DNHSepxzU2G,主臥室還有位置,2025年8月9日 星期六 上午8:18,,,1,1,,
ibuzz_research,https://www.threads.com/@ibuzz_research/post/DNGfFHOJI_V,為什麼不召喚我⋯☹️🥺,2025年8月9日 星期六 上午12:49,@dominospizza_tw,,3,1,,,https://www.threads.com/@dominospizza_tw/post/DNHSdV9zQby,因為你沒有頒獎給我 我很難過,2025年8月9日 星期六 上午8:18,,,2,1,,
mm.store719,https://www.threads.com/@mm.store719/post/DNGrLnDy3F8,有宵夜嗎 巴豆康康,2025年8月9日 星期六 上午2:35,@dominospizza_tw,,,1,,,https://www.threads.com/@dominospizza_tw/post/DNHSbWLTXLb,有啊 外送到哪,2025年8月9日 星期六 上午8:18,,,,,,
pubg_mobile_tw,https://www.threads.com/@pubg_mobile_tw/post/DNGyNVAzdop,海島能外送披薩嗎？我們很缺 跳傘跳多了很餓,2025年8月9日 星期六 上午3:36,@dominospizza_tw,,18,1,,,https://www.threads.com/@dominospizza_tw/post/DNHSaFmTvfn,可以 澎湖有達美樂,2025年8月9日 星期六 上午8:18,,,4,,,
forest3_select,https://www.threads.com/@forest3_select/post/DNHN9IeyK_V,我夾一塊,2025年8月9日 星期六 上午7:39,@dominospizza_tw,,,1,,,https://www.threads.com/@dominospizza_tw/post/DNHSYp_zp3Y,給你七片,2025年8月9日 星期六 上午8:18,,,1,,,
yalei0806,https://www.threads.com/@yalei0806/post/DNHPR1vytiW,沒有召喚必勝客，繼續戰火山🥹,2025年8月9日 星期六 上午7:51,@dominospizza_tw,,,1,,,https://www.threads.com/@dominospizza_tw/post/DNHSXt7TvV9,我們ㄧ向先來的,2025年8月9日 星期六 上午8:18,,,,,,
ddaily_celery,https://www.threads.com/@ddaily_celery/post/DNHI6FfS26H,早安，有這麼早在海巡的嗎？,2025年8月9日 星期六 上午6:55,,,60,96,,,https://www.threads.com/@dominospizza_tw/post/DNHLpcuT-Lw,我五點半 最早嗎,2025年8月9日 星期六 上午7:19,,,11,2,,
tw_basewatch,https://www.threads.com/@tw_basewatch/post/DNGb2bqS7eK,"海巡日🤟🏻可以釣出各位小編嗎💙
海巡到請自行簽到🫰🏻",2025年8月9日 星期六 上午12:21,,,111,33,,,https://www.threads.com/@dominospizza_tw/post/DNGckovJy8-,達美樂 打了沒,2025年8月9日 星期六 上午12:27,,,3,1,,
sarahya79,https://www.threads.com/@sarahya79/post/DNGU1hNzBxW,一起揪團召喚出來的店家都吃一遍🤣🤣🤣,2025年8月8日 星期五 下午11:20,@dominospizza_tw,,1,1,,,https://www.threads.com/@dominospizza_tw/post/DNGcfkwJAgl,很可以！出一個聯合優惠券,2025年8月9日 星期六 上午12:27,,,,,,
liketeashop,https://www.threads.com/@liketeashop/post/DNGb_BOvbT7,這是熔岩起司嗎,2025年8月9日 星期六 上午12:22,@dominospizza_tw,,1,1,,,https://www.threads.com/@dominospizza_tw/post/DNGcV9BJe1q,🧀🌋🍕✅,2025年8月9日 星期六 上午12:25,,,1,,,
liketeashop,https://www.threads.com/@liketeashop/post/DNGaUWCvy_r,幫這時間還在海巡的小編開個取暖區 1 / 2,2025年8月9日 星期六 上午12:08,,"Photo by 老賴茶棧 on August 08, 2025.",107,77,,,https://www.threads.com/@dominospizza_tw/post/DNGahTjpaIh,🌋,2025年8月9日 星期六 上午12:10,,,4,1,,
cc_93731,https://www.threads.com/@cc_93731/post/DNGaPebPNE5,嗨！達妹，喝口水嗎？,2025年8月9日 星期六 上午12:07,@dominospizza_tw,,1,1,,,https://www.threads.com/@dominospizza_tw/post/DNGaVpFJS7J,要 一大杯,2025年8月9日 星期六 上午12:08,,,1,1,,
ah__zhuang,https://www.threads.com/@ah__zhuang/post/DNGaDQaSUtw,"來看看我做個實驗
-----------------------------------------------
同時召喚所有 正在滑脆的小編！ 不限人數！看看能找到多少！
----------------------------------------------- 看看誰才是海巡王！ 歡迎各位小編喔~~~",2025年8月9日 星期六 上午12:05,,,59,43,,2,https://www.threads.com/@dominospizza_tw/post/DNGaOmtpmvT,達美樂,2025年8月9日 星期六 上午12:07,,,3,1,,
popochacha.foods,https://www.threads.com/@popochacha.foods/post/DNGaBTEyOKA,"海巡中
還在海巡的…. 眼睛應該都需要休息一下吧🥹",2025年8月9日 星期六 上午12:05,,"Photo by POPOCHACHA.FOODS on August 08, 2025.",27,13,,,https://www.threads.com/@dominospizza_tw/post/DNGaLPqpw9n,給我,2025年8月9日 星期六 上午12:06,,,,,,
11ccfilms,https://www.threads.com/@11ccfilms/post/DNGaBElyhnA,簽 最喜歡不請自來(*ﾟ∀ﾟ*),2025年8月9日 星期六 上午12:05,@dominospizza_tw,,3,1,,,https://www.threads.com/@dominospizza_tw/post/DNGaJRmp2NL,門市開的 隨意,2025年8月9日 星期六 上午12:06,,,1,,,
humblehousehotels,https://www.threads.com/@humblehousehotels/post/DNGYfOGvfHG,等你😉😉記得帶那個會噴發的🌋酷東西來相認喔～,2025年8月8日 星期五 下午11:52,@dominospizza_tw,,2,1,,,https://www.threads.com/@dominospizza_tw/post/DNGY45CJDpx,好 上面寫著艾麗愛你 的🌋披薩就是我,2025年8月8日 星期五 下午11:55,,,3,1,,
sweetchuchutaichung,https://www.threads.com/@sweetchuchutaichung/post/DNGXYc2ynXq,各位海巡王小編，今晚辛苦了早點休息， 週末好好看鬼滅之刃 好好陪貓咪、好好過父親節~ @chungyo_tw @familymart_tw @facv_nine @7eleventw @sogohsinchu @carrefourtaiwan @cartonking.tw @dominospizza_tw @hong_ya88 @layaburger @pxmart @pxmart_freebear @hy_talktoomuch @hypotato_chips @tkkfriedchicken.tw @megapxmart,2025年8月8日 星期五 下午11:42,,"Photo by 裕翔地瓜球-1顆1元地瓜球-全台中第一家 on August 08, 2025.",18,39,,,https://www.threads.com/@dominospizza_tw/post/DNGYhOyJo-I,晚安 明天吃披薩,2025年8月8日 星期五 下午11:52,,,3,1,,
gst_news_,https://www.threads.com/@gst_news_/post/DNGYSv_SSLD,"小編海巡中
父親節怎麼變成小編海巡日 小編報到區👇",2025年8月8日 星期五 下午11:50,,,42,56,,,https://www.threads.com/@dominospizza_tw/post/DNGYVbMJGuk,達美樂,2025年8月8日 星期五 下午11:50,,,2,2,,
jcgoodtime,https://www.threads.com/@jcgoodtime/post/DNGPSIYh6vW,火山pizza是你們的，加油！,2025年8月8日 星期五 下午10:31,@dominospizza_tw,,2,1,,,https://www.threads.com/@dominospizza_tw/post/DNGYPhsJAGS,我同意✅,2025年8月8日 星期五 下午11:50,,,,,,
heromis2.0,https://www.threads.com/@heromis2.0/post/DNGV85jynZJ,早安我來了～這裡能點達美樂嗎？,2025年8月8日 星期五 下午11:30,@jcgoodtime,,1,2,,,https://www.threads.com/@dominospizza_tw/post/DNGYNfdpJJ0,可呀,2025年8月8日 星期五 下午11:49,,,1,1,,
diudiu0323,https://www.threads.com/@diudiu0323/post/DNGYD2LhI1l,我希望小編放福利🤣,2025年8月8日 星期五 下午11:48,@dominospizza_tw,,1,1,,,https://www.threads.com/@dominospizza_tw/post/DNGYGKjpXom,什麼福利,2025年8月8日 星期五 下午11:48,,,,,,
tea_bubble_,https://www.threads.com/@tea_bubble_/post/DNGX8x8JcLI,太早了吧🤔🤔要桿麵團嗎,2025年8月8日 星期五 下午11:47,@dominospizza_tw,,,1,,,https://www.threads.com/@dominospizza_tw/post/DNGYErUpoaI,早起的小編有披薩吃,2025年8月8日 星期五 下午11:48,,,1,1,,
changpingyx,https://www.threads.com/@changpingyx/post/DNGXau-S7M_,雖然沒被點名 但是吃炸雞也不錯吧😆,2025年8月8日 星期五 下午11:42,@dominospizza_tw,"Photo by 昌平炸雞王 永興店 on August 08, 2025.",1,1,,,https://www.threads.com/@dominospizza_tw/post/DNGYBooplSE,可以！今天不是隔壁家披薩店 廣告都讓你們貼,2025年8月8日 星期五 下午11:48,,,,,,
tchhotel,https://www.threads.com/@tchhotel/post/DNGVj0ZS-bK,大家今天都不下班嗎 怎麼一個兩個都還在海巡啦～～～～,2025年8月8日 星期五 下午11:26,,"Photo by 台中港酒店 Taichung Harbor Hotel on August 08, 2025.",19,36,,,https://www.threads.com/@dominospizza_tw/post/DNGXCFVJytz,我蓋棉被刷手機,2025年8月8日 星期五 下午11:39,,,,1,,
gvmonthly,https://www.threads.com/@gvmonthly/post/DNGWkXqz1ui,"鬼滅之刃
星期五晚上的河道上不是海巡就是鬼滅之刃呢😎 1 / 2",2025年8月8日 星期五 下午11:35,,,82,28,,,https://www.threads.com/@dominospizza_tw/post/DNGXAdYp6mP,達美樂披薩呢,2025年8月8日 星期五 下午11:39,,,2,1,,
traceless_health,https://www.threads.com/@traceless_health/post/DNGWvlCTp19,我想知道性病跟健檢能讓達美樂小編怎麼發揮,2025年8月8日 星期五 下午11:37,@dominospizza_tw,,2,1,,,https://www.threads.com/@dominospizza_tw/post/DNGW9z3JqKX,我邪惡胖胖的東西吃多了… 每年還是要去健康檢查的！,2025年8月8日 星期五 下午11:38,,,2,1,,
meena_w2025,https://www.threads.com/@meena_w2025/post/DNGV13eT1ja,達美樂今天超活躍（大笑）,2025年8月8日 星期五 下午11:29,@doctormeme_tw,,2,1,,,https://www.threads.com/@dominospizza_tw/post/DNGWypxp9f-,是我嗎是我嗎,2025年8月8日 星期五 下午11:37,,,2,1,,
meena_w2025,https://www.threads.com/@meena_w2025/post/DNGWExYzT6F,我看到的都有達美樂⋯,2025年8月8日 星期五 下午11:31,@zy__3399,,3,2,,,https://www.threads.com/@dominospizza_tw/post/DNGWsTNpUQ-,我嗎,2025年8月8日 星期五 下午11:36,,,1,1,,
_roamingstar,https://www.threads.com/@_roamingstar/post/DNGV7NsBm8y,"海巡
今天是2025最MAN的一天
88節是什麼各品牌小編海巡的大日子嗎😍 已經快00:00 還有這麼多小編在海巡！ 我也想召喚各種小編🤟🤟🤟",2025年8月8日 星期五 下午11:29,,,38,38,,1,https://www.threads.com/@dominospizza_tw/post/DNGWY-WpBM0,嗨👋 明天吃披薩,2025年8月8日 星期五 下午11:33,,,,,,
cc_93731,https://www.threads.com/@cc_93731/post/DNGWD1pPTmn,"海巡
不敢想不敢想
一個父親節變成 國際貓咪日 小編海巡日 🤣😂🤣 我努力回覆新朋友中 附上舒服的椅子讓新朋友坐一下 1 / 2",2025年8月8日 星期五 下午11:31,,,49,63,,1,https://www.threads.com/@dominospizza_tw/post/DNGWW1fpBGC,我跑累了 讓我坐著休息一下,2025年8月8日 星期五 下午11:33,,,1,1,,
gept_tw,https://www.threads.com/@gept_tw/post/DNGT9wHy2mN,"Hi, I’m here 翻譯",2025年8月8日 星期五 下午11:12,@dominospizza_tw,,4,1,,1,https://www.threads.com/@dominospizza_tw/post/DNGUQw0RfsF,How are you? Eat Pizza ? 翻譯,2025年8月8日 星期五 下午11:15,,,1,1,,
hico.chiffon,https://www.threads.com/@hico.chiffon/post/DNGPQCYTxXo,住海邊編 參上,2025年8月8日 星期五 下午10:31,@dominospizza_tw,,7,1,,,https://www.threads.com/@dominospizza_tw/post/DNGUOmrRTWe,嗨👋,2025年8月8日 星期五 下午11:15,,,1,,,
chun3_photo,https://www.threads.com/@chun3_photo/post/DNGTuAlTgC2,雖然沒有我 但我跑來了🥹,2025年8月8日 星期五 下午11:10,@dominospizza_tw,,3,1,,,https://www.threads.com/@dominospizza_tw/post/DNGUNdPRLk0,我…. 歡迎你,2025年8月8日 星期五 下午11:14,,,3,,,
ebenorganic.tw,https://www.threads.com/@ebenorganic.tw/post/DNGTv52Th92,明天就來吃🍕,2025年8月8日 星期五 下午11:10,@dominospizza_tw,,3,1,,,https://www.threads.com/@dominospizza_tw/post/DNGULdOxU3X,不要迷路喔～ 選666愛台灣那家披薩店,2025年8月8日 星期五 下午11:14,,,2,,,
nailvenus,https://www.threads.com/@nailvenus/post/DNGTnD5zhTY,"通常是母親節才有我們美甲店的事～ 但父親節也是可以叫老公來付清啦⋯
（by 美甲店小編）",2025年8月8日 星期五 下午11:09,@dominospizza_tw,"Photo by Venus·維納斯美甲·美甲教學｜延甲｜美甲陪跑全科班 on August 08, 2025.",3,1,,,https://www.threads.com/@dominospizza_tw/post/DNGUHVCR8fy,美甲完吃片披薩很合理吧,2025年8月8日 星期五 下午11:14,,,2,1,,
jingshengyu_tw,https://www.threads.com/@jingshengyu_tw/post/DNGT-1nPZBD,小編累了，大概只有我沒有海巡吧😔👉👈（戳手指 徵求沒有跟風到海巡王的小編（？,2025年8月8日 星期五 下午11:12,,,33,41,,,https://www.threads.com/@dominospizza_tw/post/DNGUBPbxqI2,嗨,2025年8月8日 星期五 下午11:13,,,1,1,,
cc_93731,https://www.threads.com/@cc_93731/post/DNGTndTvIy0,"海巡
突然之間大家都海巡了起來 花生什麼逮擠 也想看看會有哪些有趣的新朋友 啊每睏",2025年8月8日 星期五 下午11:09,,,75,178,,,https://www.threads.com/@dominospizza_tw/post/DNGT84sx4mj,達美樂在守歲,2025年8月8日 星期五 下午11:12,,,7,2,,
cake.love24,https://www.threads.com/@cake.love24/post/DNGT1uvylCx,聽說今天到處有人在召喚小編 小編們到處海巡🏊‍♀️🏊～ 真是辛苦啦，墨墨糬抱來一些零食分你們吃🍮🥤🍿️\(´▽｀),2025年8月8日 星期五 下午11:11,,"Photo by 奶昔甜點屋（療癒插圖） on August 08, 2025.",264,127,2,2,https://www.threads.com/@dominospizza_tw/post/DNGT49FRgm2,餓了,2025年8月8日 星期五 下午11:12,,,1,1,,
roborock_taiwan,https://www.threads.com/@roborock_taiwan/post/DNGTi5fykNS,才不會忘了你呢😘,2025年8月8日 星期五 下午11:09,@dominospizza_tw,,1,1,,,https://www.threads.com/@dominospizza_tw/post/DNGTzXQx0FT,下次辦活動用你們家的贈品,2025年8月8日 星期五 下午11:11,,,,,,
chungyo_tw,https://www.threads.com/@chungyo_tw/post/DNGRbOzvJom,中友小編海巡中🚢 在這邊我想召喚全台灣的百貨公司小編 歡迎來跟小編我互相鼓勵一下～ 我們都是海巡王！！😎,2025年8月8日 星期五 下午10:50,,,720,222,,24,https://www.threads.com/@dominospizza_tw/post/DNGRt-9R0Hk,加油👏 你棒棒,2025年8月8日 星期五 下午10:53,,,7,1,,
viv_mugu,https://www.threads.com/@viv_mugu/post/DNGRfrcSbe3,耶耶！嘉義小編來我這打卡耶🥹🥹🥹,2025年8月8日 星期五 下午10:51,@dominospizza_tw,,,1,,,https://www.threads.com/@dominospizza_tw/post/DNGRpOERtq0,我的故鄉,2025年8月8日 星期五 下午10:52,,,1,1,,
dailydae.tea,https://www.threads.com/@dailydae.tea/post/DNGRdH5RJVJ,哇塞我超愛吃你的 竟然自己送上門 來～小黛咬一口,2025年8月8日 星期五 下午10:50,@dominospizza_tw,,2,1,,,https://www.threads.com/@dominospizza_tw/post/DNGRkDTRKyf,感動🥹 我們很努力做好吃的披薩,2025年8月8日 星期五 下午10:51,,,1,1,,
bobo131419,https://www.threads.com/@bobo131419/post/DNGRJpQSwIf,我做一個實驗 —————— 同時召喚 全家、7-11、萊爾富、OK、頂呱呱、蚵仔煎、85度C、星巴克、Cama、路易莎、LV、Prada、Vivinne westdoor、Chanel、Porsche、惠宇建設、農會 各種不同領域的小編 （沒打上的是我不夠key） —————— 各位來看看誰才是海巡王,2025年8月8日 星期五 下午10:48,,,6,20,,,https://www.threads.com/@dominospizza_tw/post/DNGRbhux0tI,嗨,2025年8月8日 星期五 下午10:50,,,1,1,,
viv_mugu,https://www.threads.com/@viv_mugu/post/DNGRFLdSO1m,什麼？！ 忙一天我居然錯過了各大小編海巡日嗎？ 😭😭😭 看看有沒有機會求到幾位大品牌小編路過 如果有故宮小編更加感激涕零🥹 我們家闆闆也不枉老件人這稱號了！,2025年8月8日 星期五 下午10:47,,,76,113,1,,https://www.threads.com/@dominospizza_tw/post/DNGRZSrRLoY,我來打卡下班了,2025年8月8日 星期五 下午10:50,,,2,1,,
dailydae.tea,https://www.threads.com/@dailydae.tea/post/DNGPjhQRXto,我錯過什麼海（賊）王嗎？,2025年8月8日 星期五 下午10:34,,,36,88,,,https://www.threads.com/@dominospizza_tw/post/DNGRUx0x_Hx,找我嗎,2025年8月8日 星期五 下午10:49,,,1,1,,
househunter_sulin,https://www.threads.com/@househunter_sulin/post/DNGRHIwPKF6,怎麼不是做那個隨身攜帶披薩的實驗🤣🤣,2025年8月8日 星期五 下午10:47,@dominospizza_tw,,3,1,,,https://www.threads.com/@dominospizza_tw/post/DNGRO8KRJz7,帶火山披薩吧爬火山？,2025年8月8日 星期五 下午10:48,,,2,1,,
taoyuan_pilots_official,https://www.threads.com/@taoyuan_pilots_official/post/DNGQ_bWJ77s,"謝謝爸，我以後也會好好
youtube.com
周杰倫 Jay Chou",2025年8月8日 星期五 下午10:46,@dominospizza_tw,周杰倫 Jay Chou,1,1,,,https://www.threads.com/@dominospizza_tw/post/DNGRLK5RxTX,答應我： 二連霸,2025年8月8日 星期五 下午10:48,,,5,1,,1
toro20180324,https://www.threads.com/@toro20180324/post/DNGQ9reS2Wl,今天付親節 小編也來跟風做一個實驗😙 —————— 同時召喚 大全聯、達美樂、全家、7-11、蚵仔煎、家樂福、UberEats、food panda、各大餐飲服務行業的小編 在此集合！ —————— 各位海巡王辛苦了！ 一起來吃鵝房宮,2025年8月8日 星期五 下午10:46,,,23,38,,,https://www.threads.com/@dominospizza_tw/post/DNGRF1Hxq1e,來喔 翻譯,2025年8月8日 星期五 下午10:47,,,,1,,
8yotea,https://www.threads.com/@8yotea/post/DNGPPVwBZQp,哎呦,2025年8月8日 星期五 下午10:31,@dominospizza_tw,,228,1,,,https://www.threads.com/@dominospizza_tw/post/DNGPqDHxMag,唉唷,2025年8月8日 星期五 下午10:35,,,54,,,
sherry_jaiho,https://www.threads.com/@sherry_jaiho/post/DNGMqzbz2WP,"別阿～達編～😂
💖「相煎何太急，一起出聯名」💖
🦪編，再忙吧😂😂😂
🎯我也覺得⋯想轉職當小編😂 您們好歡樂😆😆😆🫰",2025年8月8日 星期五 下午10:08,@dominospizza_tw,,6,1,,,https://www.threads.com/@dominospizza_tw/post/DNGPpE4xC4-,來我們這應徵,2025年8月8日 星期五 下午10:34,,,3,1,,
claire920612,https://www.threads.com/@claire920612/post/DNGPhAWSc2G,我想吃必勝客🤣好欠揍 翻譯,2025年8月8日 星期五 下午10:33,@dominospizza_tw,,,1,,,https://www.threads.com/@dominospizza_tw/post/DNGPnARRfgL,下面會有朋友勸你不要這樣,2025年8月8日 星期五 下午10:34,,,1,,,
harry11268,https://www.threads.com/@harry11268/post/DNGOwVjh4yt,梅好大🍠 也要來玩誰是海巡王嗎 Hi- 脆上無敵宇宙閃亮亮海巡王你們好 ✨✨✨✨✨✨✨✨✨✨✨✨✨✨✨ 我是梅好大叔，脆友們最愛的梅子水是也,2025年8月8日 星期五 下午10:27,,,45,52,1,,https://www.threads.com/@dominospizza_tw/post/DNGPR_gRsei,達美樂披薩🍕,2025年8月8日 星期五 下午10:31,,,2,1,,
moonlight.media.tw,https://www.threads.com/@moonlight.media.tw/post/DNGOrYoJZbC,不能海巡了 電量已亮紅燈,2025年8月8日 星期五 下午10:26,,"Photo by 月光影制所｜品牌行銷 × 影片製作｜一站式服務 on August 08, 2025.",25,43,,,https://www.threads.com/@dominospizza_tw/post/DNGPO18RZht,我還有電力,2025年8月8日 星期五 下午10:31,,,4,1,,
facv_nine,https://www.threads.com/@facv_nine/post/DNGO_4wSaXo,今天threads突然吹起海巡潮 我們就不點名了，各家小編海巡到都歡迎簽到 有沒有機會爭取一個社群小編日就看這次了 - （工商服務時間） 海巡還不夠 9/28邀請你參加萬人泳渡日月潭🏊🏊‍♀️🏊‍♂️,2025年8月8日 星期五 下午10:29,,,845,344,1,18,https://www.threads.com/@dominospizza_tw/post/DNGPNQNRq-z,達達,2025年8月8日 星期五 下午10:31,,,20,,,
jcgoodtime,https://www.threads.com/@jcgoodtime/post/DNGPBigBH0i,"回了一篇海巡文後 整個河道滿滿的召喚大品牌小編文
我就問 小品牌互相取暖不好嗎🤣 來這裡找JC開運一下也不錯呀！ 1 / 2",2025年8月8日 星期五 下午10:29,,,156,325,,1,https://www.threads.com/@dominospizza_tw/post/DNGPMU_xIzK,大家越來越快了,2025年8月8日 星期五 下午10:31,,,3,2,,
hi_yomalife,https://www.threads.com/@hi_yomalife/post/DNGO99PzXf8,整個頁面都是海巡文章 好奇小編們心裡會不會很厭世 畢竟今天是Happy Friday 欸😆,2025年8月8日 星期五 下午10:29,,,79,187,,1,https://www.threads.com/@dominospizza_tw/post/DNGPLKUR380,我很開心,2025年8月8日 星期五 下午10:30,,,3,1,,
sogohsinchu,https://www.threads.com/@sogohsinchu/post/DNGOohbPBPJ,"太多了只能發DM給你翻了 info.sogo.com.tw/hcbc…
info.sogo.com.tw
線上DM|新竹店|遠東SOGO百貨",2025年8月8日 星期五 下午10:26,@dominospizza_tw,線上DM|新竹店|遠東SOGO百貨,,1,,,https://www.threads.com/@dominospizza_tw/post/DNGO5s5xjTA,好啊👌 給你置入,2025年8月8日 星期五 下午10:28,,,1,1,,
greenfurnituregroupxinyi,https://www.threads.com/@greenfurnituregroupxinyi/post/DNGNU8AzYf1,海巡時間⌚️,2025年8月8日 星期五 下午10:14,@dominospizza_tw,,3,1,,,https://www.threads.com/@dominospizza_tw/post/DNGNak_xtLU,你厲害,2025年8月8日 星期五 下午10:15,,,3,,,
_mango_crochet,https://www.threads.com/@_mango_crochet/post/DNGMLivzpyz,我明早4點要起床啊！！ 晚安各位~~~ 祝大家海巡愉快喔！,2025年8月8日 星期五 下午10:04,,,55,31,,,https://www.threads.com/@dominospizza_tw/post/DNGNTm8xrPQ,我明天六點起床繼續巡,2025年8月8日 星期五 下午10:14,,,3,2,,
jideya.b1,https://www.threads.com/@jideya.b1/post/DNGMHXKTYQ3,我也想要玩海巡王遊戲(｡･ω･｡)ﾉ 經過的小編跟我說HI🩵,2025年8月8日 星期五 下午10:04,,,113,243,1,,https://www.threads.com/@dominospizza_tw/post/DNGNR_dxP3Q,加一 算我一個,2025年8月8日 星期五 下午10:14,,,4,1,,
tkkfriedchicken.tw,https://www.threads.com/@tkkfriedchicken.tw/post/DNGIsK5zjRr,內…個…發動禁止召喚卡🤗 呱編要去看鬼滅 然後大口大口吃8塊炸雞霸氣桶啦🥳 海巡我們下週一見！,2025年8月8日 星期五 下午9:34,,"Photo by TKK Fried Chicken Taiwan🍗頂呱呱🍗 on August 08, 2025.",40,23,1,2,https://www.threads.com/@dominospizza_tw/post/DNGNNyYRRZR,你很皮喔,2025年8月8日 星期五 下午10:13,,,,1,,
janfusunfancyworld,https://www.threads.com/@janfusunfancyworld/post/DNGJNMiv3lV,海什麼巡??? 我大劍湖山請各位自己來朝聖好嗎???,2025年8月8日 星期五 下午9:38,,,5940,470,26,62,https://www.threads.com/@dominospizza_tw/post/DNGNMG6xrrJ,你找我嗎,2025年8月8日 星期五 下午10:13,,,28,1,,
greenfurnituregroupxinyi,https://www.threads.com/@greenfurnituregroupxinyi/post/DNGMxu4TVPQ,最喜歡這種簡單又粗暴的點名方式,2025年8月8日 星期五 下午10:09,@dominospizza_tw,,5,1,,,https://www.threads.com/@dominospizza_tw/post/DNGNGiLRDbL,我太粗魯嗎,2025年8月8日 星期五 下午10:12,,,2,,,
moonlight.media.tw,https://www.threads.com/@moonlight.media.tw/post/DNGM90YJ0c8,以後雞翅可以給多兩隻嗎吃不夠😶,2025年8月8日 星期五 下午10:11,@dominospizza_tw,,1,1,,,https://www.threads.com/@dominospizza_tw/post/DNGNEnaRcwj,報我的員編 加六隻！,2025年8月8日 星期五 下午10:12,,,1,1,,
fupapalife,https://www.threads.com/@fupapalife/post/DNGM97cPW2Z,八塊錢爆米花 到此一遊,2025年8月8日 星期五 下午10:11,@dominospizza_tw,,1,1,,,https://www.threads.com/@dominospizza_tw/post/DNGNB8vxTlb,我愛吃爆米花 翻譯,2025年8月8日 星期五 下午10:12,,,1,1,,
moonlight.media.tw,https://www.threads.com/@moonlight.media.tw/post/DNGMrWXpDus,我前天有吃,2025年8月8日 星期五 下午10:09,@dominospizza_tw,,1,1,,,https://www.threads.com/@dominospizza_tw/post/DNGMxAlR_oe,正點🤩,2025年8月8日 星期五 下午10:09,,,1,1,,
yuxiangyuan_tw,https://www.threads.com/@yuxiangyuan_tw/post/DNGMY1JzIbH,我們第二件不加價，但加你好友可以嗎？🐔❤️,2025年8月8日 星期五 下午10:06,@dominospizza_tw,,2,1,,,https://www.threads.com/@dominospizza_tw/post/DNGMt62xrpS,可以 現場加,2025年8月8日 星期五 下午10:09,,,,1,,
sing__zzz,https://www.threads.com/@sing__zzz/post/DNGMF7bhfwf,所以簽到的要先買披薩嗎🤣 去買別人家的會不會被封鎖🤣🤣🤣,2025年8月8日 星期五 下午10:03,@dominospizza_tw,,5,1,,,https://www.threads.com/@dominospizza_tw/post/DNGMYORR24T,今天大放送 不用！ 但不准買小紅帽,2025年8月8日 星期五 下午10:06,,,5,,,
taitung_posang,https://www.threads.com/@taitung_posang/post/DNGFyhZyRP9,我昨天有看到多啦a夢的無人機表演喔～,2025年8月8日 星期五 下午9:08,@dominospizza_tw,,,1,,,https://www.threads.com/@dominospizza_tw/post/DNGLDL5RIA4,啥😧,2025年8月8日 星期五 下午9:54,,,,,,
lihpaoresort,https://www.threads.com/@lihpaoresort/post/DNGIlm0hcQ1,還有我🙋,2025年8月8日 星期五 下午9:33,@dominospizza_tw,,8,1,,,https://www.threads.com/@dominospizza_tw/post/DNGLClbRVEl,都來都來,2025年8月8日 星期五 下午9:54,,,1,,,
ehomegoods,https://www.threads.com/@ehomegoods/post/DNGGrdXTH2z,您們家常常跟我買椅子，需要支援我可以出椅子，讓大家圍爐。,2025年8月8日 星期五 下午9:16,@dominospizza_tw,,4,1,,,https://www.threads.com/@dominospizza_tw/post/DNGLB3CRxRt,好朋友妳好,2025年8月8日 星期五 下午9:54,,,,,,
hulk_sofa,https://www.threads.com/@hulk_sofa/post/DNGJg-NzKuP,最愛吃⋯⋯打了沒,2025年8月8日 星期五 下午9:41,@dominospizza_tw,,2,1,,,https://www.threads.com/@dominospizza_tw/post/DNGLAftxVH-,真的喔😘😘,2025年8月8日 星期五 下午9:54,,,2,,,
taiurbanresort,https://www.threads.com/@taiurbanresort/post/DNGJhAhzRxG,欸，啊我咧,2025年8月8日 星期五 下午9:41,@dominospizza_tw,,18,1,,,https://www.threads.com/@dominospizza_tw/post/DNGK_NLRG1I,你可以給我優待券ㄨㄢ ㄇㄚ,2025年8月8日 星期五 下午9:54,,,4,1,,
chiayi_c.h.temple,https://www.threads.com/@chiayi_c.h.temple/post/DNGG8ryR96l,我又再次被排擠了😭,2025年8月8日 星期五 下午9:18,@dominospizza_tw,,134,3,,,https://www.threads.com/@dominospizza_tw/post/DNGK8zhxWtD,我愛你包容你 只是忘了你,2025年8月8日 星期五 下午9:53,,,46,,,
creativecentury,https://www.threads.com/@creativecentury/post/DNGJO17TaqN,沒有人想讓小編過父親節！只好組成海巡署,2025年8月8日 星期五 下午9:38,@dominospizza_tw,,26,1,,,https://www.threads.com/@dominospizza_tw/post/DNGK6PjxrWS,我是妹妹,2025年8月8日 星期五 下午9:53,,,15,,,
fdhs_water_dispenser,https://www.threads.com/@fdhs_water_dispenser/post/DNGHmYXBOGD,你好，我是一台飲水機，我姓復，復健的復，沒有要請你授權影片，也沒有要海巡，我單純刷個存在感，讓你知道這裡有飲水機，謝謝。,2025年8月8日 星期五 下午9:24,@dominospizza_tw,,23,1,,1,https://www.threads.com/@dominospizza_tw/post/DNGK5HIRgUh,我渴了 謝謝,2025年8月8日 星期五 下午9:53,,,5,,,
moyunsince2024,https://www.threads.com/@moyunsince2024/post/DNGKmGkhBhU,來了來了 見面禮 歡迎視喝 會不會下次看到我們出現在披薩上面,2025年8月8日 星期五 下午9:50,@dominospizza_tw,"Photo by 墨韻品茶🍵-楠梓店 on August 08, 2025. | Photo by 墨韻品茶🍵-楠梓店 on August 08, 2025.",12,1,,,https://www.threads.com/@dominospizza_tw/post/DNGK35pRcNW,暗示聯名 還是明示,2025年8月8日 星期五 下午9:53,,,6,1,,
sherry_jaiho,https://www.threads.com/@sherry_jaiho/post/DNGGLZHzAvR,民眾路過～🦪編，還沒來🤣🤣,2025年8月8日 星期五 下午9:12,@dominospizza_tw,,5,1,,,https://www.threads.com/@dominospizza_tw/post/DNGK2PPRRdL,來人啊 這上菜,2025年8月8日 星期五 下午9:53,,,6,1,,
zsmorning2016,https://www.threads.com/@zsmorning2016/post/DNGH-O8hLbv,"不懂就問脆
海巡是什麼？
去你家點贊的意思嗎？",2025年8月8日 星期五 下午9:27,,,113,157,,2,https://www.threads.com/@dominospizza_tw/post/DNGKzeXxnDN,對,2025年8月8日 星期五 下午9:52,,,6,2,,
qek888,https://www.threads.com/@qek888/post/DNGKsmBTaUH,今天是什麼海巡日嗎？怎麼每個小編都在海巡 到底誰是海巡王啊？ 1 / 2,2025年8月8日 星期五 下午9:51,,,92,217,,3,https://www.threads.com/@dominospizza_tw/post/DNGKyydRO8r,因為我,2025年8月8日 星期五 下午9:52,,,4,1,,
seal_king_tapes,https://www.threads.com/@seal_king_tapes/post/DNGHISjzl-l,現在時間週五晚上9點多 真的還有小編在海巡嗎？ 🚩跳個求小編舞看看有沒有海巡王 ₍₍ ◝( ﾟ∀ ﾟ)◟ ⁾⁾♪,2025年8月8日 星期五 下午9:20,,,111,190,1,,https://www.threads.com/@dominospizza_tw/post/DNGKiWPxtJy,抱歉 我剛剛在忙做披薩 今天生意好,2025年8月8日 星期五 下午9:50,,,3,2,,
sherry_jaiho,https://www.threads.com/@sherry_jaiho/post/DNGJ9YfzGm3,達美樂編🫰🫰🫰 您好會唷～ㄧ路看下來🤣🤣✌️,2025年8月8日 星期五 下午9:45,@dominospizza_tw,,2,1,,,https://www.threads.com/@dominospizza_tw/post/DNGKdWARBj_,謝謝☺️ 偷偷追我嗎,2025年8月8日 星期五 下午9:49,,,1,1,,
shiangyangtw,https://www.threads.com/@shiangyangtw/post/DNGE3ryzI8e,還有位置可以拿一片披薩嗎？,2025年8月8日 星期五 下午9:00,@dominospizza_tw,,2,1,,,https://www.threads.com/@dominospizza_tw/post/DNGGcnbxSAZ,還有一片,2025年8月8日 星期五 下午9:14,,,,,,
_mango_crochet,https://www.threads.com/@_mango_crochet/post/DNGGKquz-Ia,我是將一針一線鉤進日常裡的漫鉤（咦？今天一直四處打招呼ㄟ😅😅,2025年8月8日 星期五 下午9:12,@chii_nairu,,2,2,,,https://www.threads.com/@dominospizza_tw/post/DNGGTNcxkQ8,達美樂,2025年8月8日 星期五 下午9:13,,,1,1,,
papazao.tw,https://www.threads.com/@papazao.tw/post/DNGGMMMyjeS,真的辛苦了🤣 海巡王非我們農會莫屬啊啊啊！,2025年8月8日 星期五 下午9:12,@linnei_fa,,4,3,,,https://www.threads.com/@dominospizza_tw/post/DNGGRvjROaL,我輸了,2025年8月8日 星期五 下午9:13,,,1,2,,
linnei_fa,https://www.threads.com/@linnei_fa/post/DNGF0D9pkRA,今天各路小編都在簽到 大家辛苦了🤣🤣 小編海巡之路真的non stop,2025年8月8日 星期五 下午9:09,,,98,135,,1,https://www.threads.com/@dominospizza_tw/post/DNGGNcxRuma,美樂 翻譯,2025年8月8日 星期五 下午9:12,,,4,1,,
alice.shie0000,https://www.threads.com/@alice.shie0000/post/DNGEoQGTzeF,今天是父親節 那你知道明天是什麼日子嗎,2025年8月8日 星期五 下午8:58,,,138,169,,,https://www.threads.com/@dominospizza_tw/post/DNGGE2DR9Ec,披薩日,2025年8月8日 星期五 下午9:11,,,3,2,,
lilyyang618,https://www.threads.com/@lilyyang618/post/DNGFdBCPdgc,我懂！今天88節 相信您們也是第一名的旺！辛苦啦！,2025年8月8日 星期五 下午9:05,@dominospizza_tw,,1,1,,,https://www.threads.com/@dominospizza_tw/post/DNGGBeOxn1A,謝謝☺️,2025年8月8日 星期五 下午9:10,,,1,1,,
1zynnc_,https://www.threads.com/@1zynnc_/post/DNGFiLHBubd,當然第一 沒有其他小編比的上你😌,2025年8月8日 星期五 下午9:06,@dominospizza_tw,,3,1,,,https://www.threads.com/@dominospizza_tw/post/DNGGAT2xENk,我好開心 灑花再跳一首舞,2025年8月8日 星期五 下午9:10,,,3,,,
cktw521,https://www.threads.com/@cktw521/post/DNGFiTKp-YG,來都來了，換個ZENQURE 滾珠精油棒回家！😍（熱心虎編路過）,2025年8月8日 星期五 下午9:06,@dominospizza_tw,,7,2,,,https://www.threads.com/@dominospizza_tw/post/DNGF-k5x1OS,台中人好熱情 我要去擴店,2025年8月8日 星期五 下午9:10,,,5,,,
ribbon_2020,https://www.threads.com/@ribbon_2020/post/DNGFlDNp1fp,編編有前途！你等著要升遷了👍,2025年8月8日 星期五 下午9:07,@dominospizza_tw,,2,1,,,https://www.threads.com/@dominospizza_tw/post/DNGF765R0Xf,謝謝😊 我以後不加班海巡了喔,2025年8月8日 星期五 下午9:10,,,1,,,
fssh.water.4f,https://www.threads.com/@fssh.water.4f/post/DNGD4bASLjd,不好意思，我餓了,2025年8月8日 星期五 下午8:52,@dominospizza_tw,"Photo by 省鳳高中4樓飲水機 on August 08, 2025.",9,1,,,https://www.threads.com/@dominospizza_tw/post/DNGD9HCRPuC,來份Pizza吧,2025年8月8日 星期五 下午8:52,,,5,,,
papazao.tw,https://www.threads.com/@papazao.tw/post/DNGD3Gyy_L0,歡迎多多用台灣在地、當季的食材唷☺️☺️,2025年8月8日 星期五 下午8:52,@dominospizza_tw,,5,1,,,https://www.threads.com/@dominospizza_tw/post/DNGD7vWRowm,我們家就是用台灣在地的金鑽鳳梨,2025年8月8日 星期五 下午8:52,,,6,,,
serenafoods.tw,https://www.threads.com/@serenafoods.tw/post/DNGDymBPDvh,為什麼只找喜來登不找我🥺,2025年8月8日 星期五 下午8:51,@dominospizza_tw,,509,5,,3,https://www.threads.com/@dominospizza_tw/post/DNGD2ZexKt9,因為我在吃喜年來蛋捲,2025年8月8日 星期五 下午8:51,,,183,2,,1
tscpmarketing,https://www.threads.com/@tscpmarketing/post/DNGDpSPycfv,小編前輩是秒回嗎? 學起來,2025年8月8日 星期五 下午8:50,@dominospizza_tw,,1,1,,,https://www.threads.com/@dominospizza_tw/post/DNGDx35xRV4,大概兩秒！我老了,2025年8月8日 星期五 下午8:51,,,1,,,
littleuncle2020,https://www.threads.com/@littleuncle2020/post/DNF_viwS_bZ,父親節大家是不是都不吃雞排了…,2025年8月8日 星期五 下午8:16,,,14,16,,,https://www.threads.com/@dominospizza_tw/post/DNGDutqx9DP,在吃披薩🍕,2025年8月8日 星期五 下午8:50,,,2,1,,
tscpmarketing,https://www.threads.com/@tscpmarketing/post/DNGDaE0Si2K,今天在才創號的臺灣社區藥學會小編報到，來跟各位前輩學習,2025年8月8日 星期五 下午8:48,@dominospizza_tw,,20,1,,,https://www.threads.com/@dominospizza_tw/post/DNGDg5sRGCo,新朋友以後常來 不要走錯家披薩店,2025年8月8日 星期五 下午8:48,,,11,2,,
hookahdaddy_taipei,https://www.threads.com/@hookahdaddy_taipei/post/DNGDRYnzic7,達美樂 達美樂 達美樂！,2025年8月8日 星期五 下午8:46,@dominospizza_tw,,2,1,,,https://www.threads.com/@dominospizza_tw/post/DNGDdMCxFzH,給我地址 去買醉,2025年8月8日 星期五 下午8:48,,,2,1,,
round2_taipei,https://www.threads.com/@round2_taipei/post/DNGDRL0PFm4,剛剛點達美樂ㄌ 我們一起加班🥸,2025年8月8日 星期五 下午8:46,@dominospizza_tw,,1,1,,,https://www.threads.com/@dominospizza_tw/post/DNGDaYeRjuc,以後加班都要想起我,2025年8月8日 星期五 下午8:48,,,,,,
cmeow0217,https://www.threads.com/@cmeow0217/post/DNGCn--zjzW,我做一個實驗 —————— 同時召喚 全家、711、萊爾富、OK、 巨城、木棉花、故宮南院、蚵仔煎、家樂福、全聯 的小編 —————— 各位來看看誰才是海巡王 1 / 2,2025年8月8日 星期五 下午8:41,,,256,267,,13,https://www.threads.com/@dominospizza_tw/post/DNGDV0iRKKt,達美樂跑第一☝️ 的披薩店,2025年8月8日 星期五 下午8:47,,,57,5,,
rabbitmama.service,https://www.threads.com/@rabbitmama.service/post/DNGC6Y-Bfjk,我來看熱鬧的🐰,2025年8月8日 星期五 下午8:43,@dominospizza_tw,,1,1,,,https://www.threads.com/@dominospizza_tw/post/DNGDNUiRAtS,我也是 好巧,2025年8月8日 星期五 下午8:46,,,1,,,
nownews,https://www.threads.com/@nownews/post/DNGC9n5TC5N,,2025年8月8日 星期五 下午8:44,@dominospizza_tw,"Photo by NOWnews 今日新聞 on August 08, 2025.",97,1,,,https://www.threads.com/@dominospizza_tw/post/DNGDMbERZol,我愛你們家新聞 翻譯,2025年8月8日 星期五 下午8:46,,,28,,,
tkbdiplomacy,https://www.threads.com/@tkbdiplomacy/post/DNGBTvpTFCu,可以吃完披薩來上課啊！或上完課買披薩來吃,2025年8月8日 星期五 下午8:29,@dominospizza_tw,,8,1,,,https://www.threads.com/@dominospizza_tw/post/DNGBetpRd1J,我在你們家開店好了,2025年8月8日 星期五 下午8:31,,,2,1,,
antonhateu,https://www.threads.com/@antonhateu/post/DNGBJJnT0Rg,@mosburger_taiwan 他沒找你,2025年8月8日 星期五 下午8:28,@dominospizza_tw,,6,3,,1,https://www.threads.com/@dominospizza_tw/post/DNGBQDVxd91,他知道我愛他 用心電感應,2025年8月8日 星期五 下午8:29,,,2,,,
ribbon_2020,https://www.threads.com/@ribbon_2020/post/DNF86QGpjU5,上天給你重生的機會 你會選誰當老爸？ 1 / 2,2025年8月8日 星期五 下午7:51,,,51,97,1,1,https://www.threads.com/@dominospizza_tw/post/DNGBNPtxw1i,達美樂全球的CEO,2025年8月8日 星期五 下午8:28,,,4,1,,
cktw521,https://www.threads.com/@cktw521/post/DNGA8IiJq9d,🤣🤣🤣，感謝你的回覆❤️ 私信虎編送你小禮物😍,2025年8月8日 星期五 下午8:26,@dominospizza_tw,,1,1,,,https://www.threads.com/@dominospizza_tw/post/DNGA_MiRRAi,虎編編 你好可愛 我們交朋友,2025年8月8日 星期五 下午8:26,,,1,1,,
sherry_jaiho,https://www.threads.com/@sherry_jaiho/post/DNGA37mztzu,"龍龍🦖的🥢⋯是特製地💓 😂😂😂很會唷
蚵🦪～怎麼沒來啦~外找😚 @dominospizza_tw @hy_talktoomuch",2025年8月8日 星期五 下午8:25,@niceforest.ig,,2,1,,,https://www.threads.com/@dominospizza_tw/post/DNGA9DIxSt-,卡哇伊恐龍🦕,2025年8月8日 星期五 下午8:26,,,1,,,
lctt_taitung,https://www.threads.com/@lctt_taitung/post/DNGA3JPTfqv,我在台東看海吃達美樂,2025年8月8日 星期五 下午8:25,@dominospizza_tw,,1,1,,,https://www.threads.com/@dominospizza_tw/post/DNGA6g2ReNL,我愛你的期限是 一 萬 年,2025年8月8日 星期五 下午8:26,,,1,,,
gogodogood,https://www.threads.com/@gogodogood/post/DNGA0ASSmcH,來都來了！留個名,2025年8月8日 星期五 下午8:25,@dominospizza_tw,,3,1,,,https://www.threads.com/@dominospizza_tw/post/DNGA2jkRhEp,來都來片披薩 沒有七片,2025年8月8日 星期五 下午8:25,,,2,,,
,https://www.threads.com/@zoedoit.macrame/post/DNBf7JwznOg,得正,2025年8月7日 星期四 上午2:21,,"Photo by 佐伊。做 ZOE do it. macrame on August 06, 2025. | Photo by 佐伊。做 ZOE do it. macrame on August 06, 2025. | Photo by 佐伊。做 ZOE do it. macrame on August 06, 2025. | Photo by 佐伊。做 ZOE do it. macrame on August 06, 2025.",13,2,8,9,https://www.threads.com/@dominospizza_tw/post/DNGAw4nRf7-,我來試試看喔,2025年8月8日 星期五 下午8:24,,,2,,,
hookahdaddy_taipei,https://www.threads.com/@hookahdaddy_taipei/post/DNGAtWlze_M,父親節吃一波,2025年8月8日 星期五 下午8:24,@dominospizza_tw,,1,1,,,https://www.threads.com/@dominospizza_tw/post/DNGAvvvRt5X,吃哪一家披薩🍕,2025年8月8日 星期五 下午8:24,,,1,1,,
cktw521,https://www.threads.com/@cktw521/post/DNGAo37pep8,腰酸背痛貼正光，各位海巡編編們跟編編們的爸爸們，你們好～相信你們會需要的😍,2025年8月8日 星期五 下午8:23,@dominospizza_tw,"Photo by 正光金絲虎保健室 on August 08, 2025.",31,4,,,https://www.threads.com/@dominospizza_tw/post/DNGAuePx0zp,需要 回文回到手酸了,2025年8月8日 星期五 下午8:24,,,13,1,,
kinmenyeye,https://www.threads.com/@kinmenyeye/post/DNF7_mNS0jb,怎麼可以沒有國軍人才招募中心金門站呢,2025年8月8日 星期五 下午7:43,@dominospizza_tw,,291,1,,1,https://www.threads.com/@dominospizza_tw/post/DNF9U2bRhZX,失敬！ 國軍最偉大,2025年8月8日 星期五 下午7:54,,,116,1,,
yuxiangyuan_tw,https://www.threads.com/@yuxiangyuan_tw/post/DNF8aouz1lr,沒被召喚沒關係，只要你還記得—— 這裡有隻雞🐓，默默陪你 一件就88 折,2025年8月8日 星期五 下午7:46,@dominospizza_tw,,7,1,,,https://www.threads.com/@dominospizza_tw/post/DNF9TSHRGap,第二件有沒有特價,2025年8月8日 星期五 下午7:54,,,,1,,
coldstonetw,https://www.threads.com/@coldstonetw/post/DNF8tNaBa4i,吃完披薩可以來酷聖石買大送大慶祝父親節🥸,2025年8月8日 星期五 下午7:49,@dominospizza_tw,"Photo by Cold Stone Creamery Taiwan on August 08, 2025.",42,1,,,https://www.threads.com/@dominospizza_tw/post/DNF9Q5YRhQD,聯名啦啦啦！,2025年8月8日 星期五 下午7:54,,,11,,,
anitashotsauce,https://www.threads.com/@anitashotsauce/post/DNF562DP9Mb,吃pizza來點辣醬,2025年8月8日 星期五 下午7:25,@dominospizza_tw,"Photo by Anita's Hot Sauce 安妮塔手工辣醬 on August 08, 2025.",12,1,,,https://www.threads.com/@dominospizza_tw/post/DNF8tuOxCqt,唰,2025年8月8日 星期五 下午7:49,,,5,,,
yanlin.li.712,https://www.threads.com/@yanlin.li.712/post/DNF8g-chejF,我叛敵了，我買了必勝客🤣,2025年8月8日 星期五 下午7:47,@dominospizza_tw,,,1,,,https://www.threads.com/@dominospizza_tw/post/DNF8rHBxo2Q,我的心受傷了,2025年8月8日 星期五 下午7:49,,,1,1,,
salina123001,https://www.threads.com/@salina123001/post/DNF8RYDzyN3,最近有什麼新口味？,2025年8月8日 星期五 下午7:45,@dominospizza_tw,,,1,,,https://www.threads.com/@dominospizza_tw/post/DNF8ouJR3lI,和牛堡排起司火山🥰🥰🥰,2025年8月8日 星期五 下午7:48,,"Photo by 達美樂披薩 on August 08, 2025.",,,,
ztfe_brain.anatomy,https://www.threads.com/@ztfe_brain.anatomy/post/DNF4fgHTPS4,雖然不是任何一家的小編但是好想吃披薩,2025年8月8日 星期五 下午7:12,@dominospizza_tw,,4,1,,,https://www.threads.com/@dominospizza_tw/post/DNF4-vJR1zz,推薦你和牛堡排火山披薩🍕,2025年8月8日 星期五 下午7:16,,,3,,,
j.o.y_0408,https://www.threads.com/@j.o.y_0408/post/DNFuEjKxqiR,"父親節
在這特別的日子 我家偉大的女人說不煮飯 於是線上點了pizza 我一進去講了後三碼 他說沒有 直接內心有點小慌 我盯著手機看超仔細 我明明就有訂必勝客阿 還反覆確認好幾遍！ 心裡不秒該不會是......然後環顧店裡四周怎麼都是正方形骰子logo 我真認不出來 認真了幾秒想到： 尬....這家是達美樂嗎~看來就是 嚇到馬上裝鎮定走出外面google 必勝客在哪？（因為我們家都去達美樂）我還疑惑我們這裡有必勝客喔！？還真的有勒！ 真的是有在ㄎㄧㄤ 外加剛好有小帥哥店員剛好外送回來(♡ω♡ ) ~♪再帥也比不過我家爸比今日特帥 祝我家爸爸父親節快樂 love you ~ 還有其他人都快樂快樂~",2025年8月8日 星期五 下午5:41,,,4,2,,,https://www.threads.com/@dominospizza_tw/post/DNF1XviRgRG,下回母親節也來我們這～ 😘,2025年8月8日 星期五 下午6:45,,,1,1,,
3f__05,https://www.threads.com/@3f__05/post/DNF07qIhHDT,哇達美樂小編根本海巡王🥇,2025年8月8日 星期五 下午6:41,@dominospizza_tw,,4,1,,,https://www.threads.com/@dominospizza_tw/post/DNF1BjCRpFh,拍謝^_^,2025年8月8日 星期五 下午6:42,,,2,,,
61yuki,https://www.threads.com/@61yuki/post/DNF0sGtpyxp,@dazzleslim_tw 妳需要出現,2025年8月8日 星期五 下午6:39,@dominospizza_tw,,4,1,,,https://www.threads.com/@dominospizza_tw/post/DNF05QTxb0v,要！我需要,2025年8月8日 星期五 下午6:41,,,,,,
whostea_tw,https://www.threads.com/@whostea_tw/post/DNF0pUYphT7,有朝一日我要走進你的實驗,2025年8月8日 星期五 下午6:39,@dominospizza_tw,,51,2,,,https://www.threads.com/@dominospizza_tw/post/DNF035hReLV,今天起,2025年8月8日 星期五 下午6:41,,,20,,,
61yuki,https://www.threads.com/@61yuki/post/DNF0bWLp7VH,謝謝達美樂！今天星期五晚上！適合吃達美樂！,2025年8月8日 星期五 下午6:37,@dominospizza_tw,,1,1,,,https://www.threads.com/@dominospizza_tw/post/DNF0vXsRNMh,爸爸媽媽都愛吃😘,2025年8月8日 星期五 下午6:39,,,,,,
startravel.tw,https://www.threads.com/@startravel.tw/post/DNFV7BERpPF,"脆友們
今天除了是父親節之外還是「國際貓咪日」 小編想請各位脆友讓本串串充滿喵喵叫 可以嗎? 1 / 2",2025年8月8日 星期五 下午2:10,,,23,43,,,https://www.threads.com/@dominospizza_tw/post/DNF0qolRMZ1,喵～ 吃披薩🍕,2025年8月8日 星期五 下午6:39,,,1,2,,
sahansi.steak,https://www.threads.com/@sahansi.steak/post/DNCNOySyQyy,"小編互助會
居然現在才發現有這個互助會！ 大家好我是小厚編⁽⁽ଘ( ˙꒳˙ )ଓ⁾⁾ 想跟大家多互動.ᐟ.ᐟ請多指教",2025年8月7日 星期四 上午8:56,,,138,124,1,,https://www.threads.com/@dominospizza_tw/post/DNF0pPtRzEX,請多多關照😘,2025年8月8日 星期五 下午6:39,,,1,1,,
instagr_carzy_1111,https://www.threads.com/@instagr_carzy_1111/post/DNF0FJvzNEI,達美樂真的好吃,2025年8月8日 星期五 下午6:34,@dominospizza_tw,,11,1,,,https://www.threads.com/@dominospizza_tw/post/DNF0k37RbwN,我愛你❤️,2025年8月8日 星期五 下午6:38,,,3,,,
moonlight.media.tw,https://www.threads.com/@moonlight.media.tw/post/DNFNGFpJfOc,"小編互助會
今日88父親節~ 一起發發過今日
話說小編編們是怎麼踏過挫敗呢 我需要抱抱和意見😂 快留言我一定會回覆你!!!",2025年8月8日 星期五 下午12:53,,,20,36,,,https://www.threads.com/@dominospizza_tw/post/DNF0hmAxB8A,發文取暖,2025年8月8日 星期五 下午6:37,,,2,1,,
chengjing.media,https://www.threads.com/@chengjing.media/post/DNE3odSPkfB,請問全家跟7-11的霜淇淋到底哪個比較頂🍦 1 / 2,2025年8月8日 星期五 上午9:45,,,79,106,,5,https://www.threads.com/@dominospizza_tw/post/DNF0e4VRGqH,達美樂呢,2025年8月8日 星期五 下午6:37,,,2,1,,
yyyoungggggg,https://www.threads.com/@yyyoungggggg/post/DND5IZopPI0,"🎉 今天是父親節 你們會跟爸爸說聲「父親節快樂」對吧？ 希望每一位正在努力生活的爸爸都能被擁抱、被理解、被感謝。 也希望你們都能在今天，好好說一句「我愛你」給爸爸聽 💙 祝你們的爸爸健康又快樂！ 今天也一起加油！✨
📩 還有在台灣一直給我勇氣的💙 像老師、像大哥、也像爸爸一樣溫暖的玉琳哥 ✨
謝謝你一直以來的疼愛和照顧！ 原本有點猶豫要不要發文，但藉著父親節這個機會，想跟你說聲加油！
我相信你一定會快快康復的✨ 會一直等你、一直為你加油！💪",2025年8月8日 星期五 上午12:39,,"Photo by 이아영 on August 07, 2025.",10000,117,62,99,https://www.threads.com/@dominospizza_tw/post/DNExsh7zWqo,🥰爸爸節快樂！美樂代言人,2025年8月8日 星期五 上午8:54,,,18,,,
vicvichuang,https://www.threads.com/@vicvichuang/post/DND1L1iv5J3,週末看來不用煩惱要吃什麼了！！,2025年8月8日 星期五 上午12:05,@dominospizza_tw,,1,1,,,https://www.threads.com/@dominospizza_tw/post/DNEuEK4TnL3,吃吃吃,2025年8月8日 星期五 上午8:22,,,1,,,
guji_0727,https://www.threads.com/@guji_0727/post/DNDVscsTo0c,大家今年父親節餐都吃了什麼～,2025年8月7日 星期四 下午7:30,,,10,11,,,https://www.threads.com/@dominospizza_tw/post/DND0hJaJp7L,披薩🍕,2025年8月7日 星期四 下午11:59,,,4,,,
data_homerun,https://www.threads.com/@data_homerun/post/DNCdNi0PFvx,"中華職棒
小編蠻好奇大家是什麼原因開始看棒球的🤔 1 / 2",2025年8月7日 星期四 上午11:16,,,78,96,,2,https://www.threads.com/@dominospizza_tw/post/DNDz-6TpQ4g,我骰到六🎲台灣贏的那次,2025年8月7日 星期四 下午11:54,,,13,,,
basketball_biji,https://www.threads.com/@basketball_biji/post/DNDf_Q-SGjB,"亞洲盃
中華男籃以87-60大勝伊拉克 成功奪下亞洲盃二連勝！ 1 / 2",2025年8月7日 星期四 下午9:00,,,355,3,,11,https://www.threads.com/@dominospizza_tw/post/DNDk3DeRFMV,超棒👍吃披薩慶祝👏,2025年8月7日 星期四 下午9:42,,,5,,,
nini5k6,https://www.threads.com/@nini5k6/post/DNDd5MCBJ9Y,"亞洲盃
✌️連勝🏀🏀
中華男籃今天在亞洲盃分組預賽第2戰，面對伊拉克全員都有發揮，以林庭謙拿22分最高，阿巴西13分、馬建豪9分，高柏鎧也有10籃板6分進帳，順利以87比60搶下2連勝。
圖／FIBA",2025年8月7日 星期四 下午8:41,,"Photo by 草莓🍓 on August 07, 2025. | Photo by 草莓🍓 on August 07, 2025. | Photo by 草莓🍓 on August 07, 2025. | Photo by 草莓🍓 on August 07, 2025. | Photo by 草莓🍓 on August 07, 2025. | Photo by 草莓🍓 on August 07, 2025.",901,32,14,8,https://www.threads.com/@dominospizza_tw/post/DNDktlNxH42,台灣難波萬,2025年8月7日 星期四 下午9:41,,,13,1,,2
fuwenyu40,https://www.threads.com/@fuwenyu40/post/DNDgEmEyO05,你最愛台灣我也最愛你以後pizza唯一支持,2025年8月7日 星期四 下午9:00,@dominospizza_tw,,2,1,,,https://www.threads.com/@dominospizza_tw/post/DNDkPDbx4Vw,小編愛棒球也愛籃球！台灣Go Go Go!,2025年8月7日 星期四 下午9:37,,,2,,,
lulu_s.f.666,https://www.threads.com/@lulu_s.f.666/post/DNDhO4YhFqu,已訂購！！準備明天慶祝了！！！！ 嘻嘻 這是一定要的吧😍😍💜,2025年8月7日 星期四 下午9:10,@dominospizza_tw,,2,1,,,https://www.threads.com/@dominospizza_tw/post/DNDkK_zRPRX,要！希望台灣繼續贏！,2025年8月7日 星期四 下午9:36,,,2,1,,
mickey.080406,https://www.threads.com/@mickey.080406/post/DNDZmMEzWqG,誰準你深夜放毒的!!!您好我吃一點和牛 ⣿⣿⣿⣿⣿⣿⠟⠀⠹⣿⣿⣿⣿⣿⣿⣿⣿⣿⣿⣿⣿⣿⣿ ⣿⣿⣿⣿⣿⣿⠇⠀⠀⠈⠿⣿⣿⣿⣿⣿⣿⣿⣿⣿⣿⣿⣿ ⣿⣿⣿⡿⠋⠀⠀⠀⠀⠀⠀⠀⠀⠉⠻⣿⣿⣿⣿⣿⣿⣿⣿ ⣿⡿⠋⠀⠀⠀⠀⠀⠀⠀⠀⠀⠀⠀⠀⢿⣿⣿⣿⣿⣿⣿⣿ ⠀⠀⠀⠀⠀⠀⠀⠀⠀⠀⠀⠀⠀⠀⠀⣠⣿⣿⣿⣿⣿⣿⣿ ⠀⠀⠀⠀⠀⠀⠀⠀⠀⠀⠀⣤⣶⣶⣿⣿⣿⣿⣿⣿⣿⣿⣿ ⠀⠀⠀⠀⠀⠀⠀⠀⢀⣶⣿⣿⣿⣿⣿⣿⣿⣿⣿⣿⣿⣿⣿ ⠀⠀⠀⠀⠀⠀⠀⢀⣿⣿⣿⣿⠿⣿⠿⣿⣿⣿⣿⣿⣿⣿⣿ ⠀⠀⠀⠀⠀⠀⠀⠿⠿⠿⠿⠏⠛⠀⠀⢈⠻⢿⣿⣿⣿⣿⣿ ⠀⠀⠀⠀⠀⠀⠀⠀⠀⠀⠀⣀⣤⣤⣶⣶⣦⣭⣐⣹⣿⣿⣿ ⠀⠀⠀⠀⠀⠀⢀⣤⣶⣿⣿⣿⣿⣿⣿⣿⣿⣿⣿⣿⣿⣿⣿,2025年8月7日 星期四 下午8:04,@jenny_xu1110,,3,1,,,https://www.threads.com/@dominospizza_tw/post/DNDcF8mxHBv,我也想吃😋,2025年8月7日 星期四 下午8:26,,,,,,
imthedogofuna,https://www.threads.com/@imthedogofuna/post/DM-bYTNzOQg,可以給我優惠嗎（沒有啦,2025年8月5日 星期二 下午9:43,@dominospizza_tw,,1,1,,,https://www.threads.com/@dominospizza_tw/post/DM-bcFvpANj,可以😌,2025年8月5日 星期二 下午9:44,,,,1,,
goodcatluck,https://www.threads.com/@goodcatluck/post/DM9o21BxE5J,原來火山熔岩披薩是這樣來的啊～,2025年8月5日 星期二 下午2:22,@dominospizza_tw,,1,1,,,https://www.threads.com/@dominospizza_tw/post/DM-bX2dpftG,竟然被你發現了,2025年8月5日 星期二 下午9:43,,,1,,,
imthedogofuna,https://www.threads.com/@imthedogofuna/post/DM-IscdptiN,哇靠本人,2025年8月5日 星期二 下午7:00,@dominospizza_tw,,1,1,,,https://www.threads.com/@dominospizza_tw/post/DM-bVKFJOOs,對 本尊喔💋,2025年8月5日 星期二 下午9:43,,,,1,,
idcici1130,https://www.threads.com/@idcici1130/post/DM-LTTAPxa9,苗圃登山口➡️主峰➡️冷水坑登山口➡️主峰➡️小油坑登山口➡️主峰➡️苗圃登山口 暑假限定🤣,2025年8月5日 星期二 下午7:23,@dominospizza_tw,,7,2,,1,https://www.threads.com/@dominospizza_tw/post/DM-ODsLRz1L,專業請帶爬,2025年8月5日 星期二 下午7:47,,,2,1,,
imthedogofuna,https://www.threads.com/@imthedogofuna/post/DM-GW1QJ5fR,達美樂大披薩,2025年8月5日 星期二 下午6:39,@megapxmart,,2,2,,,https://www.threads.com/@dominospizza_tw/post/DM-HNW_xdEi,🔥🌋,2025年8月5日 星期二 下午6:47,,,,1,,
weiweijenjen,https://www.threads.com/@weiweijenjen/post/DM9sXfZxGbV,突然好想吃零食，該吃什麼好？,2025年8月5日 星期二 下午2:52,,,131,105,1,1,https://www.threads.com/@dominospizza_tw/post/DM-F0P6x9zq,火山披薩,2025年8月5日 星期二 下午6:35,,,5,1,,
begoodpeople1993,https://www.threads.com/@begoodpeople1993/post/DM9QpzYTR9h,這是什麼pizza 遠征軍？😂,2025年8月5日 星期二 上午10:50,@dominospizza_tw,,,1,,,https://www.threads.com/@dominospizza_tw/post/DM-Fx4axyEX,魔戒電影？ 還是星戰？,2025年8月5日 星期二 下午6:34,,,,,,
liaa8627,https://www.threads.com/@liaa8627/post/DM9iGILSD2m,CEO也太帥了！！！！,2025年8月5日 星期二 下午1:23,@dominospizza_tw,,1,1,,,https://www.threads.com/@dominospizza_tw/post/DM-Fvdfxu5t,不知道他會不會看到這則留言😊,2025年8月5日 星期二 下午6:34,,,,,,
moamour,https://www.threads.com/@moamour/post/DM-AYuQPuVO,據說是跑過一次就會愛上的活動,2025年8月5日 星期二 下午5:47,@dominospizza_tw,,1,1,,,https://www.threads.com/@dominospizza_tw/post/DM-FpdDxlXi,真的嗎,2025年8月5日 星期二 下午6:33,,,,,,
sungtzuchiang,https://www.threads.com/@sungtzuchiang/post/DM9keHASyfC,就是老闆第一次爬上山頂忘記帶旗子~ 回去帶好旗子 第二次爬上山忘記帶竿子~ 再回去拿竿子~ 第三次爬上山卻發現忘記帶小編.... 就...算了= =,2025年8月5日 星期二 下午1:43,@dominospizza_tw,,12,1,,,https://www.threads.com/@dominospizza_tw/post/DM-Fnx2xg8x,哈哈哈啊哈哈哈,2025年8月5日 星期二 下午6:33,,,3,,,
a25211521,https://www.threads.com/@a25211521/post/DM9c0_cRqZJ,白沙屯媽祖的「三進三退」指的是在抵達目的地廟宇前，鑾轎會進行三次前後移動的儀式，這是一種向當地神明致敬的古禮。 民眾會高喊「進喔！」來表達恭迎和歡迎，並為媽祖開道，確保鑾轎順利進入廟宇。,2025年8月5日 星期二 下午12:37,@dominospizza_tw,,10,1,1,,https://www.threads.com/@dominospizza_tw/post/DM9d6W0R3E3,長知識了,2025年8月5日 星期二 下午12:46,,,,,,
sfamchang,https://www.threads.com/@sfamchang/post/DM9doWKvh9A,來回爬上山頂3次,2025年8月5日 星期二 下午12:44,@dominospizza_tw,,2,1,,,https://www.threads.com/@dominospizza_tw/post/DM9d5cXxeYO,真假！很累耶,2025年8月5日 星期二 下午12:46,,,,,,
mkttedtalk,https://www.threads.com/@mkttedtalk/post/DM8HLl4vl-V,建議在山上設一張小石桌 嘿對 造型要跟比薩中間那個三角小圓桌一樣,2025年8月5日 星期二 上午12:08,@dominospizza_tw,,2,1,,,https://www.threads.com/@dominospizza_tw/post/DM8_1VPTUpf,有點難想像 但小編努力,2025年8月5日 星期二 上午8:23,,,2,,,
li_tse_kian_kevin,https://www.threads.com/@li_tse_kian_kevin/post/DM8wy2hzNs-,"登上 大小七星X大小Ursa熊、 難度跟涉越 Rubicon有的比。
大概要 Kavalan *Haggis X 豬血糕為限定披薩 topping 做紀念才夠勁。",2025年8月5日 星期二 上午6:12,@dominospizza_tw,,4,1,,,https://www.threads.com/@dominospizza_tw/post/DM8_zrFz-cb,我筆記📝 太補了,2025年8月5日 星期二 上午8:23,,,1,,,
hong_minah,https://www.threads.com/@hong_minah/post/DM7vUKuyCv3,"生活日常
鹿港達美樂晚上外送單很多吧 熊貓只有達美樂有開外送 全部店家暫時關閉😅😅😅",2025年8月4日 星期一 下午8:40,,"Photo by 洪敏兒 on August 04, 2025.",26,2,,,https://www.threads.com/@dominospizza_tw/post/DM7wNkDRnyJ,🍕🍕🍕,2025年8月4日 星期一 下午8:47,,,5,,,
mr.wei_861003,https://www.threads.com/@mr.wei_861003/post/DM7dePAvK5u,披薩樣子的有 好像是叫必勝客🤔,2025年8月4日 星期一 下午6:04,@dominospizza_tw,,,1,,,https://www.threads.com/@dominospizza_tw/post/DM7wG-QRGjt,我這裡是達美樂,2025年8月4日 星期一 下午8:47,,,,,,
water.h64,https://www.threads.com/@water.h64/post/DM7uw5ipaOL,怎麼第二張照片好像韓劇的特殊部隊在執行任務，帥的要命🤭,2025年8月4日 星期一 下午8:35,@dominospizza_tw,,4,1,,,https://www.threads.com/@dominospizza_tw/post/DM7wDNzRJvo,魷魚遊戲？ 還是藍色生死戀,2025年8月4日 星期一 下午8:46,,,2,1,,
quattro0979,https://www.threads.com/@quattro0979/post/DM7mDMtyY6h,做衝鋒旗或臂章,2025年8月4日 星期一 下午7:19,@dominospizza_tw,,1,1,,,https://www.threads.com/@dominospizza_tw/post/DM7v3qgR2aC,酷 我心動,2025年8月4日 星期一 下午8:44,,,,,,
yichuan_17,https://www.threads.com/@yichuan_17/post/DM7QGw1pVBY,三進七星山正好搭配骰子點數。三個登山口！ 打卡完成抽獎活動,2025年8月4日 星期一 下午4:07,@dominospizza_tw,,23,1,,,https://www.threads.com/@dominospizza_tw/post/DM7v2A1xSSr,結合大地遊戲？,2025年8月4日 星期一 下午8:44,,,1,2,,
haneda_seiya,https://www.threads.com/@haneda_seiya/post/DM7Z5OVzgPD,把臉弄在披薩上面出,2025年8月4日 星期一 下午5:32,@dominospizza_tw,,6,1,,,https://www.threads.com/@dominospizza_tw/post/DM7vy7TxztC,這樣怎麼吃…,2025年8月4日 星期一 下午8:44,,,1,,,
jesse91375,https://www.threads.com/@jesse91375/post/DM7oWxIPiZI,你們老闆真有趣😆,2025年8月4日 星期一 下午7:39,@dominospizza_tw,,2,1,,,https://www.threads.com/@dominospizza_tw/post/DM7vwZxR1l5,他很🔥,2025年8月4日 星期一 下午8:43,,,1,,,
1fan_farm,https://www.threads.com/@1fan_farm/post/DM7rEtovOxg,達美樂旗,2025年8月4日 星期一 下午8:03,@dominospizza_tw,,3,1,,,https://www.threads.com/@dominospizza_tw/post/DM7vuQAx5jg,大的 還是 小的,2025年8月4日 星期一 下午8:43,,,1,,,
starclgstar,https://www.threads.com/@starclgstar/post/DM7rscnVgRc,鳳梨披薩超人,2025年8月4日 星期一 下午8:08,@dominospizza_tw,,2,1,,,https://www.threads.com/@dominospizza_tw/post/DM7vrbPRexe,🫣,2025年8月4日 星期一 下午8:43,,,1,,,
and___su,https://www.threads.com/@and___su/post/DM7b9VbT5fG,CEO小卡 翻譯,2025年8月4日 星期一 下午5:50,@dominospizza_tw,,2,1,,,https://www.threads.com/@dominospizza_tw/post/DM7kEEARzxy,真的嗎……？,2025年8月4日 星期一 下午7:01,,,3,1,,
6o9_yeh,https://www.threads.com/@6o9_yeh/post/DM7gce3y31G,請出小卡。,2025年8月4日 星期一 下午6:30,@dominospizza_tw,,,1,,,https://www.threads.com/@dominospizza_tw/post/DM7kBGSxnB0,你們要確喔！不可以害我滯銷 哈哈,2025年8月4日 星期一 下午7:01,,,2,,,
muscat_518daily,https://www.threads.com/@muscat_518daily/post/DM7WrpCy7rC,要不要出蚵仔煎口味的,2025年8月4日 星期一 下午5:04,@dominospizza_tw,,,1,,,https://www.threads.com/@dominospizza_tw/post/DM7j3UGRppp,很有興趣,2025年8月4日 星期一 下午7:00,,,2,,,
pearltseng0908,https://www.threads.com/@pearltseng0908/post/DM7erlSPnVg,紙盒上印帥CEO的照片 我膚淺 我會買😂,2025年8月4日 星期一 下午6:14,@dominospizza_tw,,4,1,,,https://www.threads.com/@dominospizza_tw/post/DM7j1_YxHmY,真的嗎😧 我要開始設計,2025年8月4日 星期一 下午6:59,,,1,,,
gamekingplay,https://www.threads.com/@gamekingplay/post/DM7S6uERxUn,披薩買大送大 再送一包七星(大誤,2025年8月4日 星期一 下午4:31,@dominospizza_tw,,1,1,,,https://www.threads.com/@dominospizza_tw/post/DM7jz24xEaL,不可以這樣啦,2025年8月4日 星期一 下午6:59,,,3,,,
missisis2003,https://www.threads.com/@missisis2003/post/DM7iXC-ThNS,弄個握手會怎麼樣？買一個個人比薩可以握手一次😄,2025年8月4日 星期一 下午6:46,@dominospizza_tw,,9,1,,,https://www.threads.com/@dominospizza_tw/post/DM7jyVhx9Ev,你們真的要？ 我來鬧老闆,2025年8月4日 星期一 下午6:59,,,6,1,,
michael_c.y._lin9350,https://www.threads.com/@michael_c.y._lin9350/post/DM7UPKRpdhS,要不要嘗試做跟七星山或七個星星有相關主題的披薩？,2025年8月4日 星期一 下午4:43,@dominospizza_tw,,1,1,,1,https://www.threads.com/@dominospizza_tw/post/DM7jsIIxO7g,正在研發,2025年8月4日 星期一 下午6:58,,,2,,,
hao_x_how,https://www.threads.com/@hao_x_how/post/DM7UpeozmfL,七星形狀腳架,2025年8月4日 星期一 下午4:47,@dominospizza_tw,"Photo by T²豪 on August 04, 2025.",55,2,,,https://www.threads.com/@dominospizza_tw/post/DM7jrWqxPIb,笑死我了啦,2025年8月4日 星期一 下午6:58,,,4,,,
1125_weiting,https://www.threads.com/@1125_weiting/post/DM7VhiMTbsg,小編 我想問棒球場的套餐飲料都不能換 請問能否把可樂做成可換（想換水或果汁）🥹,2025年8月4日 星期一 下午4:54,@dominospizza_tw,,2,1,,,https://www.threads.com/@dominospizza_tw/post/DM7jqdARtiP,小編來建議,2025年8月4日 星期一 下午6:58,,,2,,,
abcdefghi3117,https://www.threads.com/@abcdefghi3117/post/DM7QoXdPTSH,直接把這帥臉印在披薩上,2025年8月4日 星期一 下午4:11,@dominospizza_tw,,183,3,,,https://www.threads.com/@dominospizza_tw/post/DM7jpYRRNpP,你們會點來吃？,2025年8月4日 星期一 下午6:58,,,32,1,,
hooooka_,https://www.threads.com/@hooooka_/post/DM6kt7lvtD3,我頭上,2025年8月4日 星期一 上午9:48,@dominospizza_tw,,,1,,,https://www.threads.com/@dominospizza_tw/post/DM6oW7_R8mw,啊🤔,2025年8月4日 星期一 上午10:20,,,,,,
yschen1213,https://www.threads.com/@yschen1213/post/DM6l3DLT-_K,反正不會在必勝客,2025年8月4日 星期一 上午9:58,@dominospizza_tw,,1,1,,,https://www.threads.com/@dominospizza_tw/post/DM6oVJcRpcF,我這篇沒有辦抽獎 收買粉絲 😆,2025年8月4日 星期一 上午10:19,,,,,,
yuanyu_lin,https://www.threads.com/@yuanyu_lin/post/DM6g1ashUaI,大屯火山,2025年8月4日 星期一 上午9:14,@dominospizza_tw,,1,1,,,https://www.threads.com/@dominospizza_tw/post/DM6hUo5z3QJ,😧 好酷,2025年8月4日 星期一 上午9:18,,,,,,
jordan.01___,https://www.threads.com/@jordan.01___/post/DM6f4mAyxBJ,問問伍佰,2025年8月4日 星期一 上午9:05,@dominospizza_tw,,2,1,,,https://www.threads.com/@dominospizza_tw/post/DM6hRiuz1s1,幫我Tag,2025年8月4日 星期一 上午9:18,,,,,,
thinredline1854,https://www.threads.com/@thinredline1854/post/DM6fq5VSBb-,台北的大屯火山群⋯,2025年8月4日 星期一 上午9:04,@dominospizza_tw,,22,2,,,https://www.threads.com/@dominospizza_tw/post/DM6fvqHTIdk,那麼近！,2025年8月4日 星期一 上午9:04,,,2,1,,
tw_baseballsouffle,https://www.threads.com/@tw_baseballsouffle/post/DM2TdY8vdPi,@dominospizza_tw,2025年8月2日 星期六 下午6:00,@hypotato_chips,,7,1,,,https://www.threads.com/@dominospizza_tw/post/DM6fngtT0u8,🫡 蚵仔煎洋芋片披薩🍕,2025年8月4日 星期一 上午9:03,,,4,1,,
_tingqi_804,https://www.threads.com/@_tingqi_804/post/DM6aH66zXyT,我今天生日😆剛好當生日餐,2025年8月4日 星期一 上午8:15,@dominospizza_tw,,,1,,,https://www.threads.com/@dominospizza_tw/post/DM6b3cYz6t6,很可以！全新火山絕對🔥絕對好吃😋,2025年8月4日 星期一 上午8:30,,,1,,,
cat_halfchef,https://www.threads.com/@cat_halfchef/post/DM5cBkGzRa-,"達美樂起司火山披薩
昨兒生日 難得吃一些高熱量但豪好吃的罪惡食物 達美樂的起司火山披薩我已經觀望很久了 趁著生日 又剛好有五折優惠 去訂了一個經典大四喜回來
餅皮口感不是厚的，吃起來口感剛好 中心的起司量也足夠沾 我們連另外買的炸雞也拿來沾起司醬 大大滿足😋👍
愛台灣的達美樂披薩，一定要推一個👍
#美食",2025年8月3日 星期日 下午11:13,,"Photo by 貓俬廚 on August 03, 2025. | Photo by 貓俬廚 on August 03, 2025.",5,1,,,https://www.threads.com/@dominospizza_tw/post/DM5iFJupGKA,謝謝 我愛你們,2025年8月4日 星期一 上午12:05,,,3,,,
mmg10.05,https://www.threads.com/@mmg10.05/post/DM44wJxx0LH,火了 火了 火了,2025年8月3日 星期日 下午6:04,@dominospizza_tw,"Photo by @mmg10.05 on August 03, 2025.",9,1,,,https://www.threads.com/@dominospizza_tw/post/DM5bpsax3xD,真的火火火,2025年8月3日 星期日 下午11:09,,,1,,,
lyon_liu,https://www.threads.com/@lyon_liu/post/DM4JKR7SsEp,火說三次？那是火山披薩外送買大送大送大？🤣題外話，你們ＣＥＯ是澳洲過去台灣的，我還是沒看到app有火山披薩…🥲 G’day mate. When can I get volcano pizza here in straya,2025年8月3日 星期日 上午11:08,@dominospizza_tw,,,1,,,https://www.threads.com/@dominospizza_tw/post/DM4LEZ1RK05,👇👇👇 來囉,2025年8月3日 星期日 上午11:25,,"Photo by 達美樂披薩 on August 02, 2025.",2,1,,
lyon_liu,https://www.threads.com/@lyon_liu/post/DM4IiFayFaQ,點火山披薩外送買大送大活動到8月底？,2025年8月3日 星期日 上午11:03,@dominospizza_tw,,4,1,,,https://www.threads.com/@dominospizza_tw/post/DM4I2EXR7Px,不是！ 他說火了 火了 火了 …,2025年8月3日 星期日 上午11:06,,,2,1,,
serenahouse,https://www.threads.com/@serenahouse/post/DM2w9ewh0FC,這好cute!,2025年8月2日 星期六 下午10:18,@dominospizza_tw,,28,1,,,https://www.threads.com/@dominospizza_tw/post/DM275GaRnvs,謝謝你喜歡❤️,2025年8月2日 星期六 下午11:53,,,1,,,
xavier_tung,https://www.threads.com/@xavier_tung/post/DM2nyghpm5e,"達美樂
三個人吃這些應該及格吧",2025年8月2日 星期六 下午8:58,,"Photo by 漢 on August 02, 2025.",11,1,,,https://www.threads.com/@dominospizza_tw/post/DM2t-K3R5W-,可以 100分,2025年8月2日 星期六 下午9:52,,,3,,,
lijiawei01,https://www.threads.com/@lijiawei01/post/DM2rziuzP90,你害我好餓,2025年8月2日 星期六 下午9:33,@dominospizza_tw,,,1,,,https://www.threads.com/@dominospizza_tw/post/DM2sRSYxBEz,給你外帶五折,2025年8月2日 星期六 下午9:37,,,1,1,,
needingyoukimo,https://www.threads.com/@needingyoukimo/post/DM2rrrBzzsU,"這我用複製的
⠀⣠⠖⠛⠉⠙⠲⢤⠀⡠⠖⠋⠉⠛⠲⣄⠀ ⣼⠁⠀⠀⠀⠀⠀⠀⠛⠀⠀⠀⠀⠀⠀⠈⣧ ⣇⠀⠀⠀⠀⠀⠀⠀⠀⠀⠀⠀⠀⠀⠀⠀⣸ ⠹ 我要學愛心 ⠀⠙⢦⡀⠀⠀⠀⠀⠀⠀⠀⠀⠀⠀⡰⠋⠀ ⠀⠀⠀⠙⢦⡀⠀⠀⠀⠀⠀⢀⡴⠋⠀⠀⠀ ⠀⠀⠀⠀⠀⠙⢦⡀⠀⢀⡴⠋⠀⠀⠀⠀⠀ ⠀⠀⠀⠀⠀⠀⠀⠙⣦⠋⠀⠀⠀⠀⠀⠀",2025年8月2日 星期六 下午9:32,@dominospizza_tw,,1,1,,1,https://www.threads.com/@dominospizza_tw/post/DM2sKZMR8c7,你會了！ 以後可以繼續買達美樂,2025年8月2日 星期六 下午9:36,,,,1,,
winni_lao,https://www.threads.com/@winni_lao/post/DM2oklExE2_,小編好會！ 不愧是我最愛的Pizza品牌！,2025年8月2日 星期六 下午9:04,@dominospizza_tw,,4,1,,,https://www.threads.com/@dominospizza_tw/post/DM2prZXxkgN,我愛你,2025年8月2日 星期六 下午9:14,,,5,,,
needingyoukimo,https://www.threads.com/@needingyoukimo/post/DM2awddzR7R,愛心怎麼弄？不教我，我就再也不買達美樂（情勒出動🤣）,2025年8月2日 星期六 下午7:04,@dominospizza_tw,,11,1,,,https://www.threads.com/@dominospizza_tw/post/DM2ppD3Raxw,我… 教你,2025年8月2日 星期六 下午9:14,,,2,4,,
teresa_.0324,https://www.threads.com/@teresa_.0324/post/DMynHSqyAAy,講一個很紅 但你不懂的東西 1 / 2,2025年8月1日 星期五 上午7:35,,,9667,831,41,137,https://www.threads.com/@dominospizza_tw/post/DM0F9W9xizt,火山披薩🍕,2025年8月1日 星期五 下午9:24,,,2,,,
icecream.linlin,https://www.threads.com/@icecream.linlin/post/DMxdvmfSwJT,大概不知道達爾文是什麼，只知道達美樂,2025年7月31日 星期四 下午8:54,@akira.hsu,,1,1,,,https://www.threads.com/@dominospizza_tw/post/DM0FFobRJz3,我也是,2025年8月1日 星期五 下午9:16,,,1,1,,
asih4567,https://www.threads.com/@asih4567/post/DMxfmsdPVpd,哈哈達美樂還是必勝客,2025年7月31日 星期四 下午9:10,@lulu680520,,,1,,,https://www.threads.com/@dominospizza_tw/post/DM0FEaGxfGK,達美樂,2025年8月1日 星期五 下午9:16,,,1,1,,
kai_c8858,https://www.threads.com/@kai_c8858/post/DMyqfs-z2ao,沒辦法從小被達美樂洗腦🥲,2025年8月1日 星期五 上午8:04,@emina3.6,,1,2,,,https://www.threads.com/@dominospizza_tw/post/DM0FA-7RSfR,我… 怎麼了,2025年8月1日 星期五 下午9:15,,,,,,
yschen1213,https://www.threads.com/@yschen1213/post/DMzuJdXTZ8z,達美樂的球場套餐幹嘛只能配地瓜球 要是地瓜球能換成雅英小卡就好了,2025年8月1日 星期五 下午5:55,,,1,1,,,https://www.threads.com/@dominospizza_tw/post/DM0E0CBxwPK,小卡卡很多店發完了….🥹,2025年8月1日 星期五 下午9:13,,,1,,,
popokkdd,https://www.threads.com/@popokkdd/post/DMzoelIR2nI,什麼時候雙層薄脆吉心要回歸….,2025年8月1日 星期五 下午5:06,@dominospizza_tw,,1,1,,,https://www.threads.com/@dominospizza_tw/post/DM0EmIbxNjp,為了你🥰 夠義氣吧,2025年8月1日 星期五 下午9:12,,"Photo by 達美樂披薩 on August 01, 2025.",,,,
yyyoungggggg,https://www.threads.com/@yyyoungggggg/post/DMzOQ-tJolE,明天會來看我嗎~~? 想跟我一起度過甜甜的一天的人～舉手～🙋🏻🙋🏻‍♀️🙋🏻‍♂️,2025年8月1日 星期五 下午1:17,,"Photo by 이아영 on July 31, 2025.",11000,173,38,103,https://www.threads.com/@dominospizza_tw/post/DMzmqYwRaaV,我想帶披薩去💗,2025年8月1日 星期五 下午4:50,,,25,,,
kai_c8858,https://www.threads.com/@kai_c8858/post/DMxfIyvTI8Y,8825252達美樂打了沒 小編你新來的喔,2025年7月31日 星期四 下午9:06,@dominospizza_tw,,1,2,,,https://www.threads.com/@dominospizza_tw/post/DMyxAy_z_9P,🥹,2025年8月1日 星期五 上午9:01,,,,,,
apple730812,https://www.threads.com/@apple730812/post/DMxRCllzUnx,昨天吃過了啦、哈哈,2025年7月31日 星期四 下午7:03,@dominospizza_tw,,,1,,,https://www.threads.com/@dominospizza_tw/post/DMxRJEFxRfo,💗 下禮拜再吃一次,2025年7月31日 星期四 下午7:04,,,1,1,,
cc.091_,https://www.threads.com/@cc.091_/post/DMniBAkymnZ,"Threads
把你們拍的美食給我看，我餓了",2025年7月28日 星期一 上午12:19,,"Photo by 蚊ㄗ🦟 on July 27, 2025.",55,113,1,2,https://www.threads.com/@dominospizza_tw/post/DMpt_ITx5pq,可以放廣告圖圖嗎,2025年7月28日 星期一 下午8:42,,"Photo by 達美樂披薩 on July 28, 2025.",3,,,
zih_268213,https://www.threads.com/@zih_268213/post/DMptp0QyaPC,是你🫶,2025年7月28日 星期一 下午8:39,@dominospizza_tw,,1,1,,,https://www.threads.com/@dominospizza_tw/post/DMptsW1Rfa1,我臉紅了☺️,2025年7月28日 星期一 下午8:39,,,1,,,
sreetbank,https://www.threads.com/@sreetbank/post/DMptmcDRXN7,你想對我做什麼❗️,2025年7月28日 星期一 下午8:38,@dominospizza_tw,,,1,,,https://www.threads.com/@dominospizza_tw/post/DMptpskRObt,我沒有 無辜🥺,2025年7月28日 星期一 下午8:39,,,1,2,,
zih_268213,https://www.threads.com/@zih_268213/post/DMprTB_ygTc,,2025年7月28日 星期一 下午8:18,@dominospizza_tw,"Photo by 𖡎.ᴢɪʜ on July 28, 2025.",4,1,,,https://www.threads.com/@dominospizza_tw/post/DMptQbmRPyy,我？ 還是雅英,2025年7月28日 星期一 下午8:35,,,1,1,,
sreetbank,https://www.threads.com/@sreetbank/post/DMpscOZRxk_,媽呀，好厲害👍,2025年7月28日 星期一 下午8:28,@dominospizza_tw,,,1,,,https://www.threads.com/@dominospizza_tw/post/DMptPDXxUIX,誰！誇獎我嗎,2025年7月28日 星期一 下午8:35,,,1,1,,
milk_202407,https://www.threads.com/@milk_202407/post/DMpr0IizKkZ,披薩來一點🤔,2025年7月28日 星期一 下午8:23,@dominospizza_tw,"Photo by 雪花 on July 28, 2025.",1,1,,,https://www.threads.com/@dominospizza_tw/post/DMptN9SRZvm,大披薩夠吃嗎,2025年7月28日 星期一 下午8:35,,,,1,,
nike630911,https://www.threads.com/@nike630911/post/DMpshYAPlTA,,2025年7月28日 星期一 下午8:29,@dominospizza_tw,"Photo by 李阿哲 on July 28, 2025.",,1,,,https://www.threads.com/@dominospizza_tw/post/DMptMmSx4bj,這… 可能要吃巨無霸披薩🍕,2025年7月28日 星期一 下午8:35,,,1,,,
leooocheng,https://www.threads.com/@leooocheng/post/DMmTQA2yW24,"高雄美食
說出你自家最最最招牌的美食 只能選擇一個 你會推薦什麼😏
（好吃可以再訪再推薦給身旁的人～）",2025年7月27日 星期日 下午12:50,,,32,48,,1,https://www.threads.com/@dominospizza_tw/post/DMnJh9LxHot,😋,2025年7月27日 星期日 下午8:45,,"Photo by 達美樂披薩 on July 27, 2025.",3,,,
c.cheng22,https://www.threads.com/@c.cheng22/post/DMnIiCDTEbC,28號繼續吃起來？🤣🤣🤣,2025年7月27日 星期日 下午8:36,@dominospizza_tw,,3,1,,,https://www.threads.com/@dominospizza_tw/post/DMnJcYURB68,可以！小編不會那麼壞 換換新的遊戲規則,2025年7月27日 星期日 下午8:44,,,2,,,
paxiex,https://www.threads.com/@paxiex/post/DMm5Q9OvNzK,吃完一個達美樂披薩然後血糖太高睡了兩個小時ㄉme 家人：你不是好好吃飯，是吃太好了... 2 / 2,2025年7月27日 星期日 下午6:22,@paxiex,"Photo by 阿力 on July 27, 2025.",6,2,,,https://www.threads.com/@dominospizza_tw/post/DMnILwOxTi4,幸福,2025年7月27日 星期日 下午8:33,,,1,,,
lizhongwei27,https://www.threads.com/@lizhongwei27/post/DMnG0KuSX7J,想請教一下小編大大，雅英小卡的活動到什麼時候？,2025年7月27日 星期日 下午8:21,@dominospizza_tw,,2,1,,,https://www.threads.com/@dominospizza_tw/post/DMnIDWARoLc,您好！ 每一家店發完為止喔！目前已經有門市回報送完囉～ 謝謝大家支持,2025年7月27日 星期日 下午8:32,,,1,,,
tom0911385149,https://www.threads.com/@tom0911385149/post/DMm2Rj9SMX0,"喔！那要嘗試研發憨吉餅皮口味的嗎？雅英、阿勇一人分飾兩角,雅英演啦啦隊阿勇演球員,搭配達美樂當口號拍成廣告,我的腦海裏已經開始出現那個場景了",2025年7月27日 星期日 下午5:56,@dominospizza_tw,,,1,,,https://www.threads.com/@dominospizza_tw/post/DMnF3kZR1nR,我很有興趣,2025年7月27日 星期日 下午8:13,,,,1,,
tom0911385149,https://www.threads.com/@tom0911385149/post/DMmbgu7Sx4V,達美樂不找她代言嗎？,2025年7月27日 星期日 下午2:02,@haowei_t,,2,3,,,https://www.threads.com/@dominospizza_tw/post/DMm0M75x5Fb,要🥳,2025年7月27日 星期日 下午5:38,,,1,1,,
yyyoungggggg,https://www.threads.com/@yyyoungggggg/post/DMkuKMxJ8C-,因為 心情超好但沒有自拍可以發 😹 我真的要多拍一點自拍啦～ 今天一起應援的每一位都辛苦了！ 這是一場又幸福又開心的應援～ 我真的超愛我們隊的 ㅠㅠㅠㅠㅠ！🫶🏻🫶🏻🫶🏻🥹💙💙,2025年7月26日 星期六 下午10:07,,"Photo by 이아영 on July 26, 2025.",8548,125,39,73,https://www.threads.com/@dominospizza_tw/post/DMl5qsxz-zR,美麗又帶來歡樂的女神🍕,2025年7月27日 星期日 上午9:07,,,34,,,
fwb.manzai,https://www.threads.com/@fwb.manzai/post/DMj-9VySd-R,肯定是要大喜利 大爆笑,2025年7月26日 星期六 下午3:14,@dominospizza_tw,,36,1,1,,https://www.threads.com/@dominospizza_tw/post/DMj_IFxRZgR,那 大披薩大可樂 呢,2025年7月26日 星期六 下午3:16,,,4,,,
4231_bukayo,https://www.threads.com/@4231_bukayo/post/DMj9WXbvGdf,如果是”必勝”客可能就不能這樣玩了,2025年7月26日 星期六 下午3:00,@dominospizza_tw,,2,1,,,https://www.threads.com/@dominospizza_tw/post/DMj-8flRsv7,小編只是在測試新功能😙😙,2025年7月26日 星期六 下午3:14,,,3,,,
jamieyanyan,https://www.threads.com/@jamieyanyan/post/DMj9CcvPneI,,2025年7月26日 星期六 下午2:58,@dominospizza_tw,"Photo by Jamie Yan on July 25, 2025.",,1,,,https://www.threads.com/@dominospizza_tw/post/DMj-1F1R1aF,你好👋 乾杯🍻,2025年7月26日 星期六 下午3:13,,,2,,,
syuan_bubble,https://www.threads.com/@syuan_bubble/post/DMj9VZhxbJs,吃披薩看開票,2025年7月26日 星期六 下午3:00,@dominospizza_tw,"Photo by @syuan_bubble on July 26, 2025.",1,1,,,https://www.threads.com/@dominospizza_tw/post/DMj-yXGRv4a,喵～可愛😻,2025年7月26日 星期六 下午3:13,,,,,,
_weihanwang_,https://www.threads.com/@_weihanwang_/post/DMj9zHRx_ZU,我同意大披薩大可樂😉,2025年7月26日 星期六 下午3:04,@dominospizza_tw,,33,1,,,https://www.threads.com/@dominospizza_tw/post/DMj-u8MRUE6,你很皮喔喔喔喔 不要害小編🥹,2025年7月26日 星期六 下午3:13,,,13,,,
wolo4_25,https://www.threads.com/@wolo4_25/post/DMj-JcKB4e-,我家沒有打美樂 茶爸😭,2025年7月26日 星期六 下午3:07,@dominospizza_tw,"Photo by 啊 on July 26, 2025.",,1,,,https://www.threads.com/@dominospizza_tw/post/DMj-rVhxrRZ,外帶給你5折大披薩,2025年7月26日 星期六 下午3:12,,,,,,
boheqiaokelisuibingbing,https://www.threads.com/@boheqiaokelisuibingbing/post/DMj9EUmPIpq,怎麼還有藍色的 好酷,2025年7月26日 星期六 下午2:58,@dominospizza_tw,,,1,,,https://www.threads.com/@dominospizza_tw/post/DMj9VBLx5Ms,我變大魔術😙,2025年7月26日 星期六 下午3:00,,,1,1,,
llc_turtle,https://www.threads.com/@llc_turtle/post/DMjuj93Tq3K,,2025年7月26日 星期六 下午12:51,@dominospizza_tw,"Photo by 小龜跑很快 on July 25, 2025.",11,1,,,https://www.threads.com/@dominospizza_tw/post/DMjxZcCRaoC,Ahhh…,2025年7月26日 星期六 下午1:16,,,1,,,
ming.ju.yang.2,https://www.threads.com/@ming.ju.yang.2/post/DMju4GZzKgl,大樂美 大了沒 28225252,2025年7月26日 星期六 下午12:54,@dominospizza_tw,,9,1,,,https://www.threads.com/@dominospizza_tw/post/DMjxXcXxm4G,哈哈 把我名字打錯 但我可以接受🤗,2025年7月26日 星期六 下午1:16,,,7,,,
jesse91375,https://www.threads.com/@jesse91375/post/DMjr0owvDWI,小編，很會玩！,2025年7月26日 星期六 下午12:27,@dominospizza_tw,,,1,,,https://www.threads.com/@dominospizza_tw/post/DMjsIOxxLRh,小編，很愛大披薩,2025年7月26日 星期六 下午12:30,,,2,1,,
n_ys_m,https://www.threads.com/@n_ys_m/post/DMjrEVoySL2,懂 大火山大爆發,2025年7月26日 星期六 下午12:21,@dominospizza_tw,,1,1,,,https://www.threads.com/@dominospizza_tw/post/DMjrnjpxIrJ,懂！ 大火山 大家吃達美樂最好吃,2025年7月26日 星期六 下午12:25,,,2,,,
,https://www.threads.com/@dominospizza_tw/post/DMjifzuxMnG,今天吃什麼,2025年7月26日 星期六 上午11:06,,,5065,158,166,374,https://www.threads.com/@dominospizza_tw/post/DMjrenLRFzi,大披薩 大家吃達美樂,2025年7月26日 星期六 下午12:24,,,6,,,
lyon_liu,https://www.threads.com/@lyon_liu/post/DMjqRSxSFyW,送到我家嗎🤣🤣🤣開玩笑,2025年7月26日 星期六 下午12:14,@dominospizza_tw,,,1,,,https://www.threads.com/@dominospizza_tw/post/DMjqZ47xsUG,你家在哪兒 我去😙,2025年7月26日 星期六 下午12:15,,,2,,,
ryanxblank,https://www.threads.com/@ryanxblank/post/DMiH8l-zOrB,結論！火山熔岩披薩！ 原版達美樂大勝！,2025年7月25日 星期五 下午9:55,,"Photo by Ryan Huang on July 25, 2025. | Photo by Ryan Huang on July 25, 2025.",7,1,,,https://www.threads.com/@dominospizza_tw/post/DMjpSG-x8Ig,謝謝正義！,2025年7月26日 星期六 下午12:05,,,6,,,
yunj1122,https://www.threads.com/@yunj1122/post/DMiGs2VS2Vs,達美樂就是要~買~起~來~☎️打了沒,2025年7月25日 星期五 下午9:44,@dominospizza_tw,,45,1,,,https://www.threads.com/@dominospizza_tw/post/DMjn6cLx6xW,大披薩外帶5折 大滿足,2025年7月26日 星期六 上午11:53,,,36,1,1,
cjs_toy,https://www.threads.com/@cjs_toy/post/DMjnb-dJ68V,喔喔還在想晚上吃什麼謝啦 大家吃大披薩🎉,2025年7月26日 星期六 上午11:49,@dominospizza_tw,,97,1,,,https://www.threads.com/@dominospizza_tw/post/DMjnocmRU4T,吃對家！達美樂愛大家,2025年7月26日 星期六 上午11:51,,,26,,,
s7777123,https://www.threads.com/@s7777123/post/DMXqnESyXig,🤣🤣🤣跟你買的,2025年7月21日 星期一 下午8:26,@dominospizza_tw,,1,1,,,https://www.threads.com/@dominospizza_tw/post/DMXuUQ9Rygq,明天再來喔！快沒了,2025年7月21日 星期一 下午8:58,,,1,,,
keke_foodietw,https://www.threads.com/@keke_foodietw/post/DMW_W4iTr1M,一人一句證明你是吃貨😋,2025年7月21日 星期一 下午2:08,,,8,5,,,https://www.threads.com/@dominospizza_tw/post/DMXqRVYx7K-,達美樂 打了沒,2025年7月21日 星期一 下午8:23,,,3,,,
s7777123,https://www.threads.com/@s7777123/post/DMXdbs7TJ9F,"李雅英
吃比薩拿雅英🥰 李雅英",2025年7月21日 星期一 下午6:31,,"Photo by 林士勛 on July 21, 2025. | Photo by 林士勛 on July 21, 2025. | Photo by 林士勛 on July 21, 2025.",22,5,,,https://www.threads.com/@dominospizza_tw/post/DMXqIOyR5nE,美美的 哪裡買的,2025年7月21日 星期一 下午8:22,,,2,1,,
h.z_1022,https://www.threads.com/@h.z_1022/post/DMXEJ_4xrN7,🍕必勝客和達美樂 你們選哪邊？🤣,2025年7月21日 星期一 下午2:50,,,7,25,,1,https://www.threads.com/@dominospizza_tw/post/DMXqDMcxDxG,秒選達美樂,2025年7月21日 星期一 下午8:21,,,2,,,
hsiangyeeeee,https://www.threads.com/@hsiangyeeeee/post/DMXiIDUB0Co,"澳洲生活
這禮拜開始澳洲達美樂大打折！ Large premium 原價19 現在半價只要9.5！ 超便宜的啦 這禮拜直接吃爆達美樂",2025年7月21日 星期一 下午7:12,,"Photo by James on July 21, 2025. | Photo by James on July 21, 2025. | Photo by James on July 21, 2025. | Photo by James on July 21, 2025.",196,4,3,586,https://www.threads.com/@dominospizza_tw/post/DMXqA_qRvrs,吃！,2025年7月21日 星期一 下午8:21,,,11,1,,2
babyduckdoo,https://www.threads.com/@babyduckdoo/post/DMW3jpIBzoL,"🔥出示圖片只要$ 38元耶😍
7/21-7/27到""達美樂門市""出示👇下圖 外帶『熔岩披薩馬芬』一顆只要 38 元！(限夏威夷口味)",2025年7月21日 星期一 下午1:00,,"Photo by 【🔮解憂雜貨店】各種優惠分享🪄 on July 20, 2025.",6,1,,4,https://www.threads.com/@dominospizza_tw/post/DMXhxwRxDAi,太划算喔喔喔喔,2025年7月21日 星期一 下午7:09,,,1,,,1
bearmotherlu,https://www.threads.com/@bearmotherlu/post/DMWoJLWSwT4,"達美樂起司火山披薩
昨天把沒吃完的火山pizza起司醬+7顆蛋=起司蛋，完全不浪費😆",2025年7月21日 星期一 上午10:45,,"Photo by LULU丨頑美 品牌創辦人 on July 20, 2025.",5,2,,,https://www.threads.com/@dominospizza_tw/post/DMXhtRPxlHY,我也想吃 在那裏,2025年7月21日 星期一 下午7:08,,,1,1,,
lunile_healing,https://www.threads.com/@lunile_healing/post/DMUcU7ITML3,我個人比較喜歡Pizza Rock，但如果這兩家二選一，我會選達美樂,2025年7月20日 星期日 下午2:23,@gsspa_glow_shine,,1,2,,,https://www.threads.com/@dominospizza_tw/post/DMVD5SbxPLC,謝謝☺️,2025年7月20日 星期日 下午8:09,,,1,,,
chingyang.pan,https://www.threads.com/@chingyang.pan/post/DMVClFMymCb,"下雨天 最適合吃披薩 看電視
#達美樂 #韓風豪爽套餐 #韓風炸雞火山披薩 #海鮮四喜",2025年7月20日 星期日 下午7:58,,"Photo by Pan Ching Yang on July 20, 2025. | Photo by Pan Ching Yang on July 20, 2025.",10,1,,,https://www.threads.com/@dominospizza_tw/post/DMVDwHtxr7G,豪爽！,2025年7月20日 星期日 下午8:08,,,2,,,
winniebaby1314,https://www.threads.com/@winniebaby1314/post/DMU8rMUydKk,對喔 ~不是發業配的喔🤣🤣 純開箱～ 歡迎大駕光臨，不甚榮幸❤️,2025年7月20日 星期日 下午7:06,@dominospizza_tw,,1,1,,,https://www.threads.com/@dominospizza_tw/post/DMVDti7RgAo,小編本人投給最正火山🌋❤️😘😍,2025年7月20日 星期日 下午8:07,,,,,,
watermelo978,https://www.threads.com/@watermelo978/post/DMUdgp8umAx,唯一選擇達美樂，正版熔岩才對味👍,2025年7月20日 星期日 下午2:34,@dominospizza_tw,"Photo by 領口亀山人 on July 19, 2025.",1,1,,,https://www.threads.com/@dominospizza_tw/post/DMUfnX2xDwr,好正！好香,2025年7月20日 星期日 下午2:52,,,1,,,
winniebaby1314,https://www.threads.com/@winniebaby1314/post/DMS4TsVyfoH,"披薩
颱風天🌀吃pizza 你是達美樂派還是必勝客？😂
最近兩家披薩界龍頭都出了韓式口味的pizza🍕 7/2達美樂跟李雅英聯名推出的——『韓式炸雞熔岩披薩』 449元 🌟達美樂餅皮比較脆，愛辣的喜歡
6/26必勝客和BT21聯名推出的——『韓風醬雪花牛搭配熔岩餅皮』 489元 🌟必勝客餅皮有芝心，比較厚實
#比薩 #必勝客 #達美樂 #颱風",2025年7月19日 星期六 下午11:58,,,5,3,,2,https://www.threads.com/@dominospizza_tw/post/DMUaCsfxWKC,謝謝，我們要發表獲勝感言嗎😉 （這篇不是小編發的🍃配）,2025年7月20日 星期日 下午2:03,,,4,1,,
gsspa_glow_shine,https://www.threads.com/@gsspa_glow_shine/post/DMT-ehqS6Lv,"pizza
假設今天的晚餐想吃pizza 你們會選達美樂還是必勝客 有長輩要吃的，有推薦什麼口味？！",2025年7月20日 星期日 上午10:02,,,5,8,,,https://www.threads.com/@dominospizza_tw/post/DMUZw8IxNB5,達美樂🍕,2025年7月20日 星期日 下午2:01,,"Photo by 達美樂披薩 on July 19, 2025.",3,1,,
paulchu0258,https://www.threads.com/@paulchu0258/post/DMRdqjjyr7d,球場會不會放眼望去，球迷的手上都是達美樂的盒子😆,2025年7月19日 星期六 上午10:37,@dominospizza_tw,,3,1,,,https://www.threads.com/@dominospizza_tw/post/DMRlI6NRNWG,因為我們很用心和台灣棒球站在一起❤️,2025年7月19日 星期六 上午11:43,,,2,1,,
thelea.zip,https://www.threads.com/@thelea.zip/post/DMN5-UxzwqN,很想吃達美樂的個人披薩BOX，已經數度想點又想著熱量很高、外送很貴等理由勸退自己，我猜我明天中午的心理活動也會是這樣。 2 / 2,2025年7月18日 星期五 上午1:28,@thelea.zip,,,1,,,https://www.threads.com/@dominospizza_tw/post/DMP0pDVRQJi,點下去吧！,2025年7月18日 星期五 下午7:20,,,,1,,
jerry._.0312_,https://www.threads.com/@jerry._.0312_/post/DMNpDJCTX7y,達美樂，打了沒,2025年7月17日 星期四 下午11:00,@hariny_acnh,,4,1,,,https://www.threads.com/@dominospizza_tw/post/DMP0l8oxtl9,可以,2025年7月18日 星期五 下午7:19,,,,1,,
fancia0051,https://www.threads.com/@fancia0051/post/DMNQ-bzy3Zx,火山韓式炸雞？火山韓式辣炒雞？,2025年7月17日 星期四 下午7:29,@dominospizza_tw,,,1,,,https://www.threads.com/@dominospizza_tw/post/DMNTQfoRQPq,🧀☺️👌,2025年7月17日 星期四 下午7:49,,,,,,
cibeiwenrou,https://www.threads.com/@cibeiwenrou/post/DMNRF0JpFZx,雞不可失。🙈,2025年7月17日 星期四 下午7:30,@dominospizza_tw,,,1,,,https://www.threads.com/@dominospizza_tw/post/DMNTParRtbY,🧐,2025年7月17日 星期四 下午7:49,,,,,,
elfiekuo,https://www.threads.com/@elfiekuo/post/DMNRXoCzUnS,🍕,2025年7月17日 星期四 下午7:33,@dominospizza_tw,,,1,,,https://www.threads.com/@dominospizza_tw/post/DMNTOoExNzz,🍕,2025年7月17日 星期四 下午7:49,,,,,,
besttour.tw,https://www.threads.com/@besttour.tw/post/DMNQ7cDv5SE,🐔🌋🇰🇷 我第一名,2025年7月17日 星期四 下午7:29,@dominospizza_tw,,1,1,,,https://www.threads.com/@dominospizza_tw/post/DMNTN8Axmx_,🙌😊✅,2025年7月17日 星期四 下午7:49,,,,,,
burgerguardian,https://www.threads.com/@burgerguardian/post/DMMnL9HREZy,我搜集很多小卡也算股東了吧？哈哈 我可以幫忙搬立牌😁,2025年7月17日 星期四 下午1:24,@dominospizza_tw,,1,1,,,https://www.threads.com/@dominospizza_tw/post/DMNTIlzRcs1,立牌是我的！不許偷偷搬走喔,2025年7月17日 星期四 下午7:48,,,1,,,
snakeisme,https://www.threads.com/@snakeisme/post/DMNSaEhRzfY,我只看到阿勇……,2025年7月17日 星期四 下午7:42,@dominospizza_tw,,,1,,,https://www.threads.com/@dominospizza_tw/post/DMNS-wxR87v,❤️😘🥰,2025年7月17日 星期四 下午7:47,,,,,,
allinfunkman,https://www.threads.com/@allinfunkman/post/DMJ-OVYhmrM,早就買爆,2025年7月16日 星期三 下午12:48,@dominospizza_tw,,3,1,,,https://www.threads.com/@dominospizza_tw/post/DMNPdL5RC9Q,感動,2025年7月17日 星期四 下午7:16,,,,,,
lghlds0616,https://www.threads.com/@lghlds0616/post/DMMPkkkz1Mt,我昨天在外野也玩的很開心！ 只是得分跟失分我剛好都在外野 今天是不是好好做比分字卡就好XD PS 達美樂真的好好吃喔！,2025年7月17日 星期四 上午9:58,,"Photo by 肯尼邦忙編 on July 16, 2025.",156,11,,,https://www.threads.com/@dominospizza_tw/post/DMNPQ0Rxy7h,真的好吃,2025年7月17日 星期四 下午7:14,,,2,,,
snakeisme,https://www.threads.com/@snakeisme/post/DMKq9GAR-a0,🤣🤣🤣好啦～你們家韓式炸雞火山披薩真的好吃啦！我雖然被網站嚇到，但還是去店面下單了。,2025年7月16日 星期三 下午7:19,@dominospizza_tw,"Photo by Kousei Takeda on July 16, 2025.",30,1,,2,https://www.threads.com/@dominospizza_tw/post/DMK4OFARcO1,謝謝支持！ 小編跳一段三振舞慶祝🙌,2025年7月16日 星期三 下午9:15,,,24,2,,
lihsinglin,https://www.threads.com/@lihsinglin/post/DMKqulxz0af,居然呼喚到小編了。起司完全像廣告，只是男生食量比較大而已。,2025年7月16日 星期三 下午7:17,@dominospizza_tw,,,1,,,https://www.threads.com/@dominospizza_tw/post/DMKq5RORG5X,我們保證有加量🧀 ！ 吃不飽對不起！小編努力生優惠出來滿足大家,2025年7月16日 星期三 下午7:18,,,,,,
roadhog_dog,https://www.threads.com/@roadhog_dog/post/DMKOCTDTfCv,我有專屬的披薩外送員了~,2025年7月16日 星期三 下午3:06,,"Photo by @roadhog_dog on July 16, 2025.",6,1,,,https://www.threads.com/@dominospizza_tw/post/DMKqxdARHNM,羨慕,2025年7月16日 星期三 下午7:17,,,1,,,
snakeisme,https://www.threads.com/@snakeisme/post/DMKqbYXx-Og,小編下次有沒有考慮將錯就錯賣499usd的披薩，然後阿勇親送。,2025年7月16日 星期三 下午7:14,@dominospizza_tw,,165,1,,1,https://www.threads.com/@dominospizza_tw/post/DMKqtDnR1Jv,籌備中🤗 (?) 你希望聽到我這麼回答對嗎,2025年7月16日 星期三 下午7:16,,,64,4,,
daianandai,https://www.threads.com/@daianandai/post/DMJm025yJtG,因為12強，我最有印象的是達美樂小編😆,2025年7月16日 星期三 上午9:23,@liora_crystal,,2,1,,,https://www.threads.com/@dominospizza_tw/post/DMKqkbTRSlx,謝謝你沒有忘了記得我,2025年7月16日 星期三 下午7:15,,,3,1,,
xuefendu,https://www.threads.com/@xuefendu/post/DMKoelHhjgI,"今天破財💸 孩子幫忙曬衣服，結果在洗衣機裡撈出$700！ 馬上傳訊息跟我說：「見者有份」
我馬上回答：「看你要吃什麼，媽媽請你吃！」￼
今晚就吃 達美樂披薩 慶祝我們家洗衣機會生錢🍕",2025年7月16日 星期三 下午6:57,,"Photo by 杜雪芬 on July 16, 2025. | Photo by 杜雪芬 on July 16, 2025.",2,2,,,https://www.threads.com/@dominospizza_tw/post/DMKqf6KxdgL,好👍 祝妳天天骰到6,2025年7月16日 星期三 下午7:15,,,3,1,,
nownews,https://www.threads.com/@nownews/post/DMJ1_JxT9XR,"披薩
達美樂韓風豪爽套餐 送女神雅英卡包(應該搶光了) 2 / 2
nownews.com
3大披薩「比買1送1便宜」！必勝客、拿坡里199元 達美樂低於5折 | 美食旅遊 | 生活 | NOWnews今日新聞",2025年7月16日 星期三 上午11:36,@nownews,3大披薩「比買1送1便宜」！必勝客、拿坡里199元 達美樂低於5折 | 美食旅遊 | 生活 | NOWnews今日新聞,7,1,,1,https://www.threads.com/@dominospizza_tw/post/DMKqcHJxE4b,超限量卡包🤗 要買要快,2025年7月16日 星期三 下午7:14,,,,,,
raydom.thoughts,https://www.threads.com/@raydom.thoughts/post/DMF8Q_ezLdg,"李雅英
強者我朋友 打電話去達美樂問還有沒有雅英小卡
：請問你們還有張員瑛的小卡嗎
語畢，哄堂大笑 只留下電話那頭的沈默",2025年7月14日 星期一 下午11:14,,"Photo by 石 on July 14, 2025.",19,1,,2,https://www.threads.com/@dominospizza_tw/post/DMHWs7lxHMJ,😅😅😅,2025年7月15日 星期二 下午12:24,,,3,,,
yi_hsuan_0724,https://www.threads.com/@yi_hsuan_0724/post/DMFKBPeSN9W,"達美樂
公司從五月開始每個月一次的慶生會 這個月剛好是壽星馬上洗腦負責訂餐的同事😂 訂達美樂啦～～～有漂亮的李雅英小卡😍 然後就在今天成功拿到了❤️❤️💙💙 火山披薩真的蠻好吃！喜歡酥脆的薄皮！ 話說雅英小卡真的好漂亮我要貼在辦公桌旁！",2025年7月14日 星期一 下午3:55,,"Photo by yi_hsuan on July 14, 2025.",18,2,,,https://www.threads.com/@dominospizza_tw/post/DMHWpQdR-iY,還有五款！,2025年7月15日 星期二 下午12:23,,,1,1,,
tanbowgo,https://www.threads.com/@tanbowgo/post/DMF3ly_TXTy,"李雅英
雅英近日代言/一日店長 義美生醫 Body vita: 達美樂 7-eleven MG
@yyyoungggggg",2025年7月14日 星期一 下午10:33,,"Photo by 小丁 on July 14, 2025. | Photo by 小丁 on July 14, 2025. | Photo by 小丁 on July 14, 2025. | Photo by 小丁 on July 14, 2025. | Photo by 小丁 on July 14, 2025.",354,9,2,26,https://www.threads.com/@dominospizza_tw/post/DMHWjW1xWWz,❤️,2025年7月15日 星期二 下午12:23,,,1,1,,
gino_zheng_pizzanapoletana_,https://www.threads.com/@gino_zheng_pizzanapoletana_/post/DMF3CRPS4Ls,"披薩🍕
什麼口味的披薩 是大家最想嘗試的？
這裡只聊披薩喔 😂",2025年7月14日 星期一 下午10:28,,,34,54,1,,https://www.threads.com/@dominospizza_tw/post/DMHWhElx6OC,雅英喜歡吃的那個火山🌋披薩,2025年7月15日 星期二 下午12:22,,,8,1,,
haleys0213,https://www.threads.com/@haleys0213/post/DMHQaxAvSfY,"請原諒病人的神智不清胡言亂語
很喜歡你們的活動、態度，還有一個愛著台灣愛著棒球的心！",2025年7月15日 星期二 上午11:29,@dominospizza_tw,,1,1,,,https://www.threads.com/@dominospizza_tw/post/DMHVr-Sx7tg,我們真的也很愛棒球⚾️台灣,2025年7月15日 星期二 下午12:15,,,1,,,
jason809808,https://www.threads.com/@jason809808/post/DMFUuZ1y32T,"坐在這邊 麥當勞 石二鍋 燒肉
不知道要吃啥 想了一個小時",2025年7月14日 星期一 下午5:28,,"Photo by Jason吃美食 on July 14, 2025.",9,2,,,https://www.threads.com/@dominospizza_tw/post/DMFpJrsR79_,訂達美樂,2025年7月14日 星期一 下午8:27,,,15,1,,
kobewang0907,https://www.threads.com/@kobewang0907/post/DMAh5rtTVqb,"250712 達美樂一日店長成功～～
@leelin0
#霖霖 #老霖寶 #李芷霖 #味全龍 #味全龍小龍女 #達美樂 #小廚神",2025年7月12日 星期六 下午8:47,,"Photo by Kobe on July 12, 2025.",15,1,,,https://www.threads.com/@dominospizza_tw/post/DMDWjfsRHpm,🍕🍕🍕,2025年7月13日 星期日 下午11:06,,,,,,
haleys0213,https://www.threads.com/@haleys0213/post/DL94xW3PTpg,"達美樂有點料！是說我現在什麼都好想吃QAQ
只是剛剛泡了泡麵，那個湯比水還要水.....
阿~我是不是也該請邦迷們協尋一下我的味覺呢?",2025年7月11日 星期五 下午8:09,,,8,3,,,https://www.threads.com/@dominospizza_tw/post/DMDWb1tRq38,有點料是什麼意思😅,2025年7月13日 星期日 下午11:05,,,1,1,,
imalbeechen,https://www.threads.com/@imalbeechen/post/DMCdiXxOnlU,全家有珠珠寶貝店 期待達美樂主場規劃一個雅英限定火山Pop-up🎀🍕🌋,2025年7月13日 星期日 下午2:48,@dominospizza_tw,,2,1,,,https://www.threads.com/@dominospizza_tw/post/DMDWX-hxTaJ,把小編逼出一個新高度🥹,2025年7月13日 星期日 下午11:04,,,1,2,,
jason1231110,https://www.threads.com/@jason1231110/post/DMDSu2ny5Bu,好好笑，義大利那個是達美樂嗎？😂,2025年7月13日 星期日 下午10:32,@yifo_0606_1013,,8,1,,,https://www.threads.com/@dominospizza_tw/post/DMDWQimxJbU,好像是🫣,2025年7月13日 星期日 下午11:03,,,2,,,
123equalqq,https://www.threads.com/@123equalqq/post/DMA1NibJZ7a,好想吃披薩><,2025年7月12日 星期六 下午11:36,,,4,3,,,https://www.threads.com/@dominospizza_tw/post/DMDWK0Qx_4S,吃,2025年7月13日 星期日 下午11:02,,,,,,
dou_dou_616,https://www.threads.com/@dou_dou_616/post/DMDQCsQBvcI,剛才吃了心心念念的火山熔岩披薩 結果他的起司太鹹了 還以為他的起司味道會跟一般的起司一樣,2025年7月13日 星期日 下午10:09,,,,2,,,https://www.threads.com/@dominospizza_tw/post/DMDWGkqx9Dc,給我機會證明，純正起司🧀 火山披薩很好吃～,2025年7月13日 星期日 下午11:02,,,,1,1,
emobonnie23,https://www.threads.com/@emobonnie23/post/DMC6PT-R9xM,今天吃ㄌ六塊披薩🤙,2025年7月13日 星期日 下午6:58,,,209,18,1,,https://www.threads.com/@dominospizza_tw/post/DMDV8YJx6Po,我也吃了六顆火山披薩,2025年7月13日 星期日 下午11:00,,,1,1,,
imhsiehbo,https://www.threads.com/@imhsiehbo/post/DMA-jIOPbKc,我真的很想吃披薩🍕,2025年7月13日 星期日 上午12:57,,,2,1,,,https://www.threads.com/@dominospizza_tw/post/DMDV615xSDt,來吧,2025年7月13日 星期日 下午11:00,,,1,,,
chacha8242024,https://www.threads.com/@chacha8242024/post/DMDNdFuSDd8,黑白大廚膩？,2025年7月13日 星期日 下午9:46,@dominospizza_tw,,,1,,,https://www.threads.com/@dominospizza_tw/post/DMDVyGexGX4,是新舊APP 哈哈…😅,2025年7月13日 星期日 下午10:59,,,,,,
artemis.taiwan,https://www.threads.com/@artemis.taiwan/post/DMC8p0IybfV,黑白達美樂 APP,2025年7月13日 星期日 下午7:19,,"Photo by @artemis.taiwan on July 13, 2025.",3,4,,,https://www.threads.com/@dominospizza_tw/post/DMDNNvyxWBq,請用白色NEW 新版本～❤️,2025年7月13日 星期日 下午9:44,,,2,2,,
hottea168,https://www.threads.com/@hottea168/post/DL_9ymTR8u3,"有雅英的披薩就是馬西手遊！🤣🤣🤣
#dominopizzataiwan #李雅英 @yyyoungggggg",2025年7月12日 星期六 下午3:32,,"Photo by Hong-Tao Shiung on July 12, 2025. | Photo by Hong-Tao Shiung on July 12, 2025. | Photo by Hong-Tao Shiung on July 12, 2025. | Photo by Hong-Tao Shiung on July 12, 2025.",13,1,,,https://www.threads.com/@dominospizza_tw/post/DMADs7SxTv_,馬戲手遊～,2025年7月12日 星期六 下午4:23,,,2,,,
yan777776666,https://www.threads.com/@yan777776666/post/DL-cfttTV1A,,2025年7月12日 星期六 上午1:21,@dominospizza_tw,"Photo by 李邦龍 on July 11, 2025.",3,1,,,https://www.threads.com/@dominospizza_tw/post/DL_MJqNTQ50,被你抓到😍,2025年7月12日 星期六 上午8:18,,,,,,
yanen0112,https://www.threads.com/@yanen0112/post/DL8L91ezWFT,"下雨但幸福的一天 平時雨天懶得出門的我，因為太想要吉伊卡哇手遊的氣球，還是撐傘散步去了駁二，可惜因為平日展場人少，逛太久了，沒能拍下其他雨中駁二的美景
從駁二返家後，稍作休息又立刻出門拿前天訂的披薩(因為有送雅英的小卡) 不得不說達美樂這次的活動太強！ 雖然我是因為小卡才買披薩的，但不得不說，韓風炸雞火山披薩真的好吃！ 之後就算小卡送完了，我還是會考慮再回購🥰
想拍照讓告知我活動的朋友小卡的尺寸，所以放上健保卡當比例尺😂
李雅英真的超美😍 我是喵迷，但最喜歡我喵北上新莊打比賽 因為這樣就可以看喵的比賽+美麗的FA (喔對！還有錢公的轉播！我超愛！🤣)",2025年7月11日 星期五 上午4:19,,"Photo by Dorothy Chang on July 10, 2025. | Photo by Dorothy Chang on July 10, 2025.",8,1,,,https://www.threads.com/@dominospizza_tw/post/DL-F9otx6bO,小編覺得感動,2025年7月11日 星期五 下午10:05,,,1,,,
ping_yu_hsieh,https://www.threads.com/@ping_yu_hsieh/post/DL9-wSPSwv3,"達美樂起司火山披薩
😋 達美樂&雅英👍",2025年7月11日 星期五 下午9:02,,"Photo by @ping_yu_hsieh on July 11, 2025. | Photo by @ping_yu_hsieh on July 11, 2025. | Photo by @ping_yu_hsieh on July 11, 2025. | Photo by @ping_yu_hsieh on July 11, 2025.",10,1,,,https://www.threads.com/@dominospizza_tw/post/DL-F0KkR_5x,香噴噴好吃,2025年7月11日 星期五 下午10:03,,,3,,,
fireup_22,https://www.threads.com/@fireup_22/post/DL94gOfTWRC,現在城堡瀰漫著一股達美樂的味道 買披薩送35點誰不愛呢🤣,2025年7月11日 星期五 下午8:07,,,3,1,,,https://www.threads.com/@dominospizza_tw/post/DL-FpUnR3Kd,我愛,2025年7月11日 星期五 下午10:02,,,2,,,
evanjihyo1102,https://www.threads.com/@evanjihyo1102/post/DL97mIDv1-c,達美樂 李雅英 人行立牌 @yyyoungggggg 1 / 2,2025年7月11日 星期五 下午8:34,,"Photo by 林晉丞 림진청 (阿晉아진)   🦄🍯🌰 🐧🏴‍☠️🤍💚 on July 11, 2025.",13,2,,,https://www.threads.com/@dominospizza_tw/post/DL-EqaKxlEC,🥰 卡哇伊捏,2025年7月11日 星期五 下午9:53,,,3,,,
familymart_tw,https://www.threads.com/@familymart_tw/post/DL7S8_cy-mo,"全家小編7/11生日
趁全家小編不在位置上偷發文⋯⋯ 偷偷說，明天7/11全家小編生日，我們準備了慶生驚喜🍦🥳 拜託大家先保密，低調低調🙏🏻 1 / 2",2025年7月10日 星期四 下午8:00,,,8342,102,39,137,https://www.threads.com/@dominospizza_tw/post/DL7fiKkRVtC,生日快樂要不要買我們家火山披薩慶祝一下😘,2025年7月10日 星期四 下午9:50,,,244,,,1
royhuang0703,https://www.threads.com/@royhuang0703/post/DL6pK1RSzRO,"披薩
吃火山披薩肯定要吃正版的 @dominospizza_tw 茶爸讚讚 🍕",2025年7月10日 星期四 下午1:55,,"Photo by Roy-秋月月 on July 09, 2025.",9,2,,,https://www.threads.com/@dominospizza_tw/post/DL68X1PRg8J,又正又香🥰,2025年7月10日 星期四 下午4:43,,,4,,,
soulmuchlove.tw,https://www.threads.com/@soulmuchlove.tw/post/DL3m-bCSHaP,"上班族日常
大家一進辦公室的第一件事？ 1、開chatGPT 2、開脆 3、去廁所 4、開早餐來吃
上班族日常",2025年7月9日 星期三 上午9:38,,,402,68,3,22,https://www.threads.com/@dominospizza_tw/post/DL5JVxGRcOy,問同事午餐要訂披薩嗎,2025年7月9日 星期三 下午11:58,,,6,1,,
winni__wei,https://www.threads.com/@winni__wei/post/DL5HB6wz9xr,啊還沒打！！下次會記得打 下次要吃韓風炸雞火山披薩😍,2025年7月9日 星期三 下午11:38,@dominospizza_tw,,1,1,,,https://www.threads.com/@dominospizza_tw/post/DL5JMIIx9b3,懂吃～ 來給你5折優惠,2025年7月9日 星期三 下午11:57,,,,1,,
willy1019_chung,https://www.threads.com/@willy1019_chung/post/DLz5jyZvLpy,"Fubon Angels
今天的雅英！ Pizza吃起來",2025年7月7日 星期一 下午11:04,,"Photo by Willy on July 07, 2025.",13,1,,,https://www.threads.com/@dominospizza_tw/post/DL5GYO9Rss0,好拉絲～,2025年7月9日 星期三 下午11:32,,,1,,,
anyao601,https://www.threads.com/@anyao601/post/DL5APylS-1d,哈哈哈真的嚇爛 竟然釣出達美樂小編 這樣我怎麼回答呢？🤣,2025年7月9日 星期三 下午10:38,@derek17847110,,1,2,,,https://www.threads.com/@dominospizza_tw/post/DL5GIxLRbsI,再給我一次機會❤️ 吃這個,2025年7月9日 星期三 下午11:30,,"Photo by 達美樂披薩 on July 09, 2025.",1,1,,
yschen1213,https://www.threads.com/@yschen1213/post/DL3_j8mTLcs,雖然買了健康的法國麵包 還是強迫同事一起訂達美樂 東方不敗的手手真的很好用呵呵呵呵,2025年7月9日 星期三 下午1:13,,"Photo by 陳運陞 on July 08, 2025.",1,3,,,https://www.threads.com/@dominospizza_tw/post/DL4hfdpxig-,火燙燙🔥,2025年7月9日 星期三 下午6:10,,,3,1,,
redgodkyo,https://www.threads.com/@redgodkyo/post/DL30TcUuS0W,一直下大雨 #雅英 卡 幸好沒重複 #이아영 #Leeayoung #達美樂 #李雅英 이아영-李雅英,2025年7月9日 星期三 上午11:35,,"Photo by 詹昆翰 KYO on July 08, 2025.",12,1,,1,https://www.threads.com/@dominospizza_tw/post/DL4hFg9xhPg,強運！ 再來三包湊一套,2025年7月9日 星期三 下午6:06,,,1,,,
yukiehg,https://www.threads.com/@yukiehg/post/DL4eQIzPEQk,想知道達美樂 @dominospizza_tw 翻譯,2025年7月9日 星期三 下午5:41,@safefoodtaiwan,,2,1,,,https://www.threads.com/@dominospizza_tw/post/DL4g8svRiu4,天蠍🤫,2025年7月9日 星期三 下午6:05,,,3,,,
hua311230,https://www.threads.com/@hua311230/post/DL3bPWEyKsG,"李雅英이아영
用手機拍的所以畫質很差 這兩張如果被雅英看到會不會被罵😂🤣 對不起阿勇😅 今架！！！V樣內😅 1 / 2",2025年7月9日 星期三 上午7:56,,"Photo by 李信樺🍠 on July 08, 2025. | Photo by 李信樺🍠 on July 08, 2025.",26,3,,,https://www.threads.com/@dominospizza_tw/post/DL3fGKMTDz6,我這裡有高清畫質的喔～,2025年7月9日 星期三 上午8:29,,"Photo by 達美樂披薩 on July 08, 2025.",14,1,,
jason_chen94,https://www.threads.com/@jason_chen94/post/DL2dGEDSLD6,"李雅英
為了雅英 終究還是破戒了😅",2025年7月8日 星期二 下午10:53,,"Photo by @jason_chen94 on July 08, 2025.",11,1,,,https://www.threads.com/@dominospizza_tw/post/DL3fAu0zUwX,為了雅英 我也是,2025年7月9日 星期三 上午8:29,,,5,,,
chanting531,https://www.threads.com/@chanting531/post/DL1y-Y0OaRj,你們喜歡李多慧還是李珠珢 我個人李珠珢🫰🏻,2025年7月8日 星期二 下午4:45,,,376,169,2,2,https://www.threads.com/@dominospizza_tw/post/DL2EZp-RNq9,❤️,2025年7月8日 星期二 下午7:17,,"Photo by 達美樂披薩 on July 08, 2025.",16,2,,
tiyi__.zh,https://www.threads.com/@tiyi__.zh/post/DL1yxibz9tX,是不是很多人都不敢吃夏威夷披薩 可是我覺得很好吃,2025年7月8日 星期二 下午4:43,,,2,1,,,https://www.threads.com/@dominospizza_tw/post/DL2ENW8R1g7,我也覺得,2025年7月8日 星期二 下午7:15,,,2,,,
randy7ife,https://www.threads.com/@randy7ife/post/DL2BeGVSrJh,話說你們新的app超難用🤣,2025年7月8日 星期二 下午6:51,@dominospizza_tw,,,1,,,https://www.threads.com/@dominospizza_tw/post/DL2DTXLR0wo,我會加班報答你們,2025年7月8日 星期二 下午7:07,,,,,,
randy7ife,https://www.threads.com/@randy7ife/post/DL2Av96SCj0,要幫我加料嗎💕,2025年7月8日 星期二 下午6:45,@dominospizza_tw,"Photo by RANDY·(預約請加Line) on July 08, 2025.",1,1,,,https://www.threads.com/@dominospizza_tw/post/DL2A3U0Rlj9,幫你加一張小卡👋,2025年7月8日 星期二 下午6:46,,"Photo by 達美樂披薩 on July 08, 2025.",,2,,
randy7ife,https://www.threads.com/@randy7ife/post/DL1l6QVy_Vi,認真問 大家是達美樂還是必勝客派 我跟女友一直僵持不下…,2025年7月8日 星期二 下午2:51,,"Photo by RANDY·(預約請加Line) on July 07, 2025. | Photo by RANDY·(預約請加Line) on July 07, 2025.",4,16,,,https://www.threads.com/@dominospizza_tw/post/DL2AqMpReax,勇敢選你愛的👌,2025年7月8日 星期二 下午6:44,,"Photo by 達美樂披薩 on July 08, 2025.",6,1,,
fato_chh,https://www.threads.com/@fato_chh/post/DL1vZfdpE_7,"達美樂起司火山披薩
意圖使人變胖 不可取 吃完再減肥🫣",2025年7月8日 星期二 下午4:13,,"Photo by FioChen on July 08, 2025. | Photo by FioChen on July 08, 2025.",41,7,,,https://www.threads.com/@dominospizza_tw/post/DL2AghZxSxm,明天再吃一次😘,2025年7月8日 星期二 下午6:43,,,5,3,,
chacha8242024,https://www.threads.com/@chacha8242024/post/DLz15QPyWDz,今天點最便宜的 當午餐跟晚餐了 Pizza口味只有三款😵‍💫 明天可能要換口味,2025年7月7日 星期一 下午10:32,@dominospizza_tw,,2,1,,,https://www.threads.com/@dominospizza_tw/post/DLz2Lf5RxQ5,約朋友一起吃 🤫,2025年7月7日 星期一 下午10:34,,,1,1,,
chan898yu,https://www.threads.com/@chan898yu/post/DLzgVYAz4To,"李雅英
人真的不能太鐵齒 我一直奉行「追星有夠浪費錢，我才不追星」的想法生活 結果前幾天一看到達美樂買韓式火山披薩送雅英小卡的盲包活動 今天就默默的點了披薩== 說真的本來只是想抽一張拚個運氣 結果好消息是：卡片質感不錯、披薩也不錯吃 壞消息：小卡有6款不同造型 ….這代表我要連吃好幾天的達美樂披薩了 下班健身房見💀",2025年7月7日 星期一 下午7:23,,"Photo by chanyu on July 07, 2025. | Photo by chanyu on July 07, 2025.",41,10,,1,https://www.threads.com/@dominospizza_tw/post/DLzyBc6RJEI,好消息是除了6款，還有超神秘隱藏款！,2025年7月7日 星期一 下午9:58,,,13,1,,
ushan_0813,https://www.threads.com/@ushan_0813/post/DLziOU_hHCS,"李雅英
雅英負責愛心 而我負責愛妳🫶🏻😍❤️ @yyyoungggggg",2025年7月7日 星期一 下午7:40,,"Photo by 珊ü on July 07, 2025.",17,3,,1,https://www.threads.com/@dominospizza_tw/post/DLzx9MkxUFU,我負責吃更多披薩🍕,2025年7月7日 星期一 下午9:57,,,3,1,,
smallfu56,https://www.threads.com/@smallfu56/post/DLzdpgPT6Tw,對！ 和家人一起吃起來！,2025年7月7日 星期一 下午7:00,@dominospizza_tw,,1,1,,,https://www.threads.com/@dominospizza_tw/post/DLzfLhyRfz7,祝你順利收集一整套～,2025年7月7日 星期一 下午7:13,,,2,1,,
cfchien,https://www.threads.com/@cfchien/post/DLzem1VxW2b,"李雅英이아영
達美樂 韓風炸雞火山披薩 送李雅英小卡 你負責愛吃 我負責愛心😍",2025年7月7日 星期一 下午7:08,,"Photo by Eddie on July 07, 2025.",26,1,1,,https://www.threads.com/@dominospizza_tw/post/DLzfJPmxsrS,我暈了！ 被電暈了,2025年7月7日 星期一 下午7:13,,,7,,,
hwa720425,https://www.threads.com/@hwa720425/post/DLyvJl5Ruwj,"李雅英
今日工作重點⋯
不是如何提升業績⋯
是時間到了風雨無阻買雅英PIZZA~
#雅英
#李阿勇
#達美樂",2025年7月7日 星期一 下午12:14,,"Photo by 吳建樺 on July 06, 2025. | Photo by 吳建樺 on July 06, 2025.",39,4,,2,https://www.threads.com/@dominospizza_tw/post/DLzHG9xRPJ9,來吧～ 全台限量,2025年7月7日 星期一 下午3:43,,,1,,,
popobunny_537,https://www.threads.com/@popobunny_537/post/DLyu3HQSxgu,"李雅英
今天達美樂上班的應該會做到厭世吧 剛剛取餐時看到現場的都是在做火山披薩⋯ 店員剛剛差點忘了給雅英小卡 一間門市不知道有幾張 先吃先贏(˶‾᷄ ⁻̫ ‾᷅˵)",2025年7月7日 星期一 下午12:11,,"Photo by 波波兔 on July 06, 2025. | Photo by 波波兔 on July 06, 2025. | Photo by 波波兔 on July 06, 2025.",14,3,,2,https://www.threads.com/@dominospizza_tw/post/DLzHEbbRJg3,超級限量！快買快吃快收集啊啊啊啊啊,2025年7月7日 星期一 下午3:43,,,4,,,
y.h.yao,https://www.threads.com/@y.h.yao/post/DLy3IB6SJD3,"達美樂起司火山披薩
吃達美樂韓風炸雞火山披薩，抽雅英應援卡 達美樂起司火山披薩 @yyyoungggggg",2025年7月7日 星期一 下午1:23,,"Photo by Yi-H Yao on July 06, 2025.",24,1,,1,https://www.threads.com/@dominospizza_tw/post/DLzHA38Rl8N,好美好香,2025年7月7日 星期一 下午3:42,,,1,,,
will__1020,https://www.threads.com/@will__1020/post/DLw87NYSCmK,達美樂早就有了⋯,2025年7月6日 星期日 下午7:35,@johnny_yu123,"Photo by 威爾 on July 06, 2025.",6,1,,,https://www.threads.com/@dominospizza_tw/post/DLzG_C6RHhO,嗯！ 你說得對,2025年7月7日 星期一 下午3:42,,,1,,,
bjack.liao,https://www.threads.com/@bjack.liao/post/DLy8hbjuJ-i,買了,2025年7月7日 星期一 下午2:10,@dominospizza_tw,"Photo by 廖國閔 on July 06, 2025.",,1,,,https://www.threads.com/@dominospizza_tw/post/DLy-bdCRMPc,我也幫你加油,2025年7月7日 星期一 下午2:27,,,,,,
_sakuramiya_tokiri,https://www.threads.com/@_sakuramiya_tokiri/post/DLw4Qg4hkq3,火山披薩～🍕💖,2025年7月6日 星期日 下午6:55,,"Photo by 櫻宮時璃-Sakuramiya Tokiri on July 06, 2025.",2,1,,,https://www.threads.com/@dominospizza_tw/post/DLw5AJExvbg,愛了 這家好吃😋,2025年7月6日 星期日 下午7:01,,,,,,
la.sai.3,https://www.threads.com/@la.sai.3/post/DLwq_oExAX-,颱台天 要備什麼乾糧啊！ 泡麵 餅乾 還有什麼,2025年7月6日 星期日 下午4:59,,,5,18,,,https://www.threads.com/@dominospizza_tw/post/DLw43WmxOtJ,披薩🍕,2025年7月6日 星期日 下午7:00,,,2,1,,
dailyview.tw,https://www.threads.com/@dailyview.tw/post/DLw4Q4LvZ1q,風好大 我開始害怕了 需要火山人壓壓驚,2025年7月6日 星期日 下午6:55,@dominospizza_tw,,2,1,,,https://www.threads.com/@dominospizza_tw/post/DLw4uZ_RVe-,小編保護你！不怕不怕,2025年7月6日 星期日 下午6:59,,,,,,
lleonard_lin,https://www.threads.com/@lleonard_lin/post/DLw4LHCPXJU,炸出來的薯條會跟我這個一樣黑嗎？吃碳這樣,2025年7月6日 星期日 下午6:54,@dominospizza_tw,,,1,,,https://www.threads.com/@dominospizza_tw/post/DLw4rhuxuhy,不會！真的不會🥹,2025年7月6日 星期日 下午6:58,,,,,,
sevenliu0812,https://www.threads.com/@sevenliu0812/post/DLw1TprS7mj,台中市區，無風無雨,2025年7月6日 星期日 下午6:29,@dominospizza_tw,,,1,,,https://www.threads.com/@dominospizza_tw/post/DLw21IbRcrI,先外帶個火山披薩早點回家～ 🥰,2025年7月6日 星期日 下午6:42,,,,,,
windbislash,https://www.threads.com/@windbislash/post/DLw2NhgSKW1,高雄開始起風了 外面咻咻叫,2025年7月6日 星期日 下午6:37,@dominospizza_tw,,1,1,,,https://www.threads.com/@dominospizza_tw/post/DLw2xg7xLP7,南部的鄉親們小心安全,2025年7月6日 星期日 下午6:42,,,,,,
mw._uu,https://www.threads.com/@mw._uu/post/DLu1W-Cznvp,酥皮濃湯 會把酥皮整塊扔進湯裡的都是邪教 1 / 2,2025年7月5日 星期六 下午11:51,,,90,51,2,7,https://www.threads.com/@dominospizza_tw/post/DLw0iPuxC27,那把披薩丟進去起司裡游泳呢😳,2025年7月6日 星期日 下午6:22,,,,,,
natgeoapparel_tw,https://www.threads.com/@natgeoapparel_tw/post/DLv2FKDySIF,蓋一個颱風樓，大家颱風天做什麼？ 1 / 2,2025年7月6日 星期日 上午9:16,,,34,111,,,https://www.threads.com/@dominospizza_tw/post/DLw0OaVR8fO,吃披薩披薩披薩🍕,2025年7月6日 星期日 下午6:19,,"Photo by 達美樂披薩 on July 06, 2025.",2,1,,
chiaji_yum,https://www.threads.com/@chiaji_yum/post/DLwn1RGhm2l,颱風來了 大家颱風天必做必吃的是什麼呢？,2025年7月6日 星期日 下午4:31,,,17,27,,,https://www.threads.com/@dominospizza_tw/post/DLw0KczR69x,吃披薩🍕,2025年7月6日 星期日 下午6:19,,"Photo by 達美樂披薩 on July 06, 2025.",4,,,
ann5103,https://www.threads.com/@ann5103/post/DLwgs_mJUzX,颱風天大家都做些什麼？,2025年7月6日 星期日 下午3:29,,,262,50,,2,https://www.threads.com/@dominospizza_tw/post/DLwzGloRfV_,吃披薩🍕,2025年7月6日 星期日 下午6:10,,,1,1,,
foody_amigo,https://www.threads.com/@foody_amigo/post/DLwyDnrxk3R,颱風夜一定要準備的食物是什麼？ 我一定要有洋芋片！,2025年7月6日 星期日 下午6:00,,,179,60,1,2,https://www.threads.com/@dominospizza_tw/post/DLwzBkax9Wo,披薩🍕,2025年7月6日 星期日 下午6:09,,,2,1,,
ryan1030p,https://www.threads.com/@ryan1030p/post/DLwyShYxND1,台北市微雨 風大,2025年7月6日 星期日 下午6:03,@dominospizza_tw,,,1,,,https://www.threads.com/@dominospizza_tw/post/DLwymk_xIyu,窗外開始咻～ 晚上在家比較安,2025年7月6日 星期日 下午6:05,,,1,,,
ttcp324,https://www.threads.com/@ttcp324/post/DLwyd-bh5XT,目前台中北屯風雨前的寧靜⋯,2025年7月6日 星期日 下午6:04,@dominospizza_tw,,,1,,,https://www.threads.com/@dominospizza_tw/post/DLwyj31xQ8y,快外帶披薩🍕回家看劇吧～,2025年7月6日 星期日 下午6:05,,,1,,,
dailyview.tw,https://www.threads.com/@dailyview.tw/post/DLv6KlHP2iM,什麼🤔 Threads 兩歲了 生日快樂 但為何我沒有帽🎩 難道是測不出我是哪臉人😅 還是擔心溫度計過熱🌡️ （好冷,2025年7月6日 星期日 上午9:52,,,19,10,,,https://www.threads.com/@dominospizza_tw/post/DLwyCnLxIiz,我是火山人,2025年7月6日 星期日 下午6:00,,,1,1,,
jamestsay173,https://www.threads.com/@jamestsay173/post/DLwxrbZzieh,高雄風雨中，好想吃比薩 😭,2025年7月6日 星期日 下午5:57,@dominospizza_tw,,3,1,,,https://www.threads.com/@dominospizza_tw/post/DLwxwUgxIo_,小心捏！在家吃披薩看劇比較安全,2025年7月6日 星期日 下午5:58,,,1,,,
sabrinatw11,https://www.threads.com/@sabrinatw11/post/DLwtgPhvK1g,"達美樂
今晚颱風天，家人說想吃披薩，我們毫無疑問的選擇了「達美樂」。
- 台派支持台派 -",2025年7月6日 星期日 下午5:21,,,7193,122,90,119,https://www.threads.com/@dominospizza_tw/post/DLwxZbCxsWo,我跟你們保證這則不是🍃配😊😊😊,2025年7月6日 星期日 下午5:55,,,892,4,1,1
lovejungwon_0209,https://www.threads.com/@lovejungwon_0209/post/DLpgCfEzP-g,這是小禾嗎！？😂 頂呱呱完換達美樂了 什麼時候也能來個聯名～,2025年7月3日 星期四 下午10:09,,,212,6,6,59,https://www.threads.com/@dominospizza_tw/post/DLwcwhURgXY,好帥❤️,2025年7月6日 星期日 下午2:54,,,2,,,
yyc.09.0327,https://www.threads.com/@yyc.09.0327/post/DLrsFnBPBsv,等7/7再買😍,2025年7月4日 星期五 下午6:32,@dominospizza_tw,,2,2,,,https://www.threads.com/@dominospizza_tw/post/DLrsJmZRv_D,可是7/5前不先吃一次嗎…🥹,2025年7月4日 星期五 下午6:33,,,2,1,,
teafect.1,https://www.threads.com/@teafect.1/post/DLqerSPz3YJ,喝台茶然後吃雅英女神喜歡的披薩😳,2025年7月4日 星期五 上午7:16,@atan_foodstore,,2,2,,,https://www.threads.com/@dominospizza_tw/post/DLrsFvvRsh0,我喜歡你的答案,2025年7月4日 星期五 下午6:32,,"Photo by 達美樂披薩 on July 04, 2025.",1,1,,
house_wang_,https://www.threads.com/@house_wang_/post/DLhY2G6ThG4,披薩每天吃都不會膩 有人跟我一樣愛吃披薩的嗎？🍕 1 / 2,2025年6月30日 星期一 下午6:32,,,12,13,,,https://www.threads.com/@dominospizza_tw/post/DLrsApXRZpw,雅英跟我也很愛,2025年7月4日 星期五 下午6:31,,"Photo by 達美樂披薩 on July 04, 2025.",6,1,,
,https://www.threads.com/@lsyhrtsgh._/post/DLrDVsxy-A7,引文,2025年7月4日 星期五 下午12:36,,,2804,15,677,260,https://www.threads.com/@dominospizza_tw/post/DLrr9fbxmYk,火山披薩+炸雞？,2025年7月4日 星期五 下午6:31,,"Photo by 達美樂披薩 on July 04, 2025.",2,1,,
yj224_,https://www.threads.com/@yj224_/post/DLrWjXITppJ,"欺騙
只有披薩不會欺騙你",2025年7月4日 星期五 下午3:24,,"Photo by 泡菜是我的 on July 04, 2025.",9,1,,5,https://www.threads.com/@dominospizza_tw/post/DLrr31kx7AZ,我們也不會,2025年7月4日 星期五 下午6:30,,,1,,,
hsuhongi,https://www.threads.com/@hsuhongi/post/DLpZpNQB2gY,If⋯韓雞風做蛋奶素可以換地瓜？🤔,2025年7月3日 星期四 下午9:12,@dominospizza_tw,,1,1,,,https://www.threads.com/@dominospizza_tw/post/DLpbd9PxIGt,嗚嗚嗚 之後幫您爭取地瓜,2025年7月3日 星期四 下午9:28,,,2,,,
yyc.09.0327,https://www.threads.com/@yyc.09.0327/post/DLpZXfmJ5nN,不是冰山美人，是搞笑藝人,2025年7月3日 星期四 下午9:10,@dominospizza_tw,,13,1,,,https://www.threads.com/@dominospizza_tw/post/DLpbatfRVoV,我懂你！,2025年7月3日 星期四 下午9:28,,,7,1,,
cincinnati11227,https://www.threads.com/@cincinnati11227/post/DLpabcCSTE1,搞笑藝人⋯,2025年7月3日 星期四 下午9:19,@dominospizza_tw,,5,1,,,https://www.threads.com/@dominospizza_tw/post/DLpbZySRNKR,🤪,2025年7月3日 星期四 下午9:28,,,2,,,
y.h.yao,https://www.threads.com/@y.h.yao/post/DLpYD9DyO7P,是高冷都市女人😂,2025年7月3日 星期四 下午8:59,@dominospizza_tw,,10,1,,,https://www.threads.com/@dominospizza_tw/post/DLpYNB_Rkia,你對 我錯！,2025年7月3日 星期四 下午9:00,,,4,1,,
wenchung.huang.7,https://www.threads.com/@wenchung.huang.7/post/DLnFVaPyPYx,從WBCQ 的操作開始 就只吃達美樂 如今又把喜歡的女神請來代言 這樣又更讓我離不開了👍👍👍,2025年7月2日 星期三 下午11:37,@dominospizza_tw,,1,1,,,https://www.threads.com/@dominospizza_tw/post/DLpXcm_RkpL,永遠♾️不要離開我❤️,2025年7月3日 星期四 下午8:53,,,1,,,
eva.cheng0601,https://www.threads.com/@eva.cheng0601/post/DLoQmWsyXe6,12強後 我都只訂達美樂～ 連logo 都為台灣客製成六顆🎲 當然一直吃,2025年7月3日 星期四 上午10:34,@dominospizza_tw,,1,1,,,https://www.threads.com/@dominospizza_tw/post/DLpXX1tR015,小編真的很感動❤️‍🔥 會繼續努力下去,2025年7月3日 星期四 下午8:53,,,,,,
chacha8242024,https://www.threads.com/@chacha8242024/post/DLpW5CeyDmt,我就問 要多少個讚 才會有雅英搖頭小立牌 🤣🤣🤣🤣🤣,2025年7月3日 星期四 下午8:48,@dominospizza_tw,,6,1,,,https://www.threads.com/@dominospizza_tw/post/DLpXSVhRgMm,可能要1000個🫣,2025年7月3日 星期四 下午8:52,,,6,,,
burgerguardian,https://www.threads.com/@burgerguardian/post/DLoqK4nxdEy,啊～～～是充滿笑容的披薩 我可以吃一輩子 果然是太美了💙,2025年7月3日 星期四 下午2:18,@dominospizza_tw,,8,1,,,https://www.threads.com/@dominospizza_tw/post/DLpV_r1xGbQ,我也可以吃一輩子,2025年7月3日 星期四 下午8:41,,,,,,
luyuan0515,https://www.threads.com/@luyuan0515/post/DLodM1tvwHY,裡面沒有雅英啊,2025年7月3日 星期四 下午12:24,@dominospizza_tw,"Photo by 露露 on July 02, 2025.",2,1,,,https://www.threads.com/@dominospizza_tw/post/DLo_DCMR0GS,我有看到愛心和誠意🧡,2025年7月3日 星期四 下午5:20,,,1,,,
jason_5493_202406,https://www.threads.com/@jason_5493_202406/post/DLnNaMbvniN,是雅英😍達美樂買起來🍕🍕🍕 翻譯,2025年7月3日 星期四 上午12:47,@dominospizza_tw,,4,1,,,https://www.threads.com/@dominospizza_tw/post/DLoA051T79p,對！是我們一起愛的女神,2025年7月3日 星期四 上午8:16,,,1,,,
gray_syu,https://www.threads.com/@gray_syu/post/DLmrJQppk8m,該吃達美樂了,2025年7月2日 星期三 下午7:48,@dominospizza_tw,,1,1,,,https://www.threads.com/@dominospizza_tw/post/DLmrgKgxauW,吃🍽️開動,2025年7月2日 星期三 下午7:51,,,1,,,
zunyi_winnie.0607,https://www.threads.com/@zunyi_winnie.0607/post/DLmnLYNTFkT,果然身為家裡專情吃披薩只吃達美樂的人 眼光一直都沒錯 開勳 🥰 雅英 ！ 是雅英🥰🥰🥰,2025年7月2日 星期三 下午7:13,@dominospizza_tw,,6,1,,,https://www.threads.com/@dominospizza_tw/post/DLmpUa_xNyW,我也好愛你們大家！也好愛雅英😘😘😘,2025年7月2日 星期三 下午7:32,,,5,,1,
pan90586,https://www.threads.com/@pan90586/post/DLmm0MBSQes,雅英女神代言人 北中南出席 宣傳✨✨ 全台都吃達美樂啦😄😄😄 翻譯,2025年7月2日 星期三 下午7:10,@dominospizza_tw,,4,1,,,https://www.threads.com/@dominospizza_tw/post/DLmpPIERAvW,我明天找老闆申請活動經費😚,2025年7月2日 星期三 下午7:31,,,6,,,
,https://www.threads.com/@dominospizza_tw/post/DLmAJwex2pv,雅英,2025年7月2日 星期三 下午1:32,,"Photo by 達美樂披薩 on July 01, 2025.",859,74,18,101,https://www.threads.com/@dominospizza_tw/post/DLmmemzxYYn,我聽到了喔喔喔,2025年7月2日 星期三 下午7:07,,,13,,,
paulchu0258,https://www.threads.com/@paulchu0258/post/DLmK6vrS8dF,"達美樂找都市高冷搞笑女子--雅英（字：阿勇）代言炸雞火山披薩了 達美樂真的很會👍💯
雅英",2025年7月2日 星期三 下午3:06,,"Photo by 達美樂披薩 on July 01, 2025.",9,1,,,https://www.threads.com/@dominospizza_tw/post/DLmmWc_x3x5,我喜歡你的觀點🥰,2025年7月2日 星期三 下午7:06,,,2,,,
akakai82,https://www.threads.com/@akakai82/post/DLmlhyohFrf,"哇,那新聞還直接報出來😅",2025年7月2日 星期三 下午6:59,@dominospizza_tw,,,1,,,https://www.threads.com/@dominospizza_tw/post/DLmlmdWxnIt,🫣,2025年7月2日 星期三 下午6:59,,,1,,,
randyleeddms7,https://www.threads.com/@randyleeddms7/post/DLmlhf3TkQX,當然,2025年7月2日 星期三 下午6:59,@dominospizza_tw,,,1,,,https://www.threads.com/@dominospizza_tw/post/DLmlj6Qxl74,我愛你們 好感動,2025年7月2日 星期三 下午6:59,,,,,,
gerlinstudio,https://www.threads.com/@gerlinstudio/post/DLfBAmexXra,支持達美樂，已吃！,2025年6月29日 星期日 下午8:25,@dominospizza_tw,"Photo by 葛林萬應工作室 on June 29, 2025.",3,1,,,https://www.threads.com/@dominospizza_tw/post/DLkMK9aRl1y,❤️❤️,2025年7月1日 星期二 下午8:39,,,1,,,
una3472002,https://www.threads.com/@una3472002/post/DLkKKyfzmzO,辣炒年糕口味？,2025年7月1日 星期二 下午8:21,@dominospizza_tw,,,1,,,https://www.threads.com/@dominospizza_tw/post/DLkMGV8xB75,有點接近！都是韓風,2025年7月1日 星期二 下午8:38,,,,1,,
akakai82,https://www.threads.com/@akakai82/post/DLkJAx1Bhg_,好久沒吃了，可以來吃看看，雅英讚,2025年7月1日 星期二 下午8:11,@dominospizza_tw,,2,1,,,https://www.threads.com/@dominospizza_tw/post/DLkMExGRcoo,來唷,2025年7月1日 星期二 下午8:38,,,1,,,
9421.miki,https://www.threads.com/@9421.miki/post/DLkKPsJzz4d,有雅英就給讚,2025年7月1日 星期二 下午8:22,@dominospizza_tw,,3,1,,,https://www.threads.com/@dominospizza_tw/post/DLkMDPHRoEG,那來訂達美樂披薩❤️,2025年7月1日 星期二 下午8:37,,,,,,
c.cheng22,https://www.threads.com/@c.cheng22/post/DLkFv-STSxS,內文打尖叫聲，我腦袋都是雅英的叫聲🤣🤣🤣對不起！是歌聲🤭🤭🤭🤭,2025年7月1日 星期二 下午7:42,@dominospizza_tw,,3,1,,,https://www.threads.com/@dominospizza_tw/post/DLkHaDXx_QJ,達美！ 翻譯,2025年7月1日 星期二 下午7:57,,,3,,,
otakuliu760211,https://www.threads.com/@otakuliu760211/post/DLkGsMkSQMU,以後看球都吃達美樂了,2025年7月1日 星期二 下午7:51,@dominospizza_tw,,2,1,,,https://www.threads.com/@dominospizza_tw/post/DLkHYa4RaQS,好 說好囉^_^,2025年7月1日 星期二 下午7:57,,,3,,,
yyc.09.0327,https://www.threads.com/@yyc.09.0327/post/DLkFbQEPmgq,有雅英就有我,2025年7月1日 星期二 下午7:40,@dominospizza_tw,,4,1,,,https://www.threads.com/@dominospizza_tw/post/DLkFkC-xlPL,也有我🤗,2025年7月1日 星期二 下午7:41,,,2,,,
yyc.09.0327,https://www.threads.com/@yyc.09.0327/post/DLkFDDSPNBp,會動的雅英也太可愛，今年只吃達美樂了,2025年7月1日 星期二 下午7:36,@dominospizza_tw,,11,1,,,https://www.threads.com/@dominospizza_tw/post/DLkFWs4xfwA,明年呢🥹🥹🥹,2025年7月1日 星期二 下午7:39,,,4,1,,
socialist.mama.tw,https://www.threads.com/@socialist.mama.tw/post/DLkCsLGv_iV,韓式炸雞？,2025年7月1日 星期二 下午7:16,@dominospizza_tw,,1,1,,,https://www.threads.com/@dominospizza_tw/post/DLkEwLtx1ta,喜歡韓風炸雞嗎🥰🥰,2025年7月1日 星期二 下午7:34,,,2,,,1
abad0429,https://www.threads.com/@abad0429/post/DLkDBzJz26S,韓式泡菜豬五花 翻譯,2025年7月1日 星期二 下午7:19,@dominospizza_tw,,2,1,,,https://www.threads.com/@dominospizza_tw/post/DLkEtThx7BK,小編也很喜歡泡菜😘,2025年7月1日 星期二 下午7:33,,,1,,,
totoro_sean,https://www.threads.com/@totoro_sean/post/DLkDYoUzMm1,好久沒吃Apizza了！,2025年7月1日 星期二 下午7:22,@dominospizza_tw,,2,1,,,https://www.threads.com/@dominospizza_tw/post/DLkErgqx-eQ,明天來吃😘,2025年7月1日 星期二 下午7:33,,,2,,,
james_07070,https://www.threads.com/@james_07070/post/DLhp76RzctC,達美樂，勝,2025年6月30日 星期一 下午9:01,@dominospizza_tw,,4,1,,,https://www.threads.com/@dominospizza_tw/post/DLhu23LxhSx,謝謝😊 贏了粉絲的心了嗎,2025年6月30日 星期一 下午9:44,,,,,,
,https://www.threads.com/@dominospizza_tw/post/DLhjLPdRbaZ,火山披薩,2025年6月30日 星期一 下午8:02,,"Photo by 達美樂披薩 on June 30, 2025.",1531,306,11,178,https://www.threads.com/@dominospizza_tw/post/DLhuy9yRNsq,我聽到了👂,2025年6月30日 星期一 下午9:43,,,5,1,,
ken_.0331,https://www.threads.com/@ken_.0331/post/DLhs9doyL7Z,太明顯了！是李雅英和阿勇啊！雙代言🤣,2025年6月30日 星期一 下午9:27,@dominospizza_tw,,24,1,,,https://www.threads.com/@dominospizza_tw/post/DLhuv7Oxanj,划算！兩個代言人 好香～ ❤️‍🔥,2025年6月30日 星期一 下午9:43,,,7,,,
huangchuanzhi718,https://www.threads.com/@huangchuanzhi718/post/DLhqT_KTe1B,我用我前女友的命發誓是雅英,2025年6月30日 星期一 下午9:04,@dominospizza_tw,,4,1,,,https://www.threads.com/@dominospizza_tw/post/DLhupHIRsbY,哈哈哈哈哈哈,2025年6月30日 星期一 下午9:42,,,1,,,
tobytee_3400,https://www.threads.com/@tobytee_3400/post/DLhpETFyXvi,好扯.. 翻譯,2025年6月30日 星期一 下午8:53,@dominospizza_tw,,2,1,,,https://www.threads.com/@dominospizza_tw/post/DLhujMlxspR,😧 好扯是讚美還是誇讚,2025年6月30日 星期一 下午9:41,,,1,,,
aa_790111,https://www.threads.com/@aa_790111/post/DLhozZaSZ7r,達美樂要幹大的了,2025年6月30日 星期一 下午8:51,@dominospizza_tw,,8,1,,,https://www.threads.com/@dominospizza_tw/post/DLhugw3R-Lv,達美樂知道粉絲喜歡什麼😘,2025年6月30日 星期一 下午9:41,,,1,,,
chiwei9487,https://www.threads.com/@chiwei9487/post/DLhs3fgyGbS,阿勇最愛的檸檬口味？,2025年6月30日 星期一 下午9:27,@dominospizza_tw,,1,1,,,https://www.threads.com/@dominospizza_tw/post/DLhubLWRWb6,真的出 你們會不會買單🫣,2025年6月30日 星期一 下午9:40,,,,1,,
yyyoungggggg,https://www.threads.com/@yyyoungggggg/post/DLhoHwXJrmP,是阿勇還是雅英好好奇喔🤔🍕,2025年6月30日 星期一 下午8:45,@dominospizza_tw,,3577,105,13,30,https://www.threads.com/@dominospizza_tw/post/DLhuEtyRiGp,是我愛的女神👸,2025年6月30日 星期一 下午9:37,,,37,,,
kylin360,https://www.threads.com/@kylin360/post/DLhlgERJOXv,雅英!? 那披薩一定是檸檬口味的,2025年6月30日 星期一 下午8:22,@dominospizza_tw,,29,3,,,https://www.threads.com/@dominospizza_tw/post/DLhmSV0x-Ij,㊙️,2025年6月30日 星期一 下午8:29,,,10,,,
ensu.117,https://www.threads.com/@ensu.117/post/DLhj61Wpcxy,看起來是雅英😍？,2025年6月30日 星期一 下午8:08,@dominospizza_tw,,10,2,,,https://www.threads.com/@dominospizza_tw/post/DLhk_qOxMAE,❤️ 小編尖叫了,2025年6月30日 星期一 下午8:18,,,7,,,
changbarrick,https://www.threads.com/@changbarrick/post/DLZurnaBEXL,達美樂 Pizza 在 06月26-28日三天，在中部舉辦熔岩 Pizza Muffin贈送活動，只要小學生期末考有任一科考 100 分，就可以去換一個，真的是好…….大一個,2025年6月27日 星期五 下午7:08,,"Photo by Barrick Chang on June 27, 2025. | Photo by Barrick Chang on June 27, 2025.",6,1,,,https://www.threads.com/@dominospizza_tw/post/DLZwllNxjhK,幾霸分^ ^,2025年6月27日 星期五 下午7:25,,,3,,,
alina_ph1991,https://www.threads.com/@alina_ph1991/post/DLZoUq-ztqn,"達美樂
什麼！家有國小生可能能免費兌換披薩欸？
6/26～6/28 為期三天！ 全台都可以兌換 1 / 2
alina_ph1991",2025年6月27日 星期五 下午6:13,,,1274,85,49,5350,https://www.threads.com/@dominospizza_tw/post/DLZwXfUxwu5,謝謝你幫我們宣傳❤️,2025年6月27日 星期五 下午7:23,,,47,4,,
fssh.water.4f,https://www.threads.com/@fssh.water.4f/post/DLYulA-SN5e,高中牲默默窩著牆角哭泣,2025年6月27日 星期五 上午9:48,@dominospizza_tw,,1,1,,,https://www.threads.com/@dominospizza_tw/post/DLZwPSyxosx,高中生可以來買火山半價,2025年6月27日 星期五 下午7:22,,,1,,,
kshs_smp,https://www.threads.com/@kshs_smp/post/DLYyllZz1WR,🥵,2025年6月27日 星期五 上午10:23,@camella_0815,,,1,,,https://www.threads.com/@dominospizza_tw/post/DLZwNlaxh1O,😧,2025年6月27日 星期五 下午7:22,,,1,,,
tcc_bi,https://www.threads.com/@tcc_bi/post/DLUA6voJrfn,小紅帽太油了！！！,2025年6月25日 星期三 下午1:52,@dominospizza_tw,,,1,,,https://www.threads.com/@dominospizza_tw/post/DLYh8zqT59H,所以大野狼才不敢吃…嗎🫣,2025年6月27日 星期五 上午7:58,,,1,,,
lordchentw,https://www.threads.com/@lordchentw/post/DLW4UjwJXYe,小編要不要去跟摩斯小編結拜,2025年6月26日 星期四 下午4:35,@dominospizza_tw,,,1,,,https://www.threads.com/@dominospizza_tw/post/DLYh1zOz0bf,考慮搭訕中 但小編是I 人,2025年6月27日 星期五 上午7:57,,,,1,,
a22703060,https://www.threads.com/@a22703060/post/DLWvfm4x41n,在留言區發動義大利人,2025年6月26日 星期四 下午3:18,@dominospizza_tw,,,1,,,https://www.threads.com/@dominospizza_tw/post/DLYhyx1ztaK,不要 我怕怕,2025年6月27日 星期五 上午7:57,,,,,,
cyan_blue_knight,https://www.threads.com/@cyan_blue_knight/post/DLXaHTYT090,從以前歐陽董事長開始拍廣告開始就很支持達美樂了,2025年6月26日 星期四 下午9:30,@dominospizza_tw,,1,1,,,https://www.threads.com/@dominospizza_tw/post/DLYhxfHTxE_,謝謝你長久的支持！陪著我們一步步進步,2025年6月27日 星期五 上午7:56,,,1,,,
qqbos0608,https://www.threads.com/@qqbos0608/post/DLXBTEfzLyr,恭喜念庭考試100分👍 達美樂100分考券換馬芬pizza,2025年6月26日 星期四 下午5:53,,"Photo by 米米 on June 26, 2025.",54,1,,,https://www.threads.com/@dominospizza_tw/post/DLXLshuxPu7,恭喜恭喜！100分,2025年6月26日 星期四 下午7:24,,,21,,,
ninyghnk,https://www.threads.com/@ninyghnk/post/DLTyj5LSVfg,雖然沒有很喜歡火山，但是你們的比較好吃XDD,2025年6月25日 星期三 上午11:47,@dominospizza_tw,,2,1,,,https://www.threads.com/@dominospizza_tw/post/DLW3tqOxvaw,謝謝你🙏❤️,2025年6月26日 星期四 下午4:30,,,,,,
___lulu_mars___,https://www.threads.com/@___lulu_mars___/post/DLT0NDCRhlp,你們的脆皮真的最好吃 小紅帽越來越不好吃了👎🏻,2025年6月25日 星期三 下午12:01,@dominospizza_tw,,8,1,,,https://www.threads.com/@dominospizza_tw/post/DLW3sZDxFNK,我們持續努力 很感謝支持我們的大家,2025年6月26日 星期四 下午4:29,,,1,,,
porter_puffs,https://www.threads.com/@porter_puffs/post/DLT56Jxh6pQ,你們料真的比較多,2025年6月25日 星期三 下午12:51,@dominospizza_tw,,1,1,,,https://www.threads.com/@dominospizza_tw/post/DLW3mh-x-ny,真的！,2025年6月26日 星期四 下午4:29,,,,,,
aumi_64164,https://www.threads.com/@aumi_64164/post/DLUWf9hh1HC,0.0能免費吃我可以考慮,2025年6月25日 星期三 下午5:01,@dominospizza_tw,,,1,,,https://www.threads.com/@dominospizza_tw/post/DLW3ljtRRPD,免費的活動這不就來了～ 😘,2025年6月26日 星期四 下午4:29,,,,,,
yu_97640,https://www.threads.com/@yu_97640/post/DLVwmy5TUez,小紅帽贏在大披薩199優惠 希望達達可以跟進 你們還是最好吃了🥺,2025年6月26日 星期四 上午6:08,@dominospizza_tw,,2,1,,,https://www.threads.com/@dominospizza_tw/post/DLV-qAjTx_F,籌備新活動中，再給小編一些時間努力,2025年6月26日 星期四 上午8:11,,,,,,
lab52.tw,https://www.threads.com/@lab52.tw/post/DLUBB5px5A5,小紅仿帽不可以，小紅帽可以💕,2025年6月25日 星期三 下午1:58,@dominospizza_tw,,,1,,,https://www.threads.com/@dominospizza_tw/post/DLUcrZ3x2ar,有創意的 我支持,2025年6月25日 星期三 下午5:55,,,1,,,
yenidenxmutlu,https://www.threads.com/@yenidenxmutlu/post/DLT5NoxSxG7,挺！正宗火山披薩創始店🌋 建議出一款巧克力熔岩火山噴發披薩，炸出你的憤怒😡,2025年6月25日 星期三 下午12:45,@dominospizza_tw,,1,1,,,https://www.threads.com/@dominospizza_tw/post/DLUAhynRHAv,我們出過可可火山披薩🍕,2025年6月25日 星期三 下午1:49,,,3,2,,
shengyuchiang,https://www.threads.com/@shengyuchiang/post/DLT5EqvSe6f,我吃過達美樂的，很好吃，但想小編反應...新的app好難用，也不能查訂單,2025年6月25日 星期三 下午12:44,@dominospizza_tw,,8,1,,,https://www.threads.com/@dominospizza_tw/post/DLUAPRLx0qa,小編知道！正收集反應這個問題 給我們一些時間,2025年6月25日 星期三 下午1:46,,,5,,,
lazyfan99,https://www.threads.com/@lazyfan99/post/DLT8AQwRejy,好吃 但分店品質差異大 有吃過起司醬給不到一半還冷掉凝結的 也有滿滿熱熱的熔岩起司的 體驗差很多🫠...希望品控可以更好,2025年6月25日 星期三 下午1:09,@dominospizza_tw,,5,1,,,https://www.threads.com/@dominospizza_tw/post/DLUAJMPxFZ1,您好！我們會要求美味、品質穩定！ 非常謝謝建議,2025年6月25日 星期三 下午1:46,,,3,,,
vm03vm03,https://www.threads.com/@vm03vm03/post/DLTwauTvCMe,可以提點意見嗎? 我覺得達美樂的餅皮有點太甜😭😭,2025年6月25日 星期三 上午11:28,@dominospizza_tw,,2,1,,,https://www.threads.com/@dominospizza_tw/post/DLT4LaqR-ec,沒有問題！小編認真收集回饋,2025年6月25日 星期三 下午12:36,,,2,,,
nggfn,https://www.threads.com/@nggfn/post/DLTyaYpSaeI,"達美樂起司火山披薩
達美樂跟必勝客最近就火山披薩的原創性在大戰
但宜蘭的特色甜品也有一樣的問題 宜蘭餅和諾貝爾奶凍捲都被亦X軒抄去 並且時不時就會看到討論說亦X軒比較好吃……
我真不希望披薩也變這樣 這次我站達美樂 1 / 2",2025年6月25日 星期三 上午11:46,,,566,39,4,15,https://www.threads.com/@dominospizza_tw/post/DLT4EIkxvHX,我也不希望😭 但希望正義跟我站在一起,2025年6月25日 星期三 下午12:35,,,234,3,,2
silviamou123,https://www.threads.com/@silviamou123/post/DLTxoBdxUMX,小編的憤怒肉眼可見耶🤣🤣🤣,2025年6月25日 星期三 上午11:39,@dominospizza_tw,,6,1,,,https://www.threads.com/@dominospizza_tw/post/DLT33OCRLc0,哭一哭 沒事的！ 我知道你們會給我一個大大的擁抱,2025年6月25日 星期三 下午12:33,,,5,,,
wmilklala,https://www.threads.com/@wmilklala/post/DLT1l3TRkOa,巧克力火山之前想吃沒吃到😭,2025年6月25日 星期三 下午12:13,@dominospizza_tw,,1,1,,,https://www.threads.com/@dominospizza_tw/post/DLT3xRwxAX8,可可火山🌋如果大家喜歡 我要去盧老闆正宗復刻！回歸登陸,2025年6月25日 星期三 下午12:32,,,6,,,
sam80827,https://www.threads.com/@sam80827/post/DLT1fbLxe15,@pizzahut.taiwan 小紅帽怎麼說@@？,2025年6月25日 星期三 下午12:13,@dominospizza_tw,,37,1,,1,https://www.threads.com/@dominospizza_tw/post/DLT3njkRIly,再Tag 一次！ 您撥的通話 沒有回應,2025年6月25日 星期三 下午12:31,,,47,1,,2
cjs_toy,https://www.threads.com/@cjs_toy/post/DLTzAgWpMXf,上禮拜用點數換山寨店的披薩，這週末我來贖罪ㄌ,2025年6月25日 星期三 上午11:51,@dominospizza_tw,,2,1,,,https://www.threads.com/@dominospizza_tw/post/DLT3g-VRuK_,小編包容善解愛！ 歡迎光臨～ 達美樂,2025年6月25日 星期三 下午12:30,,,1,,,
poshupstore.tw,https://www.threads.com/@poshupstore.tw/post/DLT2D16P5ER,這圖使人感覺小編怨念很深😍,2025年6月25日 星期三 下午12:17,@dominospizza_tw,,,1,,,https://www.threads.com/@dominospizza_tw/post/DLT3Y2TxaTf,小編哭著做這張圖,2025年6月25日 星期三 下午12:29,,,2,1,,
seal_king_tapes,https://www.threads.com/@seal_king_tapes/post/DLSE4-4Tblo,誰！！！！,2025年6月24日 星期二 下午7:49,@dominospizza_tw,,1,1,,,https://www.threads.com/@dominospizza_tw/post/DLSKiz3RR0L,小編會貼一千遍 讓台灣人都知道,2025年6月24日 星期二 下午8:38,,"Photo by 達美樂披薩 on June 24, 2025.",1,,,
g.c.w.914,https://www.threads.com/@g.c.w.914/post/DLSCeCyS9jC,"抄得了外型；抄不走美味
達美樂的餅皮比起其他家，清爽美味很多，可以吃到麵皮香，更不會吃完後滿手油光 吃過一次達美樂後，就變成死忠粉，再也無法回頭吃那種油膩膩的的披薩了（光想到那堆油進了肚子就負擔好重😱）",2025年6月24日 星期二 下午7:27,@dominospizza_tw,,31,1,1,,https://www.threads.com/@dominospizza_tw/post/DLSKeHZRfNm,謝謝台灣人的智慧與良善,2025年6月24日 星期二 下午8:37,,,9,,,
squid._0801,https://www.threads.com/@squid._0801/post/DLSBlX3JNKG,神奇的演算法,2025年6月24日 星期二 下午7:20,@dominospizza_tw,"Photo by 一夜擁有一千萬億（夢到的 on June 24, 2025.",10,1,,1,https://www.threads.com/@dominospizza_tw/post/DLSKaJnxQvH,真的好過分好過分,2025年6月24日 星期二 下午8:37,,,18,1,,1
vincent_yao_903,https://www.threads.com/@vincent_yao_903/post/DLSJM6hBpwH,"小編 我提供給你一個點子 有私訊你IG
一分鐘前傳送的",2025年6月24日 星期二 下午8:26,@dominospizza_tw,,1,1,,1,https://www.threads.com/@dominospizza_tw/post/DLSKYDox_qj,❤️,2025年6月24日 星期二 下午8:37,,,,,,
ftvnews,https://www.threads.com/@ftvnews/post/DLRr-LAREw8,"熔岩披薩
「火山熔岩披薩」鬧雙胞？ 達美樂怒嗆被抄襲：氣哭了！ 必勝客回嗆：歡迎來比較 1 / 2",2025年6月24日 星期二 下午4:11,,"Photo by 民視新聞 on June 24, 2025.",700,74,9,82,https://www.threads.com/@dominospizza_tw/post/DLR4zwlx0JG,小編真的很氣,2025年6月24日 星期二 下午6:03,,,673,19,1,4
1021.09kola,https://www.threads.com/@1021.09kola/post/DLRhQLpO1Ta,"必勝客抄襲
看到必勝客推出新品火山披薩 我腦中立刻浮現：這不是達美樂先出的嗎？ 之前的台南牛肉湯披薩也是，先出的是達美樂欸？ 現在是怎樣，創意外包給對手了是不是🤔 研發部門在幹嘛？沒有創意只靠抄襲了嗎？ 連影片都做得超像ㄏㄏ，抵制抄襲品牌==",2025年6月24日 星期二 下午2:37,,"Photo by 09kola on June 23, 2025. | Photo by 09kola on June 23, 2025.",298,39,8,15,https://www.threads.com/@dominospizza_tw/post/DLR4r9WxPsE,真的是抄襲！小編氣哭了,2025年6月24日 星期二 下午6:02,,"Photo by 達美樂披薩 on June 24, 2025.",368,2,6,2
moon5shadow4,https://www.threads.com/@moon5shadow4/post/DLRpERVR-W1,沒事！不要哭哭，我還是喜歡達美樂😂 比較符合我的口味～,2025年6月24日 星期二 下午3:45,@dominospizza_tw,,,1,,,https://www.threads.com/@dominospizza_tw/post/DLRskf-RHLn,小編哭完了！我會堅強,2025年6月24日 星期二 下午4:16,,,3,,,
iiiemon_na,https://www.threads.com/@iiiemon_na/post/DLRY6-xTp-m,"披薩
希望有人可以出一個火山披薩PK影片",2025年6月24日 星期二 下午1:24,,"Photo by 火星來的雷夢 on June 23, 2025. | Photo by 火星來的雷夢 on June 23, 2025.",37,7,,10,https://www.threads.com/@dominospizza_tw/post/DLRsckjRM9c,小編抵達前線！ 請大家支持原創創新的品牌,2025年6月24日 星期二 下午4:15,,,21,1,,
una_hello,https://www.threads.com/@una_hello/post/DLRTb1FBIGw,叫他出來釘孤枝！,2025年6月24日 星期二 下午12:36,@dominospizza_tw,,3,1,,1,https://www.threads.com/@dominospizza_tw/post/DLRWr5mRS6N,幫我Tag,2025年6月24日 星期二 下午1:05,,,34,1,,4
aliceeeend,https://www.threads.com/@aliceeeend/post/DLRWMFKPhF3,雖然被抄襲😢但不會忘記達美樂有多挺中華隊❤️ 就算被抄襲😢 還是只吃達美樂🩷,2025年6月24日 星期二 下午1:01,@dominospizza_tw,,534,1,1,,https://www.threads.com/@dominospizza_tw/post/DLRWqHjxZyh,台灣有良善有正義！小編很感動,2025年6月24日 星期二 下午1:05,,,199,,2,
cirocfafa,https://www.threads.com/@cirocfafa/post/DLRNvNgz2jm,拍拍,2025年6月24日 星期二 上午11:47,@dominospizza_tw,,2,1,,,https://www.threads.com/@dominospizza_tw/post/DLRN78XRvRe,嗚嗚嗚😭 抱抱,2025年6月24日 星期二 上午11:48,,,1,,,
ggball545,https://www.threads.com/@ggball545/post/DLRNFzTyy6n,沒事，抄的了火山，抄不了口味,2025年6月24日 星期二 上午11:41,@dominospizza_tw,,95,1,1,,https://www.threads.com/@dominospizza_tw/post/DLRNn0TReV_,真的很難過😢 謝謝你給我情緒價值支持,2025年6月24日 星期二 上午11:46,,,44,,1,
yujieez,https://www.threads.com/@yujieez/post/DLMYNWQPfnv,打一句有聲的句子,2025年6月22日 星期日 下午2:42,,,9363,2974,108,378,https://www.threads.com/@dominospizza_tw/post/DLNXQuPxUhS,達美樂～ 打了沒,2025年6月22日 星期日 下午11:53,,,276,1,,1
patty5880,https://www.threads.com/@patty5880/post/DLKRdYjPvhm,買達美樂馬芬披薩＆拼盤，慶祝二位侄子一位畢業快樂，一位期末考結束準備放二個月暑假，大人沒得吃，只能流口水，哈哈😀😀🤤🤤,2025年6月21日 星期六 下午7:05,,"Photo by 陳嘉惠 on June 21, 2025.",4,1,,1,https://www.threads.com/@dominospizza_tw/post/DLMt7U_RziJ,好幸福☺️,2025年6月22日 星期日 下午5:52,,,,,,
kyd3754,https://www.threads.com/@kyd3754/post/DLJgntOzm8G,咕咕披薩（？ 最近應該是火山吧,2025年6月21日 星期六 上午11:58,@dominospizza_tw,,1,1,,,https://www.threads.com/@dominospizza_tw/post/DLJgwtHxmrj,❤️😉,2025年6月21日 星期六 上午11:59,,"Photo by 達美樂披薩 on June 20, 2025.",3,,,
judyjoy532,https://www.threads.com/@judyjoy532/post/DK1BJN_hcME,"大家愛好哪家披薩？ 達美樂覺得還不錯啊 怎麼周遭人都不愛 🥹
136票 · 票選活動已結束",2025年6月13日 星期五 下午12:58,,,15,2,,1,https://www.threads.com/@dominospizza_tw/post/DK15yb1RyUh,👀,2025年6月13日 星期五 下午9:13,,,17,,,
sdaki2004,https://www.threads.com/@sdaki2004/post/DKvy29zBN85,"達美樂
達美樂的熔岩馬芬底部是一層厚厚的麵粉，吃到嘴巴裡面就是麵粉糊在嘴裡的口感，打電話詢問店家說是正常的…… 好吧，只能說這不是我的菜……",2025年6月11日 星期三 下午12:17,,,142,19,,27,https://www.threads.com/@dominospizza_tw/post/DK1li2yxP60,謝謝您的意見，小編很重視所以已經調查過這情況，雖然是門市零星的單一個案，但我們很重視每一個顧客的體驗，公司也已經要求加強訓練，避免讓這樣的情況發生，小編再次跟大家抱歉🙇🏻‍♂️,2025年6月13日 星期五 下午6:16,,,114,3,,
khinmap.tw,https://www.threads.com/@khinmap.tw/post/DKux8mphaEa,給我現在最紅的四個字！,2025年6月11日 星期三 上午2:50,,,3380,1501,34,91,https://www.threads.com/@dominospizza_tw/post/DKzGZchxUoi,❤️披薩馬芬🍕,2025年6月12日 星期四 下午7:05,,,3,1,,
lai_bei_tai,https://www.threads.com/@lai_bei_tai/post/DKrmGJZT0jE,"流量密碼
大家來分享自己吃過最好吃的東西🤤😍 1 / 2",2025年6月9日 星期一 下午9:08,,,39,146,,2,https://www.threads.com/@dominospizza_tw/post/DKrrLQOxPTn,披薩馬芬😘,2025年6月9日 星期一 下午9:53,,,3,1,,
atttlab,https://www.threads.com/@atttlab/post/DKrABBCTtKW,一人一句你覺得最洗腦的歌詞 我先 ：say La Lisa Love me La Lisa Love me (hey),2025年6月9日 星期一 下午3:36,,,298,67,6,4,https://www.threads.com/@dominospizza_tw/post/DKrrCOAxxaG,海辣素～海辣素～,2025年6月9日 星期一 下午9:52,,,55,,,
yiru5410,https://www.threads.com/@yiru5410/post/DKQ0qTJPiPT,"早上划手機看到達美樂火山披薩買一送一 之前覺得很好吃
於是預約下單選擇外送
結果居然可以外送到我家ㄟ🤣🤣🤣
看到我家選項可以外送。立馬下單🤣🤣😂
而且超準時的11:29外送到我家。。。
還好沒下雨。辛苦這位外送DD了。 好感動啊。。 謝謝",2025年5月30日 星期五 上午11:36,,"Photo by 承寶鯛魚燒 on May 29, 2025. | Photo by 承寶鯛魚燒 on May 29, 2025.",29,2,,,https://www.threads.com/@dominospizza_tw/post/DKRuPJERTU3,謝謝支持🫡,2025年5月30日 星期五 下午7:59,,,11,1,,
carol.sea.7,https://www.threads.com/@carol.sea.7/post/DKRR7zFzZVc,小編很怡然自得～～～🤟,2025年5月30日 星期五 下午3:52,@dominospizza_tw,,,1,,,https://www.threads.com/@dominospizza_tw/post/DKRSLYVRVqK,果然釣出才子才女,2025年5月30日 星期五 下午3:54,,,1,1,,
995_kuroko,https://www.threads.com/@995_kuroko/post/DKONeeNJwu8,四邊包繩不打洞是嗎,2025年5月29日 星期四 上午11:15,@dominospizza_tw,,,1,,,https://www.threads.com/@dominospizza_tw/post/DKQsOo2JkFu,你好流行^_^,2025年5月30日 星期五 上午10:22,,,,,,
teafect.1_n1,https://www.threads.com/@teafect.1_n1/post/DKPZrsKSgMo,天啊好優惠，達美樂小編也太時尚，馬上更新欸,2025年5月29日 星期四 下午10:21,@dominospizza_tw,,1,1,,,https://www.threads.com/@dominospizza_tw/post/DKQqYZnpYiQ,居然被你發現我是時尚披薩🍕小編,2025年5月30日 星期五 上午10:06,,,2,,,
haozhong0619,https://www.threads.com/@haozhong0619/post/DKO5IeJTJjL,我選擇達美樂,2025年5月29日 星期四 下午5:37,@junim1n,,,1,,,https://www.threads.com/@dominospizza_tw/post/DKQqNgspuMl,我也選擇達美樂❤️,2025年5月30日 星期五 上午10:05,,,1,,,
lm_____sc,https://www.threads.com/@lm_____sc/post/DKPMh-QSLfH,@shannn_11 達美樂怎麼這麼愛蹭啊 我在脆上滑到好幾次了,2025年5月29日 星期四 下午8:26,@dominos_uk,,,1,,,https://www.threads.com/@dominospizza_tw/post/DKQqKpVJrEc,早安 ～ 準備吃披薩囉,2025年5月30日 星期五 上午10:04,,,,,,
kai_c8858,https://www.threads.com/@kai_c8858/post/DKOsqzqTBj_,買大披薩居然還送一個大披薩 竟然還送一瓶可樂 太狂了,2025年5月29日 星期四 下午3:48,@dominospizza_tw,,1,1,,,https://www.threads.com/@dominospizza_tw/post/DKPFyeIR9Aa,居然被你發現這麼優惠,2025年5月29日 星期四 下午7:27,,,1,,,
abcdefghi3117,https://www.threads.com/@abcdefghi3117/post/DKOhzR9Pqmx,達美樂真懂玩 隨時都能跟上,2025年5月29日 星期四 下午2:13,@dominospizza_tw,,1,1,,,https://www.threads.com/@dominospizza_tw/post/DKPFwT-RboK,達美樂 就是懂玩🫣 愛聽顧客的心聲,2025年5月29日 星期四 下午7:27,,,1,,,
carol.sea.7,https://www.threads.com/@carol.sea.7/post/DKOjinszd-8,果然地表最強小編 當然是達美樂小編 😎😎,2025年5月29日 星期四 下午2:28,@dominospizza_tw,,3,1,,,https://www.threads.com/@dominospizza_tw/post/DKPFpZQxSrb,☺️ 居然獲得讚美,2025年5月29日 星期四 下午7:26,,,2,,,
sandergntea,https://www.threads.com/@sandergntea/post/DKOWkvNykmN,小編居然帶風 竟然跟上熱潮🤪🤪,2025年5月29日 星期四 下午12:35,@dominospizza_tw,,,1,,,https://www.threads.com/@dominospizza_tw/post/DKOYJ4SRGFE,你居然這麼說！小編好害羞,2025年5月29日 星期四 下午12:49,,,2,,,
cavaliers1980,https://www.threads.com/@cavaliers1980/post/DJ1RxK0TzHc,小編掌握流量密碼,2025年5月19日 星期一 下午6:52,@dominospizza_tw,,1,1,,,https://www.threads.com/@dominospizza_tw/post/DJ1SKRMx_HD,🤗,2025年5月19日 星期一 下午6:55,,,,,,
nichihwen,https://www.threads.com/@nichihwen/post/DJ1PiIMJoHG,好~,2025年5月19日 星期一 下午6:32,@dominospizza_tw,,1,1,,,https://www.threads.com/@dominospizza_tw/post/DJ1Q2jVxNbl,愛你😘,2025年5月19日 星期一 下午6:44,,,,,,
pinkcelestite,https://www.threads.com/@pinkcelestite/post/DJ1Pc_IP-li,今晚晚餐就是達美樂♡,2025年5月19日 星期一 下午6:32,@dominospizza_tw,,3,1,,,https://www.threads.com/@dominospizza_tw/post/DJ1Q2EHxwQ8,好👌 等你,2025年5月19日 星期一 下午6:44,,,1,,,
jamesiscurlytoo,https://www.threads.com/@jamesiscurlytoo/post/DJ1J4K5SQE7,四邊包繩不打洞 披薩不吃我難受😮‍💨,2025年5月19日 星期一 下午5:43,@dominospizza_tw,,33,1,,,https://www.threads.com/@dominospizza_tw/post/DJ1PMu0R2PR,請問披薩吃那牌 一生一世不再換,2025年5月19日 星期一 下午6:29,,,5,,,
rexyrex_0723,https://www.threads.com/@rexyrex_0723/post/DJ02-hORNOQ,以後只買達美樂😤,2025年5月19日 星期一 下午2:58,@dominospizza_tw,,3,1,,,https://www.threads.com/@dominospizza_tw/post/DJ1I5H2Ru7-,我看到了,2025年5月19日 星期一 下午5:34,,,,,,
z_lun16,https://www.threads.com/@z_lun16/post/DJ0p-EhxsfH,達美樂～～就是你😍,2025年5月19日 星期一 下午1:04,@dominospizza_tw,,1,1,,,https://www.threads.com/@dominospizza_tw/post/DJ0xoRGxQRe,你跟我告白😍 害羞,2025年5月19日 星期一 下午2:11,,,,,,
pansijair,https://www.threads.com/@pansijair/post/DJ0qQF2T2tr,😆只好今天晚餐點達美樂外帶了！,2025年5月19日 星期一 下午1:06,@dominospizza_tw,,1,1,,,https://www.threads.com/@dominospizza_tw/post/DJ0xhD6xxNc,今天小編送大家買大送大，再加碼送可樂優惠🥰,2025年5月19日 星期一 下午2:10,,,1,,,
chacha8242024,https://www.threads.com/@chacha8242024/post/DJ0kh_GyqfF,四邊包繩不打洞 轉身化做批薩控,2025年5月19日 星期一 下午12:16,@dominospizza_tw,,16,1,,,https://www.threads.com/@dominospizza_tw/post/DJ0pmGdRhUp,才藝高強！速速前往達美樂官方粉絲團參加大賽,2025年5月19日 星期一 下午1:01,,,,,,
fupingshih,https://www.threads.com/@fupingshih/post/DJ0kb6GppsJ,昨天有訂，打開盒子滿滿熱氣！感覺的出來有用心！推推推,2025年5月19日 星期一 下午12:16,@dominospizza_tw,,1,1,,,https://www.threads.com/@dominospizza_tw/post/DJ0l8uvx4qB,❤️❤️ 達美樂用心出品 ❤️❤️,2025年5月19日 星期一 下午12:29,,,,,,
,https://www.threads.com/@dominospizza_tw/post/DJy0k7dR1mB,四邊包繩不打洞,2025年5月18日 星期日 下午7:58,,"Photo by 達美樂披薩 on May 18, 2025.",18000,503,754,1068,https://www.threads.com/@dominospizza_tw/post/DJ0coiURVIm,我只是一個喜歡文學創作的乖寶寶 …🥹,2025年5月19日 星期一 上午11:07,,,7,,,
91stagram,https://www.threads.com/@91stagram/post/DJzYSlEBkbM,四邊包繩不打洞 先吃明天再飲控,2025年5月19日 星期一 上午1:10,@dominospizza_tw,,12,1,,,https://www.threads.com/@dominospizza_tw/post/DJ0AM9rzJkQ,披薩中間有起司 沾了吃嗨有氣氛,2025年5月19日 星期一 上午6:59,,,1,,,
universalpowergo,https://www.threads.com/@universalpowergo/post/DJy9w3tPrGs,好想知道你們要怎麼翻四邊包繩不打洞？,2025年5月18日 星期日 下午9:18,@dominospizza_tw,,3,1,,,https://www.threads.com/@dominospizza_tw/post/DJ0AFxKTYQF,🤫🤫🤫 這裡是小編的小園地,2025年5月19日 星期一 上午6:58,,,,,,
91stagram,https://www.threads.com/@91stagram/post/DJzYLP7BDqM,四邊包繩不打洞 小心盒裡濕氣重 建議還是留個縫 香到882巷52弄,2025年5月19日 星期一 上午1:09,@dominospizza_tw,,23,1,,,https://www.threads.com/@dominospizza_tw/post/DJ0ACr5T8oh,有才華！ 受小弟一拜,2025年5月19日 星期一 上午6:58,,,4,,,
thth.a3388,https://www.threads.com/@thth.a3388/post/DJzSF7ryh15,好狠 但我好喜歡 好心洞🥹😍,2025年5月19日 星期一 上午12:16,@dominospizza_tw,,1,1,,,https://www.threads.com/@dominospizza_tw/post/DJ0AAgpTnBr,好詩好濕 來吃來吃,2025年5月19日 星期一 上午6:57,,,1,,,
ibi1992,https://www.threads.com/@ibi1992/post/DJzZIsAzMKi,「四邊包繩不打洞，天天餡料加倍送」🤤,2025年5月19日 星期一 上午1:18,@dominospizza_tw,,,1,,,https://www.threads.com/@dominospizza_tw/post/DJz_-s5zJ8E,我聽到👂許願清單+1,2025年5月19日 星期一 上午6:57,,,,,,
chen.yu.chun,https://www.threads.com/@chen.yu.chun/post/DJzQrbzyS8D,四邊包繩不打洞 批薩美味不打折,2025年5月19日 星期一 上午12:04,@dominospizza_tw,,1,1,,,https://www.threads.com/@dominospizza_tw/post/DJz_7nxTeh1,大披薩吃達美樂 來店外帶打五折,2025年5月19日 星期一 上午6:57,,,,,,
tenhuie_yu,https://www.threads.com/@tenhuie_yu/post/DJzYk4nvJB3,"四邊包繩不打洞
「四邊包繩不打洞，要就達美樂外送。」
（早知道那天拍完就去吉林店點外帶了 🍕） 四邊包繩不打洞",2025年5月19日 星期一 上午1:13,@dominospizza_tw,,3,1,,,https://www.threads.com/@dominospizza_tw/post/DJz_Vt1zme2,今天歡迎你來外帶！有優惠,2025年5月19日 星期一 上午6:51,,,2,,,
hooliganick,https://www.threads.com/@hooliganick/post/DJzJ_uKTTgs,小編你早點說 我今天中午才吃必勝客 後悔了,2025年5月18日 星期日 下午11:05,@dominospizza_tw,,3,1,,,https://www.threads.com/@dominospizza_tw/post/DJzKeMKpHBM,下次我一定會更早！ 之後都吃達美樂，不要後悔了,2025年5月18日 星期日 下午11:10,,,6,,,
badoglife,https://www.threads.com/@badoglife/post/DJzJCfeTZ5_,"四邊包繩-不打洞） 送達美樂情義重
披薩盒還是麻煩請幫我打洞，不准悶住他！👿",2025年5月18日 星期日 下午10:57,@dominospizza_tw,,7,1,,,https://www.threads.com/@dominospizza_tw/post/DJzKUWwp_P3,收到！打洞處理，香氣自由奔放🏃‍♂️💨🍕,2025年5月18日 星期日 下午11:08,,,6,,,
real_jeon_duh_wan,https://www.threads.com/@real_jeon_duh_wan/post/DJzJfeASrx9,目前有送到韓國青瓦台的服務嗎,2025年5月18日 星期日 下午11:01,@dominospizza_tw,,1,1,,,https://www.threads.com/@dominospizza_tw/post/DJzKCQtJDEE,會比較久一點！路途遙遠,2025年5月18日 星期日 下午11:06,,,1,,,
susan.huang.716,https://www.threads.com/@susan.huang.716/post/DJzIa05yTNn,又要訂達美樂了 小編記得四邊包繩再外送,2025年5月18日 星期日 下午10:52,@dominospizza_tw,,14,1,,1,https://www.threads.com/@dominospizza_tw/post/DJzJ-IrJsgo,👌 包好出發🛫,2025年5月18日 星期日 下午11:05,,,8,,,
lienjintsai,https://www.threads.com/@lienjintsai/post/DJy7sqkTw5J,意圖使人訂購達美樂。,2025年5月18日 星期日 下午9:00,,"Photo by 連進財 on May 18, 2025.",61,3,3,,https://www.threads.com/@dominospizza_tw/post/DJzIOCPJkv6,"這裡訂香噴噴 dominos.com.tw
dominos.com.tw
達美樂披薩外送外帶 | 網路訂餐 | Domino's TW",2025年5月18日 星期日 下午10:50,,達美樂披薩外送外帶 | 網路訂餐 | Domino's TW,3,1,,
angel.chiou,https://www.threads.com/@angel.chiou/post/DJy_qV-hpHs,好唷~~通通都給去訂起來!! 四邊包繩不打洞，火山披薩ㄆㄤㄍㄨㄥˋㄍㄨㄥˋ!!,2025年5月18日 星期日 下午9:35,@dominospizza_tw,,5,2,,,https://www.threads.com/@dominospizza_tw/post/DJy_uqypSXa,200分！懂吃,2025年5月18日 星期日 下午9:36,,,3,,,
momoparadise_tw,https://www.threads.com/@momoparadise_tw/post/DJjHwScSuXb,"小編互助會
用一句話來證明你是小編🫩",2025年5月12日 星期一 下午5:38,,,250,541,,13,https://www.threads.com/@dominospizza_tw/post/DJy_qBGplkV,晚安💤 還不下班啊,2025年5月18日 星期日 下午9:35,,,1,1,,
letmesduplikeatw,https://www.threads.com/@letmesduplikeatw/post/DJy_dC1zuqz,小編真的是,2025年5月18日 星期日 下午9:33,@dominospizza_tw,"Photo by MINEEE on May 18, 2025.",607,1,,1,https://www.threads.com/@dominospizza_tw/post/DJy_hQhJ6u6,啊哈哈哈哈啊哈,2025年5月18日 星期日 下午9:34,,,71,,,
gabbb.29,https://www.threads.com/@gabbb.29/post/DJy_XgPyhge,想吃達美樂了🥹,2025年5月18日 星期日 下午9:32,@dominospizza_tw,,7,1,,,https://www.threads.com/@dominospizza_tw/post/DJy_bubpGTR,來吃！大披薩外帶通通半價啦！,2025年5月18日 星期日 下午9:33,,,3,,,
liujiawei0930,https://www.threads.com/@liujiawei0930/post/DJy-yPxyfOO,這小編必須加雞腿,2025年5月18日 星期日 下午9:27,@dominospizza_tw,,2,1,,,https://www.threads.com/@dominospizza_tw/post/DJy_J9cplLB,給我➕❤️ 還有 ➕🍕,2025年5月18日 星期日 下午9:31,,,1,,,
hsnu1675_y99,https://www.threads.com/@hsnu1675_y99/post/DJy-287JZzN,沒押韻😠負評 （是指詩的部分 （披薩的部分是好評,2025年5月18日 星期日 下午9:28,@dominospizza_tw,,5,1,,,https://www.threads.com/@dominospizza_tw/post/DJy_FGaJa5W,哈哈 下面好多才子才女 幫我壓韻了,2025年5月18日 星期日 下午9:30,,,1,,,
angel.chiou,https://www.threads.com/@angel.chiou/post/DJy-5_2hjKJ,必須來留言給我的朋朋們都看到⋯,2025年5月18日 星期日 下午9:28,@dominospizza_tw,,25,2,,,https://www.threads.com/@dominospizza_tw/post/DJy-_FzpMAT,約他們吃達美樂好不好,2025年5月18日 星期日 下午9:29,,,5,1,,
gogo_kunkun,https://www.threads.com/@gogo_kunkun/post/DJy-cgnvE4k,四邊包繩不打洞，八方來客取披薩www,2025年5月18日 星期日 下午9:24,@dominospizza_tw,,9,1,,,https://www.threads.com/@dominospizza_tw/post/DJy-p6PJ_N1,你們可不可以那麼有才華！罰吃一天達美樂披薩吃胖胖🫣,2025年5月18日 星期日 下午9:26,,,10,,,
nn690603,https://www.threads.com/@nn690603/post/DJy-baKySa1,四邊包繩不打洞，原來指的是披薩😂😂😂 （請忽略我認知錯誤😂）,2025年5月18日 星期日 下午9:24,@dominospizza_tw,,3,1,,,https://www.threads.com/@dominospizza_tw/post/DJy-mhLJfqM,我也覺得是…😘,2025年5月18日 星期日 下午9:26,,,2,,,
weize7949,https://www.threads.com/@weize7949/post/DJy-YGnyQQq,"達美樂，四邊包繩了沒
412-5252",2025年5月18日 星期日 下午9:24,@dominospizza_tw,,48,1,,,https://www.threads.com/@dominospizza_tw/post/DJy-ig1pLDL,好了好了！包了就出發外送😂,2025年5月18日 星期日 下午9:25,,,15,,,
d.c_811565_,https://www.threads.com/@d.c_811565_/post/DJy7tY2yT3k,小編學壞了,2025年5月18日 星期日 下午9:01,@dominospizza_tw,,1,1,,,https://www.threads.com/@dominospizza_tw/post/DJy71CHRS9_,我！怎麼了….🥹 原諒我,2025年5月18日 星期日 下午9:02,,,2,1,,
vivian0108,https://www.threads.com/@vivian0108/post/DJy7UrqB-l5,四邊包繩不打洞，披薩只吃達美樂💕,2025年5月18日 星期日 下午8:57,@dominospizza_tw,,50,1,1,,https://www.threads.com/@dominospizza_tw/post/DJy7vsRR5_Y,200分！,2025年5月18日 星期日 下午9:01,,,21,,,
teafect.1_n1,https://www.threads.com/@teafect.1_n1/post/DJy7fWZS-pJ,女王就喜歡這種尬聊，也喜歡吃你們的pizza,2025年5月18日 星期日 下午8:59,@dominospizza_tw,,1,1,,,https://www.threads.com/@dominospizza_tw/post/DJy7uJzxsng,我也喜歡鐵觀音拿鐵～😘,2025年5月18日 星期日 下午9:01,,,1,1,,
catsfinger,https://www.threads.com/@catsfinger/post/DJy7KkJyQd4,就愛你的壞,2025年5月18日 星期日 下午8:56,@dominospizza_tw,,5,1,,,https://www.threads.com/@dominospizza_tw/post/DJy7l86xAPA,你是說愛那個偷偷換LOG… 的我嗎🥰,2025年5月18日 星期日 下午9:00,,,6,1,,
middlefat1008,https://www.threads.com/@middlefat1008/post/DJy7XltSjBR,四邊包繩不打洞 披薩當前食指動,2025年5月18日 星期日 下午8:58,@dominospizza_tw,,24,1,1,,https://www.threads.com/@dominospizza_tw/post/DJy7gSzR0X3,103分！,2025年5月18日 星期日 下午8:59,,,8,,,
teafect.1_n1,https://www.threads.com/@teafect.1_n1/post/DJy7FjVSmXv,這時事梗被你拿捏的明明白白的,2025年5月18日 星期日 下午8:55,@dominospizza_tw,,6,1,,,https://www.threads.com/@dominospizza_tw/post/DJy7ZVYxULp,我只是喜歡和脆友嘎聊～ 🥹🥹🥹,2025年5月18日 星期日 下午8:58,,,4,1,,
_toritoripp,https://www.threads.com/@_toritoripp/post/DJy6_yHSwL_,我建議改成 披薩盒裡乓貢貢🫶🏻,2025年5月18日 星期日 下午8:54,@dominospizza_tw,,1,1,,,https://www.threads.com/@dominospizza_tw/post/DJy7DGtRJsK,好詩好詩,2025年5月18日 星期日 下午8:55,,,,,,
catsfinger,https://www.threads.com/@catsfinger/post/DJy61sfyBYy,達美樂壞壞,2025年5月18日 星期日 下午8:53,@dominospizza_tw,,65,1,,,https://www.threads.com/@dominospizza_tw/post/DJy6_iyxBGb,我…只是… 想練習寫詩 還有多賣幾份披薩🍕….,2025年5月18日 星期日 下午8:54,,,71,2,1,
wash22222,https://www.threads.com/@wash22222/post/DJy6rJMTr2I,達美樂永遠不會讓人失望,2025年5月18日 星期日 下午8:51,@dominospizza_tw,,226,1,1,,https://www.threads.com/@dominospizza_tw/post/DJy6x8iRmzq,我.. 泛淚了..（感動🥹）,2025年5月18日 星期日 下午8:52,,,75,,1,
carolhuang.carol,https://www.threads.com/@carolhuang.carol/post/DJy6fYnzQ87,👏👏🤣👍👍,2025年5月18日 星期日 下午8:50,@dominospizza_tw,,1,1,,,https://www.threads.com/@dominospizza_tw/post/DJy6ocvRUyy,🍕🍕❤️🍕🍕,2025年5月18日 星期日 下午8:51,,,,,,
nien0154,https://www.threads.com/@nien0154/post/DJy6fKpSqUh,四邊包繩不打洞，聚會慶祝domino,2025年5月18日 星期日 下午8:50,@dominospizza_tw,,202,1,1,,https://www.threads.com/@dominospizza_tw/post/DJy6il6xQLH,102分！,2025年5月18日 星期日 下午8:50,,,40,,,
paulchu0258,https://www.threads.com/@paulchu0258/post/DJy6TXDS-LW,小編很會，出頭真多，老闆不加雞腿說不過去😁,2025年5月18日 星期日 下午8:48,@dominospizza_tw,,14,1,1,,https://www.threads.com/@dominospizza_tw/post/DJy6YoVxy2g,我喜歡吃披薩🍕給我加披薩我就開心！,2025年5月18日 星期日 下午8:49,,,16,1,1,
taiwanvictorchan,https://www.threads.com/@taiwanvictorchan/post/DJy6PM6zPwJ,不押韻 扣分 時事梗創意不錯 加分😁,2025年5月18日 星期日 下午8:48,@dominospizza_tw,,3,1,,,https://www.threads.com/@dominospizza_tw/post/DJy6S4GxyZB,嗚嗚嗚 有網友幫我補押韻惹,2025年5月18日 星期日 下午8:48,,,4,,,
cai_anna,https://www.threads.com/@cai_anna/post/DJy1utIzs2E,小編好有才🤣要不要順便把達美樂的logo，改成少幾個字母的？ 例如Dom izza 🤣🤣🤣,2025年5月18日 星期日 下午8:08,@dominospizza_tw,"Photo by 蔡依純 on May 18, 2025.",101,3,1,4,https://www.threads.com/@dominospizza_tw/post/DJy14G0Ru8G,上次已經偷偷換了…L..GO ..,2025年5月18日 星期日 下午8:10,,,131,,,
dreamnotdream,https://www.threads.com/@dreamnotdream/post/DJy1lgbSSXd,沒押韻不給過,2025年5月18日 星期日 下午8:07,@dominospizza_tw,,5,1,,,https://www.threads.com/@dominospizza_tw/post/DJy1rLJxO7Y,好難🤯 小編想了一個小時,2025年5月18日 星期日 下午8:08,,,7,1,,
c.y.h__ian,https://www.threads.com/@c.y.h__ian/post/DJy1bRzy0Uq,超過100分,2025年5月18日 星期日 下午8:06,@dominospizza_tw,,2,1,,,https://www.threads.com/@dominospizza_tw/post/DJy1gYsxIoa,披薩好吃度也超過100,2025年5月18日 星期日 下午8:06,,,3,,,
chihkai1029,https://www.threads.com/@chihkai1029/post/DJy1XrNzXUH,一百分,2025年5月18日 星期日 下午8:05,@dominospizza_tw,,5,1,,,https://www.threads.com/@dominospizza_tw/post/DJy1e81xGWs,🥳🥳🥳,2025年5月18日 星期日 下午8:06,,,3,,,
gerlinstudio,https://www.threads.com/@gerlinstudio/post/DJy0_uOzWAu,明天又可以吃披薩了🤤,2025年5月18日 星期日 下午8:02,@dominospizza_tw,,8,1,,,https://www.threads.com/@dominospizza_tw/post/DJy1dk3RqWn,吃達美樂～ 不要跑錯家 喔喔喔喔,2025年5月18日 星期日 下午8:06,,,10,1,,
linc1__,https://www.threads.com/@linc1__/post/DJyaLIKzsgk,@ro_zhu2 不要拿披薩沾可樂,2025年5月18日 星期日 下午4:07,@liubeistory,,8,1,,,https://www.threads.com/@dominospizza_tw/post/DJyyuacRST1,披薩🍕要沾起司🧀不然會氣死,2025年5月18日 星期日 下午7:42,,,,,,
grace.0725,https://www.threads.com/@grace.0725/post/DJwSmc0SsLJ,最近的me,2025年5月17日 星期六 下午8:23,,"Photo by Grace Yu on May 17, 2025.",6641,17,904,2564,https://www.threads.com/@dominospizza_tw/post/DJyx9ZrR2JQ,克制不了零食衝動… 那試試看中間有起司可以沾的披薩🍕,2025年5月18日 星期日 下午7:35,,,2,,,
qie_3.1415926._,https://www.threads.com/@qie_3.1415926._/post/DJv6FlipBlh,曾經有一位歌手說過 1 / 2,2025年5月17日 星期六 下午4:49,,"Photo by 圓周率 on May 17, 2025.",74000,504,5052,13000,https://www.threads.com/@dominospizza_tw/post/DJykM2Zx4U7,讓我來練習一下 是這樣嗎…🤨,2025年5月18日 星期日 下午5:35,,"Photo by 達美樂披薩 on May 18, 2025.",47,,,
linxianya,https://www.threads.com/@linxianya/post/DJoYumdS0Of,"到底是有沒有要讀。
BTW114會考牲加油喔💪🏻",2025年5月14日 星期三 下午6:42,,,8187,10,218,275,https://www.threads.com/@dominospizza_tw/post/DJoj5iqx7Qs,吃披薩馬芬得滿分💯 加油～,2025年5月14日 星期三 下午8:20,,,18,,,
dodo._0316,https://www.threads.com/@dodo._0316/post/DJmIB44B637,好吃😋！,2025年5月13日 星期二 下午9:38,@dominospizza_tw,,2,1,,,https://www.threads.com/@dominospizza_tw/post/DJojpOhxfYk,真的好吃😋,2025年5月14日 星期三 下午8:18,,,1,,,
motodaichan,https://www.threads.com/@motodaichan/post/DJoaHzKPP1N,身體不舒服，不想做飯，就去達美樂買兩個比薩吧，畢竟買兩個才能45折⋯⋯🤣🤣🤣,2025年5月14日 星期三 下午6:55,,"Photo by 裴健植 on May 14, 2025.",6,1,,,https://www.threads.com/@dominospizza_tw/post/DJocFTMx5Te,好選擇！晚餐交給達美樂😘,2025年5月14日 星期三 下午7:12,,,5,,,
anna20191129,https://www.threads.com/@anna20191129/post/DJnoubmJzAh,！竟然是達美樂？ 孝順無價 我個人覺得有比必勝客那次的整只龍蝦好吃,2025年5月14日 星期三 上午11:43,@dominospizza_tw,,,1,,,https://www.threads.com/@dominospizza_tw/post/DJn_aP_xR7L,超級愛你❤️❤️❤️ 達美樂 打了沒～,2025年5月14日 星期三 下午3:01,,,1,,,
eli9961428,https://www.threads.com/@eli9961428/post/DJnF8IQTQN_,熱量好高好喜歡 喜歡火山口那個烤得脆脆的部分！,2025年5月14日 星期三 上午6:39,@dominospizza_tw,,,1,,,https://www.threads.com/@dominospizza_tw/post/DJnRB-OzJLD,"披薩
我也超級愛😍 熱量愈高愈療癒",2025年5月14日 星期三 上午8:16,,,1,,,
denislee.0628,https://www.threads.com/@denislee.0628/post/DJmXYLoSYpD,免費的達美樂披薩🍕,2025年5月13日 星期二 下午11:52,@dominospizza_tw,,4,1,,,https://www.threads.com/@dominospizza_tw/post/DJnQ9hszzyh,🤔,2025年5月14日 星期三 上午8:15,,,,,,
nash74418,https://www.threads.com/@nash74418/post/DJmR4Csz0Z8,沒有骰到六的本肥可是不吃的,2025年5月13日 星期二 下午11:04,@dominospizza_tw,,,1,,,https://www.threads.com/@dominospizza_tw/post/DJmTzptJR0J,我剛剛骰到6了！ 明天換你接棒,2025年5月13日 星期二 下午11:21,,,1,,,
1ongtimenosee68,https://www.threads.com/@1ongtimenosee68/post/DJlAvzMy3y2,甜的漢堡是什麼邪教🤢🤢🤢,2025年5月13日 星期二 上午11:15,,,19,10,,,https://www.threads.com/@dominospizza_tw/post/DJmIuzgp82H,中間有起司🧀可以沾的披薩算邪教嗎,2025年5月13日 星期二 下午9:44,,,1,1,,
c.j_1988,https://www.threads.com/@c.j_1988/post/DJlBsMqziRA,在台灣，晚上出去慢跑是很危險 - - - - - 會遇到鹽酥雞攤、酒吧、小吃攤,2025年5月13日 星期二 上午11:23,,,32000,267,1053,716,https://www.threads.com/@dominospizza_tw/post/DJmIcuQpXqW,還有達美樂披薩外帶半價,2025年5月13日 星期二 下午9:42,,,11,,,
judy_6611,https://www.threads.com/@judy_6611/post/DJjG4tcvh5t,"達美樂起司火山披薩
母親節披薩🍕 我知道服務員都很辛苦🙂 不過這個帶回去之後大人問中間那是什麼… 我跟我妹：起司火山 ——————————————— 招牌四喜、起司火山海鮮四喜 我以後還是吃必勝客就好🙂",2025年5月12日 星期一 下午5:30,,"Photo by SFC大豬 on May 12, 2025. | Photo by SFC大豬 on May 12, 2025.",2,12,,,https://www.threads.com/@dominospizza_tw/post/DJmE1AWpvpL,不～～～ 再給我們一次機會！,2025年5月13日 星期二 下午9:10,,,1,1,,
jffff__,https://www.threads.com/@jffff__/post/DJji8OZJtH-,說什麼呢? 明明是達美樂,2025年5月12日 星期一 下午9:35,@luke.channel.tw,,,1,,,https://www.threads.com/@dominospizza_tw/post/DJmEyFUp4cZ,不太像！？但我喜歡達美樂😘,2025年5月13日 星期二 下午9:10,,,,,,
152.jhihyi,https://www.threads.com/@152.jhihyi/post/DJinI9sP4sY,"母親節
達美樂母親節套 奶香味的披薩好好吃🤤",2025年5月12日 星期一 下午12:53,,"Photo by 芷漪✿152cm on May 11, 2025.",1,1,,,https://www.threads.com/@dominospizza_tw/post/DJmEWNxpaOZ,我也覺得好好吃,2025年5月13日 星期二 下午9:06,,,,,,
cssl21_xhhh,https://www.threads.com/@cssl21_xhhh/post/DJjiXX4SbWS,"這是回覆已無法顯示的貼文
達美樂",2025年5月12日 星期一 下午9:30,,,1,1,,,https://www.threads.com/@dominospizza_tw/post/DJmETgXp4z5,給過🥰,2025年5月13日 星期二 下午9:06,,,1,,,
siyen0706,https://www.threads.com/@siyen0706/post/DJjfWPmTqub,"文筆挑戰
身為中文系的我以為所謂的文筆挑戰應該是
天若有情天亦老
請對出下聯",2025年5月12日 星期一 下午9:04,,,3421,778,101,387,https://www.threads.com/@dominospizza_tw/post/DJmEPwIpdOa,餅若多情達美樂打了沒,2025年5月13日 星期二 下午9:05,,,2,,,
kuanhisen,https://www.threads.com/@kuanhisen/post/DJlYZoUp0Ta,難得點到一個覺得每片都很有料還不用加價的基本口味。然後我忘記全名，好像是什麼海鮮四喜。謝謝老公在母親節晚上主動跑去拿餐，讓我不用煮飯。#達美樂,2025年5月13日 星期二 下午2:42,,"Photo by Kuanhsien on May 12, 2025.",2,1,,,https://www.threads.com/@dominospizza_tw/post/DJmD-UAJb2f,謝謝老公🥰,2025年5月13日 星期二 下午9:03,,,,,,
astrofamily.29636626,https://www.threads.com/@astrofamily.29636626/post/DJlncPSpG7K,有沒有哪一道美食讓你念念不忘呢?,2025年5月13日 星期二 下午4:53,,,75,133,,,https://www.threads.com/@dominospizza_tw/post/DJmDyIrJv1V,達美樂披薩🍕,2025年5月13日 星期二 下午9:01,,,2,1,,
spig0108,https://www.threads.com/@spig0108/post/DJgunf4PVpf,慶祝🍾媽媽母親節快樂🎁吃了一天午餐+晚餐照片一起上💖 #中午吃日本料理 #晚餐吃肯德基 #晚餐吃達美樂 #母親節快樂,2025年5月11日 星期日 下午7:20,,"Photo by 金柏莉（小P) on May 11, 2025. | Photo by 金柏莉（小P) on May 11, 2025. | Photo by 金柏莉（小P) on May 11, 2025. | Photo by 金柏莉（小P) on May 11, 2025. | Photo by 金柏莉（小P) on May 11, 2025. | Photo by 金柏莉（小P) on May 11, 2025. | Photo by 金柏莉（小P) on May 11, 2025. | Photo by 金柏莉（小P) on May 11, 2025.",2,1,,,https://www.threads.com/@dominospizza_tw/post/DJhA5YwpboH,我喜歡你的晚餐🥰🍕❤️ 母親節快樂,2025年5月11日 星期日 下午10:00,,,1,,,
3_.jazi,https://www.threads.com/@3_.jazi/post/DJgvTOMSphX,必勝客&達美樂？,2025年5月11日 星期日 下午7:26,,"Photo by 橴 on May 11, 2025. | Photo by 橴 on May 11, 2025.",,1,,,https://www.threads.com/@dominospizza_tw/post/DJhAvVvJc8u,達美樂❤️,2025年5月11日 星期日 下午9:58,,,1,,,
chiayu.u,https://www.threads.com/@chiayu.u/post/DJeoJZnyUfY,聽說熔岩起司披薩很好吃，今天買一個試試看 起司醬過鹹啊！還要試試看白醬嗎？,2025年5月10日 星期六 下午11:45,,"Photo by @chiayu.u on May 10, 2025.",,1,,,https://www.threads.com/@dominospizza_tw/post/DJhAlhXpjij,都好吃！,2025年5月11日 星期日 下午9:57,,,1,,,
ma_luco90,https://www.threads.com/@ma_luco90/post/DJg-QinhU6p,感謝達美樂美女外送員冒雨送來熱騰騰的母親節火山披薩套餐❤️ 也祝福妳母親節快樂（看不見妳的臉但美麗的聲音讓人心情好👍） @dominospizza_tw,2025年5月11日 星期日 下午9:36,,"Photo by 媜霏 on May 11, 2025. | Photo by 媜霏 on May 11, 2025.",3,1,,,https://www.threads.com/@dominospizza_tw/post/DJg_IfBpBvI,謝謝您的溫暖留言，小編也幫美女外送員收下祝福啦～祝您和家人母親節快樂、幸福滿滿！ #送餐路上有你們的鼓勵真的好幸福,2025年5月11日 星期日 下午9:44,,,2,,,
dreamnotdream,https://www.threads.com/@dreamnotdream/post/DJgw6CZyDsl,🤣🤣🤣,2025年5月11日 星期日 下午7:40,@dominospizza_tw,,,1,,,https://www.threads.com/@dominospizza_tw/post/DJgw_vqRNOk,我的手好酸🫣🫣🫣 真的,2025年5月11日 星期日 下午7:41,,,1,,,
cpc0715,https://www.threads.com/@cpc0715/post/DJgtFFySMNc,中午我就想吃pizza但都無法登入網頁，殘念煮泡麵！母親節午餐。,2025年5月11日 星期日 下午7:06,@dominospizza_tw,,,1,,,https://www.threads.com/@dominospizza_tw/post/DJgw8nURxGH,現在可以訂！ 或是明天也可以訂！ 重點：披薩🍕就訂達美樂 ～ 愛你😘,2025年5月11日 星期日 下午7:40,,,1,,,
ppppxuan,https://www.threads.com/@ppppxuan/post/DH5lmPkphx2,欸不是 雖說是愚人節 但小達現在是要跟小必的奇幻風格PK嗎?!! 直接走一個科技感的路線 丟給朋友看大家都覺得是假的😡 求救達美樂小編 有正解嗎? (不敢想像做出來長怎樣🫣…..,2025年4月1日 星期二 下午5:59,,"Photo by PPPPxuan on April 01, 2025. | Photo by PPPPxuan on April 01, 2025.",23,8,1,,https://www.threads.com/@dominospizza_tw/post/DH6LpOWpcK3,當然是真的 那一次假😏,2025年4月1日 星期二 下午11:32,,,12,,,
lalamuchang,https://www.threads.com/@lalamuchang/post/DH5B0prydyx,等一下，這不會是粉紅色珍珠吧！？！？,2025年4月1日 星期二 下午12:47,@dominospizza_tw,,2,1,,,https://www.threads.com/@dominospizza_tw/post/DH5DfYRxJuw,你知道了什麼🤔,2025年4月1日 星期二 下午1:01,,,2,,,
valkyries515515,https://www.threads.com/@valkyries515515/post/DH31Ht9ysrf,請問良率多少？😂,2025年4月1日 星期二 上午1:36,@dominospizza_tw,,1,1,,,https://www.threads.com/@dominospizza_tw/post/DH4OXyIThJf,100%莫札瑞拉起司良率,2025年4月1日 星期二 上午5:17,,,1,,,
song.shaying,https://www.threads.com/@song.shaying/post/DH3eL7pTwPd,要準備封測試賣了嗎😀,2025年3月31日 星期一 下午10:16,@dominospizza_tw,,2,1,,,https://www.threads.com/@dominospizza_tw/post/DH3z85yvLB4,要準備進軍披薩科技業,2025年4月1日 星期二 上午1:26,,,2,,,
trischang444,https://www.threads.com/@trischang444/post/DH3PINKynjg,不會是晶圓批撒吧,2025年3月31日 星期一 下午8:04,@dominospizza_tw,,3,1,,,https://www.threads.com/@dominospizza_tw/post/DH3z2mnPdiJ,🥺,2025年4月1日 星期二 上午1:25,,,1,,,
1111.com.tw,https://www.threads.com/@1111.com.tw/post/DH3RAR6TBK7,老闆，Pizza不切加乖乖,2025年3月31日 星期一 下午8:21,@dominospizza_tw,,3,1,,1,https://www.threads.com/@dominospizza_tw/post/DH3z1eOPoIU,只能是綠色的,2025年4月1日 星期二 上午1:25,,,1,,,
shizuka_tsai,https://www.threads.com/@shizuka_tsai/post/DH3DRbLhv4c,電路板披薩,2025年3月31日 星期一 下午6:21,@dominospizza_tw,,4,1,,,https://www.threads.com/@dominospizza_tw/post/DH3zxzxPjTB,進軍科技產業,2025年4月1日 星期二 上午1:25,,,2,,,
dongwangyun,https://www.threads.com/@dongwangyun/post/DH3CxnGSP7Y,好險不是4/1發布這消息,2025年3月31日 星期一 下午6:16,@dominospizza_tw,,2,1,,,https://www.threads.com/@dominospizza_tw/post/DH3zwQVvWca,你怎麼知道不是提前發布🤤,2025年4月1日 星期二 上午1:24,,,,,,
chenyongchun2,https://www.threads.com/@chenyongchun2/post/DH3IrI4PtTy,黃仁燻雞披薩?,2025年3月31日 星期一 下午7:08,@dominospizza_tw,,2,1,,,https://www.threads.com/@dominospizza_tw/post/DH3zsLpP3uJ,你這很有創意😂,2025年4月1日 星期二 上午1:24,,,2,,,
caien_l,https://www.threads.com/@caien_l/post/DH3FC-uv6m9,繼起司情書💌創舉後，好想知道這個是什麼😃(踏步）,2025年3月31日 星期一 下午6:36,@dominospizza_tw,,3,1,,,https://www.threads.com/@dominospizza_tw/post/DH3zow5PK87,明天揭曉😏,2025年4月1日 星期二 上午1:23,,,1,,,
dj00716,https://www.threads.com/@dj00716/post/DHlqvRQBvtf,"達美樂
其實我本身是沒有很愛吃達美樂的人 但最近達美樂一次次感動我 很喜歡品牌大膽說出對台灣的愛 正因為我們身在台灣，更不能忘記對這裡的愛 尤其是企業，真的不要怕表達，因為其實你的不表達也是一種立場
推達美樂的理由 1、產品中表達對台灣的愛 2、雖然我不喜歡夏威夷披薩，但挺在地金鑽鳳梨很有愛，用的也是台畜火腿 3、四小福選擇障礙救星，四種口味滿足你 4、超活潑CEO不看一眼嗎？ 5、針對吃披薩捐款活動，每次選擇的單位都不一樣，將資源分配到不同單位，而當然主要都是針對兒童的機構為主
每一次消費也都是我們的選擇 給好企業，一個機會！ 1 / 2",2025年3月25日 星期二 上午12:19,,"Photo by すみ Sumi on March 24, 2025.",142,8,1,,https://www.threads.com/@dominospizza_tw/post/DHmudk4pxTF,謝謝你，但我們是四喜披薩😢 四小福是…🐍🐢🤫 但小編還是愛你😘,2025年3月25日 星期二 上午10:11,,,112,3,,1
antlers_allele,https://www.threads.com/@antlers_allele/post/DHk6K3mRGUU,龜蛇在哭泣，愛美的女孩選這一邊,2025年3月24日 星期一 下午5:15,@dominospizza_tw,,5,1,,,https://www.threads.com/@dominospizza_tw/post/DHlnbr1ph8O,🤫,2025年3月24日 星期一 下午11:50,,,,,,
gopower_tw,https://www.threads.com/@gopower_tw/post/DHkvQ67T47S,愛情限時批✉️ 🥹,2025年3月24日 星期一 下午3:40,@dominospizza_tw,,36,1,,,https://www.threads.com/@dominospizza_tw/post/DHlnWmZpffY,要安怎對你說出心內話,2025年3月24日 星期一 下午11:50,,,11,,,
yoshipeiyi,https://www.threads.com/@yoshipeiyi/post/DHlfuUfvOZN,達美樂有沒有考慮把外送車的車牌都換成666？,2025年3月24日 星期一 下午10:43,@dominospizza_tw,,5,1,,,https://www.threads.com/@dominospizza_tw/post/DHlnQTWpLqD,你這個想法很好😏,2025年3月24日 星期一 下午11:49,,,6,1,,
maggiepopologiallo,https://www.threads.com/@maggiepopologiallo/post/DHlBPwyTkb4,請問裡面有什麼料？素食可以吃嗎？謝謝,2025年3月24日 星期一 下午6:17,@dominospizza_tw,,5,1,,,https://www.threads.com/@dominospizza_tw/post/DHlnOEBpZyl,您好，不好意思，中間的愛心是美國香腸片😢 素食目前不能吃哦,2025年3月24日 星期一 下午11:49,,,2,1,,
kuo19920202,https://www.threads.com/@kuo19920202/post/DHk5UfOzf57,已收到你的📦 謝謝☺️ 披薩也謝謝☺️,2025年3月24日 星期一 下午5:07,@dominospizza_tw,,1100,1,1,1,https://www.threads.com/@dominospizza_tw/post/DHlnI6XJuua,為台灣一起666😍,2025年3月24日 星期一 下午11:48,,,14,,,
_iamzzzzzzzzz_,https://www.threads.com/@_iamzzzzzzzzz_/post/DHa4InITdtZ,唸書唸到要key 肖時就是要聽rap 。 1 / 2,2025年3月20日 星期四 下午7:45,,"Photo by 溫蒂蒂蒂蒂蒂蒂蒂蒂蒂蒂蒂蒂蒂蒂蒂蒂蒂 on March 20, 2025. | Photo by 溫蒂蒂蒂蒂蒂蒂蒂蒂蒂蒂蒂蒂蒂蒂蒂蒂蒂 on March 20, 2025. | Photo by 溫蒂蒂蒂蒂蒂蒂蒂蒂蒂蒂蒂蒂蒂蒂蒂蒂蒂 on March 20, 2025.",10000,74,369,1284,https://www.threads.com/@dominospizza_tw/post/DHiItUDu8_Z,看來他小時候就知道披薩該選誰😏,2025年3月23日 星期日 下午3:24,,,85,,,
yuhsi_0909,https://www.threads.com/@yuhsi_0909/post/DHdFa13yOIi,小編可以告訴我，你們披薩為何好吃到會被搶嗎？ 我還以為是到客戶手上前的火山爆發服務欸😂,2025年3月21日 星期五 下午4:19,@dominospizza_tw,"Photo by Yuhsi 宥希♍️ on March 21, 2025. | Photo by Yuhsi 宥希♍️ on March 21, 2025. | Photo by Yuhsi 宥希♍️ on March 21, 2025.",7,1,,,https://www.threads.com/@dominospizza_tw/post/DHdRQm1xFvv,不是..你這個被搶到真的火山爆發了🌋😭,2025年3月21日 星期五 下午6:03,,,5,1,,
yuhsi_0909,https://www.threads.com/@yuhsi_0909/post/DHau_F_ym1E,"超扯
我知道這小事沒人會關注，但還是想分享一下！ 剛陸筱晴拍完作品後！林襄才剛離開
我點了披薩請幕後們吃，順便替片師慶生～
結果外送員抵達時 有個路人衝來把披薩搶走⋯⋯⋯ 之後一路狂奔
外送員馬上騎車追過去 最後勇奪回此披薩！！哈哈哈
超扯",2025年3月20日 星期四 下午6:25,,"Photo by Yuhsi 宥希♍️ on March 20, 2025. | Photo by Yuhsi 宥希♍️ on March 20, 2025.",919,61,6,34,https://www.threads.com/@dominospizza_tw/post/DHc3yP8u1j4,你點了什麼披薩那麼香？🤔 可以告訴小編嗎？,2025年3月21日 星期五 下午2:20,,,133,1,,
,https://www.threads.com/@dominospizza_tw/post/DG3OOQWvDoJ,dominospizza_tw 小編盧老闆成功啦啦啦啦啦啦!!!!!!!! 不枉我每天跟在他旁邊盧他😏(有證據看留言) --------------------------------- 明天3/7開始!!! 全台達美樂門市 🍕買就送6️⃣6️⃣6️⃣貼紙1張 --------------------------------- (一筆訂單僅限一張哦) ⚾數量有限 送完為止⚾ 每間門市限量666份 #達美樂披薩 #買披薩送貼紙 #骰到6 #666貼紙 #達美樂棒球 #科學的盡頭是玄學 1 / 2,2025年3月6日 星期四 下午11:25,,"Photo by 達美樂披薩 on March 06, 2025.",1072,68,36,75,https://www.threads.com/@dominospizza_tw/post/DG5ItazxPUk,沒關係啦🥺 你可以點個小東西,2025年3月7日 星期五 下午5:15,,,4,1,,
ma_luco90,https://www.threads.com/@ma_luco90/post/DG5EEhmhhN6,@dominospizza_tw 小編你真的很讚👍,2025年3月7日 星期五 下午4:35,@dominospizza_tw,,1,1,,,https://www.threads.com/@dominospizza_tw/post/DG5IfTLRYXN,謝謝誇獎🥰,2025年3月7日 星期五 下午5:13,,,,,,
__cordelia_,https://www.threads.com/@__cordelia_/post/DG41TenTvQ0,麻煩小編了！！ 謝謝小編幫我們許願成功❤️❤️,2025年3月7日 星期五 下午2:26,@dominospizza_tw,,2,2,,,https://www.threads.com/@dominospizza_tw/post/DG5IameREIH,小編有請人通知門市了！ 妳可以再問問看哦！如果不行再跟小編告狀🤨,2025年3月7日 星期五 下午5:13,,,2,1,,
__cordelia_,https://www.threads.com/@__cordelia_/post/DG41IvXTC4b,桃園春日,2025年3月7日 星期五 下午2:24,@dominospizza_tw,,,1,,,https://www.threads.com/@dominospizza_tw/post/DG41NSexnz9,小編會盡快告知門市，再麻煩您等等了 真的不好意思,2025年3月7日 星期五 下午2:25,,,,1,,
__cordelia_,https://www.threads.com/@__cordelia_/post/DG40xEtzIXv,剛剛打電話去店裡問還有沒有貼紙？ 因為怕會沒有貨～ 結果⋯ 店員回我說我們沒有這個活動啊⋯ 咦⋯但我沒有打到隔壁棚啊！我打的是你們家阿😂,2025年3月7日 星期五 下午2:21,@dominospizza_tw,,3,1,,,https://www.threads.com/@dominospizza_tw/post/DG403_XRtHH,不好意思！請問是哪一家店呢？ 小編會協助處理！,2025年3月7日 星期五 下午2:22,,,5,1,,
paulchu0258,https://www.threads.com/@paulchu0258/post/DG4F9ZaTQ2-,小編這麼早就上班海巡，太盡責了，要加薪👍,2025年3月7日 星期五 上午7:32,@dominospizza_tw,,1,1,,,https://www.threads.com/@dominospizza_tw/post/DG4HfA7Sos2,已截圖成為剛老闆要加薪的證據😂,2025年3月7日 星期五 上午7:45,,,2,,,
nnilfy,https://www.threads.com/@nnilfy/post/DG387N9T970,外送也有嗎？,2025年3月7日 星期五 上午6:13,@dominospizza_tw,,1,1,,1,https://www.threads.com/@dominospizza_tw/post/DG4ErEZyEYq,外送有！但記得提醒一下門市哦！🥺,2025年3月7日 星期五 上午7:21,,,1,,,
paulchu0258,https://www.threads.com/@paulchu0258/post/DG4Da2tzrks,老闆也吃排骨便當耶，沒有配珍奶？,2025年3月7日 星期五 上午7:10,@dominospizza_tw,,1,1,,,https://www.threads.com/@dominospizza_tw/post/DG4Elh2S5cB,小編下次買珍奶給他一起配😂,2025年3月7日 星期五 上午7:20,,,1,1,,
paulchu0258,https://www.threads.com/@paulchu0258/post/DG4Dv12TW9r,太晚公布了，上禮拜才吃達美樂😭,2025年3月7日 星期五 上午7:13,@dominospizza_tw,,3,1,,,https://www.threads.com/@dominospizza_tw/post/DG4EjS4S6fq,可以再點個小東西吃一次🥺,2025年3月7日 星期五 上午7:20,,,4,,,
sue32050,https://www.threads.com/@sue32050/post/DG3VeneycBe,乾！好可愛喔,2025年3月7日 星期五 上午12:28,@dominospizza_tw,,1,1,,,https://www.threads.com/@dominospizza_tw/post/DG3W3GjvIiu,小編可愛還是老闆可愛😳,2025年3月7日 星期五 上午12:41,,,1,1,,
marssheu,https://www.threads.com/@marssheu/post/DGw2aEWyLm_,吃爆達美樂🍕666 Team Taiwan,2025年3月4日 星期二 下午12:02,@dominospizza_tw,"Photo by 馬斯 on March 03, 2025.",6,1,,,https://www.threads.com/@dominospizza_tw/post/DGw36Rkx1Nz,感謝支持66666,2025年3月4日 星期二 下午12:15,,,3,,,
wa_0527,https://www.threads.com/@wa_0527/post/DGw00zbzPOy,居然許願成功了～ 希望抽到可以貼在行李箱🧳✈️,2025年3月4日 星期二 上午11:48,@dominospizza_tw,,3,1,,,https://www.threads.com/@dominospizza_tw/post/DGw35MyR5Sa,趕快來參加😍,2025年3月4日 星期二 下午12:15,,,1,1,,
thetop.tw,https://www.threads.com/@thetop.tw/post/DGw0fsDB41W,前幾天才剛消費過,2025年3月4日 星期二 上午11:45,@dominospizza_tw,"Photo by 賴良一 on March 03, 2025.",5,1,,,https://www.threads.com/@dominospizza_tw/post/DGw2lMqRZZP,小編表示大大感謝🥺,2025年3月4日 星期二 下午12:03,,,2,,,
wengaijia,https://www.threads.com/@wengaijia/post/DGw0KZpTo4y,已吃,2025年3月4日 星期二 上午11:42,@dominospizza_tw,"Photo by 翁愛嘉 on March 03, 2025.",11,1,,,https://www.threads.com/@dominospizza_tw/post/DGw2bBqRF7M,感謝支持😍,2025年3月4日 星期二 下午12:02,,,2,,,
ninichen317,https://www.threads.com/@ninichen317/post/DGwzhDGzgJi,上禮拜連假才吃達美樂🥰,2025年3月4日 星期二 上午11:36,@dominospizza_tw,"Photo by becca on March 03, 2025.",8,1,,,https://www.threads.com/@dominospizza_tw/post/DGw2aFHxwvf,感謝支持😍,2025年3月4日 星期二 下午12:02,,,1,,,
annie_lin33,https://www.threads.com/@annie_lin33/post/DGwzth3T4TX,加班必吃✨,2025年3月4日 星期二 上午11:38,@dominospizza_tw,"Photo by Chuan Line on March 03, 2025.",2,1,,,https://www.threads.com/@dominospizza_tw/post/DGw2Y1yR01f,感謝支持😍,2025年3月4日 星期二 下午12:01,,,1,,,
tsaimimi0416,https://www.threads.com/@tsaimimi0416/post/DGfJX4HSuBY,"搶下經典賽門票🇹🇼
今晚一起集氣吧！為我們的台灣英雄加油應援❤️
搶下經典賽門票🇹🇼",2025年2月25日 星期二 下午3:01,,"Photo by 蔡其昌 on February 24, 2025.",17000,163,197,40,https://www.threads.com/@dominospizza_tw/post/DGfYGbeRwH2,666666666🔥,2025年2月25日 星期二 下午5:10,,,107,2,1,
kesi2022,https://www.threads.com/@kesi2022/post/DGdOHPZyWtj,"東京巨蛋飯店的走廊上
雖然我不太信這些有的沒的，但現在是該你登場的時候了🎲🎲🎲
東京巨蛋飯店的走廊上 1 / 2",2025年2月24日 星期一 下午9:05,,,9949,224,141,116,https://www.threads.com/@dominospizza_tw/post/DGdki1FvOni,集氣66666,2025年2月25日 星期二 上午12:20,,,262,4,1,
kuo19920202,https://www.threads.com/@kuo19920202/post/DGdhk7IzEns,老闆看到會不會就不想改回來了 🤙🤙🤙 😂😂😂😂,2025年2月24日 星期一 下午11:54,@dominospizza_tw,,435,3,2,3,https://www.threads.com/@dominospizza_tw/post/DGdjWZqpuv-,但有你撐腰 小編不怕了😂,2025年2月25日 星期二 上午12:09,,,163,1,,
netflixtw,https://www.threads.com/@netflixtw/post/DGHWLuKtFPt,"童話故事下集
壓垮老婆的最後披薩 🍕 童話故事下集 現正熱播 #柯佳嬿 #劉以豪",2025年2月16日 星期日 下午12:01,,,1123,50,31,217,https://www.threads.com/@dominospizza_tw/post/DGPUoHyxapK,小編對每一片披薩都保持尊重🫡 都封在保鮮盒裡,2025年2月19日 星期三 上午11:31,,,21,,,
sevnghee,https://www.threads.com/@sevnghee/post/C-0b_16Pgi9,谢谢。我也用翻译器了。 告诉我们是谁以什么样的意图做出那种行为吧,2024年8月19日 星期一 上午1:17,@dominospizza_tw,,6,1,,,https://www.threads.com/@dominospizza_tw/post/C-0cYc2TGDV,"정말 죄송합니다. 내일 출근 즉시 상황을 확인하고, 후속 상황에 대해 설명드리겠습니다. 불편을 끼쳐 드려 정말 죄송합니다. 翻譯",2024年8月19日 星期一 上午1:20,,,14,1,,
sevnghee,https://www.threads.com/@sevnghee/post/C-yqkABy8Hf,"대만 도미노 신고 어떻게하나요? 피자 배달완료도 안되고있어서 내려갔더니 호텔 밖 바닥에서 발견
우버 고객센터는 환불만해줌 시먼딩쪽 도미노임 @taiwan_today 翻譯 1 / 2",2024年8月18日 星期日 上午8:45,,"Photo by Hee on August 17, 2024. | Photo by Hee on August 17, 2024.",125,97,16,55,https://www.threads.com/@dominospizza_tw/post/C-0bih4T1CL,"대만에서의 경험이 좋지 않게 만든 것에 대해 진심으로 사과드립니다. 이 문제를 매우 중요하게 생각하고 있으며, 내일 출근하면 이 일을 명확하게 정리하겠습니다. 정말 죄송합니다. 불쾌한 경험을 하시게 해서 대단히 죄송합니다.
저는 번역 소프트웨어를 사용하여 번역했습니다. 번역에 오류가 있을 경우 양해 부탁드립니다. 翻譯",2024年8月19日 星期一 上午1:13,,,54,3,,1
_kelly.tw_,https://www.threads.com/@_kelly.tw_/post/C-0LF60P2Ow,韓國人在台灣點了達美樂外送 沒看到顯示完成訂單所以下樓看看 結果在飯店外面的地上發現他的外送 披薩盒子上面被畫了不雅圖案 跟吳柏毅反應柏毅只是給他退款 西門町附近的達美樂 這題怎麼解？ （단순한 번역만 하고 공유해줌. 나쁜 의도 아님.） 1 / 2,2024年8月18日 星期日 下午10:49,,"Photo by Hee on August 17, 2024. | Photo by Hee on August 17, 2024.",324,31,16,74,https://www.threads.com/@dominospizza_tw/post/C-0bHedTzYz,小編明天馬上去了解🫡 造成大家的困擾真的不好意思😞,2024年8月19日 星期一 上午1:09,,,218,5,,
ken750305,https://www.threads.com/@ken750305/post/C94O1onyRC0,我需要台北最貴的Pizza #Joe是要對決,2024年7月26日 星期五 下午4:07,,,369,48,,12,https://www.threads.com/@dominospizza_tw/post/C941mvRv9ju,我們有隱藏版的，真的很奢華，要私訊小編討論嗎😏,2024年7月26日 星期五 下午9:46,,,7,,,
you_shi_hahaha,https://www.threads.com/@you_shi_hahaha/post/C63kmV2pL-R,改不了欸，我愛達美樂，這樣可以嗎🤣,2024年5月12日 星期日 下午8:24,@dominospizza_tw,,2,1,,,https://www.threads.com/@dominospizza_tw/post/C63kqQ6vdV1,可以！原諒你😂,2024年5月12日 星期日 下午8:24,,,2,,,
you_shi_hahaha,https://www.threads.com/@you_shi_hahaha/post/C63fhrMJWRz,"晚餐第六天 跟老母說母親節快樂 我愛必勝客 三個披薩俗又大碗 有甜有鹹 包您滿意
大四喜 大披薩必備 龍蝦披薩 新東西就是讚 草莓珍珠披薩 吃起來真的特別 草莓味道很足 配上外皮芝心 超級好吃 三個披薩吃起來味道十分配合 不知不覺就吃完了 下一次不知道會再推出什麼口味勒！？
@dominospizza_tw",2024年5月12日 星期日 下午7:40,,"Photo by 游東跑西~ on May 12, 2024.",14,4,1,,https://www.threads.com/@dominospizza_tw/post/C63jgXRP_ED,小編要哭了哦😭 我們是達美樂,2024年5月12日 星期日 下午8:14,,,15,2,,
sunnyboyyy,https://www.threads.com/@sunnyboyyy/post/C5VmvaYSW07,肚子餓了 改吃什麼呢 來推薦一下吧,2024年4月4日 星期四 下午7:17,,,586,54,1,,https://www.threads.com/@dominospizza_tw/post/C5VshWuv2ud,要不要考慮吃我？😏,2024年4月4日 星期四 下午8:08,,,3,,,
peixunliu,https://www.threads.com/@peixunliu/post/C5Qicn8SRNI,做了四年的達美樂想不到居然有小編了,2024年4月2日 星期二 下午8:03,@dominospizza_tw,,,2,,,https://www.threads.com/@dominospizza_tw/post/C5Qi9Q5vwSO,下次打來總公司，我告訴你我是誰😂,2024年4月2日 星期二 下午8:08,,,2,1,,
minicat780,https://www.threads.com/@minicat780/post/C5QgdVuBU18,打算跟必勝客比新的披薩嗎？人家是保生大帝雙護法，好歹也來個西遊記,2024年4月2日 星期二 下午7:46,@dominospizza_tw,,,1,,,https://www.threads.com/@dominospizza_tw/post/C5QgrHWPwvI,我們不想麻煩門市的人😏,2024年4月2日 星期二 下午7:48,,,,,1,
r_z.0916,https://www.threads.com/@r_z.0916/post/C5QcB-ry8j7,達美樂竟然也來這裡了,2024年4月2日 星期二 下午7:07,@dominospizza_tw,,,1,,,https://www.threads.com/@dominospizza_tw/post/C5QfZ2IPURK,跟上潮流😎,2024年4月2日 星期二 下午7:37,,,,,,
tri_angglle,https://www.threads.com/@tri_angglle/post/C5QeQrKJuwT,我今天吃了必勝客✌️,2024年4月2日 星期二 下午7:27,@dominospizza_tw,,,1,,,https://www.threads.com/@dominospizza_tw/post/C5QfTr9vHD2,你就是故意要讓小編傷心💔,2024年4月2日 星期二 下午7:36,,,,,,
scat_moon,https://www.threads.com/@scat_moon/post/C5QPpUMpdpa,這是真達美樂嗎,2024年4月2日 星期二 下午5:19,@dominospizza_tw,,,1,,,https://www.threads.com/@dominospizza_tw/post/C5QX2RnPu96,哇洗金欸,2024年4月2日 星期二 下午6:31,,,,,,
comebuy_tw,https://www.threads.com/@comebuy_tw/post/C5P849svJH3,我有茉莉烏龍 你有芝心嗎？(๑´ㅂ`๑),2024年4月2日 星期二 下午2:35,@dominospizza_tw,,1,1,,,https://www.threads.com/@dominospizza_tw/post/C5P-IaVPHHf,當然有 有機會請你吃🤤,2024年4月2日 星期二 下午2:46,,,1,,,
comebuy_tw,https://www.threads.com/@comebuy_tw/post/C2L2v7LpGC5,我要澄清一下 我們家沒有冬瓜茶 沒有百香雙響炮 更沒有奶茶三兄弟,2024年1月17日 星期三 上午10:50,,,3183,274,210,,https://www.threads.com/@dominospizza_tw/post/C5P8P-6vG2S,那有春烏龍嗎？🤔,2024年4月2日 星期二 下午2:30,,,2,1,,
comebuy_tw,https://www.threads.com/@comebuy_tw/post/C5P5M2ZP7Pi,閱,2024年4月2日 星期二 下午2:03,@dominospizza_tw,,,1,,,https://www.threads.com/@dominospizza_tw/post/C5P7wX3vtnR,想吃鳳梨披薩嗎🍕😏,2024年4月2日 星期二 下午2:25,,,1,,,
playoneowo,https://www.threads.com/@playoneowo/post/C5PhuKOhEkM,你們改名叫WOW了嗎！,2024年4月2日 星期二 上午10:38,@dominospizza_tw,,,1,,,https://www.threads.com/@dominospizza_tw/post/C5Plwcrvax9,"不是哦！是現在的達美樂全新活動 品牌全部翻新哦 有15款以上全新口味 使用台灣在地的食材
歡迎來試試看新的達美樂披薩😋",2024年4月2日 星期二 上午11:13,,,2,,,
essence0525,https://www.threads.com/@essence0525/post/DXeG_kVk5Kp,"達美樂我就問 你有考慮拓展海產店生意嗎？
龍蝦醬跟干貝好鮮好濃 沾起司一起吃超YBSG！ 這就是我要的海鮮披薩💗😭 1 / 2",2026年4月23日 星期四 下午6:15,,"Photo by 徐太太 on April 23, 2026. May be an image of pizza, heart, mozzarella and text. | Photo by 徐太太 on April 23, 2026. May be an image of egg yolk, poached egg, fondue, mozzarella and text.",336,30,60,112,https://www.threads.com/@dominospizza_tw/post/DXGQqDpERqP,"這次母親節賣生猛老闆 阿不對 是生猛海鮮啦啦啦
我老闆說經費都拿去買海鮮了 只好犧牲肖像親自宣傳了(?
有沒有人要來認領披薩~ 有帝王蟹跟鮑魚！！ (不開放認領我老闆喔)",2026年4月14日 星期二 上午11:57,,"Photo by 達美樂披薩 on April 13, 2026. May be an image of crossword puzzle and text that says '沒錢請名 請多廚 沒錢 沒 錢都拿來 錢都會來買每會 海鮮 Ihu'.",337,39,7,33
not_doing_gi,https://www.threads.com/@not_doing_gi/post/C8mNs_avfXh,欸不是 誰家員工餐會有哈根達斯吃到飽 我一定每天來上班 猜猜看是哪一家公司,2024年6月24日 星期一 下午7:40,,,4333,58,87,,https://www.threads.com/@dominospizza_tw/post/DTekF8uEb7_,"抽美樂蒂
聽到大家的心聲了 「第一屆達美樂造句大賽」現在開始 參賽規則：一人一句跟美樂蒂有關創意造句 🎁1/16抽三個招牌燈盲盒，這篇破萬愛心加碼抽翻～轉～包‼️ 1 / 2",2026年1月14日 星期三 下午12:23,,,139,138,10,19
akai___1993,https://www.threads.com/@akai___1993/post/DQUIqFvknzg,"達美樂
我小時候曾經幹過一件蠢事 那時候達美樂的廣告都是找影片裡的那位老外來拍，更是用老外腔調的中文說了一句廣告名台詞：「達美樂，打了沒～2882-5252」
然後有一次我實在很好奇是不是真的會是那位老外接的，於是我偷偷拿起家裡的電話，按了廣告上面的電話號碼，響了幾聲以後便有人接起來：「喂，達美樂」，我因為嚇到就迅速掛掉了XD
不過神奇的是當年接電話的那位達美樂員工還真的有一點老外的腔調🤣",2025年10月27日 星期一 下午9:42,,,358,31,7,8,https://www.threads.com/@dominospizza_tw/post/DWGWW3-kZKg,"美樂蒂&酷洛米
我在想.... 如果辦一個快閃活動送限量盲盒. 你們覺得要送幾份才夠? 1 / 2",2026年3月20日 星期五 下午4:16,,,82,72,1,2
