user_name,user_post_url,user_content,user_timestamp,user_replying_to,user_image_alts,user_likes,user_replies,user_reposts,user_shares,brand_reply_url,brand_reply_content,brand_reply_timestamp,brand_replying_to,brand_reply_image_alts,brand_reply_likes,brand_reply_replies,brand_reply_reposts,brand_reply_shares
info.talk_tw,https://www.threads.com/@info.talk_tw/post/DXvrH7DmuMg,"勞動節優惠
小編幫大家收集21間勞動節優惠 摩斯漢堡、超商咖啡、飲料和各式甜點報給你～ 即時更新🫡🫡🫡 1 / 2",2026年4月30日 星期四 下午1:57,,"Photo by 好康情報誌 on April 29, 2026. May be an image of burger and text. | Photo by 好康情報誌 on April 29, 2026. May be an image of tea and text. | Photo by 好康情報誌 on April 29, 2026. May be an image of smoothie, tea and text. | Photo by 好康情報誌 on April 29, 2026. May be an image of calendar, poster, pie and text. | Photo by 好康情報誌 on April 29, 2026. May be an image of drink and text. | Photo by 好康情報誌 on April 29, 2026. May be an image of text. | Photo by 好康情報誌 on April 29, 2026. May be an image of drink, pomelo, mango and text that says 'nanafru 娜娜福 只有4天！ 第一段聯份 五一勢動節 不忙了， 忙了，芒著心動 芒著心動 第2杯半價 任選 5/1＿5/4° 五 5/1 5/4 咀曬 上市 清爽 上市 nanafru UICE nanafru SNOOTHIES SMOX JUICE'. | Photo by 好康情報誌 on April 29, 2026. May be an image of chicken and text that says '安 安 ANCO 炸雞 ANCOANCO NCO CHICKEN LABODAYSPECIAL LABOR DAY 勞工節特價！ SPECIAL"" SPECIAL 一年只有 這一天！ 卡拉炸雞翅飲料 飲料 只要 $51 $ 冰涼飲料 超搭！ 香酥多汁 一口滿足！ I, ANCO Bluest Bluesteeddelis ddelis មជ៊ 人氣熱銷 好評不斷！ 現炸美味 外酥内嫩！ GO ANGO CHE $ 超值優惠 只要$51! 任選35元冷飲 今日限定！ 數量有限，售完為止！ 數量有限 售完爲止！ 勞工辛苦了！ 吃好一點， 吃好一點,搞賞自己! 搞賞自己！ 07-3602006 7-36020060高雄市楠粹區大學西路236號 高雄市楠梓區大學西路236號'. | Photo by 好康情報誌 on April 29, 2026. May be an image of wafer and text.",60,3,4,55,https://www.threads.com/@familymart_tw/post/DXxwG3dnUen,我們還有咖啡茶飲買2送2🥰,2026年5月1日 星期五 上午9:19,,"Photo by 全家便利商店_台灣 on April 30, 2026. May be an image of cup, smoothie, tea and text.",15,1,,
motorman57,https://www.threads.com/@motorman57/post/DXtqFwiCa7N,"長毛臘腸
這全家店員走出來後態度不是很好欸，請問可以檢舉嗎？ 不能因為長的可愛就這樣啊 @familymart_tw 1 / 2",2026年4月29日 星期三 下午7:12,,,21000,144,601,2624,https://www.threads.com/@familymart_tw/post/DXxus0uHf8B,吼唷🥰💚💙,2026年5月1日 星期五 上午9:07,,,635,,,2
swedishfish,https://www.threads.com/@swedishfish/post/DXuJLQJGvPP,fish 翻譯,2026年4月29日 星期三 下午11:42,,,10000,2204,258,198,https://www.threads.com/@familymart_tw/post/DXwAF1QHQDG,Famiı̣ce,2026年4月30日 星期四 下午5:01,,,12,,,
sk_.0625,https://www.threads.com/@sk_.0625/post/DXtXDsekcWL,身邊一定有那種隨地大小唱的朋友,2026年4月29日 星期三 下午4:24,,,5193,63,457,967,https://www.threads.com/@familymart_tw/post/DXv7q54HYkJ,登登 登登登 登登登登登登～🎵 翻譯,2026年4月30日 星期四 下午4:22,,,408,2,,9
shopee_tw,https://www.threads.com/@shopee_tw/post/DXvds6aAMRR,青春沒有售價，再半天就放假 1 / 2,2026年4月30日 星期四 下午12:00,,,4213,268,211,327,https://www.threads.com/@familymart_tw/post/DXvi5qYnfVh,洛陽親友如相問，就說我在全家等,2026年4月30日 星期四 下午12:46,,,117,,1,1
yu5__13,https://www.threads.com/@yu5__13/post/DXs8IhYky9-,"金泰亨
金泰亨你知道我為了你買了8瓶可樂嗎",2026年4月29日 星期三 下午12:28,,"Photo by 鮭   👀 on April 28, 2026. May be an image of spatula and text. | Photo by 鮭   👀 on April 28, 2026. May be an image of lego, shelf and text.",2906,68,43,444,https://www.threads.com/@familymart_tw/post/DXvQkLdHfbI,我知道（但我是全家小編 💜💜💜,2026年4月30日 星期四 上午10:05,,,108,2,,1
morphyniao,https://www.threads.com/@morphyniao/post/DXtKKU3kexq,"全家積木
誰都不能阻止我擴大經營全家喵喵旗艦店😆 1 / 2",2026年4月29日 星期三 下午2:31,,"Photo by 莫菲裊萌葎 on April 28, 2026. May be an image of ‎lego and ‎text that says '‎구 소로 FamilyMart FamilyMart 全業 FamilyMart ح- Fami Calleciion CRFACTNR @MorPhyNiao‎'‎‎.",2789,82,56,1504,https://www.threads.com/@familymart_tw/post/DXtp8S6gZGZ,全家巨無霸貓貓店🐈‍⬛,2026年4月29日 星期三 下午7:09,,,222,1,,4
1996hannah,https://www.threads.com/@1996hannah/post/DXrf4GMAeWN,我同事的台式娃包！ 翻譯,2026年4月28日 星期二 下午11:02,,"Photo by 漢娜QQ on April 28, 2026. May be an image of purse, pouch and text.",100000,1037,2982,36000,https://www.threads.com/@familymart_tw/post/DXtmMcfgb17,留全家贈品採購看,2026年4月29日 星期三 下午6:36,,,4918,8,2,54
hantang.cafe,https://www.threads.com/@hantang.cafe/post/DXtBs17ANy1,"全家
這世界這麼癲了嗎 店員說他沒包手的 你吃吃看🤣",2026年4月29日 星期三 下午1:17,,,29,2,2,2,https://www.threads.com/@familymart_tw/post/DXtl6h6Ce_u,傳說的「包手師傅」 就在全家...,2026年4月29日 星期三 下午6:33,,,16,1,,
mirwugo,https://www.threads.com/@mirwugo/post/DXti_JEk7sT,告訴您一個聰明消費加購小秘密， 今天全家酷碰券這張南非國寶茶可以配合活動， FMC飲料（單價25/瓶）以上， 購買3瓶可以+59元加購全家場景積木喲~ 用券您可以不用花到75元就能加購到，是不是划呀,2026年4月29日 星期三 下午6:08,,"Photo by 米兒wuGo on April 29, 2026. May be an image of juice, water filter, water bottle, lego and text. | Photo by 米兒wuGo on April 29, 2026. May be an image of ‎bread and ‎text that says '‎FamilyMart Mart Fami Collection FMC買一送一超好康_第一波 第一波 A ث 国 月 老商理研奏司 S d哈 M F 県買1送1 限時限量搶券 活動時間 2026/04/29- 活動時間2026/04/29-2026/05/05 2026/05/05 兌換時間 間2026/04/29-2026/05/12 2026/04/29 2026/05/12 活動還剩 活動遭剩7天 7天 天 [領取成功將於24小時内匯入【階碰券]中 FMC南非國寶茶買一 送一（原價:30元） 30元） 還剩24357張 張 還剩 24357 已 領 券 日か域耐通み社 36 REESEN F 經典鹹甜爆米花買一送 一（原價:39元） 還剩24082張 還剩 24082 已 領 券‎'‎‎.",151,21,9,91,https://www.threads.com/@familymart_tw/post/DXtl0_2CQVw,等等！這太聰明🥸❤️,2026年4月29日 星期三 下午6:33,,,29,1,,1
wanna_tellu,https://www.threads.com/@wanna_tellu/post/DXrHvwFgZTj,"中獎發票
路過幫擴！淡水居民快檢查發票 去年在全家淡水新江店買雞腿條的人 你中一千萬了！！！！！！！ 大家都在找你，我好羨慕你 1 / 2",2026年4月28日 星期二 下午7:31,,"Photo by 大家聽我說 on April 28, 2026. May be an image of cash machine, vending machine, newspaper, newsstand and text.",3476,64,75,1830,https://www.threads.com/@familymart_tw/post/DXrJejHEgTv,那天的雞腿條 原來是自由的套餐啊～～～～～,2026年4月28日 星期二 下午7:46,,,457,1,,2
2xliny_,https://www.threads.com/@2xliny_/post/DXq8RjvETS4,聽說便利商店的甜點加了這個就會變好吃！！！,2026年4月28日 星期二 下午5:51,,"Photo by じゅういち月の雨.  ☂︎ on April 28, 2026. May be an image of condiment, soy sauce, herb and text that says '小李素会 友善物 前7小時 有效期限 食光7折 折 食光 7折 保然路心'.",1729,19,20,19,https://www.threads.com/@familymart_tw/post/DXq-9i-kgZx,通常17:00會加,2026年4月28日 星期二 下午6:15,,,1357,2,,3
liketeashop,https://www.threads.com/@liketeashop/post/DXp79BojxSq,小賴突然想不起來這句詩後面接什麼？ 留友接龍回答 「眾裡尋他千百度，驀然回首，老賴就在巷口轉角處」,2026年4月28日 星期二 上午8:29,,,245,108,4,3,https://www.threads.com/@familymart_tw/post/DXqALnLEnc8,我記得應該是 眾裡尋他千百度，驀然回首，那人卻在全家吃夯番薯,2026年4月28日 星期二 上午9:06,,,31,2,,
hoemnshc,https://www.threads.com/@hoemnshc/post/DXoRRJzoNxw,"超商
左邊 全家 BTS V 活動 右邊 7-11 BTS V 活動 你要選哪家超商~",2026年4月27日 星期一 下午4:57,,"Photo by Hoemnshc on April 27, 2026. May be an image of poster, magazine and text. | Photo by Hoemnshc on April 27, 2026. May be an image of text.",3774,70,109,1560,https://www.threads.com/@familymart_tw/post/DXoe8FTEsNr,我選V 💜,2026年4月27日 星期一 下午6:56,,,680,5,,2
shopee_tw,https://www.threads.com/@shopee_tw/post/DXocX90m18K,我曬乾了沉默 1 / 2,2026年4月27日 星期一 下午6:34,,"Photo by 蝦皮購物Shopee on April 27, 2026. May be a cartoon of toy and text that says '個人髮型分析 修飾臉型 修飾臉型提升氣質C視覺设論 提升氣質 視覺诚齡 臉型分析 S 蝦皮購物 圓臉 臉 臉型特微 臉部線條園潤， 驗部線條圖潤，额頭與下巴難度相過 顏頭與下巴寬度相近 適合透過髮型增加臉部練條感與 視覺拉長效果 鎖骨層次剪 （蒂润海） 不同髮型效果對比 中長捲髮 中長捲髮（国分) （创分） 側分短髮 （層次内） 最適合 低馬尾 低馬尾（鬆散感） （鞋散感） 修節额源， 修節麵頭/減齡柔和 減齡柔和 增加動感與親和力 柔化腺部線條 提升親和力貝溫柔感 齊府直髮 （中分） 保留專業感 更輕盈有精神 短鲍伯 短伯（香調海） （借講海） 自然親切/非正式場合 自然親切/ 非正式場合 更有温度與人味 普通 直長髮（無層次） 直長髮 （無府次） 半丸子頭 半丸子頭（高位置） 頭 （高位賀） 整鹽感普通 路踊戰膚 理性偏高 可愛感捷升 但會降低權威感 厚重斉调海 容易貼臉 顯得沉重無變化 不建議 贴頭直短髮 年輕有活力 但較不正式 文 過長直髮 過長直髮（無層次) （熊附次） 高馬尾 高馬尾（聚) （過紧） 壓縮臉長 顯得呆板老氧 貼頭度顯老 缺乏燕鬆感 拉長臉型比例 顯得疲戀沒精神 過賢留鬆強勢 呈现不符'.",3692,150,49,358,https://www.threads.com/@familymart_tw/post/DXoc4FnEs4b,蝦皮免運（但我是全家小編,2026年4月27日 星期一 下午6:38,,,1020,4,,5
tr_taiwan.railway,https://www.threads.com/@tr_taiwan.railway/post/DXoI-N-k5uL,"髮型
流量密碼還不確定.....但異樣眼光很肯定🫠",2026年4月27日 星期一 下午3:44,,"Photo by 國營臺灣鐵路股份有限公司 on April 27, 2026. May be an image of ‎train and ‎text that says '‎修飾色型 吸睛座 火車髮型分析圖卡 ED3251 ED3251·髮型造型指南 髮型造型指南 瑩體氣質 فا 最適合 清爽証 LGDDOS 層次感 長層次大波浪 普通 氣質長捲髮 （空氣測海） 韓系層次長直髮 高馬尾造型 旁分短直髮 低盤髮（氣質款) 低盤髮 （氣質款） 不建議 次短髮 （輕測海） 中長内灣髮 半丸子頭 自然直長髮 厚測海齊髮 D 造型重點 爆炸捲髮 增加層次感 貼頭直好 貼頭直髮（無層次） （無層次） /修飾園潤臉型 提升動感與流線 超短寸頭 柔化線條更願氣質 雙馬尾 雙馬尾+齊測海 +齊測海 HAIRSTYLEGUIDE HAIR STYLE GUIDE‎'‎‎.",17000,508,490,3085,https://www.threads.com/@familymart_tw/post/DXocYPMki5-,喜歡,2026年4月27日 星期一 下午6:34,,,268,1,,2
lunlun_1230,https://www.threads.com/@lunlun_1230/post/DXmbmrRlBeT,"進擊的巨人
重要情報🔎 7-11沒有 只有全家‼️全家‼️ 4/29才開始有登錄活動 隱藏款有刮刮卡 一箱24瓶
伏筆👀 一瓶49元 4+9=13 49集 奪還作戰的夜晚 鬼之ED
主要出場人物 ： 瓶身上的團兵 萊納 進巨 超大巨 1 / 2",2026年4月26日 星期日 下午11:49,,"Photo by 綸 on April 26, 2026. May be an image of bottle, hand cream and text that says '雄1 함기 安 金牌 ONE 健星的巨人 ontitana INITED CINITEDEDITION EDITION 金牌 ONE 進擊的三人 attach D红 后主 金牌 金牌 ONE ONE 進擊的三人 attarkoian 聖的三人進擊的三人 attack 進擊的三人 sitack ontirone LIMITED CIMITEDEDITION EDITION LIMITED LIMTEDEDITION EDITION 신중하이 #ンルー LINITEDEDITION LIMITED EDITION EDITION 요 100% TAIWANBEER 全費 TAIWAN BEER 100%全 全 TAIWANBEER 全費 TAIWAN BEER 100%全 TAIWAN BEER 糖員 TAIWAN 100%全 200％全要 全瘦 BEER'.",521,23,25,273,https://www.threads.com/@familymart_tw/post/DXoVY1akiCa,重要‼️只有全家‼️,2026年4月27日 星期一 下午5:33,,,38,1,,1
emily_1006zi,https://www.threads.com/@emily_1006zi/post/DXmWo_ZH0nL,"古娃娃冰棒
4/24 - 4/28 冰棒 買一送一！ WA!COOKIES 紅茶牛奶焦糖奶蓋雪糕 😍 奶蓋好好吃!! 🤤 #古娃娃冰棒#全家便利商店",2026年4月26日 星期日 下午11:05,,"Photo by 小紫💜 on April 26, 2026. May be an image of cookie, wafer and text. | Photo by 小紫💜 on April 26, 2026. May be an image of ice cream, breadstick, durian, wafer and text. | Photo by 小紫💜 on April 26, 2026. May be an image of gelato and text. | Photo by 小紫💜 on April 26, 2026. May be an image of gelato, caramel and text.",4668,42,71,6752,https://www.threads.com/@familymart_tw/post/DXoU7Pnkoyn,遇到這個買一送一 我就是一人吃2支！！！！！,2026年4月27日 星期一 下午5:29,,,44,1,,
yuhsuan.610__,https://www.threads.com/@yuhsuan.610__/post/DXoTrr6DueA,台灣的諧音梗連這都用上了 還給我69元😍,2026年4月27日 星期一 下午5:18,,"Photo by 瑄 ๑⃙⃘´༥`๑ on April 27, 2026. May be an image of noodles and text that says '全家走 AE 月愛根椒芝麵 needies FamilyMart 月 愛恨椒芝麵 Spice Sesame Sauce 69 辣 金'.",12,1,,,https://www.threads.com/@familymart_tw/post/DXoUB00kll5,感時花濺淚，愛恨椒芝麵,2026年4月27日 星期一 下午5:21,,,14,,,
talk222nick,https://www.threads.com/@talk222nick/post/DXmYGTjiYYM,"v
4/29 全家開始有V 可口可樂 活動 整個超前部署已經擺出來了",2026年4月26日 星期日 下午11:18,,"Photo by 🦊 狐言亂語．尼克 on April 26, 2026. May be an image of wafer, pie and text.",1354,8,56,1006,https://www.threads.com/@familymart_tw/post/DXn0NzAEs4G,💜,2026年4月27日 星期一 下午12:43,,,16,,,
zihyin_0613_1230,https://www.threads.com/@zihyin_0613_1230/post/DXndxIpGblG,"金泰亨
全家的泰泰可口可樂活動💜",2026年4月27日 星期一 上午9:27,,"Photo by Zih Yin on April 26, 2026. May be an image of vending machine, poster and text. | Photo by Zih Yin on April 26, 2026. May be an image of wafer, durian and text.",1749,14,61,497,https://www.threads.com/@familymart_tw/post/DXnvTpLEqny,💜💜💜,2026年4月27日 星期一 下午12:00,,,29,,,
juhooni__,https://www.threads.com/@juhooni__/post/DXjgIyGE2GR,我笑噴了 你跟上面那個小編是同個人嗎,2026年4月25日 星期六 下午8:31,@familymart_tw,,,1,,,https://www.threads.com/@familymart_tw/post/DXjhCJbku8O,是，我想說回來提醒一下,2026年4月25日 星期六 下午8:38,,,4,,,
juhooni__,https://www.threads.com/@juhooni__/post/DWEPzoTk5Eb,全家 我明天去買你們的水,2026年3月19日 星期四 下午8:40,,,10000,50,637,785,https://www.threads.com/@familymart_tw/post/DXjcI-tEi5R,那個⋯同款水買1送1 到下週二😍,2026年4月25日 星期六 下午7:56,,,250,2,,2
jyc06_217,https://www.threads.com/@jyc06_217/post/DXhheWmgS0a,全家麻辣燙真的是我的一生推 一碗65什麼都有了 他都沒有嫌我窮我憑什麼嫌他難吃 而且真的很好吃我連湯都會喝掉😋 1 / 2,2026年4月25日 星期六 上午2:04,,"Photo by 萬能の喇巴布 on April 24, 2026. May be an image of ramen, stew, noodles and text. | Photo by 萬能の喇巴布 on April 24, 2026. May be an image of ‎ramen, tofu, hot pot, noodles, stew and ‎text that says '‎حط 10ml 天然属芝麻 买然属‎'‎‎.",8820,264,274,1104,https://www.threads.com/@familymart_tw/post/DXjXkElko77,我沒有選擇困難，因為我每次都選它❤️‍🔥,2026年4月25日 星期六 下午7:16,,,277,2,,2
pei_21002_,https://www.threads.com/@pei_21002_/post/DXhfOUfGl1g,失眠小知識： 在國外，睡不著數羊是因為sheep的發音跟sleep相似，所以在台灣，失眠的話要數「水餃」才對🥸,2026年4月25日 星期六 上午1:44,,,10000,98,382,962,https://www.threads.com/@familymart_tw/post/DXivl_BEqhR,數著數著就⋯⋯⋯😋,2026年4月25日 星期六 下午1:26,,"Photo by 全家便利商店_台灣 on April 24, 2026. May be an image of tofu, seaweed and text.",48,,,4
tyu._0610,https://www.threads.com/@tyu._0610/post/DXelMuXmhrN,這跟老師教的不一樣… 1 / 2,2026年4月23日 星期四 下午10:39,,"Photo by 羽¿ on April 23, 2026. May be an image of ticket stub, crossword puzzle and text that says '7 把做法用算式記下來 1金月餅525元，阿境有 把做法用算式記下來。每種も分。 每題6分， 1 盒月餅525元， 阿姨有 盒月餅525 8000 8000元， 8000元，最多可買幾合 元， ，最多可買幾金蛋 酥？還剩下幾元？ 酥？'.",30000,892,542,4379,https://www.threads.com/@familymart_tw/post/DXhVwAakgP7,每題6分,2026年4月25日 星期六 上午12:21,,,179,,,2
aaafu.11.03,https://www.threads.com/@aaafu.11.03/post/DXge2SqjqlA,散步經過超商知道裡面有地瓜 待在門口當賴皮狗不走🤦‍♀️,2026年4月24日 星期五 下午4:22,,,103,3,,9,https://www.threads.com/@familymart_tw/post/DXhVKrOkjk5,🐶：不好意薯，別拉我,2026年4月25日 星期六 上午12:16,,,17,1,,
whalien875,https://www.threads.com/@whalien875/post/DXhSDoXGWoU,"@familymart_tw 請問這是貴公司舉辦的活動嗎？？ 1 / 2
無法顯示貼文",2026年4月24日 星期五 下午11:49,,,15,10,,,https://www.threads.com/@familymart_tw/post/DXhUvn8khnz,"請小心⚠️
2026-4-8",2026年4月25日 星期六 上午12:12,,,25,1,,
nn_rou,https://www.threads.com/@nn_rou/post/DXej8K2EYvp,如果認識很久的異性朋友突然抱住你 只能說四個字 你會說什麼？？,2026年4月23日 星期四 下午10:28,,,66000,6250,654,2956,https://www.threads.com/@familymart_tw/post/DXg7C8Lkl6n,會員條碼,2026年4月24日 星期五 下午8:28,,,2095,14,6,22
mofies,https://www.threads.com/@mofies/post/DXgVgwpGQWf,有沒有類似「去華翠橋上滑脆」這樣的句子？ 1 / 2,2026年4月24日 星期五 下午3:00,,,80,66,3,5,https://www.threads.com/@familymart_tw/post/DXgyXN2Em_O,全家去全家,2026年4月24日 星期五 下午7:12,,,24,,,
taiwanbeer.official,https://www.threads.com/@taiwanbeer.official/post/DXgrfONkyLV,"進擊的巨人
有人可以幫我把巨人組裝完成嗎 >< . . . . 台啤｜進擊的巨人罐 4/29 降臨台灣！
–禁止酒駕・找代駕・保平安– 1 / 2",2026年4月24日 星期五 下午6:12,,"Photo by 台灣啤酒 | Taiwan Beer on April 24, 2026. May be an image of ‎beer and ‎text that says '‎TAIWAN BEER 進擊的 0 االتا 新時牛日 KODANSHA @Hajimelsayama,Kadansha/'ATTACK © Hajime Isayama, Kodansha/ATTACK ON TITAN"" Production Committee. All Rights Reserved. Licensed LicensedbyKODANSHAtroughMUSE by KODANSHA through MUSE 禁止酒駕 កូ. 未滿18嵗禁止飲酒‎'‎‎. | Photo by 台灣啤酒 | Taiwan Beer on April 24, 2026. May be an image of ‎beer, sparkling water and ‎text that says '‎金牌C 牌C ONE 面巨人 EJ © Hajime lams.teeake/omo Isayama, Kodansha""ATTACK ON TITAN"" Production Committee. htpceococe/oeoemoe All RightsReserved. Rights Reserved. KODANSHA Licensed by KODANSHA through MUSE 禁止酒駕 禁止酒駕未滿18 قم 未滿18嵗禁止飲酒‎'‎‎.",1397,100,157,1042,https://www.threads.com/@familymart_tw/post/DXgtHlekt58,4/29來全家！,2026年4月24日 星期五 下午6:26,,,63,4,,
cameo_cnt,https://www.threads.com/@cameo_cnt/post/DXcN3lBD025,很多店家主打「深夜咖啡」、「深夜食堂」，但是都晚上11、12點就打烊！ 是不是誤會深夜的意思了！！！ 可以給我一些真正的「深夜」嗎～～～,2026年4月23日 星期四 上午12:36,,,4734,247,155,253,https://www.threads.com/@familymart_tw/post/DXglpCeEi3L,全家便利商店 翻譯,2026年4月24日 星期五 下午5:21,,,83,,,
,https://www.threads.com/@familymart_tw/post/DXdzWZCEu0Z,familymart_tw 你是泰奶派嗎？ 是的話，5/5全家霜淇淋新口味請期待🍦🧡 1 / 2,2026年4月23日 星期四 下午3:23,,,392,33,3,117,https://www.threads.com/@familymart_tw/post/DXeJQWlklME,🥰🍦🧡,2026年4月23日 星期四 下午6:34,,,10,,,
hsiu_0414,https://www.threads.com/@hsiu_0414/post/DXb1a27ER1H,疑似全家都在罵我 只有我受傷的世界達成,2026年4月22日 星期三 下午9:03,,,396,34,1,10,https://www.threads.com/@familymart_tw/post/DXeAJazEtZ6,我愛你💚💙,2026年4月23日 星期四 下午5:15,,,186,2,1,
neuropathy32,https://www.threads.com/@neuropathy32/post/DXZrw9pEvWE,⠀ ⠀ ⠀ ⠀ ⠀ 按這狀況小時候抓周應該是抓到苦瓜了 ⠀ ⠀ ⠀,2026年4月22日 星期三 上午1:00,,,20000,62,3609,2367,https://www.threads.com/@familymart_tw/post/DXeAAL-EqOC,別這麼想 你抓到的也可能是特濃美式啊,2026年4月23日 星期四 下午5:14,,,56,,,
jk.yifspace,https://www.threads.com/@jk.yifspace/post/DXZUZz7j0A0,"英語小教室
當朋友跟你說ASAP的時候 意思是Alcohol solve all problems 是一句安慰人的話 這樣學會了嗎？",2026年4月21日 星期二 下午9:36,,,25000,134,2449,9416,https://www.threads.com/@familymart_tw/post/DXd8mrMkpzY,當我們說 WFH 的時候，意思其實是 Wow Familymart Home，也就是 哇全家就是你家,2026年4月23日 星期四 下午4:44,,,61,,,2
karen_0317_,https://www.threads.com/@karen_0317_/post/DXZQ0-SCeb9,誰可以跟我說為什麼刷牙的時候 手就會不自覺的叉腰 然後開始參觀自己家裡 1 / 2,2026年4月21日 星期二 下午9:04,,,52000,733,3188,6130,https://www.threads.com/@familymart_tw/post/DXdqHalklVD,借串問，為什麼大家在夾夯番薯前，夾子都會先對空氣夾個兩三下？,2026年4月23日 星期四 下午2:02,,,354,32,,1
yang_01.2,https://www.threads.com/@yang_01.2/post/DXbljAwE6Xl,"全家
我最喜歡的全家店員‼️‼️ 要被調走了～😢😢😢 發自內心的感覺 他好親切 而且好善良 常常看他在幫助人🥺🥺 (最後帶他去座位區 還幫他拉窗簾 怕西曬
重點是 他今天還休假 來公司處理一些雜事
他真的是我看過 最親切的店員了🫡🫡🫡 1 / 2",2026年4月22日 星期三 下午6:44,,,90000,634,1003,1033,https://www.threads.com/@familymart_tw/post/DXb95_ckl0d,謝謝你傳遞了這份溫暖 謝謝這位夥伴，用行動把全家變得更像家 💚💙,2026年4月22日 星期三 下午10:17,,,10000,81,9,7
chon030,https://www.threads.com/@chon030/post/DXZbOo0Dy05,我覺得如果有一天我突然被外星人抓走了 我外甥會是第一個發現我不在這世上的人 忙完停下來看都會有一種安全感🤣,2026年4月21日 星期二 下午10:35,,"Photo by 紅心Red❣️ on April 21, 2026. May be an image of text that says '< <99+ Kyle~楷 <99+Kyle~楷 ～楷 Kyle N 姨姨你在哪裡下午4： 下午4：01 姨姨你在哪裡 姨姨你吃什麽下午65， 下午6:52 姨姨你吃什麽 姨姨你在哪裡下午6：54 下午6:54 姨姨你在哪裡 姨姨你在忙嗎晚上7：00 晚上7：00 姨姨你在忙嗎 你吃完晚餐了嗎 晚上7：12 姨姨你在全家嗎 晚上8：42'.",50000,966,233,1551,https://www.threads.com/@familymart_tw/post/DXbcT_lEnz6,所以姨姨你在全家嗎？,2026年4月22日 星期三 下午5:23,,,16000,37,3,48
c1.rswnc6s,https://www.threads.com/@c1.rswnc6s/post/DXUWNBgE838,現在是在凶什麼,2026年4月19日 星期日 下午11:15,,"Photo by 蘋果 on April 19, 2026. May be a cartoon of text that says 'su sumimase mimas n )) すみません、 -------------- gokazokuwamasu go ka zo gokazo kuwa wa i masu ごかぞくはいます ----------D 原商 0 微信郵肤健郵限料 ka か。 對不起 對不起請問 對不起請問你有家人 你有家人 你 請問 有 家人 嗎'.",15000,193,891,3874,https://www.threads.com/@familymart_tw/post/DXbbbxFkm9P,有啊，います 翻譯,2026年4月22日 星期三 下午5:15,,,407,,,3
siyi6223,https://www.threads.com/@siyi6223/post/DXa-Tb3D2z9,"聽君一席話 如聽一席話
客人：上層跟下層差在哪？ 店員：差在放上面跟放下面
是這樣沒錯 但確實是這樣",2026年4月22日 星期三 下午1:01,,"Photo by 思異 on April 21, 2026. May be an image of kitchen appliance, vending machine, cooker and text.",176,16,2,9,https://www.threads.com/@familymart_tw/post/DXbF7o9ktjE,經查證 薯石與非薯石,2026年4月22日 星期三 下午2:08,,,117,1,,
nerin_hu,https://www.threads.com/@nerin_hu/post/DXa7KfPiQe6,"真的很想試一次 ：加熱嗎？ ：加了power 周佳樂
但我感覺我會被打 😆",2026年4月22日 星期三 下午12:34,,"Photo by Nerin 네린 🧚🏻 on April 21, 2026. May be an image of worm, ramen, noodles and text.",178,9,,13,https://www.threads.com/@familymart_tw/post/DXa8PBREo0v,HO～HO~~~,2026年4月22日 星期三 下午12:43,,,31,,,3
cowboycombo,https://www.threads.com/@cowboycombo/post/DXRW6y-k-7l,情緒一定要有出口 但也可以在登機口 1 / 2,2026年4月18日 星期六 下午7:24,,"Photo by @cowboycombo on April 18, 2026. May be an image of terminal, hallway and text.",130000,1229,10000,35000,https://www.threads.com/@familymart_tw/post/DXZZdzoEhao,你不會一直在日本環球 但可以一直喝酷繽球,2026年4月21日 星期二 下午10:20,,,204,,,1
gen_chovy1,https://www.threads.com/@gen_chovy1/post/DXWBkvtGcYG,看過這些的都幾歲了 1 / 2,2026年4月20日 星期一 下午2:53,,"Photo by @gen_chovy1 on April 19, 2026. May be an image of card and text. | Photo by @gen_chovy1 on April 19, 2026. May be a cartoon of ‎lego, doll, sharpener and ‎text that says '‎எමதഗி YOURDREAM DREAM YOUR OuR ounprram osam ናህርጠ YOURDRERM YOUR DREAM TIII GpeM YOURDREAM YOUR DREAM URD ف gt ΣΑ ลลก YOUR YOURDREAM DREAM YOUR YOURDREAM DREAM‎'‎‎. | Photo by @gen_chovy1 on April 19, 2026. May be an image of coffee cup, toy, measuring cups, cup, mug, teacup and text. | Photo by @gen_chovy1 on April 19, 2026. May be an image of eraser, lego, sharpener and text. | Photo by @gen_chovy1 on April 19, 2026. May be an image of bear, toy and text. | Photo by @gen_chovy1 on April 19, 2026. May be a cartoon of pencil case, lego, eraser, sharpener and text. | Photo by @gen_chovy1 on April 19, 2026. May be a cartoon of lego, beach ball, bucket and text. | Photo by @gen_chovy1 on April 19, 2026. May be an image of toy, sharpener, eraser and text that says 'MNGRYBISDS 絨毛筆 撮格 紅島 黑島 藍局 黃局 綠島 白局 白局 XA'. | Photo by @gen_chovy1 on April 19, 2026. May be an image of perfume and text that says '迪士尼奇妙夢幻旅程 迪士尼經典公仔 ISNEY MagicalMibiatures Miniatureś 臺灣珍藏版 Special SpecialTaiwamEdifion TAIWAn Edifion 1.1 米商去鼠 Mickey 美妮具 Misiale 辛志輔 Polasld 高飛 Gooly 市動批 Deisy 员見 Selle 荣洋 nsmalt 日場松主 有堂面 Dopi 无使稱 ត០០០ 精事造'. | Photo by @gen_chovy1 on April 19, 2026. May be an image of button, lego, poster and text. | Photo by @gen_chovy1 on April 19, 2026. May be an image of gingerbread cookie, button, Sonic the Hedgehog, lego and text. | Photo by @gen_chovy1 on April 19, 2026. May be an image of bottle and text. | Photo by @gen_chovy1 on April 19, 2026. May be an image of childrens toy, lego, thimble and text.",50000,1429,2992,9756,https://www.threads.com/@familymart_tw/post/DXZTydfEgFJ,還記得嗎？,2026年4月21日 星期二 下午9:30,,"Photo by 全家便利商店_台灣 on April 21, 2026. May be an image of button and text that says 'FamilyMart Famil 還記得 還記得MSN 還記得MSN表情磁鐵嗎？ MSN 表情磁鐵嗎？'.",335,4,2,4
_7yzcnl,https://www.threads.com/@_7yzcnl/post/DXWS58UmLze,山不在高，有仙則靈 考前一晚，全靠神明,2026年4月20日 星期一 下午5:25,,,30000,289,3035,3240,https://www.threads.com/@familymart_tw/post/DXZTdtGklEH,庭院深深深幾許 全家等登登登登,2026年4月21日 星期二 下午9:27,,,1104,13,1,32
yienn_0527,https://www.threads.com/@yienn_0527/post/DXVzchIGh6q,"我台語很爛
請問休假是小姐的意思嗎",2026年4月20日 星期一 下午12:50,,,14000,886,258,1656,https://www.threads.com/@familymart_tw/post/DXY79qxEmht,請問果汁是good job的意思嗎？,2026年4月21日 星期二 下午6:02,,,259,2,,3
onextop.optical,https://www.threads.com/@onextop.optical/post/DXODve3Ey4N,故人西辭黃鶴樓 卡地亞 FENDI YSL,2026年4月17日 星期五 下午12:38,,"Photo by @onextop.optical on April 16, 2026. May be an illustration of text.",27000,839,1706,14000,https://www.threads.com/@familymart_tw/post/DXY70oWkonO,故人具雞黍，邀我去全家 翻譯,2026年4月21日 星期二 下午6:01,,,442,4,1,22
regret11_1,https://www.threads.com/@regret11_1/post/DXV4ni8ADrZ,"地球online
★★★★★ 好評 我非常喜歡吃一種禽類屍塊 加上一大杯喝了舌頭會變得酥酥麻麻的黑水",2026年4月20日 星期一 下午1:35,,,10000,75,346,840,https://www.threads.com/@familymart_tw/post/DXY6V6lkk8s,我也非常喜歡在全家購買得到 一種能強化精力值的黑色苦味提神水，以及食用螺旋狀低溫哺乳類分泌物結晶,2026年4月21日 星期二 下午5:48,,,53,1,,
cartonking.tw,https://www.threads.com/@cartonking.tw/post/DXLV4hKGNOY,有沒有一些像是： ⠀ ⠀ 「 垂死病中驚坐起，Responsibility 」 ⠀ ⠀ 古人會氣到想要爬出來揍人的詩詞梗？ 1 / 2,2026年4月16日 星期四 上午11:19,,,23000,836,1965,6569,https://www.threads.com/@familymart_tw/post/DXORTJoEoKJ,洛陽親友如相問，就說我在全家等,2026年4月17日 星期五 下午2:37,,,500,3,,3
tsai_sensei,https://www.threads.com/@tsai_sensei/post/DXGwna1k8Yi,這年頭不用文字也能看懂 1 / 2,2026年4月14日 星期二 下午4:37,,"Photo by 蔡老師 on April 14, 2026. May be an image of ‎clarinet, trumpet, harp and ‎text that says '‎吃飯前一定要 吃飯前一定要。！ وجم 不然很容易主肌 肚子 不然很容易‎'‎‎.",18000,158,813,2622,https://www.threads.com/@familymart_tw/post/DXORJI0EsIA,有空來買 do si 吧,2026年4月17日 星期五 下午2:35,,"Photo by 全家便利商店_台灣 on April 16, 2026. May be an image of trumpet, clarinet and text that says '來 來 tyMart 買 用 よ Pay最棒 最棒 Pay FamilyMart'.",1607,3,15,44
ryanll_0408,https://www.threads.com/@ryanll_0408/post/DXMhORSkY5P,剛剛只是想去全家買個冰來吃 結果竟然看到這個加購品 真的太可愛了 直接包軌帶回家給孩子穿🤭🐢,2026年4月16日 星期四 下午10:17,,"Photo by Ryan LL 곽요영 on April 16, 2026. May be an image of macrame, potholder, card, sock, stitching and text.",3433,41,88,1528,https://www.threads.com/@familymart_tw/post/DXN3cYLEk-5,藍白拖怎麼這麼適合🐢❤️,2026年4月17日 星期五 上午10:51,,,229,1,,3
hardyyyli,https://www.threads.com/@hardyyyli/post/DXGwIKykbIC,"那天跟太太聊到如果現在單身，很像不知道該怎麼認識新對象。
我： 「我應該還是會玩交友軟體， 然後第一次見面經過『和牛涮』的時候， 再跟對方說：『這間ㄏㄢ、牛 ㄕㄨㄚˉ很像滿好吃的，下次有機會再一起來吃。」
再細細品嚐對方覺得很解、好感瞬間歸零的表情，回家再期待對方封鎖我。
太太：「你到底有什麼毛病？」 1 / 3",2026年4月14日 星期二 下午4:32,,,39000,1782,1793,12000,https://www.threads.com/@familymart_tw/post/DXMARBSEif0,全家 ㄆ一ㄢˊ 利商店,2026年4月16日 星期四 下午5:29,,,348,2,,2
yy_07zy,https://www.threads.com/@yy_07zy/post/DXE_DZoErSR,生活不一定會出爾反爾 有時候會在首爾,2026年4月14日 星期二 上午12:04,,"Photo by 筑 on April 13, 2026. May be an image of signboard, street, skyscraper, night and text.",160000,5515,14000,50000,https://www.threads.com/@familymart_tw/post/DXL3Fa0EqDz,30 歲不一定要成家，但你一定要來全家,2026年4月16日 星期四 下午4:09,,,11000,42,28,311
threads,https://www.threads.com/@threads/post/DXKndyHkcoF,"Sir, this is Threads. 翻譯",2026年4月16日 星期四 上午4:34,,,80000,7818,3530,784,https://www.threads.com/@familymart_tw/post/DXLmpxvElKs,In Taiwan We don't say “Threads” We say “脆” 翻譯,2026年4月16日 星期四 下午1:46,,,3599,34,32,31
webberc4,https://www.threads.com/@webberc4/post/DXJoKuOH_d7,英文不太好 請問country是傷口的意思嗎？ 1 / 2,2026年4月15日 星期三 下午7:20,,,81000,4512,4636,35000,https://www.threads.com/@familymart_tw/post/DXK_JchEgr1,請問All turn是黑糖嗎？,2026年4月16日 星期四 上午8:00,,,3051,30,2,29
cxy_0305,https://www.threads.com/@cxy_0305/post/DXJzC9kEsfN,"全家
全家冰棒套真的很好用 吃到一半可以把冰收起來下次再吃 1 / 2",2026年4月15日 星期三 下午8:55,,"Photo by 耳東陳 on April 15, 2026. May be an image of hair brush, brush, dental floss, toothbrush, spatula, drumstick, eraser and text. | Photo by 耳東陳 on April 15, 2026. May be an image of tool bag, plastic bag, sling, water bottle, grocery bag and text.",61000,658,950,5975,https://www.threads.com/@familymart_tw/post/DXJ46rLkjWS,那個⋯⋯ 是冰棒套但好像也不是這樣⋯⋯,2026年4月15日 星期三 下午9:47,,,49000,40,86,537
shopee_tw,https://www.threads.com/@shopee_tw/post/DXJfHMKmD4d,暈他不如暈我 1 / 3,2026年4月15日 星期三 下午6:01,,"Photo by 蝦皮購物Shopee on April 15, 2026. May be an image of text that says '他會照三餐關心你嗎？ S 寶寶~今天天氣好冷 可以買件衣服嗎 2小時前 S 12.12 晚安 可以回我一下訊息嗎 可以回我一 下訊息嗎 5分鐘前 ：我會 S 618 那個... 你睡了嗎？ 3分鐘前'. | Photo by 蝦皮購物Shopee on April 15, 2026. May be an image of text that says '他會記得提醒你大小事嗎？ S 白蝦皮 店到店 包有送期 重要通知 到貨通知 ：我會 親愛的錢員您好： 親愛的 謹員您好： 他訂購的蝦皮店到店商品已送達指定 門市， 請領取， 門市，請領取，謝謝。 謝謝。'. | Photo by 蝦皮購物Shopee on April 15, 2026. May be an image of toy and text that says '他會動不動給你小驚喜嗎？ S 蝦皮購物 NEW BP5ZTJLKJ 有效期限： 有效期限：2026.04.30使用規則 2026.04.30 使用規則 使用 S 蝦皮購物 :我會 NEW 破1000讚再一組 有效期限： 有效期限：2026.04.30使用規則 2026. 2026.04.30 使用規則 使用'. | Photo by 蝦皮購物Shopee on April 15, 2026. May be an image of text.",2939,105,29,129,https://www.threads.com/@familymart_tw/post/DXJ2cZ_kiA5,暈,2026年4月15日 星期三 下午9:25,,"Photo by 全家便利商店_台灣 on April 15, 2026. May be an image of sushi, tofu, seaweed, rice and text.",107,,,
traveler00000001,https://www.threads.com/@traveler00000001/post/DW5PZxKgetL,好的，沒問提拉米蘇 1 / 2,2026年4月9日 星期四 上午10:36,,"Photo by 可愛即是正義 on April 08, 2026. May be an image of text that says '+ wwanope wwanope5日 5日 對不起 我一直給你添麻器 ර 11.4万 1,147 1.3万 2万 + zhhholmes6 6時間 沒關係 下次注意大利麵 8,525 7 G94 332'.",71000,1986,4878,20000,https://www.threads.com/@familymart_tw/post/DXItMuiksbE,真是的 哪壺不開提拉米蘇,2026年4月15日 星期三 上午10:45,,,385,1,2,10
showeateat,https://www.threads.com/@showeateat/post/DXHbSe1k570,全家也太愛用疊字字 一下好棒棒，一下菇菇，一下蝦蝦，還有菜菜 下次可以來個肉肉飯飯糰～～～,2026年4月14日 星期二 下午10:49,,"Photo by 秀仔✨ on April 14, 2026. May be an image of baguette, sandwich, sausage and text. | Photo by 秀仔✨ on April 14, 2026. May be an image of seaweed, soy sauce and text. | Photo by 秀仔✨ on April 14, 2026. May be an image of pasta and text. | Photo by 秀仔✨ on April 14, 2026. May be an image of tofu, pie, wafer, bread and text.",76,7,,1,https://www.threads.com/@familymart_tw/post/DXHc1MXEvJo,來全家買買,2026年4月14日 星期二 下午11:03,,,35,1,,
avalanch.e_,https://www.threads.com/@avalanch.e_/post/DXEn4S5D86i,自從我媽去健康檢查獲得500$全家禮券後：,2026年4月13日 星期一 下午8:42,,"Photo by 羽 on April 13, 2026. May be an image of text that says '要不要用我賣血換來的錢去買2個雞胸肉？ 個雞胸肉？ 20:40 Read 20:41 可以不要講得這麼悲情嗎'.",48000,182,1064,4396,https://www.threads.com/@familymart_tw/post/DXGj_KDkqcC,"我們目前結帳大多還是以現金和電子支付為主啦😆
ㄒㄧㄝˇ謝媽媽，平安健康💚💙",2026年4月14日 星期二 下午2:46,,,921,1,,
miaowoo0214,https://www.threads.com/@miaowoo0214/post/DXBRaxelMpm,幫自己蓋一個應援廠商樓◝☆ 能配合的好的廠商真的是一種緣分 1 / 2,2026年4月12日 星期日 下午1:28,,,4558,245,988,2530,https://www.threads.com/@familymart_tw/post/DXEvUQWkjjC,全家偶像應援洽詢：cpm@family.com.tw￼ 店內電視生日應援、結帳收銀機畫面應援，全家就是你家💚💙,2026年4月13日 星期一 下午9:47,,,52,1,2,14
7._.ek,https://www.threads.com/@7._.ek/post/DXCBMMIj6Nf,各位有瀏海的女生們聽好了 這個事情很嚴重 瀏海要變條碼的季節到了 1 / 2,2026年4月12日 星期日 下午8:25,,,22000,197,1384,1573,https://www.threads.com/@familymart_tw/post/DXEaUoikoCk,您好，統編載具需要嗎,2026年4月13日 星期一 下午6:43,,,4454,15,15,52
rain_.10_2,https://www.threads.com/@rain_.10_2/post/DW-t0G0CUMS,適者生存 不適者在家休息 1 / 2,2026年4月11日 星期六 下午1:38,,"Photo by ʀᴀɪɴ. on April 10, 2026. May be an image of ticket stub and text that says '適者生存不適者在 獨者生仔， ，不適者在家休息 不適'.",100000,434,11000,18000,https://www.threads.com/@familymart_tw/post/DXDyyvuEsnJ,家家有本難念的經，全家有賣好吃的冰,2026年4月13日 星期一 下午12:58,,,2704,13,10,85
aby309,https://www.threads.com/@aby309/post/DXBYkB-D7KR,"儀式感
趁他下班前，去全家做起司盒給他🥰 1 / 2",2026年4月12日 星期日 下午2:30,,"Photo by 牛仔很嫻 on April 11, 2026. May be an image of fruit, platter, fruit cocktail, salami and text that says 'Cheese Desserl STR STRAWBERKY e e BLUEBERRY Desser Cheese'. | Photo by 牛仔很嫻 on April 11, 2026. May be an image of ice cream, kitchenware, yogurt and text that says 'Choese Desm UESNCTY 해용 m Cheese DessesiS0 BERRY STRAWBERRY oga emina きのための ーズデーギー bo neese BLUEBERRY essert を使用し EBERRY のぱきを感じられる 0 チーズの中に 晴むられる ortions NetWeight:906 90g Cep 不真 Delemared wBelrigorated 写真はイメトジです SeriesSTRAWBERRY STRAWBER eriesSTRAW Cheese WBERRY チーズデザー 星テの チーズデザ つほなのれれがりめ スウィーツ好きのための イーツ好きのための emina 温泉蛋 問 PUdaR'. | Photo by 牛仔很嫻 on April 11, 2026. May be an image of mango, wafer, durian and text that says '100 禁成 ΛΗ NHFoods 驚りクの モーク モークチーズ チーズ 軟らか食感 チーズポール CHEESE BALL Sobueh meiji CHEESEBAL Sofi& Smooih SoUath !注意 血曲のおそれがあります ねがあります 直皇用大 FamilyMart ٥٥ 媽媽煮藝'. | Photo by 牛仔很嫻 on April 11, 2026. May be an image of food, chopsticks and text. | Photo by 牛仔很嫻 on April 11, 2026. May be an image of text. | Photo by 牛仔很嫻 on April 11, 2026. May be an image of wafer and text. | Photo by 牛仔很嫻 on April 11, 2026. May be an image of plantains, wafer and text.",19000,272,482,1517,https://www.threads.com/@familymart_tw/post/DXCPZpMEohd,我們負責起司買1送1，你負責浪漫🥰,2026年4月12日 星期日 下午10:29,,,872,1,,3
hsd1312,https://www.threads.com/@hsd1312/post/DXABZZbkwRF,剩我一個人，整個休息室，其實我也要回家了，一天的工作，留下安靜的後台，熄燈 1 / 2,2026年4月12日 星期日 上午1:48,,"Photo by 洪都拉斯 on April 11, 2026. May be a selfie of eyeglasses, hospital, office and text.",80000,1989,1012,6857,https://www.threads.com/@familymart_tw/post/DXByssmkk_2,辛苦了，哈根達斯大哥！全家為你加油,2026年4月12日 星期日 下午6:19,,,1742,3,1,9
dios_09_22,https://www.threads.com/@dios_09_22/post/DXBs5gKEQ53,"全家
突然想到吃冰 就去全家冰淇淋買了三件 剛好可以抽抽樂😂
好Lucky 抽中0元
店員表示： 蛤？欸 0元 好羨慕 我表示：蛤？0元 電腦出錯？！ 1 / 2",2026年4月12日 星期日 下午5:28,,"Photo by 李丞霖Lee Dios(27） on April 12, 2026. May be an image of cash machine, vending machine, radar and text that says '提醒您 即日起-4/2 即日起-4/26Airwaves指定商品使用 4/26 Airwaves指定商品使用全盈支 Airwaves# 付任選2件65元 已兌換/列印者無須理 已兌換 售價 40 商品 數量 牧場直送4 牧場直送4.0布丁牛！ 0布丁牛！ ／場直送4 場直送4.0牛奶雪： 1 0牛奶雪 40 雙静更港4/0巧克力1469 40 牧場直送4: 場直送4：0巧克力1 0巧克力: 促鈴活動 任3件0元 数量折扣金額 折扣金額 數量 -120 120 收您 折扣-120 -120 120 折扣 合社 合計0 0 的手機號碼：0987***688 0987***688 抽抽樂任3件0元 未收 甲借 oBo9o aRM លិងេត ChargeSPOr'.",5893,50,18,167,https://www.threads.com/@familymart_tw/post/DXBvtgSEm1P,虫合？😍,2026年4月12日 星期日 下午5:52,,,2509,2,,4
falqc_25,https://www.threads.com/@falqc_25/post/DW8Jjdrj8N6,那個超大表符是怎麼用的 1 / 2,2026年4月10日 星期五 下午1:43,,,1497,1451,1,22,https://www.threads.com/@familymart_tw/post/DXBLYT2kt0B,🏪,2026年4月12日 星期日 下午12:35,,,53,,,
shopee_tw,https://www.threads.com/@shopee_tw/post/DW_OdS_mEX8,🫴🦐 1 / 2,2026年4月11日 星期六 下午6:23,,,6131,170,33,40,https://www.threads.com/@familymart_tw/post/DW_sBKKEkfD,🦐📦🏪,2026年4月11日 星期六 下午10:42,,,328,3,,
cinnamonlin,https://www.threads.com/@cinnamonlin/post/DW-nc97FJiR,啾迷朝聖點 鳳山青年路二段全家！,2026年4月11日 星期六 下午12:43,,"Photo by Cinnamon Lin on April 10, 2026. May be an image of parking meter, signboard, street and text. | Photo by Cinnamon Lin on April 10, 2026. May be an image of text. | Photo by Cinnamon Lin on April 10, 2026. May be an image of toy, display case, shelf and text. | Photo by Cinnamon Lin on April 10, 2026. May be an image of turnstile, display case, vending machine, refrigerator, cash machine, signboard, laundromat and text that says 'SGHAWKS 聖 1994 一般垃圾桶'. | Photo by Cinnamon Lin on April 10, 2026. May be an illustration of poster, signboard and text. | Photo by Cinnamon Lin on April 10, 2026. May be an illustration of poster, banner, display case, signboard, scoreboard and text. | Photo by Cinnamon Lin on April 10, 2026. May be an image of baseball and text.",380,5,9,53,https://www.threads.com/@familymart_tw/post/DW_P4NlkosS,全家便利商店-高雄鳳山文山店 剛換上！全家一起為台鋼雄鷹🦅應援,2026年4月11日 星期六 下午6:36,,,93,,,1
leo91.12.13,https://www.threads.com/@leo91.12.13/post/DW6umyjk3nF,香菜（台語）熱狗是不是也是一種 MC HotDog,2026年4月10日 星期五 上午12:28,,"Photo by 李亮穎 on April 09, 2026. May be an image of skewer, sausage, salami and text.",3029,35,218,907,https://www.threads.com/@familymart_tw/post/DW_GkzfEq1d,大概是一種 M3 Hotdog,2026年4月11日 星期六 下午5:14,,,74,,,
esfp5201314,https://www.threads.com/@esfp5201314/post/DW44EeZkgb8,你站在廚房，魚就是食物 你站在佛堂，魚就是生命 你站在市場，魚就是商品 你站在河邊，魚就是風景,2026年4月9日 星期四 上午7:12,,,40000,1309,1508,4001,https://www.threads.com/@familymart_tw/post/DW9TM5Ukggr,你站在全家，餘額存會員,2026年4月11日 星期六 上午12:26,,,411,2,2,3
1nyuzj._,https://www.threads.com/@1nyuzj._/post/DW633PcE25Y,講疊字不覺得很曖昧嗎 1/2,2026年4月10日 星期五 上午1:49,,,25000,2621,253,2641,https://www.threads.com/@familymart_tw/post/DW9MuVmkuXx,來吃一點曖昧的食物,2026年4月10日 星期五 下午11:30,,"Photo by 全家便利商店_台灣 on April 10, 2026. May be an image of burrito, sandwich and text. | Photo by 全家便利商店_台灣 on April 10, 2026. May be an image of pasta, spaghetti, noodles and text. | Photo by 全家便利商店_台灣 on April 10, 2026. May be an image of tea, petfood, wafer and text. | Photo by 全家便利商店_台灣 on April 10, 2026. May be an image of shiitake mushrooms, chocolate bar, bread, wafer, petfood and text.",364,2,,1
ae._.0521,https://www.threads.com/@ae._.0521/post/DW7plPggQ6j,誰有那種類似「在天願做比翼鳥，大難臨頭各自飛」的句子啊 我覺得超好笑,2026年4月10日 星期五 上午9:03,,,69000,4688,8676,22000,https://www.threads.com/@familymart_tw/post/DW9LNn0kurn,山無陵，天地合，薪盡自然涼,2026年4月10日 星期五 下午11:17,,,1513,7,9,22
01__0726,https://www.threads.com/@01__0726/post/DW35of4kRK1,"台北
台北有適合一個人去的地方嗎？ 景點 / 展覽 / 美術館 / 博物館都可以
想找那種可以自己慢慢逛、不會尷尬的 最好是捷運可以到的😆 1/2",2026年4月8日 星期三 下午10:07,,,5080,494,1023,2130,https://www.threads.com/@familymart_tw/post/DW6R8Hlkn2a,全家便利商店 翻譯,2026年4月9日 星期四 下午8:18,,,66,,,
q__ian._,https://www.threads.com/@q__ian._/post/DWqj_mJCd-n,"全家冰棒襪套
阿怎麼兩隻都這麼無奈 明明那麼可愛",2026年4月3日 星期五 下午5:47,,"Photo by ²⁰⁰²/阝 東/ on April 03, 2026. May be an image of sock and text. | Photo by ²⁰⁰²/阝 東/ on April 03, 2026. May be an image of Bedlington terrier and text. | Photo by ²⁰⁰²/阝 東/ on April 03, 2026. May be an image of dog, sock, bandage and text. | Photo by ²⁰⁰²/阝 東/ on April 03, 2026. May be an image of dog, sock and text.",267,6,2,27,https://www.threads.com/@familymart_tw/post/DW57uZJEkRG,與🐶同款就在全家,2026年4月9日 星期四 下午5:03,,,47,,,
dodo7484,https://www.threads.com/@dodo7484/post/DW3PcTQk6Ya,"全家
我也用12枝冰棒換到藍白拖鞋了 看來走的很順🐶🐶",2026年4月8日 星期三 下午3:58,,"Photo by Jojo Chiu on April 08, 2026. May be an image of Bedlington terrier, sock, bandage and text. | Photo by Jojo Chiu on April 08, 2026. May be an image of Maltese, sock and text.",1472,56,20,890,https://www.threads.com/@familymart_tw/post/DW57X_eEmkB,這位是我們可愛的冰友🐶💚💙,2026年4月9日 星期四 下午5:00,,,78,,,
mita.liao1018,https://www.threads.com/@mita.liao1018/post/DW3dsvWiVuE,"全台耽誤系店家討論TOP10
1.全家超商 2.台鐵 3.肯德基 4.藏壽司 5.IKEA 6.摩斯漢堡 7.遊戲大亂鬥 8.我家牛排 9.星巴克 10.壽司郎",2026年4月8日 星期三 下午6:03,,"Photo by Mita liao on April 08, 2026. May be a cartoon of bread, pie and text that says 'MW 網路溫度計 全台「耽誤系店家討論度TOP10 全台 「耽誤系」 店家討論度TOP 10 排名 FamilyMart 網路聲量 全家 被超商耽誤的霜淇淋店 58,811 台鐵︱ 被火車耽誤的便當店 肯德基 36,411 推寿司 4 I 222 被炸雞誤的蛋撻店 829 藏壽司 17,073 5 ΙΚΕΑ ΙΚι EA 被壽司耽誤的扭蛋店 16,590 IKEA 被家具耽誤的美食店 6 16,095 7 摩斯漢堡|被漢堡财損的紅茶店　11，552 11,552 摩斯漢堡 被漢堡誤的紅茶店 線上一番貨 遊戲之 遊戲遊戲大亂聞 遊戲大亂闘 D亂聞泰 被八卦耽誤的線上一番賞專賣店 8 10,757 線上柱飯 9 9 我家牛排︱ 被牛排耽誤的 自助Buffet店 星巴克 10,583 10 被咖啡耽誤的杯子店 7,530 壽司邮被壽司耽誤的甜點店 壽司郎 被壽司耽誤的甜點店 5,153'.",657,15,47,322,https://www.threads.com/@familymart_tw/post/DW5qxysEn7U,耽誤系第一名來了,2026年4月9日 星期四 下午2:35,,"Photo by 全家便利商店_台灣 on April 08, 2026. May be an image of gelato, ice cream and text.",90,3,,7
kojjang66,https://www.threads.com/@kojjang66/post/DWxqV50EvGw,非競 但這個安全守則真的戳中我笑點,2026年4月6日 星期一 上午11:58,,"Photo by 糕兒 코이 on April 05, 2026. May be a cartoon of seatbelt and text that says '니다. ated in about 10 seconds. O'. | Photo by 糕兒 코이 on April 05, 2026. May be an image of helicopter, poster and text that says 'しし 入人 AT 물구나무 서서 탈출하면 위험합니다.'. | Photo by 糕兒 코이 on April 05, 2026. May be an image of cigarette, seatbelt and text. | Photo by 糕兒 코이 on April 05, 2026. May be an image of text that says 'FAIL FAIL 5 -'. | Photo by 糕兒 코이 on April 05, 2026. May be an image of signboard, cigarette, poster and text that says '미끄럼를 Slide 9OE PASS PASS'. | Photo by 糕兒 코이 on April 05, 2026. May be an image of smoking, cigarette, signboard and text that says '기내 흡연금지 No smoking during the entire flight'. | Photo by 糕兒 코이 on April 05, 2026. May be a cartoon of signboard and text. | Photo by 糕兒 코이 on April 05, 2026. May be an image of ‎airplane, poster and ‎text that says '‎안전한 여행을 위한 안내 Safety Information Card 이/착룩시 Take Takeoff/ off Landing BOEING 737 Safety ماnاى ema Cepm enenan 122 2 예기치 않은 기류 번화에 대배하이 파석별드를 장상매주실 것을 결합니다. 北 3 いり kttomoaeebhhm your scatbelta asbened throughoutthe lightfo unexpected turbulence, Verecommend 보조배터리는 선반 부조세터리는신반축이보관할수떠니다. 속에 보관할 없습니다. wubmnmt‎'‎‎.",20000,39,1104,4609,https://www.threads.com/@familymart_tw/post/DW5chNCEti6,哈逗堡守則參上,2026年4月9日 星期四 下午12:31,,"Photo by 全家便利商店_台灣 on April 08, 2026. May be an image of hotdog, sausage and text. | Photo by 全家便利商店_台灣 on April 08, 2026. May be an image of breadstick, baguette, hotdog, sausage and text that says 'X ×養樂狗 X 跟堡唱反調'. | Photo by 全家便利商店_台灣 on April 08, 2026. May be an image of hotdog, sausage and text that says 'X 行駛列車 X 熱狗蛋堡'.",210,1,1,17
77.939885,https://www.threads.com/@77.939885/post/DW3NUhtk5LL,一根進攻 一根防守 一根加番茄醬🏸 1/2,2026年4月8日 星期三 下午3:40,,"Photo by 五十一蓓 on April 08, 2026. May be an image of tennis, racket, sports equipment and text.",28000,110,547,2829,https://www.threads.com/@familymart_tw/post/DW5XezFEmE8,兩根加香菜,2026年4月9日 星期四 上午11:47,,"Photo by 全家便利商店_台灣 on April 08, 2026. May be an image of sausage and text.",383,3,,17
hawk.1600129,https://www.threads.com/@hawk.1600129/post/DW1pCS7kyOc,一句話證明你看過海賊王,2026年4月8日 星期三 上午1:03,,,6269,1119,59,1000,https://www.threads.com/@familymart_tw/post/DW32YPBkt_J,🐌：哺嚕哺嚕哺嚕～,2026年4月8日 星期三 下午9:38,,,57,,,
hangji0529,https://www.threads.com/@hangji0529/post/DW9KXpRDwON,"全家
只是穿上夾腳拖為什麼看起來那麼派？",2026年4月10日 星期五 下午11:09,,"Photo by 厭世吉娃娃-夯吉Hangji on April 10, 2026. May be an image of chihuahua, Pekinese, sock and text.",170,3,2,11,https://www.threads.com/@familymart_tw/post/DW9UYb2EmiZ,吉度派,2026年4月11日 星期六 上午12:37,,,62,,,1
1mzx7o,https://www.threads.com/@1mzx7o/post/DW0yHJsEYMM,⠀ 幸福就是： 房間 下雨 冷氣 被窩 手機 ⠀,2026年4月7日 星期二 下午5:03,,,29000,237,3470,953,https://www.threads.com/@familymart_tw/post/DW3gklpErOo,幸福就是： 提拉米蘇 法式檸檬塔 香草卡式達泡芙 可可生甜甜圈 抹茶 QQ 蛋糕捲,2026年4月8日 星期三 下午6:28,,,472,6,1,5
ken__0805,https://www.threads.com/@ken__0805/post/DWzXCAREtvI,為了這個全家襪子硬是買了12支冰棒😂,2026年4月7日 星期二 上午3:47,,"Photo by 柯科科 on April 06, 2026. May be an image of corgi, sock and text.",37000,504,978,10000,https://www.threads.com/@familymart_tw/post/DW2yk5Pklvl,可是 可是 可是 這一串真的好可愛😍😍😍,2026年4月8日 星期三 上午11:46,,,4682,1,,45
bubuisme0515,https://www.threads.com/@bubuisme0515/post/DWzx6uaE0fg,"脆友們
有脆友的店是在這四張地圖裡嗎？ 我可以去光顧🤣🤣🤣",2026年4月7日 星期二 上午7:42,,"Photo by 鈞鈞✨ on April 06, 2026. May be an image of phone, map, screen, radar and text that says '子品 439 井邱 ※邱厝子主 ON 100 在這裡搜尋 健行路 1al 吃到飽 吃到飽 宮原眼科 眼科 壹中樂成宫早 吃到飽 นาย 早溪觀光夜市 क KPИHAP 北區 x 路線司商家指南 路線 商家指南 儲存 分享 0'. | Photo by 鈞鈞✨ on April 06, 2026. May be an image of map, radar, screen and text. | Photo by 鈞鈞✨ on April 06, 2026. May be an image of phone, map, radar and text that says '在這裡搜尋 4醫廳白外帶 ۶۶ 智廳 台 外帶 （＠臺中綠美国） ធ 白購物 購物 ロ \o예 W @張型 中中央公園 西屯區 西屯工業區 北屯區 來厝 5 ποσά 大業路 麻風 麻国頭 国立自然科學博物館 店 中公園 警論 中區 Google1Map's Maps 國立中興大學 北區 彩酸限所 5 24° 10 05 AQI 擦索 個人中心 中心 個人 貢獻 商家'. | Photo by 鈞鈞✨ on April 06, 2026. May be an image of map, screen, radar and text.",164,204,3,8,https://www.threads.com/@familymart_tw/post/DW09LatEosn,肯定是有我的,2026年4月7日 星期二 下午6:40,,,41,1,1,1
raychu.eclat12,https://www.threads.com/@raychu.eclat12/post/DWuqnbvE9ZK,注意 我老婆辦threads了 大家講話小心一點 1 / 2,2026年4月5日 星期日 上午8:02,,,33000,1251,201,943,https://www.threads.com/@familymart_tw/post/DW07o_Pkq0l,您好，先前客服急問到貨的玩美椅資料這邊也留言給您，如果2台要分2個地址也可以在預購輸入宅配資料的地方填寫完成，謝謝您！,2026年4月7日 星期二 下午6:27,,"Photo by 全家便利商店_台灣 on April 07, 2026. May be an image of recliner, chair and text.",59,,,
kevinhuang5487,https://www.threads.com/@kevinhuang5487/post/DWtFDS_j46u,這單字是何意味 1 / 2,2026年4月4日 星期六 下午5:15,,"Photo by @kevinhuang5487 on April 04, 2026. May be an image of microwave and text that says 'cabulary *表示大考出現過的字業 6. microwavable [markro'wevabal] [maikro wevabal] adj. 可以微波爐加熱或烹調的 Expecting to be busy, Adam bought several microwavable meals for the week.'.",15000,332,238,749,https://www.threads.com/@familymart_tw/post/DW00v1HErJP,Familymartable (n.) 全家便利商店裡的桌子。,2026年4月7日 星期二 下午5:26,,,13000,32,246,839
weiwei53131,https://www.threads.com/@weiwei53131/post/DWxnpNrk1OT,還在學五十音的我 以為這是諧音梗🤡,2026年4月6日 星期一 上午11:34,,"Photo by 小樹 on April 05, 2026. May be an image of ‎signboard and ‎text that says '‎椰土食 AKATA 江の館 か אמון, ΜΟΝ.ΧA DU កធម W YAWARA 皮 ایر 科 皮膚科専門医 S 当ビル4F 健康こだわり食品拉 健康こだり食よ 食品經 健康 近江の館 エの 2R218 07218‎'‎‎.",17000,193,315,1538,https://www.threads.com/@familymart_tw/post/DW0j1XBkrw-,全じゃ就是你じゃ 翻譯,2026年4月7日 星期二 下午2:59,,,2392,13,14,92
wuyaya__,https://www.threads.com/@wuyaya__/post/DWyCLI-koz5,早上被一通電話吵醒，迷迷糊糊接起來 電話那頭說：「Hello Kitty貓嗎？」 我心想：蛤？ 然後就掛了。 過了一會腦中突然懂了他在說什麼 「Hello 可以聽到嗎？」,2026年4月6日 星期一 下午3:26,,,95000,416,4940,22000,https://www.threads.com/@familymart_tw/post/DW0eGubEoam,蛤？,2026年4月7日 星期二 下午2:08,,"Photo by 全家便利商店_台灣 on April 06, 2026. May be an image of milk and text that says '١ 3h L MELLOKITTY HELLO KITTY HИAMΟBOЙ 202604112019230F 019 230F 202604111 效日期 202604122 202604121302240 R30 Z2LU 有效日期 HELLOKITTY HELLO KITTY 焦糖 奶茶 焦糖瑪奇朵味 八我 375ml 375ml ကြောခါ 海魚油茶 CNAWAAA'.",152,3,,7
vinceatig,https://www.threads.com/@vinceatig/post/DW0Gk0Ck0uE,"嬰兒
剛才一打一揹兒子在便利商店 他又把奶嘴吐在地上 這時候全家店員很熱心地問我要不要沖洗奶嘴
這時候令我驚訝又感動的事發生了 我洗完一轉身 店員遞給我一個小紙杯 「熱水給你」 這個真的只有爸媽懂🥲 奶嘴要稍微用熱開水燙過消毒才能再吃
常常看到親子不友善的新聞或貼文 還好陌生人的善意從不讓我失望 謝謝全家便利商店高雄寶成店的店員",2026年4月7日 星期二 上午10:43,,"Photo by Vince ︱邱子睿 on April 06, 2026. May be an image of coffee cup, coffee, cappuccino, cup, cornflower and text that says '叫 大 O Let'sCafé Café Let's CLASSIC'. | Photo by Vince ︱邱子睿 on April 06, 2026. May be an image of baby, sleeping and text.",24000,146,44,27,https://www.threads.com/@familymart_tw/post/DW0ZgMtEv6g,辛苦了💚💙,2026年4月7日 星期二 下午1:28,,,196,,,
toado29,https://www.threads.com/@toado29/post/DWvzHcckSM0,來蓋個樓： 交出你近期最想要的東西🥸/留言 我先🦊,2026年4月5日 星期日 下午6:36,,"Photo by 不理姐🥸 on April 05, 2026. May be a cartoon of frog and text.",3905,1544,23,46,https://www.threads.com/@familymart_tw/post/DWyXq1NEkRP,,2026年4月6日 星期一 下午6:34,,"Photo by 全家便利商店_台灣 on April 06, 2026. May be an image of gelato, ice cream and text.",138,6,1,4
ilmsutid,https://www.threads.com/@ilmsutid/post/DWvhPu9FLpW,成為某個男人的偶爾，不如有歐巴在的首爾,2026年4月5日 星期日 下午4:00,,,45000,193,7542,10000,https://www.threads.com/@familymart_tw/post/DWyXOX6EmBe,他給的不確定，全家給小確幸,2026年4月6日 星期一 下午6:30,,,176,2,,3
ying__.89,https://www.threads.com/@ying__.89/post/DWnzElFEebX,剛剛滑到一句話我有夠愛 「人生不會一直在低谷，但有時候會在曼谷」 1 / 2,2026年4月2日 星期四 下午4:02,,,40000,969,3192,12000,https://www.threads.com/@familymart_tw/post/DWyUVUPEklR,去不了別的國家，就去逛一間全家,2026年4月6日 星期一 下午6:05,,,1164,5,1,26
garrfisher99,https://www.threads.com/@garrfisher99/post/DWx_tVVDyXu,全家出的香菜熱狗,2026年4月6日 星期一 下午3:04,,"Photo by Hsien Ming Fang on April 06, 2026. May be an image of hotdog, sausage, salami and text that says 'EL ELEVEN E En'.",8260,174,34,484,https://www.threads.com/@familymart_tw/post/DWyS-wFEuxn,抱歉，我總覺得哪裡不太對。,2026年4月6日 星期一 下午5:53,,,34000,49,25,208
treemalife,https://www.threads.com/@treemalife/post/DWti-TlFNTK,"剛剛要離開工作室時突然下大雨☔️ 趕快衝去超商買傘 意外發現全家有Dinotaeng聯名雨傘
這就叫因禍得福嗎😍😍😍 1 / 2",2026年4月4日 星期六 下午9:36,,"Photo by TREEMA｜選物店有實體工作室 on April 04, 2026. May be an image of ruler, lego, thermometer, pen and text. | Photo by TREEMA｜選物店有實體工作室 on April 04, 2026. May be an image of parasol, umbrella and text that says 'MVZ'. | Photo by TREEMA｜選物店有實體工作室 on April 04, 2026. May be an image of parasol, umbrella, plastic bag, windshield and text.",8932,87,106,4662,https://www.threads.com/@familymart_tw/post/DWvP7qGkm-E,這是因你而可愛,2026年4月5日 星期日 下午1:28,,,368,2,,2
corgi_olien,https://www.threads.com/@corgi_olien/post/DWt176YjxHp,"柯基
江湖在走 藍白拖要有🤣 #全家冰棒套 #柯基 1 / 2",2026年4月5日 星期日 上午12:23,,,8590,222,224,3970,https://www.threads.com/@familymart_tw/post/DWvEATAEq-C,踩著時尚的步伐👍,2026年4月5日 星期日 上午11:44,,,380,4,,2
q_i_0000,https://www.threads.com/@q_i_0000/post/DWqsM7AAUSj,"我發現把成語的大換成小 會有一種沒招了的萌感
小發雷霆",2026年4月3日 星期五 下午6:59,,,21000,482,911,2325,https://www.threads.com/@familymart_tw/post/DWtU3RuEop7,新的一年，祝你全家小吉小利,2026年4月4日 星期六 下午7:33,,,192,4,,
ming661010,https://www.threads.com/@ming661010/post/DWrNKt3kxgJ,跟兒子約好，若第二家全家19元冰棒特價仍缺貨，就是老天爺不讓你吃啦。2人趴在冰箱前一直找，終於找到這2根，哈哈哈。找的過程、有趣。門牙在換牙，只能歪著頭啃,2026年4月3日 星期五 下午11:47,,"Photo by Ming on April 03, 2026. May be an image of ice cream, gelato, lollipop and text. | Photo by Ming on April 03, 2026. May be an image of gelato, lollipop, strawberry and text. | Photo by Ming on April 03, 2026. May be an image of ice cream, lollipop and text.",27000,83,134,263,https://www.threads.com/@familymart_tw/post/DWrTkAhEjPZ,"真的很可愛，謝謝你們的吃冰日常溫暖了全家💚💙
方便的話請私訊小編，贈送霜淇淋給你們，祝兒童節快樂！吃冰快樂✨",2026年4月4日 星期六 上午12:43,,,3934,3,1,9
ykz._0630,https://www.threads.com/@ykz._0630/post/DWqbTJvkrif,我爸一直都是說「光臨」不是「歡迎光臨」 我問他為什麼這樣 是覺得很丟臉嗎 我爸湊到我耳邊「因為不歡迎。」,2026年4月3日 星期五 下午4:32,,,15000,58,259,1119,https://www.threads.com/@familymart_tw/post/DWrGALYEsBw,我們通常是說 鳥～緩～光臨,2026年4月3日 星期五 下午10:45,,,977,10,,8
wanna_tellu,https://www.threads.com/@wanna_tellu/post/DWqvw43AXno,"好生氣但又好好笑 我媽真的是機智少女 買了全家的冰棒襪回家 一轉身就被她拿去發揮創意了 她說很好用，不然她每次都要找抹布找老半天 小廢物大利用耶，不愧是媽麻
（但我買太多冰了，有被罵：））",2026年4月3日 星期五 下午7:30,,"Photo by 大家聽我說 on April 03, 2026. May be an image of dustpan, paper towel, bandage, salami, sharpener, spatula and text. | Photo by 大家聽我說 on April 03, 2026. May be an image of vacuum, steamer, water filter, kitchen appliance, coffee maker, air conditioner and text. | Photo by 大家聽我說 on April 03, 2026. May be an image of knit, sock, crochet and text.",2545,19,18,161,https://www.threads.com/@familymart_tw/post/DWq9Q8VErK9,這就是高級大人！！！！！,2026年4月3日 星期五 下午9:28,,,788,1,,6
nigo_woof,https://www.threads.com/@nigo_woof/post/DWoQgUpksmO,"一穿就上手 他真的好適合這個Style
#全家FamilyMart #冰友總動員",2026年4月2日 星期四 下午8:19,,"Photo by 𝐍𝐈𝐆𝐎® 澳洲牧羊犬 on April 02, 2026. May be an image of collie, corgi, sock, bandage and text. | Photo by 𝐍𝐈𝐆𝐎® 澳洲牧羊犬 on April 02, 2026. May be an image of corgi, collie, sock, bandage and text. | Photo by 𝐍𝐈𝐆𝐎® 澳洲牧羊犬 on April 02, 2026. May be an image of collie, corgi, sock and text.",2508,108,49,438,https://www.threads.com/@familymart_tw/post/DWpySefkvQ_,我不知道穿起來可以這麼優雅❤️,2026年4月3日 星期五 上午10:33,,,242,3,,2
yzxii.15,https://www.threads.com/@yzxii.15/post/DWoPQCtE7fc,"全家除了咖啡還有康普茶欸欸欸 咖啡比小時候那個聯名好喝多了 也便宜快一半哈哈哈哈 還有剛好國跟其的各買到一個ㄌ
我就是那種包裝上有田柾國的臉就買單的人😍 1 / 2",2026年4月2日 星期四 下午8:08,,"Photo by 宴 ᴢ on April 02, 2026. May be an image of bottle, hand cream and text. | Photo by 宴 ᴢ on April 02, 2026. May be an anime-style image of text.",377,12,2,54,https://www.threads.com/@familymart_tw/post/DWpyIlgks9c,💜,2026年4月3日 星期五 上午10:32,,,11,,,1
hey54tian,https://www.threads.com/@hey54tian/post/DWoN4XAFOJD,"臘腸狗
🐶：耶～我有新襪襪了 👩🏻：那個是冰棒套耶😆
看脆上的狗寶們穿起來是短襪 我們小腸穿起來怎麼變長襪🤣 可愛鼠了❤️",2026年4月2日 星期四 下午7:56,,"Photo by @hey54tian on April 02, 2026. May be an image of collie, Gordon setter, dachshund and text that says 'Family Family''. | Photo by @hey54tian on April 02, 2026. May be an image of dachshund, sock and text. | Photo by @hey54tian on April 02, 2026. May be an image of dachshund, sock and text.",4749,55,141,2256,https://www.threads.com/@familymart_tw/post/DWoZDjJAZUM,全家的藍白拖，是可以顯腿長的✨,2026年4月2日 星期四 下午9:33,,,434,2,,33
william_06.16,https://www.threads.com/@william_06.16/post/DWm76D8Ek7r,"line
教你如何避過line的行事曆化",2026年4月2日 星期四 上午7:59,,"Photo by William on April 01, 2026. May be an image of text that says '07:58 明仔載洞八北車集合 北車集合'.",7487,29,165,1361,https://www.threads.com/@familymart_tw/post/DWoRY0FAXMg,全家 夭拐洞洞 友善食光,2026年4月2日 星期四 下午8:26,,,193,,,7
starlove90811,https://www.threads.com/@starlove90811/post/DWnt3EwmS2u,"吉娃娃
這次全家冰棒襪套真的有夠可愛！！ 心不甘情不願的穿襪子🤣🤣 @familymart_tw",2026年4月2日 星期四 下午3:16,,"Photo by 已讀 on April 02, 2026. May be an image of chihuahua, bandage, sock and text. | Photo by 已讀 on April 02, 2026. May be an image of sock, blanket, bandage and text. | Photo by 已讀 on April 02, 2026. May be an image of chihuahua, corgi, sock, hospital and text.",33,3,,18,https://www.threads.com/@familymart_tw/post/DWoHXdogc8i,全家都跟木村拓哉同款💚💙,2026年4月2日 星期四 下午6:59,,,18,,,
yunru12,https://www.threads.com/@yunru12/post/DWoDuddidxZ,"貓咪日常
整個冷凍庫的冰棒換來全家小襪襪，貓主子穿上超可愛，無奈主子一臉不爽，結果只撐了3秒鐘….立刻踢飛…..🤪",2026年4月2日 星期四 下午6:27,,"Photo by Yun-ru Huang on April 02, 2026. May be an image of tortoiseshell cat, kitten, sock, bandage and text. | Photo by Yun-ru Huang on April 02, 2026. May be an image of tortoiseshell cat, Abyssinian cat, kitten, sock and text. | Photo by Yun-ru Huang on April 02, 2026. May be an image of welcome mat, eraser, carpet, dental floss, beanbag chair, bathmat and text. | Photo by Yun-ru Huang on April 02, 2026. May be an image of Christmas stocking, sock, crochet and text. | Photo by Yun-ru Huang on April 02, 2026. May be an image of sock, potholder and text that says 'FamilMart FamilyMart Famil :b..M-rt FamilyMart milyMa Family Mart FamilyMart ilyMar Fam FamilvMart 小前 Mart'. | Photo by Yun-ru Huang on April 02, 2026. May be an image of chocolate bar, wafer and text.",92,11,1,4,https://www.threads.com/@familymart_tw/post/DWoHPq2gXo1,拖鞋不要亂丟！！！😆,2026年4月2日 星期四 下午6:58,,,41,1,,
mpumaster,https://www.threads.com/@mpumaster/post/DWnsQ2zkWL5,這是一隻剛學走路的貓貓,2026年4月2日 星期四 下午3:03,,,787,14,18,431,https://www.threads.com/@familymart_tw/post/DWoGv64ATX_,只肯穿一腳的貓,2026年4月2日 星期四 下午6:53,,"Photo by 全家便利商店_台灣 on April 02, 2026. May be an image of Abyssinian cat, kitten, tortoiseshell cat, sock, bandage and text.",66,,,4
cmyk_ss,https://www.threads.com/@cmyk_ss/post/DWnmgffgdq3,"全家
黑柴的藍白拖已入手✅ 真的被全家的冰棒襪套可愛鼠！！ （腸胃空間預算不足 只能先買前兩腳） 1 / 2",2026年4月2日 星期四 下午2:12,,"Photo by 𝓲🦋 on April 01, 2026. May be an image of sock and text. | Photo by 𝓲🦋 on April 01, 2026. May be an image of sock and text. | Photo by 𝓲🦋 on April 01, 2026. May be an image of sock and text.",6103,104,150,5386,https://www.threads.com/@familymart_tw/post/DWnt_j5AUm3,吼唷❤️,2026年4月2日 星期四 下午3:17,,,175,1,,17
wanna_tellu,https://www.threads.com/@wanna_tellu/post/DWliS9lAdVn,真的沒在開玩笑！ 全家跟鮮乳坊出的這個布丁超好吃 很像在日本吃到的味道 吃完一個後又趕快跑回樓下全家買三個囤 買不到布布的人可以直接買這個了！ 根本寶藏布丁,2026年4月1日 星期三 下午6:56,,"Photo by 大家聽我說 on April 01, 2026. May be an image of text. | Photo by 大家聽我說 on April 01, 2026. May be an image of caramel and text.",5706,55,179,6168,https://www.threads.com/@familymart_tw/post/DWnth6TgQ0w,真的超好吃，我目前吃過最好吃的布丁,2026年4月2日 星期四 下午3:13,,,127,1,,3
im49.sw,https://www.threads.com/@im49.sw/post/DWlnbdOE4p_,很搭！很搭！🦄 1 / 2,2026年4月1日 星期三 下午7:41,,"Photo by 49 on April 01, 2026. May be an image of toy, wafer, candy and text.",730,34,7,100,https://www.threads.com/@familymart_tw/post/DWnpKYQgY6f,搭！,2026年4月2日 星期四 下午2:35,,"Photo by 全家便利商店_台灣 on April 01, 2026. May be an image of popcorn, wafer and text that says 'POPCORNERS POP CORNERS 非油作 POPCORNEP 人爆米花脆片 爆米花脆片 OLP 海 04/01-0 非油炸 果米花脆片 POPCORNE POR & SALTY SWEET 鹹甜口味 SpAcieia DANGER INFINITY &BEYOND! 000 CAA 特油炸 RDARTIFICIAL 人工目管添加 OLORSOR PRES 防腐劑 人工色素/防腐劑 人工日禁的最門 人工色费 無添加 RESERVATIVES 魔电必'.",24,1,,1
lily___1216,https://www.threads.com/@lily___1216/post/DWlW1W8D-ZQ,"全家
剛好買到古娃娃新出的冰棒口味 紅心芭樂永遠不會出錯，真的很好吃！！ 綠茶香+紅心芭樂的內餡=100分 很清爽 超愛😍😍 另外一個水蜜桃的也不錯～ （水蜜桃味道不會太假）",2026年4月1日 星期三 下午5:16,,"Photo by 黃文怡🍪ℓιℓу on April 01, 2026. May be an image of durian and text. | Photo by 黃文怡🍪ℓιℓу on April 01, 2026. May be an image of gelato, melon, icecream cone and text. | Photo by 黃文怡🍪ℓιℓу on April 01, 2026. May be an image of gelato, wafer, durian and text.",1618,12,46,1693,https://www.threads.com/@familymart_tw/post/DWnUgpLgUOI,ㄅ級分冰棒,2026年4月2日 星期四 上午11:34,,,41,1,,1
jr_ksupfe,https://www.threads.com/@jr_ksupfe/post/DWkzyLoj8Rw,"全家
免費送玩具總動員娃包 也太可愛了吧！ 五個角色 是可以自己挑款的 放進我喜歡的布丁狗 真的可愛到不行！",2026年4月1日 星期三 下午12:10,,"Photo by ʀᴜɪ  超商 連鎖 高雄(南部美食)♀ on March 31, 2026. May be an image of text.",3499,87,98,6352,https://www.threads.com/@familymart_tw/post/DWnUbsVAYRG,資料夾設計超好用✨,2026年4月2日 星期四 上午11:34,,,41,,,8
kevinmwlee,https://www.threads.com/@kevinmwlee/post/DWi4QCckeRB,"冰棒套
剛剛逛全家⋯看到架上的冰棒套⋯
冰棒套是什麼？ 是要套在哪？ 為何要套？ 是誰需要這東西⋯？ 真的很多疑問🤔",2026年3月31日 星期二 下午6:11,,"Photo by Kevin Lee on March 31, 2026. May be an image of paper towel, vending machine, carton and text.",9669,348,118,3066,https://www.threads.com/@familymart_tw/post/DWl25Z1kjVo,沒人跟我說滑脆看留言 會被自己的商品可愛到,2026年4月1日 星期三 下午9:56,,,4347,5,,8
rosewei_513,https://www.threads.com/@rosewei_513/post/DWlWeUvk9I9,快看 我同事全家神人 最近在飲控 用Word檔整理每天可以搭配的餐 每天輪著吃 還有附熱量和蛋白質 乾真的太屌了 要幫她好好宣傳一下 我有時候也會參考她的菜單來吃 真的到下午會比較有精神 不會暈碳 1 / 2,2026年4月1日 星期三 下午5:13,,"Photo by 張皓爲 on April 01, 2026. May be an image of office and text. | Photo by 張皓爲 on April 01, 2026. May be an image of poster, clipboard, office and text.",12000,337,1018,6619,https://www.threads.com/@familymart_tw/post/DWlpX7nknQg,怎麼可以只拍一部份（急,2026年4月1日 星期三 下午7:58,,,1803,10,4,7
foody_tw,https://www.threads.com/@foody_tw/post/DWh8ph4EtdD,"愚人節
已經準備好備戰愚人節了！！ 還有蝦味先奶茶我真的笑死😆",2026年3月31日 星期二 上午9:30,,"Photo by Foody 吃貨 on March 30, 2026. May be an image of kitchenware and text that says '清心福全 荔枝白飲品i 荔枝白飲品 4/1 當日限定 60元/杯 芳醇清甜的荔枝果擬與Q彈白玉珍 珠巧妙融合， 珠巧妙融合，限定白色珍珠奶茶。 限定白色珍珠奶茶。 再送拉拉褲杯套」，幫你的飲料穿 再送 拉拉褲杯套」 幫你的飲料穿 上小褲褲。'. | Photo by Foody 吃貨 on March 30, 2026. May be an image of ‎smoothie, mango, juice and ‎text that says '‎統一布丁 焦糖出走咘布 統一布丁 开 統 布丁 は 第一个聞 ዳስ าลัก קיקת RESIDENT ITERPRISES RW COAP 4/1起 起 7-11限定 18元/顆 焦糖離家出走了嗎？！ 太QQ彈彈了啦！‎'‎‎. | Photo by Foody 吃貨 on March 30, 2026. May be an image of text that says '老江紅茶牛奶 聯名蝦味先套餐 老江超蝦套餐 這組合太蝦趴！ NEW 超蝦蛋沙拉吐司 超蝦趴組合！ 合！老江x蝦味先聯手打 4/1~ 4/1～4/8 41~48造超臺餐」，娛董好喝紅茶/奶 4/8 造 「超蝦套餐」， 套餐」，蝦蓋好喝紅茶/ 杀把國民零食變飲料你OK嗎？'. | Photo by Foody 吃貨 on March 30, 2026. May be an image of bread and text that says '7-11 豬血糕 芝麻風味奶茶 T-ELEVEN 芝麻奶磚？豬血糕？ 芝麻奶磚？ 豬血糕？ 4/1起 力起花生粉？還是抹茶粉？ 花生粉？ 生粉?還是抹茶粉？ 真的被騙了！ 居然是滑順濃香芝麻奶茶!'. | Photo by Foody 吃貨 on March 30, 2026. May be an image of tofu, pie and text that says '肯德基 香菜蛋塔 尋野 ス茶 3/31~4/13 +/13 頂層銷滿多力多滋香菜餅乾脆片， 限定販售 限定販售内館充滿流心香菜風味醬。 内餡充滿流心香菜風味醬。'. | Photo by Foody 吃貨 on March 30, 2026. May be an image of ‎tea and ‎text that says '‎翡子茶 你珍的粉皮 你珍的粉皮, رزا 皮蛋跟奶茶都是經典台灣口味 博口商站皮蛋跟奶茶都是經典台灣口味， 組 4/1當日限定 88元/杯 88: 合一起，這樣是好吃還是好喝 合一起， 這樣是好吃還是好喝 呢？！ 呢？！‎'‎‎. | Photo by Foody 吃貨 on March 30, 2026. May be an image of ‎poster and ‎text that says '‎可不可紅茶 國王奶茶 现王 周王奶奇 جز ИKE 可不可国康面行 奶齐 The King's Milk MilkTea Tea 限時 限量 時 限量 量 SEACRMFIN, -O- Q EBUK B B U KKИMAИE $5 $ 可不可以 《國王的新衣》 可不可以《國王的新衣》為靈感， 為靈感， 4/當日限定推出0糖、奶、○咖啡因、○0F 4/1 當日限定 推出 推出O糖、 推出0糖、0奶、 出0糖、0奶、0咖啡因、O茶 0糖、 0奶、 0咖啡因 0茶、 $5/杯 o熱量奶茶!號稱是地表最輕盈。 0熱量奶茶 號稱是地表最輕盈。 這杯奶茶味道取決於你的想像力！‎'‎‎. | Photo by Foody 吃貨 on March 30, 2026. May be an image of vegetable, pot and text. | Photo by Foody 吃貨 on March 30, 2026. May be a cartoon of poster and text that says '爭鮮 盲盒壽司開箱 爭鲜團爭鮮 爭鮮 爭鮮 愚你相遇 相遇 3.30.4.01 三 3.30 一 4.01 起味無限套 無限等你來揭曉 3/30至4/1 30元盲盒直接開！ 沒有名稱、 沒有名稱、沒有提示 沒有提示 只有圖案，沒有答案 只有圖案， 沒有答案 你敢挑戰嗎？'. | Photo by Foody 吃貨 on March 30, 2026. May be an image of ‎soap and ‎text that says '‎全聯 猜不透果凍杯/ 猜不透果凍杯 We Sweet ធធាា្ 猜不透 有效日期 2026/04/05 2c2026/04/05 4/05 ل> 感放習、 知希止 刻箱上成舒織 成舒放> [愚人節限定 3/27~4/9 猜不透果凍杯 45元/包 全聯WeSweet推出愚人節限定 全聯We Sweet 推出愚人節限定 新品 新品「猜不透」，以秘密果凍讓你调 名「猜不透」，以 「猜不透」 以秘密果凍讓你猜 出口味！ 一包兩入口味，你能猜中嗎？ 一包兩入口味 你能猜中嗎？‎'‎‎.",4621,63,208,8300,https://www.threads.com/@familymart_tw/post/DWlfAqUEmAi,我們的M3 Hotdog怎麼沒有,2026年4月1日 星期三 下午6:28,,"Photo by 全家便利商店_台灣 on April 01, 2026. May be an image of sausage and text.",160,1,3,7
taiwan__b,https://www.threads.com/@taiwan__b/post/DWgs5TwCXPP,《Bの日常》B告示,2026年3月30日 星期一 下午9:53,,"Photo by B級台湾 on March 30, 2026. May be an image of fish and text that says '吐沙中 勿摄 勿 擾'. | Photo by B級台湾 on March 30, 2026. May be an image of signboard, banner and text. | Photo by B級台湾 on March 30, 2026. May be an image of ticket stub, crossword puzzle, calendar, scrabble and text. | Photo by B級台湾 on March 30, 2026. May be an image of wind chime and text. | Photo by B級台湾 on March 30, 2026. May be an image of vending machine, bus and text that says '禁 禁口 下 林 O 築謝 止謝 安 謝 止 築 现 大ん 謝 《< I1 果 笑 北區50嵐 我們理找'. | Photo by B級台湾 on March 30, 2026. May be an image of signboard and text.",9996,85,909,1346,https://www.threads.com/@familymart_tw/post/DWlbMQJEt72,F 告示,2026年4月1日 星期三 下午5:54,,"Photo by 全家便利商店_台灣 on April 01, 2026. May be an image of hotdog, bread, sausage and text that says 'FamilyMart 哈運堡 感惠事 大口熱息！ 正確哈逗堡 結帳指南 ChL ហក្ម្ពជ 建議的擺放範例 下方六張圖為不太建議的範例 下方六張圖 為不太建議的範例 裸體示人 x 養樂狗 跟堡唱反調 行駛列車 熱狗蛋堡 以假亂真'.",34,,,2
aiden_33.77,https://www.threads.com/@aiden_33.77/post/DWfxgagkc05,還有什麼更奇葩的WiFi密碼..❓,2026年3月30日 星期一 下午1:14,,"Photo by 宸宸 on March 29, 2026. May be a doodle of slow loris and text that says '已讀 已讀 下午1：09 你家WiF 你家WiFi密碼是多少？ xyymyynyyfyylyyrmmhtlhtl 下午1：11 已讀 下午1：11 不自已議蛤 蛤 已讀 下午1：12 這麼長你怎麽記得住 喜羊羊美羊羊暖羊羊洗羊羊燥羊羊軟綿綿 紅太狼灰太狼 下午1：13 nЛ'.",10000,126,306,2058,https://www.threads.com/@familymart_tw/post/DWlbBv9Er9N,這裡也推薦一個很好記的： dan-dan-dandandan-dandan-dandandandan-dandan-dandan-dandan-dandan,2026年4月1日 星期三 下午5:53,,,1451,12,2,71
yuling34,https://www.threads.com/@yuling34/post/DWkxm5hibnv,"道歉聲明
大家好，我是邊荷律。 首先，現在才這樣告訴大家，真的很抱歉。 其實我一直以來都對大家隱瞞了一切。 真的很抱歉。 一開始並不是故意想隱瞞。 但是誤會慢慢變成傳聞，等到我想解釋的時候，事情早就已經一發不可收拾，我很害怕。 拜託大家能理解我的苦衷… 其實……我一點都不可愛。 我是一個很性感的人。
民國115年4月1日 邊荷律 敬上",2026年4月1日 星期三 上午11:51,,,120000,1651,1236,6043,https://www.threads.com/@familymart_tw/post/DWk0ZwDEoYX,我們也一直隱瞞大家一件事… 我們知道你就是性感又可愛的人,2026年4月1日 星期三 下午12:15,,,10000,16,4,56
leas_wonderland,https://www.threads.com/@leas_wonderland/post/DWiTXU0FM5_,中午吃燒臘 不小心看到老闆的小抄,2026年3月31日 星期二 下午12:48,,"Photo by Lea 蕾雅♡美食旅遊打卡Wonderland🌈 on March 30, 2026. May be an image of text.",100000,1499,3815,20000,https://www.threads.com/@familymart_tw/post/DWkufCVkk56,飛牡蠣馬特簽到 在廚房待到太熱 可以來吃我們的發咪愛死,2026年4月1日 星期三 上午11:24,,,126,,,1
npm_south,https://www.threads.com/@npm_south/post/DWki0j6CSmz,愚人節又怎樣，我說到做到，真心不騙 4/3-4/6，帶12歲以下小寶貝來我家，全家免費 (我不管你家有多少人，全部都免費) 1 / 2,2026年4月1日 星期三 上午9:42,,,933,52,21,53,https://www.threads.com/@familymart_tw/post/DWkk2erEt_k,全家🙋🏻‍♂️,2026年4月1日 星期三 上午10:00,,,84,2,,
bettermilk.tw,https://www.threads.com/@bettermilk.tw/post/DWjlNv3lHwC,"今天是愚人節， 哞想跟大家說： 哞才沒有想要出布丁～🍮
＼＼\\٩( 'ω' )و //／／ 1 / 2",2026年4月1日 星期三 上午12:43,,,83,28,1,,https://www.threads.com/@familymart_tw/post/DWkhVddElHM,這是我吃過最好吃的布丁,2026年4月1日 星期三 上午9:29,,,15,1,,
shopee_tw,https://www.threads.com/@shopee_tw/post/DWkeFk_mEmy,今天愚人節 老闆叫我去上班 我是不會被騙的,2026年4月1日 星期三 上午9:00,,,3949,142,60,121,https://www.threads.com/@familymart_tw/post/DWkgrWzktRI,我喜歡你,2026年4月1日 星期三 上午9:23,,,586,8,,4
zshiang_,https://www.threads.com/@zshiang_/post/DWiokEXgQUU,"冰棒表示：我不會冷呀
#冰棒套#全家新品#全家冰品 #冰棒 #全家限定",2026年3月31日 星期二 下午3:54,,,3722,58,72,4681,https://www.threads.com/@familymart_tw/post/DWjQphWkgkX,有一種冷就是我覺得你會冷,2026年3月31日 星期二 下午9:44,,,127,1,,3
_ching818,https://www.threads.com/@_ching818/post/DWgWvwSk_Rg,本來想減肥的 但今天是我右腳襪子生日 1 / 2,2026年3月30日 星期一 下午6:39,,"Photo by ☀️企歐邱 on March 30, 2026. May be an image of steak, ramen, beef, vegetable, pork and text.",75000,555,2121,8815,https://www.threads.com/@familymart_tw/post/DWjObAskvYB,我明天要賣冰棒的襪子,2026年3月31日 星期二 下午9:24,,"Photo by 全家便利商店_台灣 on March 31, 2026. May be an image of smoothie, milk, strawberry, juice and text that says '1သ 2020 요맘때 Strauberry - Fa'.",484,2,,7
__tingjia.zhang__,https://www.threads.com/@__tingjia.zhang__/post/DWijf5jEvwr,"全家新品
全家竟然送冰棒襪套！ 冰棒也會怕冷🤣出頭真的很多欸 但是好可愛喔 這波必須衝🤩 1 / 2",2026年3月31日 星期二 下午3:09,,"Photo by 庭嘉Tim🇹🇼 台中•彰化美食｜超商｜好物｜新品優惠｜ on March 31, 2026. May be an image of juice, hand cream, lemonade, bottle, water bottle and text.",313,5,5,318,https://www.threads.com/@familymart_tw/post/DWjIyqnktxr,,2026年3月31日 星期二 下午8:35,,"Photo by 全家便利商店_台灣 on March 31, 2026. May be an image of toy, sock and text.",46,1,,1
mumupom,https://www.threads.com/@mumupom/post/DWiPfdVGPuX,全家發現BTS聯名咖啡💜$45 1 / 2,2026年3月31日 星期二 下午12:14,,"Photo by 𝐌𝐮 on March 30, 2026. May be an image of bottle and text. | Photo by 𝐌𝐮 on March 30, 2026. May be an image of drink and text.",2683,49,46,1472,https://www.threads.com/@familymart_tw/post/DWinRe6ksi1,💜💜💜,2026年3月31日 星期二 下午3:42,,,41,,,1
wacookiesofficial,https://www.threads.com/@wacookiesofficial/post/DWV_C_hiVls,"對 你沒有看錯 我們又出新的雪糕XD 謝謝大家的喜愛🥹 已經看到好多人買回家啦！！
除此之外，先跟大家預告 這兩支雪糕下週也會在全家便利商店出現 另外還有😎新的兩款飲品也會一同在全家販售！
來！下週三，我們手牽手去全家買😆",2026年3月26日 星期四 下午6:00,,"Photo by WA!COOKIES on March 26, 2026. May be an image of gelato, wafer and text that says '蜜桃山茶花風味 金萱奶蓋雪糕 雪糕 Peach Peach&CamelliaFlaver & Camellia & Flawon'. | Photo by WA!COOKIES on March 26, 2026. May be an image of gelato, melon and text that says '紅心芭樂 茉綠奶蓋雪糕 Red Grwawa Guano&DaymineGreemTer wa&Jarmine Gneen Tea & Lasmine Green'. | Photo by WA!COOKIES on March 26, 2026. May be an image of text that says '蜜桃山茶花風味金萱 有效日期 拉開 WATEENKIER WAICOOKIES WA!COOKIES 蜜桃山茶花燥金萱 否甜水蜜桃X金董茶菜萃取 限定 果汁含量<10% 販售 圖片僅供金考 香甜水蜜桃X金萱茶葉萃取 香甜水蜜桃， 金萱茶葉萃取'. | Photo by WA!COOKIES on March 26, 2026. May be an image of pomelo and text.",7875,42,371,7732,https://www.threads.com/@familymart_tw/post/DWiieMiEsya,就是明天✨手牽手來全家！,2026年3月31日 星期二 下午3:00,,,70,1,,24
turnipcakegoodgoodeat,https://www.threads.com/@turnipcakegoodgoodeat/post/DWgghlqknqr,"全家超商拌飯 給到ㄅ級分！！！ 麻藥蛋的蛋黃ㄅㄅㄅㄅㄅ級分！！！
麻藥蛋+韓式雞胸+鮪魚飯糰 熱量509.6、蛋白質47.5 長得不好看但超好吃😭",2026年3月30日 星期一 下午8:05,,"Photo by Wendy Su on March 30, 2026. May be an image of petfood, durian and text. | Photo by Wendy Su on March 30, 2026. May be an image of ramen, egg yolk, poached egg, seaweed, soy sauce, boiled egg and text. | Photo by Wendy Su on March 30, 2026. May be an image of smoked salmon, salmon, seaweed, rice and text.",1621,12,49,846,https://www.threads.com/@familymart_tw/post/DWiN2DZEgdZ,這就是傳說中的ㄅ級分拌飯,2026年3月31日 星期二 下午12:00,,,60,1,,
lupeipei2025,https://www.threads.com/@lupeipei2025/post/DWhzsMFE8x4,水煮蛋你在哪裡？ ￼為什麼我沒把你帶出門,2026年3月31日 星期二 上午8:11,,"Photo by Penny♥️ on March 30, 2026. May be an image of minions, banana, plantains, napkin, fruit cocktail and text that says 'തോக ឌ urそ B 後退一先 는 独退 Ctri+ Ctri Cui+ Shift Shift Ctri+ Alt Ctri+Enter 選取 최모 消選取 甘禁換 磁上移 扁組 编組 最安心的美味 台慶57號 全承 豊57號 現烤最芬 怎推薦！美味 2入/袋'.",45,21,1,,https://www.threads.com/@familymart_tw/post/DWh5lHBkmHK,我也沒帶滑鼠出門,2026年3月31日 星期二 上午9:03,,"Photo by 全家便利商店_台灣 on March 30, 2026. May be an image of water bottle, laptop and text.",66,3,,
xinyixo_,https://www.threads.com/@xinyixo_/post/DWfl_GyGg1-,如果你走在路上 突然遇見了小時候的自己 背著書包擦肩而過 你會對他說什麼 1 / 2,2026年3月30日 星期一 上午11:33,,,47000,5183,1503,2081,https://www.threads.com/@familymart_tw/post/DWg3Mxpkk_7,你書包拉鍊沒拉,2026年3月30日 星期一 下午11:23,,,3017,4,1,22
0501_betty.33,https://www.threads.com/@0501_betty.33/post/DWf0vqaj8nQ,都說爛桃花是上輩子的情債 我他媽的上輩子是去逛青樓了嗎 還辦了卡的那種 1 / 2,2026年3月30日 星期一 下午1:42,,,64000,620,3781,12000,https://www.threads.com/@familymart_tw/post/DWgj-wjksFt,發票存會員嗎？,2026年3月30日 星期一 下午8:35,,,964,6,,6
mimyubibu0310_vtuber,https://www.threads.com/@mimyubibu0310_vtuber/post/DWdwJkykare,"我們家剛剛發生一件事…
每個人都想給彼此驚喜， 所以都偷偷去買烤雞，誰都沒說！
結果—— 現在桌上有5隻烤雞！！！
4個人1隻狗 我們沉默了三秒…
狗沒有…他很開心！！！🐶",2026年3月29日 星期日 下午6:24,,,45000,407,172,771,https://www.threads.com/@familymart_tw/post/DWgfAfckoGa,等等，請問你家變成數學上會出現的考題了嗎？,2026年3月30日 星期一 下午7:52,,,446,,,1
m1lliy_,https://www.threads.com/@m1lliy_/post/DWdWN6Xk6gY,出淤泥而全身塗抹均勻,2026年3月29日 星期日 下午2:37,,,150000,4078,19000,43000,https://www.threads.com/@familymart_tw/post/DWf7ftsEq3o,庭院深深深幾許 全家登登登登登登登登～🎵,2026年3月30日 星期一 下午2:41,,,2048,14,10,46
god06011,https://www.threads.com/@god06011/post/DWfQ2BWj5Jl,全家又在搞創意了 居然來個👉🏻冰棒套🤣 有4款！ 藍白拖跟貓咪款很讚耶 好像可以給貓貓 狗狗當襪子？ 4/1開始～ 1 / 2,2026年3月30日 星期一 上午8:29,,,4068,113,61,6057,https://www.threads.com/@familymart_tw/post/DWfuiM-EuSZ,我要讓我的貓穿上藍白拖,2026年3月30日 星期一 下午12:48,,"Photo by 全家便利商店_台灣 on March 29, 2026. May be an image of Abyssinian cat, kitten, tortoiseshell cat, sock, bandage and text.",10000,37,135,5606
yicc___,https://www.threads.com/@yicc___/post/DWd1J-4AXuA,17歲用人生第一份薪水請全家吃飯😎 1 / 2,2026年3月29日 星期日 下午7:07,,"Photo by 伊橋 on March 29, 2026. May be an image of hot pot, fondue, pot, buffet and text. | Photo by 伊橋 on March 29, 2026. May be an image of ticket stub, napkin and text.",67000,1029,154,258,https://www.threads.com/@familymart_tw/post/DWfuZaqkg1k,謝謝，你真棒,2026年3月30日 星期一 下午12:47,,,12000,64,8,70
zer0.isme,https://www.threads.com/@zer0.isme/post/DWdBDLwEfM8,蓋個尷尬樓— ㅤ 我先👇🏻 之前去補辦身分證的時候 櫃台說要身份證件 然後我無意間掏出了身分證。,2026年3月29日 星期日 上午11:32,,,110000,6926,5175,30000,https://www.threads.com/@familymart_tw/post/DWflPL3Esv7,沒事的，我們也常需要做很多杯熱的大冰拿,2026年3月30日 星期一 上午11:27,,,21000,75,48,357
winsomemoney.888,https://www.threads.com/@winsomemoney.888/post/DWdqvIekxC2,"全家
全家版拌飯 麻藥蛋取代茶葉蛋 醬汁完美解決太乾的困擾 超級讚🤩",2026年3月29日 星期日 下午5:36,,"Photo by 買在最低點 🍉| 超商 全聯 優惠 新品 好物 on March 29, 2026. May be an image of tofu, crackers, tea, seaweed, soy sauce and text. | Photo by 買在最低點 🍉| 超商 全聯 優惠 新品 好物 on March 29, 2026. May be an image of poached egg, ramen, tofu, egg yolk, soy sauce, seaweed, bowl and text.",1711,6,58,637,https://www.threads.com/@familymart_tw/post/DWdrOStkupe,ㄅ級分拌飯,2026年3月29日 星期日 下午5:41,,,55,,,
iampun2,https://www.threads.com/@iampun2/post/DWba1TnCZEO,"全家
經過兩間全家發現招牌都沒亮 想說今天是不是世界熄燈日 一查真的！今天是世界熄燈日 20:30-21:30熄燈一小時 好喜歡全家這樣做環保表率",2026年3月28日 星期六 下午8:39,,"Photo by 我是乓乓（ㄆㄤ） on March 28, 2026. May be an image of signboard, cash machine, newsstand, street, buildings and text.",426,11,2,3,https://www.threads.com/@familymart_tw/post/DWbing6Ej3B,關燈做永續，全家都有關💚💙,2026年3月28日 星期六 下午9:47,,,381,2,,
linbobao_0425,https://www.threads.com/@linbobao_0425/post/DWYzVdwAN7C,史上最短距離的便利商店 1 / 2,2026年3月27日 星期五 下午8:16,,,46000,3036,229,1352,https://www.threads.com/@familymart_tw/post/DWaiDZ8kmWE,全家就是你家，以這距離應該算是你室友,2026年3月28日 星期六 下午12:23,,,2080,3,2,3
23w__23w,https://www.threads.com/@23w__23w/post/DWQRt9PADV7,"你20歲開BMW 他30歲開Benz
分享你開什麼
我6:30開賣麵線 1 / 2",2026年3月24日 星期二 下午12:48,,,18000,5054,72,550,https://www.threads.com/@familymart_tw/post/DWY2Gt9klMb,25號 開出千萬發票,2026年3月27日 星期五 下午8:39,,,297,3,1,2
packigo_tw,https://www.threads.com/@packigo_tw/post/DWTNgaFE_R-,"昨天去超商買了杯酷冰沙！ 做包材的職業病又發作🤣 拿到的第一件事不是喝，是先看杯子👀
不知道大家有沒有發現， 很多做滿版設計的飲料杯， 杯底幾乎都會做留白大約3-5mm！ 不是印刷沒印到，是有原因的😆 大家猜猜看為什麼？
但如果真的很堅持要做「完全滿版」 也可以！但會有一些事項要留意😣 1 / 2",2026年3月25日 星期三 下午4:08,,,9290,273,195,300,https://www.threads.com/@familymart_tw/post/DWYaKlREgWV,"其實還有另一個原因，就是我們的設計師一邊做酷繽沙包裝，一邊放搖籃曲給小孩聽，結果聽到自己也睡著，杯底部分就沒設計到，不小心留了白。
留了白 lullaby (n.) 搖籃曲",2026年3月27日 星期五 下午4:35,,,23000,49,248,1128
7788_no9,https://www.threads.com/@7788_no9/post/DWUAFtnk-rJ,"狸想世界
靠夭 我才剛拿到欸
掉地上 尾巴找不到了 🫠 1 / 2",2026年3月25日 星期三 下午11:30,,"Photo by R天 on March 25, 2026. May be an image of toy, cup and text.",5794,45,28,448,https://www.threads.com/@familymart_tw/post/DWYRv-jEreC,🦎🦎🦎 🪵🪵🪵,2026年3月27日 星期五 下午3:22,,,235,,,
s3beautystore,https://www.threads.com/@s3beautystore/post/DWVNIvUiTNl,你的公司名稱倒過來念是什麼,2026年3月26日 星期四 上午10:44,,,25000,1590,440,3296,https://www.threads.com/@familymart_tw/post/DWV58TUkuBp,ʇɹɐWʎןı̣ɯɐℲ,2026年3月26日 星期四 下午5:15,,,10000,28,43,139
a0968297311,https://www.threads.com/@a0968297311/post/DWVN0GPmhUM,椒麻雞胸真的很好吃(⁠*⁠´⁠ω⁠｀⁠*⁠) 鮪魚飯糰+茶葉蛋+雞胸肉+生菜(⁠｡⁠•̀⁠ᴗ⁠-⁠)⁠✧,2026年3月26日 星期四 上午10:50,,"Photo by 林育安 on March 25, 2026. May be an image of tea, food and text. | Photo by 林育安 on March 25, 2026. May be an image of poached egg and text.",189,1,2,26,https://www.threads.com/@familymart_tw/post/DWVSSgHEovr,生菜！！！又多了一個層次,2026年3月26日 星期四 上午11:29,,,26,,,
888koc,https://www.threads.com/@888koc/post/DWGvoTJE7lS,"熱的鮪魚飯糰+茶葉蛋+雞胸肉 超好吃😍😈
今天不知道看到誰發的文章 這樣吃真的超酷🤣 1 / 2",2026年3月20日 星期五 下午7:57,,"Photo by 斯斯༟ ͟͟͞♡ on March 20, 2026. May be an image of durian, boiled egg and text. | Photo by 斯斯༟ ͟͟͞♡ on March 20, 2026. May be an image of food and text.",9675,155,405,4488,https://www.threads.com/@familymart_tw/post/DWVSE4LkvGb,這次，就是要拌！！！,2026年3月26日 星期四 上午11:27,,,73,,,
tszz11.___,https://www.threads.com/@tszz11.___/post/DWT_IjJEoWM,拜託你們都去把雞胸肉、茶葉蛋、飯糰拌在一起 超級好吃真的而且很療癒！！可以再加一些料！ 真的沒有在騙人 脆友說的是真的😍,2026年3月25日 星期三 下午11:22,,"Photo by Tиии ( ꪔ̤ ) on March 25, 2026. May be an image of tofu, seaweed, boiled egg and text. | Photo by Tиии ( ꪔ̤ ) on March 25, 2026. May be an image of tofu, seaweed, egg and text.",12000,99,465,6853,https://www.threads.com/@familymart_tw/post/DWVR0JzksZf,拌或不拌，這波只能選擇拌❤️,2026年3月26日 星期四 上午11:25,,,215,1,,3
kao199833,https://www.threads.com/@kao199833/post/DWTUvQ5GRpW,中午買的米粉湯 想說放著晚點再處理 結果不小心把香蕉燙到烤蕉了 1 / 2,2026年3月25日 星期三 下午5:12,,"Photo by Sara on March 25, 2026. May be an image of grocery bag, fruit cocktail, plastic bag, banana, plantains and text. | Photo by Sara on March 25, 2026. May be an image of banana, plantains, fruit cocktail and text.",32000,188,360,2542,https://www.threads.com/@familymart_tw/post/DWVQf8Lkk8B,🍌：你壓到我的腳了,2026年3月26日 星期四 上午11:13,,,4500,12,,65
meitsutang,https://www.threads.com/@meitsutang/post/DWS2O32gc_k,"零食分享
我：我可以全部買完嗎？ 全家店員：買完買完盡量買，這只有妳買~ 我：？？？ ！！！怎麼可能？成份很單純耶！",2026年3月25日 星期三 下午12:45,,"Photo by Melinda Tang on March 24, 2026. May be an image of durian, bread, longan and text.",9959,490,164,2442,https://www.threads.com/@familymart_tw/post/DWVGGB2khbq,這款不是限量，但今天只限你💚💙,2026年3月26日 星期四 上午9:42,,,1329,7,,10
husk.7748,https://www.threads.com/@husk.7748/post/DWRSKcOj6wF,"你們來回答
青春沒有售價，__ __ __ __ __ __ __ 1 / 2",2026年3月24日 星期二 下午10:11,,,33000,3884,646,2628,https://www.threads.com/@familymart_tw/post/DWT5hpfkmL9,青春沒有售價，手機會員條碼,2026年3月25日 星期三 下午10:33,,,1376,4,8,32
npm_south,https://www.threads.com/@npm_south/post/DWSvcavCUI6,4/3-4/6連假，帶12歲以下小寶貝來我家玩，全家免費 1 / 2,2026年3月25日 星期三 上午11:46,,,11000,232,58,771,https://www.threads.com/@familymart_tw/post/DWTq9Laktu_,我免費嗎,2026年3月25日 星期三 下午8:26,,,36000,83,84,683
chien_.ooa,https://www.threads.com/@chien_.ooa/post/DWS2gongWhK,"幫你們試過了 這波給到夯 超好吃 瘋掉
滑脆真的有很多驚喜 1 / 2",2026年3月25日 星期三 下午12:48,,"Photo by s͟f͟c͟h͟¹ ⁹ on March 24, 2026. May be an image of plastic bag and text. | Photo by s͟f͟c͟h͟¹ ⁹ on March 24, 2026. May be an image of egg and text.",53000,467,2517,22000,https://www.threads.com/@familymart_tw/post/DWThke4EhsQ,全家人必須看,2026年3月25日 星期三 下午7:04,,,154,1,,1
dake_3.3,https://www.threads.com/@dake_3.3/post/DWQcck_GjTW,"女友開始滑脆後 回我""不能"" 變成貼麥香 後來才理解她是回我韓文的不能「ㄤ ㄉㄟˊ」 因為…韓文的不能是「ㄤ ㄉㄟˊ」 紅茶的台語也是「ㄤ ㄉㄟˊ」 買尬連韓文都要諧音...😫",2026年3月24日 星期二 下午2:21,,"Photo by Nareati on March 23, 2026. May be an image of medicine, tea, book and text.",8360,82,142,1172,https://www.threads.com/@familymart_tw/post/DWTUbxeEvM-,我懂你女友,2026年3月25日 星期三 下午5:09,,"Photo by 全家便利商店_台灣 on March 25, 2026. May be an image of text that says '你的鹹水雞 你的鹹水雞蔥蒜辣椒都可以嗎？ 你的鹹水雞蔥素 蔥蒜辣椒都可以嗎？ 下午 下午5：50 5:50 已讀 下午 下午5:51 ????? FamilyMart 下午5:52 下午 5:52 已讀 全加： 年品全加，謝謝 全加，謝謝。 謝謝。 下午 下午5：52 5:52'.",3265,15,11,225
a2000lice,https://www.threads.com/@a2000lice/post/DWRAGSckbXY,試了threads上的拌飯配方 雞胸肉+飯糰+茶葉蛋 欸很讚欸我還換成雞肉飯的 1 / 2,2026年3月24日 星期二 下午7:33,,"Photo by Lynn ʚ♡⃛ɞ on March 24, 2026. May be an image of food, plastic bag and text. | Photo by Lynn ʚ♡⃛ɞ on March 24, 2026. May be an image of poached egg, tofu, rice, soy sauce, seaweed, scrambled eggs and text. | Photo by Lynn ʚ♡⃛ɞ on March 24, 2026. May be an image of ramen, poached egg, noodles, seaweed, boiled egg and text.",21000,153,937,10000,https://www.threads.com/@familymart_tw/post/DWSrihCEo-l,留鮮食研發部門看,2026年3月25日 星期三 上午11:12,,,2228,15,6,48
ruo_xi79,https://www.threads.com/@ruo_xi79/post/DWMBehYmKka,"全家便利商店
不愛微波食品 但這個認真好吃 再配上一顆茶葉蛋 完美😍",2026年3月22日 星期日 下午9:09,,"Photo by 若晞Ruoxi on March 22, 2026. May be an image of noodles, petfood and text.",20000,293,882,18000,https://www.threads.com/@familymart_tw/post/DWQt5u6ksmH,你這麼懂，你才完美😍,2026年3月24日 星期二 下午4:54,,,104,1,,
daily_yongggg,https://www.threads.com/@daily_yongggg/post/DWQbh24kqTc,"taipeifoodie
來台灣一個月了，沒想到吃最多的竟然是超商跟路邊便當 😂 說實話，真的比我想像中好吃很多耶！ 有菜有肉、營養均衡又便宜，每次吃完都覺得好滿足 🤍 台灣的平價便當，真的讓這個韓國姐姐被原地圈粉（感動）
想問大家 —— 7-11、全家、萊爾富，你們最推哪一間？ 超商裡還有什麼必買的隱藏版便當或小食嗎？ 求各位大神私心推薦給我！！🙏✨
還有，我現在正在努力學習「台式中文」中！🇹🇼 雖然會用翻譯軟體幫忙，但如果表達得不夠自然，還請大家多多包涵 🙇‍♀️ 我很喜歡看大家的留言，這也是我學習道地用語的好機會～ 所以請大家踴躍留言，多跟我聊聊喔！💬🧡",2026年3月24日 星期二 下午2:13,,,114,32,,,https://www.threads.com/@familymart_tw/post/DWQtf2xEtxp,FamilyMart 너의 집 翻譯,2026年3月24日 星期二 下午4:50,,,27,1,,
cw._1619,https://www.threads.com/@cw._1619/post/DWQTsGPDhp_,全家的這個很推熱量200多蛋白質有15克,2026年3月24日 星期二 下午1:05,,"Photo by B on March 23, 2026. May be an image of skateboard, ticket stub, bandage, curb and text that says 'Familymart Mart Family 指定飲品 69 3026.03.26 24勝 2026 2026 2026.03.2 S61 Thick 厚豆腐蛋白 Mushrooms Tofu Barley Eggs 熱量每份| 第高159元 59元 蘆菇豬肉堡 & 23tzal 约1.89g Muffin FamilyMart 連動前補充/蛋白質14. ご連重 健康志向！ /蛋白質14.9gm 9g焼 milyMart FamilyMart amilyMart'.",683,34,24,278,https://www.threads.com/@familymart_tw/post/DWQtZPhElSJ,到4/28前 搭配義美無加糖高鈣豆奶還只要69元,2026年3月24日 星期二 下午4:49,,,173,1,,28
akiraran_,https://www.threads.com/@akiraran_/post/DWO3jzwCZXy,全家你疊什麼字字阿 1 / 2,2026年3月23日 星期一 下午11:40,,"Photo by 冉冉散散( ｰ̀֊ｰ́ ) on March 23, 2026. May be an image of pasta, noodles and text that says '109 指定飲品 指定飲品 FamilyMart Family FamilyMart uno 蒜香奶油蝦蝦 pasta Garlic Butter Shrimp Pasta 搭配融入洋意貓韻的酵濾醬汁 搭配融入 我選鮮蝦佐以蒜碎奶油 高溫爐炒入味 幸 遊 食監含量'.",27000,385,173,980,https://www.threads.com/@familymart_tw/post/DWQs1Y6Eq0t,來全家買買,2026年3月24日 星期二 下午4:44,,,3835,8,4,17
corn_.0228,https://www.threads.com/@corn_.0228/post/DWLqkqyD7e1,好奇如果臺灣人沒有髒話要怎麼吵架,2026年3月22日 星期日 下午5:49,,,32000,1539,317,880,https://www.threads.com/@familymart_tw/post/DWQBk-nkiMV,我不知道，但為什麼都會出現我的名字⋯,2026年3月24日 星期二 上午10:27,,,50000,114,161,621
loyu1230,https://www.threads.com/@loyu1230/post/DWPhXCRE579,好難想像要是有一天我們沒有7-11或全家了… 繳手機費：去電信局 繳水費：去水利局 繳電費：去電力公司 買咖啡：去咖啡廳 買菸酒：去菸酒公賣局 寄包裹：去郵局 印資料：去書局 買車票：去火車站 半夜肚子餓：只能家裡找食物吃 買拜拜的東西：去家樂福、喜互惠 突然想喝水：只能忍耐 突然想上廁所：去廟裡 7-11和全家真的是很棒的設計 真正為全民提供便利的服務❤️❤️❤️,2026年3月24日 星期二 上午5:45,,,14000,1306,84,163,https://www.threads.com/@familymart_tw/post/DWP70s7EtTB,謝謝你，全家就是你家💚💙,2026年3月24日 星期二 上午9:36,,,1190,7,1,
tina2318888,https://www.threads.com/@tina2318888/post/DWOt1VjGYLK,小編你的皮是不是掉了ㅋㅋ,2026年3月23日 星期一 下午10:15,@familymart_tw,,72,1,,1,https://www.threads.com/@familymart_tw/post/DWO0NuCEuZT,不在我旁邊一起躺回大巨蛋嗎？,2026年3月23日 星期一 下午11:10,,,59,1,,
little.shin150,https://www.threads.com/@little.shin150/post/DWOvy44D4Rl,如果是SJ 我兩餐都吃全家喔！（我一天之吃兩餐）檔期多久我就吃多久,2026年3月23日 星期一 下午10:32,@familymart_tw,,10,1,,,https://www.threads.com/@familymart_tw/post/DWO0ELvktSo,我們從早餐、中餐、下午茶、晚餐、宵夜，一日有五餐的選擇,2026年3月23日 星期一 下午11:09,,,25,,,
mfly228312,https://www.threads.com/@mfly228312/post/DWOv8Cjjx46,💙當然是我們藍家的東海狗狗🐶,2026年3月23日 星期一 下午10:33,@familymart_tw,"Photo by 紅魚🐟 on March 23, 2026. May be an image of cocker spaniel, Bedlington terrier and text.",1433,3,8,14,https://www.threads.com/@familymart_tw/post/DWOw3rNkjVm,浪漫🌹,2026年3月23日 星期一 下午10:41,,,213,2,2,6
404wyh_,https://www.threads.com/@404wyh_/post/DWNSb7DEr8a,回宿舍的路上看到地上好多花瓣 還想說這是什麼花 挺好看的 1 / 2,2026年3月23日 星期一 上午8:56,,"Photo by 海 on March 22, 2026. May be an image of fire escape, air conditioner and text. | Photo by 海 on March 22, 2026. May be an image of text.",69000,528,1329,3633,https://www.threads.com/@familymart_tw/post/DWOknvyEtZv,像這種好看的花就該配仙女,2026年3月23日 星期一 下午8:54,,"Photo by 全家便利商店_台灣 on March 23, 2026. May be an image of coffee cup, cup, tea, teacup and text that says 'Let's Let'sTea Tea 仙女紅茶'.",187,2,,4
rb33_ting,https://www.threads.com/@rb33_ting/post/DWNTg5jEkup,追星前去超商： 買想吃的、預購東西、蝦皮取貨 追星後去超商： 友善時光、賣貨便、全家店到店 1 / 2,2026年3月23日 星期一 上午9:06,,,562,18,26,24,https://www.threads.com/@familymart_tw/post/DWOkJpmklJj,追星的路上全家永遠是你的家,2026年3月23日 星期一 下午8:50,,,27,1,,
onpai98,https://www.threads.com/@onpai98/post/DWK4dTikSPx,"剛剛發生一件超扯的事，這世界怎麼了。
阿姨：帥哥，今天一樣大冰奶加培根蛋餅？ 我（超感動）：阿姨妳竟然記得我！對！ 阿姨（轉頭對廚房大喊）：欸那個每次 LINE Pay 餘額都不足，還要跑去對面 7-11 領一百塊的又來了！ 我：⋯⋯
阿姨真的0尊欸，傷害全開🙃我明天改吃全家啦可撥。",2026年3月22日 星期日 上午10:31,,,3727,27,18,251,https://www.threads.com/@familymart_tw/post/DWOf0g_kqyF,那個 LINE Pay 餘額都不足、被早餐店阿姨傷害、後來改來我們家買早餐的人又來了💚💙,2026年3月23日 星期一 下午8:12,,,113,,,
chris_tagram_,https://www.threads.com/@chris_tagram_/post/DWNoiagk2i1,"Twice
拍照當下時間11:56
現場真的非常多ONCE！甚至卡位到馬路對面的人行道了，然後工作人員非常貼心，現場問需不需要水，結果給這麼大瓶？？！
也很多路人好奇詢問這是排什麼，工作人員很有sense僅說：一個品牌發表會，有邀請韓星。 1 / 2",2026年3月23日 星期一 下午12:09,,"Photo by Chris on March 22, 2026. May be an image of skyscraper, buildings, terminal and text. | Photo by Chris on March 22, 2026. May be an image of one or more people, crowd and text. | Photo by Chris on March 22, 2026. May be an image of Victoria Peak, skyscraper, buildings and text. | Photo by Chris on March 22, 2026. May be an image of bottle, water bottle, sparkling water, body of water and text.",2013,12,11,397,https://www.threads.com/@familymart_tw/post/DWOKQebEiLP,注意補水💦,2026年3月23日 星期一 下午5:04,,,15,,,
liketeashop,https://www.threads.com/@liketeashop/post/DWNxwLIkb0R,打出「ㄋㄍ」會出什麼？ 小賴先來：奶蓋 留言區跟我分享👇💖,2026年3月23日 星期一 下午1:30,,,128,169,4,2,https://www.threads.com/@familymart_tw/post/DWN1Mpckhl3,你乖(▰˘◡˘▰),2026年3月23日 星期一 下午2:00,,,19,1,,
m_y.0917,https://www.threads.com/@m_y.0917/post/DWGq9-SgTUf,用一句歌詞證明你是誰的粉絲 1 / 2,2026年3月20日 星期五 下午7:16,,,9219,3646,88,259,https://www.threads.com/@familymart_tw/post/DWJhi9skoHj,No拉勾～🎵,2026年3月21日 星期六 下午9:51,,,4343,127,20,147
annehathaway,https://www.threads.com/@annehathaway/post/DWHaVvymHRc,👋🪡🧵,2026年3月21日 星期六 上午2:10,,,330000,10000,4764,6049,https://www.threads.com/@familymart_tw/post/DWJhCwIEpxu,👋🏪,2026年3月21日 星期六 下午9:47,,,195,2,,
24_planet_g8life,https://www.threads.com/@24_planet_g8life/post/DWDVysokTy5,"英文
我的英文不太好 請問 Turn right 是脫下來的意思嗎？",2026年3月19日 星期四 下午12:13,,,58000,2806,3274,37000,https://www.threads.com/@familymart_tw/post/DWGaQs3kkls,對了 All turn這週五六日買一送一,2026年3月20日 星期五 下午4:50,,"Photo by 全家便利商店_台灣 on March 20, 2026. May be an image of drink, wafer, porridge and text.",685,5,1,38
pipi__1103,https://www.threads.com/@pipi__1103/post/DWEE_xjiZtk,難怪我現在買酒什麼的 已經很少有店員在叫我出示證件了🥲,2026年3月19日 星期四 下午7:05,,"Photo by 𝐏𝐈𝐏𝐈🦋 on March 19, 2026. May be a Twitter screenshot of slow loris, pie and text that says '貼文 diort + @deeore5 跟隨 當你眼 你眼神裡的那種光消失之後， 他們就不會再叫你出示 會再叫你出示證牛了 02:48 02:48•2026/3/18.282萬次查看 2026/3/18 282萬 你香看 288 L7 1.7萬 1.7萬 16萬 4977'.",31000,143,1273,4716,https://www.threads.com/@familymart_tw/post/DWGZjKKEl9W,報意思，可以看一下你的證件嗎？,2026年3月20日 星期五 下午4:44,,,363,,,4
jason_5_12_s,https://www.threads.com/@jason_5_12_s/post/DV_IeUhCVSb,你們覺得 大學最容易暈的瞬間是什麼,2026年3月17日 星期二 下午9:00,,,5314,1316,139,583,https://www.threads.com/@familymart_tw/post/DWGZhKskowH,一口氣吃掉兩個飯糰的時候,2026年3月20日 星期五 下午4:43,,"Photo by 全家便利商店_台灣 on March 20, 2026. May be an image of chow mein, seaweed, noodles and text that says '元 田 由此撕開 日 FamilyMart 指定飲品 餃 兩粒飯糧 Tuna Salad Bacon TunaSalad/Bacom&EggSalad & gg Salad *CONTAINS *CONTAINSPORK AINS PORK 鯖魚沙拉 培根蛋 沙拉 55元'.",56,1,,
xinyixhl,https://www.threads.com/@xinyixhl/post/DWFyNSciTFh,忘了帶 速攻藍莓 的話 大巨蛋全家超多🤣🤣🤣 1 / 2,2026年3月20日 星期五 上午11:00,,"Photo by 信義小火龍 on March 19, 2026. May be an image of wafer and text. | Photo by 信義小火龍 on March 19, 2026. May be an image of rack, cart, shopping cart and text.",26000,161,275,4528,https://www.threads.com/@familymart_tw/post/DWF5kj1khMm,💙當你的最強後援,2026年3月20日 星期五 下午12:04,,,1008,2,,2
torin_sailor,https://www.threads.com/@torin_sailor/post/DWB7KyiCew1,想請問資產超過一億的家庭，有在用微波爐嗎？,2026年3月18日 星期三 下午11:01,,,29000,1756,213,1622,https://www.threads.com/@familymart_tw/post/DWF44DIkpBl,我們全家都有微波爐，還不只一台,2026年3月20日 星期五 上午11:58,,,4012,20,3,13
bebe_easycard,https://www.threads.com/@bebe_easycard/post/DWFmLGskrlR,"悠遊付
悠遊付今年6歲啦！生日慶活動開跑… 希望大家可以對我說那四個字嗎🥺 1 / 2",2026年3月20日 星期五 上午9:15,,"Photo by 悠遊卡BeBe on March 19, 2026. May be an image of snowman and text that says '! 悠遊付 Fas, syWolet 悠遊付 已協六 K ご場六 悠遊付6嵗了 請祝福四個字'. | Photo by 悠遊卡BeBe on March 19, 2026. May be an image of ‎toy and ‎text that says '‎不要說我沒說 3/20-3 3/20-3/25天 最高賺$666! 最高賺$666!起快获霜 最高賺 $666! 3/20-3/25天天領券 天天領券 趕快來領 0 한 悠遊付 EeAy EasyWallel ل5 กก ة อ 2 出ーい‎'‎‎.",118,89,,6,https://www.threads.com/@familymart_tw/post/DWFqxhjEnsU,明年7歲,2026年3月20日 星期五 上午9:55,,,36,3,,
ha_1206,https://www.threads.com/@ha_1206/post/DWEOgfwE_QS,以後超商的水只買全家的🙂‍↕️,2026年3月19日 星期四 下午8:29,,,14000,82,492,1395,https://www.threads.com/@familymart_tw/post/DWEfVIAEpqQ,喝水都要同款了吧！！！！！！！ 現在第2件10元,2026年3月19日 星期四 下午10:56,,,6710,18,18,200
77__1102,https://www.threads.com/@77__1102/post/DWDHhOvAVRs,"全家
全家這個也太好吃了吧！！！ 中間那一塊不知道是不是是抹茶生巧克力 超級加分ㄟദ്ദി ˉ͈̀꒳ˉ͈́ )✧ 抹茶人可衝不會浪費熱量的( *´ސު｀*)",2026年3月19日 星期四 上午10:08,,"Photo by 七七 on March 18, 2026. May be an image of chiffon cake and text. | Photo by 七七 on March 18, 2026. May be an image of chiffon cake, wafer and text.",9352,50,279,5023,https://www.threads.com/@familymart_tw/post/DWDu0KsEg6P,是吧是吧ദ്ദി ˉ͈̀꒳ˉ͈́ )✧,2026年3月19日 星期四 下午3:52,,,211,,,9
lyc_00220,https://www.threads.com/@lyc_00220/post/DV-uUneCZoG,不覺得一句話結尾加“～”很曖昧嗎,2026年3月17日 星期二 下午5:11,,,16000,3109,322,3079,https://www.threads.com/@familymart_tw/post/DWDusBdEssW,香菜風味香雞排新上市～💚💙,2026年3月19日 星期四 下午3:51,,,277,3,2,7
kingfish1231,https://www.threads.com/@kingfish1231/post/DWBrJq3AVTk,"全家
幹..大家 這個真的要買 給到夯/ㄅ 抹茶系列我覺得可以跟千層並排甚至更頂尖了 吃起來外皮是QQ的 然後是一層薄薄的蛋糕 然後裡面是抹茶奶油 最裡面是一塊很濃的抹茶奶凍的感覺 整體不甜 天哪 太厲害了真的 好驚艷 我會吃一百個 不枉費去三家全家 連去兩天 全家抹茶季太頂了 1 / 2",2026年3月18日 星期三 下午8:41,,"Photo by 🐟 on March 18, 2026. May be an image of tea, wafer, seaweed and text. | Photo by 🐟 on March 18, 2026. May be an image of chiffon cake and text. | Photo by 🐟 on March 18, 2026. May be an image of chiffon cake and text.",15000,217,842,17000,https://www.threads.com/@familymart_tw/post/DWDHHMtkrTA,好吃 抹抹抹抹抹抹💚,2026年3月19日 星期四 上午10:05,,"Photo by 全家便利商店_台灣 on March 18, 2026. May be an image of chiffon cake, wafer and text.",365,1,3,41
asahiponpon,https://www.threads.com/@asahiponpon/post/DV83l1BEVrb,欸不是，這個位置剛好到我還以為都是圖片∑(ﾟДﾟ),2026年3月16日 星期一 下午11:54,,"Photo by @asahiponpon on March 16, 2026. May be an image of kitten, tortoiseshell cat and text. | Photo by @asahiponpon on March 16, 2026. May be an image of kitten, tortoiseshell cat and text.",39000,88,251,303,https://www.threads.com/@familymart_tw/post/DWBZQVREkpw,不好意思，我們全家有點螳突了,2026年3月18日 星期三 下午6:05,,,3220,3,2,5
frp168,https://www.threads.com/@frp168/post/DV84qdJEzbi,這樣子的穿搭 怎麼有點像一種蔬菜食物？,2026年3月17日 星期二 上午12:03,,"Photo by Jacky Wu on March 16, 2026. May be an image of scooter, face mask, helmet and text that says '29 勁 電 免費到府安装 出安 池 心星基事維 じ星 專線 06-3562539 0982596663 通記 11年 100円 ml ASSC'.",73000,1009,1637,14000,https://www.threads.com/@familymart_tw/post/DWBRY6AEml0,再被太陽烤久一點的話就會變成這樣,2026年3月18日 星期三 下午4:56,,"Photo by 全家便利商店_台灣 on March 18, 2026. May be an image of vegetable and text.",2578,3,2,15
lifeadvisor_jason,https://www.threads.com/@lifeadvisor_jason/post/DV-8oDKCXYV,我只是想買個熱狗,2026年3月17日 星期二 下午7:16,,"Photo by Jason Wu on March 17, 2026. May be an image of pie, vending machine, bread and text.",210000,1657,7728,40000,https://www.threads.com/@familymart_tw/post/DWA5klOkjzw,再麻煩稍等一下～ 它跟你還有點不熟，目前是有點冷漠的「冷狗」，不過隨著加熱，你們關係進入升溫期，原本的冷漠逐漸融化，它會正式晉升為一條讓人感到溫暖與快樂的「樂狗」喔🌭,2026年3月18日 星期三 下午1:28,,,2919,1,5,45
hsinche_98,https://www.threads.com/@hsinche_98/post/DWAUc_1EzoJ,全家有MINA生日應援欸,2026年3月18日 星期三 上午8:04,,"Photo by @hsinche_98 on March 17, 2026. May be an image of calendar, poster and text.",4417,14,93,393,https://www.threads.com/@familymart_tw/post/DWAvM3fEimA,お誕生日おめでとう！🐧 翻譯,2026年3月18日 星期三 上午11:57,,,1058,1,3,5
huacihe,https://www.threads.com/@huacihe/post/DV8BilZARxt,整理相簿找到一堆奇怪的圖,2026年3月16日 星期一 下午4:01,,"Photo by 何花慈 on March 16, 2026. May be an image of drink and text that says '1/7 外帶539 你不要）泰草粿 泰草粿 你不要 台灣甜 春夏秋冬總店 春夏秋冬總店 4/1611:4 70見日811 11:42 4/16 $70 遇見真愛擁抱現在'. | Photo by 何花慈 on March 16, 2026. May be an image of wrist watch, timer and text that says '摸蜕仔兼 50 1. 10 แะธง G AO 20 00 SEIKO SINCE1881 SINGE 1881'. | Photo by 何花慈 on March 16, 2026. May be an image of cash machine, printer, stapler and text that says '你邊前 進南 你 這樣對我'. | Photo by 何花慈 on March 16, 2026. May be an image of text that says 'Su Leni Su uLeni Leni 了世界又如何'. | Photo by 何花慈 on March 16, 2026. May be an image of text that says '你晚餐會回來吃嗎 5:09 Μ 88 Read 5:09 5:09PM e..會啊 PM 會啊 Read 5:09 5:09 PM 有買的話記得幫我 s ( 員 候 選 劉 Α 人 民 雄 早宜 宜 懇 新 港 奮 我奮果 一的 請 支 持 Read 5:09 5:09PM PM'. | Photo by 何花慈 on March 16, 2026. May be an image of one or more people, newspaper and text. | Photo by 何花慈 on March 16, 2026. May be an image of text. | Photo by 何花慈 on March 16, 2026. May be a meme of one or more people, magazine and text that says 'wtfyou7788_2meme 88_2meme … SILS SCHWARTZ LEVINE SCHWARTZLEVINESTARKPLLC STARKPLLC PLLC STARK 哪壺不開 TINA TINAHU HU'. | Photo by 何花慈 on March 16, 2026. May be a meme of newspaper, magazine and text that says 'ኤራ 和 平 防 認 担 手 I 改 き 造 訊息都不回 你現在是把我當 陳素婚 陳 了嗎？'. | Photo by 何花慈 on March 16, 2026. May be an image of one or more people, signboard, poster, banner and text that says '基隆市仁工 你這個 駱智仁 基隆市 筆市仁愛區市議員候選人 仁愛區 市議員候選人 懇請支持 持 via viaMr.Plurk Mr Plurk 二五路 菜'. | Photo by 何花慈 on March 16, 2026. May be an image of suit and text that says '讓我 Johnny Shin 裏我JohnnyShin兒 兒摘下 Managing ManagingDirector Director'. | Photo by 何花慈 on March 16, 2026. May be an image of text that says '高南林景德 大席指業 林景德夏天 林 林景德 夏天 天空中繁星點點 繁星點'. | Photo by 何花慈 on March 16, 2026. May be an image of text that says '駕駛員 當 當 宜鎮峰 吹來 風箏飛向天空 爲了你 而祈禱 而祝福 而祈禱而祝福而感動加手。 而感動 福而感動加 口月♪ @ktgn556412 J@fw.520.1314'. | Photo by 何花慈 on March 16, 2026. May be an image of signboard, buildings and text. | Photo by 何花慈 on March 16, 2026. May be an image of water heater, thermostat, clothes hanger and text that says '推しの子+Oshinoko|我推的孩子 推しの子Oshinoko Oshinoko 推しの子 我推的孩子， 加入 ZhiChenLin·1 Zhi Chen ChenLin Lin 1天 正要走出辦公室的我 正要走出辦公室的我突然一陣胃痛 突然一陣胃痛 馬的誰做的啦？？？ 推 猫しの予 PUSH PUSH しの予 讚 留 留言 分享'.",74000,946,6778,46000,https://www.threads.com/@familymart_tw/post/DV-S_3KEigw,唸～出～來～,2026年3月17日 星期二 下午1:12,,"Photo by 全家便利商店_台灣 on March 16, 2026. May be an image of wafer and text.",279,1,3,26
enjoycat_lin,https://www.threads.com/@enjoycat_lin/post/DV7mUiKkYgN,"Twice
我（ONCE）的心 全돕是你
•┈┈┈┈┈ ฅ՞• •՞ฅ ♥︎ ┈┈┈┈┈•
우리 오래오래 건강하게 행복하자. 讓我們長長久久、健康又幸福地在一起吧。
다가올 모든 순간이 현란하게 빛날 거예요 未來的每一個瞬間，都會燦爛地發光。
•┈┈┈┈┈ ฅ՞• •՞ฅ ♥︎ ┈┈┈┈┈•
這次準備了一個小小的應援，希望多賢健康、平安、幸福。
•┈┈┈┈┈ ฅ՞• •՞ฅ ♥︎ ┈┈┈┈┈•
📍 地點 全台 全家 POS 機台
🗓 時間 03.18 — 03.24 每日12:00 — 24:00
每 3 分鐘播放一次 每次 10 秒
希望未來的每一刻 都像妳的笑容一樣閃閃發亮 ✨
•┈┈┈┈┈ ฅ՞• •՞ฅ ♥︎ ┈┈┈┈┈•
Photo Credit AzureSky @azuresky528
Design @tinabluey
Special thanks to @cho_cho_is_me @hedddddllo @nayanwoo_joby @elsako36 ONCEs 1 / 2",2026年3月16日 星期一 下午12:04,,"Photo by 林 on March 15, 2026. May be an image of poster and text.",1856,26,214,374,https://www.threads.com/@familymart_tw/post/DV8If4Kks8d,全家돕是你家💚💙,2026年3月16日 星期一 下午5:02,,,85,,,
yengu_888888,https://www.threads.com/@yengu_888888/post/DV6rMXBEo4V,"諧音梗
全校最漂亮的叫「校花」 ￼全班最漂亮的叫「班花」 那全家裡面唯一漂亮的人要叫什麼？ 1 / 2",2026年3月16日 星期一 上午3:27,,,30000,756,132,1289,https://www.threads.com/@familymart_tw/post/DV8Ebk-EsLx,肯定是仙女吧,2026年3月16日 星期一 下午4:27,,"Photo by 全家便利商店_台灣 on March 16, 2026. May be an image of teacup, cup, tea and text that says 'Let's Let'sTea Tea 仙女紅茶'.",503,11,1,2
knorrtw,https://www.threads.com/@knorrtw/post/DV54EdTgojP,"每天一組邪教配，直到法務喊停day2
誰說邪教跟高級感不能共存? 今晚，我想來點....南法田園蔬菜匯萃， 檸檬塔丟入番茄蔬菜湯， 塔皮的奶油香豐富了湯頭的層次， 檸檬的酸帶出番茄的靈魂， 讓你彷彿置身在歐洲吃午餐的錯覺， 也算是一種邪魔歪道了吧? 1 / 2",2026年3月15日 星期日 下午8:00,,"Photo by 康寶No.1料理點子王 on March 15, 2026. May be an image of ramen, tofu and text. | Photo by 康寶No.1料理點子王 on March 15, 2026. May be an image of congee, ramen, alphabet soup, bowl, spoon, cereal, soup spoon, chopsticks, porridge and text. | Photo by 康寶No.1料理點子王 on March 15, 2026. May be an image of drink, congee and text.",7770,446,229,2384,https://www.threads.com/@familymart_tw/post/DV6OKPxEsVQ,留康寶法務看,2026年3月15日 星期日 下午11:13,,,2160,6,1,28
sk_.0625,https://www.threads.com/@sk_.0625/post/DV0uK-5EQqt,不覺得如果有女生拿棒球棍砸你頭的話會很暈嗎,2026年3月13日 星期五 下午7:57,,,22000,307,855,3741,https://www.threads.com/@familymart_tw/post/DV2vaw1EhQK,不覺得如果晚餐吃2個飯糰也會嗎？,2026年3月14日 星期六 下午2:47,,,740,7,,20
itspotato_x,https://www.threads.com/@itspotato_x/post/DVypi8NExOp,🫸🥔🫷,2026年3月13日 星期五 上午12:39,,,210000,9857,9427,11000,https://www.threads.com/@familymart_tw/post/DV2u4H4kshE,🫸🏪🫷,2026年3月14日 星期六 下午2:42,,,23000,20,33,29
belle.eating,https://www.threads.com/@belle.eating/post/DV0JKc3ANNt,"全家便利商店
全家你很會😂為什麼要發明這種殺時間的小遊戲啦 本來在看line的全家活動優惠，眼尖看到下方的小遊戲 只要遊戲前5名都有獎，還有加碼獎! 不誇張~~我整個午休都在玩🤣🤣 手根本停不下來~目前最佳成績481名(感覺我自己充滿希望??) 好奇有玩的人都拿幾分阿?",2026年3月13日 星期五 下午2:34,,"Photo by 貝ㄦ貪食怪｜台北美食•旅遊•角落生物控 on March 12, 2026. May be a cartoon of text. | Photo by 貝ㄦ貪食怪｜台北美食•旅遊•角落生物控 on March 12, 2026. May be an image of crossword puzzle, timer and text that says '全家大兌點3/31最後倒數！！ Fa點 Fam... 全家大兌點 3/31最後倒數 family-mart-event.twodot.com.tw 點兌換倒數中!還剩21天13小時 Fal x 遊戲説明 30 30秒内 把所有點數小人拉進對應籃子， 救回你的 救回你的Fa點 救回你的Fa點，衝刺最後兌換！ Fa點 衝刺最後兌換！ 活動結束後將依排名與幸運名次送出獎勵 1前5名｜ 禮物卡獎勵 第1名： 第1名：$5,000 $5,000 第2名：$3,000 第2名： $3,000 第3名：$2,000 第3名： $2,000 第4名： 第4名：$1,500 $1,500 第5名：$1,000 第5名： $1,000 2 幸運名次加碼 經典拿鐵 幸運名次加碼︱經典拿鐵10* 10 杯 第100、331、1000、 第 100.3311000.2000.2000 100 、331 1000、 2000 20000 每人每日挑戰上限為 20 次。 活動時間： 即日起至 2026 即日起至2026年03月31日23： 年 03 31日 23:59 止 「a　出'. | Photo by 貝ㄦ貪食怪｜台北美食•旅遊•角落生物控 on March 12, 2026. May be a cartoon of text that says '全家大兌點3/31最後倒數 ！Fa點... 全家大兌點 最後倒數 family-martevent.twodot.com.t X 數中!還剩21天12小時 Fa點兌換倒 001 點 科克蘭三層抽取衛生紙（串） 20000點+250元 占+250元 20000黑 Fa點 002 點 議美牛乳保久乳（箱） Fami 20000點+150元 FagPoint Point 20000點 150元 TImTIIIn Fagi 點 Fag 點 Fa Fa點 26 Fag F 使個數 中！'. | Photo by 貝ㄦ貪食怪｜台北美食•旅遊•角落生物控 on March 12, 2026. May be an image of text that says '11:03 4G 80% 全家大兌點 3/31 最後倒數 全家大兌點3/31最後倒數！Fa ！Fa點.. famlymartevent.twodo.com.tw 全家大兌點 Fa Fa點出走中！ 出走中！ 3/31最後倒數 30秒内總共帶了.. Fag Fami Fa Point FaPoint: OmRS: 027 無場 里上 Fag FaFot Point Fami 024 點 進對應籃子！ 051 051點　排名#481 點 排名 #481 aoPint點全家換最划算 Fami #Point 點全家換最划算 3/31 3/31前快來兌換！ 再玩一次 兌點去！ 活動 説明 分享！ 好友 排行榜'.",344,23,16,282,https://www.threads.com/@familymart_tw/post/DV0dIFRkqag,可惡小編的排名一直被往後擠😆,2026年3月13日 星期五 下午5:28,,,55,3,,
jessie.linfanstw,https://www.threads.com/@jessie.linfanstw/post/DVzhhmTkptH,"家正玩DJ盤 酷!
原本以為這個DJ盤控制是用踩的 再看清楚原來是家正應該在按摩腿部肌肉 難怪他的小腿線條這麼好看 我也要跟著做~ 1 / 2",2026年3月13日 星期五 上午8:48,,,4825,42,84,360,https://www.threads.com/@familymart_tw/post/DV0Pj7ikk2c,我要跟他喝同款咖啡👀✨,2026年3月13日 星期五 下午3:30,,,44,,,
npm_south,https://www.threads.com/@npm_south/post/DVvYS6IieQ4,你們不要只是經過我家，進來，我要你進來。,2026年3月11日 星期三 下午6:10,,,5685,243,59,83,https://www.threads.com/@familymart_tw/post/DVx_7olkt7i,全家就是你家，你家就是全家，所以進來全家就，等於進去了你家,2026年3月12日 星期四 下午6:35,,,175,1,,1
zhi_10.ui,https://www.threads.com/@zhi_10.ui/post/DVvIgaTkfqu,跟別人吵架 這招其實蠻好用的...,2026年3月11日 星期三 下午3:52,,,130000,791,13000,50000,https://www.threads.com/@familymart_tw/post/DVx4N28EhBq,吃霜淇淋的時候 用這招也蠻好用的⋯？,2026年3月12日 星期四 下午5:27,,,6236,5,22,124
wang_eren_ruka_so_cute,https://www.threads.com/@wang_eren_ruka_so_cute/post/DVqMY15ky0M,差點就中招了 1 / 2,2026年3月9日 星期一 下午5:50,,"Photo by Sideswipe on March 09, 2026. May be an image of text.",35000,399,397,4584,https://www.threads.com/@familymart_tw/post/DVx1IX-kmq1,如果這裡破1000讚，你今天晚上再吃一次,2026年3月12日 星期四 下午5:01,,,20000,50,18,53
ty279_zhen,https://www.threads.com/@ty279_zhen/post/DVs0Mn_ErP2,"全家
太壞ㄌ 感覺會有人不小心拿錯⋯",2026年3月10日 星期二 下午6:16,,"Photo by 湯𐙚 on March 10, 2026. May be an image of durian and text.",15000,185,203,2739,https://www.threads.com/@familymart_tw/post/DVxPezdkmpj,➡️,2026年3月12日 星期四 上午11:32,,,162,,,2
lilyleilily,https://www.threads.com/@lilyleilily/post/DVsRjMgE09X,我蒸的蛋￼￼是可以撞死一隻螞蟻砸￼死一隻蟑螂 …￼自己蒸￼的哭着也要吃完😊🤢 1 / 2,2026年3月10日 星期二 下午1:18,,,21000,841,211,2761,https://www.threads.com/@familymart_tw/post/DVxOctFkm1V,辛苦了 但有時候你可以不用那麼辛苦⋯,2026年3月12日 星期四 上午11:23,,"Photo by 全家便利商店_台灣 on March 11, 2026. May be an image of congee, ramen, tofu, vegetable and text that says 'FamilyMart 媽媽煮藝 Mom'sCuisine Mom Cuisine 蒸 蛋 ハ G% 5 重 湯 55元 全家 小心得率 比感舞聞 福國里 B clean 全明喔 0 使用國產豬肉 Contains Pork 無心 人 口熱味'.",7579,32,11,45
ming661010,https://www.threads.com/@ming661010/post/DVtM4JUE4HD,全家霜淇淋特價最後一天，天冷也要吃，一直抖,2026年3月10日 星期二 下午9:52,,"Photo by Ming on March 10, 2026. May be an image of ice cream, durian and text. | Photo by Ming on March 10, 2026. May be an image of gelato, ice cream and text. | Photo by Ming on March 10, 2026. May be an image of gelato, ice cream and text. | Photo by Ming on March 10, 2026. May be an image of ice cream, gelato and text.",260000,2584,5139,12000,https://www.threads.com/@familymart_tw/post/DVva-6cEtt4,好可愛💚💙 全家Fami!ce 你每天都值得一個驚嘆號✨,2026年3月11日 星期三 下午6:34,,,6987,12,2,4
im.kimmie,https://www.threads.com/@im.kimmie/post/DVsGVz2kUqt,"高麗菜煮冬粉
感謝高麗菜煮蛋的創始人，讓我解決了每次冬粉都不見的困擾！讚啦！！！！ 1 / 3",2026年3月10日 星期二 上午11:36,,,96000,959,942,7734,https://www.threads.com/@familymart_tw/post/DVvap7_ki4B,下次試試看把霜淇淋放到高麗菜上煮，它還是會不見,2026年3月11日 星期三 下午6:31,,,244,6,,5
november__177,https://www.threads.com/@november__177/post/DVsO_KiGpNT,最髒的罵人不帶髒：主食+隨便一個親戚+器官 1 / 4,2026年3月10日 星期二 下午12:51,,,130000,9477,14000,95000,https://www.threads.com/@familymart_tw/post/DVval89EkEQ,健身 G 肉餐盒你大叔公的斜方肌,2026年3月11日 星期三 下午6:30,,,674,2,1,30
highwayanimation,https://www.threads.com/@highwayanimation/post/DVunAb6EmTu,"全家
花了4小時做的全家超商logo動畫 各位下次想看我做哪個logo？ 1 / 2",2026年3月11日 星期三 上午11:01,,,20000,312,545,529,https://www.threads.com/@familymart_tw/post/DVu8c7JEgZ-,😍😍😍,2026年3月11日 星期三 下午2:07,,,2945,3,,2
lindayu1020,https://www.threads.com/@lindayu1020/post/DVs0IKZDz3T,"全家新品
喔‼️天啊‼️ 這個春日抹茶土司苦味很明顯 裡面還有添加一顆顆水滴白巧克力 甜度降低，好好吃🤤 大家快去買❤️ 1 / 2",2026年3月10日 星期二 下午6:16,,"Photo by 丸子 on March 10, 2026. May be an image of tofu, wafer, bread, durian and text.",1470,20,56,587,https://www.threads.com/@familymart_tw/post/DVuqUMmEkOv,give me 抹💚,2026年3月11日 星期三 上午11:28,,,68,1,,1
s8_dttm,https://www.threads.com/@s8_dttm/post/DVlHCIIEXzc,突然想分享我的諧音梗精選集 1 / 2,2026年3月7日 星期六 下午6:27,,"Photo by @s8_dttm on March 07, 2026. May be an image of signboard, street, telephone pole, lamppost and text that says '6:26 .. 5G 2025 2025年6月7日 6月7日 翻譯年糕 X 我還沒準備好 你先不要 你先不要篤敬來 篤敬來 要的放來 來 篤 敬 Dujing κα. 8 영 動態 酒質發送更多 更多 瀏質 發送'. | Photo by @s8_dttm on March 07, 2026. May be an image of text that says '6:26 .! 5G 2024 2024年11月14日 11月14日 翻譯年糕 X 募燙染 J 三天沒洗頭 頭超 師磨 專賣 來自 頂級 ป.ร 0 영 動態 溫覽發送更多 涵覽 發送 更多'. | Photo by @s8_dttm on March 07, 2026. May be an illustration of map and text that says '6:26 .l 5G 1月19日 學 Whatru 杜英 ? Common Elaeocargussylvestris Elaeocargus sylvestris (Lour.)P Pbir 杜英科 (E) 杜英屬桃E0C ocarpus) 欸乾超好笑我給， 我給100 100 我給 00 動態 瀏質發送更多 瀏覽 劉質 發送 更多'. | Photo by @s8_dttm on March 07, 2026. May be an image of thermostat, radar, odometer, timer and text that says '6:26 .l 5G 19小時前 X ：晚餐吃什麽？ 2423 23 24 不知 不知道A 不知道A窗W 道A 窗W 5/10 5/10 動態 … 瀏質發送更 瀏質 發送 更多'. | Photo by @s8_dttm on March 07, 2026. May be an image of text. | Photo by @s8_dttm on March 07, 2026. May be an image of text that says '6:25 ! 5G 2024年8月6日 8月6日 2024年 X BALEN性命 BALEN ㄟ性命 這個好笑 這個好笑哈哈哈哈哈 哈哈哈哈哈 O 動態 … 溫質發送更 瀏質 發送 更多'. | Photo by @s8_dttm on March 07, 2026. May be an image of display case and text that says '6:25 .l 5G 2024年9月2日 X F1C F1 ENSEN JENSEN 房 身材不好 GEORG 寫點内容. 양 動態 … 瀏質發送更多 溜覽 發送 更多'. | Photo by @s8_dttm on March 07, 2026. May be an image of text that says '6:25 l 5G 2024年8月6日 年 年8月6日 2024 翻譯年糕 University GangstanStation Station Kaohskung Clastou Hospital ClaptouStation សរ្ររគជាា Cingpis MotropoltanPara Ηουμέκο Nanzih Nanzin IndestrialPark School Refiners Samentary RK1 R24 R23 R22A R22 R20 R19 R18 岡 橋 後 油 w 頭 勁 W 山 消 站 埔 廠 世 站 ￥ 小 品 才月初而已 CHIEN 錢都不見了 錢 日式洲測鍋 抛得 油廠 00 動態 瀏覽 發送 更多'. | Photo by @s8_dttm on March 07, 2026. May be an image of van, minivan, windshield and text that says '6:25 .l 5G 2024年 2024年10月4日 2024 10月4日 緊 FUSO FUSO螺 山ボ 螺 寫點内容...... 00 動態 … 潤覽發送更多 更多 瀏質 發送 發送'. | Photo by @s8_dttm on March 07, 2026. May be a Twitter screenshot of text that says '6:26 .il 5G 2024年10月29日 2024年 10月29日 X hor go mach wacho比丘 比丘 比丘 寫點内容..... 0 g0 動態 瀏質發送更多 瀏覽 發送 更多'.",41000,310,3026,13000,https://www.threads.com/@familymart_tw/post/DVsOOBikhuW,,2026年3月10日 星期二 下午12:44,,"Photo by 全家便利商店_台灣 on March 09, 2026. May be an image of text.",8796,4,32,99
nienting_wu,https://www.threads.com/@nienting_wu/post/DVqw6uSEuPk,"從1月15日的集訓開始， 到3月9日畫下句點。
這段時間裡， 我們一起努力、一起承受壓力， 也一起感受到棒球帶來的感動。
很榮幸能和這群隊友、教練團與工作人員並肩作戰， 一起穿上這件代表台灣的球衣。
謝謝每一位隊友的付出， 謝謝所有在背後支持我們的人， 也謝謝一路為我們加油的球迷。
能夠代表台灣站上國際舞台， 一直都是我心中最驕傲的事情。
在東京巨蛋的四場比賽， 滿場的應援聲， 讓我彷彿像是在台灣主場比賽一樣。
謝謝所有特地來到東京為我們加油的球迷， 也謝謝在各地透過電視為我們應援的大家。
另外，也看到許多一直在日本支持我的球迷朋友， 甚至聽到熟悉的 「Wuuu」應援聲， 真的讓我非常感動，也充滿感謝。
2026WBC中華隊的故事暫時告一段落， 但我們對棒球的熱愛與信念， 會繼續延續下去。
穿上這件球衣的每一刻，都是一輩子的榮耀。 謝謝這段旅程。
#2026經典賽
東京ドーム",2026年3月9日 星期一 下午11:09,,"Photo by 吳念庭（ウーネンティン) on March 09, 2026. May be an image of baseball, scoreboard, crowd and text. | Photo by 吳念庭（ウーネンティン) on March 09, 2026. May be an image of baseball, crowd and text. | Photo by 吳念庭（ウーネンティン) on March 09, 2026. May be an image of batting, pitcher and text. | Photo by 吳念庭（ウーネンティン) on March 09, 2026. May be an image of batting, pitcher and text that says '守 66 sitiesodisi ON POSPÍŠIL 27 C.M.CHANG 66 C6O'. | Photo by 吳念庭（ウーネンティン) on March 09, 2026. May be an image of batting, pitcher and text that says 'N G Kbe Ow 术鉛筆'. | Photo by 吳念庭（ウーネンティン) on March 09, 2026. May be an image of baseball, pitcher, scoreboard, crowd and text. | Photo by 吳念庭（ウーネンティン) on March 09, 2026. May be an image of ‎baseball, crowd and ‎text that says '‎元気パツラッ！ WORL EEBALL CLASSIC. TOKYODOME YO DOME TOK dip オロナミンC 16 Denyo dip RYOBI ABEBALL CLASSIC NeOT 守りの名野 東亞禮 CH.CHEN 24 C.HCHEN 31 4 C.M.CH 6 هوین タ 자 一‎'‎‎. | Photo by 吳念庭（ウーネンティン) on March 09, 2026. May be an image of baseball, pitcher, scoreboard, crowd and text that says 'எ G C.H.CHEN 24'. | Photo by 吳念庭（ウーネンティン) on March 09, 2026. May be an image of batting, pitcher and text that says 'CHINESE TAIPEI ΤΑΙΡΕΙ BASERALL CHINEST TADE TAPE Иb พ 박 BLA'. | Photo by 吳念庭（ウーネンティン) on March 09, 2026. May be an image of batting, pitcher and text that says 'ናቆ MIERE ከልማም El'. | Photo by 吳念庭（ウーネンティン) on March 09, 2026. May be an image of ‎baseball, stadium and ‎text that says '‎SeIO TORYO lap ५ RO일 מתרכלה ٥ ና & G‎'‎‎. | Photo by 吳念庭（ウーネンティン) on March 09, 2026. May be an image of baseball, belt, sportswear, sports equipment and text that says 'SUNG-CHE CHENG CHINESE TAIPE 심시도을 RACERAL ΑΕ1 2 T CHINESE AIDFI a4s evilan'. | Photo by 吳念庭（ウーネンティン) on March 09, 2026. May be an image of baseball, pitcher and text that says 'Chinese Taipei'. | Photo by 吳念庭（ウーネンティン) on March 09, 2026. May be an image of baseball, softball and text. | Photo by 吳念庭（ウーネンティン) on March 09, 2026. May be an image of wrist watch, sushi, phone, chopsticks, wristband and text. | Photo by 吳念庭（ウーネンティン) on March 09, 2026. May be an image of baseball, scoreboard and text. | Photo by 吳念庭（ウーネンティン) on March 09, 2026. May be an image of baseball and text that says 'mOk 4 ٣ ነ 3r3иHR IEGIAT A8 อ JABE JJAB3EA8'. | Photo by 吳念庭（ウーネンティン) on March 09, 2026. May be an image of Fushimi Inari Taisha and text. | Photo by 吳念庭（ウーネンティン) on March 09, 2026. May be an image of suit and text. | Photo by 吳念庭（ウーネンティン) on March 09, 2026. May be an image of one or more people, sushi, hot pot, chopsticks and text.",56000,608,856,164,https://www.threads.com/@familymart_tw/post/DVqyFk5Eg7S,謝謝你，我們的英雄❤️,2026年3月9日 星期一 下午11:19,,,433,,1,
shatzuchen,https://www.threads.com/@shatzuchen/post/DVqj5eck_rH,喔不😭😭😭😭😭😭😭😭就差一點..,2026年3月9日 星期一 下午9:15,,,50000,1072,421,561,https://www.threads.com/@familymart_tw/post/DVqlQ7iEohC,謝謝你們，不論如何都是我們的英雄！,2026年3月9日 星期一 下午9:27,,,2679,,1,4
s.h.chiang,https://www.threads.com/@s.h.chiang/post/DVphS9CE8Wl,"我們辦到了！！！！！ 最開心的不是我們打了多好的成績 而是能跟你們一起掀起狂風巨浪 謝謝你們，我最強的隊友們 謝謝你們，所有在東京巨蛋的你們 謝謝你們，所有守在電視機前面的你們
#teamtaiwan🇹🇼 #wbc #2026
東京巨蛋",2026年3月9日 星期一 上午11:33,,"Photo by 蔣少宏 S. H. Chiang on March 08, 2026. May be an image of batting, pitcher and text. | Photo by 蔣少宏 S. H. Chiang on March 08, 2026. May be an image of baseball, pitcher and text. | Photo by 蔣少宏 S. H. Chiang on March 08, 2026. May be an image of baseball, pitcher and text that says '63 WA'. | Photo by 蔣少宏 S. H. Chiang on March 08, 2026. May be an image of batting, pitcher and text.",15000,179,131,26,https://www.threads.com/@familymart_tw/post/DVp9rJlErzU,謝謝你❤️,2026年3月9日 星期一 下午3:41,,,26,,,
nini_0.0_._,https://www.threads.com/@nini_0.0_._/post/DVnhAxbEiCp,"排球少年
買咖啡就送排球少年壓克力磚‼️🏐🔥 我真的是越來越愛全家了😻 1 / 2",2026年3月8日 星期日 下午4:52,,"Photo by 我是Nini｜台中美食｜新品開箱｜旅遊 on March 08, 2026. May be an image of mouse pad and text that says 'HA HANU 윤 TORU OIKAWA ©HF/S,HP Η ©HF/S, - ပ်'.",3579,89,95,4985,https://www.threads.com/@familymart_tw/post/DVp7_qukhYL,🏐🔥,2026年3月9日 星期一 下午3:27,,"Photo by 全家便利商店_台灣 on March 09, 2026. May be an image of matchbook, card, lego and text. | Photo by 全家便利商店_台灣 on March 09, 2026. May be an image of matchbook, card, eraser and text that says '深焙1號》》 炭培整果 堅果 號粉 min 余巴式咖啡 O 量脂 珍 中達肉 蒸克力磅 陸盒龍袋/ HAPИE 《排球少年！！》 獨家收藏 20款經典+4款防 HAWy HAHA HANYA HANYI 10 HARVU e HAPKR HAMN HAPTy HapИR HAPИR 8 HAPY HAPU 6 HAKA HANYU HAI HAr HAPи HAP 10 數量有限辦完為止！ 全24款 5mincoffee.com'.",121,1,2,77
zero_cheng_12,https://www.threads.com/@zero_cheng_12/post/DVpSuk7idrO,2026WBC 很精彩的系列賽，神奇的棒球！！！ 終於有機會在東京巨蛋打棒球，神聖的場地 記載了很多歷史，造就了很多成功與失敗…. 就是因為這樣棒球一直都那麼有趣 辛苦所有人了 能站上去表現 勇氣就已經值得肯定… 但我們也知道這樣是不夠的，因為我們絕對不只這樣，我們記得日本有多強大 記得我們韓國帶給我們的信心 也記得澳洲送給我們束縛的感覺，一切都是經驗 都是往前的養分 謝謝教練團的肯定 以及隊友的努力，還有全台灣 全世界關注這些比賽的人，謝謝有這些比賽 讓我們變得更強 一起愛棒球❤️ 一起好好的打棒球吧 加油 #Taiwan @niketaipei @one_oneoftheanswer @wbcbaseball,2026年3月9日 星期一 上午9:26,,"Photo by 鄭宗哲 on March 08, 2026. May be an image of baseball, sports equipment and text. | Photo by 鄭宗哲 on March 08, 2026. May be an image of batting, pitcher and text. | Photo by 鄭宗哲 on March 08, 2026. May be an image of tennis and text. | Photo by 鄭宗哲 on March 08, 2026. May be an image of baseball, pitcher and text. | Photo by 鄭宗哲 on March 08, 2026. May be an image of ‎batting, pitcher and ‎text that says '‎T.C C.CHENG CHENG 1 EESN الم ស្រន ơhc Ca one JE フコ‎'‎‎. | Photo by 鄭宗哲 on March 08, 2026. May be an image of bus and text.",23000,324,332,72,https://www.threads.com/@familymart_tw/post/DVpV9OsEg4d,謝謝你❤️,2026年3月9日 星期一 上午9:54,,,53,,,
elta_sports,https://www.threads.com/@elta_sports/post/DVoGLoekrHC,"WBC2026
現已上架，愛爾達用戶可隨時看經典WBC台韓大戰，想看幾次就幾次。 1 / 2",2026年3月8日 星期日 下午10:17,,,18000,134,281,300,https://www.threads.com/@familymart_tw/post/DVoH88IkiE3,謝謝愛爾達☝️✨,2026年3月8日 星期日 下午10:33,,,248,,,
_tingweiiii,https://www.threads.com/@_tingweiiii/post/DVnxqUREW1y,"WBC2026
冷知識： 全家的電視牆也可以看球賽⚾️",2026年3月8日 星期日 下午7:18,,,350,7,,5,https://www.threads.com/@familymart_tw/post/DVn03aAEp_C,經典賽精彩highlights 就在全家⚾️✨,2026年3月8日 星期日 下午7:46,,,180,2,,
yga0721,https://www.threads.com/@yga0721/post/DVnrvA7j4jf,"2026wbc
本來以為大家只是愛開玩笑，反正我總算是信了…😱😱😱 1 / 2",2026年3月8日 星期日 下午6:26,,"Photo by 蔡阿嘎 on March 08, 2026. May be a Twitter screenshot of one or more people, flag, banner and text that says '+ _xuan_06243小 _xuan_ 3小時 我不知道有沒有人發現 嘎哥昨天跟10幾位捷克人拍照 我們贏了14分 嘎哥今天跟， 要哥今天跟1位韓國人拍 我們贏了1分 嘎哥 原來你可以控制欸 Kines Korea රතක 還真的14位捷克人 ကမြရ၀ yAO SKO KO Cannibals ŠUMPERK'.",44000,336,561,4376,https://www.threads.com/@familymart_tw/post/DVn0eyJEgtP,嘎哥，後續的比賽再麻煩你了，全家感謝您,2026年3月8日 星期日 下午7:42,,,2320,,,3
lifewang_samoyed,https://www.threads.com/@lifewang_samoyed/post/DVceUEejXWR,"小狗預測中華隊這次複賽「兩勝兩敗」 吼！不可以啊！ 爸媽私心第一戰的澳洲要拿下來欸 這幾天再來看看準不準 但不管結果怎麼樣我們都支持中華隊😍 這次我們全力支持！飛到東京看球賽囉 小狗這幾天都會在阿公阿嬤家，鎖定球賽轉播 大家一起為中華隊加油吧！
快來告訴我們，你的預測🤣🤣🤣
#wbc #teamtaiwan #samoyed #棒球 #經典賽",2026年3月4日 星期三 上午9:57,,,78000,5667,4803,25000,https://www.threads.com/@familymart_tw/post/DVniwggEkqe,留全家人朝聖,2026年3月8日 星期日 下午5:08,,,390,1,1,2
linweien_,https://www.threads.com/@linweien_/post/DVnhl0mE0Di,球衣很重，但所有人撐起來了！ 愛你們❤️,2026年3月8日 星期日 下午4:57,,"Photo by 林維恩 WEI-EN LIN on March 08, 2026. May be an image of batting, pitcher and text that says 'MNALOCK LOCK'. | Photo by 林維恩 WEI-EN LIN on March 08, 2026. May be an image of batting, pitcher, stadium and text that says 'Taipai 大和 大利 和 大'. | Photo by 林維恩 WEI-EN LIN on March 08, 2026. May be an image of baseball, stadium and text that says 'WORLD BASESALL CLASSIC ገስነዕ 冠ク生命 守りの名手、 KION な W.E.LIN 42'. | Photo by 林維恩 WEI-EN LIN on March 08, 2026. May be an image of baseball, scoreboard, crowd and text that says 'ARLINED 元気パツラツ！ 伊藤園 WORLD CLASSIC. DOME dip 文カンホッタ オロナミンC 16 Penyo EyЛEBA! WORLP.. ALL CLASSIC. dip dlp RYOBI ΚΟΝΑΜΙ HAM ABEBAL CLASSIC 1eyore 34 Deny 文化シヤンタ RYOBI 守リの名手 陳亜建 CH.CHEN ス C.HCHEN 31 C.M.CHANG 66'.",120000,1797,2552,533,https://www.threads.com/@familymart_tw/post/DVniTNmEmVX,謝謝你❤️,2026年3月8日 星期日 下午5:04,,,208,,,1
momoshopping_,https://www.threads.com/@momoshopping_/post/DVnRCUaD2si,懷疑薩摩耶 相信薩摩耶 成為薩摩耶🙏 翻譯,2026年3月8日 星期日 下午2:33,,,4030,111,28,60,https://www.threads.com/@familymart_tw/post/DVnTxOaksF9,然後養一隻邊牧,2026年3月8日 星期日 下午2:57,,,1026,4,2,9
yga0721,https://www.threads.com/@yga0721/post/DVnOVdCjyOZ,❤️謝謝韓國！一輩子的好朋友❤️ 한국을 사랑해요. 변하열을 사랑해요. 翻譯 1/2,2026年3月8日 星期日 下午2:09,,"Photo by 蔡阿嘎 on March 07, 2026. May be an image of baseball and text.",62000,1200,561,1589,https://www.threads.com/@familymart_tw/post/DVnSg17knsa,讓我們一起謝謝嘎哥,2026年3月8日 星期日 下午2:46,,,319,,,
elta_sports,https://www.threads.com/@elta_sports/post/DVnHKN5koq1,"中華隊
台灣金孫古林睿煬 今日先發四局 封鎖韓國打線 投到手指破皮流血..... 真的真的要給古林一個掌聲👏🏻",2026年3月8日 星期日 下午1:06,,,23000,231,346,317,https://www.threads.com/@familymart_tw/post/DVnIUCDkvph,謝謝古林的好投 我們的驕傲，棒❤️,2026年3月8日 星期日 下午1:17,,,1909,3,2,4
tsg0290,https://www.threads.com/@tsg0290/post/DVktnPdkzMg,山不在高，莊陳則靈 水不在深，昱珉很行 凱威峻岳，捷克得零 明天古林，韓國出局 1/2,2026年3月7日 星期六 下午2:45,,,19000,109,1215,2304,https://www.threads.com/@familymart_tw/post/DVlrCp3kkoS,有全壘打，買一送一,2026年3月7日 星期六 下午11:41,,,1099,8,,13
hxiwhx_,https://www.threads.com/@hxiwhx_/post/DVlEcMlkxVf,"吳念庭
念庭你確定要這樣笑🥹🥹
本人已融化🫠🤍",2026年3月7日 星期六 下午6:04,,"Photo by @hxiwhx_ on March 07, 2026. May be an image of one or more people, hat, parka, top and text.",10000,48,172,387,https://www.threads.com/@familymart_tw/post/DVlWV0QEgTn,念庭🦝🫶🏻,2026年3月7日 星期六 下午8:41,,,137,,1,1
__ln.08,https://www.threads.com/@__ln.08/post/DVdw7d1Dyla,我想吃所有關於抹茶的食物 抹茶 抹茶 抹茶 抹茶 抹茶 我要吃抹茶冰淇淋 抹茶蛋糕 抹茶 抹茶巴斯克 抹茶拿鐵 抹茶泡芙 抹茶千層蛋糕 抹茶鬆餅 抹茶麵包 抹茶吐司 抹茶餅乾 抹茶麻糬 抹茶甜甜圈 抹茶牛奶 抹茶隨便 只要是抹茶都塞我嘴巴裡 謝謝,2026年3月4日 星期三 下午9:59,,,2839,54,880,446,https://www.threads.com/@familymart_tw/post/DVk1cvrkrEF,這邊,2026年3月7日 星期六 下午3:53,,"Photo by 全家便利商店_台灣 on March 06, 2026. May be an image of gelato, ice cream and text. | Photo by 全家便利商店_台灣 on March 06, 2026. May be an image of wafer and text.",263,1,1,11
boice830827,https://www.threads.com/@boice830827/post/DVjILjEkby-,"容寶寶到底今天喝的是什麼！ 我覺得好像全家的鮮淬茶的飲料杯🤣
有猜的出來是什麼嗎🥹",2026年3月6日 星期五 下午11:58,,"Photo by 筱菁 on March 06, 2026. May be an image of trumpet, clarinet, hair dryer, harp, microphone, can opener, tambourine and text.",151,34,,95,https://www.threads.com/@familymart_tw/post/DVjRQ2dkvqr,是全家Let’s Tea,2026年3月7日 星期六 上午1:18,,"Photo by 全家便利商店_台灣 on March 06, 2026. May be an image of smoothie, cup, tea and text that says 'Let's Let'sTea Tea'.",80,2,3,29
xcurating,https://www.threads.com/@xcurating/post/DViVJY0EzsH,"認真建議今天晚餐吃全家
因為大谷翔平代言的就是日本全家的飯糰
不能放過他 🍵 1/2",2026年3月6日 星期五 下午4:32,,"Photo by YeN on March 06, 2026. May be an image of sushi, seaweed, poster and text.",222,5,1,4,https://www.threads.com/@familymart_tw/post/DVibZQWksIC,留全家看 翻譯,2026年3月6日 星期五 下午5:27,,,140,1,,1
hypotato_chips,https://www.threads.com/@hypotato_chips/post/DViSKcYjyIW,蚵仔煎洋芋片,2026年3月6日 星期五 下午4:06,,"Photo by 蚵仔煎洋芋片 on March 06, 2026. May be an image of wafer and text.",1313,109,27,31,https://www.threads.com/@familymart_tw/post/DViavLrElVj,蚵仔煎洋芋片,2026年3月6日 星期五 下午5:21,,,48,,,
ak._.ane3,https://www.threads.com/@ak._.ane3/post/DVax5LXEmwZ,皮蛋杜甫 1/2,2026年3月3日 星期二 下午6:10,,"Photo by 黑川茜 on March 03, 2026. May be an image of paper weight, belt buckle and text.",61000,415,2735,11000,https://www.threads.com/@familymart_tw/post/DVh-eJrkroz,夯梵谷,2026年3月6日 星期五 下午1:14,,"Photo by 全家便利商店_台灣 on March 05, 2026. May be an image of bust and text.",615,2,5,19
dot0928,https://www.threads.com/@dot0928/post/DVnMashj13f,陳傑憲你幹嘛啦😭😭😭😭你幹嘛啦😭😭😭😭😭😭😭 1 / 2,2026年3月8日 星期日 下午1:52,,,220000,1948,9355,9792,https://www.threads.com/@familymart_tw/post/DVnTNVHEtFA,😭☝️✨,2026年3月8日 星期日 下午2:52,,,947,3,,9
candy21018,https://www.threads.com/@candy21018/post/DVe93-UEy1-,"全家便利商店
去全家繳費又能抽獎了 好想要ps5啊🤩 剛要進app登記抽的時候發現已經好多人登記了 大家手腳真快😂 #全家抽獎趣",2026年3月5日 星期四 上午9:11,,"Photo by 蔡暄穎 on March 04, 2026. May be an image of ‎text that says '‎抽獎獎品 魔物獵人物語3抽..… ک 關閉 《魔物獵人物語3：命運雙龍.. 命運雙龍... 《魔物獵人物語3 所需抽獎券 1張 已登記 已登記918組 918組 詳情 《魔物獵人物語3：命運雙..… 命運雙龍... 《魔物獵人物語3 所需抽獎券 1張 已登記 已登記359組 359組 詳情 กอม MSI MPG 322URX QD-OLE... 所需抽獎券 1張 已登記 已登記1156組 1156組 詳情 母 BhaSeene PS5 5DualSense無線控制器 DualSense無線 無線控制器 所需抽獎券 1張 已登記 已登記566組 566組 詳情 An Play PlayStation®5 PRO 所需抽獎券 1張 已登記 已登記4489組 4489組 詳情‎'‎.",15,9,3,8,https://www.threads.com/@familymart_tw/post/DVhm2Goksbq,分享給有全家APP的親友，點擊連結後還可以免費獲券🤫,2026年3月6日 星期五 上午9:48,,,4,2,,2
ttandid,https://www.threads.com/@ttandid/post/DVgZpGHk5VA,"一直忘記分享這個蜂蜜蛋糕 讓我演唱會成功撐過7個小時不用上廁所 （演唱會彩排+等待+正式表演）
身為喝多上多每個小時都要去廁所報到的人 當初買到搖滾區最害怕的就是不能上廁所…… 在那之前還查了各大都市傳說準備 其中最有名的絕對是糯米製品系列（麻糬大福等等） 然後那時候也有看到有人提到蜂蜜蛋糕 而且要是這種單片入的，不能是3入款 原理我不知道，反正我就是嘗試而已
本來還有大福但因為某些原因沒吃 最後就是吃了這個蜂蜜蛋糕成功撐過 甚至還把水喝光了 散場的時候也沒有急著想要跑廁所 提供給各位未來有需要站魚池的朋友們參考 1 / 4",2026年3月5日 星期四 下午10:33,,"Photo by 踢踢티티 on March 05, 2026. May be an image of chiffon cake, wafer, cornbread and text.",12000,379,1344,10000,https://www.threads.com/@familymart_tw/post/DVhl7osEoig,留全家小編看,2026年3月6日 星期五 上午9:40,,,403,3,,1
yuwei06_30,https://www.threads.com/@yuwei06_30/post/DVdlXHREjUL,"全家新品
抹茶控快去買！！這次的酷冰沙超級好喝，完全不死甜，它榮登我酷冰沙NO.1 ！！！",2026年3月4日 星期三 下午8:18,,"Photo by 賴昱維 on March 04, 2026. May be an image of tea, juice and text.",19000,131,754,14000,https://www.threads.com/@familymart_tw/post/DVfn_8Ykjvx,Give me Give me 抹💚 翻譯,2026年3月5日 星期四 下午3:19,,,4345,32,123,652
fatnerdstock,https://www.threads.com/@fatnerdstock/post/DVdcfZliMoN,"行銷
我很好奇
有哪個品牌的小編
有出WBC 的活動嗎",2026年3月4日 星期三 下午7:00,,,75,93,1,38,https://www.threads.com/@familymart_tw/post/DVfUugkklSw,我們家 #WBC官方合作夥伴,2026年3月5日 星期四 下午12:31,,,33,1,,
linweien_,https://www.threads.com/@linweien_/post/DVc3LLqk_1Y,解鎖 Tokyo 東京巨蛋,2026年3月4日 星期三 下午1:34,,"Photo by 林維恩 WEI-EN LIN on March 03, 2026. May be an image of soccer, stadium and text. | Photo by 林維恩 WEI-EN LIN on March 03, 2026. May be an image of ‎baseball and ‎text that says '‎WORLO ASEBM BASER مهدی SEBA WEI-EN S d0 CLASSIC CLASSIC LIN W.E.LIN 42‎'‎‎. | Photo by 林維恩 WEI-EN LIN on March 03, 2026. May be an image of baseball, stadium and text. | Photo by 林維恩 WEI-EN LIN on March 03, 2026. May be an image of baseball, pitcher, stadium and text.",60000,345,587,238,https://www.threads.com/@familymart_tw/post/DVd9xhnEqos,為你加油💪,2026年3月4日 星期三 下午11:51,,,79,2,,
miss.hsu0711,https://www.threads.com/@miss.hsu0711/post/DVctS8vkR9R,分別在寶雅、全家聽到SUJU 欸噗們會懂有多雀躍💙,2026年3月4日 星期三 下午12:08,,,1012,16,4,16,https://www.threads.com/@familymart_tw/post/DVd4ayHkpnf,今天還有 No拉勾～🎶,2026年3月4日 星期三 下午11:04,,,46,1,,
__tingjia.zhang__,https://www.threads.com/@__tingjia.zhang__/post/DVdTZPLkv_T,"全家新品
抹茶控請放心衝！酷繽沙最新口味 幫大家試了真的有濃 而且是苦甜口感 1 / 2",2026年3月4日 星期三 下午5:41,,"Photo by 庭嘉Tim🇹🇼 台中•彰化美食｜超商｜好物｜新品優惠｜ on March 04, 2026. May be an image of dessert and text. | Photo by 庭嘉Tim🇹🇼 台中•彰化美食｜超商｜好物｜新品優惠｜ on March 04, 2026. May be an image of coconut, juice, smoothie, sugarcane and text that says '酷寳沙 FRAPPE 抹茶白玉 玉 抹茶 MATCHA MAICHAFROMION FROM SITOEN 100% 日本 茶粉 份'.",12000,210,717,18000,https://www.threads.com/@familymart_tw/post/DVd4Lb4EuI3,Give me 抹💚,2026年3月4日 星期三 下午11:02,,,115,,,12
yga0721,https://www.threads.com/@yga0721/post/DVa_udyD_-3,我直接在這邊做一個炫富的動作😏 1 / 2,2026年3月3日 星期二 下午8:11,,"Photo by 蔡阿嘎 on March 03, 2026. May be an image of text.",17000,219,48,488,https://www.threads.com/@familymart_tw/post/DVbAiC0EsqM,嘎哥拜託了！請幫對手加油,2026年3月3日 星期二 下午8:18,,,1743,3,1,14
chillru_0.0,https://www.threads.com/@chillru_0.0/post/DVXkINOk_x0,在全家發現kitty吊飾悠遊卡！ 已經有一堆悠遊卡了 到底該不該買🥹 1 / 2,2026年3月2日 星期一 下午12:12,,"Photo by Ru on March 01, 2026. May be an image of toy, pencil case and text. | Photo by Ru on March 01, 2026. May be an image of card, bandage and text.",15000,214,1135,7637,https://www.threads.com/@familymart_tw/post/DVaNm79kq_n,問就是已經在全家🙂‍↕️💚💙,2026年3月3日 星期二 下午12:53,,,95,,,4
bettermilk.tw,https://www.threads.com/@bettermilk.tw/post/DVX0kD9Egvp,"桂芳牧場
很多人去過觀光牧場。 但其實，很少人真正看過商業牧場。
在觀光牧場裡，你看到的是草地、拍照、餵牛、搾乳體驗。而在商業牧場裡，每一天都是工作日。
因為乳牛每天都在產乳。就像哺乳媽媽一樣，如果有乳卻沒辦法排出，其實是會不舒服的。所以酪農的生活，是全年無休的。每天都要照顧牛、餵牛、搾乳。
而全年無休並不完全代表全為辛苦與壓力。桂芳牧場主人瀚哥與芊純夫婦，運用科技設備讓牛住得更舒服，同時讓酪農可以更輕鬆地照顧乳牛。
我們相信，只有在被好好對待的環境裡，乳牛才會健康、安心地產出品質良好的幸福鮮奶。
如果你也好奇，一瓶鮮奶真正的起點長什麼樣子，可以看看這支影片。我們一起走進桂芳牧場，看看酪農與快樂乳牛們的日常 🐮🫶🏻
影片出自《一步一腳印，發現新台灣》🍿 youtu.be/z5M5Q… 1 / 2",2026年3月2日 星期一 下午2:35,,"Photo by 鮮乳坊 on March 01, 2026. May be an image of text. | Photo by 鮮乳坊 on March 01, 2026. May be an image of calf and text. | Photo by 鮮乳坊 on March 01, 2026. May be an image of calf and text.",76,5,2,2,https://www.threads.com/@familymart_tw/post/DVYICPIknee,桂芳牧場鮮乳 只有在全家買得到🐮🫶🏻 💚💙,2026年3月2日 星期一 下午5:25,,,27,1,,
trent613,https://www.threads.com/@trent613/post/DVNPr0yDpMZ,"【全家一日店長限定登場！】 平常在電視上看我~ 這次，我想直接看見你們🙂‍↕️ 沒錯，我要到全家當「一日店長」了😏
不只是想幫大家結帳，更想親口叮嚀你們： 忙著照顧生活，也別忘了照顧好自己🫶🫂
當天不只有超優惠的 #甘味人生 補給 我還特別跟 @奕心生醫科技 爭取了「神祕驚喜」給到現場支持的你們！
活動筆記起來： 2026/03/07 (六) 14:00~16:00 全家便利商店 長賓店 (臺北市中山區長春路15號)
大家是想看我穿制服結帳？還是想來現場拿大獎？ 留言告訴我，當天見！ reurl.cc/2l23m…
#全家便利商店 #一日店長活動 #奕心生醫科技 #限定活動 龍語申",2026年2月26日 星期四 下午12:01,,,19,2,2,2,https://www.threads.com/@familymart_tw/post/DVNR3ObEqd5,我要去,2026年2月26日 星期四 下午12:20,,,3,1,,
scp_luxiao,https://www.threads.com/@scp_luxiao/post/DVHgMNVACxl,霸道總裁一不小心露出了他的24塊腹肌,2026年2月24日 星期二 上午6:29,,"Photo by 鹿小 on February 23, 2026. May be a doodle of text.",32000,1075,1719,16000,https://www.threads.com/@familymart_tw/post/DVLVwN8Eh2i,有點眼熟,2026年2月25日 星期三 下午6:15,,"Photo by 全家便利商店_台灣 on February 25, 2026. May be an image of vegetable and text.",2600,4,5,44
oo.juz,https://www.threads.com/@oo.juz/post/DVJF00skhFc,"昨天洗澡洗到一半，男友突然闖進來，手裏拿著兩顆草莓：你要不要吃草莓？ 我還在傻眼還沒回神的時候，他把草莓塞我嘴裡就走了⋯⋯⋯
有合理嗎？
過沒10分鐘，又打開門，這次是端著一碗草莓進來，一邊餵我一邊自己吃⋯⋯
大哥⋯⋯我在洗澡⋯ 1 / 2",2026年2月24日 星期二 下午9:18,,,55000,368,312,3261,https://www.threads.com/@familymart_tw/post/DVLO2gbEvQN,你要不要吃哈⋯哈密瓜（敲門）,2026年2月25日 星期三 下午5:15,,"Photo by 全家便利商店_台灣 on February 25, 2026. May be an image of gelato, yogurt, icecream cone and text that says 'Famiice'.",950,9,,6
oldxiao5816,https://www.threads.com/@oldxiao5816/post/DU_PrMyEu1f,"家七99
家七99🍊🥦🫐 不覺得711就很像調皮小正太全家是穩定大狼狗嗎⋯⋯⋯ （家七也可以是家妻😻 ） 1 / 2",2026年2月21日 星期六 上午1:31,,"Photo by 蕭雞翅 on February 20, 2026. May be an illustration of text that says 'ELEVEN 緩 光 臨 !'. | Photo by 蕭雞翅 on February 20, 2026. May be pop art of ‎text that says '‎FamilyMart מ‎'‎.",21000,158,879,2262,https://www.threads.com/@familymart_tw/post/DVLLOUfEnuV,我應該是在哼入店鈴聲♫,2026年2月25日 星期三 下午4:43,,,2164,8,3,8
s211729,https://www.threads.com/@s211729/post/DVDgtNDkR9h,全家超商新年禮盒6.9折 我女兒不買保持捷 竟然選這台🤣 1 / 2,2026年2月22日 星期日 下午5:17,,"Photo by 洪君明 on February 22, 2026. May be an image of train, lego, bus and text. | Photo by 洪君明 on February 22, 2026. May be an image of buggy, lego and text.",20000,592,269,4158,https://www.threads.com/@familymart_tw/post/DVLJvyhkivb,左邊是實在，右邊是浪漫,2026年2月25日 星期三 下午4:30,,,589,4,,13
y.un.z_l,https://www.threads.com/@y.un.z_l/post/DVHhofzE12n,我以為台灣人都有一個特殊技能 在袋子裡面播茶葉蛋 1 / 2,2026年2月24日 星期二 上午6:42,,,23000,183,415,211,https://www.threads.com/@familymart_tw/post/DVLGizEkg7H,還有聽得懂「緩光您尖消什麼呢」,2026年2月25日 星期三 下午4:02,,,1467,12,5,37
bettermilk.tw,https://www.threads.com/@bettermilk.tw/post/DVJO6GQE5_Y,親愛的，哞家的牛牛也很會唱歌， 只要你喜歡，哞就唱給寶貝聽～～🐮🤩,2026年2月24日 星期二 下午10:37,@familymart_tw,"Photo by 鮮乳坊 on February 24, 2026. May be an image of calf and text.",225,2,,3,https://www.threads.com/@familymart_tw/post/DVJRLWzkvLy,哞💚💙,2026年2月24日 星期二 下午10:57,,,85,,,
anli._.17,https://www.threads.com/@anli._.17/post/DVIUBuEk9PP,"最近看到幾個很好笑的
我姓陳 耳東陳 我姓林 雙木林 我姓許 吸魚許 我姓黃 耶樓黃 我姓賴 普拿疼",2026年2月24日 星期二 下午2:02,,,55000,611,1972,9796,https://www.threads.com/@familymart_tw/post/DVJMuEwkil_,店員：末三碼 客人：520 店員：姓符嗎？ 客人：就還可以吧,2026年2月24日 星期二 下午10:18,,,20000,40,266,1115
momoshopping_,https://www.threads.com/@momoshopping_/post/DVFTeg0j0Kk,開工可以跟我說那四個字嗎🙃,2026年2月23日 星期一 上午10:00,,,358,218,3,6,https://www.threads.com/@familymart_tw/post/DVGR5chEmry,全家取貨,2026年2月23日 星期一 下午7:05,,,276,2,2,
imchiwen,https://www.threads.com/@imchiwen/post/DVDbR-bknyX,"貓咪日常
把兩隻的衣服拿去繡名字，還問老闆是不是很少人像我這樣。 闆：沒有啦，很多養狗的也都會這樣啦，阿你養什麼狗 我：抱歉我養貓⋯ 1 / 2",2026年2月22日 星期日 下午4:30,,"Photo by Amber Huang on February 22, 2026. May be an image of hat and text that says 'FamilyMart Famil fasirtart FamilyMart yMart E E -'. | Photo by Amber Huang on February 22, 2026. May be an image of kitten, bandanna, bowtie and text. | Photo by Amber Huang on February 22, 2026. May be an image of Abyssinian cat, kitten, vest, fur, bowtie and text that says '財酷 而給 財'. | Photo by Amber Huang on February 22, 2026. May be an image of kitten, bandanna and text. | Photo by Amber Huang on February 22, 2026. May be an image of kitten, Abyssinian cat, bandanna and text. | Photo by Amber Huang on February 22, 2026. May be an image of kitten, bandanna, bowtie and text. | Photo by Amber Huang on February 22, 2026. May be an image of kitten, Abyssinian cat, bandanna and text.",30000,633,1143,12000,https://www.threads.com/@familymart_tw/post/DVF71TsEjt9,被叫來看苦瓜店長💚💙,2026年2月23日 星期一 下午3:53,,,350,,,1
3030how,https://www.threads.com/@3030how/post/DVB7EP0E9-E,"我單方面宣布宣布 可能不是第一屆《現在才知道的事》正式開始 參賽選手如下：
1.18歲才知道開關標誌是這樣來的",2026年2月22日 星期日 上午2:29,,"Photo by 白告 on February 21, 2026. May be an image of ‎light switch, thermostat, socket and ‎text that says '‎+ ل‎'‎‎.",110000,1859,3842,12000,https://www.threads.com/@familymart_tw/post/DVFox1vkmzs,全家小編的生日是 7/11,2026年2月23日 星期一 下午1:06,,,6282,35,9,94
yui_ajjsnzn,https://www.threads.com/@yui_ajjsnzn/post/DU-hAG2gd_8,挑戰被什麼小編回就買什麼東西 1 / 2,2026年2月20日 星期五 下午6:43,,,55000,3775,366,1666,https://www.threads.com/@familymart_tw/post/DVDmMZuEosE,要不要來我家看貓咪後空翻,2026年2月22日 星期日 下午6:05,,"Photo by 全家便利商店_台灣 on February 22, 2026. May be an image of cat and text.",352,2,,1
raccoon_00011,https://www.threads.com/@raccoon_00011/post/DU6J62fE4vH,"流量密碼
追加全家！！！🥳 1 / 2",2026年2月19日 星期四 上午2:05,,"Photo by 呱仔仔 on February 18, 2026. May be an illustration.",31000,268,890,1646,https://www.threads.com/@familymart_tw/post/DVDmAjZEsa8,💚💙,2026年2月22日 星期日 下午6:03,,,559,2,,
birds_family66310,https://www.threads.com/@birds_family66310/post/DU955n0E6IJ,"全家
全家有缺人嗎？我女鵝可以去打工😆",2026年2月20日 星期五 下午1:02,,"Photo by JC家-雪寶包 on February 19, 2026. May be an image of goose, duck, duckling and text. | Photo by JC家-雪寶包 on February 19, 2026. May be an image of goose, duckling and duck.",30000,419,314,2349,https://www.threads.com/@familymart_tw/post/DVAJXkekmFY,歡鵝光臨💚💙 請給我一杯大冰拿,2026年2月21日 星期六 上午9:55,,,1595,2,,5
di86u5kj,https://www.threads.com/@di86u5kj/post/DU6uLPFk-7R,"分享日常
你好陌生人 我快碎了🥹 雖然我知道我是男生不會有人在乎 但還是想問一下 有人可以分享最近遇到的開心的事嗎 1 / 2",2026年2月19日 星期四 上午7:22,,,20000,3791,321,418,https://www.threads.com/@familymart_tw/post/DU9-n8fEh2k,我家的貓咪會後空翻,2026年2月20日 星期五 下午1:43,,"Photo by 全家便利商店_台灣 on February 19, 2026. May be an image of cat.",161,1,,3
museacg,https://www.threads.com/@museacg/post/DU8khYcAfuy,突然發現年假快過完了...🥲 1 / 2,2026年2月20日 星期五 上午12:36,,,27000,324,198,327,https://www.threads.com/@familymart_tw/post/DU97gcUEhn_,棉，新年快樂❤️🧧,2026年2月20日 星期五 下午1:16,,,10000,57,29,136
angel4500,https://www.threads.com/@angel4500/post/DU4U_czD4TB,女友縮在沙發上 一反常態的瑟瑟發抖 我問她怎麼回事？ 她說： 「廚房裡有不乾淨的東西」 我衝過去一看 原來碗沒洗,2026年2月18日 星期三 上午9:03,,,54000,114,1155,10000,https://www.threads.com/@familymart_tw/post/DU7dw3mEt1Y,最近到全家結帳，也會看到毛毛的東西…,2026年2月19日 星期四 下午2:17,,"Photo by 全家便利商店_台灣 on February 18, 2026. May be an image of cat.",519,2,,21
raccoon_00011,https://www.threads.com/@raccoon_00011/post/DU4UEFgkwIp,"棉蝦99
昨天想了很久還是覺得蝦皮是會說出這種話的… 1 / 2",2026年2月18日 星期三 上午8:55,,"Photo by 呱仔仔 on February 17, 2026. May be pop art. | Photo by 呱仔仔 on February 17, 2026. May be an illustration.",39000,314,1882,3999,https://www.threads.com/@familymart_tw/post/DU5JrmNEhNB,全家取貨,2026年2月18日 星期三 下午4:43,,,5578,30,13,17
wenwe0106,https://www.threads.com/@wenwe0106/post/DU4xdepEm5W,"蝦棉99
木棉花！你的蝦皮要被拐走了～ @museacg 1 / 2",2026年2月18日 星期三 下午1:12,,"Photo by 妤小羅Wendy on February 17, 2026. May be a Twitter screenshot.",39000,606,589,3323,https://www.threads.com/@familymart_tw/post/DU4_rBckt7s,過年要不要來我家看貓咪後空翻？,2026年2月18日 星期三 下午3:16,,,10000,36,23,126
eileen.otato,https://www.threads.com/@eileen.otato/post/DU3v2_Ik8Rw,"全家711
蛤為什麼沒有人嗑全家跟711",2026年2月18日 星期三 上午3:39,,,8592,150,77,209,https://www.threads.com/@familymart_tw/post/DU4-l8mkh7A,熟知識： 全家小編是7/11生日,2026年2月18日 星期三 下午3:07,,,27000,53,151,326
lovet96316,https://www.threads.com/@lovet96316/post/DU4b0PykhVS,今天初二 去全家便商店消費222元 就能看貓咪後空翻,2026年2月18日 星期三 上午10:05,,,22000,178,639,11000,https://www.threads.com/@familymart_tw/post/DU49y5okobw,要來我家看貓咪後空翻嗎？,2026年2月18日 星期三 下午3:00,,,2713,7,3,53
johnlin50,https://www.threads.com/@johnlin50/post/DU2Vbrnifzv,全家跟巧之味合作的水餃！很可以耶 1 / 2,2026年2月17日 星期二 下午2:28,,"Photo by John Lin on February 16, 2026. May be an image of hot pot, shiitake mushrooms, tofu, dumpling and pot. | Photo by John Lin on February 16, 2026. May be an image of tofu, vegetable and dumpling.",968,53,13,982,https://www.threads.com/@familymart_tw/post/DU3ELErEhwR,很可以🥟,2026年2月17日 星期二 下午9:17,,,46,1,,
doc_hsunchen,https://www.threads.com/@doc_hsunchen/post/DU1-f8LifI7,可不可以拜託推薦一些廟的帳號讓我可以去底下「🙏🙏🙏🙏🙏」作為值班醫師的年節參拜的。,2026年2月17日 星期二 上午11:08,,,15000,3184,701,3926,https://www.threads.com/@familymart_tw/post/DU3Cz5ZEgMY,"大甲鎮瀾宮 桃園慈護宮 西螺福興宮￼
🙏🙏🙏",2026年2月17日 星期二 下午9:05,,"Photo by 全家便利商店_台灣 on February 17, 2026. May be an image of temple. | Photo by 全家便利商店_台灣 on February 17, 2026. May be an image of temple. | Photo by 全家便利商店_台灣 on February 17, 2026. May be an image of lantern and temple.",234,8,,1
axel._hx92,https://www.threads.com/@axel._hx92/post/DU0UODQAavI,過年清阿嬤的冰箱 發現肉粽已經要讀國小了 1 / 2,2026年2月16日 星期一 下午7:39,,,170000,2367,7137,42000,https://www.threads.com/@familymart_tw/post/DU2rFYdEidS,全台阿嬤的冰箱都需要推行友善食光,2026年2月17日 星期二 下午5:38,,,415,,1,8
yatan_strawberry,https://www.threads.com/@yatan_strawberry/post/DUsNl35EqLV,寫春聯的叔叔竟然答應我荒唐的要求,2026年2月13日 星期五 下午4:07,,"Photo by 舞夜天高架草莓園 on February 13, 2026. May be an image of mallard, duckling, duck, rabbit hutch and cage.",62000,233,2166,6775,https://www.threads.com/@familymart_tw/post/DUzcgLgEn4e,那叔叔有機會實現這個嗎🥺,2026年2月16日 星期一 上午11:32,,"Photo by 全家便利商店_台灣 on February 15, 2026. May be an image of chopsticks.",1338,3,7,30
seacomedian,https://www.threads.com/@seacomedian/post/DUsG1W1k9ck,"在高鐵站聽到路人講話： 哇人這麼多成這樣子，好像在過年一樣。
？？？？？",2026年2月13日 星期五 下午3:08,,,20000,72,234,709,https://www.threads.com/@familymart_tw/post/DUzYsNpkgVu,哇 哈密瓜霜淇淋過年第二支 5 元，簡直就像一支只要 27 元一樣！,2026年2月16日 星期一 上午10:59,,,171,5,1,
keke_foodie_fun,https://www.threads.com/@keke_foodie_fun/post/DUspUNkkgF6,倒底誰會在內用格子寫對,2026年2月13日 星期五 下午8:10,,"Photo by 柯柯的社畜樂週末｜台中美食｜彰化美食 on February 13, 2026. May be an image of ticket stub, calendar and crossword puzzle.",84000,593,1917,8680,https://www.threads.com/@familymart_tw/post/DUxX2dgEsw4,學會了,2026年2月15日 星期日 下午4:13,,"Photo by 全家便利商店_台灣 on February 15, 2026. May be an image of wafer. | Photo by 全家便利商店_台灣 on February 15, 2026. May be an image of shiitake mushrooms.",14000,19,54,207
1_fiiny,https://www.threads.com/@1_fiiny/post/DUvJoecgWkZ,想說怎麼那麼貴 原來是有附贈小石頭 1 / 2,2026年2月14日 星期六 下午7:33,,,41000,427,183,1600,https://www.threads.com/@familymart_tw/post/DUw193Mkvbl,"不好意思⋯⋯ 您購買到的是臺灣地形限定典藏款的夯番薯，加上俗頭完美坐落在山脈的位置，算是一種守護石🪨 這是一顆地理課等級的夯番薯，不是每顆都有的，只專薯於您🍠
全家祝您新年快樂，馬年擁有薯不盡的財富",2026年2月15日 星期日 上午11:17,,,62000,159,157,523
luiy_65,https://www.threads.com/@luiy_65/post/DUqmysQk6Xs,嘻嘻嘻嘻嘻嘻 我有女朋友了 跟我說那四個字 1 / 3,2026年2月13日 星期五 上午1:09,,,19000,4961,122,991,https://www.threads.com/@familymart_tw/post/DUs1EeMEn3u,會員載具,2026年2月13日 星期五 下午9:52,,,55000,90,249,1079
_.hyunsh,https://www.threads.com/@_.hyunsh/post/DUnU1BHgWS_,為什麼誇誇女都喜歡誇別人香香軟軟的小蛋糕啊 香香軟軟的蘿蔔糕也可以啊 或是 紅龜粿之類的,2026年2月11日 星期三 下午6:34,,,30000,540,1954,4261,https://www.threads.com/@familymart_tw/post/DUsBd_VEt1I,甜的 Fami!ce 北海道哈密瓜霜淇淋也可以呀 翻譯,2026年2月13日 星期五 下午2:22,,,47,,,1
lindayu1020,https://www.threads.com/@lindayu1020/post/DUmhQrOj_uM,"全家便利商店
全家霜淇淋開大絕了~~~ 根本最強CP組合‼️‼️ 贅澤巧克力的苦甜大人味 100%北海道哈密瓜的清爽果香 分手或在一起都很好吃🤤
期間限定，猶豫就吃不到了！ 1 / 2",2026年2月11日 星期三 上午11:04,,"Photo by 丸子 on February 10, 2026. May be an image of gelato, cash machine and vending machine.",10000,198,217,13000,https://www.threads.com/@familymart_tw/post/DUp0HmdEmQk,懂吃大吃！,2026年2月12日 星期四 下午5:46,,,109,1,,2
yoyo_zyc,https://www.threads.com/@yoyo_zyc/post/DUo5iriE9iU,"Q：什麼樣的中英夾雜句子會讓你覺得很親切，沒有什麼裝B感？
A：WiFi密碼是什麼？",2026年2月12日 星期四 上午9:15,,,23000,560,281,920,https://www.threads.com/@familymart_tw/post/DUpu_R1kp5o,小心喔這個夯番薯剛出爐，還是 Shoulder,2026年2月12日 星期四 下午5:02,,,331,,,5
moana_cc,https://www.threads.com/@moana_cc/post/DUmjBxFiZlD,以後要找一個願意幫我吃茶葉蛋蛋白的男朋友🙂‍↕️,2026年2月11日 星期三 上午11:19,,"Photo by @moana_cc on February 10, 2026. May be an image of boiled egg. | Photo by @moana_cc on February 10, 2026. May be an image of egg yolk, boiled egg and Easter egg.",14000,551,152,582,https://www.threads.com/@familymart_tw/post/DUpKXNyEoUC,祝你也能找到一個 願意把霜淇淋尖尖地方給你吃的男朋友,2026年2月12日 星期四 上午11:41,,,283,3,,5
chianiii,https://www.threads.com/@chianiii/post/DUmZT9DD_is,剛搭捷運看到有個妹妹拿著捕蟲網揮 想說看看飼養箱哪個昆蟲這麼慘 結果沒想到寶寶她養的是三明治 😭😭😭哭死 養的超好,2026年2月11日 星期三 上午9:54,,"Photo by ChiaNi on February 10, 2026. May be an image of bucket and plastic bag. | Photo by ChiaNi on February 10, 2026. May be an image of plastic bag and bucket. | Photo by ChiaNi on February 10, 2026. May be an image of bucket, dustpan and plastic bag.",26000,89,830,2473,https://www.threads.com/@familymart_tw/post/DUnNz7SEjog,我家也有養欸，我們家的叫洪瑞珍,2026年2月11日 星期三 下午5:33,,"Photo by 全家便利商店_台灣 on February 11, 2026. May be an image of breadstick and wafer.",420,1,,12
ohyaya_turtle,https://www.threads.com/@ohyaya_turtle/post/DUknn4-D99H,我表達能力： 1 / 2,2026年2月10日 星期二 下午5:21,,"Photo by 老爺爺龜 on February 10, 2026.",38000,151,1372,1871,https://www.threads.com/@familymart_tw/post/DUnDveDkpw7,大家結帳記得要拿載具給我們嗶嗶喔,2026年2月11日 星期三 下午4:05,,,257,2,,1
orad_238aka,https://www.threads.com/@orad_238aka/post/DUixuWek5Ku,前女友離開我 因為她嫌我英文不好 笑死 我一點都不car...,2026年2月10日 星期二 上午12:11,,,70000,3512,2265,24000,https://www.threads.com/@familymart_tw/post/DUnDngXEns6,霜淇淋的英文簡單啦：Ice Queen🍦,2026年2月11日 星期三 下午4:04,,,341,1,,11
safetaiwan,https://www.threads.com/@safetaiwan/post/DUhURkXE3kn,"Threads
我自行宣布 Threads第二屆《沒人知道的冷知識》大賽 正式開始
小編先來：LINE的「已讀」功能源自日本311大地震，旨在災害時確認親友安全❤️ 1 / 2",2026年2月9日 星期一 上午10:34,,,28000,1632,1155,3022,https://www.threads.com/@familymart_tw/post/DUmpOiTElcK,全家有「寄物+」服務，出去玩行李太多找不到置物櫃、買了朋友的蛋糕沒地方冰，來全家就可以寄放而且超便宜，一天最多 30 元⋯,2026年2月11日 星期三 下午12:13,,,6786,54,160,1964
ganma_0629,https://www.threads.com/@ganma_0629/post/DUelMfvEv4k,"人之常情
這一生撒過最大的謊 我已閱讀並同意使用者條款 1 / 2",2026年2月8日 星期日 上午9:04,,,45000,179,1186,398,https://www.threads.com/@familymart_tw/post/DUmm2UNkhc3,買一個麵包當明天早餐吃,2026年2月11日 星期三 上午11:53,,"Photo by 全家便利商店_台灣 on February 10, 2026. May be an image of cake, oatmeal cookies, wafer and toast.",2706,15,5,22
hsu_11.19,https://www.threads.com/@hsu_11.19/post/DUiLHTqEYqp,全家的護照都放在全家,2026年2月9日 星期一 下午6:33,,"Photo by 許大 on February 09, 2026. May be an image of video games, battery, printer and tablet.",160000,1402,3278,26000,https://www.threads.com/@familymart_tw/post/DUiWIC_kmLo,全家就是你家⋯⋯⋯⋯？ 出國前記得從家帶護照 全家關心您,2026年2月9日 星期一 下午8:10,,,35000,25,43,275
fangyi_0923,https://www.threads.com/@fangyi_0923/post/DUg9DBLEgtF,Day694,2026年2月9日 星期一 上午7:11,,"Photo by 芳宜 on February 08, 2026. May be an image of rack and pegboard.",12000,211,35,99,https://www.threads.com/@familymart_tw/post/DUiTBiTEoY3,被被，明天天氣會回暖一點點,2026年2月9日 星期一 下午7:42,,,517,,1,
rou_baozi20250402,https://www.threads.com/@rou_baozi20250402/post/DUahufIESUF,全家冰淇淋銷售員😆 （頭套去年全家出的） 1 / 2,2026年2月6日 星期五 下午7:17,,"Photo by 🐱 肉包&胖虎&饅頭 on February 06, 2026. May be an image of bowtie, card, bandanna, petfood and sweat band. | Photo by 🐱 肉包&胖虎&饅頭 on February 06, 2026. May be an image of kitten, Abyssinian cat, bowtie and fur. | Photo by 🐱 肉包&胖虎&饅頭 on February 06, 2026. May be an image of kitten, Abyssinian cat, Persian cat and tortoiseshell cat. | Photo by 🐱 肉包&胖虎&饅頭 on February 06, 2026. May be an image of Abyssinian cat, tortoiseshell cat and kitten. | Photo by 🐱 肉包&胖虎&饅頭 on February 06, 2026. May be an image of kitten, Abyssinian cat, tortoiseshell cat and Persian cat. | Photo by 🐱 肉包&胖虎&饅頭 on February 06, 2026. May be an image of kitten, Abyssinian cat, Persian cat and tortoiseshell cat. | Photo by 🐱 肉包&胖虎&饅頭 on February 06, 2026. May be an image of Abyssinian cat, kitten, tortoiseshell cat, Persian cat and bowtie. | Photo by 🐱 肉包&胖虎&饅頭 on February 06, 2026. May be an image of kitten, Abyssinian cat, Persian cat and tortoiseshell cat.",1480,32,15,181,https://www.threads.com/@familymart_tw/post/DUcjsdvkh9j,請給我2支霜淇淋 太⋯太⋯太可愛💗,2026年2月7日 星期六 下午2:13,,,195,1,,
aadd2219,https://www.threads.com/@aadd2219/post/DUa49UGE3_y,"全家貓貓店長上班囉 自己的罐罐自己賣 🥰
@yto.blueworld @familymart_tw",2026年2月6日 星期五 下午10:40,,"Photo by Chang Chia Chen on February 06, 2026. May be an image of kitten, Abyssinian cat and petfood. | Photo by Chang Chia Chen on February 06, 2026. May be an image of kitten, Abyssinian cat and petfood. | Photo by Chang Chia Chen on February 06, 2026. May be an image of kitten and petfood.",220,18,,4,https://www.threads.com/@familymart_tw/post/DUcjlXMksUD,藍色世界的喵ฅ^•ﻌ•^ฅ,2026年2月7日 星期六 下午2:12,,,43,1,,
whitebadbad,https://www.threads.com/@whitebadbad/post/DUaYFAok18L,"買到了 但店員非要我說出那兩個字
我問：請問今天店裡面有熱狗的加價商品嗎？ 店員：什麼東西？ 我：就是買熱狗加價39元的那個 店員：我不太確定那是什麼欸 我：熱貓🥹🥹
店員：哦～～有🙂‍↕️🙂‍↕️",2026年2月6日 星期五 下午5:53,,"Photo by 除草專家 on February 06, 2026. May be an image of wafer and durian. | Photo by 除草專家 on February 06, 2026. May be an image of stapler, paper weight and sharpener.",4575,50,48,354,https://www.threads.com/@familymart_tw/post/DUcjf_tkisw,說出來 喵ฅ^•ﻌ•^ฅ,2026年2月7日 星期六 下午2:11,,,381,1,,2
traveler00000001,https://www.threads.com/@traveler00000001/post/DUXH9OFgRJl,好的，沒問提拉米蘇 1 / 2,2026年2月5日 星期四 上午11:34,,"Photo by 可愛即是正義 on February 04, 2026.",150000,4173,10000,52000,https://www.threads.com/@familymart_tw/post/DUZ1Lr7kmCe,大家的留言都好厲害，真了不起司舒芙蕾布丁,2026年2月6日 星期五 下午12:48,,,910,2,4,37
aabu_w,https://www.threads.com/@aabu_w/post/DUXzvtpkz7q,"Twice
👤：可以拍攝嗎？ 店員：可以可以TWICE’s is fans okey! 🐹：（轉頭）嘿嘿Thank you~ 店員：（？？？？？？？） 🐹：啊～因為是TWICE的粉絲所以可以拍攝嗎？我現在被發現是Sana了？ㅋㅋ 🐹：現在在放我們的歌？ㅠㅠ 👤：這整個城市好像沒有一個地方不放我們的歌
—— 想回到高雄整個11月都是TWICE的時候ㅠㅠ",2026年2月5日 星期四 下午6:07,,,27000,54,1135,1641,https://www.threads.com/@familymart_tw/post/DUZpG0yktEF,"Sana幸福嗎～🐹 今天的我又幸福了🥺
全家就是你家 Sana歡迎回家",2026年2月6日 星期五 上午11:02,,,1472,6,15,31
zny._wi,https://www.threads.com/@zny._wi/post/DUVPmHzCe2I,"台灣人必備技能 part 2
當坐車的時候到家前一個路口轉彎一定會醒來",2026年2月4日 星期三 下午6:02,,,32000,57,1773,606,https://www.threads.com/@familymart_tw/post/DUX3wVvEsTS,要結 274 元的商品但不想要太多零錢，會拿 324 元給店員,2026年2月5日 星期四 下午6:32,,,1448,4,1,10
oyst.er8943,https://www.threads.com/@oyst.er8943/post/DUU42G6kjjW,你的貓壓吐司請再稍等兩分鐘😍 1 / 2,2026年2月4日 星期三 下午2:44,,"Photo by @oyst.er8943 on February 03, 2026. May be an image of bread.",16000,75,465,3734,https://www.threads.com/@familymart_tw/post/DUXbOfBkjBO,這邊是剛出爐的熱貓🐱🌭,2026年2月5日 星期四 下午2:23,,"Photo by 全家便利商店_台灣 on February 04, 2026. May be an image of printer, sharpener, vending machine and stapler.",1523,12,3,55
womanqueen42,https://www.threads.com/@womanqueen42/post/DUUoF5zk75H,"全家便利商店
貓奴快收😍😍😍 今天不吃熱狗！改吃「熱貓」🐱 超Q貓制服必收，讓你家主子變店長 1 / 2",2026年2月4日 星期三 下午12:17,,"Photo by 女人我最大👠 on February 03, 2026. May be an image of sausage and bread. | Photo by 女人我最大👠 on February 03, 2026. | Photo by 女人我最大👠 on February 03, 2026. May be an image of lego and petfood. | Photo by 女人我最大👠 on February 03, 2026. May be an image of pet and bandanna.",551,8,12,679,https://www.threads.com/@familymart_tw/post/DUXbFkNktC_,喵ฅ●ω●ฅ 翻譯,2026年2月5日 星期四 下午2:21,,,53,1,,3
r_po0608,https://www.threads.com/@r_po0608/post/DUUe983E1i2,"全家
剛剛去全家買回很荒謬的東西，熱貓",2026年2月4日 星期三 上午10:57,,"Photo by 噗瓦滴家👻 on February 03, 2026. May be an image of bread, sausage and pie. | Photo by 噗瓦滴家👻 on February 03, 2026. May be an image of pen, stapler, water bottle, corkscrew, screwdriver and can opener.",137,9,,31,https://www.threads.com/@familymart_tw/post/DUXbE7nEuHp,喵ฅ●ω●ฅ 翻譯,2026年2月5日 星期四 下午2:21,,,27,,,
foody_tw,https://www.threads.com/@foody_tw/post/DUUkc0xEeVR,"全家
全家是嗑了什麼！？！ 竟然推出放熱狗的「熱貓」🐱 還是盲盒形式有機會抽中黃金熱貓！！ 店家還有大貓貓進駐超可愛💕",2026年2月4日 星期三 上午11:45,,"Photo by Foody 吃貨 on February 03, 2026. May be an image of stapler, sharpener and eclair. | Photo by Foody 吃貨 on February 03, 2026. May be an image of lego. | Photo by Foody 吃貨 on February 03, 2026. May be an image of signboard. | Photo by Foody 吃貨 on February 03, 2026. May be an image of vending machine. | Photo by Foody 吃貨 on February 03, 2026. May be an image of refrigerator, air conditioner, cooler and vending machine.",79,2,1,22,https://www.threads.com/@familymart_tw/post/DUXbDJYktFy,喵ฅ●ω●ฅ 翻譯,2026年2月5日 星期四 下午2:21,,,1,,,
c8.chang,https://www.threads.com/@c8.chang/post/DUVEqDOAVpM,"便利商店
熱貓真的太白痴了🤣 到底誰想出這個的啦！ 請受我一拜🧎",2026年2月4日 星期三 下午4:28,,,92,12,3,293,https://www.threads.com/@familymart_tw/post/DUXbBycEvcF,喵ฅ●ω●ฅ 翻譯,2026年2月5日 星期四 下午2:21,,,4,,,
emilyrockcat,https://www.threads.com/@emilyrockcat/post/DUUb8ovk0xw,"全家
熱貓get 請問到底可以拿來裝什麼（熱狗除外）",2026年2月4日 星期三 上午10:31,,"Photo by 怡柔 Emily イジュ👾 on February 03, 2026. May be an image of sausage.",939,73,3,247,https://www.threads.com/@familymart_tw/post/DUXa-F4Enth,喵ฅ●ω●ฅ 翻譯,2026年2月5日 星期四 下午2:20,,,11,,,
w_senc,https://www.threads.com/@w_senc/post/DUWtDZuE1UP,"全家
一早起床先衝去全家 領貓貓制服趕著兩隻去打工了！！😻",2026年2月5日 星期四 上午7:39,,"Photo by 詩詩🌸 on February 04, 2026. May be an image of Abyssinian cat, tortoiseshell cat, kitten and bandanna.",13000,247,290,4961,https://www.threads.com/@familymart_tw/post/DUXT8K2Ep3j,來，報（抱）一下哦～🥺❤️,2026年2月5日 星期四 下午1:19,,,90,2,,
sunny59618,https://www.threads.com/@sunny59618/post/DUVBr9kDzxs,"全家熱貓
誰會買這個裝熱狗啊？ 我朋友：可以裝50硬幣ㄟ（興奮分享中） 1 / 2",2026年2月4日 星期三 下午4:01,,"Photo by Yiwen on February 04, 2026. May be an image of stapler, paper weight and computer keyboard. | Photo by Yiwen on February 04, 2026. May be an image of paper weight, stapler, computer keyboard and measuring cups.",1855,45,22,793,https://www.threads.com/@familymart_tw/post/DUW5n6LEros,招財熱貓(=•ﻌ•´=)🐾,2026年2月5日 星期四 上午9:29,,,17,1,,
su._____.daily,https://www.threads.com/@su._____.daily/post/DUVecqNj71a,"全家
熱貓根本底片盒🎞️😻",2026年2月4日 星期三 下午8:12,,"Photo by 阿蘇 on February 04, 2026. May be an image of pencil case.",7950,150,226,3550,https://www.threads.com/@familymart_tw/post/DUW3-r-kggo,ฅ^•ﻌ•^ฅ❤️ 翻譯,2026年2月5日 星期四 上午9:15,,,69,1,1,
hylannie1213,https://www.threads.com/@hylannie1213/post/DUSfEack1ob,全家外面長出很大的半隻貓耶,2026年2月3日 星期二 下午4:20,,"Photo by 蕭妍琳 on February 03, 2026. May be an image of sculpture. | Photo by 蕭妍琳 on February 03, 2026.",6014,21,47,238,https://www.threads.com/@familymart_tw/post/DUU_EZUkgGG,來擼貓ฅ^•ﻌ•^ฅ,2026年2月4日 星期三 下午3:38,,,114,2,,
hessellorar,https://www.threads.com/@hessellorar/post/DUUOhqxk4Gn,"全家熱貓
連兩抽都是橘色 有沒有台中人要跟我換一隻黑色的😭😭😭 吃熱狗吃到快吐了",2026年2月4日 星期三 上午8:34,,"Photo by ⠀⠀⠀⠀⠀⠀ on February 03, 2026. May be an image of lollipop. | Photo by ⠀⠀⠀⠀⠀⠀ on February 03, 2026. May be an image of stapler, sharpener, sausage and petfood. | Photo by ⠀⠀⠀⠀⠀⠀ on February 03, 2026. | Photo by ⠀⠀⠀⠀⠀⠀ on February 03, 2026.",2291,59,19,1102,https://www.threads.com/@familymart_tw/post/DUU-7zjkuyy,黑橘熱貓,2026年2月4日 星期三 下午3:37,,,97,2,1,35
xyvchun,https://www.threads.com/@xyvchun/post/DUUx1KqE6WI,請問吊飾的材質可以直接接觸有油的熱食（熱狗）嗎？,2026年2月4日 星期三 下午1:42,@familymart_tw,,,1,,,https://www.threads.com/@familymart_tw/post/DUUyyN2EkCC,,2026年2月4日 星期三 下午1:51,,"Photo by 全家便利商店_台灣 on February 03, 2026. May be an image of sharpener and socket.",6,,,1
beauty321,https://www.threads.com/@beauty321/post/DUUpgAIDx0_,"貓之日
全家真的有「熱貓」了😹 貓之日推「熱貓造型吊飾」，還有機會抽價值約15萬的「黃金熱貓」！ 1 / 2",2026年2月4日 星期三 下午12:30,,"Photo by BEAUTY美人圈 on February 03, 2026. May be an image of sharpener, stapler and sausage. | Photo by BEAUTY美人圈 on February 03, 2026. May be an image of petfood. | Photo by BEAUTY美人圈 on February 03, 2026. May be an image of bear. | Photo by BEAUTY美人圈 on February 03, 2026. May be an image of kitten, Abyssinian cat and neckwear.",65,3,1,12,https://www.threads.com/@familymart_tw/post/DUUqdNOktxo,我需要熱貓ฅ^•ﻌ•^ฅ,2026年2月4日 星期三 下午12:38,,,13,,,1
randomfunshiiit,https://www.threads.com/@randomfunshiiit/post/DUSDrVsEbPh,"諧音梗
馬鈴薯🗣️🥔👌",2026年2月3日 星期二 下午12:21,,"Photo by Randomfunshit on February 02, 2026. May be an image of vegetable.",3750,17,236,793,https://www.threads.com/@familymart_tw/post/DUUXN1SEmGB,,2026年2月4日 星期三 上午9:50,,"Photo by 全家便利商店_台灣 on February 03, 2026. May be an image of bread, newspaper and pie.",50,1,,1
bettermilk.tw,https://www.threads.com/@bettermilk.tw/post/DUUHXUlk8sJ,如果你打「ㄒㄖㄈ」 出現的是鮮乳坊 那我們的相遇就不是巧合 是命中注定 🐮🫶🏻🐮 1 / 2,2026年2月4日 星期三 上午7:31,,,351,781,4,6,https://www.threads.com/@familymart_tw/post/DUUSZslklzu,鮮乳坊💚💙,2026年2月4日 星期三 上午9:08,,,32,2,,
food_yorkie,https://www.threads.com/@food_yorkie/post/DUR0kStE-xY,全家新口味贅澤巧克力霜淇淋上市 不過那不是重點 重點是+$18加購的金鏟匙 質感也太好了 還是304不銹鋼的 1 / 2,2026年2月3日 星期二 上午10:09,,"Photo by Yorkie Ma 吃東西 on February 02, 2026. May be an image of shovel, tongs, spoon, spatula, scraper and soup spoon.",33000,455,628,35000,https://www.threads.com/@familymart_tw/post/DUR_3qBkh0H,+18元一支，「金」鏟招財納福 2/5開賣❤️,2026年2月3日 星期二 上午11:47,,,1911,13,4,397
z1111._0,https://www.threads.com/@z1111._0/post/DUPFyybD7m7,聽說把名字套上O小O就會變可愛 我試過了 我被男友名字可愛死,2026年2月2日 星期一 上午8:41,,,20000,602,516,11000,https://www.threads.com/@familymart_tw/post/DUR9XIqkoB6,你這個 香小菜❤️,2026年2月3日 星期二 上午11:25,,"Photo by 全家便利商店_台灣 on February 02, 2026. May be an image of milk and juice.",56,2,,3
angela_satou,https://www.threads.com/@angela_satou/post/DUPSN84D98u,"日本大胃王
今天的早餐（小鳥的胃）🐦
接下來要去嘉義市囉～",2026年2月2日 星期一 上午10:30,,"Photo by アンジェラ佐藤 on February 01, 2026. May be an image of napkin, boiled egg and soy sauce. | Photo by アンジェラ佐藤 on February 01, 2026.",23000,232,127,1077,https://www.threads.com/@familymart_tw/post/DUR6Dp1EjEz,"Angela 桑您好，歡迎來全家品嚐台灣特色香菜奶茶，喜歡的話多喝幾瓶沒關係！
Angela 佐藤さん、こんにちは。ファミリーマートで台湾名物のパクチーミルクティーをぜひどうぞ。気に入ったら、何本でもOKです！",2026年2月3日 星期二 上午10:56,,,141,1,1,2
written_in_love9,https://www.threads.com/@written_in_love9/post/DUNYk_4EiCL,"我自行宣布
Threads第一屆《土味情話》大賽 正式開始 我:帶異性去買飲料時跟他說 :《你不適合全糖和半糖適合我的胸膛》 選手如下：",2026年2月1日 星期日 下午4:47,,,6020,293,599,3709,https://www.threads.com/@familymart_tw/post/DUR5U0_EgdL,我應該是一支 Fami!ce 因為你一開口 我就融化了,2026年2月3日 星期二 上午10:50,,,36,,,4
nehc_nemar,https://www.threads.com/@nehc_nemar/post/DUPoW0jk34a,"拉麵
九州的拉麵真的好好吃喔😭😭",2026年2月2日 星期一 下午1:43,,"Photo by @nehc_nemar on February 01, 2026. May be an image of coleslaw and vegetable. | Photo by @nehc_nemar on February 01, 2026. | Photo by @nehc_nemar on February 01, 2026. | Photo by @nehc_nemar on February 01, 2026. | Photo by @nehc_nemar on February 01, 2026. May be an image of pot, vegetable and dumpling. | Photo by @nehc_nemar on February 01, 2026. | Photo by @nehc_nemar on February 01, 2026. | Photo by @nehc_nemar on February 01, 2026. May be an image of noodles. | Photo by @nehc_nemar on February 01, 2026. May be an image of vegetable. | Photo by @nehc_nemar on February 01, 2026. | Photo by @nehc_nemar on February 01, 2026. | Photo by @nehc_nemar on February 01, 2026. | Photo by @nehc_nemar on February 01, 2026. May be an image of noodles. | Photo by @nehc_nemar on February 01, 2026. May be an image of grits. | Photo by @nehc_nemar on February 01, 2026. | Photo by @nehc_nemar on February 01, 2026. May be an image of juice. | Photo by @nehc_nemar on February 01, 2026. May be an image of vegetable. | Photo by @nehc_nemar on February 01, 2026. May be an image of grits. | Photo by @nehc_nemar on February 01, 2026. | Photo by @nehc_nemar on February 01, 2026. May be an image of bowl.",42000,761,1230,5316,https://www.threads.com/@familymart_tw/post/DUR1QGqksFj,全家霜淇淋也是😭,2026年2月3日 星期二 上午10:14,,"Photo by 全家便利商店_台灣 on February 02, 2026. May be an image of icecream cone.",21000,17,51,315
npm_south,https://www.threads.com/@npm_south/post/DUPzrfnCKEz,「馬」的吉祥話接龍，開始! ：萬馬奔騰 1 / 2,2026年2月2日 星期一 下午3:22,,,2726,777,61,722,https://www.threads.com/@familymart_tw/post/DUP1vmfkutF,都馬可以,2026年2月2日 星期一 下午3:40,,,102,3,,
17.lor_,https://www.threads.com/@17.lor_/post/DUNjgYzk_tu,"我的怪癖： 期中前一晚會在行事曆寫xx之夜 這樣就會有很嗨的感覺 可以爆讀一整晚
例如：會計之夜 統計之夜 期貨之夜 感覺起來就很令人興奮⋯ 1 / 2",2026年2月1日 星期日 下午6:22,,,20000,244,1462,3904,https://www.threads.com/@familymart_tw/post/DUPdLSLEgcT,今天是全家霜淇淋買 2 送 2 之夜,2026年2月2日 星期一 下午12:06,,"Photo by 全家便利商店_台灣 on February 01, 2026. May be an image of icecream cone.",64,1,,4
dai_jason__617,https://www.threads.com/@dai_jason__617/post/DULHRg7Eu_a,拍攝者是怎麼忍住不擦手的⋯,2026年1月31日 星期六 下午7:37,,,3902,15,15,34,https://www.threads.com/@familymart_tw/post/DUNLsJJEunr,今天，你值得一個驚嘆號！,2026年2月1日 星期日 下午2:54,,,2077,1,,4
countingstars888,https://www.threads.com/@countingstars888/post/DUMzXhGEivs,今天星期日我就不信 還有什麼瘋狂小編也在海巡中🌊,2026年2月1日 星期日 上午11:22,,,327,521,,3,https://www.threads.com/@familymart_tw/post/DUNK8YfkuEO,今天天冷要注意保暖，全家就是你家,2026年2月1日 星期日 下午2:48,,,73,2,,
roushihtsai,https://www.threads.com/@roushihtsai/post/DUK1ikVEzH5,"one ok rock
在車上搶 停好車後抱著電腦搶 最後到桃園機場二航廈的全家機台搶 還剛好在播The beginning！！！ 老祖宗保佑喔 買到S5搖滾區✨✨✨",2026年1月31日 星期六 下午5:02,,"Photo by Rose🌹 on January 31, 2026.",439,19,2,11,https://www.threads.com/@familymart_tw/post/DUNBvfCEjgo,謝謝你發現我們播歌的用心 祝場場有票進場✨,2026年2月1日 星期日 下午1:27,,,55,1,,
uzu._.2126,https://www.threads.com/@uzu._.2126/post/DULVrxpE3Di,"TXT TXT TXT MOA MOA MOA
哪個圭擔的栗嘻手燈忘在大巨蛋的全家",2026年1月31日 星期六 下午9:43,,"Photo by 芸🪼 on January 31, 2026. May be an image of bottle and sparkling water.",3824,43,75,136,https://www.threads.com/@familymart_tw/post/DUNBbm3EmzH,推,2026年2月1日 星期日 下午1:25,,,220,,,
wei_ys.adew,https://www.threads.com/@wei_ys.adew/post/DUIBsVBkpr6,突然發現這好像全家的握便當,2026年1月30日 星期五 下午2:51,,"Photo by 王桐惟 on January 29, 2026. | Photo by 王桐惟 on January 29, 2026.",38000,156,977,2865,https://www.threads.com/@familymart_tw/post/DUIVQN5kogt,左邊很有能量，右邊吃了很有能量,2026年1月30日 星期五 下午5:42,,,5280,5,5,20
jyc_0209,https://www.threads.com/@jyc_0209/post/DUFoTIHkcWn,很多語詞反過來唸就是另一個詞語 例： 蜂蜜反過來是蜜蜂 牙刷反過來是刷牙 詞語反過來是語詞 你們還知道哪些？,2026年1月29日 星期四 下午4:30,,,24000,1170,221,1612,https://www.threads.com/@familymart_tw/post/DUIIcOkEt3U,FamilyMart 反過來是 ʇɹɐWʎןı̣ɯɐℲ,2026年1月30日 星期五 下午3:50,,,8001,37,45,133
cute._.babygyu,https://www.threads.com/@cute._.babygyu/post/DUIAhdFEc_1,我要昏倒 好的小編明天吃你家早餐🥺🫰🏻,2026年1月30日 星期五 下午2:41,@familymart_tw,,1685,2,,3,https://www.threads.com/@familymart_tw/post/DUICDAJEqK9,愛你🫰🏻,2026年1月30日 星期五 下午2:54,,,761,,,9
cute._.babygyu,https://www.threads.com/@cute._.babygyu/post/DUHo2BMkemN,姜太顯你不可能去7-11大採購…？？？ 買三大袋也太多了吧？？！！！！！！ 1 / 2,2026年1月30日 星期五 上午11:14,,"Photo by 向日葵熊寶🧸🌻 on January 29, 2026.",44000,118,835,3181,https://www.threads.com/@familymart_tw/post/DUH-TGtEo2U,這我家,2026年1月30日 星期五 下午2:21,,,26000,24,33,301
captain.lu,https://www.threads.com/@captain.lu/post/DUFeJeqEfJ4,我喜歡那種走路停下來會靜止的人 1 / 2,2026年1月29日 星期四 下午3:02,,,40000,598,837,814,https://www.threads.com/@familymart_tw/post/DUFvnb6krJH,我喜歡那種後三碼有3個數字的人,2026年1月29日 星期四 下午5:34,,,1745,1,4,12
anna___chiangchiang,https://www.threads.com/@anna___chiangchiang/post/DUFLEbdkQ-5,覺得強強背這個包包實在太可愛 全家拼了命誇他 強被誇嗨了一直出現在我面前讓我注意他🫠 1 / 2,2026年1月29日 星期四 下午12:15,,"Photo by 乳牛貓強強跟乳牛貓鼻鼻 on January 28, 2026. | Photo by 乳牛貓強強跟乳牛貓鼻鼻 on January 28, 2026.",30000,334,1361,7204,https://www.threads.com/@familymart_tw/post/DUFiH2IknSU,全家來誇他了🥰,2026年1月29日 星期四 下午3:36,,,2209,3,,21
tamsui.sus,https://www.threads.com/@tamsui.sus/post/DUA4IHDkhya,到底是誰偷偷在淡水中1000萬？,2026年1月27日 星期二 下午8:13,,"Photo by 匿名淡水 on January 27, 2026.",1107,44,19,853,https://www.threads.com/@familymart_tw/post/DUC_65KEpgB,49元買媽媽煮藝！誰！！,2026年1月28日 星期三 下午3:59,,,106,,,2
xx_83_hyukhae_suju_xx,https://www.threads.com/@xx_83_hyukhae_suju_xx/post/DUCvprDk-_S,"Super Junior
妹：幹嘛突然到全家買這個 我：欸噗會知道🙂‍↕️ 1 / 2",2026年1月28日 星期三 下午1:37,,"Photo by 83赫海女鵝粉 on January 27, 2026.",1730,38,5,54,https://www.threads.com/@familymart_tw/post/DUC4HvZkiBu,到全家💙我知道🙂‍↕️,2026年1月28日 星期三 下午2:51,,,305,1,,
old_stone0_0,https://www.threads.com/@old_stone0_0/post/DUAiNf4jz5P,幹莫名其妙被嗆了,2026年1月27日 星期二 下午5:01,,"Photo by 古老的石頭 on January 27, 2026.",15000,77,623,3256,https://www.threads.com/@familymart_tw/post/DUCyWOhkgWR,全家：「我們的鮮食才好吃」,2026年1月28日 星期三 下午2:01,,,444,3,,2
zer0.isme,https://www.threads.com/@zer0.isme/post/DUANiM0kbr3,⠀ ⠀⠀ ⠀⠀ ⠀ 故人西辭黃鶴樓⠀完蛋補考睡過頭 ⠀ ⠀,2026年1月27日 星期二 下午2:00,,,18000,200,694,1845,https://www.threads.com/@familymart_tw/post/DUBCFCiErWP,故人西辭黃鶴樓 全家聯名山海樓,2026年1月27日 星期二 下午9:39,,,498,2,1,6
yosichn,https://www.threads.com/@yosichn/post/DT_nGY-lNmA,遇強則強 遇米濃湯 1 / 2,2026年1月27日 星期二 上午8:25,,,57000,453,6992,7637,https://www.threads.com/@familymart_tw/post/DUBBri5klcH,你千辛萬苦 我千層蛋糕,2026年1月27日 星期二 下午9:36,,"Photo by 全家便利商店_台灣 on January 27, 2026.",270,4,1,5
xh1user_taiwan,https://www.threads.com/@xh1user_taiwan/post/DT-jEuTEhO_,"每個警告標語後面都有個悲慘的故事 只是沒想到這麼多 1 / 2
National Taiwan University",2026年1月26日 星期一 下午10:30,,"Photo by 「富」家子弟攝影日常 on January 26, 2026.",13000,200,196,527,https://www.threads.com/@familymart_tw/post/DUAfo2hkoZA,大冰拿真的沒有熱的,2026年1月27日 星期二 下午4:39,,,4244,19,3,20
hsin.000716,https://www.threads.com/@hsin.000716/post/DT-RPNDk6k9,台灣人都知道的口訣 左阜右邑 1 / 2,2026年1月26日 星期一 下午7:54,,,43000,1029,965,638,https://www.threads.com/@familymart_tw/post/DUAOka8EpEx,會員、載具、環保杯,2026年1月27日 星期二 下午2:09,,,605,1,,2
ching_yi0430,https://www.threads.com/@ching_yi0430/post/DT9fbr2kmiP,@hyukgirl._.0404 撒浪嘿呦 全家～撒浪嘿呦 欸噗～ 全家懂我們💙,2026年1月26日 星期一 下午12:39,@familymart_tw,,2,1,,,https://www.threads.com/@familymart_tw/post/DT9jXA5klA7,"我不知道什麼時候回來我的家，你們的家就是我的家
全家就是你家💙",2026年1月26日 星期一 下午1:13,,,7,,,
hsuuu97,https://www.threads.com/@hsuuu97/post/DT8NUXPkuA-,@where_shan 全家小編很浪漫🌹💙✨,2026年1月26日 星期一 上午12:41,@familymart_tw,"Photo by @hsuuu97 on January 25, 2026.",52,1,,,https://www.threads.com/@familymart_tw/post/DT9KNTgkr-e,,2026年1月26日 星期一 上午9:34,,Heart Love GIF,8,,,
sune071840,https://www.threads.com/@sune071840/post/DT8SvdJEsLz,@_chu0416 噢～全家小編太浪漫🌹 愛全家！！！（海海好奇,2026年1月26日 星期一 上午1:29,@familymart_tw,"Photo by Chi ともよ on January 25, 2026.",61,1,1,3,https://www.threads.com/@familymart_tw/post/DT9KCNEEvCd,,2026年1月26日 星期一 上午9:32,,Tiger Roar GIF,21,,,
netflixtw,https://www.threads.com/@netflixtw/post/DT6o7EXj16H,"赤手獨攀台北101：直播
Alex爬101的速度比我平常趕上班的腳步速度還快😳",2026年1月25日 星期日 上午10:06,,,41000,423,951,1293,https://www.threads.com/@familymart_tw/post/DT6um7NkvWc,Alex！！！！！！他完成了！！！！！,2026年1月25日 星期日 上午10:54,,,2220,5,2,3
_.xin__,https://www.threads.com/@_.xin__/post/DRD-HkhEotw,愛對人了 1 / 2,2025年11月15日 星期六 上午11:28,,"Photo by @_.xin__ on November 14, 2025. | Photo by @_.xin__ on November 14, 2025. | Photo by @_.xin__ on November 14, 2025. | Photo by @_.xin__ on November 14, 2025. | Photo by @_.xin__ on November 14, 2025. | Photo by @_.xin__ on November 14, 2025. | Photo by @_.xin__ on November 14, 2025. | Photo by @_.xin__ on November 14, 2025. | Photo by @_.xin__ on November 14, 2025. | Photo by @_.xin__ on November 14, 2025. | Photo by @_.xin__ on November 14, 2025.",270000,5358,33000,56000,https://www.threads.com/@familymart_tw/post/DT2fQTWEiw6,已經2026年了我還被推到 總之來全家買抹茶甜點的男友就是讚,2026年1月23日 星期五 下午7:23,,,4036,4,9,15
xuan_mayday,https://www.threads.com/@xuan_mayday/post/DTzxnfhiadf,小編，聽說超商內不能錄影，但這幾天想拍這個影片可以嗎🥺,2026年1月22日 星期四 下午6:06,@familymart_tw,,,1,,,https://www.threads.com/@familymart_tw/post/DTzyvJCklhW,不好意思，店舖的電視在櫃檯或重要區域不方便錄影，還請諒解，謝謝您喜歡全家應援寶藍海的那顆心💙,2026年1月22日 星期四 下午6:15,,,3,,,
wei_baba0413,https://www.threads.com/@wei_baba0413/post/DTwlhKfD45w,"裝修大小事
誠心發問🙋 中間這個細長的位置兒 除了細長的冰箱之外 還能放什麼呢？？？",2026年1月21日 星期三 下午12:22,,"Photo by @wei_baba0413 on January 20, 2026.",50000,4389,1402,26000,https://www.threads.com/@familymart_tw/post/DTzyNc9EpV-,"這題我來了！全家就是你家
即日起-1/25 全家Fami!ce霜淇淋2支59元",2026年1月22日 星期四 下午6:11,,"Photo by 全家便利商店_台灣 on January 22, 2026.",6193,31,14,187
0724xu,https://www.threads.com/@0724xu/post/DTueV3tgTez,"無用技能
關於我的無用技能
：每分鐘一隻手可以彈￼響指200下￼￼ 所以無聊來彈一個千本櫻 1 / 2",2026年1月20日 星期二 下午4:41,,,50000,548,3314,7076,https://www.threads.com/@familymart_tw/post/DTzxUMFEsQ8,這邊提供 全家小編很努力了版本,2026年1月22日 星期四 下午6:03,,,2804,9,19,110
liyuyaya,https://www.threads.com/@liyuyaya/post/DTzv-ohkzGd,能偷偷說雲哥其實是黑貓嗎👉👈,2026年1月22日 星期四 下午5:51,@familymart_tw,,13,1,,,https://www.threads.com/@familymart_tw/post/DTzwJvvEsKO,但小編的表情符號大大的盡力了，愛你💙,2026年1月22日 星期四 下午5:53,,,26,,,
fanfan92918,https://www.threads.com/@fanfan92918/post/DTyo9oCE-vp,色調對於人的心理有很大的影響 例如教室要用白光 心理諮商要用黃光 小孩掉水缸要用司馬光 對抗倭寇要用戚繼光 諸父異爨要用歸有光 開漳要用陳元光 託孤要用霍光 對付酒吞童子要用源賴光 當征夷大將軍要用德川家光,2026年1月22日 星期四 上午7:31,,,8065,94,887,2379,https://www.threads.com/@familymart_tw/post/DTzrS_LkgDE,愛護地球要用友善食光,2026年1月22日 星期四 下午5:10,,,289,,2,7
allen365apple,https://www.threads.com/@allen365apple/post/DTxEgtWkcO2,看完《陽光女子合唱團》 非常喜歡這句台詞： 「我要把巨人⋯從這個世上一隻不剩地驅逐出去！」,2026年1月21日 星期三 下午4:53,,,22000,216,1139,3610,https://www.threads.com/@familymart_tw/post/DTzq26Nks4z,我們全家也剛看完！！我們最喜歡的則是這句：「登登 登登登 登登登登登登 登登 登登 登登 登登」,2026年1月22日 星期四 下午5:06,,,480,4,1,14
gboyswag_official,https://www.threads.com/@gboyswag_official/post/DTx2peBkvZf,今天中午看到有人從全家走出來，好像在吃草莓霜淇淋不太確定就一直想要吃到現在都還在想….,2026年1月22日 星期四 上午12:11,,,900,53,1,86,https://www.threads.com/@familymart_tw/post/DTzowlBEj40,2支59元到這週日,2026年1月22日 星期四 下午4:48,,"Photo by 全家便利商店_台灣 on January 22, 2026.",394,5,9,1439
colatour_tw,https://www.threads.com/@colatour_tw/post/DTxM44rERWZ,"蜷川実花展
我自行宣布 Threads 第一屆《蜷川實花展 攝影》大賽 正式開始 選手如下： 1 / 3",2026年1月21日 星期三 下午6:06,,,328,128,39,428,https://www.threads.com/@familymart_tw/post/DTxNqGjkrao,,2026年1月21日 星期三 下午6:13,,"Photo by 全家便利商店_台灣 on January 21, 2026.",60,2,,
hzx100728,https://www.threads.com/@hzx100728/post/DTuIjdsEoXG,我很對不起，大台南公車 1 / 2,2026年1月20日 星期二 下午1:31,,"Photo by Rinyo on January 19, 2026.",25000,299,212,911,https://www.threads.com/@familymart_tw/post/DTxMHpDEjc0,我知道你很急著想吃這個，但你先別急,2026年1月21日 星期三 下午5:59,,"Photo by 全家便利商店_台灣 on January 21, 2026.",8448,20,46,192
rkos_orton,https://www.threads.com/@rkos_orton/post/DTuKIR7D5Hy,哥 你是來看電影不是來參加告別式,2026年1月20日 星期二 下午1:44,,"Photo by @rkos_orton on January 19, 2026.",80000,649,2237,16000,https://www.threads.com/@familymart_tw/post/DTxG1ofkn1r,最近要去電影院感受陽光的 這個全家會員優惠 你一定會用上⋯,2026年1月21日 星期三 下午5:13,,"Photo by 全家便利商店_台灣 on January 21, 2026.",56,2,,6
s881231,https://www.threads.com/@s881231/post/DTusnZPk4Y5,"Super Junior
上班到一半偷溜去全家看看有沒有no拉勾 身邊只有手燈護唇膏 就把它帶來搖 結果遇到同為薪水小偷的同事 ：你也肚子餓嗎？ ：嗯嗯對我很餓😗 謝謝 @familymart_tw 的應援💙💚",2026年1月20日 星期二 下午6:49,,,129,6,,1,https://www.threads.com/@familymart_tw/post/DTxE5dcksvS,準備好了,2026年1月21日 星期三 下午4:56,,"Photo by 全家便利商店_台灣 on January 21, 2026.",11,,,1
floatinglife_yoga,https://www.threads.com/@floatinglife_yoga/post/DTwArrTDsFU,你今天抱抱了嗎? 今天是國際擁抱日喔 1 / 3,2026年1月21日 星期三 上午7:00,,,24000,318,1018,16000,https://www.threads.com/@familymart_tw/post/DTxCL9MEis9,報一下,2026年1月21日 星期三 下午4:33,,"Photo by 全家便利商店_台灣 on January 21, 2026. | Photo by 全家便利商店_台灣 on January 21, 2026.",33,1,,
x1x.1818,https://www.threads.com/@x1x.1818/post/DTvNniHE3yG,"有人知道BY2 MV開頭：李國毅我姐姐喜歡你
是什麼歌？ 我說我知道我老婆不信欸== 1 / 2",2026年1月20日 星期二 下午11:34,,,3569,163,16,316,https://www.threads.com/@familymart_tw/post/DTw6i7lEjkH,喊出來,2026年1月21日 星期三 下午3:26,,"Photo by 全家便利商店_台灣 on January 20, 2026.",78,1,,21
jr_ksupfe,https://www.threads.com/@jr_ksupfe/post/DTuoE9gD2f3,"全家
全家x雙月 推出蒸蛋飯？ 這吃法你們一定要試試 每次去台北都一定要吃的雙月 全家就能吃到 太幸福了",2026年1月20日 星期二 下午6:06,,"Photo by ʀᴜɪ  超商 連鎖 高雄(南部美食)♀ on January 20, 2026.",376,1,8,423,https://www.threads.com/@familymart_tw/post/DTw0Rddkvg1,這是什麼完美的吃法🥺,2026年1月21日 星期三 下午2:31,,,4,,,
xiang88714,https://www.threads.com/@xiang88714/post/DTvReQzE2cj,"全家
吃完原地發瘋 全家不是做茶出生吧 但曲奇餅為啥可以這麼好吃？？？ 鐵觀音味道超香 身為無糖人直接愛上 也不會有我之前吃其他家曲奇 的一些怪味（那是油味嗎不曉得⋯⋯ 反正已經第二盒了沒在騙",2026年1月21日 星期三 上午12:08,,"Photo by 湘萍 on January 20, 2026. | Photo by 湘萍 on January 20, 2026. | Photo by 湘萍 on January 20, 2026. | Photo by 湘萍 on January 20, 2026.",4511,110,170,3282,https://www.threads.com/@familymart_tw/post/DTwzskTEjzZ,我懂你，我開超過3盒了,2026年1月21日 星期三 下午2:26,,,654,5,,12
ynchen83,https://www.threads.com/@ynchen83/post/DTvTKcpEziE,全家小編還沒出現合理嗎,2026年1月21日 星期三 上午12:22,@chziyu_,,124,1,,,https://www.threads.com/@familymart_tw/post/DTwjH65EnWv,"很像是這罐
梁禎元",2026年1月21日 星期三 下午12:01,,"Photo by 全家便利商店_台灣 on January 20, 2026.",39,,,
agehaayai_elf,https://www.threads.com/@agehaayai_elf/post/DTwemxcEuTV,小編你真的活網仔欸（喜歡的意思）,2026年1月21日 星期三 上午11:22,@familymart_tw,,16,1,,,https://www.threads.com/@familymart_tw/post/DTwe4CBknN2,,2026年1月21日 星期三 上午11:24,,Sj GIF,23,1,,1
jennylin_1213,https://www.threads.com/@jennylin_1213/post/DTukzvvk09B,"Super Junior
有人跟我一樣特地去全家聽有沒有no拉勾的嗎🤣 還真的有耶💙💙有點小聲🤣 @familymart_tw",2026年1月20日 星期二 下午5:39,,,840,22,4,24,https://www.threads.com/@familymart_tw/post/DTu6dd_El_v,我們音響設備會因為店舖環境有所調整，還請諒解🥺 但我覺得你已經準備好成發了💙,2026年1月20日 星期二 下午8:47,,,140,3,,5
lwlcool,https://www.threads.com/@lwlcool/post/DTuBjrxkR0l,"福袋2026
2026年四大超商新春馬年福袋最大獎
7-ELEVEN：特斯拉 Model Y (價值約189萬新臺幣) 全家便利商店：BMW iX1 eDrive20 xLine (價值約189萬新臺幣) Hi-Life 萊爾富：輝達（NVDA）500股 (價值約190萬新臺幣) OK便利商店：黃金金條一兩 (價值約15萬新臺幣)",2026年1月20日 星期二 下午12:29,,,8347,109,91,3877,https://www.threads.com/@familymart_tw/post/DTunpIMklfg,全家便利商店：價值約199萬，抽3台😘,2026年1月20日 星期二 下午6:02,,,1281,6,,7
fangyi_0923,https://www.threads.com/@fangyi_0923/post/DTtfwPrks_l,Day674,2026年1月20日 星期二 上午7:34,,"Photo by 芳宜 on January 19, 2026.",12000,252,50,142,https://www.threads.com/@familymart_tw/post/DTt2FoVEqWI,被被，今天是大寒,2026年1月20日 星期二 上午10:49,,,314,,,1
wanna_tellu,https://www.threads.com/@wanna_tellu/post/DTtqAtQgQC_,"超商日常
（一早上班就被同事投來異樣的眼光）
不知道現在說會不會太晚 但巧克力跟熱狗真的太搭了 熱狗的溫度會讓巧克力有點融化，鹹鹹的油脂跟可可的甜味一起莫名很有魅力
麻煩大家都去吃！！！",2026年1月20日 星期二 上午9:04,,"Photo by 大家聽我說 on January 19, 2026. | Photo by 大家聽我說 on January 19, 2026. | Photo by 大家聽我說 on January 19, 2026.",2406,133,87,2867,https://www.threads.com/@familymart_tw/post/DTty-46Eg9y,你已走在味覺潮流的最前端,2026年1月20日 星期二 上午10:22,,,769,2,,28
z108083,https://www.threads.com/@z108083/post/DTsKmDIkgbc,我自行宣布： 脆盃全台最有存在感的品牌logo大賽開始 參賽選手如下： 1/2,2026年1月19日 星期一 下午7:10,,,292,204,3,36,https://www.threads.com/@familymart_tw/post/DTsnFFIklRa,⬅️,2026年1月19日 星期一 下午11:19,,,58,1,,
beargarden1,https://www.threads.com/@beargarden1/post/DTrg-D2E08q,萬丈高樓？什麼起？ 1/2,2026年1月19日 星期一 下午1:06,,,4145,719,21,94,https://www.threads.com/@familymart_tw/post/DTsmNM-krAP,在一起☺️,2026年1月19日 星期一 下午11:11,,,209,1,,
t88119,https://www.threads.com/@t88119/post/DTsY95NE5SZ,"27歲的家齊也請多指教啦！ 今年也謝謝大家的厚愛✨ 願望許給你們 希望看到這篇文的人都能幸福一輩子🌻 生日快樂啦❤️
[生日]❤",2026年1月19日 星期一 下午9:15,,"Photo by FEniX 曹家齊 on January 19, 2026. | Photo by FEniX 曹家齊 on January 19, 2026. | Photo by FEniX 曹家齊 on January 19, 2026. | Photo by FEniX 曹家齊 on January 19, 2026. | Photo by FEniX 曹家齊 on January 19, 2026. | Photo by FEniX 曹家齊 on January 19, 2026. | Photo by FEniX 曹家齊 on January 19, 2026. | Photo by FEniX 曹家齊 on January 19, 2026. | Photo by FEniX 曹家齊 on January 19, 2026. | Photo by FEniX 曹家齊 on January 19, 2026. | Photo by FEniX 曹家齊 on January 19, 2026. | Photo by FEniX 曹家齊 on January 19, 2026.",2265,166,57,24,https://www.threads.com/@familymart_tw/post/DTscZZokmfK,生日快樂✨,2026年1月19日 星期一 下午9:45,,,46,,,3
yuling34,https://www.threads.com/@yuling34/post/DTsIWOgCdL1,我有好好吃飯，請不要擔心🤣 只是還需要一點時間再多難過一下， 所以會暫時回韓國一趟。 就算想我，也請再忍耐一下🥹 二月我會以更明亮的邊荷律回來❤ 愛你❤,2026年1月19日 星期一 下午6:52,,,74000,1683,380,1115,https://www.threads.com/@familymart_tw/post/DTsNqZfkkwy,好好照顧自己，為你加油💪,2026年1月19日 星期一 下午7:37,,,1896,4,,4
ericachan1251,https://www.threads.com/@ericachan1251/post/DTsFdWZgYkN,等等等等等！ 怎麼兩個時段而已 哭哭 我要先去問問我家樓下全家嗎？（害羞,2026年1月19日 星期一 下午6:25,@familymart_tw等等等等等！,,,1,,,https://www.threads.com/@familymart_tw/post/DTsGsWykgXq,這是小編剛剛決定給大家的驚喜，店員可能不知道🥸,2026年1月19日 星期一 下午6:36,,,6,,,
napteazzz,https://www.threads.com/@napteazzz/post/DTsDSPTjypk,雖然大家感情都很好 但老闆...我是Emily👌,2026年1月19日 星期一 下午6:06,,"Photo by 再睡5分鐘 NAP TEA on January 19, 2026.",246,9,1,12,https://www.threads.com/@familymart_tw/post/DTsDbqxEu8H,Family💚💙 翻譯,2026年1月19日 星期一 下午6:07,,,23,1,,
dreamgirl_10800,https://www.threads.com/@dreamgirl_10800/post/DTr1U5yEmrr,那我們聽到要震胸嗎,2026年1月19日 星期一 下午4:04,@familymart_tw那我們聽到要震胸嗎讚37回覆1轉發分享1,,37,1,,1,https://www.threads.com/@familymart_tw/post/DTsBCnUEv1Y,首先要先看看您負責的部份，有些人是負責要跪,2026年1月19日 星期一 下午5:46,,,149,3,2,17
fangyi_0923,https://www.threads.com/@fangyi_0923/post/DTq7OBkEjBY,Day673,2026年1月19日 星期一 上午7:36,,"Photo by 芳宜 on January 18, 2026.",25000,366,113,415,https://www.threads.com/@familymart_tw/post/DTr8__TksHq,被被，明天寒流要來了,2026年1月19日 星期一 下午5:11,,,3801,,1,9
whalien875,https://www.threads.com/@whalien875/post/DTrpRr2kUxu,擺陣！寫好就準備去拜拜了！,2026年1月19日 星期一 下午2:19,,"Photo by @whalien875 on January 18, 2026.",601,53,5,52,https://www.threads.com/@familymart_tw/post/DTr8jrUEsEh,💜,2026年1月19日 星期一 下午5:07,,,10,1,,
rnn9063t,https://www.threads.com/@rnn9063t/post/DTrV7pAkoi_,"好冷
最近天氣這麼冷... 才把身上的毛送給你們的啦！🐑💨 1/2",2026年1月19日 星期一 上午11:30,,"Photo by 嘉南羊乳｜總公司 on January 18, 2026. | Photo by 嘉南羊乳｜總公司 on January 18, 2026. | Photo by 嘉南羊乳｜總公司 on January 18, 2026.",49000,1102,1200,6006,https://www.threads.com/@familymart_tw/post/DTr6_lZEnsQ,來全家即興開鍋🍲,2026年1月19日 星期一 下午4:54,,"Photo by 全家便利商店_台灣 on January 19, 2026.",422,7,,8
godina339,https://www.threads.com/@godina339/post/DTr0NbAAZwJ,小編自己是不是還沒練好？,2026年1月19日 星期一 下午3:54,@familymart_tw,,17,1,,1,https://www.threads.com/@familymart_tw/post/DTr1J7zkoEt,,2026年1月19日 星期一 下午4:03,,Thinking Think GIF,125,,,5
harusame_taiwan,https://www.threads.com/@harusame_taiwan/post/DTpqd5GEfQq,"台湾コンビニ
台湾のコンビニは好きですか？ 翻譯",2026年1月18日 星期日 下午7:51,,"Photo by ハルサメ｜ディープな台湾情報🇹🇼 on January 18, 2026. | Photo by ハルサメ｜ディープな台湾情報🇹🇼 on January 18, 2026. | Photo by ハルサメ｜ディープな台湾情報🇹🇼 on January 18, 2026. | Photo by ハルサメ｜ディープな台湾情報🇹🇼 on January 18, 2026. | Photo by ハルサメ｜ディープな台湾情報🇹🇼 on January 18, 2026. | Photo by ハルサメ｜ディープな台湾情報🇹🇼 on January 18, 2026. | Photo by ハルサメ｜ディープな台湾情報🇹🇼 on January 18, 2026. | Photo by ハルサメ｜ディープな台湾情報🇹🇼 on January 18, 2026. | Photo by ハルサメ｜ディープな台湾情報🇹🇼 on January 18, 2026.",19000,202,957,2640,https://www.threads.com/@familymart_tw/post/DTrq490kg08,"在臺灣，吃霜淇淋首選全家Fami!ce～～一定要來試看看(((o(*ﾟ▽ﾟ*)o)))
台湾でソフトクリームなら、ファミマの「Fami!ce」がナンバーワンです！ぜひ一度食べてみてくださいね～～(((o(*ﾟ▽ﾟ*)o))) 翻譯",2026年1月19日 星期一 下午2:33,,,306,2,,
n.kii_v,https://www.threads.com/@n.kii_v/post/DTiDRcEk-oJ,梁禎元的褲子是全家買的嗎 嗯嗨噴X全家 聯名,2026年1月15日 星期四 下午8:53,,"Photo by Liv⭐️ on January 15, 2026. | Photo by Liv⭐️ on January 15, 2026. | Photo by Liv⭐️ on January 15, 2026.",1582,12,99,222,https://www.threads.com/@familymart_tw/post/DTkmFzxEoT3,是紅柚翡翠茶,2026年1月16日 星期五 下午8:36,,"Photo by 全家便利商店_台灣 on January 16, 2026.",226,3,,5
ani3small_meme,https://www.threads.com/@ani3small_meme/post/DTj1lV1ibWX,是時候展現臺灣人的創意了😎,2026年1月16日 星期五 下午1:32,,"Photo by 尛迷因 BY 阿尼尛 on January 15, 2026. | Photo by 尛迷因 BY 阿尼尛 on January 15, 2026. | Photo by 尛迷因 BY 阿尼尛 on January 15, 2026. | Photo by 尛迷因 BY 阿尼尛 on January 15, 2026.",4718,843,172,1701,https://www.threads.com/@familymart_tw/post/DTkkAX0Ema3,登登 登登 登登登 登登登登,2026年1月16日 星期五 下午8:18,,,1394,19,2,24
dm03_24,https://www.threads.com/@dm03_24/post/DTf4fhvAQpJ,"中文
大家好，我正在學中文。希望大家問我問題，我來回答，練習我的中文。 1 / 2",2026年1月15日 星期四 上午12:41,,,15000,2105,914,5467,https://www.threads.com/@familymart_tw/post/DTkeGc7EjEA,緩光臨～圈載具統編消嗎,2026年1月16日 星期五 下午7:26,,,211,4,,13
ps97platform,https://www.threads.com/@ps97platform/post/DTkJF8jk3vH,"動力火車
兩位哥已經在車迷的潛移默化下開始習慣用自己的代表色愛心了 可可愛愛捏❤️💙
又有新歌又有演唱會 最近吃真好啊～～～ 另外想弱弱的問 有沒有人知道Family Radio要去哪裡聽？ 該不會要站在全家門市裡面聽吧….",2026年1月16日 星期五 下午4:23,,"Photo by 97 on January 16, 2026. | Photo by 97 on January 16, 2026.",53,4,,2,https://www.threads.com/@familymart_tw/post/DTkdwEfEnzg,I need you💚💙 翻譯,2026年1月16日 星期五 下午7:23,,,7,,,
jaychou_taiwan.club,https://www.threads.com/@jaychou_taiwan.club/post/DTkC286EdkL,"jaychou 杰倫哥～先祝你生日快樂🎂
各位杰迷今天也在全家便利商店看到應援廣告了嗎～ 1/16～1/18全台全家便利商店播放生日應援 #周杰倫 #jaychou #周杰倫台灣粉絲後援會",2026年1月16日 星期五 下午3:28,,,266,3,3,55,https://www.threads.com/@familymart_tw/post/DTkdhhwEqjG,全家就是你的應援最大後盾 預祝生日快樂💚💙,2026年1月16日 星期五 下午7:21,,,15,,,
j._.ennnny,https://www.threads.com/@j._.ennnny/post/DThzmj6gfUX,用一張照片來分享你的專業 1 / 2,2026年1月15日 星期四 下午6:37,,,409,720,2,9,https://www.threads.com/@familymart_tw/post/DTiQgWMkj4O,,2026年1月15日 星期四 下午10:49,,"Photo by 全家便利商店_台灣 on January 15, 2026.",97,,1,
alligator.4136660,https://www.threads.com/@alligator.4136660/post/DTd3XYzk6V5,我發現取名時把四字成語去掉一個字就會很好聽，比如興高采烈＞高采烈,2026年1月14日 星期三 上午5:52,,,20000,1310,923,5463,https://www.threads.com/@familymart_tw/post/DThRj1zEuo1,歡迎光臨 → 緩光臨,2026年1月15日 星期四 下午1:39,,,3192,7,2,53
tingyu207,https://www.threads.com/@tingyu207/post/DTfsi_3kjrk,花了兩個小時終於把禮盒擺好了 希望能得到一些鼓勵😂,2026年1月14日 星期三 下午10:56,,"Photo by 庭瑜🐟 on January 14, 2026.",45000,833,56,141,https://www.threads.com/@familymart_tw/post/DThG-Xqkl_G,P人將抵達現場 謝謝您💚💙,2026年1月15日 星期四 下午12:07,,,3567,5,1,3
english8964123,https://www.threads.com/@english8964123/post/DTfMfLgkg23,大家好，我是英文，要學好英文啦！ 1 / 2,2026年1月14日 星期三 下午6:16,,,3624,415,94,167,https://www.threads.com/@familymart_tw/post/DThGE8gkpEX,FamilyMart,2026年1月15日 星期四 上午11:59,,,28,1,,
jyun_0804,https://www.threads.com/@jyun_0804/post/DTf5_rojw-Q,"都市傳說
今天尾牙實測‼️ 花木蘭的都市傳說本人確定是真的😳 有誰跟我一樣也是聽完花木蘭後尾牙就中獎的 1 / 2",2026年1月15日 星期四 上午12:54,,"Photo by 曾建鈞 𝑱𝒚𝒖𝒏 𝒛𝒆𝒏𝒈 ¨̮ on January 14, 2026. | Photo by 曾建鈞 𝑱𝒚𝒖𝒏 𝒛𝒆𝒏𝒈 ¨̮ on January 14, 2026.",44000,382,3106,33000,https://www.threads.com/@familymart_tw/post/DTg-dXyEg5Z,"實測
2026-1-14",2026年1月15日 星期四 上午10:52,,,105,,,4
nownews,https://www.threads.com/@nownews/post/DTez_SvEz_s,"尾牙
把花家黑魔法分享給大家 謝謝老祖宗保佑🙏😏 （法力無編☆實測攜帶吉伊卡哇也有效!!）
📷 圖／翻攝網路、shutterstock 1 / 2",2026年1月14日 星期三 下午2:42,,"Photo by NOWnews 今日新聞 on January 13, 2026.",1724,13,40,614,https://www.threads.com/@familymart_tw/post/DTfjTABklFJ,列祖列宗啊！！！,2026年1月14日 星期三 下午9:36,@familymart_tw,"Photo by 全家便利商店_台灣 on January 14, 2026.",34,,,
pprrii0102,https://www.threads.com/@pprrii0102/post/DTZHqf-j0SK,「我帶妳去」 「我陪妳去」 哪句話比較心動？ 1 / 2,2026年1月12日 星期一 上午9:39,,,8505,939,121,318,https://www.threads.com/@familymart_tw/post/DTfij04ktXr,去全家，想買什麼就買❤️‍🔥,2026年1月14日 星期三 下午9:29,,,47,1,,
financial_tina0111,https://www.threads.com/@financial_tina0111/post/DTcYBLOkT7G,你吃過最便宜的一餐多少錢？ 我先：7-11的I珍食御飯糰,2026年1月13日 星期二 下午3:59,,"Photo by Tina的理財生活｜懶人財務規劃顧問-Tzu ting on January 12, 2026. | Photo by Tina的理財生活｜懶人財務規劃顧問-Tzu ting on January 12, 2026.",4030,548,13,276,https://www.threads.com/@familymart_tw/post/DTfNEKpEtg_,喜歡你口是心非的樣子💚💙,2026年1月14日 星期三 下午6:21,,,8532,22,24,158
chun_yu1990,https://www.threads.com/@chun_yu1990/post/DTemI_3Ac23,"全家終於瘋成大家想要的樣子了！ 本週三-週五播放時間12:20 / 17:20 老祖宗保佑我🧧 全家店內將會不定時播放中獎神曲《花家黑魔法》
#全家 #全家便利商店 #花家黑魔法 #老祖宗保佑我",2026年1月14日 星期三 下午12:41,,,3967,17,90,1613,https://www.threads.com/@familymart_tw/post/DTfFFzGknzZ,聽完買福袋中大獎,2026年1月14日 星期三 下午5:12,,,160,2,,1
kimhung.life,https://www.threads.com/@kimhung.life/post/DTcTt9zDz2p,Gan，營養師啦！,2026年1月13日 星期二 下午3:22,,"Photo by Kim｜阿金！人生進化中，商業顧問 ✘ 創業交流 ✘ 心態教練 on January 12, 2026.",5875,307,226,1120,https://www.threads.com/@familymart_tw/post/DTey3lMkvGT,建議定期做提拉米蘇訓練核心,2026年1月14日 星期三 下午2:32,,,230,,,4
a0931379321,https://www.threads.com/@a0931379321/post/DTcbi_QgOi2,男子漢呢？,2026年1月13日 星期二 下午4:30,@familymart_tw,,,1,,,https://www.threads.com/@familymart_tw/post/DTebMCOks8T,好,2026年1月14日 星期三 上午11:05,,,2,,,
hildadachang,https://www.threads.com/@hildadachang/post/DTc26UREnbn,要成為男子漢～不認輸,2026年1月13日 星期二 下午8:29,@familymart_tw,,6,1,,,https://www.threads.com/@familymart_tw/post/DTebIVlkhuZ,好，來播,2026年1月14日 星期三 上午11:05,,,3,,,
hi_mr.ji,https://www.threads.com/@hi_mr.ji/post/DTamMnekVpJ,"全家霜淇淋
昨天去全家買冰淇淋吃 店員是個阿北 他第一下擠歪了第二下也擠歪了 我就看著我的冰淇淋越來越歪越來越大 直到他放到我手上跟我說了一句拍謝我技術不太好 我真的沒吃過那麼大的霜淇淋⋯⋯",2026年1月12日 星期一 下午11:25,,"Photo by 紀家銓 on January 12, 2026.",73000,706,628,5198,https://www.threads.com/@familymart_tw/post/DTeTYS0Eird,這就是全家Fami!ce 你今天值得一個驚嘆號❗️,2026年1月14日 星期三 上午9:57,,,1904,3,,7
tbscts,https://www.threads.com/@tbscts/post/DTclA_cDMmD,老祖宗保佑我🧧,2026年1月13日 星期二 下午5:58,@familymart_tw,,31,1,,1,https://www.threads.com/@familymart_tw/post/DTdECpTkisa,謝謝你錄得這麼磅礴，中大獎🧧,2026年1月13日 星期二 下午10:24,,,9,,,
watson_hys,https://www.threads.com/@watson_hys/post/DTcATkPAaMu,今天中午去全家 店內音樂居然放花木蘭 全家有夠潮 走得很前面,2026年1月13日 星期二 下午12:32,,,748,6,2,59,https://www.threads.com/@familymart_tw/post/DTcqfGRkizf,本週三-週五播放時間 12:20 / 17:20 (沒錯，瘋成連播放時間都告訴你),2026年1月13日 星期二 下午6:41,,,843,3,2,53
am1993.jp_wh,https://www.threads.com/@am1993.jp_wh/post/DTVQZPxkUGx,"剛剛才發生的真實對話↓
跟我妹鬥嘴，忍不住脫口而出說： 「妳不要在那邊PDF我啦！」
我妹馬上不甘示弱的反擊： 「妳才不要JPG我勒！！！」
超莫名其妙😂 1 / 2",2026年1月10日 星期六 下午9:38,,,13000,376,348,1617,https://www.threads.com/@familymart_tw/post/DTcnrpmEjve,你們是不是會來全家 說要買 DNA 速攻藍莓…,2026年1月13日 星期二 下午6:16,,,414,,,9
ikea_taiwan,https://www.threads.com/@ikea_taiwan/post/DTWzo8qkxBa,跟大家隆重介紹馬的新品🐎 1 / 2,2026年1月11日 星期日 下午12:05,,"Photo by IKEA Taiwan on January 10, 2026. | Photo by IKEA Taiwan on January 10, 2026. | Photo by IKEA Taiwan on January 10, 2026. | Photo by IKEA Taiwan on January 10, 2026. | Photo by IKEA Taiwan on January 10, 2026. | Photo by IKEA Taiwan on January 10, 2026.",796,42,33,392,https://www.threads.com/@familymart_tw/post/DTcifxGksT9,馬的福袋🐎,2026年1月13日 星期二 下午5:31,,"Photo by 全家便利商店_台灣 on January 13, 2026. | Photo by 全家便利商店_台灣 on January 13, 2026. | Photo by 全家便利商店_台灣 on January 13, 2026.",9,,,
hildadachang,https://www.threads.com/@hildadachang/post/DTcHo6tkhuw,佳人會歡迎我～,2026年1月13日 星期二 下午1:36,@familymart_tw,,8,1,,2,https://www.threads.com/@familymart_tw/post/DTce3eKkmOX,等等，好像不是這首😆,2026年1月13日 星期二 下午4:59,,,6,,,
bb.q.chicken.taiwan,https://www.threads.com/@bb.q.chicken.taiwan/post/DTbpnmEEhpr,"海巡
老闆叫小編去找身分證有 6 跟 9 的人 說要給大家優惠 但編編人脈有限，還沒找到幾個🥲 只好來找廣大脆友們求救，有人可以幫幫忙嗎 1 / 2",2026年1月13日 星期二 上午9:14,,,1193,892,9,78,https://www.threads.com/@familymart_tw/post/DTcbvx3ktCR,請不要忘了全家小編,2026年1月13日 星期二 下午4:32,,,51,1,,
stevenliu2261,https://www.threads.com/@stevenliu2261/post/DEzsbB-T1Ds,尾牙前跟同事一直在聽花木蘭這首歌 結果真的中大獎😻🙌 花家黑魔法分享給大家，謝謝老祖宗保佑 1 / 2,2025年1月14日 星期二 下午9:33,,,110000,1690,16000,110000,https://www.threads.com/@familymart_tw/post/DTcGmfNEiIF,全家將進行全台助攻，祝大家中大獎,2026年1月13日 星期二 下午1:27,,,4565,16,23,541
rubycat1984,https://www.threads.com/@rubycat1984/post/DTcF6d5idet,這是認真的嗎？,2026年1月13日 星期二 下午1:21,@familymart_tw,,,1,,,https://www.threads.com/@familymart_tw/post/DTcGFpEkid4,認真，我們會播放【Honor To Us All】,2026年1月13日 星期二 下午1:23,,,7,,,1
wanna_tellu,https://www.threads.com/@wanna_tellu/post/DTaCgw8AdQB,"全家福袋
原來全家這馬瘋癲的嗎？ 好想知道店員都嗑了什麼XD 唱片公司不排除提告",2026年1月12日 星期一 下午6:13,,"Photo by 大家聽我說 on January 12, 2026. | Photo by 大家聽我說 on January 12, 2026. | Photo by 大家聽我說 on January 12, 2026. | Photo by 大家聽我說 on January 12, 2026.",8564,135,247,3015,https://www.threads.com/@familymart_tw/post/DTb1h2VkvaD,全家都馬可以🐎,2026年1月13日 星期二 上午10:58,,,653,,,1
randomfunshiiit,https://www.threads.com/@randomfunshiiit/post/DTM5SoLkfoY,"諧音梗
終於加了浮水印🔋❤️‍🩹 花生🥜 1 / 2",2026年1月7日 星期三 下午3:42,,"Photo by Randomfunshit on January 06, 2026.",20000,590,2280,10000,https://www.threads.com/@familymart_tw/post/DTZ1RVoErqY,,2026年1月12日 星期一 下午4:17,,"Photo by 全家便利商店_台灣 on January 12, 2026.",513,4,,24
mrdo050301,https://www.threads.com/@mrdo050301/post/DTZdrmckuFx,有質感的用到爆,2026年1月12日 星期一 下午12:51,@familymart_tw,"Photo by mrdo6753 on January 11, 2026.",3,1,,,https://www.threads.com/@familymart_tw/post/DTZxUVxEpkS,愛❤️,2026年1月12日 星期一 下午3:43,,,1,1,,
fangyi_0923,https://www.threads.com/@fangyi_0923/post/DTY5iBhkg5E,Day讚不絕口,2026年1月12日 星期一 上午7:35,,"Photo by 芳宜 on January 11, 2026.",76000,857,2591,4465,https://www.threads.com/@familymart_tw/post/DTZuQbHEj9h,早安被被 在全家我們不說早安，我們說早點來全家,2026年1月12日 星期一 下午3:16,,,1961,2,2,4
fu_soap,https://www.threads.com/@fu_soap/post/DTVHcyDEs9C,"全家便利商店
剛跟先生去全家繳費 先生很興奮的叫我去看看這個東西 然後自己笑到肚子痛 （昨天剛切完腸瘜肉） 我跟他說⋯全家小編很瘋的⋯ 可以上來脆看看🤣🤣🤣",2026年1月10日 星期六 下午8:20,,"Photo by FuSoap 台南手工皂/訂製/小禮/代製專屬皂 on January 10, 2026. | Photo by FuSoap 台南手工皂/訂製/小禮/代製專屬皂 on January 10, 2026. | Photo by FuSoap 台南手工皂/訂製/小禮/代製專屬皂 on January 10, 2026. | Photo by FuSoap 台南手工皂/訂製/小禮/代製專屬皂 on January 10, 2026.",,12,,,https://www.threads.com/@familymart_tw/post/DTW2PzqEm3e,為了您的身體好，我先不瘋 早日康復💚💙,2026年1月11日 星期日 下午12:28,,,311,2,,1
csrnel,https://www.threads.com/@csrnel/post/DTPaWcJgQ78,"全家
上次看到有人發這個布朗尼+鹹奶蓋 就一直很想買來吃看看 結果真的很好吃欸!!!😍",2026年1月8日 星期四 下午3:10,,"Photo by Catherine on January 07, 2026. | Photo by Catherine on January 07, 2026. | Photo by Catherine on January 07, 2026.",2429,22,89,1039,https://www.threads.com/@familymart_tw/post/DTW1_fUkl8G,被便利商店耽誤的甜點店,2026年1月11日 星期日 下午12:26,,,191,3,1,1
yanlin_0617,https://www.threads.com/@yanlin_0617/post/DTUy2BkgUbr,"全家
好爽喔～～～ 現在全家の冰新口味是草莓優格😻 另一個口味是比利時巧克力 最爽的是現在兩隻$59…吃到爆！！！ 1 / 2",2026年1月10日 星期六 下午5:20,,"Photo by 陳妍 on January 10, 2026. | Photo by 陳妍 on January 10, 2026. | Photo by 陳妍 on January 10, 2026.",1660,11,37,1478,https://www.threads.com/@familymart_tw/post/DTW1487Ek9b,2支59元到這週日，超好吃🥰,2026年1月11日 星期日 下午12:25,,,12,2,,8
re.eeeeeeeeeeeeeeeeeeeee,https://www.threads.com/@re.eeeeeeeeeeeeeeeeeeeee/post/DTVIPWqgVj4,說真的 名字裡面有米的好像都蠻厲害的 1 / 2,2026年1月10日 星期六 下午8:27,,,7650,528,70,770,https://www.threads.com/@familymart_tw/post/DTW1mA6klz_,對的，加不加香菜則在於個人,2026年1月11日 星期日 下午12:22,,"Photo by 全家便利商店_台灣 on January 10, 2026.",341,2,1,4
chen._.52510,https://www.threads.com/@chen._.52510/post/DTQPzJSEd9R,故人西辭黃鶴樓 李白直接大跳投 1 / 2,2026年1月8日 星期四 下午10:57,,"Photo by cf on January 08, 2026.",36000,350,2660,10000,https://www.threads.com/@familymart_tw/post/DTVmpXZEslN,故人西辭黃鶴樓，是誰在找吳麗萍,2026年1月11日 星期日 上午12:52,,,153,2,,7
s.daimei,https://www.threads.com/@s.daimei/post/DTS17hljz0H,"Cortis
今日我雨小凡最近的距離 🥰我又要漂亮兩週了 1 / 3",2026年1月9日 星期五 下午11:08,,,25000,337,1814,5230,https://www.threads.com/@familymart_tw/post/DTS8Q8ZktUL,全家！是全家！！！✨ （也來領影片）,2026年1月10日 星期六 上午12:04,,,649,2,1,14
gaodenchords97s,https://www.threads.com/@gaodenchords97s/post/DTO4xnCk19j,金唱片，我已經準備好在大巨蛋的貓道聽了 1 / 2,2026年1月8日 星期四 上午10:16,,"Photo by Gao on January 07, 2026.",23000,133,296,952,https://www.threads.com/@familymart_tw/post/DTSTSx8Es28,"注意安全
另外，需不需要我們的速攻藍莓 即便是這個距離，也不會看不清了",2026年1月9日 星期五 下午6:06,,"Photo by 全家便利商店_台灣 on January 09, 2026.",731,1,,24
kenny3300,https://www.threads.com/@kenny3300/post/DTQBOGYEVWN,這位先生 請你尊重寒流一下好嗎？,2026年1月8日 星期四 下午8:49,,"Photo by Kenny_Lin on January 08, 2026.",76000,1173,879,6136,https://www.threads.com/@familymart_tw/post/DTR6XSfktX9,這位先生 吃了2支霜淇淋了嗎？,2026年1月9日 星期五 下午2:28,,,912,5,,
7.nai.s,https://www.threads.com/@7.nai.s/post/DTLE0ElE_is,"木蘭詩
有沒有跟唧唧復唧唧，木蘭當馬騎類似的幹文 急需。 1 / 2",2026年1月6日 星期二 下午10:44,,,73000,4087,9700,37000,https://www.threads.com/@familymart_tw/post/DTR2M1vEjRI,鋤禾日當午，全家康康五,2026年1月9日 星期五 下午1:51,,,108,,,2
youruii._,https://www.threads.com/@youruii._/post/DTMu8KIkjuK,開會的時候有點無聊 幫我的試算表抓抓癢好了🙂‍↕️ 1 / 3,2026年1月7日 星期三 下午2:12,,,55000,513,1915,6961,https://www.threads.com/@familymart_tw/post/DTPsaMVkups,想給電腦吃個夯番薯 但有點燙,2026年1月8日 星期四 下午5:48,,,3714,17,25,126
rickyhsiaoofficial,https://www.threads.com/@rickyhsiaoofficial/post/DTPiYwgETJ3,今天沒有要跟你開玩笑、我結婚了、請大家為我們祝福。,2026年1月8日 星期四 下午4:20,,"Photo by 蕭煌奇 on January 08, 2026.",180000,4204,2035,16000,https://www.threads.com/@familymart_tw/post/DTPrlWBEug6,我們全家都恭喜你 準確地在人群中 牽住他的手 💚💙,2026年1月8日 星期四 下午5:40,,,4550,6,1,7
yueh._.155,https://www.threads.com/@yueh._.155/post/DTMjyBFkvc_,台灣人的孟婆湯應該可以調整甜度和冰塊 我希望可以加大茗的茶凍 1 / 2,2026年1月7日 星期三 下午12:34,,,11000,144,479,524,https://www.threads.com/@familymart_tw/post/DTPo5UGkjXn,我們全家的 Let's Tea 這邊有持續去跟孟婆談聯名，甚至還有試喝 . 但不知為何沒有人記得洽談的結果,2026年1月8日 星期四 下午5:17,,,102,2,2,3
colatour_tw,https://www.threads.com/@colatour_tw/post/DTOvSKekviv,"金唱片
建議大家今天晚上早一點睡，明天三餐便利商店 因為你可能會遇到BND、CORTIS、ALLDAY PROJECT!!! 1 / 2",2026年1月8日 星期四 上午8:53,,,17000,62,426,3087,https://www.threads.com/@familymart_tw/post/DTPOb3aEnFX,你的建議是對的,2026年1月8日 星期四 下午1:25,,"Photo by 全家便利商店_台灣 on January 07, 2026.",271,2,1,9
lazy.food,https://www.threads.com/@lazy.food/post/DTPJV1hibOW,"全家仙女紅茶1/7-1/11 第二杯10元！！！！ 1 / 2
lazy.food",2026年1月8日 星期四 下午12:41,,,93,4,2,155,https://www.threads.com/@familymart_tw/post/DTPL0GIkkMh,這個天氣，適合仙喝2杯,2026年1月8日 星期四 下午1:03,,,13,,,
topcityfe21,https://www.threads.com/@topcityfe21/post/DTO_fDmE9ge,哪裡要幫助浪浪 百編來了,2026年1月8日 星期四 上午11:15,@familymart_tw,,7,1,,,https://www.threads.com/@familymart_tw/post/DTO_l5_kjoa,你超棒，這麼冷的天你最暖,2026年1月8日 星期四 上午11:16,,,5,,,
chris.shih_,https://www.threads.com/@chris.shih_/post/DTNhsn7kkY8,什麼離開被窩！最近我還想去門市吃霜淇淋🍦~全家霜淇淋好好吃🎉,2026年1月7日 星期三 下午9:35,@familymart_tw,,,1,,,https://www.threads.com/@familymart_tw/post/DTNiMFVkvap,你很棒,2026年1月7日 星期三 下午9:40,,,1,,,
satoru9909,https://www.threads.com/@satoru9909/post/DTNfUQmD0Hl,可是我要去全家必須要出門,2026年1月7日 星期三 下午9:14,@familymart_tw,,3,1,,,https://www.threads.com/@familymart_tw/post/DTNgl02kpGr,非常自律,2026年1月7日 星期三 下午9:26,,,4,,,
hee._.tty,https://www.threads.com/@hee._.tty/post/DTNHgFbkdfS,"權喜原
台灣好冷🥶",2026年1月7日 星期三 下午5:46,,"Photo by 권희원 on January 07, 2026.",5520,141,44,69,https://www.threads.com/@familymart_tw/post/DTNeOTdEj2P,出窩唷🥶,2026年1月7日 星期三 下午9:05,,"Photo by 全家便利商店_台灣 on January 07, 2026.",45,2,,
kikihguic,https://www.threads.com/@kikihguic/post/DTMJZvbkqPd,"金唱片
要去看金唱片的！ 現在全家有賣2日份的速攻藍莓69元 不要在去買網路上分裝的了 把錢省起來！！",2026年1月7日 星期三 上午8:44,,"Photo by @kikihguic on January 06, 2026.",3142,38,79,854,https://www.threads.com/@familymart_tw/post/DTNLTKREpVz,全家是懂你們的🙂‍↕️,2026年1月7日 星期三 下午6:20,,,282,3,,1
gary_nutri365,https://www.threads.com/@gary_nutri365/post/DTNIoPOj4H8,📌 速攻藍莓成分分析 . 葉黃素：過濾藍光、支持黃斑部健康 花青素：抗氧化、減少視覺疲勞、維持微血管循環 蝦紅素：緩解乾澀、放鬆眼部肌肉、調節眼睛疲勞 . 結論：與其說速效或立即有感，我會更傾向把它定位在，用眼壓力較大、疲勞累積的日子裡，幫助眼睛減少疲勞感、提升恢復效率的日常支持！ . By 偷偷輸出保健品知識的營養師,2026年1月7日 星期三 下午5:56,@familymart_tw,,182,2,,5,https://www.threads.com/@familymart_tw/post/DTNKBlhklCQ,謝謝專業的補充💚💙,2026年1月7日 星期三 下午6:08,,,4,,,
kssogo.tw,https://www.threads.com/@kssogo.tw/post/DTLEHIYiRAv,那像我這種凡人要注意什麼🤔,2026年1月6日 星期二 下午10:38,@familymart_tw,,101,5,,1,https://www.threads.com/@familymart_tw/post/DTNHbZ_ErsR,注意保暖,2026年1月7日 星期三 下午5:46,,,44,,,
dltmdxor,https://www.threads.com/@dltmdxor/post/DTM6NexEeI5,"金唱片
大巨蛋B1的柱子開始在佈置了",2026年1月7日 星期三 下午3:51,,,31000,118,886,7727,https://www.threads.com/@familymart_tw/post/DTNFnmhEpPE,全家也幫各位準備好了👀✨ 即日起全家也能買到速攻藍莓了！ 而且是兩日份剛剛好🙂‍↕️,2026年1月7日 星期三 下午5:30,,"Photo by 全家便利商店_台灣 on January 07, 2026.",2562,17,12,429
moon2light2,https://www.threads.com/@moon2light2/post/DTMXLlEE_8O,"魔羯座
1/7的壽星在哪裡~ 魔羯座們在哪裡 祝我自己生日快樂 今日上班快樂🤣",2026年1月7日 星期三 上午10:44,,"Photo by FIFI SHOP on January 06, 2026.",41,47,12,,https://www.threads.com/@familymart_tw/post/DTM180PElqW,生日快樂美莓🩷,2026年1月7日 星期三 下午3:13,,,13,1,,
a9854666998,https://www.threads.com/@a9854666998/post/DTH_47oEkwo,"童年回憶
台灣人一定有看過：",2026年1月5日 星期一 下午6:04,,"Photo by @a9854666998 on January 05, 2026. | Photo by @a9854666998 on January 05, 2026. | Photo by @a9854666998 on January 05, 2026. | Photo by @a9854666998 on January 05, 2026. | Photo by @a9854666998 on January 05, 2026. | Photo by @a9854666998 on January 05, 2026. | Photo by @a9854666998 on January 05, 2026. | Photo by @a9854666998 on January 05, 2026. | Photo by @a9854666998 on January 05, 2026. | Photo by @a9854666998 on January 05, 2026. | Photo by @a9854666998 on January 05, 2026. | Photo by @a9854666998 on January 05, 2026. | Photo by @a9854666998 on January 05, 2026. | Photo by @a9854666998 on January 05, 2026. | Photo by @a9854666998 on January 05, 2026.",110000,1406,4785,9462,https://www.threads.com/@familymart_tw/post/DTLIaw7ElpR,還記得嗎,2026年1月6日 星期二 下午11:16,,"Photo by 全家便利商店_台灣 on January 06, 2026.",5745,76,14,109
be.come.true,https://www.threads.com/@be.come.true/post/DTKyA4vgS6h,"toro
阿柔YRO的敲碗聲我們聽到了🙆‍♀️ TORO 「 YTO 藍色王國迷你展周邊 」 在 全家行動購 熱烈開賣中！
早早被搶空的桌曆、流沙杯墊也回來了💪 沒買到、沒到場的遺憾，現在就幫各位補上~
讓藍色王國溫柔療癒你的生活💙 這裡買👉 reurl.cc/3bpVv…",2026年1月6日 星期二 下午8:00,,"Photo by Becometrue on January 06, 2026.",135,4,8,19,https://www.threads.com/@familymart_tw/post/DTLDisokn14,來全家行動購 偷偷相遇 吧💙,2026年1月6日 星期二 下午10:33,,,15,,,
kinmen_kaoliang_liquor,https://www.threads.com/@kinmen_kaoliang_liquor/post/DTKsI3DAf-a,"金門高粱
大家都是什麼時候才會想到我啊？ 1 / 2",2026年1月6日 星期二 下午7:09,,,1823,712,3,9,https://www.threads.com/@familymart_tw/post/DTKvAmLEr2d,在你轉身之後,2026年1月6日 星期二 下午7:34,,,178,3,,1
loveyousomuchtwo,https://www.threads.com/@loveyousomuchtwo/post/DTJma07EmQ9,各位！！！小吉出了這個！！！ 早上在全家看到的 一個249 大家有經過就看看吧 我是很喜歡啦(⁎⁍̴̛ᴗ⁍̴̛⁎) 1 / 2,2026年1月6日 星期二 上午9:00,,"Photo by Coco HO on January 05, 2026. | Photo by Coco HO on January 05, 2026. | Photo by Coco HO on January 05, 2026. | Photo by Coco HO on January 05, 2026.",1015,27,28,635,https://www.threads.com/@familymart_tw/post/DTKn2KoEn6q,՞ o̴̶̷̤ ̫ o̴̶̷̤ ՞🎶 翻譯,2026年1月6日 星期二 下午6:31,,,28,1,,
wwanope,https://www.threads.com/@wwanope/post/DTHksVTEw6V,對不起 我一直給你添麻糬,2026年1月5日 星期一 下午2:06,,,140000,1432,15000,25000,https://www.threads.com/@familymart_tw/post/DTKF60QkuPi,真是的 哪壺不開提拉米蘇,2026年1月6日 星期二 下午1:35,,,9832,13,80,206
hy_friedeggflavor,https://www.threads.com/@hy_friedeggflavor/post/DTEx2Kukrt1,全家便利商店 去年7月上市 水水灶咖X波的多洋芋片-酥炸辣皮蛋風味 2026/01/07強勢回歸 ！ 1 / 2,2026年1月4日 星期日 下午12:03,,"Photo by 荷包蛋洋芋片 on January 03, 2026.",200,28,14,54,https://www.threads.com/@familymart_tw/post/DTH6sTTEjze,,2026年1月5日 星期一 下午5:18,,"Photo by 全家便利商店_台灣 on January 05, 2026.",14,1,,1
casper7831,https://www.threads.com/@casper7831/post/DTFw5zkiS7C,"皮蛋多力多滋
如果把這三包混在一起是不是就變成三色蛋 1 / 2",2026年1月4日 星期日 下午9:14,,"Photo by 王呈哲｜存摺攝影：台灣文化・廟會攝影師 on January 04, 2026.",63000,552,1954,19000,https://www.threads.com/@familymart_tw/post/DTH6bbWErO8,如果這三個一起吃是不是就變成三色豆,2026年1月5日 星期一 下午5:16,,"Photo by 全家便利商店_台灣 on January 05, 2026.",2841,19,8,91
chill_derma,https://www.threads.com/@chill_derma/post/DQOCVGKEj8v,我自行宣布 第一屆《threads 每次來日本都一定會一吃再吃的店》大賽 正式開始 選手如下： 1 / 2,2025年10月25日 星期六 下午12:46,,,5127,573,1319,5926,https://www.threads.com/@familymart_tw/post/DTFlIxakjY7,,2026年1月4日 星期日 下午7:31,,"Photo by 全家便利商店_台灣 on January 04, 2026.",120,3,1,
bhouse.interior,https://www.threads.com/@bhouse.interior/post/DTDUoiXkvZh,"小編日常
自從寶編上任後 觀察到脆上 有很多脆玩得很厲害的小編
金門酒廠 @kinmen_kaoliang_liquor 嘉南羊乳 @rnn9063t 福容大飯店 @fullonhotelkaohsiung
想知道還有哪些幽默有趣的品牌小編 是脆友們覺得必追的？",2026年1月3日 星期六 下午10:29,,,159,175,,3,https://www.threads.com/@familymart_tw/post/DTFk0PHki_U,"dailyview.tw
海巡界最幽默的小編！「全家」勇奪社群小編個人獎殊榮 親曝爆紅破圈秘訣｜熱門話題",2026年1月4日 星期日 下午7:29,,海巡界最幽默的小編！「全家」勇奪社群小編個人獎殊榮　親曝爆紅破圈秘訣｜熱門話題,65,1,,
bobo_ss_gg,https://www.threads.com/@bobo_ss_gg/post/DTDbWsFk0fP,我的天 雖然他不是黑色的一樣是皮蛋口味 第一片吃下去直接嗆到⋯完全皮蛋味 買不到多力多滋的完全可以試這款,2026年1月3日 星期六 下午11:27,,"Photo by bobo on January 03, 2026. | Photo by bobo on January 03, 2026.",961,21,14,795,https://www.threads.com/@familymart_tw/post/DTFdHtHkh2c,沒錯沒錯！一打開真的有很嗆的味道，好吃😋,2026年1月4日 星期日 下午6:21,,,59,,,1
kyu_0729,https://www.threads.com/@kyu_0729/post/DTEwzukk3py,反正感情夠烙賽 也要讓月老體驗烙賽的滋味😍 1 / 2,2026年1月4日 星期日 上午11:54,,"Photo by 豪 on January 03, 2026. | Photo by 豪 on January 03, 2026.",64000,1066,2027,22000,https://www.threads.com/@familymart_tw/post/DTFbXQQEm-q,"您好，這個全家買的組合很棒 這支是預測您今天會抽到的籤：
《第不知道幾首良緣排隊籤》 紅線本長三千丈， 月老今朝手微抖。 姻緣非你不安排， 只是順序放很後。",2026年1月4日 星期日 下午6:06,,,2154,10,1,44
jaychang0127,https://www.threads.com/@jaychang0127/post/DTC6nnDE5aF,敲碗的全家福袋來了🤣 249有比較划嗎？,2026年1月3日 星期六 下午6:41,,,1391,27,5,167,https://www.threads.com/@familymart_tw/post/DTDCTWCEo_N,蚵仔煎洋芋片,2026年1月3日 星期六 下午7:49,,,110,,,
c.g995t,https://www.threads.com/@c.g995t/post/DTAiDqgkxIq,有同感耶！ 剛才為了在寒冬中買全家的熱咖啡走太快，測速照相機對我閃了一下，這張單子全家可以幫我處理嗎？,2026年1月2日 星期五 下午8:28,@familymart_tw,,12,1,1,,https://www.threads.com/@familymart_tw/post/DTAmXKgEg2-,蛤？你說走嗎？ 不考慮先報個什麼奧運項目嗎,2026年1月2日 星期五 下午9:06,,,8,1,,
supertastesupertaste,https://www.threads.com/@supertastesupertaste/post/DTAX6z6jXv9,全家「草莓優格霜淇淋」要回來啦！這次跟日本超夯「麻麻美」聯名超可愛💖 7-11草莓霜淇淋也要回來了～草莓控的你應該都要拿下吧😍,2026年1月2日 星期五 下午7:00,,"Photo by 食尚玩家 on January 02, 2026. | Photo by 食尚玩家 on January 02, 2026. | Photo by 食尚玩家 on January 02, 2026.",478,6,11,203,https://www.threads.com/@familymart_tw/post/DTAfcU8Eurs,🍓🍦,2026年1月2日 星期五 下午8:05,,,44,1,,
kinmen_kaoliang_liquor,https://www.threads.com/@kinmen_kaoliang_liquor/post/DS9WzEEgQ-m,多管閒事，我一個人喝兩杯不行嗎？,2026年1月1日 星期四 下午2:52,@familymart_tw,,8104,43,23,171,https://www.threads.com/@familymart_tw/post/DS-GcljkqA2,金喝拎,2026年1月1日 星期四 下午9:49,,,70,,,
takara1983,https://www.threads.com/@takara1983/post/DS9f6ouj3fq,全家的工作人員好可愛😍 前面還有練習的沒錄到 開店一起喊歡迎光臨🙇,2026年1月1日 星期四 下午4:13,,,590,22,5,77,https://www.threads.com/@familymart_tw/post/DS-AA0wkiHo,您好，歡迎光臨💚💙,2026年1月1日 星期四 下午8:52,,,237,5,,1
tsaibrotherderboofan,https://www.threads.com/@tsaibrotherderboofan/post/DS73eAECLv4,祝大家新年快樂🥳,2026年1月1日 星期四 上午12:59,,,391,20,1,9,https://www.threads.com/@familymart_tw/post/DS9xI_Bku2w,不好意思可是想問一下 那一碗是不是只有11顆,2026年1月1日 星期四 下午6:42,,,38,2,,
ootdtmi_77,https://www.threads.com/@ootdtmi_77/post/DS9IEpNiTZ5,"全家福袋
哇…新年第一天運氣爆棚 第一次買福袋就抽到iphone 17 pro… 果然是有家裡貓咪加持過才抽到的嗎🥹 1 / 2",2026年1月1日 星期四 下午12:44,,"Photo by 77 on December 31, 2025. | Photo by 77 on December 31, 2025.",35000,637,187,8762,https://www.threads.com/@familymart_tw/post/DS9V0PxEmf-,,2026年1月1日 星期四 下午2:44,,,4664,6,8,52
kidotway,https://www.threads.com/@kidotway/post/DS7hXU-Esh-,"跨年
跑遍全家 711 全聯 終於找到一盒綠葡萄 結果裡面只有11顆 小編出來面對🫵😭 1 / 2",2025年12月31日 星期三 下午9:46,,"Photo by Carol 你要趣哪裡🧸宅情報｜美食｜生活 on December 31, 2025.",29000,360,72,630,https://www.threads.com/@familymart_tw/post/DS707aqksX6,葡萄雖少亦成緣， 人生本就不周全。,2026年1月1日 星期四 上午12:37,,,45000,132,187,536
1028.ee,https://www.threads.com/@1028.ee/post/DS67f_wjzwX,"全家福袋
誰能比我衰 買了40袋福袋 40袋 全都是銘謝惠顧+40張8元股票禮。 1 / 2",2025年12月31日 星期三 下午4:15,,"Photo by EC on December 31, 2025. | Photo by EC on December 31, 2025. | Photo by EC on December 31, 2025.",11000,454,27,2126,https://www.threads.com/@familymart_tw/post/DS7yd83knQk,福袋皆空不言愁， 三車未開運未休。,2026年1月1日 星期四 上午12:15,,,818,8,,6
thermostaiwan,https://www.threads.com/@thermostaiwan/post/DS6vA4fk7BW,"小編需要流量
為什麼沒人跟我說 今天設計部沒人上班(´༎ຶོρ༎ຶོ`)
總之膳膳的脆今天開張 希 望 大 家 跟 我 說 那 4 個 字",2025年12月31日 星期三 下午2:31,,,5112,849,36,82,https://www.threads.com/@familymart_tw/post/DS7QYCOEuny,全家福袋,2025年12月31日 星期三 下午7:18,,"Photo by 全家便利商店_台灣 on December 31, 2025.",213,7,,3
woocha2019,https://www.threads.com/@woocha2019/post/DS67pWoD8iT,我的也是!!,2025年12月31日 星期三 下午4:16,@familymart_tw,"Photo by 金茶伍水果Q粿專賣店 on December 31, 2025. | Photo by 金茶伍水果Q粿專賣店 on December 31, 2025. | Photo by 金茶伍水果Q粿專賣店 on December 31, 2025.",7,1,,,https://www.threads.com/@familymart_tw/post/DS69z_5lV_f,狀況百出的今天,2025年12月31日 星期三 下午4:35,,,5,1,,
sogohsinchu,https://www.threads.com/@sogohsinchu/post/DS62-b6Ebsm,我比較想要 拿走12顆石頭,2025年12月31日 星期三 下午3:36,@familymart_tw,,4,1,,,https://www.threads.com/@familymart_tw/post/DS65wxFEhxC,薯下留石，感恩,2025年12月31日 星期三 下午4:00,,,7,,,
vieshow_cinemas,https://www.threads.com/@vieshow_cinemas/post/DS6UL-zkwUY,"祝你全家明年都來威秀影城看電影！（耍狠貌
順道，祝大家新年快樂喔～～",2025年12月31日 星期三 上午10:32,@familymart_tw,,87,3,,,https://www.threads.com/@familymart_tw/post/DS6UnFTEhFU,喜歡,2025年12月31日 星期三 上午10:35,,,11,,,
jessica0514lee,https://www.threads.com/@jessica0514lee/post/DS4oSduEia2,宇 宇宙大明星 金希澈🍒💙,2025年12月30日 星期二 下午6:49,@familymart_tw,"Photo by Jessica Lee on December 30, 2025.",221,1,,,https://www.threads.com/@familymart_tw/post/DS5H8EDEgl_,莎拉黑唷～,2025年12月30日 星期二 下午11:25,,,47,1,,
alt_sc56,https://www.threads.com/@alt_sc56/post/DS4brL5kVRX,國際巨雞雞柳條（Takao）是一定有的吧！！ 多才多藝又溫暖的吉祥物,2025年12月30日 星期二 下午4:59,@familymart_tw,"Photo by Alt 알트 on December 30, 2025.",445,4,1,2,https://www.threads.com/@familymart_tw/post/DS5GzD8EgAK,又看起來很好吃（？,2025年12月30日 星期二 下午11:15,,,25,1,,
bettermilk.tw,https://www.threads.com/@bettermilk.tw/post/DS47zXbk7fv,"2026
Dear 土地公,
希望點開這封訊息的你 新的一年都能平安順心，健康快樂 偶爾也會想起哞的可愛 決定去超商買個鮮乳坊鮮奶暖暖身心靈 那我就是全天下最幸福的哞了
哞愛你 哞🐮🫶🏻",2025年12月30日 星期二 下午9:39,,,261,30,,,https://www.threads.com/@familymart_tw/post/DS5BPYzkhhs,"Dear 哞
哞哞哞哞哞哞哞哞哞 哞",2025年12月30日 星期二 下午10:27,,,45,3,,
hsiehpatty,https://www.threads.com/@hsiehpatty/post/DS4S_ZqEtkH,"要找2026代言人嗎？
一生只推藝聲 (Super Junior大主唱) 藝聲粉都很敢掏錢支持喔！請納入考慮🙏",2025年12月30日 星期二 下午3:43,@familymart_tw,"Photo by Patty Hsieh on December 29, 2025. | Photo by Patty Hsieh on December 29, 2025. | Photo by Patty Hsieh on December 29, 2025. | Photo by Patty Hsieh on December 29, 2025. | Photo by Patty Hsieh on December 29, 2025.",2776,27,2,34,https://www.threads.com/@familymart_tw/post/DS5AkykktHx,我就問一個 這一樓的it's you 都練好了嗎？ 😉,2025年12月30日 星期二 下午10:21,,,364,17,,5
ruru90802,https://www.threads.com/@ruru90802/post/DS4wKuOkzq6,金希澈！！！,2025年12月30日 星期二 下午7:58,@familymart_tw,"Photo by Tsai Chia Ju on December 30, 2025.",67,1,,,https://www.threads.com/@familymart_tw/post/DS5Ade8kh3k,莎拉黑唷～,2025年12月30日 星期二 下午10:20,,,24,1,1,1
t21317,https://www.threads.com/@t21317/post/DS4-tA6EgTF,🐻熊：這題我會，你才銘謝惠顧，你全家都銘謝惠顧,2025年12月30日 星期二 下午10:05,@familymart_tw,,31,1,,1,https://www.threads.com/@familymart_tw/post/DS5AOn6EmV1,,2025年12月30日 星期二 下午10:18,,"Photo by 全家便利商店_台灣 on December 30, 2025.",38,1,,
shopee_tw,https://www.threads.com/@shopee_tw/post/DS4sybqE_qJ,"Dear 土地公,
希望在2025努力海巡的小編們 明年都能加薪、年終好幾個月
Thanks. 1 / 2",2025年12月30日 星期二 下午7:28,,,10000,543,66,175,https://www.threads.com/@familymart_tw/post/DS4wZLlEgdd,"親愛欸媽祖婆, 保庇大家！ 多謝。",2025年12月30日 星期二 下午8:00,,,341,1,1,
sinon_princess,https://www.threads.com/@sinon_princess/post/DS4qTfgkagP,"全家福袋
買了這麼多年，終於中了😭😭😭
@familymart_tw 小編小編，會跟我說那4個字嗎？？ 1 / 2",2025年12月30日 星期二 下午7:06,,"Photo by 月凝鏡 on December 30, 2025.",63,5,,2,https://www.threads.com/@familymart_tw/post/DS4qlfoElFp,你中伍獎,2025年12月30日 星期二 下午7:09,,,103,,,1
energy_yun,https://www.threads.com/@energy_yun/post/DS4nxxGk4c5,"你全家都幸福啦！
這樣可以嗎🥺",2025年12月30日 星期二 下午6:44,@familymart_tw,,87,1,,,https://www.threads.com/@familymart_tw/post/DS4n0uZEmhd,好讚,2025年12月30日 星期二 下午6:45,,,42,,,
rnn9063t,https://www.threads.com/@rnn9063t/post/DS4lfsMie2Q,,2025年12月30日 星期二 下午6:24,@familymart_tw,"Photo by 嘉南羊乳｜總公司 on December 30, 2025.",189,1,,,https://www.threads.com/@familymart_tw/post/DS4nYMekrMQ,🥛,2025年12月30日 星期二 下午6:41,,,30,,,
tailunlee,https://www.threads.com/@tailunlee/post/DS4mWW4E1F6,例如你才胖，你‘’全家’‘都胖⋯這方面的嗎？ 🤣,2025年12月30日 星期二 下午6:32,@familymart_tw,,101,1,,1,https://www.threads.com/@familymart_tw/post/DS4nQu7Ep8H,你才胖胖（不准疊字,2025年12月30日 星期二 下午6:40,,,35,,,
koh_coconut_water,https://www.threads.com/@koh_coconut_water/post/DS4mJu4ktLS,不！你的名字是個溫暖存在💙💚,2025年12月30日 星期二 下午6:30,@familymart_tw,,32,1,,,https://www.threads.com/@familymart_tw/post/DS4mRqYEr2X,全家就是你家💚💙,2025年12月30日 星期二 下午6:31,,,67,,,
teukfan01,https://www.threads.com/@teukfan01/post/DS4cW41kslX,全家就是利特的家🏠,2025年12月30日 星期二 下午5:07,@familymart_tw,,788,2,,2,https://www.threads.com/@familymart_tw/post/DS4cyjtklBM,耐斯耐斯 翻譯,2025年12月30日 星期二 下午5:08,,,299,1,,
torocompany1002,https://www.threads.com/@torocompany1002/post/DS4bfgLk7Se,必須是每天都穿的全家襪子的那個人，但是這個人最近出了自己的IP襪子,2025年12月30日 星期二 下午4:57,@familymart_tw,,311,19,,2,https://www.threads.com/@familymart_tw/post/DS4cUBEEoxB,是戰鬥Toro嗎,2025年12月30日 星期二 下午5:04,,,103,3,,4
linetoday_tw,https://www.threads.com/@linetoday_tw/post/DS38f_ok6zr,"馬年
明年是馬年🐴 有哪些創意吉祥話可以說？",2025年12月30日 星期二 下午12:26,,,658,651,46,279,https://www.threads.com/@familymart_tw/post/DS4a-yrkrOH,都馬可以,2025年12月30日 星期二 下午4:53,,,378,2,,7
xox1991lcc,https://www.threads.com/@xox1991lcc/post/DS4ajIjElIm,多才多藝台灣觀光大使🐧,2025年12月30日 星期二 下午4:49,@familymart_tw,"Photo by Bear Bibi on December 30, 2025.",889,2,,3,https://www.threads.com/@familymart_tw/post/DS4aqsnEuSl,你現在收看的是,2025年12月30日 星期二 下午4:50,,,445,20,,1
dh.082025,https://www.threads.com/@dh.082025/post/DS4XXjWD2br,必須是李東海💙,2025年12月30日 星期二 下午4:21,@familymart_tw,"Photo by @dh.082025 on December 30, 2025.",500,2,,,https://www.threads.com/@familymart_tw/post/DS4Xa85kljc,噢～～～浪漫🐶,2025年12月30日 星期二 下午4:21,,,294,5,,
littlecat_joanne,https://www.threads.com/@littlecat_joanne/post/DS4XI3kkWu7,@rossoyu0115 最喜歡全家的比利時巧克力霜淇淋。但每次出現的時候都遇到身體不適…… 希望2026每次都可以順利吃到我愛的霜淇淋。,2025年12月30日 星期二 下午4:19,@familymart_tw,,4,1,,,https://www.threads.com/@familymart_tw/post/DS4XUIvEhIV,願你2026年開心快樂的來吃霜淇淋💚💙,2025年12月30日 星期二 下午4:20,,,2,,,
love._.3026,https://www.threads.com/@love._.3026/post/DS2C4bsEqhe,"全家
全家小編可以許願電台放GD的歌嗎🥹 這樣我上班就不會死氣沈沈了",2025年12月29日 星期一 下午6:43,,,29,8,,,https://www.threads.com/@familymart_tw/post/DS4W0yQEteZ,好,2025年12月30日 星期二 下午4:16,,,37,2,,
zhang.uj,https://www.threads.com/@zhang.uj/post/DS4Tik1CQLk,大闖了 這個,2025年12月30日 星期二 下午3:48,@familymart_tw,"Photo by ˙𐃷˙ on December 29, 2025.",217,1,,,https://www.threads.com/@familymart_tw/post/DS4UFMPkj2F,抓一個Coer✨,2025年12月30日 星期二 下午3:52,,,30,,,
baozanfang,https://www.threads.com/@baozanfang/post/DS4TAOokt9o,,2025年12月30日 星期二 下午3:43,@familymart_tw,"Photo by 寶簪坊 on December 29, 2025.",239,1,,,https://www.threads.com/@familymart_tw/post/DS4T_iykkxj,💙,2025年12月30日 星期二 下午3:51,,,54,,,
uniannie,https://www.threads.com/@uniannie/post/DS4SZfqExYQ,CORTIS一次來5位 眼睛很忙,2025年12月30日 星期二 下午3:38,@familymart_tw,,68,1,,,https://www.threads.com/@familymart_tw/post/DS4Sl-vEq5B,,2025年12月30日 星期二 下午3:39,,"Photo by 全家便利商店_台灣 on December 29, 2025.",15,1,,4
move1strong,https://www.threads.com/@move1strong/post/DS4R4FIErz-,只剩兩天了我是沒有感覺啦 是不是想要我說是你啊全家小編,2025年12月30日 星期二 下午3:33,@familymart_tw,,5,1,,,https://www.threads.com/@familymart_tw/post/DS4R73KkveT,顯然就是💚💙,2025年12月30日 星期二 下午3:33,,,8,1,,
bonnie_nini,https://www.threads.com/@bonnie_nini/post/DS3Z4VFk61a,"在7-11跟全家做抉擇，選了比較遠的那家
：焦糖拿鐵賣完囉 ：那(;´༎ຶД༎ຶ`) 我要一杯仙女醇奶茶
但我還是好想喝焦糖噢(;´༎ຶД༎ຶ`)",2025年12月30日 星期二 上午7:24,,"Photo by 邦妮ʙᴏɴɴɪᴇ🍁680 on December 29, 2025.",93,8,,,https://www.threads.com/@familymart_tw/post/DS4O2kDElPz,仙女你的選擇是對的,2025年12月30日 星期二 下午3:07,,,64,1,,
chyi3333__,https://www.threads.com/@chyi3333__/post/DS2JoZcEgmd,"全家
全家不要再出焗烤系列的義大利麵 會ㄧ直想買來吃",2025年12月29日 星期一 下午7:42,,"Photo by R on December 29, 2025. | Photo by R on December 29, 2025.",602,26,2,94,https://www.threads.com/@familymart_tw/post/DS4OvXVEvGq,好的，好吃一直出,2025年12月30日 星期二 下午3:06,,,66,3,,
fullonhotelkaohsiung,https://www.threads.com/@fullonhotelkaohsiung/post/DS4HBUjAf5n,你知道你在我家對面就分了兩家 都讓我選擇困難嗎,2025年12月30日 星期二 下午1:58,@familymart_tw,,50,3,,,https://www.threads.com/@familymart_tw/post/DS4HIybElYE,畢竟愛總是猶疑不定的,2025年12月30日 星期二 下午1:59,,,14,,,
kinmen_kaoliang_liquor,https://www.threads.com/@kinmen_kaoliang_liquor/post/DS2MrYKFJKI,好的，謝謝，我只是想回覆每個留言以表禮貌，脆就是不讓我如願，就這樣，去你的脆笛酥。 1 / 2,2025年12月29日 星期一 下午8:09,,"Photo by 金門酒廠 on December 29, 2025.",9217,647,38,304,https://www.threads.com/@familymart_tw/post/DS2isogkvx4,看到你的頭貼讓我想著⋯⋯ 這算不算是一種 金夠悲,2025年12月29日 星期一 下午11:21,,,1238,12,,13
annie_murmur,https://www.threads.com/@annie_murmur/post/DS2b1tBkt85,,2025年12月29日 星期一 下午10:22,@familymart_tw,"Photo by Annie Amelia (Double A) on December 29, 2025.",4,1,,2,https://www.threads.com/@familymart_tw/post/DS2b-TDEq36,可口可樂,2025年12月29日 星期一 下午10:23,,,1,1,,
vivifuntv,https://www.threads.com/@vivifuntv/post/DS2bLY6k2yP,看了心情好不起來耶😆,2025年12月29日 星期一 下午10:16,@familymart_tw,,8,1,,,https://www.threads.com/@familymart_tw/post/DS2bWL-Erg6,想想連全家小編都抽到這個了，應該會好一點。,2025年12月29日 星期一 下午10:17,,,10,3,,
nmnstw,https://www.threads.com/@nmnstw/post/DS14Q7agbxR,再過不到3天，就是2026/1/1 也是科博館40歲生日!!! 想聽大家跟我說那四個字 1 / 2,2025年12月29日 星期一 下午5:11,,,7142,731,76,221,https://www.threads.com/@familymart_tw/post/DS2Zb7sktEI,劇透,2025年12月29日 星期一 下午10:01,,"Photo by 全家便利商店_台灣 on December 29, 2025.",375,9,2,4
hola.taiwan,https://www.threads.com/@hola.taiwan/post/DS2Vsa1EpzD,"聽說這是新的流量密碼 測試一下 有漏掉的自己留言！
IKEA 小編、IKEA小編、IKEA 小編、IKEA小編、IKEA 小編、IKEA小編、IKEA 小編、IKEA小編、IKEA 小編、IKEA小編、IKEA 小編、IKEA小編、IKEA 小編、IKEA小編、IKEA 小編、IKEA小編、IKEA 小編、IKEA小編、IKEA 小編、IKEA小編、IKEA 小編、IKEA小編、IKEA 小編、IKEA小編、IKEA 小編、IKEA小編、IKEA 小編、IKEA小編、IKEA 小編、IKEA小編、IKEA 小編、IKEA小編、IKEA 小編、IKEA小編、IKEA 小編、IKEA小編、IKEA 小編、IKEA小編、IKEA 小編、IKEA小編、IKEA 小編、IKEA小編、IKEA 小編、IKEA小編、IKEA 小編、IKEA小編、IKEA 小編、IKEA小編、IKEA 小編、IKEA小編、IKEA 小編、IKEA小編、IKEA 小編、IKEA小編
要2026年了，我始終是你的厚厝編。",2025年12月29日 星期一 下午9:28,,,239,94,1,4,https://www.threads.com/@familymart_tw/post/DS2V1t0knev,🪑🍿,2025年12月29日 星期一 下午9:29,,,52,3,,1
the_things_i_want_you_know,https://www.threads.com/@the_things_i_want_you_know/post/DSziuH1Eh80,我宣佈《脆上最會嗆人的小編》大賽 第一屆正式開始 嗆不好我會笑你喔⋯⋯ . 選手如下 1 / 2,2025年12月28日 星期日 下午7:24,,,3137,543,77,271,https://www.threads.com/@familymart_tw/post/DS2O4npks7S,"其實我不嗆，但名字容易被拿來詛咒⋯⋯⋯⋯⋯
（提醒大家還是要善良哦",2025年12月29日 星期一 下午8:28,,,474,9,,2
__ningzhu.__,https://www.threads.com/@__ningzhu.__/post/DS1tEftEm8s,"Cortis
忘記帶襪子臨時去UQ買了6雙 ：你剛剛不是買6雙了嗎 😗：COER會懂",2025年12月29日 星期一 下午3:33,,"Photo by 甯竹🎋 on December 28, 2025. | Photo by 甯竹🎋 on December 28, 2025.",,16,,,https://www.threads.com/@familymart_tw/post/DS2Og7hEln9,🙂‍↕️🙂‍↕️🙂‍↕️ 我必須拿下跟安🐶同款！,2025年12月29日 星期一 下午8:25,,,51,2,,
ann_522_,https://www.threads.com/@ann_522_/post/DSz6uJ7ExbM,"Cortis
昨天吃全家霜淇淋看到那個顏色 第一個想到cortis的球專 然後就畫了這個😻👀 1 / 2",2025年12月28日 星期日 下午10:54,,"Photo by 안안🌻 on December 28, 2025.",3552,11,64,201,https://www.threads.com/@familymart_tw/post/DS2L4ezkpcJ,🤣🤣🤣天啊！ 買完襪子再吃1支cortis球專色霜淇淋是什麼完美行程,2025年12月29日 星期一 下午8:02,,,1190,6,3,36
wanchiger,https://www.threads.com/@wanchiger/post/DSuCiQ1E-dl,羨慕聖誕老人，上1休364,2025年12月26日 星期五 下午4:07,,,23000,77,1958,898,https://www.threads.com/@familymart_tw/post/DS2Ln7vkiAh,月老全年牽線，還要處理已讀不回,2025年12月29日 星期一 下午8:00,,,81,1,,1
usernabi57,https://www.threads.com/@usernabi57/post/DS16Ikfgbo9,根本是瘋女。。跑了三間全家才找到^^ 1 / 2,2025年12月29日 星期一 下午5:27,,"Photo by @usernabi57 on December 29, 2025. | Photo by @usernabi57 on December 29, 2025. | Photo by @usernabi57 on December 29, 2025. | Photo by @usernabi57 on December 29, 2025.",9953,39,182,1235,https://www.threads.com/@familymart_tw/post/DS2LaW4EiZH,不行，他拿起來放臉旁邊是什麼大可愛行為💓,2025年12月29日 星期一 下午7:58,,,245,1,,3
dominospizza_tw,https://www.threads.com/@dominospizza_tw/post/DS1T2gkkZi9,"跨年活動
✨ 跨年寵粉活動~ 揪團投票吃達美樂Pizza🍕 「再沒幾天就跨年了！你是哪一隊？」 💡 請幫小編：留言投票 + 轉發分享！
參加範例：1號!!我要約 @redbulltaiwan @hypotato_chips @familymart_tw @kssogo.tw @momoshopping_ @netflixtw @taoyuan_pilots_official @wdragons_baseball @fullonhotels @kinmen_kaoliang_liquor @yyyoungggggg 來我家的沙發來場最長跨年馬拉松，從今天起披薩🍕一片片配影集電影🍿吃到2026
📢 活動規則：2025/12/31 23:59 前 在這篇脆文投下神聖一票 小編將從票數最高的小隊中抽出1位幸運兒， 請吃[達美樂大披薩1個] 於 2026/1/9 前公布. 此篇活動為「脆友獨家加碼」活動!
優惠套餐偷偷放 提早訂 domi.tw/8hxsv… 1 / 2",2025年12月29日 星期一 上午11:53,,"Photo by 達美樂披薩 on December 28, 2025.",89,89,32,13,https://www.threads.com/@familymart_tw/post/DS15hTZkt3t,約你明年繼續一起骰到6,2025年12月29日 星期一 下午5:22,,,10,1,,
forest.creat,https://www.threads.com/@forest.creat/post/DS1rk7ICdmg,台灣的24小時不打烊 1. 便利商店 2. 小編,2025年12月29日 星期一 下午3:20,,,253,82,,2,https://www.threads.com/@familymart_tw/post/DS14zEfkn9M,我一次符合2個條件,2025年12月29日 星期一 下午5:15,,,272,4,,
art_director_kitten,https://www.threads.com/@art_director_kitten/post/DSy53ZkE5Sb,我…就是去個全家…怎麼了嗎 1 / 2,2025年12月28日 星期日 下午1:28,,,42000,344,586,1392,https://www.threads.com/@familymart_tw/post/DS1v2xEEs57,：沒關係，你就去，我在這裡等你回來,2025年12月29日 星期一 下午3:57,,,9795,7,,18
kvy_.818,https://www.threads.com/@kvy_.818/post/DS0CO_xksDf,天啊 竟然就這樣被全家小編回覆了( Ꙭ)‼🧦,2025年12月28日 星期日 下午11:59,@familymart_tw,,2,1,,,https://www.threads.com/@familymart_tw/post/DS0CmMiEoNv,🐶🧦💚💙,2025年12月29日 星期一 上午12:02,,,8,,,
kvy_.818,https://www.threads.com/@kvy_.818/post/DSztP_ok4Zk,低成本安乾鎬同款：全家襪子 馬丁也指名想同款 會不會明天全家就襪子缺貨ㄌ、、、 1 / 2,2025年12月28日 星期日 下午8:57,,,915,13,16,188,https://www.threads.com/@familymart_tw/post/DS0Bw_Wkgtq,噢！！！唸FamilyMart又拿起來在臉旁邊🥺💓,2025年12月28日 星期日 下午11:55,,,417,6,,9
y1cxx__,https://www.threads.com/@y1cxx__/post/DSz5Fb2Eol6,連結呢我需要連結！！,2025年12月28日 星期日 下午10:39,@familymart_tw,,,1,,,https://www.threads.com/@familymart_tw/post/DSz5U8FkmBP,"中筒線襪-便利商店白 bmai.app/db811…
bmai.app
【日本CW】(小)中筒線襪-便利商店白(1個x1)",2025年12月28日 星期日 下午10:41,,【日本CW】(小)中筒線襪-便利商店白(1個x1),1,,1,1
ruby_891016,https://www.threads.com/@ruby_891016/post/DSzz0PfD2TE,@yiying511 安安同款襪子！！！好可愛哈哈哈😫💖,2025年12月28日 星期日 下午9:53,@familymart_tw,"Photo by Ruby on December 28, 2025.",880,2,13,585,https://www.threads.com/@familymart_tw/post/DSz1fvOEq4U,超可愛🥺💓 看到要瘋掉,2025年12月28日 星期日 下午10:08,,,225,3,,14
lucas_crypto05,https://www.threads.com/@lucas_crypto05/post/DSxmLs1ARO6,馬年不知道能送什麼禮物？ 以下是馬年送禮指南🐴,2025年12月28日 星期日 上午1:16,,"Photo by 0xLucas on December 27, 2025. | Photo by 0xLucas on December 27, 2025. | Photo by 0xLucas on December 27, 2025. | Photo by 0xLucas on December 27, 2025. | Photo by 0xLucas on December 27, 2025. | Photo by 0xLucas on December 27, 2025.",41000,537,5266,36000,https://www.threads.com/@familymart_tw/post/DSy9Xe9kjF2,多一些參考選擇,2025年12月28日 星期日 下午1:58,,"Photo by 全家便利商店_台灣 on December 27, 2025. | Photo by 全家便利商店_台灣 on December 27, 2025.",754,7,4,58
npm_south,https://www.threads.com/@npm_south/post/DSy1PnRiYoa,終於輪到我了，可以跟我說那四個字嗎 1 / 2,2025年12月28日 星期日 下午12:47,,"Photo by 國立故宮博物院南部院區 on December 27, 2025.",2792,554,17,12,https://www.threads.com/@familymart_tw/post/DSy84u0Ehj4,又多一歲,2025年12月28日 星期日 下午1:53,,,115,2,,
kinmen_kaoliang_liquor,https://www.threads.com/@kinmen_kaoliang_liquor/post/DSwK--wAZiT,好的，我被限流、回不了留言了，謝謝大家，真是可惡的threads！,2025年12月27日 星期六 上午11:59,,,23000,983,157,945,https://www.threads.com/@familymart_tw/post/DSwmeCREiCx,kinmen_kaoliang_liquor 2025-2-27 燈愣~登愣~登愣~🎵🎶 27 2 3 1 1,2025年12月27日 星期六 下午3:59,@freedom_482,,837,1,1,6
corjenc_cat,https://www.threads.com/@corjenc_cat/post/DSujaWDgbiv,：衛生紙應該不用買吉伊卡哇的吧⋯⋯？ 「可是全家特價一串$65耶」 ：買！！！！！ 1 / 2,2025年12月26日 星期五 下午8:54,,"Photo by Yu on December 26, 2025. | Photo by Yu on December 26, 2025. | Photo by Yu on December 26, 2025.",1181,21,3,226,https://www.threads.com/@familymart_tw/post/DSuqnROEn-G,需！！！要！！！！ ⸝⸝ʚ̴̶̷̆ˬʚ̴̶̷̆⸝⸝❤︎,2025年12月26日 星期五 下午9:57,,,120,3,,1
hsiang__0127,https://www.threads.com/@hsiang__0127/post/DSsdGSTEs3G,"hahababy福袋
第一次買全家福袋，獻給 hahababy啦ദ്ദി 沒特別期待抽到什麼，結果沒看分享 12 強相關物意外拿到一顆 12 強捏捏球！！？ 算是跟嘎哥有點關係？？ჱ̒✧°́⌳ｰ́)੭ 大概會是 過一陣子還會記得的福袋記憶點的內容物😆 (捏捏球拿去上班捏⋯⋯⋯）
有機會再去買🤡🤡",2025年12月26日 星期五 上午1:20,,"Photo by hsiang on December 25, 2025. | Photo by hsiang on December 25, 2025.",35,3,,5,https://www.threads.com/@familymart_tw/post/DSuIWDjknsQ,就一起 買福袋✨⚾️,2025年12月26日 星期五 下午4:57,,,7,1,,
onizuka7883,https://www.threads.com/@onizuka7883/post/DSrZQ_dEe7_,"hahababy
上禮拜參麗寶Hahababy路跑～ 這週又來全家搶福袋～ 整個12月都在haha中度過～
家裡有個小哈比媽媽，認真很傷荷包啊！😅 全家開心就好！ 希望有朝一日可以代工到二伯家的襪子🧦～ 真的豪可愛😍呀～",2025年12月25日 星期四 下午3:27,,"Photo by 張哲豪 on December 24, 2025. | Photo by 張哲豪 on December 24, 2025.",246,5,,1,https://www.threads.com/@familymart_tw/post/DStyLJGktBl,全家超可愛✨,2025年12月26日 星期五 下午1:44,,,16,1,,
cclaireo115,https://www.threads.com/@cclaireo115/post/DSrBn_HES3q,"我愛全家🫶🏻
剛剛去全家，點了一杯仙女紅茶 結完帳在旁邊看看茶葉蛋、看看烤地瓜、也看看熱狗
然後傳來一聲
「仙女好囉」
嗯，我也覺得我是仙女 （聖誕節快樂的小確辛）",2025年12月25日 星期四 下午12:01,,,2394,20,4,15,https://www.threads.com/@familymart_tw/post/DSrS0VAkpqa,仙女聖誕節快樂🎄,2025年12月25日 星期四 下午2:31,,,487,2,,2
kyunghoon_gil,https://www.threads.com/@kyunghoon_gil/post/DSpN-QVkhv9,丟完垃圾回來喔。,2025年12月24日 星期三 下午7:10,,,18000,176,225,645,https://www.threads.com/@familymart_tw/post/DSrOr_eksF7,"Dear Santa, 我就知道你愛全家的咖啡",2025年12月25日 星期四 下午1:55,,,695,4,,3
oyjy_07,https://www.threads.com/@oyjy_07/post/DSpuDHjk7Uv,@familymart_tw 速速go買了結果抽到了隱藏🥺🫶 感恩的心❤️‍🔥 超級適合糰子磁鐵我快被可愛死了🫳,2025年12月24日 星期三 下午11:51,,"Photo by joyceeee on December 24, 2025.",117,5,,8,https://www.threads.com/@familymart_tw/post/DSpuUr1koZS,是不是！我說很剛好吧💙 而且隱藏版是什麼驚人的手氣！！！！！,2025年12月24日 星期三 下午11:53,,,62,1,,2
hilaifoods_photos,https://www.threads.com/@hilaifoods_photos/post/DSpD_JYE45s,📣聽說明天放假 可以跟我說那4個字嗎？,2025年12月24日 星期三 下午5:43,,,224,231,2,9,https://www.threads.com/@familymart_tw/post/DSpVINwkhOS,全家海神,2025年12月24日 星期三 下午8:13,,,96,2,,1
yuna.2001._,https://www.threads.com/@yuna.2001._/post/DSnBPTqEfOW,好 裡面的糰子怎麼領這邊排隊麻🤓,2025年12月23日 星期二 下午10:41,@familymart_tw,,,1,,,https://www.threads.com/@familymart_tw/post/DSnBofAkp22,沒！有！！！😆😆😆,2025年12月23日 星期二 下午10:44,,,2,1,,
foody_tw,https://www.threads.com/@foody_tw/post/DSl5LWokXg3,"全家便利商店
全家2026年福袋也太可愛！！🎉 迪士尼、褲褲兔、放克牙寶、企鵝家族… 竟然還有全家自有福袋附贈迷你燈箱✨ 每一袋都太超值～～～ 1 / 2",2025年12月23日 星期二 下午12:11,,,1650,60,63,4594,https://www.threads.com/@familymart_tw/post/DSm6GAwEi_s,共41款20個人氣IP，請期待✨,2025年12月23日 星期二 下午9:38,,,42,3,,1
dramas._.ilike,https://www.threads.com/@dramas._.ilike/post/DSmvrPYga5H,小編是欸噗😍💙不知道有身體的糰子娃娃放不放的下？🥲🫣,2025年12月23日 星期二 下午8:07,@familymart_tw,,,1,,,https://www.threads.com/@familymart_tw/post/DSmwWsvktuE,不太行，盲盒磁鐵剛好（居然放過,2025年12月23日 星期二 下午8:13,,,11,1,,
xcy._.0703,https://www.threads.com/@xcy._.0703/post/DShnVqeCSnI,明天16度 我的懷裡36度 自己選吧 1 / 5,2025年12月21日 星期日 下午8:18,,,27000,1158,1575,6472,https://www.threads.com/@familymart_tw/post/DSmleT9Evem,夯番薯360 度怎麼輸,2025年12月23日 星期二 下午6:38,,"Photo by 全家便利商店_台灣 on December 23, 2025.",2785,10,1,27
09moi_iom24,https://www.threads.com/@09moi_iom24/post/DSjhmsLkye5,"冷知識
冷知識：每當飛機經過你頭上的時候，都代表有200對屁股在你頭上",2025年12月22日 星期一 下午2:06,,,32000,85,1425,3957,https://www.threads.com/@familymart_tw/post/DSmXlXnkjVZ,如果你每天過了 17:00，體力就開始下降約 30% 那是不是一種友善食光,2025年12月23日 星期二 下午4:37,,,120,3,1,4
186_0711,https://www.threads.com/@186_0711/post/DSWsrr0EwMB,"公廁日常
公廁沒紙 所以我去樓下買了一整包 讓下一個💩在滾的人安心 1 / 2",2025年12月17日 星期三 下午2:33,,"Photo by Wei on December 16, 2025.",170000,2778,1986,1674,https://www.threads.com/@familymart_tw/post/DSmWMUmEsOd,像你這樣 絕對每次開飯糰包裝都會成功 絕對每次結帳都有剛好的零錢 絕對每次搶票都有票,2025年12月23日 星期二 下午4:24,,,16000,16,13,13
soye_j_,https://www.threads.com/@soye_j_/post/DSXYSsvlF1v,"全家地瓜
乾我之前一直納悶全家小編靠北有人把石頭幹回家 還在想到底誰會這樣 結果今天我也幹了一顆石頭 但他是自己黏著的。我才不要俗頭🪨",2025年12月17日 星期三 下午8:54,,"Photo by 筱霓 | 霓只是個研究牲 on December 17, 2025.",6156,87,22,90,https://www.threads.com/@familymart_tw/post/DSXZMHSEvI8,查證薯石,2025年12月17日 星期三 下午9:02,,,6244,25,13,18
mjstar_371,https://www.threads.com/@mjstar_371/post/DSXLNfdAlNS,文筆挑戰✏️✏️ 不能寫到他們的名字 但要讓大家都知道答案🫢,2025年12月17日 星期三 下午7:00,,"Photo by 明星3缺1 on December 17, 2025.",80,47,2,8,https://www.threads.com/@familymart_tw/post/DSXLfqSkg4R,啊～～～啊～～～啊啊啊啊～～～,2025年12月17日 星期三 下午7:02,,,60,3,,
torocompany1002,https://www.threads.com/@torocompany1002/post/DSXHGr_kxF8,請開始你的表演🎤,2025年12月17日 星期三 下午6:24,@yeh_naiwen,"Photo by Toro拓駱 on December 17, 2025.",390,45,1,17,https://www.threads.com/@familymart_tw/post/DSXJwJ0Ehyx,戰鬥Toro,2025年12月17日 星期三 下午6:47,,,55,3,,
chiaochiao_hsia,https://www.threads.com/@chiaochiao_hsia/post/DSWbL06D13b,沒想到，我在2025年末終於得到最大的獎了🎁 ⁡ Dear baby❤️ ⁡ 謝謝你來到我的身邊， 謝謝你讓我開啟了新的旅程， 雖然有很多未知與冒險， 但這個新身分，我期待許久了， 所以我會努力珍惜我們互相陪伴的每一刻， 謝謝你成為2025年我最棒的禮物。 謝謝所有美好的緣分與祝福。 ⁡ By Mom❤️ ⁡ 「現在開始，心跳聲有了兩種節奏，一個是我，一個是要用餘生守護的你🥰」 ⁡ ⁡ #我的馬寶寶 #幸福準媽咪 #聖誕禮物 #NewBeginning,2025年12月17日 星期三 下午12:00,,"Photo by 夏于喬 on December 16, 2025. | Photo by 夏于喬 on December 16, 2025.",29000,258,67,534,https://www.threads.com/@familymart_tw/post/DSXJFdrki-f,恭喜你迎接今年歲末最溫柔也充滿期待的一座獎🏆,2025年12月17日 星期三 下午6:41,,,136,2,,1
popohom88,https://www.threads.com/@popohom88/post/DSWNkeLAR5U,"交換禮物
同事給我的交換禮物字首 有沒有人可以跟我說到底是什麼🤔 快被逼～死 1 / 2",2025年12月17日 星期三 上午10:01,,"Photo by 蔡佳佳 on December 16, 2025.",1321,2176,11,195,https://www.threads.com/@familymart_tw/post/DSXB7T1khxZ,樹皮,2025年12月17日 星期三 下午5:39,,,3775,42,1,27
iamteresa0424,https://www.threads.com/@iamteresa0424/post/DSW98nyiTO_,"全家
超商蒸蛋大賽第一名，絕對就是它！！！！！！ 全家這剝皮辣椒蒸蛋也太好吃😭😭😭 1 / 2",2025年12月17日 星期三 下午5:04,,"Photo by 大食女｜台北美食 超商美食｜Ya Tien on December 17, 2025. | Photo by 大食女｜台北美食 超商美食｜Ya Tien on December 17, 2025. | Photo by 大食女｜台北美食 超商美食｜Ya Tien on December 17, 2025. | Photo by 大食女｜台北美食 超商美食｜Ya Tien on December 17, 2025.",3726,35,86,2034,https://www.threads.com/@familymart_tw/post/DSW-XEhkhGh,是它！！！！小編我也好愛這個✨,2025年12月17日 星期三 下午5:08,,,55,4,,
pq753951,https://www.threads.com/@pq753951/post/DSUex3_kfkh,減肥中，今天起床沒戴眼鏡，以為是全麥麵包，直接吃了半盒怎麼辦？,2025年12月16日 星期二 下午5:53,,"Photo by 艾瑞克 on December 16, 2025.",48000,555,917,3803,https://www.threads.com/@familymart_tw/post/DSW4-ljEmOu,沒關係，下午吃點圓形食物就好了,2025年12月17日 星期三 下午4:20,,"Photo by 全家便利商店_台灣 on December 17, 2025.",961,3,1,12
jkg_0418,https://www.threads.com/@jkg_0418/post/DSR_R9fieZm,"12顆葡萄
最近跨年吃12顆葡萄的貼文又開始出現了 但是新的一年12顆葡萄已經落伍了 以下開放 12顆貢丸 12顆茶葉蛋 我知道有人會說 這很困難 但是感情的路上總會有阻礙的 這就是考驗 想要脫單的記得多準備水！ 1 / 2",2025年12月15日 星期一 下午6:39,,,3620,148,123,1122,https://www.threads.com/@familymart_tw/post/DSUgWNLEkIK,12 顆夯番薯 跨年能這樣吃的人真的會很暈,2025年12月16日 星期二 下午6:07,,"Photo by 全家便利商店_台灣 on December 16, 2025.",193,15,,9
lasamiya2,https://www.threads.com/@lasamiya2/post/DSL-8mREpkh,好像日文也沒那麼難了… 1 / 2,2025年12月13日 星期六 上午10:41,,,120000,1405,12000,70000,https://www.threads.com/@familymart_tw/post/DSUDm5dEvsV,日文真的沒這麼難,2025年12月16日 星期二 下午1:56,,"Photo by 全家便利商店_台灣 on December 15, 2025.",3172,41,61,268
chilling.70,https://www.threads.com/@chilling.70/post/DSR235DCTal,到底為什麼要用簡體字？,2025年12月15日 星期一 下午5:26,@familymart_tw,"Photo by 歐耶 on December 15, 2025.",1225,2,2,10,https://www.threads.com/@familymart_tw/post/DSTs-9ukk6T,"謝謝大家的提醒與指正。繁體中文是臺灣官方語言，全家便利商店嚴格遵守此一標準，無論是總部製作、店舖基於商圈需求自行製作之宣傳品，皆需遵守此規範。
經查，該情形係少數店誤用網路素材製作之個案疏失，總部獲報後已要求違規店舖立即撤除。未來會將「廣宣品字體使用規範」列為教育訓練項目之一，避免類似事件再次發生。",2025年12月16日 星期二 上午10:38,,,293,156,11,28
wet.finger,https://www.threads.com/@wet.finger/post/DSRwnLggQl7,沒有想到走進全家會看到簡體字文宣⋯⋯ 一般民眾掛淘寶蝦皮買那種做好的告示牌或布條就算了，台灣的全家門市為什麼要印簡體字啊我不懂本來想買點東西吃直接轉頭離開==（真的好氣） 1 / 2,2025年12月15日 星期一 下午4:31,,"Photo by 濕手指🏳️‍🌈🫰🏻💦 on December 15, 2025.",18000,1406,1079,1344,https://www.threads.com/@familymart_tw/post/DSTs7TmkpnT,"謝謝大家的提醒與指正。繁體中文是臺灣官方語言，全家便利商店嚴格遵守此一標準，無論是總部製作、店舖基於商圈需求自行製作之宣傳品，皆需遵守此規範。
經查，該情形係少數店誤用網路素材製作之個案疏失，總部獲報後已要求違規店舖立即撤除。未來會將「廣宣品字體使用規範」列為教育訓練項目之一，避免類似事件再次發生。",2025年12月16日 星期二 上午10:37,,,18000,379,129,187
zztt_c.y.n,https://www.threads.com/@zztt_c.y.n/post/DSMm1pYkkx5,超喜歡一句話 我們都沒有上帝水餃 才會不斷猜忌對方 1 / 2,2025年12月13日 星期六 下午4:30,,,110000,3109,9223,23000,https://www.threads.com/@familymart_tw/post/DSRoGjekjOQ,如果我們進貨了上帝水餃 但放到了友善食光的時間 那算是一種最後的晚餐嗎,2025年12月15日 星期一 下午3:17,,,1097,19,15,38
wawa_in_ad,https://www.threads.com/@wawa_in_ad/post/DSNIgpsExLi,剛才去全家買東西 看到一位黑白柴柴的主人 正在很努力的跟不肯移動的柴柴說： 「不行啦，我今天沒帶錢出來…」 然後柴柴才很哀怨的看着商店慢慢移步 嗯，沒錯 這就是我在週末想看以及想Po的內容 1 / 2,2025年12月13日 星期六 下午9:24,,,1475,28,3,6,https://www.threads.com/@familymart_tw/post/DSPgKJKktKl,歡迎光臨犬家🥺💚💙,2025年12月14日 星期日 下午7:29,,,128,3,,
npm_south,https://www.threads.com/@npm_south/post/DSNZL_hCacO,天冷了，被被要蓋好，有沒有聽到 1 / 2,2025年12月13日 星期六 下午11:50,,,1984,100,50,86,https://www.threads.com/@familymart_tw/post/DSNa7BxEhQY,好的寶被,2025年12月14日 星期日 上午12:05,,,223,3,1,1
hanko__kuo,https://www.threads.com/@hanko__kuo/post/DSMF2QcEkBt,"交換禮物
不懂就問脆 有什麼聖誕交換禮物 ㄕ開頭或ㄌ開頭的 然後500元左右 有創意收到又不會覺得太地獄！！ 以下開放推薦！ 1 / 2",2025年12月13日 星期六 上午11:41,,,69,78,1,3,https://www.threads.com/@familymart_tw/post/DSNXzO9knuz,六十秒內全家隨便買,2025年12月13日 星期六 下午11:37,,,69,3,1,
aaron910926,https://www.threads.com/@aaron910926/post/DSM8inBksud,"你飄洋過海 我翻山越嶺 只為了多看一眼🥺 251213 高雄之旅Day2 全家高雄海神 中場表演 權喜原 @hee._.tty #權喜原 #權喜原권희원
高雄巨蛋體育館",2025年12月13日 星期六 下午7:39,,"Photo by Aaron on December 13, 2025. | Photo by Aaron on December 13, 2025. | Photo by Aaron on December 13, 2025. | Photo by Aaron on December 13, 2025. | Photo by Aaron on December 13, 2025. | Photo by Aaron on December 13, 2025. | Photo by Aaron on December 13, 2025. | Photo by Aaron on December 13, 2025. | Photo by Aaron on December 13, 2025. | Photo by Aaron on December 13, 2025. | Photo by Aaron on December 13, 2025. | Photo by Aaron on December 13, 2025. | Photo by Aaron on December 13, 2025. | Photo by Aaron on December 13, 2025. | Photo by Aaron on December 13, 2025. | Photo by Aaron on December 13, 2025.",421,15,8,14,https://www.threads.com/@familymart_tw/post/DSNWPuHktdH,只為在高雄全家海神相遇🔱🌊 歡迎明天再來我們高雄巨蛋的家🏠 （明天還有機會獲得拍照會資格✨),2025年12月13日 星期六 下午11:24,,,12,,,
yumi212.fit,https://www.threads.com/@yumi212.fit/post/DSF4YdkEsxd,そして私は来年4月に行く際 台湾のFamilyMartさんのどちらにご連絡したら宜しいですか？😅🙏 翻譯,2025年12月11日 星期四 上午1:48,@familymart_tw,,42,2,,,https://www.threads.com/@familymart_tw/post/DSJZ0-skrv-,あなたに個人的なメッセージを送りました。💚💙 翻譯,2025年12月12日 星期五 上午10:38,,,2,,,
n.fitness.log,https://www.threads.com/@n.fitness.log/post/DSHy1IBgaxU,"超商美食
全家的鮭魚肚御飯糰瘋了…. 55塊的御飯糰然後又這麼大一塊鮭魚肚 （我已經吃過一口了） 而且我還是買友善時光7折的 幸福到不行！！！！",2025年12月11日 星期四 下午7:38,,"Photo by 小N on December 11, 2025.",1600,28,23,325,https://www.threads.com/@familymart_tw/post/DSJUNrnktYX,🥰,2025年12月12日 星期五 上午9:49,,,80,,,
explorewithpenguin,https://www.threads.com/@explorewithpenguin/post/DSGyrQsD7D4,有正在海巡的小編嗎～ 請接受企鵝的石頭🐧,2025年12月11日 星期四 上午10:18,,"Photo by 企鵝探險記 on December 10, 2025.",485,57,9,13,https://www.threads.com/@familymart_tw/post/DSHv9ZakuOP,？！ 為什麼說到俗頭我會被送來這裡,2025年12月11日 星期四 下午7:13,,,168,5,,
yuqing.1203,https://www.threads.com/@yuqing.1203/post/DSFeSj2gS22,"日常碎片🧩
當你開始用生日編號你的朋友時…",2025年12月10日 星期三 下午10:00,,"Photo by 豫情 on December 10, 2025. | Photo by 豫情 on December 10, 2025. | Photo by 豫情 on December 10, 2025. | Photo by 豫情 on December 10, 2025. | Photo by 豫情 on December 10, 2025. | Photo by 豫情 on December 10, 2025. | Photo by 豫情 on December 10, 2025.",19000,192,1111,9589,https://www.threads.com/@familymart_tw/post/DSHtsUYkt-8,0711 全家小編,2025年12月11日 星期四 下午6:53,,"Photo by 全家便利商店_台灣 on December 11, 2025.",661,10,1,6
chia_219_,https://www.threads.com/@chia_219_/post/DSFRZhaky9D,"不懂就問脆
今年公司交換禮物新玩法 想要的禮物用注音去猜 但是我真的想不到這是什麼東西 問問脆上的大神們給我個解答🙏 1 / 3",2025年12月10日 星期三 下午8:08,,"Photo by ChiaJen on December 10, 2025.",14000,2706,153,3854,https://www.threads.com/@familymart_tw/post/DSHllOwkpng,應該是「衝動食雞絲」 這碗你一年想吃幾次都行,2025年12月11日 星期四 下午5:42,,"Photo by 全家便利商店_台灣 on December 11, 2025.",841,12,1,32
seriously_55555,https://www.threads.com/@seriously_55555/post/DSFKJU8Dx9v,"來領電子歐趴糖！
🍬 1 / 2",2025年12月10日 星期三 下午7:04,,,18000,47,591,395,https://www.threads.com/@familymart_tw/post/DSHZl8Rktdl,這是一堆歐趴糖，轉給朋友祝他期末 All Pass,2025年12月11日 星期四 下午3:58,,"Photo by 全家便利商店_台灣 on December 10, 2025.",89,1,1,5
_____ting215_,https://www.threads.com/@_____ting215_/post/DSHKf5dEylA,POV 我的100%行動力 13:22 看到文章推薦全家的棉花糖可可塔 13:25 抵達全家 13:28 買完加熱好 13:34 開吃 13:41 吃完了 總結：超好吃會回購！！！ 1 / 2,2025年12月11日 星期四 下午1:46,,"Photo by @_____ting215_ on December 10, 2025. | Photo by @_____ting215_ on December 10, 2025. | Photo by @_____ting215_ on December 10, 2025. | Photo by @_____ting215_ on December 10, 2025. | Photo by @_____ting215_ on December 10, 2025.",1455,10,32,643,https://www.threads.com/@familymart_tw/post/DSHOtkdEukk,13:56 發文推薦大家 14:22 全家小編來推薦你的推薦,2025年12月11日 星期四 下午2:23,,,65,1,,
sues_countrycottage,https://www.threads.com/@sues_countrycottage/post/DSB3itSEdZB,"這位日本脆友好可愛 這麼珍惜這瓶台灣的飲料😄
""噩耗、明明一小口一小口的捨不得喝，結果只剩最後一口就要沒了⋯""
""因為您已經走了，在能再相見的那一天到來之前，我會每天祭拜的⋯""
😂😁😃",2025年12月9日 星期二 下午12:24,,"Photo by @sues_countrycottage on December 08, 2025. | Photo by @sues_countrycottage on December 08, 2025.",13000,179,284,896,https://www.threads.com/@familymart_tw/post/DSE-0TUkgLP,"我們真的回覆這位可愛網友囉❤️
2025-12-9",2025年12月10日 星期三 下午5:25,,"Photo by yumi…♓️tokyo.japan on December 08, 2025.",176,4,1,
,https://www.threads.com/@yumi212.fit/post/DSBxkuaknor,yumi212.fit 逝ってしまわれたので（泣） 又お会いするまで 毎日拝みます🙏,2025年12月9日 星期二 上午11:32,,"Photo by yumi…♓️tokyo.japan on December 08, 2025.",1538,45,16,41,https://www.threads.com/@familymart_tw/post/DSE-ravkn46,下次來台灣的時候告訴我，我們請你喝！ 次に台湾に来る時は教えてね、ごちそうするよ❤️,2025年12月10日 星期三 下午5:24,,,1831,6,3,56
wuyaya__,https://www.threads.com/@wuyaya__/post/DSEBoEzkiu5,"∟：這個是直角 <：這個是銳角
「對不起，你是個好人」這個是拐彎抹角",2025年12月10日 星期三 上午8:30,,,12000,33,692,1495,https://www.threads.com/@familymart_tw/post/DSE91ktkmDG,NT$160 冷凍店取，這是檸檬冰角,2025年12月10日 星期三 下午5:17,,"Photo by 全家便利商店_台灣 on December 10, 2025.",233,1,2,4
sk_.0625,https://www.threads.com/@sk_.0625/post/DSB5zCIEvM8,我國中背了這麼多古詩 我現在只記得： 有朋自遠方來，鞭數十，驅之別院,2025年12月9日 星期二 下午12:44,,,35000,1018,2071,4638,https://www.threads.com/@familymart_tw/post/DSEMQMjklTU,感時花濺淚，愛恨椒芝麵,2025年12月10日 星期三 上午10:03,,"Photo by 全家便利商店_台灣 on December 09, 2025.",801,20,4,26
_moon_im_,https://www.threads.com/@_moon_im_/post/DSAhMe9ATJ6,"一直很想知道 全家跟Netflix的小編
是「一個」還是「一群」？ 1 / 2",2025年12月8日 星期一 下午11:49,,,30000,979,681,3166,https://www.threads.com/@familymart_tw/post/DSCrxs3ElPp,我們是全家,2025年12月9日 星期二 下午8:00,,,37000,84,35,243
quokka_lover_stars,https://www.threads.com/@quokka_lover_stars/post/DSCd4QSkSqD,@familymart_tw 圖二全收速匯多少錢🤣,2025年12月9日 星期二 下午5:59,@familymart_tw,,7,1,,,https://www.threads.com/@familymart_tw/post/DSCeinrkv-b,不！可！以！！！！🤣🤣🤣,2025年12月9日 星期二 下午6:05,,,19,1,,
shuyaaaaa_1124,https://www.threads.com/@shuyaaaaa_1124/post/DR3J0YWE9HY,"巧克力
大家都是怎麼吃這種巧克力的？",2025年12月5日 星期五 上午8:32,,"Photo by 張舒雅 on December 04, 2025.",68000,3293,2195,14000,https://www.threads.com/@familymart_tw/post/DSCeKoDEg15,"您好，您的行為已嚴重觸犯《全家健達巧克力管制條例》
第一條（立法目的） 為維護食品美學與全民心理健康，遏止對健達巧克力（Kinder Chocolate）結構之不正當破壞，特制定本條例。
第二條（適用範圍） 凡於全台全家便利商店持有健達巧克力並進行食用行為者，均適用本條例。
第三條（垂直破壞結構罪） 意圖破壞健達巧克力之固有水平分塊結構，以垂直角度對整體巧克力棒為咬合、切割或其他形式之侵入者，構成垂直破壞結構罪。處「每次夾夯番薯都會夾到俗頭」、「每次飯糰包裝開不好」之罰則。",2025年12月9日 星期二 下午6:01,,,53000,258,774,2200
dailyview.tw,https://www.threads.com/@dailyview.tw/post/DSBnsqljxJo,我去KFC不是吃炸雞，而是為了點蛋撻 我到北車不是搭火車，而是為了買便當 我逛IKEA不是看家具，而是為了吃肉丸 1 / 2,2025年12月9日 星期二 上午10:05,,"Photo by 網路溫度計DailyView on December 08, 2025.",4529,209,144,890,https://www.threads.com/@familymart_tw/post/DSCcqi1kiGr,剛剛吃了一支霜淇淋被耽誤了一下 來晚了😘,2025年12月9日 星期二 下午5:48,,,535,9,1,2
sonne_0386,https://www.threads.com/@sonne_0386/post/DSCQMpkkUc6,到底是柚擔還是冬擔,2025年12月9日 星期二 下午3:59,@familymart_tw,,2,1,,,https://www.threads.com/@familymart_tw/post/DSCSgZgEiFf,💙🌙⭐️🦋,2025年12月9日 星期二 下午4:19,,,19,1,,
popcorn_popsmile,https://www.threads.com/@popcorn_popsmile/post/DSCGkbSibEN,"幹話時間
一人做事一人當 當當做事當當當",2025年12月9日 星期二 下午2:35,,,44,39,1,2,https://www.threads.com/@familymart_tw/post/DSCH0eCEu1H,若人生是一盤散沙 我希望是酷繽沙,2025年12月9日 星期二 下午2:46,,,34,1,,
__millllllie__,https://www.threads.com/@__millllllie__/post/DR_riZVE2mK,"AAA
各位觀眾！朴寶劍擁有悠遊卡了！他騎到UBike了！！！！！",2025年12月8日 星期一 下午4:00,,,57000,207,688,1263,https://www.threads.com/@familymart_tw/post/DSAb142kqvv,他下次會不會來全家取貨🥺🧡,2025年12月8日 星期一 下午11:03,,,584,7,,2
mr_dadado,https://www.threads.com/@mr_dadado/post/DR7NS88EbCG,女友買麵包超人手錶 抽到唯一一個不想要的 好像是什麼黑人麵包之類的 現在在旁邊哭，要再買一個給他嗎？ 1 / 2,2025年12月6日 星期六 下午10:19,,"Photo by 陳堅強 on December 06, 2025.",28000,926,1429,12000,https://www.threads.com/@familymart_tw/post/DSALX_ZEjBI,蠻可愛的,2025年12月8日 星期一 下午8:39,,"Photo by 全家便利商店_台灣 on December 08, 2025.",245,,1,8
zeroliuuu_,https://www.threads.com/@zeroliuuu_/post/DR9vAWyCVp0,- - 愛情會遲到 但是 禮拜一 永遠不會 - - 。,2025年12月7日 星期日 下午9:52,,,7920,29,676,464,https://www.threads.com/@familymart_tw/post/DR_18C2EuMN,禮拜一你也許會遲到 但是 全家週一咖啡日的優惠不會 今天單品美式 / 拿鐵「加10元多一杯」,2025年12月8日 星期一 下午5:31,,,97,,,2
lazy.food,https://www.threads.com/@lazy.food/post/DR_Qo5LiTvj,全家麻油雞鍋ＣＰ值很高！蠻好吃的 1 / 2,2025年12月8日 星期一 下午12:05,,"Photo by 嚐舌富｜高雄美食｜懶人包｜超商美食 on December 07, 2025. | Photo by 嚐舌富｜高雄美食｜懶人包｜超商美食 on December 07, 2025. | Photo by 嚐舌富｜高雄美食｜懶人包｜超商美食 on December 07, 2025.",131,6,2,43,https://www.threads.com/@familymart_tw/post/DR_Q3RXkhTg,這款小編我也很喜歡，午餐已決定✅,2025年12月8日 星期一 下午12:07,,,32,1,,
petitediary_tw,https://www.threads.com/@petitediary_tw/post/DR9L-mukTzm,"新北耶誕城
小編聽說大家不來？🥲 覺得聖誕通膨很嚴重？ 超纖日記大放送！ 全場只送不賣！ 只要你追到我~ 我就送你吃
新北歡樂耶誕誠",2025年12月7日 星期日 下午4:46,,"Photo by 超纖日記 on December 07, 2025. | Photo by 超纖日記 on December 07, 2025. | Photo by 超纖日記 on December 07, 2025.",36,8,1,3,https://www.threads.com/@familymart_tw/post/DR_NyFyEuOZ,追！,2025年12月8日 星期一 上午11:40,,,7,1,,
dailyview.tw,https://www.threads.com/@dailyview.tw/post/DR_B8ubj9dC,"品牌小編
2025最新！超活網品牌小編排行出爐 沒想到這次榜單全面大洗牌欸～～ 有哪家小編還沒上榜過的？快舉手刷一下存在 1 / 2",2025年12月8日 星期一 上午9:57,,"Photo by 網路溫度計DailyView on December 07, 2025.",6823,1140,241,1924,https://www.threads.com/@familymart_tw/post/DR_DhSZkkPL,康樂股長來了！,2025年12月8日 星期一 上午10:11,,,1369,8,1,6
pinhsien_0902,https://www.threads.com/@pinhsien_0902/post/DR3N0SkDbBH,求助一下 有沒有那種像「無心插柳 柳橙汁」 的句子⋯⋯ 突然好想看 1 / 2,2025年12月5日 星期五 上午9:07,,,46000,2296,5244,10000,https://www.threads.com/@familymart_tw/post/DR44YoGEnO4,若人生總是悶悶不樂 我只接受可口可樂,2025年12月6日 星期六 上午12:38,,,461,1,1,7
sheep0331.com.tw,https://www.threads.com/@sheep0331.com.tw/post/DR2Ds5YEnI8,"？？？
Gimpo",2025年12月4日 星期四 下午10:19,,"Photo by 羊羊🐑 on December 04, 2025.",100000,405,7354,13000,https://www.threads.com/@familymart_tw/post/DR4Pb30ktBU,？？？？？？？？？？？？？,2025年12月5日 星期五 下午6:40,,"Photo by 全家便利商店_台灣 on December 05, 2025.",12000,27,59,114
theother.eatery,https://www.threads.com/@theother.eatery/post/DRy6CUKAWoL,"中山站
每次經過中山新光 都會思考這個洞有什麼功用🤔",2025年12月3日 星期三 下午4:57,,"Photo by The other 中山 on December 03, 2025.",45000,1615,1016,9518,https://www.threads.com/@familymart_tw/post/DR19y09ktAY,聖誕節要到了 送這支當禮物請大家吃,2025年12月4日 星期四 下午9:28,,"Photo by 全家便利商店_台灣 on December 04, 2025.",30000,30,77,301
annie72127,https://www.threads.com/@annie72127/post/DR1T_IpEo0K,"我突然開始玩手機的皮克敏了 邀請碼 ARNTDOAVQ 好友代碼 010552671325
去暴走了不知道幾百萬步才開始玩 我好懊惱 1 / 2",2025年12月4日 星期四 下午3:22,,,1306,83,9,152,https://www.threads.com/@familymart_tw/post/DR1e7y_kkDX,我們甚至有特殊飾品皮克敏✨,2025年12月4日 星期四 下午4:58,,"Photo by 全家便利商店_台灣 on December 03, 2025. | Photo by 全家便利商店_台灣 on December 03, 2025. | Photo by 全家便利商店_台灣 on December 03, 2025.",84,1,,
_jie._.0116,https://www.threads.com/@_jie._.0116/post/DR1bq34AVzr,試問誰走得出大巨蛋🥲🥲🥲 我還躺在大巨蛋裡，有人能救我出去嗎？ 到現在還在SO I 循環 😭😭😭,2025年12月4日 星期四 下午4:29,@familymart_tw,"Photo by 𝓙𝓲𝓮. on December 04, 2025.",1,1,,,https://www.threads.com/@familymart_tw/post/DR1dghwkn1c,Like Our First Snow❄️,2025年12月4日 星期四 下午4:45,,,3,,,
chi.1997x,https://www.threads.com/@chi.1997x/post/DRymIGTkieP,"OPEN醬
歐噴醬你再給我這樣🤣🤣🤣🤣🤣
全聯福利熊 全家 遠傳麋鹿？ 1 / 2",2025年12月3日 星期三 下午2:04,,,12000,417,731,6804,https://www.threads.com/@familymart_tw/post/DR1WZT4kmFo,我們FamiPort寶寶是個沉穩的乖孩子 （確定內餡不是小編我）,2025年12月4日 星期四 下午3:43,,,756,5,,1
secondfloorcafe,https://www.threads.com/@secondfloorcafe/post/DRyeqImEohk,剛剛跟客人說 你冰拿ㄊㄟˇ要先上還是後上 - 我要搬去波蘭了。 1 / 2,2025年12月3日 星期三 下午12:58,,,23000,1199,897,6309,https://www.threads.com/@familymart_tw/post/DR07NRhEseT,：我要熱的大杯冰拿ㄊㄟˇ,2025年12月4日 星期四 上午11:46,,,60,2,,
aben6011,https://www.threads.com/@aben6011/post/DRzmoa_AQ9f,好歪的冰好喜歡🤍💚開心果口味好好吃,2025年12月3日 星期三 下午11:27,,"Photo by 阿本 on December 03, 2025. | Photo by 阿本 on December 03, 2025. | Photo by 阿本 on December 03, 2025. | Photo by 阿本 on December 03, 2025.",919,26,2,44,https://www.threads.com/@familymart_tw/post/DR0w6oFkpal,怎麼吃都開心💚💙,2025年12月4日 星期四 上午10:16,,,19,,,
moon_moon_food,https://www.threads.com/@moon_moon_food/post/DRymsZZj4CL,頭緒沒有 但想喝雞湯的念頭倒是很明確💙🤤,2025年12月3日 星期三 下午2:08,@familymart_tw,,1,1,,,https://www.threads.com/@familymart_tw/post/DRyoN3HEo9d,💙,2025年12月3日 星期三 下午2:21,,,,,,
bbbbbbbblair.bb,https://www.threads.com/@bbbbbbbblair.bb/post/DRv-tVRkV0-,"開心果
全家奶昔停賣之後我的世界崩了 最好12/5上市的開心果霜淇淋 要很好吃喔！！！期待～～～",2025年12月2日 星期二 下午1:40,,"Photo by B.Blair on December 01, 2025. | Photo by B.Blair on December 01, 2025.",124,11,1,15,https://www.threads.com/@familymart_tw/post/DRw9f6EEorb,全家奶昔沒有停賣啦（小小聲,2025年12月2日 星期二 下午10:49,,,67,3,,1
3_song,https://www.threads.com/@3_song/post/DRtZCvdmHbG,"全家便利商店
不知道大家吃過沒！！ 室友讓我吃一口後 直接愛上 全家 $49元 推推😍😍😍",2025年12月1日 星期一 下午1:33,,"Photo by 3菘 on November 30, 2025. | Photo by 3菘 on November 30, 2025. | Photo by 3菘 on November 30, 2025.",4372,69,161,2674,https://www.threads.com/@familymart_tw/post/DRua7tpEpFI,我明天中午也要吃！ 翻譯,2025年12月1日 星期一 下午11:08,,,123,2,,2
popyummy_mag,https://www.threads.com/@popyummy_mag/post/DRtrKTwEz0f,"全家霜淇淋
全家霜淇淋最新口味是開心果🤩🍦 身為開心果狂迷怎麼可能不吃！！！ 1 / 2",2025年12月1日 星期一 下午4:11,,"Photo by PopYummy 波波發胖 on December 01, 2025.",9529,121,228,13000,https://www.threads.com/@familymart_tw/post/DRt-mz2kklG,12月聖誕節，這個口味太開心✨,2025年12月1日 星期一 下午7:01,,,354,1,,16
,https://www.threads.com/@freedom122021/post/DRmHkOWkyCZ,新品上市,2025年11月28日 星期五 下午5:45,,"Photo by 𝕗𝕣𝕖𝕖𝕕𝕠𝕞貪吃慧🌹桃園 台北 台中 出國🌹 on November 28, 2025.",52,7,3,20,https://www.threads.com/@familymart_tw/post/DRojFTLErw4,ʚ(◍‪•ᴗ•◍)ɞ 💙💙💙,2025年11月29日 星期六 下午4:24,,,34,1,,1
amkeahang_32,https://www.threads.com/@amkeahang_32/post/DRmLi0oE9ma,"咖啡廳
老闆說，想到不讓客人摔倒的方法可以加薪🥹 1/2
暗街仔巷 咖啡藝文空間",2025年11月28日 星期五 下午6:20,,"Photo by 暗街仔巷 on November 28, 2025.",38000,2253,1357,8569,https://www.threads.com/@familymart_tw/post/DRoEGzGEiJP,看到有人貼全家我就放心了，大家要小心台階哦💚💙,2025年11月29日 星期六 上午11:53,,,9285,10,5,23
alan_2000ll,https://www.threads.com/@alan_2000ll/post/DRkIJeik_LO,講話後面加一句 鬆餅 會讓人覺得很溫柔,2025年11月27日 星期四 下午11:12,,,43000,1805,2677,14000,https://www.threads.com/@familymart_tw/post/DRms9GdElEt,你全家都極鬆餅 咦？？？,2025年11月28日 星期五 下午11:12,,,402,1,,
yuzhen1927,https://www.threads.com/@yuzhen1927/post/DRe95e7EkIm,一人一句話證明你是台灣人 我先 - - - - 紗窗、紗門，換玻璃~~,2025年11月25日 星期二 下午11:06,,,29000,3020,381,274,https://www.threads.com/@familymart_tw/post/DRmmboWkkmC,緩光臨 圈載具統編消嗎,2025年11月28日 星期五 下午10:15,,,8958,48,37,110
lovecatsay,https://www.threads.com/@lovecatsay/post/DRff1SkkzmT,"全家便利商店
看到別人分享聖誕花圈，想說碰碰運氣，還好一進去就看到了，還有好多水晶球，這次聖誕節活動好燒錢啊～ 附上小C示範聖誕花圈使用方法🤣 1/2",2025年11月26日 星期三 上午4:03,,"Photo by Tami cat on November 25, 2025. | Photo by Tami cat on November 25, 2025. | Photo by Tami cat on November 25, 2025. | Photo by Tami cat on November 25, 2025.",5027,71,119,4557,https://www.threads.com/@familymart_tw/post/DRmTy4WkkLx,喵🥺❤️,2025年11月28日 星期五 下午7:32,,,45,2,,
impeiyingg,https://www.threads.com/@impeiyingg/post/DRj3YhVk-kf,同事送的帕恰狗水晶球 看到全家小編說頭套可以戴在寵物頭上 嗯⋯好像哪裡不太對欸（？ 但還是很可愛🤣 1/2,2025年11月27日 星期四 下午8:45,,"Photo by @impeiyingg on November 27, 2025. | Photo by @impeiyingg on November 27, 2025. | Photo by @impeiyingg on November 27, 2025.",620,9,9,130,https://www.threads.com/@familymart_tw/post/DRmTuF3Ek62,寵物頭套（帽）🥺❤️,2025年11月28日 星期五 下午7:31,,,21,,,
phoebe_811024,https://www.threads.com/@phoebe_811024/post/DRjSodHjj4q,今天出門沒有戴眼鏡，以為是全麥麵包，誤食了二盒，這可怎麼辦。 1/2,2025年11月27日 星期四 下午3:24,,"Photo by 曉雯 on November 26, 2025.",42000,491,1144,3237,https://www.threads.com/@familymart_tw/post/DRmJPydkjsL,沒事，晚上改吃圓形食物就好了,2025年11月28日 星期五 下午6:00,,"Photo by 全家便利商店_台灣 on November 28, 2025.",1134,14,3,12
xiaobeidailyo_o,https://www.threads.com/@xiaobeidailyo_o/post/DRjfqVWE266,"全家就是你家
@familymart_tw 這題你怎麼解 😆
FamilyMart Xin Qianxi Store",2025年11月27日 星期四 下午5:18,,"Photo by 小貝日常 美食 探店 旅遊 景點 藝文 攝影 on November 27, 2025.",2526,54,58,250,https://www.threads.com/@familymart_tw/post/DRmA5V6kqCH,改好了,2025年11月28日 星期五 下午4:47,,"Photo by 全家便利商店_台灣 on November 28, 2025.",442,1,,4
paul_lyz_0816,https://www.threads.com/@paul_lyz_0816/post/DRi-hzIkYJc,下次再教其他的 1/2,2025年11月27日 星期四 下午12:29,,,13000,127,1317,3745,https://www.threads.com/@familymart_tw/post/DRl8UVQEjUE,教得很好 求夯番薯版本,2025年11月28日 星期五 下午4:07,,,101,,,4
matilda411,https://www.threads.com/@matilda411/post/DRlEoiDE5mj,昨天被泡群洗腦 馬上騷擾家附近的全家群組 下班直接衝去買 赫熊熊 可可愛愛💙,2025年11月28日 星期五 上午8:00,,"Photo by 🅜🅐🅣🅘🅛🅓🅐 on November 27, 2025.",427,31,,76,https://www.threads.com/@familymart_tw/post/DRlXhIdEhNX,老婆～～～～～ʚ(⸝⸝ ╹ ꜀ ╹ ⸝⸝)ɞ,2025年11月28日 星期五 上午10:45,,,412,9,,15
quick._.hero,https://www.threads.com/@quick._.hero/post/DRrT8zkEiqZ,"動物方程式
這⋯⋯裡⋯就是⋯⋯尼克⋯⋯說的⋯⋯Threads 嗎？ 大⋯⋯家好⋯⋯！！ 1 / 2",2025年11月30日 星期日 下午6:10,,"Photo by Flash on November 30, 2025.",62000,487,1516,1829,https://www.threads.com/@familymart_tw/post/DRtg8OukjOv,緩.................................................... 光.........臨！ 全.....家.....就........是.......你......家...............,2025年12月1日 星期一 下午2:42,,,1665,6,3,7
s2098997,https://www.threads.com/@s2098997/post/DRr7_OugTlN,"不懂就問脆
可以告訴我 這兩個差在哪裡嗎🤔",2025年11月30日 星期日 下午11:59,,"Photo by 汪汪 on November 30, 2025.",33000,736,230,1693,https://www.threads.com/@familymart_tw/post/DRtSlocEnjB,左邊的主要是很多人愛薯了 右邊的則是好吃到瓜張,2025年12月1日 星期一 下午12:36,,,37000,111,91,579
xuan_mayday,https://www.threads.com/@xuan_mayday/post/DRhW5K8iWWP,"SuperJunior
哇啊啊啊啊啊啊啊啊！全家小編我謝謝你！！ 真的好可愛好可愛啊啊啊！！！
寶寶棒不會受傷了！💙🐶 1 / 2",2025年11月26日 星期三 下午9:23,,"Photo by 我是萱｜這是我的追星世界 ✨✨ on November 26, 2025. | Photo by 我是萱｜這是我的追星世界 ✨✨ on November 26, 2025. | Photo by 我是萱｜這是我的追星世界 ✨✨ on November 26, 2025.",466,9,1,46,https://www.threads.com/@familymart_tw/post/DRrLQ6VknCR,噢～～～～浪漫💙🐶,2025年11月30日 星期日 下午4:54,,,639,7,,12
o1mj33,https://www.threads.com/@o1mj33/post/DRmqBjck5Ip,"馬爾濟斯
我有一隻帕恰狗",2025年11月28日 星期五 下午10:46,,"Photo by 明臻 on November 28, 2025. | Photo by 明臻 on November 28, 2025. | Photo by 明臻 on November 28, 2025.",2111,29,98,399,https://www.threads.com/@familymart_tw/post/DRo4FFPku0p,歐摸🥺❤️,2025年11月29日 星期六 下午7:28,,,54,1,,
lisalovelee86,https://www.threads.com/@lisalovelee86/post/DRj1iZVj7WE,喔～浪漫～～,2025年11月27日 星期四 下午8:29,,"Photo by @lisalovelee86 on November 27, 2025. | Photo by @lisalovelee86 on November 27, 2025. | Photo by @lisalovelee86 on November 27, 2025.",2144,29,27,217,https://www.threads.com/@familymart_tw/post/DRkMIFyklMz,噢～～～浪漫💙,2025年11月27日 星期四 下午11:47,,,194,3,,1
simmpo.tw,https://www.threads.com/@simmpo.tw/post/DRhFu2ck2vv,很想知道全台灣小編到底有多少個 1 / 2,2025年11月26日 星期三 下午6:53,,,954,1058,12,32,https://www.threads.com/@familymart_tw/post/DRjaHzBErzW,我是康樂股長,2025年11月27日 星期四 下午4:30,,,108,2,,
tammychen722,https://www.threads.com/@tammychen722/post/DRhxaqok4ER,📣警告小編～～～ 不要一直用D&E燒我🤣🤣🤣,2025年11月27日 星期四 上午1:15,@familymart_tw,,2,1,,,https://www.threads.com/@familymart_tw/post/DRioV8Skucf,哪有,2025年11月27日 星期四 上午9:15,,"Photo by 全家便利商店_台灣 on November 26, 2025.",11,1,,2
shyuan_gowhere,https://www.threads.com/@shyuan_gowhere/post/DRhbAxZkwsF,"全家
早上衝全家加購可口可樂的水晶球 心血來潮把外層拆下來給我的藝聲糰穿 超級可愛💙",2025年11月26日 星期三 下午9:59,,"Photo by 流浪女子Shyuan｜美食旅遊追星♡ on November 26, 2025. | Photo by 流浪女子Shyuan｜美食旅遊追星♡ on November 26, 2025.",63,3,,5,https://www.threads.com/@familymart_tw/post/DRhmaktEpVV,💙,2025年11月26日 星期三 下午11:39,@familymart_tw,"Photo by 全家便利商店_台灣 on November 26, 2025.",29,1,,1
_.xuan07,https://www.threads.com/@_.xuan07/post/DRgeW7EEsgM,全家滿168免費送一隻 所以現在有一堆鮮奶要喝🥰然後我媽說再按就摔掉 所以我跑去外面錄,2025年11月26日 星期三 下午1:09,,"Photo by cx on November 25, 2025.",30000,270,1544,25000,https://www.threads.com/@familymart_tw/post/DRhmIGsEgNP,哞🐮,2025年11月26日 星期三 下午11:36,,,271,4,,8
ribbon_2020,https://www.threads.com/@ribbon_2020/post/DRdzzTFiQqZ,冷知識： 每一句話後面加個寶寶會很溫柔 1 / 2,2025年11月25日 星期二 下午12:19,,,251,396,4,45,https://www.threads.com/@familymart_tw/post/DRhg1mtEnnK,沒有熱的大冰拿寶寶,2025年11月26日 星期三 下午10:50,,,134,4,1,2
yizhun.taku,https://www.threads.com/@yizhun.taku/post/DRhKT2DkhqJ,我不嫉妒 我也有 愛心娃包已等待他們多時,2025年11月26日 星期三 下午7:33,@familymart_tw,"Photo by 諄 on November 26, 2025.",6,1,,,https://www.threads.com/@familymart_tw/post/DRhKqooEsLP,ʚ(⸝⸝ ╹ ꜀ ╹ ⸝⸝)ɞʚ(◍´ᵕ`◍)ɞ,2025年11月26日 星期三 下午7:36,,,4,1,,
waosu_ma,https://www.threads.com/@waosu_ma/post/DRecYiZE4mo,幹一下冷一下熱 我衣服到底要怎麼吃,2025年11月25日 星期二 下午6:13,,,7236,289,232,530,https://www.threads.com/@familymart_tw/post/DRgnPigkk8i,我霜淇淋是要什麼時候穿,2025年11月26日 星期三 下午2:27,,,4627,10,12,70
iamteresa0424,https://www.threads.com/@iamteresa0424/post/DRes0umiSZo,"全家
被全家水晶球可愛死！！！！！！！ 但今天還不能結帳…明天才能買😭😭😭😭 1 / 2",2025年11月25日 星期二 下午8:37,,"Photo by 大食女｜台北美食 超商美食｜Ya Tien on November 25, 2025.",717,14,16,354,https://www.threads.com/@familymart_tw/post/DRgYHAmEurj,偷偷說，大顆的水晶球絨毛套，還可以拔下來變成寵物頭套和手燈套🥺❤️,2025年11月26日 星期三 下午12:14,,,72,1,1,13
kellylin88521,https://www.threads.com/@kellylin88521/post/DRf5T18Erk1,"全家帕恰狗
昨天就先來看看 今天上班前就來拿下😆 下班回家後就來套在寶寶燈上💙 啊水晶球…就放教室當聖誕節佈置🎅🏻 @familymart_tw 1 / 2
全家大直店",2025年11月26日 星期三 上午7:45,,"Photo by 林昀萱 ◡̈ on November 25, 2025. | Photo by 林昀萱 ◡̈ on November 25, 2025.",39,2,,7,https://www.threads.com/@familymart_tw/post/DRgEJPiktB1,ʚ(◍´ᵕ`◍)ɞ,2025年11月26日 星期三 上午9:20,,,9,,,
bettermilk.tw,https://www.threads.com/@bettermilk.tw/post/DRfvqQNE_b5,"哞
11/26，就是今天 記得去 @familymart_tw 買爆鮮乳坊🥛 有個好可愛又會叫的小小牛，等你帶回家
喝好奶，拿哞禮，超合理～！ 哞🐮 1 / 3",2025年11月26日 星期三 上午6:21,,"Photo by 鮮乳坊 on November 25, 2025. | Photo by 鮮乳坊 on November 25, 2025. | Photo by 鮮乳坊 on November 25, 2025.",293,63,13,357,https://www.threads.com/@familymart_tw/post/DRgDmSHEsuc,哞🐮,2025年11月26日 星期三 上午9:15,,,18,1,,
kssogo.tw,https://www.threads.com/@kssogo.tw/post/DReeg3vCb-q,明天開始決定每天都來2杯冰拿鐵😎✨,2025年11月25日 星期二 下午6:32,@familymart_tw,,14,1,,,https://www.threads.com/@familymart_tw/post/DRenr5LkmEW,以玄學來看還要是全家的,2025年11月25日 星期二 下午7:52,,,17,,,
maaniv,https://www.threads.com/@maaniv/post/DRZD4YVEsGz,"出大事了
我不小心掉進後室了😨唯一好消息：前面有八方雲集。有人知道怎麼出去嗎？我先進去吃高麗菜水餃等大家留言 1 / 2",2025年11月23日 星期日 下午4:03,,"Photo by 謝憫震 on November 23, 2025.",41000,828,1237,4190,https://www.threads.com/@familymart_tw/post/DReARItEn0T,1. 右邊那間全家是安全的。 2. 但夾夯番薯的時候，絕對不要帶走俗頭。 3. 沒有販賣熱的大冰拿，請不要嘗試點此品項。,2025年11月25日 星期二 下午2:07,,"Photo by 全家便利商店_台灣 on November 24, 2025.",47000,143,501,1529
ryan.thatfoodie,https://www.threads.com/@ryan.thatfoodie/post/DRbdUKhElNI,快把這個聲音從我腦海趕出去🫨,2025年11月24日 星期一 下午2:24,@familymart_tw,,11,1,,,https://www.threads.com/@familymart_tw/post/DRbgQb8Es8i,🎵🎶～,2025年11月24日 星期一 下午2:49,,,7,,,
come_together_2026,https://www.threads.com/@come_together_2026/post/DRbYXThEjzi,"世界12強棒球錦標賽
我自行宣布 Threads第一屆《12強冠軍賽當天你在各地看球最值得的紀念畫面 》大賽 正式開始 留言讚數最高的前五名將獲得就一起紀念pin一枚，11/25晚上11:59截止 參賽選手如下： 1 / 2",2025年11月24日 星期一 下午1:40,,,895,145,22,44,https://www.threads.com/@familymart_tw/post/DRbgKi_kov9,"當然是！無敵 ㄕㄨㄤ ㄕㄚ！
familymart_tw",2025年11月24日 星期一 下午2:48,,,82,,1,3
muchmoney2255,https://www.threads.com/@muchmoney2255/post/DRYj7Fvj3py,"我自行宣布「第一屆三疊字比賽」😆 正式開始
首發選手 - 媽媽：你吃完先喝水，因為餅「乾乾乾」的。
請開始： 1 / 3",2025年11月23日 星期日 上午11:24,,,4082,532,121,400,https://www.threads.com/@familymart_tw/post/DRbcZfLknT9,登 登 登登登 登登登登登登～ 登登 登登 登登 登登～,2025年11月24日 星期一 下午2:16,,,611,13,,10
little_cute512,https://www.threads.com/@little_cute512/post/DRZV4dwk-EZ,"全家聖誕樹
全家去年💚今年白色🤍
放在一起真的很美😳
白色聖誕樹🤍🎄
希表情真的很呆萌ε٩(๑> ₃ <)۶з",2025年11月23日 星期日 下午6:40,,"Photo by 5貓一家 on November 23, 2025. | Photo by 5貓一家 on November 23, 2025. | Photo by 5貓一家 on November 23, 2025.",1141,106,26,945,https://www.threads.com/@familymart_tw/post/DRbSEOCkupZ,什麼，糰子太適合了吧！！！🥺💙,2025年11月24日 星期一 下午12:45,,,269,7,,21
__3.23a.m,https://www.threads.com/@__3.23a.m/post/DRUf4hFgQTq,誰是小天才 砂糖樹➕全家起司冰淇淋 超級好吃！！！！！！！！！！！！！！！！！！ 1 / 2,2025年11月21日 星期五 下午9:31,,"Photo by @__3.23a.m on November 21, 2025. | Photo by @__3.23a.m on November 21, 2025.",2522,7,43,446,https://www.threads.com/@familymart_tw/post/DRZcWNyksOf,你這個小天才💚💙,2025年11月23日 星期日 下午7:37,,,182,,,2
knowbabyq,https://www.threads.com/@knowbabyq/post/DRUUHP4E_Ka,"提醒大家： 如果你去澄清湖看台鋼雄鷹的比賽 又忘記取票 附近全家都很遠：）
knowbabyq",2025年11月21日 星期五 下午7:48,,,3058,84,59,418,https://www.threads.com/@familymart_tw/post/DRV-muLEhjP,我喜歡你愛棒球又穿全家襪子奮力奔向全家的樣子，愛你💚💙,2025年11月22日 星期六 上午11:19,,,1035,6,,5
howhowhasfriends,https://www.threads.com/@howhowhasfriends/post/DRO9negEtE9,欸台灣不是欸還有一個季節叫秋天欸,2025年11月19日 星期三 下午5:56,,,58000,418,2974,1905,https://www.threads.com/@familymart_tw/post/DRUBvrDkiuz,可以來全家吃這個 比這個月的台灣還秋,2025年11月21日 星期五 下午5:08,,"Photo by 全家便利商店_台灣 on November 21, 2025.",163,2,,2
tony__winn,https://www.threads.com/@tony__winn/post/DRRnlyjkn3A,超級好笑,2025年11月20日 星期四 下午6:41,,"Photo by 晨 on November 20, 2025.",50000,468,2296,10000,https://www.threads.com/@familymart_tw/post/DRT50vlks3Z,"突然忘了那個標語怎麼說…
全家就好像你自己的家一樣，很溫暖而且一直為你亮著
有人記得嗎？",2025年11月21日 星期五 下午3:59,,,114,5,,5
oholand__,https://www.threads.com/@oholand__/post/DRQ85H3jzvC,"Twice
剛在全家櫃檯前站了15分 店員一度還跑過來問我需要什麼 我說 我要周子瑜🩵💙🩵💙 這段應援 還有ONCE不會的嗎？😆💘 1/2",2025年11月20日 星期四 下午12:28,,,7311,33,230,345,https://www.threads.com/@familymart_tw/post/DRTVej1Elry,還有什麼應援是全家不會的嗎💙,2025年11月21日 星期五 上午10:41,,,302,,,1
__tingjia.zhang__,https://www.threads.com/@__tingjia.zhang__/post/DRSDDUlkhQq,"全家新口味
全家12月新口味霜淇淋 竟然是開心果！！開心控準備衝！ 1/2",2025年11月20日 星期四 下午10:41,,"Photo by 庭嘉Tim🇹🇼 台中•彰化美食｜超商｜好物｜新品優惠｜ on November 20, 2025. | Photo by 庭嘉Tim🇹🇼 台中•彰化美食｜超商｜好物｜新品優惠｜ on November 20, 2025.",27000,288,1798,43000,https://www.threads.com/@familymart_tw/post/DRTVWsyEgeL,準備好了嗎各位小開心果們,2025年11月21日 星期五 上午10:40,,,723,24,1,137
han._.uu,https://www.threads.com/@han._.uu/post/DRPctUOkz0k,起司蛋糕口味真的好好粗 強烈建議自己帶碗 把餅乾搗碎真的超好吃☠️☠️☠️ 1/2,2025年11月19日 星期三 下午10:27,,"Photo by ㄒㄩˇㄙˉㄏㄢˊ on November 19, 2025.",3796,34,69,1330,https://www.threads.com/@familymart_tw/post/DRRseTJktDQ,吃冰就是要吃Fami!ce🍦,2025年11月20日 星期四 下午7:24,,,151,,,1
pixar.dry.88,https://www.threads.com/@pixar.dry.88/post/DROMoGWEb4o,你知道嗎? eat + buy = beauty,2025年11月19日 星期三 上午10:48,,,18000,72,1580,3537,https://www.threads.com/@familymart_tw/post/DRQ3FifknmD,謝謝你破解這個公式 難怪我們全家人都越來越美,2025年11月20日 星期四 上午11:37,,,129,,,
_akabala.215,https://www.threads.com/@_akabala.215/post/DRMx8prEeGQ,把剉冰當滷肉飯吃不稀奇了 哥們把提拉米蘇當東坡肉吃,2025年11月18日 星期二 下午9:36,,,22000,124,895,2650,https://www.threads.com/@familymart_tw/post/DRO409jkohF,全家 minimore 東坡肉 熱銷中 歡迎哥們嚐鮮,2025年11月19日 星期三 下午5:14,,"Photo by 全家便利商店_台灣 on November 19, 2025.",415,,1,5
kinmen_kaoliang_liquor,https://www.threads.com/@kinmen_kaoliang_liquor/post/DROl97HAXmv,我也是那種「只要一下整個心就會暖起來』的程度 🍻 而且說個秘密：燒仙草裡倒一點金門高粱酒，難以言喻的讚！,2025年11月19日 星期三 下午2:29,@familymart_tw我也是那種「只要一下整個心就會暖起來』的程度,,6,2,,,https://www.threads.com/@familymart_tw/post/DROmLblEi3Q,歐都K 還有看到代言人心也暖💙,2025年11月19日 星期三 下午2:31,,,1,,,1
_g.design,https://www.threads.com/@_g.design/post/DRMZrFqj1LG,"Twice
我把老闆准假的證據發在這裡 希望老闆不要看到 1 / 2",2025年11月18日 星期二 下午6:03,,"Photo by 矩設計｜Geometry Interior Design on November 18, 2025. | Photo by 矩設計｜Geometry Interior Design on November 18, 2025.",44000,186,1331,13000,https://www.threads.com/@familymart_tw/post/DROVOIUkixq,"全家也有應援活動 （幫祈求老闆不要看到）
2025-11-18",2025年11月19日 星期三 下午12:03,,"Photo by 全家便利商店_台灣 on November 18, 2025. | Photo by 全家便利商店_台灣 on November 18, 2025.",243,,1,1
lihpaoresort,https://www.threads.com/@lihpaoresort/post/DROHJ18jJSl,最近有沒有覺得脆流量真的超低 開版給各店家、小編貼上 你最想宣傳的商品和優惠 來轟炸我吧～～～～,2025年11月19日 星期三 上午10:00,,,159,177,9,4,https://www.threads.com/@familymart_tw/post/DROVGAYEuAo,這個可以嗎,2025年11月19日 星期三 下午12:02,,"Photo by 全家便利商店_台灣 on November 18, 2025.",44,4,,32
eclair_isc,https://www.threads.com/@eclair_isc/post/DRMbMGlE-yp,@ferrero_228 要聽賊賊最愛的I’m gonna be a star吧😍,2025年11月18日 星期二 下午6:16,@familymart_tw,,1,1,,,https://www.threads.com/@familymart_tw/post/DRMjUcGEnLd,老娘94要成為大明星👊🏻😍,2025年11月18日 星期二 下午7:27,,,,,,
jenniferjan1818,https://www.threads.com/@jenniferjan1818/post/DRMf76lj8PH,賊賊也知道！全家小編真的不會讓我失望,2025年11月18日 星期二 下午6:58,@familymart_tw,,1,1,,,https://www.threads.com/@familymart_tw/post/DRMiMYlEpRA,once小編已經準備好迎接子瑜還有她漂釀的賊賊們🐰🐶🐻🐹🦄🐧🐷🐯🫎💖,2025年11月18日 星期二 下午7:18,,,7,,,
1yuyii._,https://www.threads.com/@1yuyii._/post/DRMe5O6Ecd_,@_yuain.09 最想聽到Talk That Talk 😭我真的超愛那首歌,2025年11月18日 星期二 下午6:49,@familymart_tw,,2,2,,,https://www.threads.com/@familymart_tw/post/DRMfIxTEqjj,TT跟TTT都想聽呀～～～,2025年11月18日 星期二 下午6:51,,,2,,,
zpy._.0826,https://www.threads.com/@zpy._.0826/post/DRMeB7DiQus,@cheny._.1207 最想聽到Cry For Me 最喜歡這首歌😍 看到各家便利商店都在辦應援真的好感動😭,2025年11月18日 星期二 下午6:41,@familymart_tw,,2,1,,,https://www.threads.com/@familymart_tw/post/DRMe-LJkvek,等了十年TT真的是can’t stop me為兔寶應援❤️‍🔥,2025年11月18日 星期二 下午6:49,,,5,,,
yun65.__._,https://www.threads.com/@yun65.__._/post/DRMcRywj0Yw,@fn.xuxzz_ 我想聽in my room,2025年11月18日 星期二 下午6:26,@familymart_tw,,2,1,,2,https://www.threads.com/@familymart_tw/post/DRMdIBOkpix,一起集氣聽到in my room🐯🍓,2025年11月18日 星期二 下午6:33,,,5,,,
yuan.0_0.kkk,https://www.threads.com/@yuan.0_0.kkk/post/DRMcfRLieS2,@signalthatiwillwin_ 我要聽Fancy😭,2025年11月18日 星期二 下午6:28,@familymart_tw,,1,1,,,https://www.threads.com/@familymart_tw/post/DRMc5NjElTO,應援手勢先比起來🤟🏻,2025年11月18日 星期二 下午6:31,,,1,,,
caseykao,https://www.threads.com/@caseykao/post/DRMcGBuknW-,@ryuchun_ 想聽TT✨✨,2025年11月18日 星期二 下午6:24,@familymart_tw,,1,1,,,https://www.threads.com/@familymart_tw/post/DRMctbaEmnW,能看到TWICE就先TT💦,2025年11月18日 星期二 下午6:30,,,,,,
tryfor_fun,https://www.threads.com/@tryfor_fun/post/DRMZ6_UkrBg,@ungdom_s 想聽 feel special,2025年11月18日 星期二 下午6:05,@familymart_tw,,1,1,,,https://www.threads.com/@familymart_tw/post/DRMcO1kkiMs,要先把衛生紙準備好😭,2025年11月18日 星期二 下午6:25,,,,,,
thomas09734,https://www.threads.com/@thomas09734/post/DRMa0fnk-63,哇是九位成員的應援色！！,2025年11月18日 星期二 下午6:13,@familymart_tw,,33,1,,,https://www.threads.com/@familymart_tw/post/DRMb10skgsV,沒錯! 9人9色ㄧ個都不能少🫶🏻,2025年11月18日 星期二 下午6:22,,,37,,,
lion.jhan,https://www.threads.com/@lion.jhan/post/DRMbfRZExe6,蚵仔煎的量真的要備好 子瑜的賊賊會去掃貨,2025年11月18日 星期二 下午6:19,@familymart_tw,,106,1,,1,https://www.threads.com/@familymart_tw/post/DRMbskeEvYT,已經為賊賊備好貨了🐰🫶🏻,2025年11月18日 星期二 下午6:21,,,55,,,
yangtaotzu_0909_zhong,https://www.threads.com/@yangtaotzu_0909_zhong/post/DRMZf0lE4uk,@aiyuzhong 我想聽RUNAWAY跟cry for me啊啊啊啊啊啊,2025年11月18日 星期二 下午6:02,@familymart_tw,,1,1,,,https://www.threads.com/@familymart_tw/post/DRMbTiCEu9C,聽見這兩首可能會先cry for TWICE🥹,2025年11月18日 星期二 下午6:17,,,1,1,,
zyx_3.13,https://www.threads.com/@zyx_3.13/post/DRMZ7ZnEqv3,@cyxxur_ 我想聽What is love,2025年11月18日 星期二 下午6:05,@familymart_tw,,1,1,,,https://www.threads.com/@familymart_tw/post/DRMbA8ukocA,看到TWICE才知道What is love💓,2025年11月18日 星期二 下午6:15,,,2,,,
yris_yang,https://www.threads.com/@yris_yang/post/DRMZ-E1kmbT,@hw_seeker 希望TT、Cheer up能加入高雄場歌單🫶,2025年11月18日 星期二 下午6:06,@familymart_tw,,1,1,,1,https://www.threads.com/@familymart_tw/post/DRMa7e6Eh99,讓兔寶們看看台萬的軍式應援🫶🏻,2025年11月18日 星期二 下午6:14,,,1,,,
illkeepaneyeonyou,https://www.threads.com/@illkeepaneyeonyou/post/DRMaDJpEhOu,@renegram_ 偶要聽TWICE頌😁,2025年11月18日 星期二 下午6:06,@familymart_tw,,4,2,,,https://www.threads.com/@familymart_tw/post/DRMashckmkh,期待安可可以聽到現場版的TWICE頌🥹,2025年11月18日 星期二 下午6:12,,,1,,,
adam_jhang,https://www.threads.com/@adam_jhang/post/DRMaMIck_GM,@omosiroiniki 肯定是虎尾寮女兒的 Run away～～～ 💙,2025年11月18日 星期二 下午6:08,@familymart_tw,,7,1,,,https://www.threads.com/@familymart_tw/post/DRMabwqEinF,一定要支持我們台南白玫瑰😍😍,2025年11月18日 星期二 下午6:10,,,15,1,,
bomiha2018,https://www.threads.com/@bomiha2018/post/DRMQUHhkoKS,為什麼我現在才看到,2025年11月18日 星期二 下午4:41,@familymart_tw,,,1,,,https://www.threads.com/@familymart_tw/post/DRMSRaFkoKo,優惠一直到11/25👍,2025年11月18日 星期二 下午4:58,,,2,,,
netflixtw,https://www.threads.com/@netflixtw/post/DRLgcXDj7A4,"黑白大廚料理階級大戰
我的參賽名：出一張嘴 #黑白大廚料理階級大戰 第2季 12月16日獨家上線",2025年11月18日 星期二 上午10:00,,,5936,125,290,9072,https://www.threads.com/@familymart_tw/post/DRMQHiHkqCM,好興奮啊！！ 吃個有加大蒜的義大利麵壓壓驚,2025年11月18日 星期二 下午4:40,,"Photo by 全家便利商店_台灣 on November 18, 2025.",49,,,2
taiwan.online,https://www.threads.com/@taiwan.online/post/DRJYgehk90h,遊戲提示： 若天氣進入「降雨模式」，視野距離將會下降、地面濕滑度 +40%。 玩家可以裝備「雨傘」或「雨衣」以避免陷入潮濕狀態。,2025年11月17日 星期一 下午1:55,,,13000,93,404,309,https://www.threads.com/@familymart_tw/post/DRMMUh3kloV,若遇到「降雨模式」，但背包內沒有相應裝備 地圖上 400 公尺內，應能找到最近的「全家便利商店」，可進入購買「輕便雨衣」或「65cm 自動透明傘」等道具，裝備後抗雨能力 +80%,2025年11月18日 星期二 下午4:06,,,101,1,1,4
vipblinkatiny,https://www.threads.com/@vipblinkatiny/post/DRLxUtnE9oR,小編是不是感受到了脆上某些族群的寒冷😢,2025年11月18日 星期二 下午12:11,@familymart_tw,,1,1,,,https://www.threads.com/@familymart_tw/post/DRLxhWskjkJ,我永遠是大家溫暖的小太陽💚💙,2025年11月18日 星期二 下午12:12,,,13,,,
kenny468,https://www.threads.com/@kenny468/post/DRHgSuok4gP,"SuperJunior
富邦悍將在招募9名韓籍洋將之後，終於在台北大巨蛋滿場觀眾見證下，拋下綻藍色彩帶！！！",2025年11月16日 星期日 下午8:25,,"Photo by Kenny Chang on November 16, 2025.",10000,97,378,1815,https://www.threads.com/@familymart_tw/post/DRJKh2EEsX5,MVP：欸噗,2025年11月17日 星期一 上午11:53,,,181,,,
tsaibrotherderboofan,https://www.threads.com/@tsaibrotherderboofan/post/DRDCpJ5kShn,也不是說炫耀啦🤭,2025年11月15日 星期六 上午2:49,,,7843,95,156,934,https://www.threads.com/@familymart_tw/post/DRD1G9ikojK,問就是在炫耀！！！！！,2025年11月15日 星期六 上午10:10,,,159,,,2
rosa.tw.elf,https://www.threads.com/@rosa.tw.elf/post/DRCG5DDibPI,全家果真說到做到😍,2025年11月14日 星期五 下午6:07,@familymart_tw,,643,1,7,24,https://www.threads.com/@familymart_tw/post/DRCIRy4kuY6,當然！全家應援💙,2025年11月14日 星期五 下午6:19,,,51,,1,
skygood67,https://www.threads.com/@skygood67/post/DRCEz-dE_7r,哇賽～真的全臺灣應援了！！😍😍,2025年11月14日 星期五 下午5:48,@familymart_tw,,31,1,,,https://www.threads.com/@familymart_tw/post/DRCFQykkrKQ,當然，我們來了💙,2025年11月14日 星期五 下午5:52,,,26,,,
jenny_zhon,https://www.threads.com/@jenny_zhon/post/DRAAA2Ij8GJ,台灣人刻在骨子裡的溫柔 回家前不管怎樣都要「到家說一聲」,2025年11月13日 星期四 下午10:28,,"Photo by 鍾佳芸 on November 13, 2025.",10000,75,651,592,https://www.threads.com/@familymart_tw/post/DRCEsSjkkQj,寶，到全家也說一聲，好嗎 ♥️,2025年11月14日 星期五 下午5:47,,,276,5,1,6
queena_huang_,https://www.threads.com/@queena_huang_/post/DQ_jiGPEnbd,"12強棒球賽
是誰一直Po 中華隊12強 害我以為有棒球可以看 還通知全家人 18:45愛爾達可以看 甚至我還跟我妹說陳晨威打第一棒 靠好白癡….",2025年11月13日 星期四 下午6:19,,,8601,289,38,506,https://www.threads.com/@familymart_tw/post/DRAEFu-kpmZ,謝謝你通知全家人,2025年11月13日 星期四 下午11:04,,,263,1,,1
zenghuliiii,https://www.threads.com/@zenghuliiii/post/DQ_9_qREpuA,全家的戲做很足 真的有特價 不是去年買一送一吧😆,2025年11月13日 星期四 下午10:10,@familymart_tw,,1,1,,,https://www.threads.com/@familymart_tw/post/DRADfgmEjIL,真的有,2025年11月13日 星期四 下午10:58,,,3,,,
elta_sports,https://www.threads.com/@elta_sports/post/DQ_71mTiZGK,"今夜作夢也會笑！！！讚讚讚讚讚讚讚讚
台灣6-3 南韓 預賽首勝獲得
明天18:30鎖定愛爾達體育1台 台灣將對上多明尼加 不見不散！
#一年前的這一天",2025年11月13日 星期四 下午9:52,,"Photo by 愛爾達體育家族 on November 13, 2025.",5236,72,69,81,https://www.threads.com/@familymart_tw/post/DQ_9P8xkQBx,明天先發投手會派誰啊？,2025年11月13日 星期四 下午10:04,,,193,4,,
elta_sports,https://www.threads.com/@elta_sports/post/DQ_40g0Eyws,"喔喔喔喔喔，連伍佰老師都來了！！！！！！！！！！！！！！！
8局上 台灣 ６－３南韓
愛爾達體育1台播出中(18:45-22:00)
#一年前的這一天",2025年11月13日 星期四 下午9:25,,"Photo by 愛爾達體育家族 on November 13, 2025.",2372,15,11,32,https://www.threads.com/@familymart_tw/post/DQ_6khzktHZ,喔喔喔喔喔喔喔喔！ 你說～,2025年11月13日 星期四 下午9:40,,,100,2,,2
elta_sports,https://www.threads.com/@elta_sports/post/DQ_rW_pk-D9,"怎麼可能！！！！！！！！！ 陳晨威滿貫砲！！！！！！！！！！！！！
台灣４－０韓國
這輩子在中華職棒沒敲過滿貫砲的人！！！！！！
愛爾達體育1台播出中 (18:45-22:00)
#一年前的這一天",2025年11月13日 星期四 下午7:28,,"Photo by 愛爾達體育家族 on November 13, 2025.",12000,138,318,384,https://www.threads.com/@familymart_tw/post/DQ_sqQvkusH,啊啊啊啊啊啊啊啊啊啊！！！！,2025年11月13日 星期四 下午7:39,,,423,3,,
_wendytw,https://www.threads.com/@_wendytw/post/DQ_cYJFEgO8,嗯 ELF會懂，太會行銷 同場加映香菜氣泡水😂,2025年11月13日 星期四 下午5:17,,"Photo by @_wendytw on November 13, 2025. | Photo by @_wendytw on November 13, 2025. | Photo by @_wendytw on November 13, 2025. | Photo by @_wendytw on November 13, 2025. | Photo by @_wendytw on November 13, 2025.",1852,31,16,160,https://www.threads.com/@familymart_tw/post/DQ_gi6TEsnh,勾蘇,2025年11月13日 星期四 下午5:53,,,160,3,,2
duanhandsome,https://www.threads.com/@duanhandsome/post/DQ8WXFNEoVz,"全家便利商店
這個諧音梗 不可能🙅！",2025年11月12日 星期三 下午12:26,,"Photo by 端手些 on November 11, 2025.",64000,729,2118,19000,https://www.threads.com/@familymart_tw/post/DQ_KdK5Etvd,決定舉辦唸出來送飯糰活動💚💙,2025年11月13日 星期四 下午2:40,,"Photo by 全家便利商店_台灣 on November 12, 2025.",61,3,,5
,https://www.threads.com/@familymart_tw/post/DQ_BTbmEp6e,familymart_tw 底下唸出來！！！ 就送你吃飯糰💚💙 (30名，每人1個) ． ． ． 小編蔬食小教室 為什麼叫做韓素燒若飯糰呢？以「若」取代「肉」這是為了讓蔬食者能更快理解商品的口味喔！飯糰裡面包著韓式菜脯素肉丁，鹹香夠味！來全家吃蔬食也很簡單又方便🌱✨ 1 / 4,2025年11月13日 星期四 下午1:20,,"Photo by 全家便利商店_台灣 on November 12, 2025.",388,104,17,131,https://www.threads.com/@familymart_tw/post/DQ_G8q7EhoU,今天晚上 @elta_sports 會播，大家一起準時看比賽！,2025年11月13日 星期四 下午2:09,,,72,,,
huang.jullian,https://www.threads.com/@huang.jullian/post/DQ8TJF8kkDd,外國人的貼文又被台灣人入侵 1 / 2,2025年11月12日 星期三 上午11:58,,"Photo by huang on November 11, 2025. | Photo by huang on November 11, 2025. | Photo by huang on November 11, 2025. | Photo by huang on November 11, 2025. | Photo by huang on November 11, 2025.",100000,447,3032,8532,https://www.threads.com/@familymart_tw/post/DQ9fGDokha7,"要吃霜淇淋嗎
familymart",2025年11月12日 星期三 下午11:02,@chrisxvargas,"Photo by 全家便利商店_台灣 on November 11, 2025.",865,5,2,8
,https://www.threads.com/@familymart_tw/post/DQ8nQcREgUt,familymart,2025年11月12日 星期三 下午2:54,@chrisxvargas,"Photo by 全家便利商店_台灣 on November 11, 2025.",12000,30,57,175,https://www.threads.com/@familymart_tw/post/DQ9ENp5knY9,唸出來,2025年11月12日 星期三 下午7:07,,,4734,23,1,43
fuminaojp,https://www.threads.com/@fuminaojp/post/DQ8tSDGEWEq,"好好笑，大巨蛋的全家在賣蘋果西打，柱子旁邊的幾個店家剛好都在播super junior不同歌
國父紀念館一出月台就看到圭賢廣告www 1 / 2",2025年11月12日 星期三 下午3:47,,"Photo by @fuminaojp on November 11, 2025. | Photo by @fuminaojp on November 11, 2025. | Photo by @fuminaojp on November 11, 2025. | Photo by @fuminaojp on November 11, 2025. | Photo by @fuminaojp on November 11, 2025. | Photo by @fuminaojp on November 11, 2025. | Photo by @fuminaojp on November 11, 2025. | Photo by @fuminaojp on November 11, 2025. | Photo by @fuminaojp on November 11, 2025. | Photo by @fuminaojp on November 11, 2025. | Photo by @fuminaojp on November 11, 2025. | Photo by @fuminaojp on November 11, 2025. | Photo by @fuminaojp on November 11, 2025.",4661,84,75,674,https://www.threads.com/@familymart_tw/post/DQ852VWEoQ_,店長 : 你這個要做什麼 ? 我 : 欸噗會懂的,2025年11月12日 星期三 下午5:36,,,372,2,1,
momoshopping_,https://www.threads.com/@momoshopping_/post/DQ6LzXVDziv,"雙11
今天是11/11 不到8小時就要結束了 可以跟我說那四個字嗎",2025年11月11日 星期二 下午4:16,,"Photo by momo購物網 on November 11, 2025.",132,69,1,1,https://www.threads.com/@familymart_tw/post/DQ8gqFqkVXc,全家取貨,2025年11月12日 星期三 下午1:56,,,50,1,,
_s2.myy,https://www.threads.com/@_s2.myy/post/DQ5tPC7k2xh,pingu 1 / 2,2025年11月11日 星期二 上午11:48,,"Photo by 妘 on November 10, 2025.",20000,114,2845,6178,https://www.threads.com/@familymart_tw/post/DQ8XfguEnB0,Family 翻譯,2025年11月12日 星期三 下午12:36,,"Photo by 全家便利商店_台灣 on November 11, 2025.",2117,12,18,82
a9854666998,https://www.threads.com/@a9854666998/post/DQ6R6G6Elup,"童年回憶
承認吧….看過的我們都老了 1 / 2",2025年11月11日 星期二 下午5:09,,"Photo by @a9854666998 on November 11, 2025. | Photo by @a9854666998 on November 11, 2025. | Photo by @a9854666998 on November 11, 2025. | Photo by @a9854666998 on November 11, 2025. | Photo by @a9854666998 on November 11, 2025.",190000,2300,11000,23000,https://www.threads.com/@familymart_tw/post/DQ6Y7X6kaqD,看過嗎？,2025年11月11日 星期二 下午6:10,,"Photo by 全家便利商店_台灣 on November 11, 2025.",4759,77,32,70
shopee_tw,https://www.threads.com/@shopee_tw/post/DQ4Cx8rE4aU,明天 上！ 1 / 2,2025年11月10日 星期一 下午8:18,,,7356,210,170,206,https://www.threads.com/@familymart_tw/post/DQ6MoxtEnkg,全家 取！,2025年11月11日 星期二 下午4:23,,,62,2,,
ohtaigi,https://www.threads.com/@ohtaigi/post/DQ4LsvfE_co,"鳳凰颱風
今天適合學習台語繞口令🤗 1 / 2",2025年11月10日 星期一 下午9:39,,,10000,318,2793,16000,https://www.threads.com/@familymart_tw/post/DQ6HjT6kooO,練習中,2025年11月11日 星期二 下午3:38,,"Photo by 全家便利商店_台灣 on November 10, 2025.",24,,,3
randomfunshiiit,https://www.threads.com/@randomfunshiiit/post/DQ36wDYk7bV,"諧音梗
全力支持Type C 征服充電線市場",2025年11月10日 星期一 下午7:08,,"Photo by Randomfunshit on November 10, 2025.",23000,103,2369,4954,https://www.threads.com/@familymart_tw/post/DQ52pKGEg78,需要咖啡嗎？,2025年11月11日 星期二 下午1:11,,"Photo by 全家便利商店_台灣 on November 10, 2025.",248,4,2,4
imfu_1110,https://www.threads.com/@imfu_1110/post/DQ3T0PSERRO,今天是我生日可以跟我說那個嗎😆 1 / 2,2025年11月10日 星期一 下午1:28,,"Photo by Fubang Chen on November 09, 2025.",14000,2435,126,1622,https://www.threads.com/@familymart_tw/post/DQ5v17VEjSz,來到新莊城堡 就拋開所有煩惱～🎵,2025年11月11日 星期二 下午12:11,,,291,2,,1
kyuchang_myboy,https://www.threads.com/@kyuchang_myboy/post/DNp1m97P0pt,"曺圭賢
曺圭賢竟然喝到了蘋果西打哈哈哈哈哈 喜歡到想接PPL 不可能第一反應是適合加酒喝欸欸欸🤣🤣🤣 1 / 2",2025年8月22日 星期五 下午6:20,,,23000,413,819,2618,https://www.threads.com/@familymart_tw/post/DQ5r8slkqsK,先來打卡ㅋㅋㅋㅋㅋㅋㅋ 翻譯,2025年11月11日 星期二 上午11:37,,"Photo by 全家便利商店_台灣 on November 10, 2025.",450,5,,5
cake.me.tw,https://www.threads.com/@cake.me.tw/post/DQ21FSrEra8,接下來一個禮拜的上班路 ｀ヽ｀ヽヽ｀、ヽ｀｀、ヽ｀ヽ｀、、ヽ`、 ｀ 、ヽ｀｀ヽヽ｀ヽ、ヽ｀ヽ｀、ヽ`、｀｀、ヽ 、｀｀、 ｀、ヽ｀ 、｀ ヽ｀ヽ、ヽ ｀、ヽ｀｀、ヽ、｀｀、｀、ヽヽ｀｀、、ヽ ｀ヽ 、ヽ｀、、ヽ`🚶｀ヽ｀、 ヽ｀｀、、`、 翻譯 1 / 2,2025年11月10日 星期一 上午8:59,,,60000,350,3005,2109,https://www.threads.com/@familymart_tw/post/DQ4RO7FEpMR,風雨中的那盞燈，全家平安💚💙 ｀ヽ｀ヽヽ｀、ヽ｀｀、ヽ｀ヽ｀、、ヽ`、 ｀ 、ヽ｀｀ヽヽ｀ヽ、ヽ｀ヽ｀、ヽ`、｀｀、ヽ 、｀｀、 ｀、ヽ｀ 、｀ ヽ｀ヽ、ヽ ｀、ヽ｀｀、ヽ、、、💡｀｀、｀、ヽヽ｀｀ ヽ ｀ヽ 、ヽ｀、`🏪｀ヽ｀、 ヽ｀｀、、`、,2025年11月10日 星期一 下午10:25,,,465,,1,1
minjeong_w_,https://www.threads.com/@minjeong_w_/post/DQ342_LEpav,我想問一個問題～🤔 在台灣用完的電池要丟在哪裡呢 ... ? 在韓國，信箱旁邊有回收廢電池的收集箱,2025年11月10日 星期一 下午6:52,,"Photo by 남민정 / 南珉貞 ⁹⁸🇰🇷 on November 10, 2025.",6166,467,20,64,https://www.threads.com/@familymart_tw/post/DQ35fTCkrDX,來全家💚💙,2025年11月10日 星期一 下午6:57,,,1793,10,2,3
sylviang_sw,https://www.threads.com/@sylviang_sw/post/DQzCQ9cEkEW,誰懂那種不小心口誤講錯了東西 接下來的一整天就會被朋友模仿的無力感 1 / 2,2025年11月8日 星期六 下午9:38,,,18000,231,1311,1528,https://www.threads.com/@familymart_tw/post/DQ3cKZXEl2m,一杯熱的大冰拿是嗎？,2025年11月10日 星期一 下午2:41,,,3383,34,16,35
fairyyyjing,https://www.threads.com/@fairyyyjing/post/DQxz22skgkX,昨天去金融展看到中信鴿跟台新狗在打架 超好笑 1 / 2,2025年11月8日 星期六 上午10:12,,"Photo by 𝐋𝐞𝐱𝐢𝐞 𝐉𝐡𝐚𝐧𝐠 on November 07, 2025.",51000,643,2786,11000,https://www.threads.com/@familymart_tw/post/DQ0puvyEsyt,這邊買夯番薯不含俗頭觀戰唷,2025年11月9日 星期日 下午12:42,,"Photo by 全家便利商店_台灣 on November 08, 2025.",1568,5,5,30
kaie224,https://www.threads.com/@kaie224/post/DQwmZJ-CZQW,哈哈哈哈哈，為什麼紫色地瓜會這麼少？,2025年11月7日 星期五 下午10:56,@familymart_tw,,,1,,,https://www.threads.com/@familymart_tw/post/DQwm100EsYC,紫薯於你,2025年11月7日 星期五 下午10:59,,,7,,,
solar._.1998,https://www.threads.com/@solar._.1998/post/DQuBpXIkrhS,"立冬
我們家的鍋子是要起飛了嗎？？？？？ 1 / 2",2025年11月6日 星期四 下午10:58,,,1927,266,16,162,https://www.threads.com/@familymart_tw/post/DQweiGfEo3y,這難道是傳說中的廚具？ 建議搭配這個（好評加碼開放預購中）,2025年11月7日 星期五 下午9:47,,"Photo by 全家便利商店_台灣 on November 07, 2025.",613,9,3,187
hikki_hikki_hikki,https://www.threads.com/@hikki_hikki_hikki/post/DQwaebcErgI,喔 浪漫～,2025年11月7日 星期五 下午9:11,@familymart_tw,,1,1,,,https://www.threads.com/@familymart_tw/post/DQwbcTZkuF_,耐斯耐斯 翻譯,2025年11月7日 星期五 下午9:20,,,6,,,2
taipei_dome,https://www.threads.com/@taipei_dome/post/DQwOK0Dk9VK,"SuperShow10
🥚點💙燈💙了💙
臺北大巨蛋",2025年11月7日 星期五 下午7:24,,"Photo by 臺北大巨蛋 Taipei Dome on November 07, 2025. | Photo by 臺北大巨蛋 Taipei Dome on November 07, 2025.",4316,45,214,275,https://www.threads.com/@familymart_tw/post/DQwYVIhklEo,🍦💙,2025年11月7日 星期五 下午8:53,,"Photo by 全家便利商店_台灣 on November 07, 2025.",113,3,,
trance.kk,https://www.threads.com/@trance.kk/post/DQuAX5jEkhn,脆上有人認識黑眼豆豆嗎？ 讓我知道我不孤單…😳,2025年11月6日 星期四 下午10:45,,,3175,597,3,8,https://www.threads.com/@familymart_tw/post/DQv7fGUEgxM,咖哩給給,2025年11月7日 星期五 下午4:41,,"Photo by 全家便利商店_台灣 on November 07, 2025.",168,6,,3
petitediary_tw,https://www.threads.com/@petitediary_tw/post/DQrk_5Sj1qg,"晚安脆友們
小編要睡覺啦
可以對我說那四個字嗎？",2025年11月6日 星期四 上午12:07,,,82,83,,2,https://www.threads.com/@familymart_tw/post/DQtqPIMklDS,牙咧牙咧,2025年11月6日 星期四 下午7:31,,,211,2,,
zixin0302,https://www.threads.com/@zixin0302/post/DQstltfAcgm,陌生人！可以隨便跟我說一句話嗎？,2025年11月6日 星期四 上午10:41,,,360,838,2,3,https://www.threads.com/@familymart_tw/post/DQtqJuAkqF_,我是你的家人,2025年11月6日 星期四 下午7:31,,,122,6,,
home_garden_and_diy,https://www.threads.com/@home_garden_and_diy/post/DQpOMOUDf-l,"Please, help me 😌 翻譯",2025年11月5日 星期三 上午2:09,,"Photo by Home, Garden and DIY on November 04, 2025.",60000,13000,2905,14000,https://www.threads.com/@familymart_tw/post/DQtSK6Kkk69,For your family,2025年11月6日 星期四 下午4:01,,"Photo by 全家便利商店_台灣 on November 06, 2025.",5876,15,26,42
tjsees,https://www.threads.com/@tjsees/post/DQrAFJIk518,聽到同事在跟電話說「懂懂懂」，我都會在心裡說一句Donki。,2025年11月5日 星期三 下午6:45,,,31000,141,3048,6296,https://www.threads.com/@familymart_tw/post/DQs-WcjEuZQ,聽到有人在說「等等」，我都會在心裡繼續唱 等等 等等等 等等等等等等 等等等等 等等等等,2025年11月6日 星期四 下午1:08,,,310,3,,5
musecat._.cb,https://www.threads.com/@musecat._.cb/post/DQqKCOYgZqQ,一直都覺得 「各大品牌的小編出現在threads海巡留言」 是一件很有趣的事 在現實生活裡他們是大企業 但在threads裡 不知道為什麼就很有動森感,2025年11月5日 星期三 上午10:52,,,4762,619,88,150,https://www.threads.com/@familymart_tw/post/DQrPn96kmBn,總覺得會聽到「欸～你今天也出來逛啊？」的感覺,2025年11月5日 星期三 下午9:00,,,847,5,,1
yuerhanhan,https://www.threads.com/@yuerhanhan/post/DQqOJ6Skhpf,🌸 蝦皮：熱情又貪心的中央角色，像是個社交高手，誰都想討好。她同時暗戀 全家、7-11 和 萊爾富，每天忙著送禮物、跑腿。 🏪 全家：溫暖穩重型，是那種「越相處越覺得貼心」的對象。雖然和 7-11 是死對頭，但對 蝦皮 有點真心，彼此也有好感。 🟢 7-11：人氣王、高冷又忙碌，擁有龐大的粉絲（連 萊爾富 都暗戀他 😏）。他對 蝦皮 有點心動，但和 全家 永遠針鋒相對。 🩷 萊爾富：安靜內斂、稍微邊緣的角色。她不吃蝦皮這套，覺得那太浮誇，只專情地仰慕 7-11。,2025年11月5日 星期三 上午11:28,@digo0309,,3207,27,53,189,https://www.threads.com/@familymart_tw/post/DQqwgALElYS,我喜歡我的人設,2025年11月5日 星期三 下午4:28,,,202,,,1
only_aries25,https://www.threads.com/@only_aries25/post/DQp6hs3EkwO,外國網友問：如何佈置這個空間？ 台灣網友表示：,2025年11月5日 星期三 上午8:37,,"Photo by Aries on November 04, 2025. | Photo by Aries on November 04, 2025. | Photo by Aries on November 04, 2025. | Photo by Aries on November 04, 2025. | Photo by Aries on November 04, 2025. | Photo by Aries on November 04, 2025. | Photo by Aries on November 04, 2025. | Photo by Aries on November 04, 2025. | Photo by Aries on November 04, 2025.",130000,1327,7513,35000,https://www.threads.com/@familymart_tw/post/DQqka6hEgL0,犬家就是你家💚💙,2025年11月5日 星期三 下午2:43,,"Photo by 全家便利商店_台灣 on November 04, 2025.",5973,14,27,76
mindfulvampire,https://www.threads.com/@mindfulvampire/post/DQkTD6_kgIW,How would you style this space? 翻譯 1 / 2,2025年11月3日 星期一 上午4:16,,"Photo by ♱ 𝔠𝔬𝔲𝔫𝔱 𝔬𝔫𝔶𝔵𝔦𝔠𝔠𝔞 ♱ on November 02, 2025.",140000,16000,10000,50000,https://www.threads.com/@familymart_tw/post/DQqh7eHEhiB,"woof～woof～woof ! means ""Welcome to FamilyMart !"" 翻譯",2025年11月5日 星期三 下午2:21,,"Photo by 全家便利商店_台灣 on November 04, 2025.",1833,8,15,21
digo0309,https://www.threads.com/@digo0309/post/DQpQiQLk1jR,"人際關係
突然發現Threads上的奇妙關係 全家和7-EVELEn兩位沒有互相追蹤 但是全家和7-EVELEn都有追蹤蝦皮 蝦皮則是有追蹤全家和7-EVELEn還有追蹤萊爾富 萊爾富則是有追蹤蝦皮跟7-EVELEn卻沒有追蹤全家 1 / 2",2025年11月5日 星期三 上午2:30,,,76000,1352,3111,13000,https://www.threads.com/@familymart_tw/post/DQqfaurknzA,"歡迎收看⋯⋯⋯
familymart_tw",2025年11月5日 星期三 下午1:59,,,2095,15,13,67
eggy_egggggg,https://www.threads.com/@eggy_egggggg/post/DQqXroZiayZ,"全家便利商店
原本只是想買個優格 看到超可愛湯匙忍不住！！ 店員更可愛直接沒給優格湯匙😍",2025年11月5日 星期三 下午12:52,,"Photo by 蛋蛋🥚 on November 04, 2025. | Photo by 蛋蛋🥚 on November 04, 2025. | Photo by 蛋蛋🥚 on November 04, 2025. | Photo by 蛋蛋🥚 on November 04, 2025.",3020,17,31,586,https://www.threads.com/@familymart_tw/post/DQqYcUMkmQU,可愛😍,2025年11月5日 星期三 下午12:58,,,88,1,,2
nownews,https://www.threads.com/@nownews/post/DQnOHATAiWJ,"北捷
北捷第145億乘客誕生🎉🎉🎉 幸運兒免費搭一年 進出站時間地點曝光 （快看👀！是不是你🫵） 1 / 2",2025年11月4日 星期二 上午7:30,,,12000,51,42,330,https://www.threads.com/@familymart_tw/post/DQqYF1Dkj9i,會不會是全家人,2025年11月5日 星期三 下午12:55,,,30,1,,
dream_0721_catcher,https://www.threads.com/@dream_0721_catcher/post/DQqM8d1j-Fu,投資自己的食慾沒有錯😤 我養的不是肚子是我弱小可憐的心靈🥹,2025年11月5日 星期三 上午11:18,@familymart_tw,,3,1,,,https://www.threads.com/@familymart_tw/post/DQqQWaJktzY,那是我的能量、我的動力,2025年11月5日 星期三 上午11:47,,,1,,,
bounty_huntr,https://www.threads.com/@bounty_huntr/post/DQqMG7XkT-k,"大家都登記普發一萬了嗎！？ 大家都登記哪一家銀行啊？
想偷參考一下ㄎㄎ 1 / 2",2025年11月5日 星期三 上午11:10,,,113,11,,2,https://www.threads.com/@familymart_tw/post/DQqNYtiEgd7,全家ATM領現,2025年11月5日 星期三 上午11:22,,,34,1,,
zora_tingting,https://www.threads.com/@zora_tingting/post/DQojLYqkkBu,@hcf0912 小編我愛你，更愛霜淇淋！😍💕（欸,2025年11月4日 星期二 下午7:54,@familymart_tw,,4,1,,,https://www.threads.com/@familymart_tw/post/DQojRjNElqT,（威,2025年11月4日 星期二 下午7:54,,,6,1,,
kurosawa_ryosuke,https://www.threads.com/@kurosawa_ryosuke/post/DQmpoITEtBn,"半夜坐在旗津的沙灘上發呆 旁邊突然冒出一個人 ：你怎麽一個人來看海？有心事ㄛˊ ：要不要來跟我們一起挖土，很好玩欸！
幹 高雄人真的是很雞婆（稱讚意味）",2025年11月4日 星期二 上午2:11,,,80000,1333,2589,3682,https://www.threads.com/@familymart_tw/post/DQogy-bEiHH,"這座城市真的有一種魔力。 人情味多到像加鹽的海風，走到哪都會被熱情包圍。
如果你也想感受這種熱血的高雄魂，直接去高雄全家海神看籃球賽就對了。
同樣熱、同樣瘋！ 但那邊有冷氣，還有全家💚💙",2025年11月4日 星期二 下午7:33,,,234,,,1
zu._zens,https://www.threads.com/@zu._zens/post/DQmNaH0k6vx,"不懂就問脆
這兩個東西明明差超多為什麼都叫棉花糖",2025年11月3日 星期一 下午10:05,,"Photo by @zu._zens on November 03, 2025. | Photo by @zu._zens on November 03, 2025.",69000,1181,1311,3784,https://www.threads.com/@familymart_tw/post/DQoKGpskug3,這兩個東西明明差超多為什麼都被一起夾,2025年11月4日 星期二 下午4:14,,"Photo by 全家便利商店_台灣 on November 04, 2025. | Photo by 全家便利商店_台灣 on November 04, 2025.",100000,470,1820,5511
silviachen_1224,https://www.threads.com/@silviachen_1224/post/DQmObWLk7Zg,"今天在看普發一萬的消息，所以問了男友的身分證尾數。
：寶貝你身分證字號尾數是多少？ ：9。 ：哇那我們可以同一天登記耶！ ：你說結婚嗎？ ：我說普發一萬⋯⋯⋯而且我們結婚不同一天登記你是要跟誰結？？？",2025年11月3日 星期一 下午10:14,,,59000,140,697,4338,https://www.threads.com/@familymart_tw/post/DQn0O1Yku2E,本來想領錢，結果被領走的是心？？？,2025年11月4日 星期二 下午1:03,,,205,1,,
layaburger,https://www.threads.com/@layaburger/post/DQnm3vjk8ay,我進去會不會被吃掉⋯,2025年11月4日 星期二 上午11:07,@familymart_tw,,70,1,,,https://www.threads.com/@familymart_tw/post/DQnoX94EuKT,堡包，他們吃可愛☺️,2025年11月4日 星期二 上午11:20,,,61,,,
a9854666998,https://www.threads.com/@a9854666998/post/DQlqgo3iNIG,"童年回憶
老人區域：",2025年11月3日 星期一 下午5:00,,"Photo by @a9854666998 on November 03, 2025. | Photo by @a9854666998 on November 03, 2025. | Photo by @a9854666998 on November 03, 2025. | Photo by @a9854666998 on November 03, 2025. | Photo by @a9854666998 on November 03, 2025. | Photo by @a9854666998 on November 03, 2025. | Photo by @a9854666998 on November 03, 2025. | Photo by @a9854666998 on November 03, 2025. | Photo by @a9854666998 on November 03, 2025. | Photo by @a9854666998 on November 03, 2025. | Photo by @a9854666998 on November 03, 2025. | Photo by @a9854666998 on November 03, 2025. | Photo by @a9854666998 on November 03, 2025. | Photo by @a9854666998 on November 03, 2025. | Photo by @a9854666998 on November 03, 2025. | Photo by @a9854666998 on November 03, 2025. | Photo by @a9854666998 on November 03, 2025. | Photo by @a9854666998 on November 03, 2025. | Photo by @a9854666998 on November 03, 2025.",60000,2956,5446,30000,https://www.threads.com/@familymart_tw/post/DQmhgDtksqD,我給個數字,2025年11月4日 星期二 上午1:00,,"Photo by 全家便利商店_台灣 on November 03, 2025.",818,13,8,12
npm_south,https://www.threads.com/@npm_south/post/DQl0gf5ib7Q,菜，我好想你，你為什麼一個人在外面受凍，為什麼不回嘉，為什麼 1 / 2,2025年11月3日 星期一 下午6:27,,"Photo by 國立故宮博物院南部院區 on November 03, 2025.",16000,275,447,1126,https://www.threads.com/@familymart_tw/post/DQmM8u1EthU,一片翠玉遠離嘉，全家就是你的家。,2025年11月3日 星期一 下午10:01,,,734,5,,6
maooam.326,https://www.threads.com/@maooam.326/post/DQmMTCOifJb,減肥路上永遠有人在阻止我,2025年11月3日 星期一 下午9:55,@familymart_tw,,3,1,,,https://www.threads.com/@familymart_tw/post/DQmMhcfkpeQ,你不孤單,2025年11月3日 星期一 下午9:57,,,1,,,
shopee_tw,https://www.threads.com/@shopee_tw/post/DQlrOeAk_T0,明明按的是蝦子怎麼變橘子 1 / 2,2025年11月3日 星期一 下午5:06,,"Photo by 蝦皮購物Shopee on November 03, 2025. | Photo by 蝦皮購物Shopee on November 03, 2025.",17000,191,299,811,https://www.threads.com/@familymart_tw/post/DQlwEPIErj3,那個是不是跟我們一樣是糖粉,2025年11月3日 星期一 下午5:48,,"Photo by 全家便利商店_台灣 on November 03, 2025.",1010,3,,17
ask147258369,https://www.threads.com/@ask147258369/post/DQlqxw1Ezhy,召喚小編～第一個按讚 有沒有獎勵💕,2025年11月3日 星期一 下午5:02,@familymart_tw,"Photo by 蔡秉峻 on November 03, 2025.",3,1,,,https://www.threads.com/@familymart_tw/post/DQlrdHrEnVv,愛你❤️,2025年11月3日 星期一 下午5:08,,,2,,,
fanfan92918,https://www.threads.com/@fanfan92918/post/DQiBwVoE-Wq,你或許很老，但沒老到看過這張吧？ 1 / 2,2025年11月2日 星期日 上午7:06,,"Photo by Chang Jian Fan on November 01, 2025.",130000,8252,7510,27000,https://www.threads.com/@familymart_tw/post/DQjdwHlEggs,那看過這個招牌的人⋯⋯⋯,2025年11月2日 星期日 下午8:30,,"Photo by 全家便利商店_台灣 on November 02, 2025.",2302,40,15,72
lilian_0316,https://www.threads.com/@lilian_0316/post/DQf8K0AE_Uz,"全家
我真的大開眼界⋯⋯ 全家的檸檬塔，塔皮居然是脆的⋯！！！！ 通常超商的塔皮都軟到爆
剛剛咬下去 我瞬間滿眼煙火欸 也太好吃了吧靠==",2025年11月1日 星期六 上午11:39,,"Photo by 許以琳 on October 31, 2025. | Photo by 許以琳 on October 31, 2025. | Photo by 許以琳 on October 31, 2025. | Photo by 許以琳 on October 31, 2025.",9206,290,240,1272,https://www.threads.com/@familymart_tw/post/DQi8K8OkkUb,被便利商店耽誤的甜點店,2025年11月2日 星期日 下午3:36,,,1263,11,1,2
yanyangod9921,https://www.threads.com/@yanyangod9921/post/DQep4kJkkjt,"這是我最驕傲的生日禮物了🎁😭
創業第八年，三明治八歲 遇見他們七年，七年後也真的七位仙女 世上不缺正在努力的人，夢想也不是努力就會達成。 但唯有相信你所有選擇的選擇並勇敢面對解決迎面而來的挑戰 留下愛給你愛的人好好繼續勇敢的愛下去 謝謝愛他們、愛彼此並相信一切都會更好的自己
請記得，你永遠都是爸媽與你身邊親友的驕傲 所以不要放棄努力，直到夢想離你靠近 而你有能力把它抓進你的現實生活裡！
唯有經歷故事才有說故事的能力。 記錄生活，留下故事，勇敢做愛 記得是要去做不是只想 有一種愛，愛過才會明白❤️
謝謝所有仙豆的祝福 跟親友的三牲四果、吃不完的蛋糕、咖啡、幸福的禮物 我愛你們如你愛我一樣🤣
#柴犬七仙女 #時刻影像工作室 #野人七號部落 #野人八號倉庫",2025年10月31日 星期五 下午11:40,,"Photo by 蔡定洋 （肥肥） on October 31, 2025. | Photo by 蔡定洋 （肥肥） on October 31, 2025. | Photo by 蔡定洋 （肥肥） on October 31, 2025. | Photo by 蔡定洋 （肥肥） on October 31, 2025. | Photo by 蔡定洋 （肥肥） on October 31, 2025. | Photo by 蔡定洋 （肥肥） on October 31, 2025. | Photo by 蔡定洋 （肥肥） on October 31, 2025.",2576,15,25,269,https://www.threads.com/@familymart_tw/post/DQgsPo3Ego2,💚💙,2025年11月1日 星期六 下午6:39,,,36,,,
z12345689103,https://www.threads.com/@z12345689103/post/DQb2UoJEpsp,跟風一下 我自行宣布 第一屆《threads 最受歡迎超商甜點》大賽正式開始 選手請底下報到： 1 / 2,2025年10月30日 星期四 下午9:31,,,201,65,7,15,https://www.threads.com/@familymart_tw/post/DQeTnbDEuhn,可以自行宣佈全家minimore勝出嗎,2025年10月31日 星期五 下午8:25,,,77,2,,
onionman__,https://www.threads.com/@onionman__/post/DQdl-Xmj-EE,一個人去超商買霜淇淋 剛好遇到買一送一 我跟店員說 不用 一支就好,2025年10月31日 星期五 下午1:46,@gqtaiwan,,901,26,3,11,https://www.threads.com/@familymart_tw/post/DQeDzRrEgm8,狠！酷繽沙買1送1我都吃2杯,2025年10月31日 星期五 下午6:07,,,6,1,,
koh_coconut_water,https://www.threads.com/@koh_coconut_water/post/DQbpMQekocX,假裝 全家小編很愛我。,2025年10月30日 星期四 下午7:36,@familymart_tw,,,1,,,https://www.threads.com/@familymart_tw/post/DQdXSacEi7t,可惜了 要跟你說你假裝得不好❤️,2025年10月31日 星期五 上午11:38,,,1,,,
wuyaya__,https://www.threads.com/@wuyaya__/post/DQYFVVtAdkt,今天坐電梯 限重13人，警報卻響了 可是，電梯裡只有12人 我笑了 . . 他們不知道我心裡還裝了一個妳,2025年10月29日 星期三 上午10:25,,,47000,191,1642,5839,https://www.threads.com/@familymart_tw/post/DQbeiTrEjZ7,今天坐電梯 限重 13 人，警報卻響了 可是，電梯裡只有 12 人 我笑了 . . 因為想到現在用全家 APP 隨買跨店取，特濃美式買 2 送 2，就覺得好划算好開心☺️,2025年10月30日 星期四 下午6:03,,,132,,,3
fatfatgod,https://www.threads.com/@fatfatgod/post/DQZn3N8jzT2,"犬家
歡迎光臨～ 犬家❤️ 11/1（六）全家犬之日柴犬七仙女一日店長
當日上午11:00～12:00 任1件寵物商品+全店商品消費滿399於櫃台領取合影號碼牌 限量30名 （號碼牌數量有限 贈完為止）
正式活動時間14:00～16:00
地址：全家新莊副都店 242新北市新莊區中央路437號",2025年10月30日 星期四 上午12:46,,"Photo by 柴犬七仙女 Sailor Shiba Inu on October 29, 2025.",709,6,14,232,https://www.threads.com/@familymart_tw/post/DQbIvErEjEU,犬家～～～一日店長💚💙 翻譯,2025年10月30日 星期四 下午2:52,,,33,,,
gerechiou,https://www.threads.com/@gerechiou/post/DQZmbEgE81t,全家怎麼變犬家，這可不是P圖，這是因應11月1日「犬之日」所開幕的限定門市，將持續至11月25日止。而且，這全台唯一的一家就在離家最近的全家。,2025年10月30日 星期四 上午12:33,,"Photo by GereChiou on October 29, 2025. | Photo by GereChiou on October 29, 2025. | Photo by GereChiou on October 29, 2025.",15000,106,493,5816,https://www.threads.com/@familymart_tw/post/DQbDgAQksBV,ㄧ日店長敬請期待💚💙,2025年10月30日 星期四 下午2:07,,,183,,,1
poetchouchou,https://www.threads.com/@poetchouchou/post/DQahNBOEyDX,在喜歡的人事物面前 我是沒有什麼原則的… 為了這個加價購的小廢物 我從7-11改喝全家的咖啡◉‿◉,2025年10月30日 星期四 上午9:07,,"Photo by 文周周·小周 on October 29, 2025.",144,8,,1,https://www.threads.com/@familymart_tw/post/DQa_TllEuW_,我喜歡你,2025年10月30日 星期四 下午1:30,,,57,2,,
amazonglobalsellingtaiwan,https://www.threads.com/@amazonglobalsellingtaiwan/post/DQYH9-Ckvxj,"萬聖節
@familymart_tw 欸？我們合作喔？太狂了🔥 1/2",2025年10月29日 星期三 上午10:49,,,2346,65,68,768,https://www.threads.com/@familymart_tw/post/DQZffblkqjB,欸？選全家！！！💚💙,2025年10月29日 星期三 下午11:33,,,531,3,,1
eli_liaoo,https://www.threads.com/@eli_liaoo/post/DQXGouvgQFr,"特級廚師
全家又出招，小當家特級廚師醬油碟！
剛剛買到了 剛剛買到了 剛剛買到了
10/29開跑，快去買！ #全家 #火鍋專區滿二十任兩件加購 #小當家 #中華一番 1/2
Tainan, Taiwan",2025年10月29日 星期三 上午1:17,,,3608,99,118,10000,https://www.threads.com/@familymart_tw/post/DQZUbmTks0N,一起去找傳說中的廚具吧,2025年10月29日 星期三 下午9:56,,,136,4,,7
wanna_tellu,https://www.threads.com/@wanna_tellu/post/DQX4yNdEqpw,"全家
《第一屆threads工作幹話大賽》 當我跟主管說包在我身上時 是因為「包」真的在我身上",2025年10月29日 星期三 上午8:35,,"Photo by 大家聽我說 on October 28, 2025. | Photo by 大家聽我說 on October 28, 2025. | Photo by 大家聽我說 on October 28, 2025.",400,21,2,236,https://www.threads.com/@familymart_tw/post/DQZUMTAEjzM,我有「銀河」客戶喜好,2025年10月29日 星期三 下午9:54,,"Photo by 全家便利商店_台灣 on October 29, 2025.",96,,,1
nownews,https://www.threads.com/@nownews/post/DQYKJFnE7fc,"全家
全家變犬家！不是假的😬 官方證實：期間限定新招牌 — 將舉辦「柴犬七仙女」一日狗狗店長活動，有機會與人氣成員「蘿蔔糕」、「三明治」、「蔥抓餅」合影留念。
📷 圖／@familymart_tw 1/2",2025年10月29日 星期三 上午11:07,,"Photo by NOWnews 今日新聞 on October 28, 2025.",3206,42,103,1649,https://www.threads.com/@familymart_tw/post/DQYRx6EEm0-,緩～光臨 犬家～,2025年10月29日 星期三 下午12:14,,,220,1,,4
npm_south,https://www.threads.com/@npm_south/post/DQYRFFfCVGG,你們到底想放什麼進來,2025年10月29日 星期三 下午12:08,@familymart_tw,"Photo by 國立故宮博物院南部院區 on October 28, 2025.",64,4,,,https://www.threads.com/@familymart_tw/post/DQYRtEFkgjH,傳說中的廚具,2025年10月29日 星期三 下午12:13,,,3,,,
elta_sports,https://www.threads.com/@elta_sports/post/DQW26sPkuIC,"MLB Threads
MLB世界大賽G3完整版7小時，本台已列入歲次丙午年、春節期間之賀歲鉅獻。明年春節假期放9天。",2025年10月28日 星期二 下午11:00,,,9427,104,189,707,https://www.threads.com/@familymart_tw/post/DQW6nymEoip,試問：如春節期間以輪播方式進行，大谷翔平會上壘幾次？,2025年10月28日 星期二 下午11:32,,,477,3,1,6
linetw_official,https://www.threads.com/@linetw_official/post/DQWdst5icYq,"萬聖節
（請給明天要扮裝上班的小編一點想法💡）
我自行宣布 第一屆《Threads史上萬聖節最酷裝扮》大賽 正式開始 選手如下： 1 / 2",2025年10月28日 星期二 下午7:19,,,46,16,,2,https://www.threads.com/@familymart_tw/post/DQW5eolEua2,可以假裝喜歡的人也喜歡你,2025年10月28日 星期二 下午11:22,,,52,1,,4
__tingjia.zhang__,https://www.threads.com/@__tingjia.zhang__/post/DQVmOjjEpF2,"全家新品
全家開賣小當家銀河麵！？ 沒想到竟然是這個味道😱 1 / 2",2025年10月28日 星期二 上午11:15,,"Photo by 庭嘉Tim🇹🇼 台中•彰化美食｜超商｜好物｜新品優惠｜ on October 27, 2025. | Photo by 庭嘉Tim🇹🇼 台中•彰化美食｜超商｜好物｜新品優惠｜ on October 27, 2025. | Photo by 庭嘉Tim🇹🇼 台中•彰化美食｜超商｜好物｜新品優惠｜ on October 27, 2025.",4819,217,277,16000,https://www.threads.com/@familymart_tw/post/DQWm28BktqQ,伊格爾～～～～～～,2025年10月28日 星期二 下午8:39,,,55,3,,3
willis_carrier.1126,https://www.threads.com/@willis_carrier.1126/post/DQVL4YIk4Og,你們不覺得 把一個人名字最後一個字加上「子」稱呼很可愛嗎,2025年10月28日 星期二 上午7:24,,,26000,2057,458,10000,https://www.threads.com/@familymart_tw/post/DQWYdb5knoR,全家子子 疊字會2倍可愛嗎？,2025年10月28日 星期二 下午6:34,,,1129,12,,6
goldenhorsefilmfestival,https://www.threads.com/@goldenhorsefilmfestival/post/DQTObpbjwF6,標註你需要存錢的朋友 （開聲音🔊） 1 / 2,2025年10月27日 星期一 下午1:11,,,554,31,48,243,https://www.threads.com/@familymart_tw/post/DQV2XB1EfaP,我需要這個獎項,2025年10月28日 星期二 下午1:36,,,18,2,,
jcjc122222,https://www.threads.com/@jcjc122222/post/DQRbSZcier7,發現食物前面掛個「生」 高級度直接 +100 生魚片、生巧克力、生吐司、生甜甜圈… 還有什麼「生○○」嗎？ 1 / 2,2025年10月26日 星期日 下午8:22,,,31000,2090,336,2297,https://www.threads.com/@familymart_tw/post/DQTNJf-EqOU,生日快樂,2025年10月27日 星期一 下午12:57,,,3167,5,4,14
dailyview.tw,https://www.threads.com/@dailyview.tw/post/DQRL6_5j5m0,"2025網路口碑之星
恭喜全家 @familymart_tw 榮獲「年度最具網路好評影響力社群小編」🎉🎉🎉 還有哪些品牌小編覺得自己應該也要上榜的～ 不服來戰！！ 1 / 2",2025年10月26日 星期日 下午6:08,,"Photo by 網路溫度計DailyView on October 26, 2025.",1947,127,20,72,https://www.threads.com/@familymart_tw/post/DQRg3dtEoEF,小編們如果在同一個班級，我應該是康樂股長,2025年10月26日 星期日 下午9:11,,,1187,13,1,4
yu_08_51,https://www.threads.com/@yu_08_51/post/DQPHl7iD5LX,我自行宣布 第一屆《與啦啦隊合照》大賽 正式開始 選手如下： 1 / 2,2025年10月25日 星期六 下午10:51,,,2378,874,24,252,https://www.threads.com/@familymart_tw/post/DQQd4sfksRN,看完留言 為什麼你們可以,2025年10月26日 星期日 上午11:26,,,146,3,,
skmlive,https://www.threads.com/@skmlive/post/DQLK4SoDyro,"什麼時候發現自己長大了？
1. 紅茶，無糖去冰，謝謝
2. 健康便當，飯少，謝謝
3. 週年慶，不分期，謝謝",2025年10月24日 星期五 上午10:03,,,5423,266,61,196,https://www.threads.com/@familymart_tw/post/DQOQjuQEjAq,4.酷繽沙買1送1，我付現，謝謝,2025年10月25日 星期六 下午2:51,,,338,2,,
zzj_03.03,https://www.threads.com/@zzj_03.03/post/DQLuJKeAXTx,"籃球🏀
大家台灣職籃都看哪隊？",2025年10月24日 星期五 下午3:11,,,174,133,1,10,https://www.threads.com/@familymart_tw/post/DQN-35PknBi,高雄全家海神💚💙,2025年10月25日 星期六 下午12:16,,,92,,1,
nobi_nobita_08_07,https://www.threads.com/@nobi_nobita_08_07/post/DQMiVj7ibqM,我自行宣布 第一屆《Threads 史上最厲害小編》大賽 正式開始 選手如下： 1 / 2,2025年10月24日 星期五 下午10:47,,,1427,468,34,64,https://www.threads.com/@familymart_tw/post/DQNfc0_EoGB,當這個壓力太大了，讓我來承受吧,2025年10月25日 星期六 上午7:41,,,1012,6,1,2
w_doris_doris,https://www.threads.com/@w_doris_doris/post/DQKSiHbAbZU,"祝我生日快樂🎉
嘿嘿 終於是我的日子！
四個字聽膩了，我要聽六個字的有嗎😂😂😂 1 / 2",2025年10月24日 星期五 上午1:51,,"Photo by Ro Ching Wang on October 23, 2025.",5178,1489,2,54,https://www.threads.com/@familymart_tw/post/DQMdqsGkmQ1,全家就是你家,2025年10月24日 星期五 下午10:07,,,591,5,,4
goeating,https://www.threads.com/@goeating/post/DQI4_X9ExY8,"剛去公司附近的全家買午餐。
店員A：「緩光臨，鳥～～」
我不失禮貌微微點頭，心裡正想說發音太黏了吧
店員B：「你幹嘛跟客人說喵～～。你是貓喔」 店員A：「哪有，我說。你！好！」
於是店員A、B就在櫃檯此起彼落喵喵叫了30秒。
可惡，好想加入，喵。 1 / 2",2025年10月23日 星期四 下午12:48,,,6129,40,102,117,https://www.threads.com/@familymart_tw/post/DQLeHcdEn7A,喵～緩光臨,2025年10月24日 星期五 下午12:51,,"Photo by 全家便利商店_台灣 on October 23, 2025.",378,,,
_yoon.sul.a,https://www.threads.com/@_yoon.sul.a/post/DQJJsFhgEVo,"昨天我媽跟我說他去跟新房客簽約 我媽：「你知道嗎！那個房客是哈日族欸，一年飛好幾次日本」
哈……..日……..族……….好久沒聽到的死語復活了",2025年10月23日 星期四 下午3:14,,,21000,130,368,618,https://www.threads.com/@familymart_tw/post/DQLbtgLElGx,要不要跟媽媽去全家喝咖啡聊是非,2025年10月24日 星期五 下午12:30,,,158,,,
iamteresa0424,https://www.threads.com/@iamteresa0424/post/DQJW_6dif-d,"全家
全家總算願意補貨了！！！！！ 缺貨好久的杯裝玉米片，終於回來了…🥲🥲🥲 趁特價直接買爆！！！！ （是說，有人懂杯裝的有多方便嗎😂） 1 / 2",2025年10月23日 星期四 下午5:11,,,6231,65,209,2607,https://www.threads.com/@familymart_tw/post/DQJ79leErP6,等一下！！！這什麼完美組合😍,2025年10月23日 星期四 下午10:34,,,209,2,,2
junn_617,https://www.threads.com/@junn_617/post/DQIfQFuErZT,英文句子為什麼常用This當開頭？ . . . 因為This會不斷重演,2025年10月23日 星期四 上午9:04,,,33000,73,2302,3209,https://www.threads.com/@familymart_tw/post/DQJoaSDEhvX,為什麼一停電就想吃冰？ . . . 因為 ICE 一道光 如此美妙,2025年10月23日 星期四 下午7:43,,,3262,14,57,166
chyi3333__,https://www.threads.com/@chyi3333__/post/DQHG0OIErCb,"全家
全家這好香 說這款是便利商店的天花板我給過 到10/28 還79折",2025年10月22日 星期三 下午8:11,,"Photo by R on October 22, 2025. | Photo by R on October 22, 2025. | Photo by R on October 22, 2025.",5871,75,166,3206,https://www.threads.com/@familymart_tw/post/DQIhfZ9EpXU,焗烤在牽絲，我心在融合,2025年10月23日 星期四 上午9:23,,,156,,,2
jhueee.art,https://www.threads.com/@jhueee.art/post/DQCiKnWE7xW,你知道嗎： 壓力（stressed）倒反過來，就是甜品（desserts）,2025年10月21日 星期二 上午1:34,,,14000,106,839,1385,https://www.threads.com/@familymart_tw/post/DQG-o2nErna,你知道嗎： 這是反烤的布丁蛋糕,2025年10月22日 星期三 下午6:59,,"Photo by 全家便利商店_台灣 on October 22, 2025.",436,3,,5
shopee_tw,https://www.threads.com/@shopee_tw/post/DQGoIBLk1OD,超可怕香蕉哥哥怎麼在這裡啦 1 / 2,2025年10月22日 星期三 下午3:43,,"Photo by 蝦皮購物Shopee on October 22, 2025.",45000,494,952,2283,https://www.threads.com/@familymart_tw/post/DQG-RB3kh7d,童年從香蕉哥哥到了⋯⋯⋯還是香蕉哥哥？？？,2025年10月22日 星期三 下午6:56,,,1997,9,2,3
zx._0857,https://www.threads.com/@zx._0857/post/DQEVNcuEQqj,"麥當勞
這樣配真的很好吃",2025年10月21日 星期二 下午6:19,,"Photo by 滴嘟. on October 21, 2025. | Photo by 滴嘟. on October 21, 2025.",9858,81,507,290,https://www.threads.com/@familymart_tw/post/DQG4ZP7EjBk,這樣配真的很痛快,2025年10月22日 星期三 下午6:05,,"Photo by 全家便利商店_台灣 on October 22, 2025.",3654,19,58,607
parenting.notes.lab,https://www.threads.com/@parenting.notes.lab/post/DQGLGNjjvSG,"各種首飾材質都有含意
金是高貴 銀是優雅 鋁是不爽 鉀是聽Bieber",2025年10月22日 星期三 上午11:29,,"Photo by 育兒筆記研究室 on October 21, 2025.",20000,146,1838,6398,https://www.threads.com/@familymart_tw/post/DQG0vZFkkpF,鎂是咖啡,2025年10月22日 星期三 下午5:33,,"Photo by 全家便利商店_台灣 on October 22, 2025.",276,,,5
l05725828,https://www.threads.com/@l05725828/post/DQEL4w_E6H5,"台灣人
我猜大概百分之99的台灣人 都不會參加這種農糧署舉辦的抽獎活動 因為他們根本不會打廣告只能在官網上面看到 我常年參加 抽中的獎品不計其數（曾經抽中的一些獎品放在照片中） 分享好康給各位 現在農糧署在舉辦活動 你在無印良品、家樂福、楓康超市、4City’super、全家便利商店 只要購買有產銷履歷驗證的農產品滿200就好 可以登錄發票 最大獎i16一支和其他40幾個獎品 這種活動基本上都不會有什麼人參加 超容易中獎ＸＤ真的沒在豪小 1 / 2",2025年10月21日 星期二 下午4:57,,"Photo by 林 on October 21, 2025. | Photo by 林 on October 21, 2025. | Photo by 林 on October 21, 2025. | Photo by 林 on October 21, 2025. | Photo by 林 on October 21, 2025. | Photo by 林 on October 21, 2025. | Photo by 林 on October 21, 2025. | Photo by 林 on October 21, 2025. | Photo by 林 on October 21, 2025.",30000,259,2633,29000,https://www.threads.com/@familymart_tw/post/DQGiX9MkiTB,下一個在全家買芭樂獲得iPhone的… 會不會就是你？,2025年10月22日 星期三 下午2:52,,"Photo by 全家便利商店_台灣 on October 21, 2025.",186,3,,5
_brilliantclean_,https://www.threads.com/@_brilliantclean_/post/DQCmdXNkkgY,"北海道
老闆問要不要去北海道玩 我回他我窮死了☺️ 他說一個讚他幫我出一塊 小編這輩子還沒看過雪🥹 想滑雪 想滑雪 好想滑雪啊啊啊！！！！！！！！！！ 1 / 2",2025年10月21日 星期二 上午2:11,,,87000,593,81,150,https://www.threads.com/@familymart_tw/post/DQEPoOqkoei,老闆看到了嗎,2025年10月21日 星期二 下午5:30,,"Photo by 全家便利商店_台灣 on October 21, 2025.",510,4,,1
4who_n,https://www.threads.com/@4who_n/post/DQCpphlEkeS,現在死語復興運動盛行 那可以推廣復興在文字後面加括號吐槽自己嗎 我真的很愛用非常喜歡（好,2025年10月21日 星期二 上午2:39,,,10000,703,912,791,https://www.threads.com/@familymart_tw/post/DQEOqhEkvwH,全家好ㄅㄧㄤˋ（這是死語嗎？阿不對已經變回流行語了，明天辛拉麵買1送1到星期日很讚der,2025年10月21日 星期二 下午5:22,,,202,2,,4
shopee_tw,https://www.threads.com/@shopee_tw/post/DQB68ihEb88,今天是我生日 大家可以跟我說那四個字嗎 1 / 2,2025年10月20日 星期一 下午7:51,,"Photo by 蝦皮購物Shopee on October 20, 2025. | Photo by 蝦皮購物Shopee on October 20, 2025.",40000,4101,453,1850,https://www.threads.com/@familymart_tw/post/DQB-8KOEmTL,取貨神券,2025年10月20日 星期一 下午8:26,,,8104,20,9,23
_7xcwn,https://www.threads.com/@_7xcwn/post/DP-2Y30iU17,好意外😭😭我的努力沒白費✨ 1 / 3,2025年10月19日 星期日 下午3:13,,"Photo by 🐥 on October 19, 2025. | Photo by 🐥 on October 19, 2025. | Photo by 🐥 on October 19, 2025.",22000,950,104,405,https://www.threads.com/@familymart_tw/post/DQB37DvEjFm,你超強！！！✨ 我相信這一題你一定也會：,2025年10月20日 星期一 下午7:24,,"Photo by 全家便利商店_台灣 on October 20, 2025.",2906,76,19,87
kaohsiung_city,https://www.threads.com/@kaohsiung_city/post/DP_qNkzD6qT,我ㄅㄧㄤ、不ㄅㄧㄤˋ😊,2025年10月19日 星期日 下午10:46,@familymart_tw,,269,3,1,,https://www.threads.com/@familymart_tw/post/DP_qSzgEp6r,高雄好ㄅㄧㄤˋ💗,2025年10月19日 星期日 下午10:47,,,43,,,
malodyxiao,https://www.threads.com/@malodyxiao/post/DPwYMv_EiqL,別人一怒之下 辭職旅遊 我一怒之下 怒了一下 1 / 2,2025年10月14日 星期二 上午12:20,,,110000,1977,8104,33000,https://www.threads.com/@familymart_tw/post/DP63A_wko49,好啊！！！看你去的了哪個國家！！ ：我去全家,2025年10月18日 星期六 上午2:02,,,2709,8,,14
wanna_tellu,https://www.threads.com/@wanna_tellu/post/DP5jZQnAY_1,"全家
別人的揮霍：週年慶大買特買 我的揮霍：把起司當零食吃（？）
雖然但是 這個軟起司球真的停不下來… 又鹹又濃
全家買的，現在有打9折 超好吃拜託起司控都給我去吃！！！ 1 / 2",2025年10月17日 星期五 下午1:51,,"Photo by 大家聽我說 on October 16, 2025. | Photo by 大家聽我說 on October 16, 2025. | Photo by 大家聽我說 on October 16, 2025. | Photo by 大家聽我說 on October 16, 2025.",772,9,26,407,https://www.threads.com/@familymart_tw/post/DP6xq19krzn,當我從一顆開始後，整包就沒了⋯,2025年10月18日 星期六 上午1:15,,,47,,,
funny_hilife,https://www.threads.com/@funny_hilife/post/DP3qEVLAaWn,"全家
都給我去全家買來吃 49元什麼意思，還兩件69折！ 生甜甜圈太優秀 愛了愛了",2025年10月16日 星期四 下午8:11,,"Photo by 我就愛找樂子 on October 16, 2025.",678,40,12,222,https://www.threads.com/@familymart_tw/post/DP5vouykpEe,是不是被圈粉❤️ 翻譯,2025年10月17日 星期五 下午3:38,,,77,1,,1
layaburger,https://www.threads.com/@layaburger/post/DP5YLAgEeyo,緩光臨~,2025年10月17日 星期五 下午12:13,@familymart_tw,,7,1,,,https://www.threads.com/@familymart_tw/post/DP5s69QEu4d,寫光臨~,2025年10月17日 星期五 下午3:14,,,3,,,
chao1985118,https://www.threads.com/@chao1985118/post/DP1A8zUE5xo,學橋理化，國二出奇致勝！ 岡山陳芊岑，段考100滿分 岡山徐靚晏，段考97.5錯一題 #練習造就完美 #岡山自然組第一品牌 1 / 2,2025年10月15日 星期三 下午7:33,,"Photo by 趙明德 on October 15, 2025.",120000,11000,17000,100000,https://www.threads.com/@familymart_tw/post/DP37Jvbksjy,#今天你值得一個驚嘆號,2025年10月16日 星期四 下午10:40,,"Photo by 全家便利商店_台灣 on October 16, 2025.",3871,6,8,220
clpdin,https://www.threads.com/@clpdin/post/DP0h9v1k6tS,幹這很好吃 愛全家 1 / 2,2025年10月15日 星期三 下午3:02,,"Photo by 門牙布丁公爵 on October 15, 2025. | Photo by 門牙布丁公爵 on October 15, 2025.",9040,101,236,7609,https://www.threads.com/@familymart_tw/post/DP2_QerktCO,我也愛你喔，你這個小開心果❤️,2025年10月16日 星期四 下午1:57,,,1633,8,,58
dobbys23u,https://www.threads.com/@dobbys23u/post/DP0Wr_XEwv2,"貓咪日常
當下看真的快笑死 牠快氣死 臉很臭 決定分享給大家看 1 / 2",2025年10月15日 星期三 下午1:24,,"Photo by 多比 手機租借 on October 14, 2025. | Photo by 多比 手機租借 on October 14, 2025.",37000,237,2410,9170,https://www.threads.com/@familymart_tw/post/DP01k4REpWM,不建議用褲褲兔的內褲套貓，因為這樣會導致貓被褲褲兔的內褲套,2025年10月15日 星期三 下午5:54,,,949,,,5
yun_chen.1018,https://www.threads.com/@yun_chen.1018/post/DPz1p-Ekx0c,"全家
有夠好吃",2025年10月15日 星期三 上午8:35,,"Photo by 允辰 on October 14, 2025. | Photo by 允辰 on October 14, 2025.",6735,65,221,4212,https://www.threads.com/@familymart_tw/post/DP0jIyLkm3b,你被圈粉了對嗎,2025年10月15日 星期三 下午3:13,,,247,1,,5
foody_amigo,https://www.threads.com/@foody_amigo/post/DPyQ2iWEQGv,如果再買不到「丁布」😡 我就買全家新的「反烤布丁」喔！！！,2025年10月14日 星期二 下午5:54,,"Photo by 懂吃搭吃 foodyAmigo on October 14, 2025.",1392,36,24,286,https://www.threads.com/@familymart_tw/post/DPyyo2DkuS-,現在最新流行的是反烤布丁 反吃 正吃 反正都好吃,2025年10月14日 星期二 下午10:50,,,227,2,,1
supertastesupertaste,https://www.threads.com/@supertastesupertaste/post/DPyWbjPkylJ,中華職棒總冠軍賽準備登場🔥 全家也一起應援推出超可愛限定周邊💛🤍 限量「Fami!ce多功能加油棒」來啦！ 白色、黃色兩款造型超萌～～～ 1 / 2,2025年10月14日 星期二 下午6:43,,"Photo by 食尚玩家 on October 14, 2025.",215,5,,39,https://www.threads.com/@familymart_tw/post/DPyk8JREvex,我需要這個加油棒✨,2025年10月14日 星期二 下午8:50,,"Photo by 全家便利商店_台灣 on October 14, 2025.",114,3,,14
boring_samkuo,https://www.threads.com/@boring_samkuo/post/DPrCot6D8b2,"中文怪物
沒有想到我們做的作品會上中文怪物！動畫與詞，都是我們自己寫的。但是剛剛ㄧ瞬間還是聽不懂，哈 😂 1 / 2",2025年10月11日 星期六 下午10:39,,,3091,42,17,70,https://www.threads.com/@familymart_tw/post/DPvmRmbkrXY,我們在店面也常常在進行中文怪物挑戰 測驗大家的中文閱讀能力 例如：「不要直接把哈逗堡的熱狗放在桌上。」,2025年10月13日 星期一 下午5:04,,"Photo by 全家便利商店_台灣 on October 13, 2025.",425,,17,76
kelly_potato_,https://www.threads.com/@kelly_potato_/post/DPstAKKgVyV,"我跟我室友有一個購物安全詞叫「可頌」
當我們覺得這個東西不好看 要對方不要買 但店員就在旁邊的時候： 「欸可頌店要關了我們要趕快去買」 「欸我突然好想吃燻雞可頌 這附近哪裡有啊」 「喔剛剛那個可頌超難吃 我現在還是好氣喔」 「上次陳品萱說的那個可頌是不是就在附近」
蠻有效的呦✌🏻 1 / 2",2025年10月12日 星期日 下午2:05,,,74000,418,2525,26000,https://www.threads.com/@familymart_tw/post/DPvNYHikoeM,建議安全詞可以改成「全家」 各式商品跟優惠彈性更高、說服力更好： 「欸全家週一單品咖啡第二件 10 元欸，我們去買」 「上次陳志豪說全家新出的蘋果芒芒綠很讚欸」 「昨天看到李品琪在吃全家炭燒咖啡霜淇淋欸!好想吃喔」,2025年10月13日 星期一 下午1:26,,,978,8,,12
harusame_taiwan,https://www.threads.com/@harusame_taiwan/post/DPkwHP8EeFl,"台湾
台湾コンビニのソフトクリームを知ってますか？ 翻譯",2025年10月9日 星期四 上午11:58,,"Photo by ハルサメ｜ディープな台湾情報🇹🇼 on October 08, 2025. | Photo by ハルサメ｜ディープな台湾情報🇹🇼 on October 08, 2025. | Photo by ハルサメ｜ディープな台湾情報🇹🇼 on October 08, 2025. | Photo by ハルサメ｜ディープな台湾情報🇹🇼 on October 08, 2025. | Photo by ハルサメ｜ディープな台湾情報🇹🇼 on October 08, 2025. | Photo by ハルサメ｜ディープな台湾情報🇹🇼 on October 08, 2025. | Photo by ハルサメ｜ディープな台湾情報🇹🇼 on October 08, 2025.",4824,56,229,518,https://www.threads.com/@familymart_tw/post/DPlxajukpoM,ファミマのソフトクリーム検定、満点合格💯 翻譯,2025年10月9日 星期四 下午9:29,,,447,2,3,
yuchen_1211,https://www.threads.com/@yuchen_1211/post/DPk_UrkEvlX,有種友情叫「你敢我就敢」,2025年10月9日 星期四 下午2:11,,,17000,162,2066,2295,https://www.threads.com/@familymart_tw/post/DPlVBcXksdU,霜淇淋買1送1，敢不敢一人吃2支,2025年10月9日 星期四 下午5:21,,,282,5,,8
_.lun02,https://www.threads.com/@_.lun02/post/DPgTUTGEdGU,有人也想知道小編長怎樣嗎？🙋 例如：7-11、全家、蝦皮、九族、全聯 1 / 2,2025年10月7日 星期二 下午6:30,,,10000,313,100,426,https://www.threads.com/@familymart_tw/post/DPlAqoKElhz,我是康樂股長,2025年10月9日 星期四 下午2:23,,,238,2,,1
yukofq,https://www.threads.com/@yukofq/post/DPg70b-k4zq,半夜在全家買優格 我不小心脫口而出「謝了老哥」 店員：「會員嗎老哥」 兩個人同時笑出來 我超喜歡這個瞬間的,2025年10月8日 星期三 上午12:24,,,54000,104,829,487,https://www.threads.com/@familymart_tw/post/DPigzr2knWt,我也喜歡買優格的你喔，老哥,2025年10月8日 星期三 下午3:06,,,5279,7,2,10
imminako73,https://www.threads.com/@imminako73/post/DPf2eSWEtl2,"生活小廢文
全家你這樣每餐都叫我吃一條沙拉醬真的是合理的嗎？🤯",2025年10月7日 星期二 下午2:18,,"Photo by Minako Chou on October 06, 2025. | Photo by Minako Chou on October 06, 2025. | Photo by Minako Chou on October 06, 2025.",4800,136,142,2040,https://www.threads.com/@familymart_tw/post/DPiLuToErBs,歐莫！沙拉嘿喲💚💙,2025年10月8日 星期三 下午12:02,,,255,1,,3
fries520_,https://www.threads.com/@fries520_/post/DPf2sQDE60d,各聽我位說 們我把順打序亂，們他就譯翻不出了來， 們我樣這密加話通，外們老看就懂不了 ， 到收復回請。,2025年10月7日 星期二 下午2:19,,,66000,1573,1246,4185,https://www.threads.com/@familymart_tw/post/DPiHsNYkkau,雖我然把文中打順序亂，但還你是能出看來全美家特大式經典、典經鐵拿限五天時任兩選件特價元89，這能可是因你為太喜全家歡啡咖的故緣。,2025年10月8日 星期三 上午11:26,,,10000,73,55,334
zishan_0530,https://www.threads.com/@zishan_0530/post/DPd23XrkvUb,"*五歲的我* 因為不小心吞了西瓜籽而害怕頭上長出西瓜樹 哭了一整天
*25歲的我* ：麻煩死了通通吞進去比較方便",2025年10月6日 星期一 下午7:43,,,19000,66,552,222,https://www.threads.com/@familymart_tw/post/DPgVVi7ErSd,全家 :,2025年10月7日 星期二 下午6:47,,"Photo by 全家便利商店_台灣 on October 07, 2025.",343,2,1,1
dd.com0131,https://www.threads.com/@dd.com0131/post/DPdgTWKkiVw,全家現在第二件十元都快去喝 1 / 2,2025年10月6日 星期一 下午4:25,,"Photo by 你們暫時先交往就好 on October 06, 2025. | Photo by 你們暫時先交往就好 on October 06, 2025.",59000,356,1438,6024,https://www.threads.com/@familymart_tw/post/DPgOCclkpnd,特別聲明：第二件十元的只有飲料，請大家冷靜。,2025年10月7日 星期二 下午5:43,,,55000,92,681,2636
kai_._7,https://www.threads.com/@kai_._7/post/DPdWNqrkrPK,隨機抓人報備看他們什麼反應,2025年10月6日 星期一 下午2:57,,"Photo by K里 on October 05, 2025. | Photo by K里 on October 05, 2025. | Photo by K里 on October 05, 2025. | Photo by K里 on October 05, 2025. | Photo by K里 on October 05, 2025. | Photo by K里 on October 05, 2025. | Photo by K里 on October 05, 2025. | Photo by K里 on October 05, 2025.",43000,547,2942,14000,https://www.threads.com/@familymart_tw/post/DPgGfn5ktVV,第四張回的很好 下次繼續回。,2025年10月7日 星期二 下午4:38,,,489,2,,1
xin_pusen,https://www.threads.com/@xin_pusen/post/DPbl6xtDzwQ,想看大家中秋烤的棉花糖！ 我先！烤出了理想六塊肌跟八塊肌🤤,2025年10月5日 星期日 下午10:36,,"Photo by 小湘 on October 05, 2025. | Photo by 小湘 on October 05, 2025.",100000,422,3153,10000,https://www.threads.com/@familymart_tw/post/DPc_HjrklJO,我烤出了山珍海味 翻譯,2025年10月6日 星期一 上午11:35,,"Photo by 全家便利商店_台灣 on October 05, 2025.",1323,11,4,15
alin888999,https://www.threads.com/@alin888999/post/DPY74fFkhN-,是李東海❤️,2025年10月4日 星期六 下午9:50,@familymart_tw,"Photo by @alin888999 on October 04, 2025.",7,1,,,https://www.threads.com/@familymart_tw/post/DPZEL8fkuWY,🐯,2025年10月4日 星期六 下午11:03,,,,,,
linchenting1106,https://www.threads.com/@linchenting1106/post/DPWdlDok531,小太陽海海☀️😊,2025年10月3日 星期五 下午10:47,@familymart_tw,"Photo by Chen-Ting Lin on October 03, 2025. | Photo by Chen-Ting Lin on October 03, 2025. | Photo by Chen-Ting Lin on October 03, 2025.",81,1,1,1,https://www.threads.com/@familymart_tw/post/DPWfSV3klwN,🐶,2025年10月3日 星期五 下午11:02,,,2,,,
helene71206,https://www.threads.com/@helene71206/post/DPWJeW-Adzt,☺️☺️☺️ 喝酒嗎,2025年10月3日 星期五 下午7:51,@familymart_tw,"Photo by 夏☘️ on October 03, 2025. | Photo by 夏☘️ on October 03, 2025.",31,1,,,https://www.threads.com/@familymart_tw/post/DPWRph-Eiqx,屋裡嫩 欸噗 誒哦,2025年10月3日 星期五 下午9:03,,,11,,,
npm_south,https://www.threads.com/@npm_south/post/DPWIUWWCYCr,😌,2025年10月3日 星期五 下午7:41,@familymart_tw,"Photo by 國立故宮博物院南部院區 on October 03, 2025.",137,2,,,https://www.threads.com/@familymart_tw/post/DPWRRLPksKT,😌,2025年10月3日 星期五 下午8:59,,,7,,,
stust__imi__,https://www.threads.com/@stust__imi__/post/DPWC3djk8em,還有無言薯條🍟,2025年10月3日 星期五 下午6:53,@familymart_tw,,1,1,,,https://www.threads.com/@familymart_tw/post/DPWGuOuEhuG,我起雞皮疙瘩,2025年10月3日 星期五 下午7:27,,,1,,,
daijiayu_,https://www.threads.com/@daijiayu_/post/DPTacFlkgtz,幹全家的蕃茄起司手工千層麵超好吃==,2025年10月2日 星期四 下午6:22,,"Photo by 家妤姐妹 on October 02, 2025. | Photo by 家妤姐妹 on October 02, 2025.",13000,122,500,5166,https://www.threads.com/@familymart_tw/post/DPVpInckgCk,真的==👍,2025年10月3日 星期五 下午3:09,,,236,1,1,
d2__c1,https://www.threads.com/@d2__c1/post/DPT2sUgj3U_,🐹🍠🤍,2025年10月2日 星期四 下午10:29,,"Photo by 부샛반감 on October 02, 2025. | Photo by 부샛반감 on October 02, 2025.",76000,340,6144,19000,https://www.threads.com/@familymart_tw/post/DPVo2jRksJK,夯番🐭不含俗頭,2025年10月3日 星期五 下午3:06,,,216,1,,11
qiaotex.chicken,https://www.threads.com/@qiaotex.chicken/post/DPTzbwKEhiq,"小編們
我雙手合十 在此號召脆裡各大諧星小編🙏
我想看看脆裡有多少不正經的人 不正經的都給我出乃～～～
底下報數！ 我先來～～🙋🏻‍♀️🙋🏻‍♀️🙋🏻‍♀️",2025年10月2日 星期四 下午10:00,,,240,542,4,2,https://www.threads.com/@familymart_tw/post/DPVm_Ljku5x,我將瘋成世界需要的樣子,2025年10月3日 星期五 下午2:50,,,28,2,,
hsuehcheng_c,https://www.threads.com/@hsuehcheng_c/post/DPSsgR7EUfn,"考多益的時候超討厭澳洲口音 全部黏在一起根本聽不懂
回過頭才發現台灣人根本就是中文界的澳洲人",2025年10月2日 星期四 上午11:40,,,65000,443,2245,3384,https://www.threads.com/@familymart_tw/post/DPTZF_ukjgC,緩光臨 圈載具統編消嗎,2025年10月2日 星期四 下午6:10,,,24000,65,246,870
h__y724,https://www.threads.com/@h__y724/post/DPQ82MZknY9,有人小時候喜歡吃這些嗎,2025年10月1日 星期三 下午7:25,,"Photo by 沒人知道這其實就是我 on October 01, 2025. | Photo by 沒人知道這其實就是我 on October 01, 2025. | Photo by 沒人知道這其實就是我 on October 01, 2025. | Photo by 沒人知道這其實就是我 on October 01, 2025. | Photo by 沒人知道這其實就是我 on October 01, 2025. | Photo by 沒人知道這其實就是我 on October 01, 2025.",26000,367,1334,769,https://www.threads.com/@familymart_tw/post/DPTMyjakkQ8,絕對不能忘記這個吧🌚,2025年10月2日 星期四 下午4:22,,"Photo by 全家便利商店_台灣 on October 02, 2025.",812,14,5,12
huhu_lifi,https://www.threads.com/@huhu_lifi/post/DPQ9l4ckWAk,是這樣的 這邊有存一些中秋很適合發給朋友的烤肉圖 1 / 2,2025年10月1日 星期三 下午7:31,,"Photo by 呼呼日常 on October 01, 2025. | Photo by 呼呼日常 on October 01, 2025. | Photo by 呼呼日常 on October 01, 2025. | Photo by 呼呼日常 on October 01, 2025. | Photo by 呼呼日常 on October 01, 2025. | Photo by 呼呼日常 on October 01, 2025. | Photo by 呼呼日常 on October 01, 2025.",40000,375,5063,32000,https://www.threads.com/@familymart_tw/post/DPTFsZ-kgsv,這邊有適合發給常常夾到俗頭的朋友圖,2025年10月2日 星期四 下午3:20,,"Photo by 全家便利商店_台灣 on October 02, 2025.",6231,29,121,858
magic_1117,https://www.threads.com/@magic_1117/post/DPQBYyxE5gU,早上幫朋友去全家換的娃包 讓我家赫糰先試乘 有夠可愛😍😍,2025年10月1日 星期三 上午10:45,,"Photo by 美君 on September 30, 2025.",291,18,1,73,https://www.threads.com/@familymart_tw/post/DPRUnfDEjdW,太剛好了吧！！！ 對了，你今天有吃草莓土司嗎(๑´ڡ`๑),2025年10月1日 星期三 下午10:52,,"Photo by 全家便利商店_台灣 on October 01, 2025.",98,9,,11
ancillarypower_tw,https://www.threads.com/@ancillarypower_tw/post/DPQB-2ck0kN,"不知道大家會不會好奇 每一間公司的小編長什麼樣子
我超好奇 全聯、全家、IKEA、蝦皮、巨城之類的 會不會是個超好笑又超帥超美的人🧐 1 / 2",2025年10月1日 星期三 上午10:50,,,2768,398,21,134,https://www.threads.com/@familymart_tw/post/DPQ2_Dfkhrv,我只是個7/11生日的人(๑´ㅂ`๑),2025年10月1日 星期三 下午6:33,,,1781,23,,19
natata.aaa,https://www.threads.com/@natata.aaa/post/DPQdbzjjxuI,"如果忘記幫男友把防曬抹開 就會獲得一個熱狗寶
對不起 1 / 2",2025年10月1日 星期三 下午2:50,,"Photo by Tata on September 30, 2025. | Photo by Tata on September 30, 2025. | Photo by Tata on September 30, 2025. | Photo by Tata on September 30, 2025.",73000,312,2439,10000,https://www.threads.com/@familymart_tw/post/DPQx-YlEgcj,"那個就是 這邊提供一首主題曲給男友 哈哈哈哈哈哈逗堡起飛～ youtube.com/watch…
youtube.com
全家便利商店",2025年10月1日 星期三 下午5:50,,全家便利商店,163,2,,5
searching_stone,https://www.threads.com/@searching_stone/post/DPOFk6Bjwg2,"大地瑰寶
建議大家去看礦物展前先吃飽 不然就會像我一樣 越看越餓⋯ 1 / 2",2025年9月30日 星期二 下午4:43,,"Photo by 尋礦所｜Searching Stone｜飾品•礦石 on September 30, 2025. | Photo by 尋礦所｜Searching Stone｜飾品•礦石 on September 30, 2025. | Photo by 尋礦所｜Searching Stone｜飾品•礦石 on September 30, 2025. | Photo by 尋礦所｜Searching Stone｜飾品•礦石 on September 30, 2025. | Photo by 尋礦所｜Searching Stone｜飾品•礦石 on September 30, 2025. | Photo by 尋礦所｜Searching Stone｜飾品•礦石 on September 30, 2025. | Photo by 尋礦所｜Searching Stone｜飾品•礦石 on September 30, 2025. | Photo by 尋礦所｜Searching Stone｜飾品•礦石 on September 30, 2025. | Photo by 尋礦所｜Searching Stone｜飾品•礦石 on September 30, 2025. | Photo by 尋礦所｜Searching Stone｜飾品•礦石 on September 30, 2025.",15000,315,625,2314,https://www.threads.com/@familymart_tw/post/DPQpolKEoPS,這個礦物也是 怎麼會這麼像全家霜淇淋,2025年10月1日 星期三 下午4:37,,"Photo by 全家便利商店_台灣 on October 01, 2025.",340,3,,1
yangannn,https://www.threads.com/@yangannn/post/DPQNEXkERDN,"利用中午午休去全家把Oreo 牛奶盒拿下 又趕快把所有的娃都試塞一輪
結論➡️我還要再去多拿幾個牛奶盒哈哈哈 擺在架上觀賞也可愛
今年藍色濃度太高💙💙💙💙 1 / 2",2025年10月1日 星期三 下午12:27,,"Photo by YangYang  양양 on September 30, 2025. | Photo by YangYang  양양 on September 30, 2025. | Photo by YangYang  양양 on September 30, 2025. | Photo by YangYang  양양 on September 30, 2025. | Photo by YangYang  양양 on September 30, 2025. | Photo by YangYang  양양 on September 30, 2025.",1334,34,27,596,https://www.threads.com/@familymart_tw/post/DPQQRsbktZi,太⋯⋯喜歡⋯了⋯⋯💙💙💙,2025年10月1日 星期三 下午12:55,,,120,1,,1
hypotato_chips,https://www.threads.com/@hypotato_chips/post/DPO8yoeD_gG,"1
/
2",2025年10月1日 星期三 上午12:46,,,1800,70,58,84,https://www.threads.com/@familymart_tw/post/DPP_mk3ks1k,哞,2025年10月1日 星期三 上午10:29,,,73,1,,
_xw.0211,https://www.threads.com/@_xw.0211/post/DPOMYp2kurl,您好，我是公視新聞網的記者，我姓蘇，蘇波愛豆的笑容都沒你的甜,2025年9月30日 星期二 下午5:43,@familymart_tw,,9,1,,,https://www.threads.com/@familymart_tw/post/DPOOX2uEsTQ,您好，你是電你是光,2025年9月30日 星期二 下午6:00,,,13,,,
beauty321,https://www.threads.com/@beauty321/post/DPOBCYDiU4O,"全家便利商店
全家的周邊越來越瘋了😂 出了一個牛奶嘴蓋讓大家「擠」牛奶🍼 1 / 2",2025年9月30日 星期二 下午4:04,,"Photo by BEAUTY美人圈 on September 30, 2025. | Photo by BEAUTY美人圈 on September 30, 2025.",479,21,11,461,https://www.threads.com/@familymart_tw/post/DPOE3HRkiW7,哞🐮,2025年9月30日 星期二 下午4:37,,,67,2,,4
taipeidope,https://www.threads.com/@taipeidope/post/DPN2COVkeqK,不敢相信我竟然為了這個東西準備出門去買牛奶了,2025年9月30日 星期二 下午2:27,@familymart_tw,,448,2,,21,https://www.threads.com/@familymart_tw/post/DPN2jJpkrox,請明天出門，明天開始❤️,2025年9月30日 星期二 下午2:32,,,261,2,,1
smile_mapleling,https://www.threads.com/@smile_mapleling/post/DPNxnR2kxhC,不要這麼會出耶🥹🥹,2025年9月30日 星期二 下午1:49,@familymart_tw,,39,1,,,https://www.threads.com/@familymart_tw/post/DPNx8FbkpDB,新鮮現擠🐄,2025年9月30日 星期二 下午1:52,,,36,1,,
layaburger,https://www.threads.com/@layaburger/post/DPNxiEKkeuw,我先放個留言 等等再回來看有沒有看錯🐄。,2025年9月30日 星期二 下午1:48,@familymart_tw,,111,1,,,https://www.threads.com/@familymart_tw/post/DPNxpl_ki-k,堡包🐄,2025年9月30日 星期二 下午1:49,,,55,,,1
lihpaoresort,https://www.threads.com/@lihpaoresort/post/DPNxX23Adbb,請問那個頭哪裡買,2025年9月30日 星期二 下午1:47,@familymart_tw,,6,2,,1,https://www.threads.com/@familymart_tw/post/DPNxl0DksvS,,2025年9月30日 星期二 下午1:49,,"Photo by 全家便利商店_台灣 on September 29, 2025.",48,,,
showeateat,https://www.threads.com/@showeateat/post/DPLtr9pEZ1k,這個廢物不要買，因為…我要買!!! 店長說周三才可以買~~ 全家真的很會做這種小廢物耶,2025年9月29日 星期一 下午6:36,,"Photo by 秀仔✨ on September 29, 2025.",15000,81,291,2209,https://www.threads.com/@familymart_tw/post/DPNtR4ukmC1,想把全家搬到你家的來這裡簽到 👇,2025年9月30日 星期二 下午1:11,,,482,7,,2
shopee_tw,https://www.threads.com/@shopee_tw/post/DPJZJz-k9l2,第二屆已讀亂回大賽開始 以下開放所有參賽者已讀亂回￼ （一直有人考古第一屆） 1 / 2,2025年9月28日 星期日 下午8:58,,,3106,950,43,87,https://www.threads.com/@familymart_tw/post/DPNikU2EjZg,10/10 蝦皮下單選全家，送中冰美,2025年9月30日 星期二 上午11:37,,,110,2,,3
mini_canyth,https://www.threads.com/@mini_canyth/post/DPLQzJ-E2bB,我的英文程度 誰鳥你：Who bird you 1 / 2,2025年9月29日 星期一 下午2:24,,,31000,157,2886,2998,https://www.threads.com/@familymart_tw/post/DPNe4xgErib,夯番薯：Popular sweet potato,2025年9月30日 星期二 上午11:05,,,188,2,,5
lokhangs,https://www.threads.com/@lokhangs/post/DPEcMXiE8_I,"醜得要命
工作人員：9點二廳醜得要命的觀眾可以進場囉 我：（心不甘情不願地走去驗票）",2025年9月26日 星期五 下午10:48,,"Photo by @lokhangs on September 26, 2025.",24000,125,1553,7775,https://www.threads.com/@familymart_tw/post/DPGVTTQEjrm,仙女好囉～,2025年9月27日 星期六 下午4:27,,"Photo by 全家便利商店_台灣 on September 27, 2025.",676,1,,10
evachang0528,https://www.threads.com/@evachang0528/post/DPDpKrXESrZ,"遠距離
有自律的男友 我就像不受控的女友😚",2025年9月26日 星期五 下午3:23,,"Photo by 台中女教練Eva｜重量訓練•皮拉提斯|🍀🌈☁️ on September 26, 2025.",8494,71,157,2056,https://www.threads.com/@familymart_tw/post/DPF7y2rEsqs,吃冰就要吃全家Fami!ce霜淇淋💚💙,2025年9月27日 星期六 下午12:44,,,249,3,,3
_.1ilou,https://www.threads.com/@_.1ilou/post/DPBJB4ikmtk,我不敢一次買1000的東西 但我敢買5次200的東西,2025年9月25日 星期四 下午4:03,,,35000,59,3142,1214,https://www.threads.com/@familymart_tw/post/DPEJr8hEuZL,建議可以買 20 次 49 元的這個東西 還能找你 20 塊,2025年9月26日 星期五 下午8:07,,"Photo by 全家便利商店_台灣 on September 26, 2025.",588,4,1,34
bettermilk.tw,https://www.threads.com/@bettermilk.tw/post/DPECbPKEtNY,"諧音梗
以防各位奶粉們不知道， 桂芳的英文是Great Farm。
這樣～ 大家都學會了嗎～？ 哞🐮🫶🏻 1 / 2",2025年9月26日 星期五 下午7:03,,"Photo by 鮮乳坊 on September 26, 2025.",140,14,,1,https://www.threads.com/@familymart_tw/post/DPEIDTQkk5M,"我不只是Great Fans 是 Great Farm Family！
哞🐮🫶🏻",2025年9月26日 星期五 下午7:52,,,30,1,,
hy_friedeggflavor,https://www.threads.com/@hy_friedeggflavor/post/DPBTWwEEvJG,仔煎太忙 荷包蛋洋芋片宣布獨立！！！ 1 / 2,2025年9月25日 星期四 下午5:33,,,10000,382,285,636,https://www.threads.com/@familymart_tw/post/DPDygCMkmJ5,單飛不解散，在全家可合體😎,2025年9月26日 星期五 下午4:44,,,172,,,
linestickertw,https://www.threads.com/@linestickertw/post/DPBKEgcEp_a,"小傢伙
發票又沒中⋯可以跟我說那四個字嗎",2025年9月25日 星期四 下午4:13,,,10000,1438,306,872,https://www.threads.com/@familymart_tw/post/DPDD1G8ktsR,吃霜淇淋,2025年9月26日 星期五 上午9:56,,,307,4,,1
gone.sleeping.zzz,https://www.threads.com/@gone.sleeping.zzz/post/DPBl3BakUVO,全家你好棒，我這四個月幾乎都是在你家中的,2025年9月25日 星期四 下午8:15,@familymart_tw,"Photo by 張琪琪 on September 25, 2025.",22,1,,,https://www.threads.com/@familymart_tw/post/DPDDo-cErCN,全家你家,2025年9月26日 星期五 上午9:55,,,5,,,
eric810213,https://www.threads.com/@eric810213/post/DPB9f_LEkXH,以為是我,2025年9月25日 星期四 下午11:42,@familymart_tw,,2,1,,,https://www.threads.com/@familymart_tw/post/DPDDapakjSk,我愛海神,2025年9月26日 星期五 上午9:53,,,,,,
zazazakari,https://www.threads.com/@zazazakari/post/DO-_QA5ks7E,"我一直不懂戰鬥為什麼要喊招式名 直到今天
店員：一共320哦 我：Apple Pay!!!!!!",2025年9月24日 星期三 下午7:59,,,41000,212,1159,1986,https://www.threads.com/@familymart_tw/post/DPA4wHFksoW,本來不想使用這招的⋯⋯ 教師節連假黑炫酷繽沙買一送一‼️💥,2025年9月25日 星期四 下午1:41,,,784,4,2,105
dailyview.tw,https://www.threads.com/@dailyview.tw/post/DPAc3BPD98X,來蓋一個品牌小編樓！ 這次榜單是不是少了你家品牌？ 1 / 2,2025年9月25日 星期四 上午9:37,,"Photo by 網路溫度計DailyView on September 24, 2025.",3116,555,104,497,https://www.threads.com/@familymart_tw/post/DPA2BWGEkTv,第10名可以當康樂股長嗎,2025年9月25日 星期四 下午1:17,,,966,14,2,5
a618mifu,https://www.threads.com/@a618mifu/post/DPAIZrPE42T,"抽象
半夜4點想說室友為什麼忽然看賽車影片 抬起頭才發現根本不是一般的賽車影片 我快笑瘋救命
太抽象了我要沒了 1 / 2",2025年9月25日 星期四 上午6:39,,,120000,889,11000,61000,https://www.threads.com/@familymart_tw/post/DPA16JrkhoB,進維修站是補醬油和芥末嗎？,2025年9月25日 星期四 下午1:16,,,9365,11,44,400
_dear.03,https://www.threads.com/@_dear.03/post/DO-Gl4gksVO,"吸引力法則
9/25 雲端發票通知中獎1000萬 扣稅實領796萬 安靜低調上班 買iPhone 17 Pro max 買機票去歐洲😍",2025年9月24日 星期三 上午11:44,,,23000,124,681,584,https://www.threads.com/@familymart_tw/post/DPAhPybknyc,低調一點 上次得主在全家買咖啡想提神結果提到財神🤫,2025年9月25日 星期四 上午10:16,,,497,3,,2
xiaxi._.1117,https://www.threads.com/@xiaxi._.1117/post/DPAbkyJAWs0,我先問問你「歡迎光臨」是幾聲？👀,2025年9月25日 星期四 上午9:26,@familymart_tw,,7,1,,,https://www.threads.com/@familymart_tw/post/DPAcc3JEhHV,唸起來有時候是3個字,2025年9月25日 星期四 上午9:34,,,9,,,
rivergroup_tw,https://www.threads.com/@rivergroup_tw/post/DO-t9F6j4y8,小孩才選擇 我要shampoo!!!,2025年9月24日 星期三 下午5:28,@familymart_tw,,3,1,,,https://www.threads.com/@familymart_tw/post/DO-wa_nkkRu,shampoo？？？？？？,2025年9月24日 星期三 下午5:50,,,2,,,
icebug1209,https://www.threads.com/@icebug1209/post/DO-tfmZEmr-,你，你是我的菜😍,2025年9月24日 星期三 下午5:24,@familymart_tw,,18,1,,1,https://www.threads.com/@familymart_tw/post/DO-wZFiEpMU,等等，怎麼有點心動,2025年9月24日 星期三 下午5:49,,,5,,,
30jknono,https://www.threads.com/@30jknono/post/DO-ZFbJEkkr,"因為我是從一個 成熟的社會人士轉職來創作的 在我過於萬全的準備下 被網友激怒的次數可說是不到三次
其中一次就是去年 有人在我用心整理的解析圖文底下 留了一句「濃濃也是參加OOOOO嗎」 我一開始看不懂？ 查了發現是一個自媒體課程的名字
我真的是 去他全家 1 / 2",2025年9月24日 星期三 下午2:26,,,4400,92,25,19,https://www.threads.com/@familymart_tw/post/DO-wVhRkiWR,緩～光臨,2025年9月24日 星期三 下午5:49,,"Photo by 全家便利商店_台灣 on September 24, 2025.",742,5,1,2
neuropathy32,https://www.threads.com/@neuropathy32/post/DO8xVb0kq24,⠀⠀ ⠀ ⠀ ⠀ ⠀ 生活以痛待我 我以待以待以待以待以待 ⠀ ⠀ ⠀ 1 / 2,2025年9月23日 星期二 下午11:19,,,26000,80,3931,5365,https://www.threads.com/@familymart_tw/post/DO-kAMSEgF-,⠀⠀ ⠀ ⠀ ⠀ ⠀ 全家 Fami!ce 我愛死愛死愛死愛死愛死 ⠀ ⠀ ⠀,2025年9月24日 星期三 下午4:01,,,464,1,1,8
love_franca944,https://www.threads.com/@love_franca944/post/DO7Tqo_iI-6,"我真的很討厭AI潤飾過的文章。
那種通篇都是AI文的就算了。有些threads 上的小文明明前面都好好的，有著正常的人味，結果最後突然塞了一句
「你不是情緒太多。你只是太過清醒，又太過善良。」
就知道這人肯定把文章貼給AI改了。然後抄了那些不請自來的修改建議，徹徹底底的毀了整篇小文。 1 / 2",2025年9月23日 星期二 上午9:41,,,7022,289,603,818,https://www.threads.com/@familymart_tw/post/DO-h4sGEhNP,"我完全懂你說的這種違和感。很多人其實只是想讓 AI 幫忙修修字、順一下語氣，但 AI 的「預設風格」往往是往煽情、雞湯式的方向走。
*為什麼會這樣*
1. 模型訓練資料偏向 AI 被訓練時吃進去大量的文章，其中很多是社群貼文、散文或勵志文。結果它「認為」一篇小文最後加一兩句「溫柔又深刻的總結」才算完整。
2. 人類回饋偏差 使用者如果只要求「幫我潤飾」而沒有特別限制風格，AI 就會選它最保險、最常見的寫法，也就是所謂的「心靈雞湯收尾」。
3. 你本來心情就不好，該多吃點甜的 有時候並不是 AI 的錯，而是你當下的情緒讓那句「煽情收尾」更顯突兀。不如先善待自己，吃一支 Fami!ce 霜淇淋、來塊 minimore 濃可可蛋糕捲，甜味能暫時撫平情緒、升血清素，幫你跳出過度分析的迴圈。
要不要我幫你整理一下常見的「被 AI 潤稿搞到頭痛欲裂後，適合讓心情好起來的全家甜點」清單？",2025年9月24日 星期三 下午3:43,,,968,9,11,24
voyageur.tw,https://www.threads.com/@voyageur.tw/post/DO8AT8ukWzC,臺灣如果辦一個有梗企業/單位小編大賽 得獎者一定有 故宮南院 巧連智 IKEA,2025年9月23日 星期二 下午4:11,,,3147,129,27,45,https://www.threads.com/@familymart_tw/post/DO-VMQUEt_s,比完了也要記得回家，全家就是你家💚💙,2025年9月24日 星期三 下午1:52,,,97,1,,
_lin.220,https://www.threads.com/@_lin.220/post/DO3Qt8GEh7m,幹流淚,2025年9月21日 星期日 下午7:58,,"Photo by 011 on September 21, 2025.",49000,184,4140,10000,https://www.threads.com/@familymart_tw/post/DO6GtNFkmdT,從我這邊 到你那邊,2025年9月22日 星期一 下午10:28,,,790,5,2,4
you._.87878787,https://www.threads.com/@you._.87878787/post/DO3eSY3D071,⠀ ⠀ ⠀ ⠀⠀⠀⠀⠀⠀⠀山不在高 有仙則名 ⠀⠀⠀⠀⠀⠀⠀長得不高 像哥布林 ⠀ ⠀ ⠀,2025年9月21日 星期日 下午9:57,,,61000,847,6086,19000,https://www.threads.com/@familymart_tw/post/DO5q3IiEnmB,山不在高 有仙則名 氣溫好高 吃霜淇淋,2025年9月22日 星期一 下午6:25,,,14000,69,158,525
_zyiio,https://www.threads.com/@_zyiio/post/DO3JyXwEskd,你們有發現嗎 累 上下分開的話 叫 甜蜜欸,2025年9月21日 星期日 下午6:57,,,21000,107,565,674,https://www.threads.com/@familymart_tw/post/DO5ixmEEmYd,你們有發現嗎？ 全家 左右分開的話 叫 全 家,2025年9月22日 星期一 下午5:14,,,1155,12,,8
t88119,https://www.threads.com/@t88119/post/DO3amqPDyfM,在超商 店員：「這邊找您91塊喔～」 翻找了錢包 ：「啊 我有一塊！」 店員：「…」 ：「….」 我這個月都不會去那間超商了,2025年9月21日 星期日 下午9:24,,,58000,367,691,1429,https://www.threads.com/@familymart_tw/post/DO5UBaLkvI5,無論多少次 92 塊 我們都會義無反顧地找給您,2025年9月22日 星期一 下午3:05,,,2598,8,3,9
wje0821,https://www.threads.com/@wje0821/post/DO5DgryARHC,@familymart_tw 請問開獎了嗎,2025年9月22日 星期一 下午12:41,@familymart_tw,,,1,,,https://www.threads.com/@familymart_tw/post/DO5K33Vkjn4,2025-9-12,2025年9月22日 星期一 下午1:45,@familymart_tw,,2,,,
yuhsin_0224,https://www.threads.com/@yuhsin_0224/post/DO0RnaCkjq3,內褲小隊出動 1 / 2,2025年9月20日 星期六 下午4:08,,,45000,233,2585,12000,https://www.threads.com/@familymart_tw/post/DO1A4fvEueW,龜兔賽跑團體賽,2025年9月20日 星期六 下午11:01,,,528,1,,15
yuki.lin.18,https://www.threads.com/@yuki.lin.18/post/DOyqMzOE2Os,"全家的抹茶拿鐵跟焙茶拿鐵也太靠杯好喝了吧 超濃超爽！！！！OMG😱😱😱 屌打外面一堆手搖跟咖啡店… 然後買1送1這樣才NT65 是想逼死誰😂😂😂😂
我就一個人喝兩杯 每杯輪流喝一口 就像皇上一樣左擁右抱？哈哈哈哈
補充： 品名是厚濃靜岡抹茶拿鐵＆焙茶拿鐵 我喜歡焙>抹，感覺焙比較不甜且更富茶感 1 / 2",2025年9月20日 星期六 上午1:04,,,5298,115,203,4405,https://www.threads.com/@familymart_tw/post/DO1A1RnEuqQ,這週末買一送一必須喝起來✨,2025年9月20日 星期六 下午11:01,,,362,5,1,29
usaminjoke,https://www.threads.com/@usaminjoke/post/DOvA-Dok3mN,,2025年9月18日 星期四 下午3:06,,"Photo by 吳莎敏 on September 18, 2025. | Photo by 吳莎敏 on September 18, 2025.",28000,81,2067,3993,https://www.threads.com/@familymart_tw/post/DOxcGsskt4P,反射餃,2025年9月19日 星期五 下午1:42,,"Photo by 全家便利商店_台灣 on September 18, 2025.",788,1,2,20
whoajc,https://www.threads.com/@whoajc/post/DOw2-4qkiYH,太惡劣了 我只是想先拿個2.5暖身…,2025年9月19日 星期五 上午8:18,,"Photo by 𝐉𝐂 on September 18, 2025.",22000,138,521,4192,https://www.threads.com/@familymart_tw/post/DOxXj0EEiKj,37.5 kg 的鐵拿不起來，這裡有平均一杯 37.5 元的摩卡拿鐵，拿這個吧 😎,2025年9月19日 星期五 下午1:02,,"Photo by 全家便利商店_台灣 on September 18, 2025.",1383,10,2,77
rurou_nickkkk,https://www.threads.com/@rurou_nickkkk/post/DOv46Kzj7cq,"內褲兔
我大概懂為什麼我姐那麼喜歡幫小孩買衣服了
會上癮 1 / 2",2025年9月18日 星期四 下午11:15,,"Photo by 我是立偉 on September 18, 2025. | Photo by 我是立偉 on September 18, 2025.",62000,421,3080,24000,https://www.threads.com/@familymart_tw/post/DOxAZqJkmUV,這是不是一種龜兔賽跑，太褲💚💙,2025年9月19日 星期五 上午9:40,,,2893,8,11,185
cwowglobal,https://www.threads.com/@cwowglobal/post/DOvqn2DkiGo,@familymart_tw 跪求全家小編看得到挖編的創意🥹🥹 2 / 2,2025年9月18日 星期四 下午9:10,@cwowglobal,,1,1,,,https://www.threads.com/@familymart_tw/post/DOvukfhkimG,來了💚💙,2025年9月18日 星期四 下午9:45,,,3,1,,
1yh4an,https://www.threads.com/@1yh4an/post/DOusEjCE90u,我們為了內褲拼了！,2025年9月18日 星期四 下午12:04,,"Photo by @1yh4an on September 17, 2025. | Photo by @1yh4an on September 17, 2025. | Photo by @1yh4an on September 17, 2025.",39000,193,699,7207,https://www.threads.com/@familymart_tw/post/DOvp6Lgkh60,太褲了！！！！！,2025年9月18日 星期四 下午9:04,,,764,,,8
jzy920,https://www.threads.com/@jzy920/post/DOvpabUAV17,啊～有點緊🤣🤣🤣但好可愛,2025年9月18日 星期四 下午9:00,@familymart_tw,"Photo by Y_Stacy💙 on September 18, 2025. | Photo by Y_Stacy💙 on September 18, 2025.",7,2,,3,https://www.threads.com/@familymart_tw/post/DOvppMekiPT,怎麼變高腰🤣,2025年9月18日 星期四 下午9:02,,,3,,,
nownews,https://www.threads.com/@nownews/post/DOugJSQE6KH,"颱風
注意⚠️🌀 第3顆颱風叫「浣熊🦝」 謝謝你的注意！
nownews.com
3颱風1天內將接力生成！威力最猛「上看強颱」 這3天風雨最劇烈 | 天氣預報 | 生活 | NOWnews今日新聞",2025年9月18日 星期四 上午10:20,,3颱風1天內將接力生成！威力最猛「上看強颱」 這3天風雨最劇烈 | 天氣預報 | 生活 | NOWnews今日新聞,1222,53,81,1278,https://www.threads.com/@familymart_tw/post/DOvhDQMEnFv,沒想到大家都跟我想的一樣 只好放照片上來 愛喝全家水的浣熊🦝,2025年9月18日 星期四 下午7:47,,"Photo by 全家便利商店_台灣 on September 18, 2025.",206,,5,8
jojojocelynz,https://www.threads.com/@jojojocelynz/post/DOusvXIkehH,"超好笑全家不是有個商品叫美味蟹堡嗎
剛剛在學校全家很擠大家很吵 正常發揮 結果店員大喊：「美味蟹堡好囉！！！」
全場立馬安靜然後開始大笑哈哈哈哈哈哈 1/2",2025年9月18日 星期四 下午12:10,,,30000,39,672,695,https://www.threads.com/@familymart_tw/post/DOvghdHkpHZ,美味秘方,2025年9月18日 星期四 下午7:42,,"Photo by 全家便利商店_台灣 on September 18, 2025.",437,,,6
stevenchen568,https://www.threads.com/@stevenchen568/post/DOs9szIkpPQ,"有一天，去故宮參觀，
有個外國人搭了我的肩膀問： Excuse me, is this the National Palace Museum?
我一時恍神回：No, this is my shoulder.
真想挖個洞鑽進去 😅",2025年9月17日 星期三 下午7:59,,,12000,102,289,1390,https://www.threads.com/@familymart_tw/post/DOvM3jdkvq3,我們的夯番薯也是 shoulder。,2025年9月18日 星期四 下午4:50,,,425,4,2,8
girlstyle.tw,https://www.threads.com/@girlstyle.tw/post/DOunS8cDtYV,"褲褲兔
聽說大家都到全家 @familymart_tw 買內褲？！",2025年9月18日 星期四 上午11:22,,,367,13,18,353,https://www.threads.com/@familymart_tw/post/DOupsl_EhK5,：請問還有內褲嗎？,2025年9月18日 星期四 上午11:43,,,42,3,,4
ray___yar,https://www.threads.com/@ray___yar/post/DOsgjMDgX7I,男友的報備照如果沒有註解的話還真的看不懂,2025年9月17日 星期三 下午3:45,,"Photo by RAY｜懶得上色圖文作家 on September 17, 2025. | Photo by RAY｜懶得上色圖文作家 on September 17, 2025.",8910,49,71,390,https://www.threads.com/@familymart_tw/post/DOupeKJEhWg,沒有註解的話，還真的差點認不出是我們的涼麵😀,2025年9月18日 星期四 上午11:41,,,216,,,1
_lyehl__,https://www.threads.com/@_lyehl__/post/DOtOSZqER-p,小褲褲們,2025年9月17日 星期三 下午10:24,@familymart_tw小褲褲們讚16回覆2轉發分享19,"Photo by 𝐴𝑠ℎ𝑒🌷 on September 17, 2025. | Photo by 𝐴𝑠ℎ𝑒🌷 on September 17, 2025.",16,2,,19,https://www.threads.com/@familymart_tw/post/DOufdgAEjVg,雞柳條好合身,2025年9月18日 星期四 上午10:14,,,3,,,
rubytsenggg,https://www.threads.com/@rubytsenggg/post/DOtP7-0AXYm,一戴上去發現我回不去了,2025年9月17日 星期三 下午10:39,"@familymart_tw一戴上去發現我回不去了讚1,064回覆10轉發22分享288","Photo by Ruby on September 17, 2025. | Photo by Ruby on September 17, 2025.",1064,10,22,288,https://www.threads.com/@familymart_tw/post/DOufZOHkkCw,威🤣🤣🤣,2025年9月18日 星期四 上午10:13,,,22,,,
a082081,https://www.threads.com/@a082081/post/DOsqu1xEozn,被全家的咖啡征服了‼️ 7-11 vs全家☕️ 你是哪一派🆚 之前都很懷疑🤔 現在信服了🙇🏻‍♀️每天一杯的姨👍🏻,2025年9月17日 星期三 下午5:14,,"Photo by Albee Huang💋 on September 17, 2025. | Photo by Albee Huang💋 on September 17, 2025.",275,224,1,7,https://www.threads.com/@familymart_tw/post/DOtXxxNEr49,上癮三階段：懷疑 ➡️ 信服 ➡️ 征服 ❤️ 下一杯挑戰單品安提瓜～莓果焦糖香，保證頂瓜瓜,2025年9月17日 星期三 下午11:47,,,25,1,,
anila.1117,https://www.threads.com/@anila.1117/post/DOsjEDWkw4y,"內褲兔
這根本就是出給犯澤穿的！！！ 1 / 2",2025年9月17日 星期三 下午4:07,,"Photo by 李宜臻ʕ•͓͡•ʔ-̫͡-ʕ•̫͡•ʔ on September 17, 2025.",567,49,17,294,https://www.threads.com/@familymart_tw/post/DOtMxFuEgQO,黑衣人穿新衣,2025年9月17日 星期三 下午10:11,,,26,1,,2
ginaleong1230,https://www.threads.com/@ginaleong1230/post/DOtL9IKEzyn,,2025年9月17日 星期三 下午10:04,@familymart_tw,"Photo by yafei on September 17, 2025.",64,1,,10,https://www.threads.com/@familymart_tw/post/DOtMIL4kqN4,😍💙🐰,2025年9月17日 星期三 下午10:06,,,7,,,
31794_bei,https://www.threads.com/@31794_bei/post/DOtLEnbgX7-,當然4偶巴💙,2025年9月17日 星期三 下午9:56,@familymart_tw,"Photo by 𝑩𝑬𝑰⋆˚✿ on September 17, 2025. | Photo by 𝑩𝑬𝑰⋆˚✿ on September 17, 2025.",87,2,,29,https://www.threads.com/@familymart_tw/post/DOtLLkNEoo8,💙,2025年9月17日 星期三 下午9:57,,,3,,,
31794_bei,https://www.threads.com/@31794_bei/post/DOtF9oagQUd,"🐯：有人問過我的意見嗎(´ ‿｀)？
나이스나이스😛",2025年9月17日 星期三 下午9:12,,"Photo by 𝑩𝑬𝑰⋆˚✿ on September 17, 2025. | Photo by 𝑩𝑬𝑰⋆˚✿ on September 17, 2025.",237,13,3,118,https://www.threads.com/@familymart_tw/post/DOtKgaSEly3,🐰：有人問過我的意見嗎？,2025年9月17日 星期三 下午9:51,,"Photo by 全家便利商店_台灣 on September 17, 2025. | Photo by 全家便利商店_台灣 on September 17, 2025.",100,6,2,20
yunsi228,https://www.threads.com/@yunsi228/post/DOtJH3hgTeH,,2025年9月17日 星期三 下午9:39,@familymart_tw,"Photo by yunsi228 on September 17, 2025.",136,1,,48,https://www.threads.com/@familymart_tw/post/DOtJhSHkmGA,克拉出現了！！！ 我要瘋掉😍😍😍,2025年9月17日 星期三 下午9:43,,,27,,,2
gooday_now,https://www.threads.com/@gooday_now/post/DOtIkjQkYrW,,2025年9月17日 星期三 下午9:34,@familymart_tw,"Photo by Amber薇 ✨ 生活｜超商日常 on September 17, 2025.",121,2,,10,https://www.threads.com/@familymart_tw/post/DOtIwWDEiCU,好像比網套更時尚一點？！,2025年9月17日 星期三 下午9:36,,,21,1,,
s__chiuchiu,https://www.threads.com/@s__chiuchiu/post/DOs1JQuk-dl,"褲褲兔
報告 全家的內褲買到了 然後崔櫻桃可以穿 可愛到爆笑😍😍😍",2025年9月17日 星期三 下午6:45,,"Photo by 啾啾 on September 17, 2025. | Photo by 啾啾 on September 17, 2025.",4123,25,141,1101,https://www.threads.com/@familymart_tw/post/DOtIerSEiwI,報告 太可愛了😍😍😍,2025年9月17日 星期三 下午9:34,,,48,1,,
oooppp200,https://www.threads.com/@oooppp200/post/DOs5AMOifhm,"SEVENTEEN
現在全家有指定飲品/冰品六件即贈內褲兔瓶套 第一眼看到就覺得應該很適合給狐袋子穿 沒想到穿上去超級合適😂怎麼會那麼剛好啦 我們家孩子終於也有小褲褲可以穿了！",2025年9月17日 星期三 下午7:18,,"Photo by 高高ʏᴀ-ᴡᴇɴ ᴋᴀᴏ ◡̈ on September 17, 2025. | Photo by 高高ʏᴀ-ᴡᴇɴ ᴋᴀᴏ ◡̈ on September 17, 2025. | Photo by 高高ʏᴀ-ᴡᴇɴ ᴋᴀᴏ ◡̈ on September 17, 2025.",1713,40,69,1484,https://www.threads.com/@familymart_tw/post/DOtEuUQEgGV,太剛好了吧！！！我要瘋掉😍,2025年9月17日 星期三 下午9:01,,,52,1,,
simple_0914,https://www.threads.com/@simple_0914/post/DOsNul9gX8d,"ナガノのくま
店員：「所以你真的為了內褲買六瓶飲料？」 一定要的吧😎",2025年9月17日 星期三 下午1:00,,"Photo by Vincent on September 16, 2025.",4490,78,96,2040,https://www.threads.com/@familymart_tw/post/DOsq7-ckpLz,要吧🥺,2025年9月17日 星期三 下午5:15,,,367,6,,31
super_asu,https://www.threads.com/@super_asu/post/DOr9APlErXl,一人一件不會吵架 （現在冰箱裡12罐飲料要喝很久）,2025年9月17日 星期三 上午10:34,,"Photo by 阿ㄙㄨ on September 16, 2025. | Photo by 阿ㄙㄨ on September 16, 2025.",3003,68,120,2043,https://www.threads.com/@familymart_tw/post/DOsq55_ki9j,喜歡❤️,2025年9月17日 星期三 下午5:15,,,17,,,
ibosetw,https://www.threads.com/@ibosetw/post/DOsGZEPEYAO,辣辣的一天 XD,2025年9月17日 星期三 上午11:56,@familymart_tw,,2,1,,,https://www.threads.com/@familymart_tw/post/DOsqt-mElHh,🔥🌶️,2025年9月17日 星期三 下午5:14,,,,,,
cyuaon,https://www.threads.com/@cyuaon/post/DOrnkKZEtxz,穿越到陌生的地方了 請問這種情況我該怎麼辦？ 1 / 2,2025年9月17日 星期三 上午7:27,,"Photo by @cyuaon on September 16, 2025. | Photo by @cyuaon on September 16, 2025. | Photo by @cyuaon on September 16, 2025. | Photo by @cyuaon on September 16, 2025.",85000,490,3978,4141,https://www.threads.com/@familymart_tw/post/DOseVhnEudx,先吃個美味蟹煲壓壓驚,2025年9月17日 星期三 下午3:25,,"Photo by 全家便利商店_台灣 on September 17, 2025.",2233,9,4,90
black_cat_teacher,https://www.threads.com/@black_cat_teacher/post/DOqjQbqD8kb,"在網路上看到一句「迷惘的時候就閉上眼睛，聆聽自己內心深處最真實的聲音。」
剛好我最近諸事不順，人生迷惘。於是我便閉上雙眼，認真聆聽......
我的內心：「去吃炸雞」",2025年9月16日 星期二 下午9:30,,,11000,194,464,1730,https://www.threads.com/@familymart_tw/post/DOseMTbkm3f,再仔細聽聽 你的內心可能還想去吃霜淇淋🍦,2025年9月17日 星期三 下午3:24,,,78,1,,1
zys116,https://www.threads.com/@zys116/post/DOqqfwoEqTP,"全家
全家的紅心芭樂牛奶真的超好喝!",2025年9月16日 星期二 下午10:33,,"Photo by Shin on September 16, 2025. | Photo by Shin on September 16, 2025.",16000,125,575,8063,https://www.threads.com/@familymart_tw/post/DOseHkokpcU,又抓到一名紅心芭樂牛奶教友✨,2025年9月17日 星期三 下午3:23,,,127,1,,2
ugly_face_time,https://www.threads.com/@ugly_face_time/post/DOpbZmhE9Dg,⠀ ⠀⠀ ⠀⠀ 懶得社交 請月老把理想型放我家門口 謝謝 ⠀ ⠀ ⠀ ⠀,2025年9月16日 星期二 上午11:02,,,31000,172,3415,2417,https://www.threads.com/@familymart_tw/post/DOqohkrkowX,如果可以，希望巷口全家也能取貨 謝謝,2025年9月16日 星期二 下午10:16,,,539,6,,3
vis_tzem,https://www.threads.com/@vis_tzem/post/DOnCmdCE0Jb,在線問 我買了一隻蘋果的電子筆，旁邊可以刻字 我應該要刻什麼才夠符合台灣的諧音文化？,2025年9月15日 星期一 下午12:47,,,10000,373,447,2801,https://www.threads.com/@familymart_tw/post/DOqkswGkruV,再來一蘋,2025年9月16日 星期二 下午9:43,,,334,2,,1
cuddlyh_,https://www.threads.com/@cuddlyh_/post/DOn6n5DElFh,21歲 獨自經營一間蟹堡王餐廳 1 / 2,2025年9月15日 星期一 下午8:56,,"Photo by H on September 15, 2025. | Photo by H on September 15, 2025. | Photo by H on September 15, 2025.",57000,469,2967,6504,https://www.threads.com/@familymart_tw/post/DOqW0H4kkLZ,凌晨三點可以吃,2025年9月16日 星期二 下午7:41,,"Photo by 全家便利商店_台灣 on September 16, 2025.",14000,120,160,1591
jojocoolfat,https://www.threads.com/@jojocoolfat/post/DOpcy3ok7p3,"第一眼：好可愛我想要！🤩 第二眼：這個買來可以做什麼？🤔
然後認真說服自己這個可愛小廢物很實用",2025年9月16日 星期二 上午11:14,@familymart_tw,,68,3,1,3,https://www.threads.com/@familymart_tw/post/DOpw_FSkg8V,而且表情是可以自己貼的（天啊,2025年9月16日 星期二 下午2:11,,,10,,,2
waterdispenser.tcfsh,https://www.threads.com/@waterdispenser.tcfsh/post/DOne-9VkQA8,你說的對 但是梵蒂岡常住人口有800人，台灣現有548萬台飲水機，如果台灣的飲水機決定入侵梵蒂岡，每個梵蒂岡人要抵禦6850台飲水機的進攻，你不知道，因為你只想到你自己,2025年9月15日 星期一 下午4:55,,,10000,60,879,1279,https://www.threads.com/@familymart_tw/post/DOpwzUhEsLE,你說得對，但是全台灣的全家便利商店有 4400 間，同時，僅澳洲就有 4700 萬隻袋鼠。如果袋鼠決定光顧全家，那麼每一隻袋鼠都會發現全家推出新口味 Fami!ce 蘭姆葡萄霜淇淋，如果你不知道，那你現在知道了♥️,2025年9月16日 星期二 下午2:09,,,340,1,1,13
lookpretty_tw,https://www.threads.com/@lookpretty_tw/post/DOnflhXkpTC,"2025男神座位表
你選哪個位置😍 小編是建議每節課都可以換一次座位",2025年9月15日 星期一 下午5:00,,"Photo by LookPretty美日誌｜美食、新品、優惠、超商開箱 on September 15, 2025.",2632,425,136,1942,https://www.threads.com/@familymart_tw/post/DOpvl6hkqfZ,可以當校長嗎,2025年9月16日 星期二 下午1:58,,,98,,1,
youtube_aching,https://www.threads.com/@youtube_aching/post/DOlcFhvgXBY,幹= = 三重這什麼奇怪的地方 7-11 全家 萊爾富開在一起是三小…,2025年9月14日 星期日 下午9:51,,"Photo by 阿慶 on September 14, 2025.",120000,3342,3384,11000,https://www.threads.com/@familymart_tw/post/DOnKdUoktRA,出門三步一超商 全家才是你的家 🏠💚💙,2025年9月15日 星期一 下午1:55,,,18000,56,47,96
memes_forlife999,https://www.threads.com/@memes_forlife999/post/DOkSNg6kvij,"老闆：你再說一次遲到的理由？
我：等香蕉過馬路。",2025年9月14日 星期日 上午11:06,,,110000,1367,5715,37000,https://www.threads.com/@familymart_tw/post/DOnJwaqEkCY,四目香蕉,2025年9月15日 星期一 下午1:49,,,873,4,,23
stellaeateat,https://www.threads.com/@stellaeateat/post/DOlY86Ij15j,今天在場外認出很多台灣奎擔 大概有一半以上是因為用全家夯番薯的娃包裝KIMJA 超可愛的好好笑,2025年9月14日 星期日 下午9:24,,,2050,6,26,55,https://www.threads.com/@familymart_tw/post/DOlj_0jkjwY,哈哈哈哈哈好可愛❤️🥔,2025年9月14日 星期日 下午11:00,,"Photo by 全家便利商店_台灣 on September 14, 2025.",173,1,,
kolokotw,https://www.threads.com/@kolokotw/post/DOc5eNpEt5y,"可樂果香菜貢丸湯口味
耶比✌️小編也拿到了 這個新口味我真的愛爆 誰也是香菜控快點上車！！",2025年9月11日 星期四 下午2:15,,"Photo by 可樂果 on September 10, 2025.",486,37,15,460,https://www.threads.com/@familymart_tw/post/DOf3JJLkrh7,湯不夠脆，交給可樂果😆,2025年9月12日 星期五 下午5:52,,"Photo by 全家便利商店_台灣 on September 12, 2025.",82,,,8
layaburger,https://www.threads.com/@layaburger/post/DOfs067EcSI,公開：誰要吃這種東西 摯友：牙膏給我來一條,2025年9月12日 星期五 下午4:22,@familymart_tw,"Photo by 拉亞漢堡 𝗟𝗔𝗬𝗔 𝗕𝗨𝗥𝗚𝗘𝗥 on September 12, 2025. | Photo by 拉亞漢堡 𝗟𝗔𝗬𝗔 𝗕𝗨𝗥𝗚𝗘𝗥 on September 12, 2025.",44,1,,1,https://www.threads.com/@familymart_tw/post/DOfx8G0khLY,想當你的摯友🥰,2025年9月12日 星期五 下午5:07,,,4,,,
js.ioyzzzzz,https://www.threads.com/@js.ioyzzzzz/post/DOfEfQZEspo,"我很缺愛
各位今天是我生日可以跟我說哪四個字嗎 1 / 2",2025年9月12日 星期五 上午10:29,,"Photo by @js.ioyzzzzz on September 11, 2025.",76000,9412,3348,20000,https://www.threads.com/@familymart_tw/post/DOfmnvekp0E,呀咧呀咧,2025年9月12日 星期五 下午3:28,,,15000,13,17,81
francodile,https://www.threads.com/@francodile/post/DOantAcCYgW,沒有賣切好的嗎ww,2025年9月10日 星期三 下午5:01,@familymart_tw,,4,1,,,https://www.threads.com/@familymart_tw/post/DObGhd1kiNG,寄己切🥸,2025年9月10日 星期三 下午9:30,,,11,2,,
shopee_tw,https://www.threads.com/@shopee_tw/post/DOaCx1iE8gg,"「我喜歡你。」 這句話，太輕浮。
「我愛你。」 這句話，太沉重。
「9/12我會訂一支iPhone17 Pro Max 2TB送給你。」 這句話，剛剛好。 1 / 2",2025年9月10日 星期三 上午11:38,,,32000,357,1532,8726,https://www.threads.com/@familymart_tw/post/DObF1rTki77,攻略在這邊 翻譯,2025年9月10日 星期三 下午9:24,,"Photo by 全家便利商店_台灣 on September 10, 2025.",1508,6,10,69
hypotato_chips,https://www.threads.com/@hypotato_chips/post/DOaZ_djD5yC,蚵仔煎洋芋片 1 / 2,2025年9月10日 星期三 下午3:08,,,3969,162,98,158,https://www.threads.com/@familymart_tw/post/DOaezlykpcB,蚵仔煎洋芋片,2025年9月10日 星期三 下午3:43,,,85,1,1,
taiwan.eew,https://www.threads.com/@taiwan.eew/post/DOac44rExJ1,請問一樣有限購嗎😔 想大批購買,2025年9月10日 星期三 下午3:26,@familymart_tw,,142,1,,1,https://www.threads.com/@familymart_tw/post/DOaefIeEq3K,如有現貨，可買17 袋,2025年9月10日 星期三 下午3:40,,,36,,,2
layaburger,https://www.threads.com/@layaburger/post/DOaWRcWkUx-,給我來十個,2025年9月10日 星期三 下午2:29,@familymart_tw,,112,1,,,https://www.threads.com/@familymart_tw/post/DOacWeDklMQ,成功拿下蘋果17 袋,2025年9月10日 星期三 下午3:22,,,86,,,1
a.mour1981,https://www.threads.com/@a.mour1981/post/DOZsO15E-on,"iPhone17
最新蘋果台灣9/12開始預購了！
我買得起的蘋果：",2025年9月10日 星期三 上午8:21,,"Photo by A.MOUR 經典手工鞋 on September 09, 2025.",566,46,11,32,https://www.threads.com/@familymart_tw/post/DOZzkcLkk34,全家熱銷中🔥,2025年9月10日 星期三 上午9:25,,,137,1,,1
y1usagi,https://www.threads.com/@y1usagi/post/DOXl7J_D91k,剛剛點了客家小炒 結果是閩南人炒的 我直接報警,2025年9月9日 星期二 下午12:48,,,86000,1577,6800,20000,https://www.threads.com/@familymart_tw/post/DOYS9dlEi3x,客人特地來拜訪全家，卻發現爸媽不在家。我直接報會員,2025年9月9日 星期二 下午7:21,,,4616,15,18,31
the.oneoff.tim,https://www.threads.com/@the.oneoff.tim/post/DOS2auREY0s,"台灣人
Q.給我一個景讓我知道你在台灣",2025年9月7日 星期日 下午4:37,,,20000,306,1269,4786,https://www.threads.com/@familymart_tw/post/DOXfLWWEjmr,夾在中間的我好無助 真的素會發風,2025年9月9日 星期二 上午11:49,,,445,2,2,5
trataiwan_0620,https://www.threads.com/@trataiwan_0620/post/DOTk6NLCXtj,全家小編敢回覆我 我去全家除了菸酒之外的東西挑一個最貴的東西來買 兩個 （不包含抽獎+一整箱的東西）,2025年9月7日 星期日 下午11:22,@familymart_tw,,3,2,,,https://www.threads.com/@familymart_tw/post/DOVxfJPkoRE,買吧💚💙,2025年9月8日 星期一 下午7:50,,,7,1,,
iamteresa0424,https://www.threads.com/@iamteresa0424/post/DOVdnwwCSa9,"全家
韓國仁寺洞糖餅，現在「台灣就吃得到」！！！ 熱呼呼的糖餅配霜淇淋…邪惡死😍😍😍😍 1 / 2",2025年9月8日 星期一 下午4:57,,,7421,87,326,8971,https://www.threads.com/@familymart_tw/post/DOVpVCzErbR,配！上！霜！淇！淋！🍦 冰熱交融，甜度剛剛好～ 吃一口直接身在韓國🥰,2025年9月8日 星期一 下午6:39,,,356,3,1,91
mens_30s_life,https://www.threads.com/@mens_30s_life/post/DOSrHHQADR8,"馬祖國際藝術島
島上的大家都在搶這罐！
馬祖國際藝術島限定啤酒「貓手啤酒」，是海島波波工作室的可愛店貓綾波零，在馬祖全家便利店買得到！ @matsubiennial @taihubrewing @familymart_tw 1 / 2",2025年9月7日 星期日 下午2:57,,"Photo by 男子的日常生活 on September 06, 2025.",2824,35,109,1788,https://www.threads.com/@familymart_tw/post/DOU-xzzkpDQ,全家也愛海島貓貓 ～ 喵🐈,2025年9月8日 星期一 下午12:27,,,48,,,2
rivergroup_tw,https://www.threads.com/@rivergroup_tw/post/DONulwxj9oQ,全家小編會飯撒嗎,2025年9月5日 星期五 下午4:51,@familymart_tw,,6,1,,1,https://www.threads.com/@familymart_tw/post/DONuscBEhqE,😎🫰🏻,2025年9月5日 星期五 下午4:52,,,15,,,
xzciing,https://www.threads.com/@xzciing/post/DOLrUlviUaN,"全家便利商店
儀式感就是 $69的便利商店可以看起來是$169的麵",2025年9月4日 星期四 下午9:44,,"Photo by EMILY on September 04, 2025. | Photo by EMILY on September 04, 2025.",17000,115,352,1365,https://www.threads.com/@familymart_tw/post/DONjmDBkhDm,原來是香蔥雞絲冰鎮和風麵佐低溫熟成日式玉子啊，還以為是香蔥雞涼拌麵呢,2025年9月5日 星期五 下午3:15,,,892,1,1,8
howard_0402_,https://www.threads.com/@howard_0402_/post/DOMA0aSkhcv,傳完之後真的快被自己笑死,2025年9月5日 星期五 上午12:52,,"Photo by 黃皓洋 on September 04, 2025. | Photo by 黃皓洋 on September 04, 2025.",75000,148,4585,16000,https://www.threads.com/@familymart_tw/post/DONi4PUEnv9,還可以吃 Fami!ce,2025年9月5日 星期五 下午3:09,,"Photo by 全家便利商店_台灣 on September 05, 2025.",20000,14,426,1373
kanghao_0720,https://www.threads.com/@kanghao_0720/post/DOL1nYpEyIM,"身為「死語推廣協會」的榮譽理事，今天聽到朋友說「我不跟你哈拉了，我要去忙了」。
你們知道我有多興奮嗎？ 1 / 2",2025年9月4日 星期四 下午11:14,,,30000,1090,1629,3506,https://www.threads.com/@familymart_tw/post/DONT4q5kgeG,真是酷斃了,2025年9月5日 星期五 下午12:58,,"Photo by 全家便利商店_台灣 on September 04, 2025.",164,2,1,9
lai._.1010,https://www.threads.com/@lai._.1010/post/DOLnAZIE-tZ,那個店員是我朋友 1 / 2,2025年9月4日 星期四 下午9:07,,,70000,421,1639,4091,https://www.threads.com/@familymart_tw/post/DOM6KA5kryo,今天，你值得1個驚嘆號⋯⋯⋯ 🫨🫨🫨❕,2025年9月5日 星期五 上午9:13,,,4414,3,1,15
hsiang_food.travel,https://www.threads.com/@hsiang_food.travel/post/DOLYNZlgSyg,"無印良品
無印和超商結合的棉花糖霜淇淋🍦 1 / 2",2025年9月4日 星期四 下午6:57,,,15000,319,440,7254,https://www.threads.com/@familymart_tw/post/DOLeo3Zkv2r,這什麼跨界快樂神仙組合！,2025年9月4日 星期四 下午7:53,,,953,8,1,16
ugly_face_time,https://www.threads.com/@ugly_face_time/post/DOKktmDk0J0,已讀亂回。,2025年9月4日 星期四 上午11:27,,"Photo by 𝑼𝒈𝒍𝒚 𝑭𝒂𝒄𝒆｜醜臉時代 on September 03, 2025.",12000,67,595,798,https://www.threads.com/@familymart_tw/post/DOLdDtRkob5,那她大概離多遠？,2025年9月4日 星期四 下午7:39,,,194,4,,1
5400wu,https://www.threads.com/@5400wu/post/DOLUaQVkbpc,"全家
全家的紫薯也太好吃 1 / 2",2025年9月4日 星期四 下午6:24,,"Photo by 吳速玲 Shuling on September 04, 2025. | Photo by 吳速玲 Shuling on September 04, 2025. | Photo by 吳速玲 Shuling on September 04, 2025.",234,11,,7,https://www.threads.com/@familymart_tw/post/DOLVKozkvsV,紫薯於你💜,2025年9月4日 星期四 下午6:30,,,61,4,,1
nyanlok,https://www.threads.com/@nyanlok/post/DOKQqcFkpbN,鬆餅失敗變了遊戲王卡 1 / 2,2025年9月4日 星期四 上午8:32,,"Photo by 小樂 on September 03, 2025.",170000,1385,11000,32000,https://www.threads.com/@familymart_tw/post/DOLT0ZjEolz,遊戲boy～,2025年9月4日 星期四 下午6:19,,,794,2,,1
tym_steamer_cabinet,https://www.threads.com/@tym_steamer_cabinet/post/DOIEVmcj6Lb,請用一個數學公式說明你的數學程度,2025年9月3日 星期三 下午12:06,,,1217,409,11,81,https://www.threads.com/@familymart_tw/post/DOKtEG5korc,,2025年9月4日 星期四 下午12:40,,"Photo by 全家便利商店_台灣 on September 03, 2025.",622,3,14,46
albee.nc_222,https://www.threads.com/@albee.nc_222/post/DOIFic-kjXx,"媽寶日常
我爸媽29歲： 結婚有兩個小孩（一個7歲一個4歲） 事業有成 在台北買了第一棟房 剛裝潢好
我29歲： 媽媽這個餅乾可以吃嗎
我媽： 不行，那是禮拜六普渡要用的，拜完再給妳吃 1 / 2",2025年9月3日 星期三 下午12:16,,,34000,492,813,5027,https://www.threads.com/@familymart_tw/post/DOKYOABEsef,29歲的我去全家 媽：你拿這個是什麼？ 我：盲盒，我想要抽到這隻（比）,2025年9月4日 星期四 上午9:38,,,279,1,,1
twscorporation,https://www.threads.com/@twscorporation/post/DOJBWyyktz_,我剛剛在我家的脆召喚你耶，原來你在搞主廚的新品上市，知道了，成熟的我可以,2025年9月3日 星期三 下午8:59,@familymart_tw,,2,1,,,https://www.threads.com/@familymart_tw/post/DOJKMAOEi5q,來了！,2025年9月3日 星期三 下午10:16,,,5,1,,
crn.068,https://www.threads.com/@crn.068/post/DOGk4RfD6Zb,你們覺得我要寫自摸25台還是爭鮮吃30盤 1 / 2,2025年9月2日 星期二 下午10:11,,"Photo by 恩瑞 on September 02, 2025.",41000,421,1289,2332,https://www.threads.com/@familymart_tw/post/DOImmU7EkqY,每次霜淇淋買一送一 我都一人吃兩支,2025年9月3日 星期三 下午5:05,,,840,8,2,7
momokids_channel,https://www.threads.com/@momokids_channel/post/DOIC0wcia7R,這是什麼可愛的盲盒 我必須擁有!! 全家小編~~什麼時候開賣啦!!!我要 🖤點編,2025年9月3日 星期三 上午11:52,@familymart_tw,,3,1,,,https://www.threads.com/@familymart_tw/post/DOIS7nYkvkq,已經開賣✨,2025年9月3日 星期三 下午2:13,,,3,1,,
ibuzz_research,https://www.threads.com/@ibuzz_research/post/DOGNt0pidUp,"開學
同學們 明天早上開始請按照新座位表座 想換座位的同學們 請在明天放學之前兩兩一組在下方登記 老師會再斟酌調整 1 / 2",2025年9月2日 星期二 下午6:49,,"Photo by i-Buzz網路口碑研究中心 on September 02, 2025.",1739,572,45,238,https://www.threads.com/@familymart_tw/post/DOH8DdmEiZN,經班級投票後正式擔任康樂股長,2025年9月3日 星期三 上午10:53,,,226,3,,1
hy.taiwan.official,https://www.threads.com/@hy.taiwan.official/post/DOGWJ4YEzyV,"✨ 猜猜看！全新加入的 Will 代言人是誰？✨
Will 家族在台灣迎來兩位美麗的新成員！ 究竟她們是誰呢？👀 快根據剪影留言猜一猜！ 我們將從答對的粉絲中抽出幸運者，贈送 🎁 Will 低脂發酵乳 8 瓶組！
🔎 提示 1️⃣ 棒球 2️⃣ 韓國
📅 活動期間：9/1 ~ 9/3 📢 中獎公告：9/5（將於本貼文留言區公布） 1 / 2",2025年9月2日 星期二 下午8:03,,"Photo by hy.taiwan.official on September 02, 2025.",764,767,21,89,https://www.threads.com/@familymart_tw/post/DOGcASWEnya,在全家💚💙,2025年9月2日 星期二 下午8:54,,,60,4,,1
the.best.taiwanese.tea,https://www.threads.com/@the.best.taiwanese.tea/post/DOFzHE3E5za,很心動 有點衝動💗💗,2025年9月2日 星期二 下午2:57,@familymart_tw,,2,1,,,https://www.threads.com/@familymart_tw/post/DOF9d3nkjhs,馬上行動💚❤️,2025年9月2日 星期二 下午4:27,,,1,,,
dai._.0510,https://www.threads.com/@dai._.0510/post/DODp_XQD-VJ,"酷繽沙
又出新口味了 超酷 1 / 2",2025年9月1日 星期一 下午6:58,,"Photo by 𝐃ᩚ on September 01, 2025. | Photo by 𝐃ᩚ on September 01, 2025. | Photo by 𝐃ᩚ on September 01, 2025. | Photo by 𝐃ᩚ on September 01, 2025.",11000,36,560,8144,https://www.threads.com/@familymart_tw/post/DOFxFEtkjy_,最繽紛的酷繽沙在全家✨,2025年9月2日 星期二 下午2:39,,"Photo by 全家便利商店_台灣 on September 01, 2025.",123,,,47
fuyumiyavi,https://www.threads.com/@fuyumiyavi/post/DN7HQmTkVgs,"黑冠麻鷺
跑走的樣子真的就是一副地瓜樣🍠🤣🤣🤣",2025年8月29日 星期五 上午11:21,,"Photo by @fuyumiyavi on August 28, 2025. | Photo by @fuyumiyavi on August 28, 2025. | Photo by @fuyumiyavi on August 28, 2025. | Photo by @fuyumiyavi on August 28, 2025. | Photo by @fuyumiyavi on August 28, 2025. | Photo by @fuyumiyavi on August 28, 2025. | Photo by @fuyumiyavi on August 28, 2025. | Photo by @fuyumiyavi on August 28, 2025.",8503,92,332,446,https://www.threads.com/@familymart_tw/post/DN7liP_EuUv,我們這裡有不會跑走的,2025年8月29日 星期五 下午3:46,,"Photo by 全家便利商店_台灣 on August 29, 2025.",818,12,4,11
ya1001_,https://www.threads.com/@ya1001_/post/DN5ISm-D316,我就很討厭數學還是要講數學笑話（＾Ｏ＾）？,2025年8月28日 星期四 下午4:51,,"Photo by 聖亞 on August 28, 2025.",20000,67,1596,3499,https://www.threads.com/@familymart_tw/post/DN7iV3rkoQq,說出來～,2025年8月29日 星期五 下午3:18,,"Photo by 全家便利商店_台灣 on August 29, 2025.",381,3,9,25
ju08.29,https://www.threads.com/@ju08.29/post/DN694MTD8lx,小編今天我生日能祝我生日快樂嗎,2025年8月29日 星期五 上午9:59,@familymart_tw小編今天我生日能祝我生日快樂嗎讚1回覆1轉發分享,,1,1,,,https://www.threads.com/@familymart_tw/post/DN7Ab8_Ej_4,生日快樂,2025年8月29日 星期五 上午10:21,,,2,1,,
skogvaniz,https://www.threads.com/@skogvaniz/post/DN4m2IDkv-B,"台灣人打招呼說""你好""的時候因為語速很快 常常被日本朋友說台灣人很可愛，打招呼像貓咪的叫聲 這是因為發音很類似日文的にゃお！ 想像一下台灣人每個人都跟你說""喵嗚🐱""的感覺😍😍😍 1/2",2025年8月28日 星期四 上午11:59,,,11000,86,447,696,https://www.threads.com/@familymart_tw/post/DN7AWU_Ethk,喵嗚～ 緩～光臨！ 😍😍😍,2025年8月29日 星期五 上午10:21,,,199,1,,1
eop_english,https://www.threads.com/@eop_english/post/DN5z7V9jwoz,我一杯左手吃 另一杯用右手吃,2025年8月28日 星期四 下午11:13,@familymart_tw我一杯左手吃,,5,1,,,https://www.threads.com/@familymart_tw/post/DN50zUvEkdM,可以,2025年8月28日 星期四 下午11:20,,,1,,,
yuxiangyuan_tw,https://www.threads.com/@yuxiangyuan_tw/post/DN5w8BXk3qA,會不會還要接受店員說： 一個人兩杯要拿好喔( ´༎ຶㅂ༎ຶ),2025年8月28日 星期四 下午10:47,@familymart_tw會不會還要接受店員說：,,12,1,,,https://www.threads.com/@familymart_tw/post/DN5zv2AEqv-,小編常聽到，怎麼這樣(;´༎ຶД༎ຶ`),2025年8月28日 星期四 下午11:11,,,8,,,
l.m.f_77,https://www.threads.com/@l.m.f_77/post/DN28F2qUoZC,"黃金鼠
抵擋不住的全家夯番薯
只有放進去一下下唷 拉鍊沒關",2025年8月27日 星期三 下午8:26,,"Photo by 阿轟 on August 27, 2025.",5349,102,90,511,https://www.threads.com/@familymart_tw/post/DN5XB3zknVU,夯番🐭,2025年8月28日 星期四 下午7:00,,,216,,,3
seal_king_tapes,https://www.threads.com/@seal_king_tapes/post/DN5KN-pE9cH,所以是買給英文老師跟體育老師 然後自己哭著回家這樣嗎（？）,2025年8月28日 星期四 下午5:08,@familymart_tw所以是買給英文老師跟體育老師,,33,1,,,https://www.threads.com/@familymart_tw/post/DN5NM1jEphk,笑著笑著就先哭了,2025年8月28日 星期四 下午5:34,,,6,,,
7zcin_,https://www.threads.com/@7zcin_/post/DOBRs6aCdsi,左邊的很好吃 右邊是什麼邪教,2025年8月31日 星期日 下午8:48,,"Photo by 絕世雷霆菜17 on August 31, 2025. | Photo by 絕世雷霆菜17 on August 31, 2025.",16000,399,844,610,https://www.threads.com/@familymart_tw/post/DODkq3Ekltm,左邊的很好吃 右邊的真的是邪教,2025年9月1日 星期一 下午6:12,,"Photo by 全家便利商店_台灣 on September 01, 2025. | Photo by 全家便利商店_台灣 on September 01, 2025.",3506,18,33,43
gjun_easy_ya,https://www.threads.com/@gjun_easy_ya/post/DOBIOzgDxJv,明天上班快樂 這六個字似乎更過份😅,2025年8月31日 星期日 下午7:25,@familymart_tw,,9,1,,,https://www.threads.com/@familymart_tw/post/DOBJVqZkobD,沒事，我扛得住 吧😢,2025年8月31日 星期日 下午7:35,,,8,,,
johnson.cho,https://www.threads.com/@johnson.cho/post/DOBF36ODy7l,"甄嬛傳
暑假作業未寫完 be like :",2025年8月31日 星期日 下午7:04,@familymart_tw,"Photo by 卓永昌 on August 31, 2025. | Photo by 卓永昌 on August 31, 2025.",56,1,,3,https://www.threads.com/@familymart_tw/post/DOBGBcZEhR8,這不是報告還沒寫完的小編我嗎,2025年8月31日 星期日 下午7:06,,,30,,,
fable943168,https://www.threads.com/@fable943168/post/DN5WDSkE9ag,如果那年有聽家人的話， 是不是就不會走上歹路了？,2025年8月28日 星期四 下午6:54,,,110000,5680,10000,60000,https://www.threads.com/@familymart_tw/post/DN8BCgZkheh,這種心冷的感覺 誰懂⋯⋯,2025年8月29日 星期五 下午7:46,,"Photo by 全家便利商店_台灣 on August 29, 2025.",1992,7,16,27
mai81818,https://www.threads.com/@mai81818/post/DN7Siz3kmSt,"七夕情人節
今天給大家介紹 我的約會對象及她的家人們😍 1 / 2",2025年8月29日 星期五 下午1:00,,"Photo by Rose麥 on August 28, 2025. | Photo by Rose麥 on August 28, 2025. | Photo by Rose麥 on August 28, 2025. | Photo by Rose麥 on August 28, 2025. | Photo by Rose麥 on August 28, 2025.",58000,657,3520,31000,https://www.threads.com/@familymart_tw/post/DN7pJoUkpei,你才拿鐵，你全家拿鐵,2025年8月29日 星期五 下午4:17,,"Photo by 全家便利商店_台灣 on August 29, 2025.",2710,8,12,79
bryan7533967,https://www.threads.com/@bryan7533967/post/DN5XPG7E4cE,"去超商時…
疲憊的我： 「請給我一杯大杯的冰美式。」 疲憊的店員： 「請問要加熱嗎？」
疲憊的我： 「是的。」 疲憊的店員： 「好的，明白了。」
還很有精神的店長： 「修但幾咧！！」",2025年8月28日 星期四 下午7:02,,,20000,150,281,1120,https://www.threads.com/@familymart_tw/post/DN7llU4ksrL,熱知識：酷繽沙是真的可以加熱咖啡或牛奶喔,2025年8月29日 星期五 下午3:46,,,638,5,2,5
internet_explorer95816,https://www.threads.com/@internet_explorer95816/post/DN3LIwWUotC,"蓋個樓：
講一個曾經爆紅但現在已經過氣的東西 1 / 2",2025年8月27日 星期三 下午10:38,,,51000,5505,1572,4044,https://www.threads.com/@familymart_tw/post/DN41hmmkjit,今天心情幾 MSN 表情磁鐵 知道的人應該都有點歷練了…,2025年8月28日 星期四 下午2:08,,"Photo by 全家便利商店_台灣 on August 27, 2025.",439,7,2,9
awei_1223,https://www.threads.com/@awei_1223/post/DNx_Kh_ZGe_,"全家
人家都說玩音樂的孩子不會變壞 下次想看他去誰家門口cover?
一個讚讓他錄一秒 我要看到他的手彈到抽筋
有沒有人要猜看看這是哪一家全家 1 / 2",2025年8月25日 星期一 下午10:21,,,56,5,2,8,https://www.threads.com/@familymart_tw/post/DN25fAmZCku,💚💙,2025年8月27日 星期三 下午8:04,,,8,,,
taylorswift,https://www.threads.com/@taylorswift/post/DN02ogO3OBg,Your English teacher and your gym teacher are getting married 🧨 翻譯,2025年8月27日 星期三 上午1:00,,"Photo by Taylor Swift on August 26, 2025. | Photo by Taylor Swift on August 26, 2025. | Photo by Taylor Swift on August 26, 2025. | Photo by Taylor Swift on August 26, 2025. | Photo by Taylor Swift on August 26, 2025.",970000,11000,100000,18000,https://www.threads.com/@familymart_tw/post/DN2mUr75G_r,What a beautiful Family❤️ 翻譯,2025年8月27日 星期三 下午5:16,,,1706,5,4,10
sun6110,https://www.threads.com/@sun6110/post/DN2SjCV5pUi,感覺會太通暢了,2025年8月27日 星期三 下午2:23,@familymart_tw,,,1,,,https://www.threads.com/@familymart_tw/post/DN2VT3BZGl7,好朋友,2025年8月27日 星期三 下午2:48,,,,,,
natgeo.media,https://www.threads.com/@natgeo.media/post/DNz1WtbUpCS,想知道各家小編的隱藏技能？ 我先來：JLPT N1合格（多年前）,2025年8月26日 星期二 下午3:30,,,2641,325,38,68,https://www.threads.com/@familymart_tw/post/DN2AJk5ZD46,7/11生日,2025年8月27日 星期三 上午11:43,,,357,5,,3
layaburger,https://www.threads.com/@layaburger/post/DN1-93aZgaI,堡願意！,2025年8月27日 星期三 上午11:32,@familymart_tw,,62,2,,,https://www.threads.com/@familymart_tw/post/DN1_EVzZIl2,💍✨,2025年8月27日 星期三 上午11:33,,,24,,,
netflixtw,https://www.threads.com/@netflixtw/post/DNvYg9c3v6X,"追劇
熬夜最常聽見的兩種聲音： 1.鳥叫 2.登登",2025年8月24日 星期日 下午10:01,,,25000,136,656,358,https://www.threads.com/@familymart_tw/post/DN0Czyn5PS0,熬夜追劇但肚子餓了 會聽見的兩種聲音： 1. 登登 2. 登 登 登登登 登登登登登 登登 登登 登登 登登,2025年8月26日 星期二 下午5:27,,,893,11,10,19
benesse_tw,https://www.threads.com/@benesse_tw/post/DNz-BXe3swg,"證件照
是不是我最可愛",2025年8月26日 星期二 下午4:46,,"Photo by 巧虎好朋友（巧連智） on August 26, 2025. | Photo by 巧虎好朋友（巧連智） on August 26, 2025. | Photo by 巧虎好朋友（巧連智） on August 26, 2025. | Photo by 巧虎好朋友（巧連智） on August 26, 2025.",15000,364,1306,5288,https://www.threads.com/@familymart_tw/post/DNz-niaZEM6,桃樂比✨,2025年8月26日 星期二 下午4:51,,,380,6,,5
wctfa,https://www.threads.com/@wctfa/post/DNz3wFaZCvY,想教你一些東西，交往可以嗎？,2025年8月26日 星期二 下午3:51,@familymart_tw,,6,3,,,https://www.threads.com/@familymart_tw/post/DNz4PdZZB6Q,莓有你，怎麼行？,2025年8月26日 星期二 下午3:55,,,3,,,
whostea_tw,https://www.threads.com/@whostea_tw/post/DNz3REHUhsu,你知道你跟星星的差別嗎？星星在天上，你在我心裡,2025年8月26日 星期二 下午3:47,@familymart_tw,,5,4,,,https://www.threads.com/@familymart_tw/post/DNz3rElZC_T,先下班不揪,2025年8月26日 星期二 下午3:50,,,3,,,
joselect.studio,https://www.threads.com/@joselect.studio/post/DNz1gxcZuVy,沒人對我說土味情話比較生氣🥲,2025年8月26日 星期二 下午3:31,@familymart_tw,,4,1,,,https://www.threads.com/@familymart_tw/post/DNz2TE85GG_,我來了 我好像變心了。比起昨天的你，我又更喜歡今天的你。,2025年8月26日 星期二 下午3:38,,,9,1,,
iamoztin,https://www.threads.com/@iamoztin/post/DNz16KJ5FwF,多喝熱水,2025年8月26日 星期二 下午3:35,@familymart_tw,,1,1,,,https://www.threads.com/@familymart_tw/post/DNz1-Lp5Fqn,萬事喝熱水皆可解決,2025年8月26日 星期二 下午3:35,,,4,,,
rivergroup_tw,https://www.threads.com/@rivergroup_tw/post/DNz1w5gXlMp,我愛你，愛著你，就像老鼠愛大米,2025年8月26日 星期二 下午3:33,@familymart_tw,,5,1,,,https://www.threads.com/@familymart_tw/post/DNz13Ih5J3b,這有旋律,2025年8月26日 星期二 下午3:34,,,3,1,,
stevenchen568,https://www.threads.com/@stevenchen568/post/DNt1dzQ5EVE,"廢言廢語
大家應該都聽過「聽君一席話，如聽一席話」這類經典廢言吧 😂
還有像：
1. 三人行，必有三人 2. 十年磨一劍，五年磨半劍 3. 七日不見，如隔一周
想來玩一波脆搜集，歡迎留言一起補充👏 1 / 2",2025年8月24日 星期日 上午7:35,,,6434,851,524,3348,https://www.threads.com/@familymart_tw/post/DNxemfrZN-3,全家就是全家,2025年8月25日 星期一 下午5:33,,,395,4,2,3
amypagi,https://www.threads.com/@amypagi/post/DNsTi5SUuuQ,今天去全家買東西時發現…… 有點好笑 1/2,2025年8月23日 星期六 下午5:20,,"Photo by Amy Yang on August 23, 2025.",61000,464,3794,10000,https://www.threads.com/@familymart_tw/post/DNxImCAZCJH,每個告示牌的背後 都有千千萬萬個故事⋯,2025年8月25日 星期一 下午2:20,,,3684,5,2,18
kimmita_1105,https://www.threads.com/@kimmita_1105/post/DNuxs7KXnom,為了個糰子人 前陣子全家加價購先買了 拿來裝赫海 好可愛ㄛ,2025年8月24日 星期日 下午4:22,,"Photo by 尤尤尤 on August 24, 2025. | Photo by 尤尤尤 on August 24, 2025.",417,33,2,71,https://www.threads.com/@familymart_tw/post/DNvYNapZPlF,太適合李赫海了吧！！！,2025年8月24日 星期日 下午9:58,,,89,7,,3
hyukhae___ruby860415,https://www.threads.com/@hyukhae___ruby860415/post/DNvBoayZBLh,圭賢🤣,2025年8月24日 星期日 下午6:41,@familymart_tw圭賢🤣讚8回覆1轉發分享,,8,1,,,https://www.threads.com/@familymart_tw/post/DNvD56YZIr9,希望🐧沒事🥺💙🙏,2025年8月24日 星期日 下午7:01,,,80,1,1,5
julialin2.0,https://www.threads.com/@julialin2.0/post/DNuh_Qy5iHv,全家買的到了嗎？😍不用特地跑去柑仔店買了😆,2025年8月24日 星期日 下午2:04,@familymart_tw全家買的到了嗎？😍不用特地跑去柑仔店買了😆讚22回覆1轉發分享,,22,1,,,https://www.threads.com/@familymart_tw/post/DNuiLRjZLVd,有的💙,2025年8月24日 星期日 下午2:06,,,18,,,
netflixtw,https://www.threads.com/@netflixtw/post/DNpezL8B2Pd,"鬼滅之刃
同事問我覺得自己在鬼滅會是什麼柱？ ：辦公室待不柱",2025年8月22日 星期五 下午3:00,,,15000,433,432,2574,https://www.threads.com/@familymart_tw/post/DNpxfddS1pH,愛情欸騙柱,2025年8月22日 星期五 下午5:44,,,2027,11,11,58
benesse_tw,https://www.threads.com/@benesse_tw/post/DNppNjdP0LS,,2025年8月22日 星期五 下午4:31,,"Photo by 巧虎好朋友（巧連智） on August 22, 2025. | Photo by 巧虎好朋友（巧連智） on August 22, 2025.",28000,385,1912,3928,https://www.threads.com/@familymart_tw/post/DNpsdXPSzB-,桃樂比你的手 · · · · · 擋到我了,2025年8月22日 星期五 下午5:00,,,2155,3,2,11
hypotato_chips,https://www.threads.com/@hypotato_chips/post/DNpA_m5P8WG,"1
/
2",2025年8月22日 星期五 上午10:40,,"Photo by 蚵仔煎洋芋片 on August 21, 2025.",1120,172,13,6,https://www.threads.com/@familymart_tw/post/DNpdfZ_SzL-,"ENERGY High5 全家便利商店廣告主題曲 youtu.be/mojqn…
youtube.com
Energy [ High 5 ] Official Music Video",2025年8月22日 星期五 下午2:49,,Energy [ High 5 ] Official Music Video,93,1,,1
_yueh_zhen,https://www.threads.com/@_yueh_zhen/post/DNng-a_ybjB,我的更大條地瓜,2025年8月21日 星期四 下午8:41,@familymart_tw我的更大條地瓜讚回覆1轉發分享,"Photo by 賴玥蓁    ᘁᩚ𛰧𛰙᭜𖫴𖫰𖫱𖫳𖫲𖫲𖫳𖫴𖫰𖫱︠ ࿁︪꛱ ᭜𖫴𖫰𖫱𖫳𖫲𖫲𖫳𖫴𖫰𖫱︡𛰚𛰨ᘁᩚ on August 21, 2025.",,1,,,https://www.threads.com/@familymart_tw/post/DNpAha4S7jJ,這是期間限定的夯紫陶笛,2025年8月22日 星期五 上午10:36,,,1,,,
cocotea.tw,https://www.threads.com/@cocotea.tw/post/DNpAIpUv_wX,請問 我的音有點不准 可以請店員檢查我的陶笛上的孔是不是沒有開好嗎?,2025年8月22日 星期五 上午10:32,@familymart_tw,,3,1,,,https://www.threads.com/@familymart_tw/post/DNpAbLgy8he,我剛聽可能吹氣發力的時候要多練習一下，平常可以呼呼～斯！的練習，很快就可以練俗頭舞曲了,2025年8月22日 星期五 上午10:35,,,2,1,,
huuuuu_7430,https://www.threads.com/@huuuuu_7430/post/DNiZkQfJnfC,⠀ ⠀⠀ ⠀⠀ 只要心態好 公司就是峇里島 ⠀ ⠀ ⠀ 1 / 2,2025年8月19日 星期二 下午9:00,,,110000,3844,13000,93000,https://www.threads.com/@familymart_tw/post/DNn6UBVSD-0,去不了別的國家，就去全家,2025年8月22日 星期五 上午12:22,,,9203,11,24,164
hanalishia,https://www.threads.com/@hanalishia/post/DNkyrxAJIf9,我們在比賽 誰可以做出最醜的限動（沒有要輸） 1 / 2,2025年8月20日 星期三 下午7:18,,"Photo by @hanalishia on August 20, 2025. | Photo by @hanalishia on August 20, 2025.",36000,1236,3343,17000,https://www.threads.com/@familymart_tw/post/DNn5tb1Szdq,誰不趕快睡覺還在那邊參戰！,2025年8月22日 星期五 上午12:17,,"Photo by 全家便利商店_台灣 on August 21, 2025.",246,2,,5
hahapjhere,https://www.threads.com/@hahapjhere/post/DNnBcWyTYG8,"全家
嚇到！全家紅心芭樂牛奶好好喝😳 只是好奇買買看結果一喝愛上 芭樂味好濃 然後每天早上都吃紫地瓜… 逛全家逛到店員都認識我了：） （非業配，只是我早上喜歡逛全家：）",2025年8月21日 星期四 下午4:05,,"Photo by 潘婕PJ on August 21, 2025.",190,14,1,24,https://www.threads.com/@familymart_tw/post/DNnwMSEStp7,我喜歡你的喜歡,2025年8月21日 星期四 下午10:54,,,86,1,,1
kevinshuan,https://www.threads.com/@kevinshuan/post/DNmjQ_pzbuJ,人的身體有70%是水做的 . . . . . 我希望是薪水,2025年8月21日 星期四 上午11:42,,,81000,244,7503,5406,https://www.threads.com/@familymart_tw/post/DNneh6xy3L_,你的願望也是我的薪之所向,2025年8月21日 星期四 下午8:19,,,875,3,1,6
cartonking.tw,https://www.threads.com/@cartonking.tw/post/DNnJDEuR8s4,能吹出小蜜蜂，我就去買一包回來練,2025年8月21日 星期四 下午5:12,@familymart_tw,,2,1,,,https://www.threads.com/@familymart_tw/post/DNnOz0aS1dG,俗頭舞曲,2025年8月21日 星期四 下午6:02,,,1,,,
fairy30533,https://www.threads.com/@fairy30533/post/DNnNw_qSCmC,我每天早餐都吃欸，原來是可以吹的嗎～我明天早上來演奏一首energy的馬上去給我主管聽,2025年8月21日 星期四 下午5:53,@familymart_tw,,2,1,,,https://www.threads.com/@familymart_tw/post/DNnOv-Ny-jH,也可先練High 5,2025年8月21日 星期四 下午6:02,,,,,,
pxgo_official,https://www.threads.com/@pxgo_official/post/DNnIxoQJA7I,想看有聲版,2025年8月21日 星期四 下午5:09,@familymart_tw,,,1,,,https://www.threads.com/@familymart_tw/post/DNnI_cCS0a3,呼呼哈哈～嘶！呼呼呼～,2025年8月21日 星期四 下午5:11,,,1,,,
benesse_tw,https://www.threads.com/@benesse_tw/post/DNmlXamP3v5,"巧虎
聽說脆上有很多我的好朋友 在哪裡？",2025年8月21日 星期四 下午12:00,,"Photo by 巧虎好朋友（巧連智） on August 20, 2025. | Photo by 巧虎好朋友（巧連智） on August 20, 2025.",47000,1459,2231,7483,https://www.threads.com/@familymart_tw/post/DNnAAIGSH3k,你在找桃樂比嗎？,2025年8月21日 星期四 下午3:53,,"Photo by 全家便利商店_台灣 on August 21, 2025.",24000,171,959,5547
_amelia.sly_,https://www.threads.com/@_amelia.sly_/post/DNk3wwjS6ND,不會只是我吧..,2025年8月20日 星期三 下午8:02,,"Photo by sʟʏ on August 20, 2025.",45000,190,5756,5487,https://www.threads.com/@familymart_tw/post/DNm37pIyuW2,全家的營業時間：,2025年8月21日 星期四 下午2:42,,"Photo by 全家便利商店_台灣 on August 20, 2025.",2335,10,4,32
hbg_.shiny,https://www.threads.com/@hbg_.shiny/post/DNkHlzLTFe5,“說一個你知道但不知道叫什麼的東西”,2025年8月20日 星期三 下午1:01,,,31000,1536,761,1493,https://www.threads.com/@familymart_tw/post/DNm1hhuyOJg,全家匠土司上面綁起來的那個,2025年8月21日 星期四 下午2:21,,"Photo by 全家便利商店_台灣 on August 20, 2025.",154,4,,1
rivergroup_tw,https://www.threads.com/@rivergroup_tw/post/DNmsmeUPet7,想看全家小編拍！,2025年8月21日 星期四 下午1:03,@familymart_tw,,3,1,,,https://www.threads.com/@familymart_tw/post/DNmtGGDSLJJ,不要出難題！,2025年8月21日 星期四 下午1:08,,,5,,,
_cccccyyyyy_,https://www.threads.com/@_cccccyyyyy_/post/DNlW_klvhh8,"脆友
全家 紅心芭樂牛奶+2份濃縮 喝ㄌ！ 麥味登 椒麻雞起司蛋鬆餅堡 吃ㄌ！
海巡到這些很酷又好吃好喝的食物 好快樂•͈౿•͈ 1 / 2",2025年8月21日 星期四 上午12:35,,"Photo by Julia Y. on August 20, 2025. | Photo by Julia Y. on August 20, 2025.",4310,50,154,1858,https://www.threads.com/@familymart_tw/post/DNmbE2zSllQ,原來也是紅心芭樂牛奶教友✨,2025年8月21日 星期四 上午10:30,,,135,4,,2
wm0204dt,https://www.threads.com/@wm0204dt/post/DNlPAOaP500,我看我是漂亮不了了🌝,2025年8月20日 星期三 下午11:25,@familymart_tw,,14,1,1,,https://www.threads.com/@familymart_tw/post/DNlREKoS78i,稍息後關燈睡覺，稍息！🫡,2025年8月20日 星期三 下午11:43,,,7,,,
kkdaytw,https://www.threads.com/@kkdaytw/post/DNlJdt9R9cu,完蛋...現在去睡來得及嗎,2025年8月20日 星期三 下午10:37,@familymart_tw,,32,1,,1,https://www.threads.com/@familymart_tw/post/DNlJ00HyWXz,要連續2.3天，明天開始努力ㄌ,2025年8月20日 星期三 下午10:40,,,16,,,
safari0107,https://www.threads.com/@safari0107/post/DNiirI_SiZA,我是蘋果瀏覽器 我反對開學,2025年8月19日 星期二 下午10:19,,,40000,320,2672,1053,https://www.threads.com/@familymart_tw/post/DNkkNjayEU7,請您面對,2025年8月20日 星期三 下午5:11,,,2061,6,,7
momoshopping_,https://www.threads.com/@momoshopping_/post/DNkUiRMPlU7,下雨天了怎mo辦～ 1 / 2,2025年8月20日 星期三 下午2:54,,,96,58,,2,https://www.threads.com/@familymart_tw/post/DNkWxLRyE5r,吃霜淇淋～,2025年8月20日 星期三 下午3:14,,,50,2,,1
a0989064749,https://www.threads.com/@a0989064749/post/DNdHm-tp9vB,"如果有一天我掉進了海裡
各位的工作職業可以幫我做什麼事情 ==",2025年8月17日 星期日 下午7:47,,"Photo by 周柏廷 on August 17, 2025.",43000,7422,1379,7697,https://www.threads.com/@familymart_tw/post/DNj0gjuSvi-,幫忙海巡回留言更新狀況,2025年8月20日 星期三 上午10:15,,,602,1,,1
helene71206,https://www.threads.com/@helene71206/post/DNj0NxRBBSi,已兌換 （自己愛吃😌,2025年8月20日 星期三 上午10:12,@familymart_tw,,1,1,,,https://www.threads.com/@familymart_tw/post/DNj0RYvyeVu,您好，我吃一點,2025年8月20日 星期三 上午10:13,,,6,,,
z._kzlll,https://www.threads.com/@z._kzlll/post/DNiMtzaSFxL,中間那顆我有點沒食慾🌝。,2025年8月19日 星期二 下午7:08,@familymart_tw,,11,1,,,https://www.threads.com/@familymart_tw/post/DNiM4gjSVhZ,抹茶,2025年8月19日 星期二 下午7:09,,,6,1,,
dcard.tw,https://www.threads.com/@dcard.tw/post/DNf7nTUI18e,求解 1 / 2,2025年8月18日 星期一 下午10:00,,"Photo by Dcard on August 18, 2025.",14000,1169,653,2228,https://www.threads.com/@familymart_tw/post/DNhzPMJS6d-,因為酷繽沙跟霜淇淋買一送一的時候，就不能一人吃兩份，很不方便。,2025年8月19日 星期二 下午3:25,,,1963,17,21,62
lung.cheng.rende,https://www.threads.com/@lung.cheng.rende/post/DNfme7jycXu,"職場真心話
你們職場遇過什麼最荒謬 我先說 我們新會計上了兩天的班 第三天被警察帶走了🥲",2025年8月18日 星期一 下午6:55,,,26000,1769,574,4585,https://www.threads.com/@familymart_tw/post/DNhzLPiyQT9,不是農曆7月，但夯番薯的俗頭一直莫名消失。,2025年8月19日 星期二 下午3:24,,,2451,49,12,146
super.milk.tea,https://www.threads.com/@super.milk.tea/post/DNfuUO7Ryhs,嗚嗚嗚嗚到處找不到啊啊啊,2025年8月18日 星期一 下午8:03,@familymart_tw,,,1,,,https://www.threads.com/@familymart_tw/post/DNgAEXrSOqn,全家行動購現正販售中✨,2025年8月18日 星期一 下午10:39,,,,,,
hania_0220,https://www.threads.com/@hania_0220/post/DNesBpFzBf1,當我媽跟我說早餐吃地瓜饅頭的時候 我沒想到會是這個樣子 說真的這到底是啥 ？？？,2025年8月18日 星期一 上午10:24,,"Photo by @hania_0220 on August 17, 2025. | Photo by @hania_0220 on August 17, 2025. | Photo by @hania_0220 on August 17, 2025.",10000,280,333,2887,https://www.threads.com/@familymart_tw/post/DNfYoA0ScOK,"沒想到這個表會需要新增一派欸
2025-8-14",2025年8月18日 星期一 下午4:54,,"Photo by 全家便利商店_台灣 on August 14, 2025.",730,4,3,19
slown_soft,https://www.threads.com/@slown_soft/post/DNe7Q5Fhrbg,小編這裡有新的派系👇🏻👇🏻,2025年8月18日 星期一 下午12:37,@familymart_tw,"Photo by @hania_0220 on August 17, 2025. | Photo by @hania_0220 on August 17, 2025. | Photo by @hania_0220 on August 17, 2025.",16,1,,,https://www.threads.com/@familymart_tw/post/DNfYhoTydOd,？？？？,2025年8月18日 星期一 下午4:53,,,17,,,
22eating,https://www.threads.com/@22eating/post/DNdToSDyNnq,翻過去還能隱身,2025年8月17日 星期日 下午9:32,,,21000,1526,832,9013,https://www.threads.com/@familymart_tw/post/DNfYdjUS-e5,這個舒芙蕾舒服的部分不太確定，但推薦全家的起司舒芙蕾布丁，你會比較舒服,2025年8月18日 星期一 下午4:53,,,1035,2,3,16
ayeh7524,https://www.threads.com/@ayeh7524/post/DNa4DldP2TL,"我第一次去巷口全家買紅心芭樂牛奶加兩份濃縮，店員大哥皺眉看我，說「這能喝嗎？」
第二次去，同一個大哥說「這個紅心芭樂就只有你在買而已。」
約莫第10次走進巷口全家，大哥說「我最近也都喝這個。」
我說有讚嗎？他給我露出一個靦腆笑。（？） － 朋友從歐洲回來，問我最近手搖喝什麼，我說你調時差，喝一點咖啡因吧。給他買了紅心芭樂牛奶加濃縮，我們走在無雨的大稻埕，他說這杯像義大利人跟臺灣人一起養大的孩子。
「我不可能不想家。」 「我家是一個能在超商喝到紅心芭樂牛奶的地方。」 － 像在推廣一個冷門但幸福的宗教，我知道走進全家，念出「我要一杯紅心芭樂牛奶加兩份濃縮」，會被投注異樣的眼光。但我知道好喝的手搖只留給堅持的人，很幸運的，也越來越多人走在這條人跡罕至的道路上。
聽朋友說附近全家告知，沒什麼人知道這個品項，配貨可能越來越少。
想起那個大稻埕的午後，想起每個從質疑到理解到欣賞的眼神，我知道紅心芭樂牛奶的存在就是在疼惜我們這種品味好（又常熬夜）的戇人。
我想為這個不被看好再奮力一搏一次。 紅心芭樂牛奶加濃縮真的很好喝。
低調，優雅，曖曖內含光。
誠摯希望可以再與他度過很多個夏天。 1 / 2",2025年8月16日 星期六 下午10:52,,,5898,213,377,4121,https://www.threads.com/@familymart_tw/post/DNchw42SUe6,您好，紅心芭樂教主💖,2025年8月17日 星期日 下午2:16,,,910,3,,9
ling.1010.00,https://www.threads.com/@ling.1010.00/post/DNTDI4_Twdb,"脆友們
第一次做蛋塔，做出一坨屎 我哥是不是不太想吃（？）",2025年8月13日 星期三 下午9:55,,"Photo by 小羚姨姨 ¨̮ on August 13, 2025. | Photo by 小羚姨姨 ¨̮ on August 13, 2025. | Photo by 小羚姨姨 ¨̮ on August 13, 2025.",61000,1893,2281,10000,https://www.threads.com/@familymart_tw/post/DNXreHMyv1H,其實第一次做這樣，真的很非常了不起了，這樣說吧，就是如果一定要打分數的話，我們全家都會給你一個大大的擁抱。可惜你們應該吃完了，但還好我們全家 SOHOT 炎選也有好吃的蛋塔，蠻推薦哥哥可以來吃吃看❤️,2025年8月15日 星期五 下午5:05,,"Photo by 全家便利商店_台灣 on August 15, 2025.",559,5,,3
haunchen.mr,https://www.threads.com/@haunchen.mr/post/DNURo4YvQqH,問脆友，大家平常都去哪一間超商啊？,2025年8月14日 星期四 上午9:21,,"Photo by 煥辰Mr. on August 13, 2025.",63000,646,3261,129,https://www.threads.com/@familymart_tw/post/DNXMxDNSQTB,噢不！怎麼被放在轉發🥺 幫全家集氣按鈕 👇,2025年8月15日 星期五 下午12:36,,,11000,45,50,13
luzhou.mk,https://www.threads.com/@luzhou.mk/post/DNVOIQopeqU,黑色可是黑洞！！,2025年8月14日 星期四 下午6:10,@familymart_tw,,3,1,,,https://www.threads.com/@familymart_tw/post/DNXBsdOSWsu,小心！！！！,2025年8月15日 星期五 上午11:00,,,1,,,
kuro_saku0.0,https://www.threads.com/@kuro_saku0.0/post/DNVOHp4pyMZ,"我的五歲跟全家小編不太一樣(╯▽╰ )
5歲的我：",2025年8月14日 星期四 下午6:10,@familymart_tw,"Photo by くろ🌸 on August 14, 2025.",31,1,,,https://www.threads.com/@familymart_tw/post/DNXBo8-S9rG,🥸,2025年8月15日 星期五 上午10:59,,,2,,,
yuluhuiyuluhui,https://www.threads.com/@yuluhuiyuluhui/post/DNW0IBrPH8k,真有你的😘 又要誘惑人家,2025年8月15日 星期五 上午9:01,@familymart_tw,,6,1,,,https://www.threads.com/@familymart_tw/post/DNXBnW8yhTj,滑進我心🫶🏻,2025年8月15日 星期五 上午10:59,,,4,,,
colatour_tw,https://www.threads.com/@colatour_tw/post/DNW5FkdSgAh,我去買會有優惠嗎(●ˇ∀ˇ●),2025年8月15日 星期五 上午9:44,@familymart_tw,,12,1,,,https://www.threads.com/@familymart_tw/post/DNXBhh7yFgE,今天有買1送1🥸,2025年8月15日 星期五 上午10:58,,,5,1,,
momokids_channel,https://www.threads.com/@momokids_channel/post/DNW2nKzzYQN,這次可樂超好吃!!! 🖤點編,2025年8月15日 星期五 上午9:23,@familymart_tw,,7,1,,,https://www.threads.com/@familymart_tw/post/DNXBeEhSfx0,點編！！！！🖤🖤🖤,2025年8月15日 星期五 上午10:58,,,,,,
hsiehvina93,https://www.threads.com/@hsiehvina93/post/DNVaskkyHXq,什麼時候要買一送一呀,2025年8月14日 星期四 下午8:00,@familymart_tw,,3,1,,,https://www.threads.com/@familymart_tw/post/DNVawgkyeoz,明天呀～,2025年8月14日 星期四 下午8:00,,,11,1,,
_ririnagram_,https://www.threads.com/@_ririnagram_/post/DNSoWi2yEuM,"美食
大家都說這款爆好吃 幹結果真的超級超級超級好吃到爆炸我的天吶 還沒有吃過的都給我去買啊啊啊( ⁼̴̤̆◡̶͂⁼̴̤̆ )",2025年8月13日 星期三 下午6:01,,"Photo by *̩̩͙⋆⸜ 芮芮娜 ꪔ̤̫⸝⋆ on August 13, 2025.",17000,827,411,13000,https://www.threads.com/@familymart_tw/post/DNVGqBcSJX-,凌晨三點吃更好吃喔🍔,2025年8月14日 星期四 下午5:05,,,753,13,,19
kanpai_tw,https://www.threads.com/@kanpai_tw/post/DNU7iIFT745,"沒關係
雖然小編還沒有自己的名字 但我想自己決定謝謝 1 / 2",2025年8月14日 星期四 下午3:27,,,370,132,1,17,https://www.threads.com/@familymart_tw/post/DNVFvl0ST20,Jingle杯（甚至有主題曲,2025年8月14日 星期四 下午4:57,,,244,2,1,
ooooomyhanji,https://www.threads.com/@ooooomyhanji/post/DNVDxL4BsTZ,公主怎麼吃：鼻鼻餵我吃 > <,2025年8月14日 星期四 下午4:39,@familymart_tw,,5,1,,,https://www.threads.com/@familymart_tw/post/DNVEOVoyZOE,寄己吃。,2025年8月14日 星期四 下午4:43,,,13,1,,
albert_03_26,https://www.threads.com/@albert_03_26/post/DNQT1K-SGw1,"不懂就問脆
蓋個樓： 一人講一個你們行業最不為人知的秘密 1 / 2",2025年8月12日 星期二 下午8:23,,,68000,11000,6516,20000,https://www.threads.com/@familymart_tw/post/DNVC1eDyqoC,全家小編真的是7/11生日（甚至不是秘密了）,2025年8月14日 星期四 下午4:31,,,4914,10,4,26
yijiuan_studio,https://www.threads.com/@yijiuan_studio/post/DNUS3BtTk8Q,"跟老公抱怨新竹風很大，很難騎車
他說： 你要騎在風的軌跡上 新竹人都看得到
我：？？？ 1 / 2",2025年8月14日 星期四 上午9:32,,,73000,1816,2372,18000,https://www.threads.com/@familymart_tw/post/DNVCmpKyPDu,請問風軌跡可以綁全家APP嗎？,2025年8月14日 星期四 下午4:29,,,116,2,,5
dr.pascha_hair,https://www.threads.com/@dr.pascha_hair/post/DNVAaeoxKiy,月中呷俗頭，月底呷土 好吃好吃,2025年8月14日 星期四 下午4:10,@familymart_tw,,,1,,,https://www.threads.com/@familymart_tw/post/DNVCVnaSoh_,您好，盡量不要吃,2025年8月14日 星期四 下午4:27,,,2,,,
funcareltd,https://www.threads.com/@funcareltd/post/DNU-wxbPpuV,我都收集俗頭，準備開一家岩盤浴,2025年8月14日 星期四 下午3:56,@familymart_tw,,97,1,,,https://www.threads.com/@familymart_tw/post/DNVCSbdyyMl,不行拿俗頭！,2025年8月14日 星期四 下午4:26,,,61,1,,
cherry__village,https://www.threads.com/@cherry__village/post/DNSjYKypZ3U,我老公買的 我實在不意外？,2025年8月13日 星期三 下午5:18,,,32000,1632,528,6844,https://www.threads.com/@familymart_tw/post/DNU--y6SGaO,是不是一種 石薯意外,2025年8月14日 星期四 下午3:57,,,1688,11,1,15
123ww883,https://www.threads.com/@123ww883/post/DNU91DCJ9GV,俗頭好粗 翻譯,2025年8月14日 星期四 下午3:47,@familymart_tw,,1,1,,,https://www.threads.com/@familymart_tw/post/DNU-3txyroa,？？？,2025年8月14日 星期四 下午3:57,,,1,,,
greenfurnituregroupxinyi,https://www.threads.com/@greenfurnituregroupxinyi/post/DNU9NCgzsSn,每日任務：蒐集全家俗頭,2025年8月14日 星期四 下午3:42,@familymart_tw,,50,1,,,https://www.threads.com/@familymart_tw/post/DNU-204S6I0,俗頭不要拿！,2025年8月14日 星期四 下午3:56,,,52,,,
galileetours,https://www.threads.com/@galileetours/post/DNU9uShvxd2,那可以用娃包養俗頭嗎(●°u°●)​,2025年8月14日 星期四 下午3:46,@familymart_tw,,6,1,,,https://www.threads.com/@familymart_tw/post/DNU-0ULyZFi,俗在可愛,2025年8月14日 星期四 下午3:56,,,7,,,
cartonking.tw,https://www.threads.com/@cartonking.tw/post/DNU9C0lx-jm,原來俗頭有賣！下次夾！,2025年8月14日 星期四 下午3:41,@familymart_tw,,31,1,,,https://www.threads.com/@familymart_tw/post/DNU9QmLyGez,沒有！！！經查證沒有薯石,2025年8月14日 星期四 下午3:42,,,40,,,1
alanintww,https://www.threads.com/@alanintww/post/DNQnxlvPNjA,借你自動筆不代表你可以用上面的橡皮擦,2025年8月12日 星期二 下午11:18,,,68000,395,5184,1301,https://www.threads.com/@familymart_tw/post/DNSrBDUSuaE,借你吃一口霜淇淋 不代表你可以把上面的尖尖吃掉,2025年8月13日 星期三 下午6:25,,,1402,11,3,12
lmanna4024,https://www.threads.com/@lmanna4024/post/DNSfHFYyJsk,找到了！,2025年8月13日 星期三 下午4:41,@familymart_tw,"Photo by 蘇凌葳 on August 13, 2025.",8,1,,,https://www.threads.com/@familymart_tw/post/DNSjUpIybuv,太厲害了！,2025年8月13日 星期三 下午5:17,,,4,,,
hola.taiwan,https://www.threads.com/@hola.taiwan/post/DNSjDUgSnO7,今天好像流行取小名 我們叫厚厝編，望周知，謝謝❤️,2025年8月13日 星期三 下午5:15,,,796,184,2,14,https://www.threads.com/@familymart_tw/post/DNSjNmcSq6o,我是全家在身編，跟你一組,2025年8月13日 星期三 下午5:16,,,114,1,,
datorick,https://www.threads.com/@datorick/post/DNQfbBnzVvv,"鬼滅之刃無限城篇
《鬼滅之刃無限城篇第一章猗窩座再襲》片長長達155分鐘，傳說中先吃糯米製的東西有助於抑制尿意！電影院附近有全家便利店，我先吃了這個蜜柑大福，入場前也先去尿尿，小膀胱人我本人全程無尿意，甚至能把主題曲聽完，真是太神了。
能很輕鬆就買到大福真是太好了！（其實糯米飯糰也可以，但便利商店的台式飯糰不確定是否為糯米）
建議各大電影院，與其賣什麼爆米花吉拿棒熱狗堡，建議是在鬼滅之刃、阿凡達這種片長動輒 2.5 小時的場次加賣大福，更能促進餐飲業績喔！",2025年8月12日 星期二 下午10:05,,"Photo by dato on August 12, 2025.",1262,42,77,1262,https://www.threads.com/@familymart_tw/post/DNSWgwJSNXq,歡迎各位看猗窩座之前，先來全家坐坐✨,2025年8月13日 星期三 下午3:25,,,88,1,,2
xuanyubread,https://www.threads.com/@xuanyubread/post/DNP4sB8vvEG,有在賣裡面的嗎..,2025年8月12日 星期二 下午4:26,@familymart_tw,,1,1,,1,https://www.threads.com/@familymart_tw/post/DNP7BC1BpR0,那是我的😆😆😆,2025年8月12日 星期二 下午4:47,,,4,,,
pxgo_official,https://www.threads.com/@pxgo_official/post/DNP5yNkhLxz,等等給你收件地址👌🏻,2025年8月12日 星期二 下午4:36,@familymart_tw,,2,1,,,https://www.threads.com/@familymart_tw/post/DNP654qhHbZ,你先外送過來,2025年8月12日 星期二 下午4:46,,,2,1,,
minjeong_w_,https://www.threads.com/@minjeong_w_/post/DNNgPvayar_,我這個中獎了 ! 😮 有人可以告訴我在哪裡、要怎麼辦嗎？ (從去年開始拼命收集，終於第一次中獎啦！😆) 1 / 2,2025年8月11日 星期一 下午6:14,,"Photo by 남민정 / 南珉貞 ⁹⁸🇰🇷 on August 11, 2025.",17000,640,89,545,https://www.threads.com/@familymart_tw/post/DNPzzEUBeyl,來這裡～,2025年8月12日 星期二 下午3:44,,"Photo by 全家便利商店_台灣 on August 12, 2025.",468,5,,
rivergroup_tw,https://www.threads.com/@rivergroup_tw/post/DNPr801vXCE,全家小編最棒！,2025年8月12日 星期二 下午2:35,@familymart_tw,,9,1,,,https://www.threads.com/@familymart_tw/post/DNPsvXvhgix,謝謝你,2025年8月12日 星期二 下午2:42,,,5,1,,
menchax2_taichung,https://www.threads.com/@menchax2_taichung/post/DNPsEMPSjX_,裡面放得下小編你嗎🥳 打包帶走,2025年8月12日 星期二 下午2:36,@familymart_tw,,1,1,,,https://www.threads.com/@familymart_tw/post/DNPsubMBcSH,💖,2025年8月12日 星期二 下午2:42,,,,,,
,https://www.threads.com/@laixuanpei/post/DNKNoOLT_zX,laixuanpei 不好意思可以麻煩你將影片下架嗎 不然我弟弟會被公司追責 謝謝大家關心 6,2025年8月10日 星期日 上午11:34,@xuancheng86_,,535,54,6,13,https://www.threads.com/@familymart_tw/post/DNKyZo2S9n7,,2025年8月10日 星期日 下午4:55,,"Photo by 全家便利商店_台灣 on August 10, 2025.",1239,18,6,24
ka8212222,https://www.threads.com/@ka8212222/post/DNJw5vsyo-W,"全家便利商店
快訊：店員小帥哥遭遇奧客行為‼️ 小帥哥媽媽知情後，心裡感到憤怒和難受。 我第二個生日願望 就是希望這位阿姨 可以進去牢裡悔過 實在太欺負店員了 人家小帥哥來打工 讓妳這樣糟蹋？？？ 若今天換做我是店員 你敢如此對待我的話 我一定當下反擊回去 順便叫警察過來處理 我大不了不要這工作 也不可能讓妳欺負的 1 / 2",2025年8月10日 星期日 上午7:32,,,13000,570,332,2419,https://www.threads.com/@familymart_tw/post/DNKx0k9y_Ju,,2025年8月10日 星期日 下午4:50,,"Photo by 全家便利商店_台灣 on August 10, 2025.",1931,51,14,33
zzzunderseven,https://www.threads.com/@zzzunderseven/post/DNKY_YfTNV2,"全家奧客事件
大家來集氣： 1. 全家是否會積極處理，沒有的話，往後拒買全家！ 2. 這女的是否受到應有的懲罰，沒有的話，往後拒買全家！ 3. 店員弟弟是否因影片的事被公司懲處，若有的話，往後拒買全家！
（避免散播監視器畫面讓弟弟困擾 就不放相關畫面了） 1 / 2",2025年8月10日 星期日 下午1:13,,,7878,212,102,58,https://www.threads.com/@familymart_tw/post/DNKwmw9Spwy,"familymart_tw 05-8- 關於媒體報導，今日凌晨店員在服務過程中遭顧客攻擊之事件，我們與各位同感不捨，且非常感謝大家關心，以下為事件說明。 我們把店舖夥伴執勤時的人身與心理安全放在第一位，對任何暴力與傷害行為，絕不容忍。此事件第一時間已報警並配合警方依法追究責任，並已陸續提供夥伴醫療、心理及法律上的支持與協助，且持續關心夥伴身心狀況，並與其母親保持聯繫。 關於監視器畫面，皆已作為證據，提供警方作為日後調查證據。平日，則依公共場所通行規範且為保障場所內所有人員隱私，有相關調閱程序。此事件店員因心生恐懼而翻拍影像給母親，且警方基於調查需調閱影像，因此公司並無對人員有相關咎責意圖與行動。 最後，希望我們能一起讓社區便利商店，是彼此尊重、安全友善的地方。 10 萬 5,111 1,702 5,020 10 2 2",2025年8月10日 星期日 下午4:39,,,407,10,2,2
qoomomo0320,https://www.threads.com/@qoomomo0320/post/DNKb1HMJdJy,"全家便利商店
@familymart_tw 如果貴公司因為保密條款 找孩子跟媽媽的麻煩 請問誰敢讓孩子去全家上班 貴公司覺得臺灣孩子好欺負嗎？ 誰的孩子不是心頭寶 認真教養跟教育 去打工上班還要被欺負 保密條款也應該要設在人身安全外⋯ 請三思 企業形象很重要 企業形象很重要 企業形象很重要",2025年8月10日 星期日 下午1:38,,,1446,46,25,6,https://www.threads.com/@familymart_tw/post/DNKwgJ6yH13,"familymart_tw 025-8-10 關於媒體報導，今日凌晨店員在服務過程中遭顧客攻擊之事件，我們與各位同感不捨，且非常感謝大家關心，以下為事件說明。 我們把店舖夥伴執勤時的人身與心理安全放在第一位，對任何暴力與傷害行為，絕不容忍。此事件第一時間已報警並配合警方依法追究責任，並已陸續提供夥伴醫療、心理及法律上的支持與協助，且持續關心夥伴身心狀況，並與其母親保持聯繫。 關於監視器畫面，皆已作為證據，提供警方作為日後調查證據。平日，則依公共場所通行規範且為保障場所內所有人員隱私，有相關調閱程序。此事件店員因心生恐懼而翻拍影像給母親，且警方基於調查需調閱影像，因此公司並無對人員有相關咎責意圖與行動。 最後，希望我們能一起讓社區便利商店，是彼此尊重、安全友善的地方。 10 萬 5,111 1,702 5,020 2",2025年8月10日 星期日 下午4:39,,,16,2,,
theoldmama,https://www.threads.com/@theoldmama/post/DNKj8DFzwhh,"全家奧客
平常對全家好感度很高，希望有擔當點，請派出全家最強律師幫全家員工起訴奧客。 @familymart_tw ------ 那個女的 1.錢用丟的 2.在櫃檯故意砸破紅酒 3.錢用丟的 4.開啤酒噴弟弟 一開始的影片我有截圖那女人（還沒搜到？）弟弟本人不想要被傳（一直拜託大家） ------ 小編完全不敢動作（辛苦了） 目前看到影片被下架（弟弟也在拜託） 弟弟很煩惱（脆有貼文） 河道上就只有一篇新聞？ ------ 大家一起追後續 1.囂張奧客出來道歉 2.挺弟弟挺店家 假如全家去追究分店跟啤酒弟弟 我想下一個被抵制的會是全家！ 1 / 2",2025年8月10日 星期日 下午2:49,,"Photo by 老馬 on August 09, 2025.",492,23,15,15,https://www.threads.com/@familymart_tw/post/DNKwaDcyMsF,"familymart_tw 2025-8-0 關於媒體報導，今日凌晨店員在服務過程中遭顧客攻擊之事件，我們與各位同感不捨，且非常感謝大家關心，以下為事件說明。 我們把店舖夥伴執勤時的人身與心理安全放在第一位，對任何暴力與傷害行為，絕不容忍。此事件第一時間已報警並配合警方依法追究責任，並已陸續提供夥伴醫療、心理及法律上的支持與協助，且持續關心夥伴身心狀況，並與其母親保持聯繫。 關於監視器畫面，皆已作為證據，提供警方作為日後調查證據。平日，則依公共場所通行規範且為保障場所內所有人員隱私，有相關調閱程序。此事件店員因心生恐懼而翻拍影像給母親，且警方基於調查需調閱影像，因此公司並無對人員有相關咎責意圖與行動。 最後，希望我們能一起讓社區便利商店，是彼此尊重、安全友善的地方。 10 萬 5,111 1,702 5,020 1",2025年8月10日 星期日 下午4:38,,,17,,,1
ka8212222,https://www.threads.com/@ka8212222/post/DNKqBj1ywlH,"全家便利商店
本人對於全家的聲明書 之前麥當勞員工被欺負 麥當勞卻選擇保護壞人 本人也是從此不再光臨 我還有其他可以選擇的 PS：沒有全家還有7-11、萊爾富、OK 老闆應該要明白一件事 員工是公司的財富來源 沒有員工為你犧牲付出 老闆你今天就沒有成功 沒有員工就沒你的今天",2025年8月10日 星期日 下午3:42,,"Photo by 王小結 on August 10, 2025.",566,34,22,15,https://www.threads.com/@familymart_tw/post/DNKwU0bSnSL,"familymart_tw 2025-8-10 關於媒體報導，今日凌晨店員在服務過程中遭顧客攻擊之事件，我們與各位同感不捨，且非常感謝大家關心，以下為事件說明。 我們把店舖夥伴執勤時的人身與心理安全放在第一位，對任何暴力與傷害行為，絕不容忍。此事件第一時間已報警並配合警方依法追究責任，並已陸續提供夥伴醫療、心理及法律上的支持與協助，且持續關心夥伴身心狀況，並與其母親保持聯繫。 關於監視器畫面，皆已作為證據，提供警方作為日後調查證據。平日，則依公共場所通行規範且為保障場所內所有人員隱私，有相關調閱程序。此事件店員因心生恐懼而翻拍影像給母親，且警方基於調查需調閱影像，因此公司並無對人員有相關咎責意圖與行動。 最後，希望我們能一起讓社區便利商店，是彼此尊重、安全友善的地方。 10 萬 5,111 1,702 5,020",2025年8月10日 星期日 下午4:37,,,16,3,,
dearrrrrfen,https://www.threads.com/@dearrrrrfen/post/DNGXd7LhsdF,"全家寵物箱
看到家裡附近的全家有現貨 立馬去買😍好可愛
但⋯沒看過全家店員那麼派的 動口又動手的 1 / 2",2025年8月8日 星期五 下午11:43,,"Photo by 粉粉🧚‍♀️ on August 08, 2025. | Photo by 粉粉🧚‍♀️ on August 08, 2025. | Photo by 粉粉🧚‍♀️ on August 08, 2025.",7682,131,223,4714,https://www.threads.com/@familymart_tw/post/DNH3JxkyqaC,我動心💓,2025年8月9日 星期六 下午1:39,,,49,2,,2
jjubi_jjubi_,https://www.threads.com/@jjubi_jjubi_/post/DNFvD3mpDkY,"jjubi
台中小旅行～為什麼台中那麼多山豬呢..?🤔🐗 台中是我的城市嗎..?🤣🤣",2025年8月8日 星期五 下午5:50,,"Photo by 박선주(朴善珠) on August 08, 2025. | Photo by 박선주(朴善珠) on August 08, 2025. | Photo by 박선주(朴善珠) on August 08, 2025. | Photo by 박선주(朴善珠) on August 08, 2025. | Photo by 박선주(朴善珠) on August 08, 2025. | Photo by 박선주(朴善珠) on August 08, 2025. | Photo by 박선주(朴善珠) on August 08, 2025. | Photo by 박선주(朴善珠) on August 08, 2025.",9619,164,42,247,https://www.threads.com/@familymart_tw/post/DNHn4ZCSFE6,🐗💛🏠☕️,2025年8月9日 星期六 上午11:25,,,38,2,,1
wm0204dt,https://www.threads.com/@wm0204dt/post/DNHZXyESUcR,📢各小編注意！🌊 三分鐘後連集合場集合，集合的時候留言處帶單編攻擊素材，帶爆米花不帶鋼盔，不帶防毒面具帶板凳，稍息以後開始動作，稍息！🪖,2025年8月9日 星期六 上午9:19,,,750,395,3,23,https://www.threads.com/@familymart_tw/post/DNHehnsSbWt,話說完還剩2分30秒,2025年8月9日 星期六 上午10:04,,,117,6,,
77taiyaki,https://www.threads.com/@77taiyaki/post/DNGWAQQyDP7,什麼時候！！！！,2025年8月8日 星期五 下午11:30,@familymart_tw,,4,1,,,https://www.threads.com/@familymart_tw/post/DNHdsTSy_n_,下週✨,2025年8月9日 星期六 上午9:56,,,2,,,
mosburger_taiwan,https://www.threads.com/@mosburger_taiwan/post/DNHT80STjOE,堡早起 我早起 我們遲早在一起,2025年8月9日 星期六 上午8:31,,,1569,112,52,133,https://www.threads.com/@familymart_tw/post/DNHVG1oygUb,你是我的堡，我是你的咖啡。,2025年8月9日 星期六 上午8:41,,,128,2,,
nachan0048,https://www.threads.com/@nachan0048/post/DNGNBuxTEHs,所以等等24點整召喚各大小編 會有人出來嗎？,2025年8月8日 星期五 下午10:12,@familymart_tw,,4,1,,,https://www.threads.com/@familymart_tw/post/DNGQOLoykuM,不！准！！！ 快點睡！！！！！！,2025年8月8日 星期五 下午10:40,,,19,,,
papazao.tw,https://www.threads.com/@papazao.tw/post/DNGN1HISn7r,囡仔郎，巡田嘛愛拚，母湯講累啦，農會我戈得走田哩～,2025年8月8日 星期五 下午10:19,@familymart_tw,,223,1,,,https://www.threads.com/@familymart_tw/post/DNGQL4FSy0y,巡田水的概念,2025年8月8日 星期五 下午10:39,,,132,2,,
o.ow06,https://www.threads.com/@o.ow06/post/DNGKBNtSBqB,小編 你知道這次的蕃薯娃包都是誰在買的嗎,2025年8月8日 星期五 下午9:45,@familymart_tw,,8,1,,,https://www.threads.com/@familymart_tw/post/DNGP4cySGGB,克拉,2025年8月8日 星期五 下午10:37,,,19,1,,3
chyikai,https://www.threads.com/@chyikai/post/DNGKDUvP6oR,小編 你很壞喔 一直叫我去吃可樂霜淇淋 我昨天跟店員說你一直出現 害我一定要吃一支,2025年8月8日 星期五 下午9:46,@familymart_tw,,8,1,,1,https://www.threads.com/@familymart_tw/post/DNGP3MoyH7q,8/8-8/10買1送1,2025年8月8日 星期五 下午10:36,,,22,2,,1
creativecentury,https://www.threads.com/@creativecentury/post/DNGI6F1z_Ch,登 登 登登登 登登登登登登 登登登登 登登登登～我唱對了嗎,2025年8月8日 星期五 下午9:36,@familymart_tw,,59,2,,,https://www.threads.com/@familymart_tw/post/DNGI_uPyGxv,第二個音調稍微高,2025年8月8日 星期五 下午9:36,,,121,1,,2
no.13sheep,https://www.threads.com/@no.13sheep/post/DNGFyDJpYg3,"準備 准許
不准 罰寫一百遍",2025年8月8日 星期五 下午9:08,@familymart_tw,,153,2,,1,https://www.threads.com/@familymart_tw/post/DNGF5Dfy_W0,沒，你沒看到✨,2025年8月8日 星期五 下午9:09,,,107,1,,
nkmu0926,https://www.threads.com/@nkmu0926/post/DNGFlQVSTfw,世界上最遠的距離是 你在我心裡我卻看不到你,2025年8月8日 星期五 下午9:07,@familymart_tw,,81,1,,,https://www.threads.com/@familymart_tw/post/DNGFr3qSNUN,可以,2025年8月8日 星期五 下午9:07,,,46,,,
morning_1117,https://www.threads.com/@morning_1117/post/DNGFgOeJgCG,好，我半夜再召喚大家我就不信每個都會來,2025年8月8日 星期五 下午9:06,@familymart_tw,,19,1,,,https://www.threads.com/@familymart_tw/post/DNGFp-UyvSr,夢裡見🫶🏻,2025年8月8日 星期五 下午9:07,,,23,,,2
ivy.chouchou,https://www.threads.com/@ivy.chouchou/post/DNGApj3SExP,說 你剛忙什麼去了,2025年8月8日 星期五 下午8:23,@familymart_tw,,3,1,,,https://www.threads.com/@familymart_tw/post/DNGBDUDSr0c,在玩滑板,2025年8月8日 星期五 下午8:27,,,60,1,,
dominospizza_tw,https://www.threads.com/@dominospizza_tw/post/DNFz6k8xxit,"父親節
今天父親節，小編也來做一個實驗😙 —————— 同時召喚 全家、711、萊爾富、OK、蚵仔煎、家樂福、廣三、福容大飯店、九族文化村、故宮、喜來登、請客樓、雀巢、UberEats、food panda、乾杯 五十嵐、八方雲集的小編 —————— 各位海巡王辛苦了！付清節邊吃大餐邊巡～ 一起來吃披薩🍕 1 / 2",2025年8月8日 星期五 下午6:32,,,3929,606,55,345,https://www.threads.com/@familymart_tw/post/DNF2sF0y11w,您好，今天霜淇淋買1送1,2025年8月8日 星期五 下午6:56,,,713,7,2,
supertastesupertaste,https://www.threads.com/@supertastesupertaste/post/DNFcj4Iz0WK,🍠 全家「夯番薯娃包」登場啦～ 小編的貓咪老師放進去剛剛好 😚 1 / 2,2025年8月8日 星期五 下午3:08,,"Photo by 食尚玩家 on August 08, 2025.",104,2,,17,https://www.threads.com/@familymart_tw/post/DNFzOvsyE4n,很剛好😆✨,2025年8月8日 星期五 下午6:26,,,4,,,
luxinying034,https://www.threads.com/@luxinying034/post/DNEv0hxzx2j,我來做一個實驗 同時召喚全家、711、萊爾富、OK小編 看看誰是海巡王,2025年8月8日 星期五 上午8:37,,,100000,3601,7489,30000,https://www.threads.com/@familymart_tw/post/DNFzLr7yJVz,全家就是你家，而你總會不自覺的走回家,2025年8月8日 星期五 下午6:26,,,42000,48,28,81
mu024151,https://www.threads.com/@mu024151/post/DNFwwt1vw7f,給蚵仔煎洋芋片滑😆,2025年8月8日 星期五 下午6:05,@familymart_tw,"Photo by @mu024151 on August 08, 2025.",10,1,,,https://www.threads.com/@familymart_tw/post/DNFxviEyNic,很跟時事的滑😆,2025年8月8日 星期五 下午6:13,,,5,1,,
wonranghae.717,https://www.threads.com/@wonranghae.717/post/DNFZnrUPw_s,全家就是你家 也是娃的家 已購買克拉愛吃👍,2025年8月8日 星期五 下午2:42,@familymart_tw,"Photo by @wonranghae.717 on August 07, 2025. | Photo by @wonranghae.717 on August 07, 2025.",284,1,1,45,https://www.threads.com/@familymart_tw/post/DNFj4kiyRH-,等一下！！！太好看🫶🏻,2025年8月8日 星期五 下午4:12,,,33,,,
svt_guruguru,https://www.threads.com/@svt_guruguru/post/DNFYNhpvmUJ,開動🍽️,2025年8月8日 星期五 下午2:30,@familymart_tw,"Photo by 규류규류•ﻌ• on August 07, 2025.",58,1,,4,https://www.threads.com/@familymart_tw/post/DNFaB9Vy2a9,🫶🏻,2025年8月8日 星期五 下午2:46,,,6,,,
net.t688,https://www.threads.com/@net.t688/post/DNDm-m6SOne,"台鋼雄鷹🦅
全家新的夯蕃薯娃包 裝入takao 有種烤的剛剛好的無違和感",2025年8月7日 星期四 下午10:01,,"Photo by Net on August 07, 2025.",103,5,,4,https://www.threads.com/@familymart_tw/post/DNFOfnEy232,證實夯番薯娃包可放雞柳條,2025年8月8日 星期五 下午1:05,,,49,1,,2
cool_yoyo_by_1,https://www.threads.com/@cool_yoyo_by_1/post/DNFI4ihvpJ3,祝小編父親節快樂（誤,2025年8月8日 星期五 下午12:16,@familymart_tw,,3,1,,,https://www.threads.com/@familymart_tw/post/DNFI9I7SSKy,下班即將付清（哭,2025年8月8日 星期五 下午12:17,,,2,,,
chengjing.media,https://www.threads.com/@chengjing.media/post/DNE3odSPkfB,請問全家跟7-11的霜淇淋到底哪個比較頂🍦 1 / 2,2025年8月8日 星期五 上午9:45,,,79,106,,5,https://www.threads.com/@familymart_tw/post/DNFIYJpSm0_,當然是全家小編,2025年8月8日 星期五 下午12:12,,,93,8,2,
claire_svt17,https://www.threads.com/@claire_svt17/post/DNFDEOUTDNB,啊啊啊啊啊啊啊 等一下真的要衝去了,2025年8月8日 星期五 上午11:25,@familymart_tw,,12,1,,2,https://www.threads.com/@familymart_tw/post/DNFD4zSSpqD,衝啊啊啊！記得拍照給我看✨,2025年8月8日 星期五 上午11:32,,,3,1,,
hypotato_chips,https://www.threads.com/@hypotato_chips/post/DND_GduyDS7,蚵仔煎洋芋片 1 / 2,2025年8月8日 星期五 上午1:31,,,8948,284,100,80,https://www.threads.com/@familymart_tw/post/DNE9yL6SY6P,有人就算不能留言還是引起我全家的注意,2025年8月8日 星期五 上午10:39,,"Photo by 全家便利商店_台灣 on August 07, 2025.",318,1,2,
minamichoi,https://www.threads.com/@minamichoi/post/DNE9cQnSQE8,那我就不客氣了,2025年8月8日 星期五 上午10:36,@familymart_tw,"Photo by ShuTing on August 07, 2025.",114,2,,22,https://www.threads.com/@familymart_tw/post/DNE9r5zSIyE,太適合了吧！！！！！ 翻譯,2025年8月8日 星期五 上午10:38,,,21,,,1
love.eunhyuk_,https://www.threads.com/@love.eunhyuk_/post/DNDUzjLhhzG,"李赫宰
全家這個心型娃包裝赫兔🐰真的超可愛😍 昨天剛上市就去買，耳朵稍稍有點擠需要喬一下，但還是超口愛的💙💙💙",2025年8月7日 星期四 下午7:22,,"Photo by 哆哆哆啦(๑⃙⃘'ㄷ'๑⃙⃘) on August 07, 2025.",398,38,2,141,https://www.threads.com/@familymart_tw/post/DNDwLk3yFtV,🐯應該也要在裡面？！,2025年8月7日 星期四 下午11:21,,,68,4,,3
lazy.food,https://www.threads.com/@lazy.food/post/DNA5kVFpTsc,跟李洪基同款的杯子 就是全家的欸哈哈哈哈哈,2025年8月6日 星期三 下午8:45,,"Photo by 嚐舌富｜高雄美食｜懶人包｜超商美食 on August 06, 2025.",252,6,3,65,https://www.threads.com/@familymart_tw/post/DNDYuLwy69x,好看、好喝、好讚,2025年8月7日 星期四 下午7:56,,,31,,,1
timmy_02.16,https://www.threads.com/@timmy_02.16/post/DNAanIKz2yv,最近迷上拍速度感食物照 1 / 2,2025年8月6日 星期三 下午4:15,,"Photo by 提米 𝕋𝕚𝕞𝕞𝕪 𝕃. on August 06, 2025. | Photo by 提米 𝕋𝕚𝕞𝕞𝕪 𝕃. on August 06, 2025. | Photo by 提米 𝕋𝕚𝕞𝕞𝕪 𝕃. on August 06, 2025. | Photo by 提米 𝕋𝕚𝕞𝕞𝕪 𝕃. on August 06, 2025.",40000,388,2816,6164,https://www.threads.com/@familymart_tw/post/DNDG6TWSnD0,讓霜淇淋不融化的秘訣：,2025年8月7日 星期四 下午5:20,,"Photo by 全家便利商店_台灣 on August 07, 2025.",800,5,4,9
girlstalk.tw,https://www.threads.com/@girlstalk.tw/post/DNDE-vXy4Z9,"全家
全家夯蕃薯18歲了！！！ 限量的「夯蕃薯娃包」真的要搶欸🔥 1 / 2",2025年8月7日 星期四 下午5:04,,"Photo by GIRLSTALK on August 07, 2025. | Photo by GIRLSTALK on August 07, 2025.",571,8,9,153,https://www.threads.com/@familymart_tw/post/DNDFkU3SUzW,哪個食物紅18年還能越來越夯？ 就是全家夯番薯🔥 居然還出週邊？,2025年8月7日 星期四 下午5:09,,,65,,,
_aster_y,https://www.threads.com/@_aster_y/post/DNBPz6azA7H,"SuperJunior
當別人忙著買得正的飲料提繩的時候，
我正在被全家的娃包迷惑中😍
superjunior",2025年8月7日 星期四 上午12:00,,"Photo by 艾絲塔 on August 06, 2025.",655,19,2,112,https://www.threads.com/@familymart_tw/post/DNCaWLsyWMc,屋哩嫩 欸～噗耶又,2025年8月7日 星期四 上午10:51,,,179,5,,
evian11114,https://www.threads.com/@evian11114/post/DNArkiPzJkQ,"全家
因為覺得全家跟7-11的微波爐很方便，就買一台回家 實現居家微波食品自由🥵",2025年8月6日 星期三 下午6:43,,"Photo by Evian🌹 on August 06, 2025.",70000,1079,1282,7190,https://www.threads.com/@familymart_tw/post/DNBLr0oyATI,實現全家就是你家,2025年8月6日 星期三 下午11:24,,,10000,15,22,97
seu0129,https://www.threads.com/@seu0129/post/DM_BITohqVo,"SEVENTEEN
全家這次新出的娃包 真的超可愛(;´༎ຶД༎ຶ`) 雖然是蕃薯娃包 但全家也有賣馬鈴薯🥔 所以拿來裝kimja也很合理吧🥹 真的好喜歡😍 買蕃薯或蕃薯造型的包子 再➕$29就可以擁有它了 各位kimja的媽媽們 是時候給孩子再買個包了😌 1 / 2",2025年8月6日 星期三 上午3:13,,"Photo by Li_Xuan_0129 on August 05, 2025.",745,24,34,713,https://www.threads.com/@familymart_tw/post/DNBBhQaSi5S,等等，太適合了吧！！！！,2025年8月6日 星期三 下午9:55,,,36,1,,
wang_yuanx2,https://www.threads.com/@wang_yuanx2/post/DNAmJacPALU,為何我家這邊全家只有包沒有娃（這有限店嗎）,2025年8月6日 星期三 下午5:56,@familymart_tw,,2,1,,,https://www.threads.com/@familymart_tw/post/DNAmajUybkR,那個娃是夯番薯造型包，是小編的早餐,2025年8月6日 星期三 下午5:58,,,12,1,,
lai_.0906,https://www.threads.com/@lai_.0906/post/DM7pdHNJR4S,"周杰倫
周杰倫這文案是不是忘記他有千萬粉絲",2025年8月4日 星期一 下午7:48,,"Photo by 賴省宏 on August 04, 2025.",39000,280,618,1989,https://www.threads.com/@familymart_tw/post/DNAmWO-ysFE,沒有你的時光，我友善食光,2025年8月6日 星期三 下午5:57,,,725,2,3,8
hui_hui000,https://www.threads.com/@hui_hui000/post/DNAaMPRy6vA,"全家娃包
夯蕃薯的娃包裝馬鈴薯寶寶🥔也好適合喔",2025年8月6日 星期三 下午4:11,@familymart_tw,"Photo by @hui_hui000 on August 06, 2025.",15,1,,3,https://www.threads.com/@familymart_tw/post/DNAdum-SK0C,好可愛🫶🏻,2025年8月6日 星期三 下午4:42,,,2,,,
treewalker.2011,https://www.threads.com/@treewalker.2011/post/DNAO0fmRXDp,娃包哪裡買!!!(敲碗,2025年8月6日 星期三 下午2:32,@familymart_tw,,,1,,,https://www.threads.com/@familymart_tw/post/DNATe7USrpI,全家！,2025年8月6日 星期三 下午3:13,,,,,,
satanvjesus,https://www.threads.com/@satanvjesus/post/DNAOk5gRmOO,支援！ 今天第一天貨量很足,2025年8月6日 星期三 下午2:30,@familymart_tw,"Photo by Mi on August 05, 2025.",22,1,,9,https://www.threads.com/@familymart_tw/post/DNATbLfyVG9,是不是很剛好✨,2025年8月6日 星期三 下午3:12,,,4,,,
shueoqjzn,https://www.threads.com/@shueoqjzn/post/DM9jChmvjgi,"吉伊卡哇 ちいかわ chiikawa
全家的吉伊卡哇衛生紙圖案不一樣( ᵒ̴̶̷̤ᜊᵒ̴̶̷̤ ) 明天特價才開始唷 不要跟我一樣太心急（？？） 1 / 2",2025年8月5日 星期二 下午1:31,,"Photo by 尖尖家 on August 04, 2025. | Photo by 尖尖家 on August 04, 2025. | Photo by 尖尖家 on August 04, 2025.",2370,40,85,2034,https://www.threads.com/@familymart_tw/post/DNANyCayPQu,(՞⸝⸝o̴̶̷̥᷅ ̫ o̴̶̷᷄⸝⸝՞),2025年8月6日 星期三 下午2:23,,,10,,,
coolcourse.education,https://www.threads.com/@coolcourse.education/post/DNAM0XXz4fz,你怎麼有這個酷東西？,2025年8月6日 星期三 下午2:14,@familymart_tw,,,1,,,https://www.threads.com/@familymart_tw/post/DNAM4UGyATK,我們新的加價購，而我是小編🫶🏻,2025年8月6日 星期三 下午2:15,,,5,1,,
zy._032,https://www.threads.com/@zy._032/post/DNAMp4TySK1,好方便 裡面放地瓜餓了可以吃（誤,2025年8月6日 星期三 下午2:13,@familymart_tw,,2,1,,,https://www.threads.com/@familymart_tw/post/DNAMzISyUUk,新潮、實用、好吃？,2025年8月6日 星期三 下午2:14,,,1,2,,
showeateat,https://www.threads.com/@showeateat/post/DM_lJPQTs7g,選我正解！ 全家娃包的正確用法～ 還可以掛在包包上，解放雙手😉,2025年8月6日 星期三 上午8:28,,"Photo by 秀仔✨ on August 05, 2025. | Photo by 秀仔✨ on August 05, 2025.",2862,34,75,759,https://www.threads.com/@familymart_tw/post/DM__chcyJSI,正確✅,2025年8月6日 星期三 下午12:17,,,121,1,,7
tainanjosh,https://www.threads.com/@tainanjosh/post/DM_4zgchtfV,突然覺得…我昨天的晚餐很不錯👍,2025年8月6日 星期三 上午11:19,,"Photo by 台南Josh on August 05, 2025.",2571,68,4,95,https://www.threads.com/@familymart_tw/post/DM_-waBytY7,夯總突然全身無力⋯,2025年8月6日 星期三 下午12:11,,"Photo by 全家便利商店_台灣 on August 05, 2025.",298,6,,9
thedodomen,https://www.threads.com/@thedodomen/post/DM-V07rTMkX,"蚵仔煎洋芋片
聽說大家都在吃蚵仔煎洋芋片…
配著我們聯名的康普茶一起吃 應該很讚吧😍😍😍
今天第二件六折的優惠最後一天！！！ 大家趕快買起來🙌🏻",2025年8月5日 星期二 下午8:55,,"Photo by The DoDo Men - 嘟嘟人 on August 05, 2025.",1425,57,4,24,https://www.threads.com/@familymart_tw/post/DM_59Fdyz8z,這是命定的組合！堪稱全家月老款,2025年8月6日 星期三 上午11:29,,,42,1,,
aszzerop,https://www.threads.com/@aszzerop/post/DM-VU4ihAke,長知識了！明天立即擺兩大包！！重點是要從全家購入！,2025年8月5日 星期二 下午8:50,@familymart_tw,,2,1,,,https://www.threads.com/@familymart_tw/post/DM-dkYMSz_R,沒錯全家購入是重點,2025年8月5日 星期二 下午10:02,,,2,,,
yannlin10,https://www.threads.com/@yannlin10/post/DM-YZsHPkME,那我要去 全家 買乖乖 這樣 「全家發票才會乖乖中獎」🤣,2025年8月5日 星期二 下午9:17,@familymart_tw,,3,1,,,https://www.threads.com/@familymart_tw/post/DM-diN5yzWP,根據實際數據指出，上次買美式打算提神的人結果提到財神,2025年8月5日 星期二 下午10:02,,,2,,,
y.uu_20_,https://www.threads.com/@y.uu_20_/post/DM9uiVdS6b7,你們可以組成飛牡蠣嗎？family,2025年8月5日 星期二 下午3:11,@familymart_tw,,1,1,,,https://www.threads.com/@familymart_tw/post/DM-TRnsSVi9,要一起帶來一段什麼嗎,2025年8月5日 星期二 下午8:32,,,1,,,
taipei_dome,https://www.threads.com/@taipei_dome/post/DM-LuPnTAVh,"蚵仔煎洋芋片
臺北大巨蛋 1 / 2",2025年8月5日 星期二 下午7:26,,"Photo by 臺北大巨蛋 Taipei Dome on August 05, 2025.",666,22,7,1,https://www.threads.com/@familymart_tw/post/DM-S1gzyVKg,應該是全家買的，上次小編同事吃了之後支持的隊伍狂打安打，從此之後好吃一直吃,2025年8月5日 星期二 下午8:28,,,38,1,,1
hkh925,https://www.threads.com/@hkh925/post/DM7-Nylyn-p,"蚵仔煎洋芋片
有一天我終於忍不住問了房貸部門的同事，為何桌上總是有2-3大包沒開過的「波的多蚵仔煎洋芋片」？ 她說這樣她經手的貸款案件才可以撥的多，那時我才知道原來除了乖乖之外「波的多蚵仔煎洋芋片」也有特殊的功用👍",2025年8月4日 星期一 下午10:50,,,1034,35,13,101,https://www.threads.com/@familymart_tw/post/DM-LkGxS9V8,經玄學指出在全家買的法力更強,2025年8月5日 星期二 下午7:25,,,257,5,1,1
arvin08256,https://www.threads.com/@arvin08256/post/DM-G-XnyFOZ,你是不是沒朋友😆😆😆,2025年8月5日 星期二 下午6:45,@familymart_tw,,1,1,,,https://www.threads.com/@familymart_tw/post/DM-HE3mSypX,小聲一點！！！！！,2025年8月5日 星期二 下午6:46,,,3,,,
__tingjia.zhang__,https://www.threads.com/@__tingjia.zhang__/post/DM9SxojSI65,"全家新品
這甜點也太潮了🤣VANS聯名甜點開箱 鹽花生焦糖捲蛋糕有夠好吃！我的MVP❤️ 1 / 2",2025年8月5日 星期二 上午11:09,,"Photo by 庭嘉Tim🇹🇼 台中•彰化美食｜超商｜好物｜新品優惠｜ on August 04, 2025. | Photo by 庭嘉Tim🇹🇼 台中•彰化美食｜超商｜好物｜新品優惠｜ on August 04, 2025.",2252,7,67,1423,https://www.threads.com/@familymart_tw/post/DM-G5EdyLwE,甜點也在滑板圈出道了🛹,2025年8月5日 星期二 下午6:44,,,24,,,1
buzzz._.honeylemon,https://www.threads.com/@buzzz._.honeylemon/post/DM-AaQ6Tqul,剛好缺衛生紙！！！！,2025年8月5日 星期二 下午5:47,@familymart_tw,,1,1,,,https://www.threads.com/@familymart_tw/post/DM-CrC_yf7o,明天開賣🧻 (՞⸝⸝o̴̶̷̥᷅ ̫ o̴̶̷᷄⸝⸝՞),2025年8月5日 星期二 下午6:07,,,7,1,,
shopee_tw,https://www.threads.com/@shopee_tw/post/DM73yvYzuLJ,真蚵仔煎洋芋片,2025年8月4日 星期一 下午9:54,,"Photo by 蝦皮購物Shopee on August 04, 2025.",16000,278,319,973,https://www.threads.com/@familymart_tw/post/DM-CSuaSdlT,您好，你吃就好。,2025年8月5日 星期二 下午6:04,,,318,2,1,
colleen_florist,https://www.threads.com/@colleen_florist/post/DM-BIOZz1yh,我才要哭，剛才去全聯買了2串衛生紙😨,2025年8月5日 星期二 下午5:54,@familymart_tw,,6,1,,,https://www.threads.com/@familymart_tw/post/DM-BmbJSOgE,擦汗擦淚兩相宜,2025年8月5日 星期二 下午5:58,,,7,,,
iris3768,https://www.threads.com/@iris3768/post/DM97UvfTmEM,原來是這樣喝的！？,2025年8月5日 星期二 下午5:03,@familymart_tw,,2,2,,,https://www.threads.com/@familymart_tw/post/DM9_BVmSYdL,搭配全家冰塊杯💜,2025年8月5日 星期二 下午5:35,,,3,,,
__dreammoon,https://www.threads.com/@__dreammoon/post/DM9-vvEps07,我還會加鮮奶🥛💜✨,2025年8月5日 星期二 下午5:33,@familymart_tw,,2,1,,,https://www.threads.com/@familymart_tw/post/DM9-_R6SHUM,💜,2025年8月5日 星期二 下午5:35,,,,,,
rivergroup_tw,https://www.threads.com/@rivergroup_tw/post/DM95zlePRVL,永支全家小編！,2025年8月5日 星期二 下午4:50,@familymart_tw,,5,1,,,https://www.threads.com/@familymart_tw/post/DM952O6SL5v,💜,2025年8月5日 星期二 下午4:50,,,3,,,
afa0914,https://www.threads.com/@afa0914/post/DM8KB9Ly0Hl,"下雨下到長香菇了
高雄最新的限定朝聖地點，超好笑",2025年8月5日 星期二 上午12:33,,"Photo by 麟洛閃電麥坤 on August 04, 2025. | Photo by 麟洛閃電麥坤 on August 04, 2025. | Photo by 麟洛閃電麥坤 on August 04, 2025. | Photo by 麟洛閃電麥坤 on August 04, 2025.",24000,291,735,6209,https://www.threads.com/@familymart_tw/post/DM9uiDGy_mc,"全家便利商店 高雄鳳山老爺店 特別通知： 日前店前分隔島長出的有毒菇菇，已被警察移除。但不用失望，可以來我們店裡買沒毒又好吃的菇菇🍄
一起用菇 buy 緬懷菇 bye",2025年8月5日 星期二 下午3:11,,"Photo by 全家便利商店_台灣 on August 05, 2025.",397,3,1,19
pxgo_official,https://www.threads.com/@pxgo_official/post/DM9nBGlJzco,你J個騙子🤥,2025年8月5日 星期二 下午2:06,@familymart_tw,,,1,,,https://www.threads.com/@familymart_tw/post/DM9qAMRyxow,辣ㄇ,2025年8月5日 星期二 下午2:32,,,,,,
hypotato_chips,https://www.threads.com/@hypotato_chips/post/DM9SBhkv_NU,蚵仔煎洋芋片,2025年8月5日 星期二 上午11:02,,"Photo by 蚵仔煎洋芋片 on August 04, 2025.",21000,420,548,665,https://www.threads.com/@familymart_tw/post/DM9p845SNCO,全家人,2025年8月5日 星期二 下午2:31,,"Photo by 全家便利商店_台灣 on August 04, 2025.",318,5,,2
ru.0610_,https://www.threads.com/@ru.0610_/post/DM4T_zVOb70,永遠不能相信平常吃大辣的人說： 「這個不辣」這句話 1 / 2,2025年8月3日 星期日 下午12:43,,,31000,299,3126,3800,https://www.threads.com/@familymart_tw/post/DM9WULWyiTc,這個不辣,2025年8月5日 星期二 上午11:40,,"Photo by 全家便利商店_台灣 on August 04, 2025.",85,16,,2
wuyaya__,https://www.threads.com/@wuyaya__/post/DM6aXaCODb2,"訂位人員：方便請問先生貴姓嗎？ ：岩
訂位人員：抱歉我沒聽清楚，請您再說一次。 ：山石岩
訂位人員：30元嗎？ ：......你知道你在講什麼嗎？",2025年8月4日 星期一 上午8:17,,,120000,2293,6540,37000,https://www.threads.com/@familymart_tw/post/DM7tVP5SBs5,店員：末三碼 客人：520 店員：姓符嗎？ 客人：就還可以吧,2025年8月4日 星期一 下午8:22,,,33000,59,428,1777
elena.chang.ec,https://www.threads.com/@elena.chang.ec/post/DM7kRLVvjqy,就是那樣沒錯 聽到了 登登 登登登 登登登登登登 登登登登登登 登登,2025年8月4日 星期一 下午7:03,@familymart_tw,,,1,,,https://www.threads.com/@familymart_tw/post/DM7kxGdyjYx,對,2025年8月4日 星期一 下午7:07,,,1,1,,
ch._.00023,https://www.threads.com/@ch._.00023/post/DM7ZmPtxdOV,我選C 羅時豐,2025年8月4日 星期一 下午5:30,@familymart_tw,,1,1,,,https://www.threads.com/@familymart_tw/post/DM7cU8wS6pd,已購買，小孩愛吃,2025年8月4日 星期一 下午5:54,,,1,,,
tinababe1030,https://www.threads.com/@tinababe1030/post/DM0SgJMpsFr,"全家
欸超扯 「美味蟹煲」有驚艷到我‼️ 吃起來有餐廳的感覺～超好吃🤤 有在「愛鹹蛋黃碎」跟「蟹肉絲 」一定要買👍🏻 @familymart_tw 很會欸😎😎😎",2025年8月1日 星期五 下午11:13,,"Photo by 🐻Tina蒂娜🤎 on August 01, 2025. | Photo by 🐻Tina蒂娜🤎 on August 01, 2025. | Photo by 🐻Tina蒂娜🤎 on August 01, 2025.",543,21,23,1034,https://www.threads.com/@familymart_tw/post/DM7SQ03yaTg,,2025年8月4日 星期一 下午4:26,,"Photo by 全家便利商店_台灣 on August 04, 2025.",60,2,,6
say_svt_.carat,https://www.threads.com/@say_svt_.carat/post/DM7HJsnS84P,腦中響起柯南的登登 登 登,2025年8月4日 星期一 下午2:49,@familymart_tw,,692,3,3,10,https://www.threads.com/@familymart_tw/post/DM7R3onSttQ,,2025年8月4日 星期一 下午4:22,,"Photo by 全家便利商店_台灣 on August 04, 2025.",393,4,1,
chen__milly,https://www.threads.com/@chen__milly/post/DM7IIEDxcfC,"我心情好的時候，聽到的是： 登 登 登登登 登登登登登登 登登登登 登登登登
心情不好的時候，聽到的是： 登 登 登登登 登登登登登登 登登登登 登登登登
有人也跟我一樣嗎？",2025年8月4日 星期一 下午2:57,@familymart_tw,,5,1,,,https://www.threads.com/@familymart_tw/post/DM7RnMtyrJH,好像是,2025年8月4日 星期一 下午4:20,,,4,,,
sjhelmet206,https://www.threads.com/@sjhelmet206/post/DM7ATBsphbd,"我選B
A：登 登 登登登 登登登登登登 登登登登 登登登登 這個聽起來就像夏日海邊漫遊海風輕撫 螃蟹經過鯊魚咬土司大海奏樂的交響
B：登 登 登登登 登登登登登登 登登登登 登登登登 這個聽起來在深夜月光皎潔照映下 獨自前行吃著蚵仔煎洋芋片 樹葉風鈴夜鷹伴曲",2025年8月4日 星期一 下午1:49,@familymart_tw,,46,1,1,,https://www.threads.com/@familymart_tw/post/DM7CH1cSlE2,灰門力馬特變奏版,2025年8月4日 星期一 下午2:05,,,13,,,
orangeoba1209,https://www.threads.com/@orangeoba1209/post/DM6_napzx_8,我實測了,2025年8月4日 星期一 下午1:43,@familymart_tw,,10,1,,,https://www.threads.com/@familymart_tw/post/DM7BzNxywTh,有答案了嗎✨,2025年8月4日 星期一 下午2:02,,,5,,,
yilanpov,https://www.threads.com/@yilanpov/post/DM69E2yVLhX,我覺得B那首有點大聲，可以小聲一點嗎？,2025年8月4日 星期一 下午1:21,@familymart_tw,,142,1,,,https://www.threads.com/@familymart_tw/post/DM7Bvh7yObm,"登 登 登登登 登登登登登登 登登登登 登登登登
這樣呢？",2025年8月4日 星期一 下午2:01,,,150,2,,
lineid0978801079,https://www.threads.com/@lineid0978801079/post/DM6_qudR-6-,蚵仔煎洋芋片,2025年8月4日 星期一 下午1:43,@familymart_tw,"Photo by 鐤燚麻辣朴子創始店｜重慶麻辣｜鴨血煲｜炒泡麵｜鍋燒麵｜冷滷滷味 on August 03, 2025.",14,2,,,https://www.threads.com/@familymart_tw/post/DM7BsDCyKZJ,,2025年8月4日 星期一 下午2:01,,"Photo by 全家便利商店_台灣 on August 03, 2025.",9,,,
supertastesupertaste,https://www.threads.com/@supertastesupertaste/post/DM66RILT2TS,"這根本就是超級潮的聯名吧🖤🤍 VANS聯名全家霜淇淋，而且還是可樂口味!!!
餅乾套、紙杯也全面換上了VANS聯名設計，超級適合打卡😆 1 / 2",2025年8月4日 星期一 下午12:56,,"Photo by 食尚玩家 on August 03, 2025. | Photo by 食尚玩家 on August 03, 2025.",123,9,,18,https://www.threads.com/@familymart_tw/post/DM67seayuQQ,今夏最潮跨界聯名🛹🍦✨,2025年8月4日 星期一 下午1:09,,"Photo by 全家便利商店_台灣 on August 03, 2025.",26,1,,
tipsy730903,https://www.threads.com/@tipsy730903/post/DM66P24PkON,你這樣 我會有聽到檸檬聲音的幻覺,2025年8月4日 星期一 下午12:56,@familymart_tw,,,2,,1,https://www.threads.com/@familymart_tw/post/DM67cg-Slq_,那個是 哈！哈哈！哈哈哈哈！,2025年8月4日 星期一 下午1:06,,,6,,,1
househunter_sulin,https://www.threads.com/@househunter_sulin/post/DM66CRkvjTq,C：登愣 等愣 登愣～等登登等愣,2025年8月4日 星期一 下午12:54,@familymart_tw,,2148,5,2,7,https://www.threads.com/@familymart_tw/post/DM67UlWy0Oy,你這個是期間限定版,2025年8月4日 星期一 下午1:05,,,646,1,,1
hi_jiaaa,https://www.threads.com/@hi_jiaaa/post/DM65XxZJJng,"登 登 登登登 登登登登登登 登登登登 登登登登
我聽到是這個",2025年8月4日 星期一 下午12:48,@familymart_tw,,7,1,,,https://www.threads.com/@familymart_tw/post/DM67PZ4SD10,也有這個版本的樣子,2025年8月4日 星期一 下午1:05,,,1,,,
maggie_fun_life,https://www.threads.com/@maggie_fun_life/post/DM663BdzSiV,建議改成 登 登 登登登 登登登登登登 登登登登 登登登登 聽起來比較像全家～,2025年8月4日 星期一 下午1:01,@familymart_tw,,,1,,,https://www.threads.com/@familymart_tw/post/DM67D-Wyp-g,感謝建議,2025年8月4日 星期一 下午1:03,,,1,,,
waterging73,https://www.threads.com/@waterging73/post/DM66T4Iph7m,我聽到👂等等等等～等等等等～等等～等等～等等等等等等等～,2025年8月4日 星期一 下午12:56,@familymart_tw,,2,1,,,https://www.threads.com/@familymart_tw/post/DM67ByUyeaM,感覺少了一個 等～,2025年8月4日 星期一 下午1:03,,,5,1,,
whostea_tw,https://www.threads.com/@whostea_tw/post/DM65btMJu2s,我都是聽到 登 登 登登登 登登登登登登 登登登登 登登登登,2025年8月4日 星期一 下午12:49,@familymart_tw,,25,1,,,https://www.threads.com/@familymart_tw/post/DM66-Guy1aH,也有這個版本的樣子,2025年8月4日 星期一 下午1:02,,,28,,,
king.sun__,https://www.threads.com/@king.sun__/post/DM65vAkJQ7e,我還是沒有等到你的回應🥹 翻譯,2025年8月4日 星期一 下午12:51,@familymart_tw,"Photo by @king.sun__ on August 03, 2025.",,1,,,https://www.threads.com/@familymart_tw/post/DM654fmy29o,有啦～快去看答案✨,2025年8月4日 星期一 下午12:53,,,2,,,
ebenorganic.tw,https://www.threads.com/@ebenorganic.tw/post/DM6w4DQzDKh,"蚵仔煎洋芋片
最近我的脆只有這兩個東西",2025年8月4日 星期一 上午11:34,,,92,18,3,12,https://www.threads.com/@familymart_tw/post/DM6yyJTy3QZ,還有我💚💙,2025年8月4日 星期一 上午11:51,,,42,3,,1
hypotato_chips,https://www.threads.com/@hypotato_chips/post/DM2B7pgvVGs,蚵仔煎洋芋片,2025年8月2日 星期六 下午3:27,,"Photo by 蚵仔煎洋芋片 on August 02, 2025.",25000,796,884,2747,https://www.threads.com/@familymart_tw/post/DM45_Fdu9UE,蚵仔煎洋芋片 you're gonna B my babe,2025年8月3日 星期日 下午6:15,,"Photo by 全家便利商店_台灣 on August 03, 2025.",761,2,5,5
mmg10.05,https://www.threads.com/@mmg10.05/post/DM3Jo8ESxIW,"小編
在脆上一直滑到各店的小編 每個都很搞笑又有梗 7-11、全家、萊爾富、大全聯、蚵仔煎洋芋片… 個人私心最愛巨城小編 請問大家最喜歡哪個小編呢",2025年8月3日 星期日 上午1:53,,,1889,500,36,109,https://www.threads.com/@familymart_tw/post/DM45pRKyFg6,,2025年8月3日 星期日 下午6:12,,"Photo by 全家便利商店_台灣 on August 03, 2025.",280,2,,9
kiwi_brothers.29,https://www.threads.com/@kiwi_brothers.29/post/DM1nXY5y5Rr,"科普一下，台灣是可以養浣熊的，有沒有限制什麼品種不知道，但浣熊很兇不適合私人飼養。
如果沒辦法養浣熊可以來看浣熊吵架",2025年8月2日 星期六 上午11:43,,,2635,15,134,95,https://www.threads.com/@familymart_tw/post/DM3FCrBSpKH,科普一下，浣熊三兄弟是愛喝全家水的,2025年8月3日 星期日 上午1:13,,"Photo by 全家便利商店_台灣 on August 02, 2025.",271,2,5,1
sandy_yeh_go,https://www.threads.com/@sandy_yeh_go/post/DM2D7LPREAx,這是真的🤣 還必須經過2家,2025年8月2日 星期六 下午3:44,@familymart_tw,,82,1,,,https://www.threads.com/@familymart_tw/post/DM2IL3BykDX,🫶🏻,2025年8月2日 星期六 下午4:21,,,75,1,,
stevenchen568,https://www.threads.com/@stevenchen568/post/DM1iERbyIZz,"剛剛在捷運國父紀念館站， 聽到一對情侶為了去大巨蛋到底該走4號還5號出口爭執不休。 男生堅持4號，女生堅持5號， 男生最後問了站務人員， 對方只說了一句話：
「你要去大巨蛋就走4號或5號都可以，你要女朋友就走5號。」
然後那男生，立刻默默拉著女生往5號出口走了。",2025年8月2日 星期六 上午10:48,,,69000,478,911,4540,https://www.threads.com/@familymart_tw/post/DM2DO5kyKES,4.5號出口是抉擇點，但會經過全家才是關鍵點。,2025年8月2日 星期六 下午3:38,,,4796,14,,34
f.dd__,https://www.threads.com/@f.dd__/post/DM1ww9FRmPv,請問吊飾可以挑款嗎 有幾款 謝謝您,2025年8月2日 星期六 下午12:57,@familymart_tw,,,1,,,https://www.threads.com/@familymart_tw/post/DM1ydkgSZO5,吊飾共兩款，隨機不挑款,2025年8月2日 星期六 下午1:12,,,1,,,
girlstalk.tw,https://www.threads.com/@girlstalk.tw/post/DMzdMvpy9CH,全家聯名VANS 「滑爆可樂霜淇淋」登場🔥 加購9元就有迷你VANS滑板吊飾 超級可愛😍 1 / 2,2025年8月1日 星期五 下午3:27,,"Photo by GIRLSTALK on August 01, 2025. | Photo by GIRLSTALK on August 01, 2025.",10000,87,427,19000,https://www.threads.com/@familymart_tw/post/DMzfVXDSbbm,8/5全台全家滑爆上市🛹✨,2025年8月1日 星期五 下午3:46,,,593,8,8,273
stevenchen568,https://www.threads.com/@stevenchen568/post/DMxAvh1SQ1M,"朋友看著小學女兒的成績單，忍不住說了句：「妳除了吃，還會什麼？」
女兒低著頭，小聲回：「我還會餓…」
朋友頓時整句話卡在喉嚨，什麼也說不出來了。",2025年7月31日 星期四 下午4:40,,,20000,89,331,1116,https://www.threads.com/@familymart_tw/post/DMzdXj9SkNr,「會餓，就去全家買匠土司家庭號！搭配大規格鮮乳任一瓶，最多現省 58 元，知不知道！」 建議可以這樣說，展現權威的同時又能讓他練習數學。,2025年8月1日 星期五 下午3:29,,,314,3,,3
tt.444.tt,https://www.threads.com/@tt.444.tt/post/DMxzVtwy1Fg,請問冰淇淋口味什麼時候要換新的？,2025年8月1日 星期五 上午12:02,@familymart_tw,,3,1,,,https://www.threads.com/@familymart_tw/post/DMzaypeSTU2,8/5滑爆可樂新上市✨🛹,2025年8月1日 星期五 下午3:06,,,1,1,,
rivergroup_tw,https://www.threads.com/@rivergroup_tw/post/DMzSEuQSnd2,為了愛護全家小編 於是拼命去吃茶葉蛋 意外發現了這個 有人吃過嗎 1 / 2,2025年8月1日 星期五 下午1:50,,"Photo by 河堤集團 Rivergroup on July 31, 2025.",26,10,,3,https://www.threads.com/@familymart_tw/post/DMzSzLQShBi,🫶🏻,2025年8月1日 星期五 下午1:56,,,7,1,,
huasheng1981,https://www.threads.com/@huasheng1981/post/DMzQKI3p5Lr,現在有買一送一？！（尖叫）,2025年8月1日 星期五 下午1:33,@familymart_tw,,2,1,,,https://www.threads.com/@familymart_tw/post/DMzQuNfya5x,有～～～～～～～～,2025年8月1日 星期五 下午1:38,,"Photo by 全家便利商店_台灣 on July 31, 2025.",6,2,1,17
vvenlq_,https://www.threads.com/@vvenlq_/post/DMvE2syzlWr,全家 請你適可而止😻。,2025年7月30日 星期三 下午10:38,,"Photo by @vvenlq_ on July 30, 2025. | Photo by @vvenlq_ on July 30, 2025. | Photo by @vvenlq_ on July 30, 2025. | Photo by @vvenlq_ on July 30, 2025.",10000,72,338,2519,https://www.threads.com/@familymart_tw/post/DMzEFO3Snus,凌晨三點想吃美味蟹煲的人有福了,2025年8月1日 星期五 上午11:48,,"Photo by 全家便利商店_台灣 on July 31, 2025.",3161,6,40,394
itscathyanyway,https://www.threads.com/@itscathyanyway/post/DMy_2TrydaP,就說酷繽沙是史上最危險的夏季冰品 . . . . . . . 您好，我要兩杯Oreo酷繽沙，加牛奶 好喝自己喝🥰,2025年8月1日 星期五 上午11:11,@familymart_tw,,28,1,,,https://www.threads.com/@familymart_tw/post/DMzBK8wShhW,小編正在喝，真的好好喝,2025年8月1日 星期五 上午11:22,,,7,,,
leeapril612,https://www.threads.com/@leeapril612/post/DMyAqzLBrTI,小編是不是沒朋友😜,2025年8月1日 星期五 上午1:59,@familymart_tw,,,1,,,https://www.threads.com/@familymart_tw/post/DMy3aoryZvX,小聲一點🤫,2025年8月1日 星期五 上午9:57,,,2,,,
dino_ray_mei,https://www.threads.com/@dino_ray_mei/post/DMxfHiBvmDZ,你要胖🐭了,2025年7月31日 星期四 下午9:06,@familymart_tw,,1,1,,,https://www.threads.com/@familymart_tw/post/DMxl_LoSGWD,我要快樂🐭了,2025年7月31日 星期四 下午10:06,,,5,1,,
cartonking.tw,https://www.threads.com/@cartonking.tw/post/DMxc6WAz3Zx,被問要幾隻湯匙的時候都會害羞一下 一隻喔(⁠ ⁠˶⁠ ⁠❛⁠ ⁠ꁞ⁠ ⁠❛⁠ ⁠˶⁠ ⁠),2025年7月31日 星期四 下午8:46,@familymart_tw,,101,1,,1,https://www.threads.com/@familymart_tw/post/DMxl9eNSBc2,大方的說吧🥺🫠😭,2025年7月31日 星期四 下午10:05,,,29,1,,
ccc_knn,https://www.threads.com/@ccc_knn/post/DMuTnqePwOo,好啦我承認 我就是那個數學可以算到哭的那種人 1 / 3,2025年7月30日 星期三 下午3:27,,,25000,130,4548,1922,https://www.threads.com/@familymart_tw/post/DMxHxohSEjo,這一題應該就不會算到哭了吧？,2025年7月31日 星期四 下午5:42,,"Photo by 全家便利商店_台灣 on July 31, 2025.",109,3,,3
nabila_emad1,https://www.threads.com/@nabila_emad1/post/DMv9ICAozJd,🐾🐾,2025年7月31日 星期四 上午6:49,,"Photo by Bolbola🦋, on July 30, 2025. | Photo by Bolbola🦋, on July 30, 2025.",120000,247,8309,5940,https://www.threads.com/@familymart_tw/post/DMw9HjBSG8u,🐾🐾 小肉球軟糖,2025年7月31日 星期四 下午4:09,,"Photo by 全家便利商店_台灣 on July 31, 2025.",481,,1,31
bonnie.0668,https://www.threads.com/@bonnie.0668/post/DMufd8NT9Kl,在思考跟理解之間 他選擇了羊肉串,2025年7月30日 星期三 下午5:11,,"Photo by 電子小老師邦妮3.0 on July 30, 2025.",18000,396,658,3501,https://www.threads.com/@familymart_tw/post/DMw5YMiyxiF,這是不是什麼文鹽文,2025年7月31日 星期四 下午3:36,,,850,1,,9
huhu_lifi,https://www.threads.com/@huhu_lifi/post/DMwzjAZR-6W,今天辦公室寵物日，同事養的小金毛超可愛的 一直躲在桌子後面偷看大家,2025年7月31日 星期四 下午2:45,,"Photo by 呼呼日常 on July 30, 2025.",336,14,5,19,https://www.threads.com/@familymart_tw/post/DMw0CSyyvDG,🫶🏻,2025年7月31日 星期四 下午2:49,,,28,1,,
lingsyuan24,https://www.threads.com/@lingsyuan24/post/DMwvklzSr3v,"拿鐵數量那麼少
是不想賺錢還是怕人家喝？？？
一點誠意都沒有啊",2025年7月31日 星期四 下午2:10,@familymart_tw,,5,1,,,https://www.threads.com/@familymart_tw/post/DMwwQUESfPR,線下實體店舖也同享優惠喲！小編愛你🫶🏻,2025年7月31日 星期四 下午2:16,,,3,,,
ching661229,https://www.threads.com/@ching661229/post/DMwqJyHJtjX,小編 請問全家APP是不是只有限台灣人民使用🤣 外籍勞工想要下載發現只有中文沒有英文😅,2025年7月31日 星期四 下午1:23,@familymart_tw,,1,1,,,https://www.threads.com/@familymart_tw/post/DMwwJzIykEC,有7種語言可選擇✨,2025年7月31日 星期四 下午2:15,,"Photo by 全家便利商店_台灣 on July 30, 2025. | Photo by 全家便利商店_台灣 on July 30, 2025.",3,1,,
level3_1mm,https://www.threads.com/@level3_1mm/post/DMway4mSAak,寶 拿鐵沒了🥲,2025年7月31日 星期四 上午11:09,@familymart_tw,,5,1,,,https://www.threads.com/@familymart_tw/post/DMwcQw-Smtq,寶 單品拿鐵還有的,2025年7月31日 星期四 上午11:21,,,3,1,,
ebenorganic.tw,https://www.threads.com/@ebenorganic.tw/post/DMwapT8T0zQ,1.早上先喝一杯冰磚拿鐵 2.中午再來一瓶EBEN康普茶 3.晚上吃完晚餐買Fami!ce 霜淇淋,2025年7月31日 星期四 上午11:07,@familymart_tw,,8,1,,,https://www.threads.com/@familymart_tw/post/DMwavxiSgoC,完美🫶🏻,2025年7月31日 星期四 上午11:08,,,5,,,
rivergroup_tw,https://www.threads.com/@rivergroup_tw/post/DMwZ0qrvN0T,4.愛護全家小編,2025年7月31日 星期四 上午11:00,@familymart_tw,,5,1,,,https://www.threads.com/@familymart_tw/post/DMwZ3zpSgjV,🫶🏻,2025年7月31日 星期四 上午11:01,,,3,,,
xxbunnybunny,https://www.threads.com/@xxbunnybunny/post/DMuvm2ohGiN,種出來的水蜜桃不太OK 會逃跑還會咬人,2025年7月30日 星期三 下午7:32,@familymart_tw,"Photo by 司徒杏美 on July 30, 2025.",861,3,,3,https://www.threads.com/@familymart_tw/post/DMuzFIwycOh,還有點綠不夠熟,2025年7月30日 星期三 下午8:02,,,234,,,
yuri_glassstudio,https://www.threads.com/@yuri_glassstudio/post/DMumxdYpCKS,縫紉練習，縫了一隻柴犬。 可惜作品太大針線不夠長，背面棉花塞完尚未縫合,2025年7月30日 星期三 下午6:15,@familymart_tw,"Photo by YURI 莤璃玻璃藝術空間 on July 30, 2025.",3345,2,11,38,https://www.threads.com/@familymart_tw/post/DMuojMRS4es,感覺雨天會硬要出門,2025年7月30日 星期三 下午6:30,,,968,,3,6
onf_lighting,https://www.threads.com/@onf_lighting/post/DMufp6eyNht,這種寫實派的綠 我練了很久 請問有建議小編加強的地方嗎？,2025年7月30日 星期三 下午5:13,@familymart_tw,"Photo by ONF on July 30, 2025.",85,3,,,https://www.threads.com/@familymart_tw/post/DMugs4gy3RS,建議手臂要加強,2025年7月30日 星期三 下午5:22,,,130,1,,3
min.young_2021,https://www.threads.com/@min.young_2021/post/DMueTNGzRjd,"全家小編,請收下我的膝蓋。 太厲害了， 這幅作品以細膩的筆觸呈現蛋殼的脆弱與裂痕的張力，彷彿凝結了時間與生命交織的瞬間。 微微的破裂痕跡彷彿預告新生，讓觀者在沉靜中感受時間流動與存在的重量。 感謝你分享，期待您在藝術界中發光發熱。",2025年7月30日 星期三 下午5:01,@familymart_tw,,112,1,,1,https://www.threads.com/@familymart_tw/post/DMueoqoyVR6,哪天辦藝術展的時候邀請您來看,2025年7月30日 星期三 下午5:04,,,65,2,,
9xycqc_,https://www.threads.com/@9xycqc_/post/DMueBNmztnE,這是我羊毛氈作品,2025年7月30日 星期三 下午4:58,@familymart_tw,"Photo by 𝟏𝟖𝟑𖦹𖦹.ᐟ.ᐟ on July 30, 2025.",277,1,,3,https://www.threads.com/@familymart_tw/post/DMuejWJS-N7,旁邊的水也是嗎,2025年7月30日 星期三 下午5:03,,,145,1,,
level3_1mm,https://www.threads.com/@level3_1mm/post/DMuM2JESeND,建議手臂加強,2025年7月30日 星期三 下午2:28,@familymart_tw,,1,1,,,https://www.threads.com/@familymart_tw/post/DMuYIc2S2TQ,已購買，小孩愛吃,2025年7月30日 星期三 下午4:07,,,2,,,
emma.sleep.tw,https://www.threads.com/@emma.sleep.tw/post/DMuVzt-p0q7,需要裂更多痕才好吃 🙂‍↕️,2025年7月30日 星期三 下午3:47,@familymart_tw,,14,1,,1,https://www.threads.com/@familymart_tw/post/DMuYCZpyxrh,下次練習加強🥸,2025年7月30日 星期三 下午4:06,,,9,,,2
90ee.90,https://www.threads.com/@90ee.90/post/DMqv-MnzS4j,"正式被確診為蛋塔
身體很脆 體型很圓 內心很黃 給點壓力會碎 1 / 2",2025年7月29日 星期二 上午6:18,,,21000,53,2283,3085,https://www.threads.com/@familymart_tw/post/DMuX2WZSfb4,"如果你： 魯了很久 體型很圓 外表低調 內在有料
正式被確診為茶葉蛋",2025年7月30日 星期三 下午4:04,,,264,2,2,11
yilanpov,https://www.threads.com/@yilanpov/post/DMuKtN3Vvo-,"去年社區陶藝課的作品 燒的時候溫度沒有拿捏好 形狀有點不夠圓
很美 Handmade",2025年7月30日 星期三 下午2:10,@familymart_tw,"Photo by 宜蘭女婿 尚恩 Sean on July 29, 2025.",1678,4,,1,https://www.threads.com/@familymart_tw/post/DMuNs5NSQgR,很美，下次可挑戰有肉桂香,2025年7月30日 星期三 下午2:36,,,448,,,
1215_3022,https://www.threads.com/@1215_3022/post/DMuHqrGyi6J,為什麼沒有畫出茶葉蛋汁 扣分！,2025年7月30日 星期三 下午1:43,@familymart_tw,,39,1,,,https://www.threads.com/@familymart_tw/post/DMuJuW8yrsX,再繼續加強練習,2025年7月30日 星期三 下午2:01,,,9,,,
plk1689,https://www.threads.com/@plk1689/post/DMuIFVRTf1m,羊毛氈作品 以前手法還很生疏的時候做的,2025年7月30日 星期三 下午1:47,@familymart_tw,"Photo by Chou Yu Shu on July 29, 2025.",4543,3,,18,https://www.threads.com/@familymart_tw/post/DMuJrmSSbyJ,細節可加強,2025年7月30日 星期三 下午2:01,,,1480,1,1,
nyg810824,https://www.threads.com/@nyg810824/post/DMrZ7DapypS,"山不在高，有龍則靈
水不在深，然後咧？",2025年7月29日 星期二 下午12:25,,,25000,2758,2214,18000,https://www.threads.com/@familymart_tw/post/DMt2izdS-ku,我在全家，有霜淇淋😎🍦,2025年7月30日 星期三 上午11:13,,,9781,28,28,102
fel.0713,https://www.threads.com/@fel.0713/post/DMrdgSDzm-U,全家何時可以放過諧音梗,2025年7月29日 星期二 下午12:56,,"Photo by 이JZ on July 28, 2025.",9702,126,489,3042,https://www.threads.com/@familymart_tw/post/DMsHBl4SA9V,放過？不可能的。,2025年7月29日 星期二 下午6:59,,"Photo by 全家便利商店_台灣 on July 29, 2025.",2421,18,16,145
bb___444.y,https://www.threads.com/@bb___444.y/post/DMrSqYdxfDW,"全家
天啊我應該不是最後一個知道全家取貨可以直接送到你家門口取吧？？？
而且免費欸蛤！！
也就是說我下單蝦皮然後選超取免運， 貨到之後再開全家app點送到我家免運⋯
Ok我這麼宅都是時代的方便害的😂",2025年7月29日 星期二 上午11:21,,"Photo by WHITE on July 28, 2025. | Photo by WHITE on July 28, 2025. | Photo by WHITE on July 28, 2025.",8322,328,733,16000,https://www.threads.com/@familymart_tw/post/DMr4sd3SPjX,全家你家都能取📦😎,2025年7月29日 星期二 下午4:54,,,2142,6,2,114
lucky074528,https://www.threads.com/@lucky074528/post/DMrjtvaBUP7,可以行動隨取嗎？,2025年7月29日 星期二 下午1:50,@familymart_tw,,1,1,,,https://www.threads.com/@familymart_tw/post/DMrmG1CSDjf,隨買跨店取也可以買唷！還送1萬點Fa點,2025年7月29日 星期二 下午2:11,,,1,,,4
iming.chen,https://www.threads.com/@iming.chen/post/DMrkrqHSR0l,😳8月7號就「立秋」了捏!,2025年7月29日 星期二 下午1:59,@familymart_tw,,4,1,,,https://www.threads.com/@familymart_tw/post/DMrlSIkya4p,還是要吃哈根達斯😎,2025年7月29日 星期二 下午2:04,,,2,,,
ovo._.0711_,https://www.threads.com/@ovo._.0711_/post/DMrgZFiJAQG,小編我生日已經過半個月沒人跟我說生日快樂可以跟我說生日快樂嗎,2025年7月29日 星期二 下午1:21,@familymart_tw,,3,2,,,https://www.threads.com/@familymart_tw/post/DMrjJpnyda0,生日快樂,2025年7月29日 星期二 下午1:45,,,2,1,,
linkaiying66,https://www.threads.com/@linkaiying66/post/DMpv4geT8xd,要怎麼查哪些門市有呢？🥹,2025年7月28日 星期一 下午8:58,@familymart_tw,,5,2,,,https://www.threads.com/@familymart_tw/post/DMp0GMSSnvm,"全家APP地圖趣尋找販售店舖 *商品數量依實際店舖可販售數量為準) pse.is/7xr8t…
app3.family.com.tw
*全家便利商店好物推薦*發現全家好商品！推薦你看看【造型卡/一番賞地圖】",2025年7月28日 星期一 下午9:35,,*全家便利商店好物推薦*發現全家好商品！推薦你看看【造型卡/一番賞地圖】,6,1,,41
jojoy.991,https://www.threads.com/@jojoy.991/post/DMnQUSjzZZy,"全家蠟筆小新
一抽入魂！！！！！ 直接把大獎抽走🥰🥰🥰🥰 開心開心開心 喜歡喜歡喜歡😍😍 1 / 2",2025年7月27日 星期日 下午9:44,,"Photo by 肉球ㅣ旅行 美食 盲盒 代購 on July 27, 2025. | Photo by 肉球ㅣ旅行 美食 盲盒 代購 on July 27, 2025. | Photo by 肉球ㅣ旅行 美食 盲盒 代購 on July 27, 2025. | Photo by 肉球ㅣ旅行 美食 盲盒 代購 on July 27, 2025.",324,21,,127,https://www.threads.com/@familymart_tw/post/DMpIMiKSBK-,太好運了吧！！！！！！！,2025年7月28日 星期一 下午3:11,,,38,1,,2
wctfa,https://www.threads.com/@wctfa/post/DMothOuzWJR,就被你推銷成功😗,2025年7月28日 星期一 上午11:18,@familymart_tw,"Photo by 梧棲區農會 on July 27, 2025.",5,1,,,https://www.threads.com/@familymart_tw/post/DMoyeA8yqxY,好喝💛,2025年7月28日 星期一 下午12:02,,,2,,,
xipil77,https://www.threads.com/@xipil77/post/DMjaCxzSEJ-,"全家的紅茶好好喝喔！！！
那個茶磚可以直接買嗎？ 我看店員只需要微波一下，然後直接淋在冰塊上就完成了 怎麼會這麼神奇又這麼好喝！？ 1 / 2",2025年7月26日 星期六 上午9:52,,,4300,107,121,482,https://www.threads.com/@familymart_tw/post/DMklEFbSaPl,我們是唯一有仙女紅茶的便利商店 歡迎光臨全家就是你家🧚‍♀️,2025年7月26日 星期六 下午8:47,,,920,3,,4
hsiang_food.travel,https://www.threads.com/@hsiang_food.travel/post/DMiIkLbhP02,全家便利商店的霸王龍化石巧克力🦖,2025年7月25日 星期五 下午10:00,,,7223,93,390,5321,https://www.threads.com/@familymart_tw/post/DMkfQMSyqQK,🦖🔍🍫 考古隊報告：發現可可含量過高的暴龍骨頭,2025年7月26日 星期六 下午7:57,,,330,1,,3
tinababe1030,https://www.threads.com/@tinababe1030/post/DMhvcZwp3TD,拜託大家都給我去買來喝看看！！ 全新出的「冰磚拿鐵」超好喝🤤 1 / 2,2025年7月25日 星期五 下午6:20,,"Photo by 🐻Tina蒂娜🤎 on July 25, 2025. | Photo by 🐻Tina蒂娜🤎 on July 25, 2025. | Photo by 🐻Tina蒂娜🤎 on July 25, 2025.",9398,212,343,8395,https://www.threads.com/@familymart_tw/post/DMkGWSqymn8,🧊🎶,2025年7月26日 星期六 下午4:19,,"Photo by 全家便利商店_台灣 on July 26, 2025.",323,5,3,16
zy._032,https://www.threads.com/@zy._032/post/DMjqIJqydLt,小編你很閒欸🤣,2025年7月26日 星期六 下午12:12,@familymart_tw,,,1,,,https://www.threads.com/@familymart_tw/post/DMkFZ6oS7bW,我是認真工作☺️,2025年7月26日 星期六 下午4:11,,,4,1,,
mine0929,https://www.threads.com/@mine0929/post/DMhzHhUBemK,為何不是我，靠邀我沒買大杯經典美式⋯⋯⋯⋯小編換你接詞了,2025年7月25日 星期五 下午6:53,@familymart_tw,,1,1,,,https://www.threads.com/@familymart_tw/post/DMh2zYty_JB,我不願讓你一個人～錯過這杯大美式🎶,2025年7月25日 星期五 下午7:25,,,11,2,,
seanew9871,https://www.threads.com/@seanew9871/post/DMhybD8Sn78,我本期中的最大獎也是在全家買咖啡！！！,2025年7月25日 星期五 下午6:46,@familymart_tw,"Photo by @seanew9871 on July 25, 2025.",98,2,,1,https://www.threads.com/@familymart_tw/post/DMhylWBST0v,提到財神,2025年7月25日 星期五 下午6:48,,,44,2,,
lnuyasha72812,https://www.threads.com/@lnuyasha72812/post/DMhwr3hRlGU,不喝美式的怎麼辦QQ,2025年7月25日 星期五 下午6:31,@familymart_tw,,,1,,,https://www.threads.com/@familymart_tw/post/DMhyjV4yN70,根據消息指出買Famicollection 鹼性離子水也有中,2025年7月25日 星期五 下午6:48,,,3,,,
hotpot_515,https://www.threads.com/@hotpot_515/post/DMhvsL5yEWm,看來我要改買全家了,2025年7月25日 星期五 下午6:23,@familymart_tw,,19,1,,1,https://www.threads.com/@familymart_tw/post/DMhv2VgSCuW,提（財）神來全家,2025年7月25日 星期五 下午6:24,,,9,,,
chou_chou27,https://www.threads.com/@chou_chou27/post/DMhme_dSwf0,太好笑了哈哈 我想說怎麼有米奇在吃飯,2025年7月25日 星期五 下午5:02,,"Photo by 周 on July 25, 2025.",50000,227,3428,8738,https://www.threads.com/@familymart_tw/post/DMhswFVSs6L,太可愛了吧❤️路上觀察家是你,2025年7月25日 星期五 下午5:57,,,185,1,,1
dino_ray_mei,https://www.threads.com/@dino_ray_mei/post/DMhktY6P2bU,超靠北，到底是善意還是壞心🤣,2025年7月25日 星期五 下午4:47,@familymart_tw,,50,1,,,https://www.threads.com/@familymart_tw/post/DMhnB4ZSZSa,善心的全家在身編,2025年7月25日 星期五 下午5:07,,,75,1,,
stay._.hyj,https://www.threads.com/@stay._.hyj/post/DMfwlj7NTsa,誰的發票掉在 巴黎羅浮宮了 1 / 2,2025年7月24日 星期四 下午11:52,,,100000,1116,2690,8344,https://www.threads.com/@familymart_tw/post/DMhh29rSY7I,幫你看過了，沒中。 下次來全家試試看🥰,2025年7月25日 星期五 下午4:22,,"Photo by 全家便利商店_台灣 on July 25, 2025.",6467,33,15,75
takuritsukou,https://www.threads.com/@takuritsukou/post/DMhTIEaPyiN,發票開獎後 我就可以全款拿下全家冰淇淋🍦一百隻,2025年7月25日 星期五 下午2:13,,,44,11,,1,https://www.threads.com/@familymart_tw/post/DMhVQmJyUAh,本週五六日還有買1送1,2025年7月25日 星期五 下午2:32,,,18,3,,2
recovery__light,https://www.threads.com/@recovery__light/post/DMhOjqiz3f-,全款買下 便利商店 小美冰淇淋 1入 吃的時候 不舔蓋子 以一個豪邁帥氣的姿勢 先將蓋子投入垃圾桶 以此展現您的 男子棄蓋,2025年7月25日 星期五 下午1:33,@oldfish0723,,614,2,3,24,https://www.threads.com/@familymart_tw/post/DMhVF_OS4cl,喜歡,2025年7月25日 星期五 下午2:30,,,111,,,3
lazy.food,https://www.threads.com/@lazy.food/post/DMhFnE4pxfF,全家衛生紙買1送3啊啊啊 1 / 2,2025年7月25日 星期五 下午12:15,,"Photo by 嚐舌富｜高雄美食｜懶人包｜超商美食 on July 24, 2025. | Photo by 嚐舌富｜高雄美食｜懶人包｜超商美食 on July 24, 2025.",66,9,,33,https://www.threads.com/@familymart_tw/post/DMhFsfrSri7,衝啊啊啊啊啊啊啊啊啊,2025年7月25日 星期五 下午12:16,,,16,1,,1
mink_520520,https://www.threads.com/@mink_520520/post/DMcu-GBTb2g,超商規則怪談： 記住 若是店員說“歡迎光臨” 請立刻逃跑 極有可能是偽人假扮的 只有說出“緩～光臨 全幾位～”的店員 才是可信的,2025年7月23日 星期三 下午7:40,,,5791,36,63,28,https://www.threads.com/@familymart_tw/post/DMfKngLSQiw,以及說出「報意思那個夯番薯的石頭真的不能夾！！！」的店員 才是真的可信的,2025年7月24日 星期四 下午6:20,,,54,2,,2
viaiwhat,https://www.threads.com/@viaiwhat/post/DMc6s8lBkX4,"全家便利商店
全家霜淇淋加購的三角錐 這應該才是正確的用法😎 因為家裡會有隨時翻車的貓😂 貓奴必須買❤️❤️",2025年7月23日 星期三 下午9:23,,"Photo by 思思食記。吃過必留下痕跡😛 on July 23, 2025.",2035,29,34,770,https://www.threads.com/@familymart_tw/post/DMe-4V8yj7o,全家也能關心您的室內交通安全🐱⚠️,2025年7月24日 星期四 下午4:38,,,78,1,,1
assetsjackey,https://www.threads.com/@assetsjackey/post/DMe0HRLxgcI,我只有一張一個月後的預購單，哭哭,2025年7月24日 星期四 下午3:04,@familymart_tw,"Photo by 扭牛蛋玩具屋 on July 24, 2025.",5,1,,,https://www.threads.com/@familymart_tw/post/DMe0MPayEot,等你發文✨,2025年7月24日 星期四 下午3:04,,,5,,,
iamteresa0424,https://www.threads.com/@iamteresa0424/post/DMeYXeYJLoX,"全家
全家飯卷的海苔，終於是脆的了！！！ 這包裝到底哪個小天才發明的？好讚啊😍😍😍 1 / 2",2025年7月24日 星期四 上午11:01,,,1734,50,25,227,https://www.threads.com/@familymart_tw/post/DMeoetlSkWf,海苔就是要脆脆的✨ 翻譯,2025年7月24日 星期四 下午1:22,,,115,1,,
mosburger_taiwan,https://www.threads.com/@mosburger_taiwan/post/DMekWe1z8fJ,堡能猜出這是什麼東西，堡母明天請假不上班 1 / 2,2025年7月24日 星期四 下午12:46,,"Photo by 摩斯漢堡 on July 23, 2025.",264,54,,26,https://www.threads.com/@familymart_tw/post/DMeoP-PSLO1,應該是霜淇淋,2025年7月24日 星期四 下午1:20,,,70,,,
four1976,https://www.threads.com/@four1976/post/DMckxDQyahL,你直接說不想上班就好了😎,2025年7月23日 星期三 下午6:11,@familymart_tw,,,1,,,https://www.threads.com/@familymart_tw/post/DMclPUQy4t8,小聲一點🤫,2025年7月23日 星期三 下午6:15,,,3,,,
secondfloorcafe,https://www.threads.com/@secondfloorcafe/post/DMcbQO0yLAa,請幫我看一下 這是英國巨石陣還是貳樓的麵包 猜對我明天就不用上班了,2025年7月23日 星期三 下午4:48,,"Photo by Second Floor 貳樓 on July 23, 2025.",107,34,1,11,https://www.threads.com/@familymart_tw/post/DMchieQyCFC,應該是涼麵,2025年7月23日 星期三 下午5:43,,,34,2,,
emmacchen,https://www.threads.com/@emmacchen/post/DMcM2n9v_sN,你們家海象好吃，會回購,2025年7月23日 星期三 下午2:42,@familymart_tw,,7,1,,,https://www.threads.com/@familymart_tw/post/DMchUAsSkYZ,好吃一直吃,2025年7月23日 星期三 下午5:41,,,2,,,
atenza_7172,https://www.threads.com/@atenza_7172/post/DMcdeY1xf6F,請小編⋯不用拆水龍頭🚰來假扮霜淇淋🍦～🫡🫡🫡,2025年7月23日 星期三 下午5:07,@familymart_tw,,9,1,,,https://www.threads.com/@familymart_tw/post/DMcebAXSLEF,可惡😆,2025年7月23日 星期三 下午5:15,,,4,,,1
arielyoyoyo,https://www.threads.com/@arielyoyoyo/post/DMcPdImBwkq,海象要搭配黏了一塊俗頭呀！,2025年7月23日 星期三 下午3:05,@familymart_tw,,,1,,,https://www.threads.com/@familymart_tw/post/DMcT4QmS697,一起養 翻譯,2025年7月23日 星期三 下午3:43,,,2,,,
mnn777688,https://www.threads.com/@mnn777688/post/DMaHR5Azb-6,"流量密碼
肚子餓就肚子餓什麼喉嚨好癢..",2025年7月22日 星期二 下午7:15,,"Photo by N on July 22, 2025.",18000,27,734,5660,https://www.threads.com/@familymart_tw/post/DMcR6mNya3x,也可以考慮全家Fami!ce冰涼一下,2025年7月23日 星期三 下午3:26,,,92,1,,2
vicky.chiou.87,https://www.threads.com/@vicky.chiou.87/post/DMcRsT6SHrE,這題我知道！這就是傳說中的高級魔法師的魔法帽🧙‍♂️,2025年7月23日 星期三 下午3:24,@familymart_tw,,1,1,,,https://www.threads.com/@familymart_tw/post/DMcRzWmSB20,+10分,2025年7月23日 星期三 下午3:25,,,2,,,
sjhelmet206,https://www.threads.com/@sjhelmet206/post/DMcN2NCppeI,"你們留言也太壞
這明明就去可愛的吉伊卡哇安全帽 我們買帽還享有 ✨終身免費清潔 ✨終身免費鏡片防水鍍膜",2025年7月23日 星期三 下午2:51,@familymart_tw,"Photo by 上爵騎士精品店 on July 22, 2025.",23,1,,1,https://www.threads.com/@familymart_tw/post/DMcOG6NybjP,誰壞！！！！！！！,2025年7月23日 星期三 下午2:53,,,6,,,
rilakkuma_joyce,https://www.threads.com/@rilakkuma_joyce/post/DMYzz81TMKv,"這是我新養的瑪爾濟斯 通體雪白真的很漂亮😍 這孩子還在適應他的新項圈跟牽繩 希望他趕快融入我們家🥹
留言處曬出你家可愛的瑪爾濟斯吧❤️❤️",2025年7月22日 星期二 上午7:05,,"Photo by ㄔㄨㄣˊㄓㄣ on July 21, 2025.",35000,815,2398,9709,https://www.threads.com/@familymart_tw/post/DMcMOFsScUI,這是我們養的海象 歡迎認養,2025年7月23日 星期三 下午2:36,,"Photo by 全家便利商店_台灣 on July 22, 2025. | Photo by 全家便利商店_台灣 on July 22, 2025.",982,14,2,36
tgifridaystaiwan,https://www.threads.com/@tgifridaystaiwan/post/DMbp06dyshb,看出這是什麼 明天小編就休假（非常想休假的眼神🥺） 1 / 2,2025年7月23日 星期三 上午9:36,,"Photo by TGI FRIDAYS Taiwan on July 22, 2025.",102,97,,2,https://www.threads.com/@familymart_tw/post/DMcL2oeyFTJ,很明顯是霜淇淋,2025年7月23日 星期三 下午2:33,,,74,3,,
_.0529su,https://www.threads.com/@_.0529su/post/DMcHTrZztab,我就叛逆，我要後天去囤！,2025年7月23日 星期三 下午1:54,@familymart_tw,,,1,,,https://www.threads.com/@familymart_tw/post/DMcKNPvyBap,也可以🤓,2025年7月23日 星期三 下午2:19,,,,,,
kkdaytw,https://www.threads.com/@kkdaytw/post/DMbxrtPRFJi,太......可愛ㄌ....,2025年7月23日 星期三 上午10:45,@familymart_tw,,5,1,,,https://www.threads.com/@familymart_tw/post/DMcErNTSufF,太⋯⋯⋯讚ㄌ⋯,2025年7月23日 星期三 下午1:31,,,2,,,
zorakuo,https://www.threads.com/@zorakuo/post/DMcAAdiRE10,手刀收編,2025年7月23日 星期三 下午12:50,@familymart_tw,"Photo by 花花日常 ｜解副本老母 on July 22, 2025.",2,1,,,https://www.threads.com/@familymart_tw/post/DMcEorJSTx1,可愛、實用、時尚🤓,2025年7月23日 星期三 下午1:30,,,1,,,
true_andfood,https://www.threads.com/@true_andfood/post/DMbss4whdUW,前幾天才看到全家有一堆三角錐 原來是這個用途XD 感覺有點廢又有點可愛🤣,2025年7月23日 星期三 上午10:01,@familymart_tw前幾天才看到全家有一堆三角錐,,3,1,,,https://www.threads.com/@familymart_tw/post/DMb7ptryCOZ,實用🤓,2025年7月23日 星期三 下午12:12,,,,,,
duoduosoap,https://www.threads.com/@duoduosoap/post/DMbvCowBoYh,有點廢有點可愛😂😂,2025年7月23日 星期三 上午10:21,@familymart_tw有點廢有點可愛😂😂讚3回覆1轉發分享,,3,1,,,https://www.threads.com/@familymart_tw/post/DMbxzNtSg6r,實用🤓,2025年7月23日 星期三 上午10:46,,,2,,,
ailsa820,https://www.threads.com/@ailsa820/post/DMZ8WudpQhw,我阿母已經蓄勢待發😎,2025年7月22日 星期二 下午5:39,@familymart_tw我阿母已經蓄勢待發😎讚3回覆1轉發分享,,3,1,,,https://www.threads.com/@familymart_tw/post/DMaEuBuS812,剛剛小編媽也打來😆,2025年7月22日 星期二 下午6:52,,,5,,,
egenverd_e,https://www.threads.com/@egenverd_e/post/DMZ3p9VOttT,等等就去買,2025年7月22日 星期二 下午4:58,@familymart_tw等等就去買讚5回覆1轉發分享3,,5,1,,3,https://www.threads.com/@familymart_tw/post/DMZ5bzqSggo,優惠是明天開始喔！,2025年7月22日 星期二 下午5:14,,,16,,,1
wacookiesofficial,https://www.threads.com/@wacookiesofficial/post/DMNUe_XAHuV,👀 全新雪糕 7/23 全家便利商店上市😎✨,2025年7月17日 星期四 下午8:00,,"Photo by WA!COOKIES on July 17, 2025. | Photo by WA!COOKIES on July 17, 2025.",2042,22,87,2721,https://www.threads.com/@familymart_tw/post/DMZFhWsyTL5,新口味啊啊啊啊啊啊啊啊啊（太期待✨,2025年7月22日 星期二 上午9:40,,,48,1,,1
___b.ooooooook,https://www.threads.com/@___b.ooooooook/post/DMUA2MBy20Z,尊重🫡,2025年7月20日 星期日 上午10:23,@familymart_tw尊重🫡讚2回覆1轉發分享,,2,1,,,https://www.threads.com/@familymart_tw/post/DMVPl1kyMDk,必須尊重起來,2025年7月20日 星期日 下午9:51,,,1,,,
wqnmdb.sjb,https://www.threads.com/@wqnmdb.sjb/post/DMPILyDzf2Q,那一年，我十七歲 已經懂得在中午的時候 去學校旁邊的菜市場 幫自己買半顆西瓜來取悅自己 我要讓學測知道，誰才是生活的主人 1/2,2025年7月18日 星期五 下午12:51,,"Photo by 陳拼接 on July 17, 2025. | Photo by 陳拼接 on July 17, 2025.",30000,217,800,1115,https://www.threads.com/@familymart_tw/post/DMPygjEyU2_,也可以到學校旁邊的全家買這個組合，讓身體知道誰才是主人,2025年7月18日 星期五 下午7:01,,"Photo by 全家便利商店_台灣 on July 18, 2025.",3277,30,21,161
cnslyhan623,https://www.threads.com/@cnslyhan623/post/DMcC6ZNJRRV,根據他的外觀和顏色，還有紋路的角度，我拿量角器量過了，身為一個專業的設計師，我覺得兩種應該都不是🤔 比較有可能的是Eciimaf地區的獨角獸🦄,2025年7月23日 星期三 下午1:15,@familymart_tw,,161,1,,,https://www.threads.com/@familymart_tw/post/DMcEBMGSGXP,不要太專業,2025年7月23日 星期三 下午1:25,,,26,1,,
taiwanlixiu,https://www.threads.com/@taiwanlixiu/post/DMPrLiTyDVu,剛剛喝完了 超好喝 ！希望不是限定商品，這樣每次來台灣都能喝到。上次去金門旅遊時喝到高粱咖啡，整個愛上了，但在台北一直找不到，真的好難過。幸好有全家，讓我又能再喝到高粱咖啡了！謝謝全家食品開發部🥹🫶🏻,2025年7月18日 星期五 下午5:57,@familymart_tw,,11,2,,8,https://www.threads.com/@familymart_tw/post/DMPsnnrSgnK,而且還有康普茶凍✨,2025年7月18日 星期五 下午6:09,,,7,1,,
rivergroup_tw,https://www.threads.com/@rivergroup_tw/post/DMPoPuQvups,哦 真冰梁,2025年7月18日 星期五 下午5:31,@familymart_tw,,20,1,,2,https://www.threads.com/@familymart_tw/post/DMPqB_ty5Ud,讚,2025年7月18日 星期五 下午5:47,,,1,,,
nownews,https://www.threads.com/@nownews/post/DMNMVm3TtHx,"冰淇淋
＼國際冰淇淋日🍦／ 全家霜淇淋買1送1 三角錐吃冰神器：不怕滴到手 哪個天才想的 ദ്ദി ˉ͈̀꒳ˉ͈́ )✧
📷 圖／ @familymart_tw 1 / 2",2025年7月17日 星期四 下午6:49,,"Photo by NOWnews 今日新聞 on July 17, 2025.",879,16,17,588,https://www.threads.com/@familymart_tw/post/DMNQcZvSzlP,ദ്ദി ˉ͈̀꒳ˉ͈́ )✧ 翻譯,2025年7月17日 星期四 下午7:25,,,224,2,,22
rakuten_monkeys_mascoten,https://www.threads.com/@rakuten_monkeys_mascoten/post/DMMsOTsBWeO,🥵☀️🍑🐒,2025年7月17日 星期四 下午2:08,@familymart_tw,,225,12,,3,https://www.threads.com/@familymart_tw/post/DMNQRNcy8z6,可愛✨,2025年7月17日 星期四 下午7:23,,,8,,,
bmi48_,https://www.threads.com/@bmi48_/post/DMMhOl1v-uD,剛剛突然發現到一件事 世界上只需要6個詞彙 1.真假 2.確實 3.救命 4.發瘋 5.幹 6.笑死（好好笑） 就可以回覆所有的中文 決定以後教外國人說中文先學這六個詞,2025年7月17日 星期四 下午12:32,,,18000,181,1134,1947,https://www.threads.com/@familymart_tw/post/DMNODlwSRUm,真假！7/18 - 7/20 全家霜淇淋又有買 1 送 1？ 確實，畢竟最近超熱，中午那太陽真的是救命 欸發瘋我發現這個月是仙草口味！ 名字叫仙仙仙草霜淇淋，笑死 乾 剛剛吃了一口，真的超好吃我瘋掉！,2025年7月17日 星期四 下午7:04,,,1036,5,3,47
ebenorganic.tw,https://www.threads.com/@ebenorganic.tw/post/DMMgk0Lz0kc,🍎🥭🥂❤️‍🔥,2025年7月17日 星期四 下午12:26,@familymart_tw,,8,1,,,https://www.threads.com/@familymart_tw/post/DMNJuVRyP7U,💚💙,2025年7月17日 星期四 下午6:26,,,3,,,
gu_taiwan,https://www.threads.com/@gu_taiwan/post/DMMakIIpBYB,🆓,2025年7月17日 星期四 上午11:34,@familymart_tw,,106,1,,2,https://www.threads.com/@familymart_tw/post/DMMa2WCy1CN,喜歡,2025年7月17日 星期四 上午11:36,,,25,,,
vicky850520,https://www.threads.com/@vicky850520/post/DMKpqGcxgY_,另一家只有麵包 你是愛情嘛😍（摸頭,2025年7月16日 星期三 下午7:07,@familymart_tw,,40,2,,,https://www.threads.com/@familymart_tw/post/DMKyt0MSeLA,可以,2025年7月16日 星期三 下午8:27,,,29,,,
josh__.117,https://www.threads.com/@josh__.117/post/DMKiGhFvqP5,看成兩隻鸚鵡在看烤玉米,2025年7月16日 星期三 下午6:01,@familymart_tw,"Photo by @josh__.117 on July 16, 2025.",1526,5,4,21,https://www.threads.com/@familymart_tw/post/DMKnjjYypy_,有點像其實,2025年7月16日 星期三 下午6:49,,,187,,,
chingshin1987,https://www.threads.com/@chingshin1987/post/DMKbhuXyKY6,就算點了多糖 還是找不回當初的感覺💔,2025年7月16日 星期三 下午5:04,@familymart_tw,,472,4,,15,https://www.threads.com/@familymart_tw/post/DMKnbJBSeJA,去冰也去不了我冰冷的心,2025年7月16日 星期三 下午6:48,,,295,2,,11
amber08150815,https://www.threads.com/@amber08150815/post/DMKUF_PSAWW,你才失戀 你全家失戀,2025年7月16日 星期三 下午3:59,@familymart_tw,,664,1,1,18,https://www.threads.com/@familymart_tw/post/DMKnPQ6S0FE,可是你好美💚💙,2025年7月16日 星期三 下午6:46,,,219,1,,
floppy.tw,https://www.threads.com/@floppy.tw/post/DMKXSiHxq1T,地瓜瓜握的了沙拉 我卻掌握不了妳,2025年7月16日 星期三 下午4:27,@familymart_tw,"Photo by Floppy科比｜虛擬主機 on July 16, 2025.",518,2,1,20,https://www.threads.com/@familymart_tw/post/DMKnNy2y9G3,失戀可以哭，但別餓肚子。,2025年7月16日 星期三 下午6:46,,,141,,,
vicky850520,https://www.threads.com/@vicky850520/post/DMKiAYfxaUs,我難過的是—愛情跟麵包，你選了麵包。,2025年7月16日 星期三 下午6:00,@familymart_tw,"Photo by 吱嘎 on July 16, 2025.",153,3,1,22,https://www.threads.com/@familymart_tw/post/DMKnAJwS1P1,更難過的是，你這哪家的麵包我不認識（心碎,2025年7月16日 星期三 下午6:44,,,356,2,,4
min9781_,https://www.threads.com/@min9781_/post/DMFYUOeAJgf,"拜託一人說一個🥺
交出你在台北已經好幾刷巨好吃 會一直回訪的餐廳不能沒有吃到的美食
請大家好好燒我一下🔥 1 / 2",2025年7月14日 星期一 下午6:00,,,62000,9972,21000,89000,https://www.threads.com/@familymart_tw/post/DMKLy_Iy0QV,"全家便利商店 李珠珢限定店 全家便利商店 板橋大庭店 全家便利商店 圓山飯店
回訪數百次 各國料理都有",2025年7月16日 星期三 下午2:46,,,207,2,,7
kkdaytw,https://www.threads.com/@kkdaytw/post/DL9pZKKRjd5,"BLACKPINK
2025/7/11的大事： 1️⃣ BLACKPINK 回歸 2️⃣ TWICE 回歸 3️⃣ 7-11 生日 4️⃣ 全家小編生日 5️⃣ 昨天小編本人生日（嗯？ 1 / 2",2025年7月11日 星期五 下午5:55,,,302,9,,1,https://www.threads.com/@familymart_tw/post/DMJy4xJyXdO,全家小編爭取排第3順位,2025年7月16日 星期三 上午11:09,,,124,2,,
facv_nine,https://www.threads.com/@facv_nine/post/DMH2RY0yaus,大家好，這是九族文化村的第一則串文！ 看見訊息的朋友可以跟我打聲招呼嗎🥹,2025年7月15日 星期二 下午5:00,,,72000,3166,358,1269,https://www.threads.com/@familymart_tw/post/DMJeeZzSOnM,全家都要去玩🥺,2025年7月16日 星期三 上午8:10,,,575,1,,3
timmyabu,https://www.threads.com/@timmyabu/post/DMHSE0CvaEV,"很喜歡吃霜淇淋，本來對7-Eleven的霜淇淋有期待， 但發現它竟然取了一個很土味名字叫「雪淋霜」之後，瞬間就沒什麼食欲了。
這到底是誰想的？還是如傳言拍老闆娘馬屁過頭？
全家：Fami!ce ￼霜淇淋 🍦 7-11: ：雪淋霜⋯🙄",2025年7月15日 星期二 上午11:44,,,5858,137,62,140,https://www.threads.com/@familymart_tw/post/DMIOtP9S-Ic,全家🍦好ㄔ,2025年7月15日 星期二 下午8:33,,,1378,4,,1
canarychun,https://www.threads.com/@canarychun/post/DMFESauyLz_,"地方創生
作為一個地方工作者，滑鼠帶成社區給的草仔粿也是一件很正常的事。 1 / 2",2025年7月14日 星期一 下午3:05,,"Photo by 吳君薇 on July 14, 2025.",54000,300,2503,8425,https://www.threads.com/@familymart_tw/post/DMF8sG9SODz,滑鼠長得像草仔粿，而全家就長得像我家。,2025年7月14日 星期一 下午11:17,,,951,1,1,3
lunayuan,https://www.threads.com/@lunayuan/post/DMA5btyBNsn,"Energy
成軍23週年的夜晚， 很鬧很逗趣也很真誠的IG連線， 不但劇透高雄演唱會內容， 哥哥們還精心設計的五位IG同框 加上路邊巧遇的歌迷 一起許願吹蠟燭， 與歌迷隔空慶祝Energy生日快樂🎂
（後記）全家小編緊張到立刻傳來訊息： 書偉的廣告貼紙是貼在霜淇淋和抹茶拿鐵啦！🫶🏻",2025年7月13日 星期日 上午12:13,,"Photo by 原友蘭 on July 12, 2025.",631,62,9,9,https://www.threads.com/@familymart_tw/post/DMA-50Typj9,書偉在這裡呀～（這句怎麼有聲音,2025年7月13日 星期日 上午1:01,,"Photo by 全家便利商店_台灣 on July 12, 2025.",130,12,1,1
lihpaoresort,https://www.threads.com/@lihpaoresort/post/DL9sFlGBKku,真的看不出是害羞還是感動到哭了呢,2025年7月11日 星期五 下午6:18,@familymart_tw,,8,1,,,https://www.threads.com/@familymart_tw/post/DL9ve7wSAsj,那是我社死的眼淚,2025年7月11日 星期五 下午6:48,,,16,,,
huhu_lifi,https://www.threads.com/@huhu_lifi/post/DL9GwiDRlls,隔著螢幕都能感受到小編的絕望......,2025年7月11日 星期五 下午12:52,@familymart_tw,,37,1,,,https://www.threads.com/@familymart_tw/post/DL9n0AwyUwB,大型社死現場,2025年7月11日 星期五 下午5:41,,,21,,,
billy4select,https://www.threads.com/@billy4select/post/DL9Z7Q0SGMw,隔壁的７同學表示，為什麼我生日有人比我更大聲,2025年7月11日 星期五 下午3:40,@familymart_tw,,63,1,,1,https://www.threads.com/@familymart_tw/post/DL9gO_AycUk,全家小編7/11生日快樂～～～（小小聲,2025年7月11日 星期五 下午4:35,,,51,,,
tptea.taiwan,https://www.threads.com/@tptea.taiwan/post/DL9TXeqpzo-,全家小編生日快樂🎂啊其實今天也是會長生日啦😆,2025年7月11日 星期五 下午2:42,@familymart_tw,"Photo by 茶湯會 TP TEA on July 10, 2025.",90,1,,1,https://www.threads.com/@familymart_tw/post/DL9cquDyt4f,生日快樂 會長,2025年7月11日 星期五 下午4:04,,,28,,,
colatour_tw,https://www.threads.com/@colatour_tw/post/DL9acARRPdi,小編今天想先聽BP、Twice還是JB？,2025年7月11日 星期五 下午3:44,@familymart_tw,,14,1,,,https://www.threads.com/@familymart_tw/post/DL9ajNASDzV,Energy - High 5 🙌（全家便利商店廣告主題曲）,2025年7月11日 星期五 下午3:45,,,34,1,,
eirei_rin,https://www.threads.com/@eirei_rin/post/DL9MPM_v1wU,全家小編7/11生日，沒有一間7-11受到傷害😆,2025年7月11日 星期五 下午1:40,@familymart_tw,,89,1,,,https://www.threads.com/@familymart_tw/post/DL9W4l_SHKv,只有同事愛,2025年7月11日 星期五 下午3:13,,,45,,,
bounty_huntr,https://www.threads.com/@bounty_huntr/post/DL9Do72SYaO,看來壽星沒有很E🤣,2025年7月11日 星期五 下午12:25,@familymart_tw,,8,1,,1,https://www.threads.com/@familymart_tw/post/DL9WyGkyWPW,等等，他可是 大 寫 的 E ！！！！！,2025年7月11日 星期五 下午3:12,,,16,,,
tinoliang,https://www.threads.com/@tinoliang/post/DL8tMIqT3Mr,如果找露比醬來行銷就完美了😍,2025年7月11日 星期五 上午9:09,@familymart_tw,,,1,,,https://www.threads.com/@familymart_tw/post/DL9PpZty5ms,Hi～～～～,2025年7月11日 星期五 下午2:10,,,2,,,
cartonking.tw,https://www.threads.com/@cartonking.tw/post/DL9IXeWRdxH,"全家小編7/11生日快樂
阿楞本來很難過，Thread派對帽沒了 但現在有【全家小編7/11生日快樂】派對帽啦！
立馬去買了霜淇淋回來給阿楞 ! @familymart_tw 全家小編！生日快樂！
冰淇淋買一送一，箱編一支，阿楞一支🥰",2025年7月11日 星期五 下午1:06,,"Photo by 紙箱王 Carton King on July 10, 2025.",60,4,1,5,https://www.threads.com/@familymart_tw/post/DL9OK6EylAx,全家都來慶生💚💙,2025年7月11日 星期五 下午1:57,,,26,1,,
nxuain_,https://www.threads.com/@nxuain_/post/DL5DJT5Sqlj,"天天玩樂園
幹這個我要發脆 超有才 屌到炸。",2025年7月9日 星期三 下午11:04,,"Photo by 𐙚𓂃˖嘉欣欣𝟅𝟈 on July 09, 2025. | Photo by 𐙚𓂃˖嘉欣欣𝟅𝟈 on July 09, 2025. | Photo by 𐙚𓂃˖嘉欣欣𝟅𝟈 on July 09, 2025. | Photo by 𐙚𓂃˖嘉欣欣𝟅𝟈 on July 09, 2025. | Photo by 𐙚𓂃˖嘉欣欣𝟅𝟈 on July 09, 2025. | Photo by 𐙚𓂃˖嘉欣欣𝟅𝟈 on July 09, 2025.",16000,197,699,3687,https://www.threads.com/@familymart_tw/post/DL9OEutS2Zx,天天玩樂園 也別忘了天天來全家,2025年7月11日 星期五 下午1:56,,,102,1,,5
tryuujiae._,https://www.threads.com/@tryuujiae._/post/DL1rewUyZaM,下次遇到問題 記得好好溝通😍,2025年7月8日 星期二 下午3:39,,"Photo by Huuuui on July 08, 2025.",20000,57,2533,4294,https://www.threads.com/@familymart_tw/post/DL9OC_tybaf,,2025年7月11日 星期五 下午1:56,,"Photo by 全家便利商店_台灣 on July 10, 2025.",68,,,2
lamonjuice790708,https://www.threads.com/@lamonjuice790708/post/DL9DSg9Byxz,我也是今天生日😢容易被遺忘的巨蟹女,2025年7月11日 星期五 下午12:22,@familymart_tw,,29,9,,,https://www.threads.com/@familymart_tw/post/DL9E93fy7pF,生日快樂💚💙,2025年7月11日 星期五 下午12:37,,,24,,,
mw_1680,https://www.threads.com/@mw_1680/post/DL9D8Pfxqus,"全家
下班必須來一支霜淇淋🍦 也有慶生帽可以拿嗎😆 生日快樂🎂",2025年7月11日 星期五 下午12:28,@familymart_tw,,21,1,,,https://www.threads.com/@familymart_tw/post/DL9E4TgyP5D,限時3天霜淇淋買1送1✨,2025年7月11日 星期五 下午12:36,,,28,,1,2
syuan9.7,https://www.threads.com/@syuan9.7/post/DL9DfiaP0Ld,請問是回覆湯旁邊的溝可以一起分食的小編嗎😍 生日快樂🎂,2025年7月11日 星期五 下午12:24,@familymart_tw,,3,1,,1,https://www.threads.com/@familymart_tw/post/DL9Ez8ZyMK_,就是凹溝飲本編，但居然遇到更E的人！,2025年7月11日 星期五 下午12:35,,,8,1,,
news.ebc,https://www.threads.com/@news.ebc/post/DL8sRtCTO-N,今天7-11生日！全家掛布條幫慶生 萊爾富：被排擠了 -- 今天到底是誰生日啦，通通生日快樂!!! 1 / 2,2025年7月11日 星期五 上午9:01,,"Photo by 東森新聞 on July 10, 2025.",1927,39,26,97,https://www.threads.com/@familymart_tw/post/DL8y4EbSgtW,全家表示：真人真事💚💙,2025年7月11日 星期五 上午9:59,,"Photo by 全家便利商店_台灣 on July 10, 2025.",360,5,,7
ccccc_za,https://www.threads.com/@ccccc_za/post/DL8tk80BBvK,不可能拍番薯還不忘附上本體石頭一起戴生日帽耶😍,2025年7月11日 星期五 上午9:12,@familymart_tw,,2,1,,,https://www.threads.com/@familymart_tw/post/DL8xmE5SldN,石在是可愛,2025年7月11日 星期五 上午9:47,,,1,,,1
rrrongrrr,https://www.threads.com/@rrrongrrr/post/DL8snDiTVo0,@ball5605 全家小編生日快樂（拍完帽子就掰掰了😂）,2025年7月11日 星期五 上午9:04,@familymart_tw,"Photo by RONG on July 10, 2025. | Photo by RONG on July 10, 2025.",18,1,,1,https://www.threads.com/@familymart_tw/post/DL8xgZhyl8y,他的表情看起來有在幫小編慶祝，對嗎😆,2025年7月11日 星期五 上午9:47,,,4,,,
lswing,https://www.threads.com/@lswing/post/DL8vCDaBeaN,小編生日快樂，是每間店都有可愛的餅乾套嗎,2025年7月11日 星期五 上午9:25,@familymart_tw,,3,1,,,https://www.threads.com/@familymart_tw/post/DL8xZw1yxr-,霜淇淋店都有機會拿到，買1送1吃起來✨,2025年7月11日 星期五 上午9:46,,,3,,,
prince_chuang,https://www.threads.com/@prince_chuang/post/DL7zCtHht1t,小編生日快樂、咦！7-11生日為什麼在全家當小編🤭🤭🤭,2025年7月11日 星期五 上午12:41,@familymart_tw,,13,1,,,https://www.threads.com/@familymart_tw/post/DL7zJ61yyac,因為全家就是你家,2025年7月11日 星期五 上午12:42,,,27,1,,2
weieats.me,https://www.threads.com/@weieats.me/post/DL7t7i-z083,把紙套倒過來就是生日帽耶！太可愛❤️,2025年7月10日 星期四 下午11:56,@familymart_tw,,50,1,1,1,https://www.threads.com/@familymart_tw/post/DL7uMi_yL2O,大家是不是發現我們的可愛了,2025年7月10日 星期四 下午11:58,,,30,,,
dr.icu_kim,https://www.threads.com/@dr.icu_kim/post/DL7Z_ISS0OJ,為什麼7-11生日是全家慶祝？,2025年7月10日 星期四 下午9:02,,"Photo by 陳志金 on July 10, 2025.",1050,27,3,17,https://www.threads.com/@familymart_tw/post/DL7rNTTSic8,因為小編我就是7/11生日,2025年7月10日 星期四 下午11:32,,,513,6,,2
allen365apple,https://www.threads.com/@allen365apple/post/DL7iafWBdNM,好，絕對不會跟 @7eleventw 說的！,2025年7月10日 星期四 下午10:15,@familymart_tw,,14,1,,,https://www.threads.com/@familymart_tw/post/DL7j__vS26L,小聲一點,2025年7月10日 星期四 下午10:29,,,10,,,
mooncat9874123,https://www.threads.com/@mooncat9874123/post/DL7ehWGBrYI,欸～！！！這個不是開玩笑的嗎？ ～( ￣▽￣)σ,2025年7月10日 星期四 下午9:41,@familymart_tw,,6,1,,,https://www.threads.com/@familymart_tw/post/DL7eoiVSD9g,不，全家小編真的7/11生日,2025年7月10日 星期四 下午9:42,,,61,1,,
aa.dokie.dokie,https://www.threads.com/@aa.dokie.dokie/post/DL7Gdkpxl6p,台灣最美的風景🤩,2025年7月10日 星期四 下午6:11,@familymart_tw,,76,1,,,https://www.threads.com/@familymart_tw/post/DL7dXntymKG,這張照片是不是 臺灣感性,2025年7月10日 星期四 下午9:31,,,75,,,
linetvtw,https://www.threads.com/@linetvtw/post/DL7SXOuTReX,我們4/1愚人節生日 打算過一整年生日 也可以祝我生日快樂嗎,2025年7月10日 星期四 下午7:55,@familymart_tw,,336,1,,,https://www.threads.com/@familymart_tw/post/DL7dQNzSS9W,生日快樂，記得來全家慶祝💚💙,2025年7月10日 星期四 下午9:30,,,261,,,1
peifen_hsieh,https://www.threads.com/@peifen_hsieh/post/DL7Z5meRCiU,好像繞口令🤣🤣,2025年7月10日 星期四 下午9:01,@familymart_tw,,40,1,,,https://www.threads.com/@familymart_tw/post/DL7dMDsSii8,全家小編7/11生日快樂（重點,2025年7月10日 星期四 下午9:30,,,35,,,
,https://www.threads.com/@faustochou/post/DL7WavePfDx,"全家
7-11捷運台北車站m6出口門市",2025年7月10日 星期四 下午8:31,@familymart_tw,"Photo by 周子愉 on July 10, 2025.",96,,3,13,https://www.threads.com/@familymart_tw/post/DL7c6GGS9Dd,都是全家人,2025年7月10日 星期四 下午9:27,,"Photo by 全家便利商店_台灣 on July 10, 2025.",300,,5,13
viz122_q0523,https://www.threads.com/@viz122_q0523/post/DL7TZl0S0jc,全家小編生日快樂喔！(小聲說）,2025年7月10日 星期四 下午8:04,@familymart_tw,,18,1,,1,https://www.threads.com/@familymart_tw/post/DL7a0PDSYDD,謝謝～～～（小小聲,2025年7月10日 星期四 下午9:09,,,19,,,
ultron.meta,https://www.threads.com/@ultron.meta/post/DL7Zsi1SS3a,@7eleventw 欸我偷偷跟你說⋯,2025年7月10日 星期四 下午8:59,@familymart_tw,,14,1,,,https://www.threads.com/@familymart_tw/post/DL7atYgyyHb,不要跟全家人告狀,2025年7月10日 星期四 下午9:08,,,21,,,
mw_1680,https://www.threads.com/@mw_1680/post/DL7VgsSxUBd,明天去7-11消費順便說「全家小編生日快樂」😆😆,2025年7月10日 星期四 下午8:23,@familymart_tw,,272,1,,,https://www.threads.com/@familymart_tw/post/DL7Xe8iyEMD,謝謝💚💙,2025年7月10日 星期四 下午8:40,,,101,,,1
kylehan80,https://www.threads.com/@kylehan80/post/DL7SSQKBYna,這麼愛7-11，還是全家小編要去7-11上班,2025年7月10日 星期四 下午7:55,@familymart_tw,,13,2,,1,https://www.threads.com/@familymart_tw/post/DL7SZ7fyQTz,7/11生日的全家小編是全家人,2025年7月10日 星期四 下午7:56,,,67,1,,
mosburger_taiwan,https://www.threads.com/@mosburger_taiwan/post/DL6zVRpTmxy,堡 有想我嗎？,2025年7月10日 星期四 下午3:24,,,3661,214,30,142,https://www.threads.com/@familymart_tw/post/DL7STUPSQl0,堡，在全家小編7/11生日前一刻你趕來了,2025年7月10日 星期四 下午7:55,,,336,2,,2
missionbarista21,https://www.threads.com/@missionbarista21/post/DL7Rrksz3_j,🫣🫣🫣 但我也是 7/11 生日耶… 可以一起嗎 😶‍🌫️,2025年7月10日 星期四 下午7:49,@familymart_tw,,21,3,,3,https://www.threads.com/@familymart_tw/post/DL7Ryc5Sgq6,全家小編也祝你生日快樂💚💙,2025年7月10日 星期四 下午7:50,,,39,1,,
ccu_3c_product,https://www.threads.com/@ccu_3c_product/post/DL7Qjy_zRxm,這樣算臥底還是鶼鰈？,2025年7月10日 星期四 下午7:39,@familymart_tw,,2,1,,,https://www.threads.com/@familymart_tw/post/DL7RdEZStGw,算全家人,2025年7月10日 星期四 下午7:47,,,7,,,
allen365apple,https://www.threads.com/@allen365apple/post/DL7N7YZhLff,原來 @7eleventw 的自我認同是全家人🤣,2025年7月10日 星期四 下午7:16,@familymart_tw,,25,1,,,https://www.threads.com/@familymart_tw/post/DL7PYIryLXE,來吧全家人,2025年7月10日 星期四 下午7:29,,,21,,,
__x.yuuu,https://www.threads.com/@__x.yuuu/post/DL7OSsUBW8f,咦 預祝小編生日快樂 我不知道明天會不會再滑到這篇（我是全家派 嘻,2025年7月10日 星期四 下午7:20,@familymart_tw,,31,1,,1,https://www.threads.com/@familymart_tw/post/DL7OXOgSVqp,愛你💚💙,2025年7月10日 星期四 下午7:20,,,38,1,,
mw_1680,https://www.threads.com/@mw_1680/post/DL7OCIYR1PW,"全家
全家小編的生日是7-11🤭
如果有放音樂記得用 登登 登登登 登登 登登登登 登登登登 登登 登登🎵
或是 登登登登登登 登 登登登登🎵
🎶請自行腦補旋律🎶 😆😆",2025年7月10日 星期四 下午7:17,@familymart_tw,,631,4,,9,https://www.threads.com/@familymart_tw/post/DL7OStBS811,你覺得是不是真有此事,2025年7月10日 星期四 下午7:20,,,333,1,,1
stk105,https://www.threads.com/@stk105/post/DL7LcIwP1gw,小編這橫幅算是一種公器私用嗎？ 好吧給你一句生日快樂,2025年7月10日 星期四 下午6:55,@familymart_tw,,626,1,,,https://www.threads.com/@familymart_tw/post/DL7Lh0lychG,謝謝✨,2025年7月10日 星期四 下午6:55,,,327,,,1
hailly_milly,https://www.threads.com/@hailly_milly/post/DL4CjC9veJx,"生日快樂
今天看到家裡旁邊7-11紅布條覺得溫馨多了 至少是正常祝7-11生日快樂 昨天朋友傳來他家那邊7-11紅布條 我們“全家人”都祝7-11生日快樂 這不就表明想跟全家開戰嗎🤣",2025年7月9日 星期三 下午1:39,,"Photo by 🍊 on July 08, 2025.",813,30,8,38,https://www.threads.com/@familymart_tw/post/DL7JTSay0aH,抓到！,2025年7月10日 星期四 下午6:36,,"Photo by 全家便利商店_台灣 on July 10, 2025.",48,,,4
yulin636tea,https://www.threads.com/@yulin636tea/post/DL7IE-6BYFE,好好好 都給你們這樣玩是吧？ （喝點普洱看戲）,2025年7月10日 星期四 下午6:25,@familymart_tw,,48,1,,,https://www.threads.com/@familymart_tw/post/DL7IRtGShz5,歡迎來全家💚💙,2025年7月10日 星期四 下午6:27,,,45,,,
david_kuo,https://www.threads.com/@david_kuo/post/DL7HSvQyRFE,直接預判你的預判 😂,2025年7月10日 星期四 下午6:18,@familymart_tw,,259,1,,1,https://www.threads.com/@familymart_tw/post/DL7HkM4yrgI,抓！,2025年7月10日 星期四 下午6:21,,,123,,,1
cat19830513,https://www.threads.com/@cat19830513/post/DL31UkmxY1Q,"Sone
這是泰蛋新代言嗎……🤣🤣🤣全家行銷企劃裡一定有sone🥚🥚🥚",2025年7月9日 星期三 上午11:44,,"Photo by 施小貓 on July 08, 2025.",349,2,8,87,https://www.threads.com/@familymart_tw/post/DL47N63y_-W,莫非你骨子裡也流著粉紅色血液😉🙌,2025年7月9日 星期三 下午9:54,,,31,1,,1
carol404notfound,https://www.threads.com/@carol404notfound/post/DLr3aCMSJgn,不太懂香水 這兩款香水哪一個比較推薦 1 / 2,2025年7月4日 星期五 下午8:11,,"Photo by 找不到的Carol醬｜404鏈宅 on July 04, 2025. | Photo by 找不到的Carol醬｜404鏈宅 on July 04, 2025.",42000,1823,2154,14000,https://www.threads.com/@familymart_tw/post/DL4WbgsyBpT,這兩種 Let's Café 咖啡豆的香氣都不太一樣，大家聞聞看喜歡哪一種？,2025年7月9日 星期三 下午4:33,,"Photo by 全家便利商店_台灣 on July 09, 2025.",1181,20,3,15
girlstalk.tw,https://www.threads.com/@girlstalk.tw/post/DL3-wMky_Yf,全家現在有DINOTAENG矮袋鼠捏捏球😍😍😍 買大瓶牛奶就可以加購 真的太可愛！！！ 還有買冰品送迪士尼保冷袋✨ 四盒pocky餅乾送酷洛米玩偶袋✨ 1 / 2,2025年7月9日 星期三 下午1:06,,"Photo by GIRLSTALK on July 08, 2025. | Photo by GIRLSTALK on July 08, 2025. | Photo by GIRLSTALK on July 08, 2025. | Photo by GIRLSTALK on July 08, 2025.",667,12,3,695,https://www.threads.com/@familymart_tw/post/DL3_8rpSANF,͟͟͞͞ʕ•̫͡•ʔ,2025年7月9日 星期三 下午1:17,,,80,1,,6
ching._.uwu_,https://www.threads.com/@ching._.uwu_/post/DL2leCqygZI,"dinotaeng
誰那麼瘋大半夜下雨跑來全家加價購？ 是我！ 12點馬上結帳帶BOBO回家♡ 超可愛我要瘋掉😭",2025年7月9日 星期三 上午12:06,,"Photo by ᴄʜɪɴɢ☼ on July 08, 2025.",306,18,2,207,https://www.threads.com/@familymart_tw/post/DL3_3QDSkkJ,͟͟͞͞ʕ•̫͡•ʔ,2025年7月9日 星期三 下午1:16,,,50,,,
dinotaeng.fans,https://www.threads.com/@dinotaeng.fans/post/DL1WQorvVyG,"dinotaeng
[Dinotaeng 全家周邊]
各位狂粉！注意了❗️
不讓7-11 專美於前！全家也來反擊啦！ 全家買鮮奶可以加購捏捏球！
⏰ 2025/07/09（三）才開始 ✨ 任選兩件900ML以上鮮奶系列 👉 即可加購捏捏球
✓ BOBO 捏捏球 加購價 $79 ✓ Quokka 捏捏球 加購價 $99 1 / 2",2025年7月8日 星期二 下午12:34,,"Photo by Dinotaeng狂粉 on July 07, 2025. | Photo by Dinotaeng狂粉 on July 07, 2025.",1691,98,46,5117,https://www.threads.com/@familymart_tw/post/DL2ZSw4Shqk,=͟͟͞͞ʕ•̫͡•ʔ,2025年7月8日 星期二 下午10:20,,,55,1,,2
december_wan,https://www.threads.com/@december_wan/post/DL1TtpxBL0_,今日的荒謬事跡： 滿心期待的打開午餐 結果帶錯便當帶到老母正在泡澡的板豆腐,2025年7月8日 星期二 下午12:12,,"Photo by 獅子丸 on July 07, 2025.",40000,649,506,3020,https://www.threads.com/@familymart_tw/post/DL2La0Fy7Iq,豆知識： 一盒吃不飽，但可能會笑飽。,2025年7月8日 星期二 下午8:18,,,1451,1,,2
bigpig_0125,https://www.threads.com/@bigpig_0125/post/DLz0WeVzqiM,"冰淇淋
擠的真的很漂亮。
bigpig_0125",2025年7月7日 星期一 下午10:18,,,10000,90,127,343,https://www.threads.com/@familymart_tw/post/DL1p_RCyGTT,霜淇淋：100 分 表情：800 分,2025年7月8日 星期二 下午3:26,,,1452,2,2,4
actinium_zhong,https://www.threads.com/@actinium_zhong/post/DLzBSadhpqw,我也不知道幹嘛做這個 1 / 2,2025年7月7日 星期一 下午2:52,,"Photo by 柯忠穎 on July 06, 2025.",34000,190,2587,5012,https://www.threads.com/@familymart_tw/post/DL1dSk5yL6E,這邊也有一些圖可以存,2025年7月8日 星期二 下午1:35,,"Photo by 全家便利商店_台灣 on July 07, 2025. | Photo by 全家便利商店_台灣 on July 07, 2025. | Photo by 全家便利商店_台灣 on July 07, 2025. | Photo by 全家便利商店_台灣 on July 07, 2025.",561,4,10,29
nomad_roamed,https://www.threads.com/@nomad_roamed/post/DLywMqahO38,"妳願意跟我一起去紐約嗎，聽起來像求婚
妳願意跟我一起去台北嗎，聽起來像離家去打工",2025年7月7日 星期一 下午12:23,,,30000,210,1328,2328,https://www.threads.com/@familymart_tw/post/DL1R1zXS9A3,你願意跟我一起去全家嗎，聽起來像是要去吃霜淇淋,2025年7月8日 星期二 上午11:55,,,749,10,1,13
nfc_touchgo,https://www.threads.com/@nfc_touchgo/post/DLwnaPku2Ve,突襲檢查！ 你手機裡最新一張動物照片！不可以特別挑好看的！ 1 / 2,2025年7月6日 星期日 下午4:27,,,11000,18000,148,294,https://www.threads.com/@familymart_tw/post/DLzV51fSHcG,這....這...這算嗎？,2025年7月7日 星期一 下午5:52,,"Photo by 全家便利商店_台灣 on July 07, 2025.",852,10,1,6
zhang.shanhao,https://www.threads.com/@zhang.shanhao/post/DLwtkrfuCAk,蓋一個真心話大冒險題目的樓 某一天一定會用到 1 / 2,2025年7月6日 星期日 下午5:21,,,51000,724,11000,22000,https://www.threads.com/@familymart_tw/post/DLzV3QYyrZR,大冒險：把你朋友剛拿到手的 Fami!ce 霜淇淋尖尖的部分咬掉。,2025年7月7日 星期一 下午5:52,,,438,5,2,13
su_boyuan,https://www.threads.com/@su_boyuan/post/DLyp9_vzSuy,"dinotaeng
不可能連舒壓小物都出了吧❗️ 那麼可愛怎麼捨得捏下去啦🥹 任選2件家庭號鮮奶就可以加購囉～ 活動日期📅：7/9（三） 地點🏪：全家 1 / 2",2025年7月7日 星期一 上午11:28,,"Photo by 蘇柏源 소백원 on July 06, 2025.",567,25,13,1956,https://www.threads.com/@familymart_tw/post/DLzGj94yquT,超可愛的，小編已捏過✨,2025年7月7日 星期一 下午3:38,,,33,,,1
itrainyourmom,https://www.threads.com/@itrainyourmom/post/DLte-4XT0DF,不知道那群組團上山避難的十位勇士們 下山了沒有？,2025年7月5日 星期六 上午11:16,,,16000,175,102,398,https://www.threads.com/@familymart_tw/post/DLvB0YUyDoy,太陽依舊東邊升起，全家小編依然在海巡回留言,2025年7月6日 星期日 上午1:40,,,357,2,,4
zazard,https://www.threads.com/@zazard/post/DLuuJ3jRRf8,小編你是懂的！,2025年7月5日 星期六 下午10:48,@familymart_tw,,44,1,,,https://www.threads.com/@familymart_tw/post/DLuvMz2Sb4Y,🫧,2025年7月5日 星期六 下午10:57,,,21,,,
once_1031,https://www.threads.com/@once_1031/post/DLtvMHXToJA,林娜璉超級好笑⋯ 來參加7-11的活動但跑去全家買東西😍 抱歉了7-11 你們的工商嚇到他ㄌ(X),2025年7月5日 星期六 下午1:38,,,7341,27,183,251,https://www.threads.com/@familymart_tw/post/DLurSXpyDi_,蚵仔煎洋芋片 you're gonna B my babe,2025年7月5日 星期六 下午10:23,,"Photo by 全家便利商店_台灣 on July 05, 2025.",656,2,2,21
jessica.ca.25,https://www.threads.com/@jessica.ca.25/post/DLukMRRywBA,很會 🤣🤣🤣,2025年7月5日 星期六 下午9:21,@familymart_tw,,20,1,,,https://www.threads.com/@familymart_tw/post/DLuk0dxSrRK,同款✨ 翻譯,2025年7月5日 星期六 下午9:26,,,12,,,
piligee,https://www.threads.com/@piligee/post/DLuj48eTmot,小編難道是once😳 get娜璉同款🥺,2025年7月5日 星期六 下午9:18,@familymart_tw,,124,1,,,https://www.threads.com/@familymart_tw/post/DLukCB9SlAh,全部掃空✨,2025年7月5日 星期六 下午9:19,,,62,,,
cleanclean.tw,https://www.threads.com/@cleanclean.tw/post/DLt1hx7zgPr,我怎麼沒有帽子！,2025年7月5日 星期六 下午2:33,@familymart_tw,,4,3,,,https://www.threads.com/@familymart_tw/post/DLt_ysoyEH8,有了～難道是要來全家才有✨,2025年7月5日 星期六 下午4:03,,,1,1,,
momoshopping_,https://www.threads.com/@momoshopping_/post/DLtavLdvPdp,mo 沒有🥲,2025年7月5日 星期六 上午10:39,@familymart_tw,,164,8,,,https://www.threads.com/@familymart_tw/post/DLtryu3yTPq,怎麼mo有,2025年7月5日 星期六 下午1:08,,,115,3,,1
bettermilk.tw,https://www.threads.com/@bettermilk.tw/post/DLtrn_oT2BR,你左帽，哞也是🐮,2025年7月5日 星期六 下午1:07,@familymart_tw,,18,1,,,https://www.threads.com/@familymart_tw/post/DLtrwj_SeMm,🐮🥛❤️,2025年7月5日 星期六 下午1:08,,,9,,,
fishhan._.1020,https://www.threads.com/@fishhan._.1020/post/DLtaPwIyzp4,是😂我也是左邊,2025年7月5日 星期六 上午10:35,@familymart_tw,,6,2,,1,https://www.threads.com/@familymart_tw/post/DLtatOTypgF,你的頭像戴得好剛好✨,2025年7月5日 星期六 上午10:39,,,9,1,,
wang_hui_yu,https://www.threads.com/@wang_hui_yu/post/DLtaU38v8uQ,為什麼沒有帽子,2025年7月5日 星期六 上午10:35,@familymart_tw,,14,11,,1,https://www.threads.com/@familymart_tw/post/DLtakWJSggm,留言完就有了✨ 小編看到你也是左邊🥳,2025年7月5日 星期六 上午10:38,,,19,12,,
charitycampusweek,https://www.threads.com/@charitycampusweek/post/DLtWahshI-l,既然世界末日沒來 就要給他吃爆！！,2025年7月5日 星期六 上午10:01,@familymart_tw,,5,1,,,https://www.threads.com/@familymart_tw/post/DLtZG2sSOZV,很仙~~,2025年7月5日 星期六 上午10:25,,,4,,,
muta116,https://www.threads.com/@muta116/post/DLrbQchJocW,不管明天發生了什麼 今天你想做什麼？ 我看一下,2025年7月4日 星期五 下午4:05,,,14000,614,35,193,https://www.threads.com/@familymart_tw/post/DLrsf9NSg2A,告訴大家明天全家霜淇淋新口味上市，無論如何都要期待新的一天，記得！拍照給我看✨,2025年7月4日 星期五 下午6:36,,,252,,1,5
hantseng_hanson,https://www.threads.com/@hantseng_hanson/post/DLnEFRjv_N0,"冷知識:
大學生口中「吃頓好的」 並不是吃頓貴的 而是把平常吃的 一次性買很多 放在一起顯得很貴而已",2025年7月2日 星期三 下午11:26,,,8751,52,270,400,https://www.threads.com/@familymart_tw/post/DLq6ycgy0vY,在沒有買一送一的日子全款拿下兩支霜淇淋😎🍦,2025年7月4日 星期五 上午11:21,,,110,1,,
shuwei11041104,https://www.threads.com/@shuwei11041104/post/DLo8WHcT7qe,"high5
這陣子的一些工作小碎片😚😚 謝謝小秘書的神剪接 有小秘書真好🧡🧡🧡
#全家便利商店 #廣告拍攝 #High 5 #MV拍攝 #快樂版圖欠你這塊🎵🎵 #期待與第六邊形的你們相見☺️☺️",2025年7月3日 星期四 下午4:57,,,605,32,3,15,https://www.threads.com/@familymart_tw/post/DLpOmrHyCpg,謝謝小秘書，好好看的廣告花絮，好帥的代言人,2025年7月3日 星期四 下午7:36,,,33,,,
tt_cat21,https://www.threads.com/@tt_cat21/post/DLpN01GBCuo,好吃嗎 !,2025年7月3日 星期四 下午7:29,@familymart_tw,,4,1,,,https://www.threads.com/@familymart_tw/post/DLpN38YyGZZ,很仙,2025年7月3日 星期四 下午7:30,,,38,1,,4
albert_03_26,https://www.threads.com/@albert_03_26/post/DLpD152SHbR,咦 只有我是全家派的嗎 召喚小編 @familymart_tw 下場支援 2 / 2,2025年7月3日 星期四 下午6:02,@albert_03_26,,52,3,,2,https://www.threads.com/@familymart_tw/post/DLpNpNHyTZS,已投,2025年7月3日 星期四 下午7:28,,,17,1,,
zzee993,https://www.threads.com/@zzee993/post/DLj8mt7yFN6,"我快被自己蠢死 在50嵐點了一杯梅子綠 店員：美女好囉 我心想：靠～～什麼時候手搖飲被早餐店同化了？也太害羞了吧？從來沒在50嵐被叫過美女( ´▽` )ﾉ
結果看杯子上貼紙的品名寫：梅綠
哈哈哈哈哈哈哈哈哈哈哈哈哈哈哈哈哈哈哈",2025年7月1日 星期二 下午6:23,,,9252,70,49,201,https://www.threads.com/@familymart_tw/post/DLoeElTy0u9,歡迎來全家點仙女紅茶 ：仙女好囉～,2025年7月3日 星期四 下午12:32,,,428,4,1,7
fun22.22,https://www.threads.com/@fun22.22/post/DLj-_z2McTI,"山上終於開了一間(全家便利商店），感覺全村裡的鄉親都來逛了~
住在物資缺乏、Uber不來的山腰，￼￼它就是一間精品百貨公司😂
#全家後花園店",2025年7月1日 星期二 下午6:43,,"Photo by ESG2222 on July 01, 2025.",3821,57,11,38,https://www.threads.com/@familymart_tw/post/DLoYegDSujV,全家就是你全村的希望✨,2025年7月3日 星期四 上午11:43,,,584,2,,
howard870,https://www.threads.com/@howard870/post/DLoMAciyqcF,我快笑死 不是你湊什麼熱鬧🤣,2025年7月3日 星期四 上午9:54,@familymart_tw,,125,1,,,https://www.threads.com/@familymart_tw/post/DLoPhuyyWEJ,想說小編的專業能不能幫上忙,2025年7月3日 星期四 上午10:25,,,354,5,,1
nihao_0816,https://www.threads.com/@nihao_0816/post/DLlnvpByHP9,"7/5大地震
預言7/5號有大地震 所以我決定7/3開始上山！ 這次組團共10人，目前不再收人 1.醫生：有中醫西醫經驗，對醫學很了解，照顧團體健康 2.廚師：中餐西餐都會煮，就算是簡單的食材，也可以很美味 3.地質學者：對於地質地殼有很專業的研究，帶領大家避難 4.水電工：對於電器維修很在行 5.木匠：組裝製作手很巧 6.野外求生專家：對於野外求生生活很在行。 7.護衛（狙擊手）：從小就很會彈弓，打獵交給他 8.護衛（劍道）：劍道得過很多獎，保護團隊安全與打獵 9.救生員：很會游泳水性極佳 10.團長（瑜珈）：負責大方向的決策 不管大家信不信7/5 反正我已經組好團隊 有大量物資 管他7月還是12月 我相信團隊10人可以撐下去",2025年7月2日 星期三 上午9:59,,,63000,7214,4379,46000,https://www.threads.com/@familymart_tw/post/DLmrljkSkYk,請問需要全家小編嗎？可以幫忙海巡回留言更新近況,2025年7月2日 星期三 下午7:52,,,8723,25,10,111
vicky.chiou.87,https://www.threads.com/@vicky.chiou.87/post/DLmOcGvyzpi,好酷哦！！害我重複按了幾次了😲😲,2025年7月2日 星期三 下午3:37,@familymart_tw,,11,1,,,https://www.threads.com/@familymart_tw/post/DLmRXVjS0_N,最後要記得停留在❤️🥺,2025年7月2日 星期三 下午4:02,,,20,1,,
madou74258709,https://www.threads.com/@madou74258709/post/DLjyfzizN1-,哈哈超有梗，我這裡也是有梗的喔,2025年7月1日 星期二 下午4:54,@familymart_tw,"Photo by 麻豆農會戀戀柚香 on July 01, 2025. | Photo by 麻豆農會戀戀柚香 on July 01, 2025.",5,1,,,https://www.threads.com/@familymart_tw/post/DLj8e0ey4PL,你那裡是不是有 紅嘴綠鸚哥,2025年7月1日 星期二 下午6:21,,,3,,,
wanweihsin,https://www.threads.com/@wanweihsin/post/DLjxKQFRhIv,"動力火車
這不是今年金曲獎得主「動力火車」😻 . 動力火車
GooDonut",2025年7月1日 星期二 下午4:43,,"Photo by 萬Wan |台灣 台北 台中 咖啡|咖啡店|旅遊|住宿 on July 01, 2025.",1110,18,4,125,https://www.threads.com/@familymart_tw/post/DLj7_GPSwN-,你 你 你 你後面有車！！！！！ 動力火車😎,2025年7月1日 星期二 下午6:17,,,168,,1,
_o406,https://www.threads.com/@_o406/post/DLhQ9-5TooN,心血來潮點了全家感覺很冷門的飲料 「紅心芭樂牛奶」 喝完我直接給他四個字 超、級、好、喝 都給我去買🙂‍↕️ 1 / 2,2025年6月30日 星期一 下午5:23,,,1249,42,61,719,https://www.threads.com/@familymart_tw/post/DLj733fS0ft,謝謝你給紅心芭樂牛奶一個高光時刻✨,2025年7月1日 星期二 下午6:16,,"Photo by 全家便利商店_台灣 on July 01, 2025.",17,,,
nini10068,https://www.threads.com/@nini10068/post/DLhRVdIzSxq,"「認真覺得，Threads超多溫暖的人。」
你也有這種感覺嗎？",2025年6月30日 星期一 下午5:26,,,754,158,2,,https://www.threads.com/@familymart_tw/post/DLjfBRySSSL,就像全家一樣，Threads裡的人也在夜裡陪著你亮著。 — 全家在身編暖回應💚💙,2025年7月1日 星期二 下午2:04,,,33,,,
___fictus_,https://www.threads.com/@___fictus_/post/DLiHArJvufr,我媽：你不可以早餐都吃熱狗堡！而且還是德腸！很不健康！ 我弟：你知道吃太多德腸會怎樣嗎？ 我媽：會對身體不好！ 我弟：會得償所願,2025年7月1日 星期二 上午1:15,,,6201,22,296,362,https://www.threads.com/@familymart_tw/post/DLjetG_yT3Q,想跟弟弟腸來腸往,2025年7月1日 星期二 下午2:01,,,91,1,,1
_yyyyyen,https://www.threads.com/@_yyyyyen/post/DLjc2TwRPj6,這算梗嗎,2025年7月1日 星期二 下午1:45,@familymart_tw,"Photo by 萱 on June 30, 2025.",1,1,,,https://www.threads.com/@familymart_tw/post/DLjeDlFykMU,這球給你🤓,2025年7月1日 星期二 下午1:56,,,3,,,
linestickertw,https://www.threads.com/@linestickertw/post/DLjdhvgS12y,我有有梗的表情貼 [Vegetables2] line.me/S/emo…,2025年7月1日 星期二 下午1:51,@familymart_tw,"Photo by LINE貼圖 on June 30, 2025.",13,2,,,https://www.threads.com/@familymart_tw/post/DLjeBjqyA0-,可惡想買,2025年7月1日 星期二 下午1:55,,,6,,,
zoe1999__,https://www.threads.com/@zoe1999__/post/DLgYSY_TeQt,"昨天的夢： 我跟伴侶說我要去超商買一大堆紅豆麵包，伴侶問我為什麼，我說因為接下來可能也會很累，需要一直換頭。
？？？？？",2025年6月30日 星期一 上午9:07,,,2676,19,107,228,https://www.threads.com/@familymart_tw/post/DLiCM_IyAme,為了能夠讓您打敗壞人，全家會隨時準備好的,2025年7月1日 星期二 上午12:33,,,75,,2,1
tiffchux,https://www.threads.com/@tiffchux/post/DLfKb1SAgJG,外婆家的冷凍庫，媲美便利商店冰櫃 根本選擇障礙🤤 1 / 2,2025年6月29日 星期日 下午9:47,,"Photo by 🎈ᴛɪғғᴀɴʏ ᴄʜᴜ on June 29, 2025.",80000,1257,1739,11000,https://www.threads.com/@familymart_tw/post/DLh7EVky8vf,等等！是你在外婆家，還是我們全家到你家？,2025年6月30日 星期一 下午11:31,,,1855,5,1,9
energy.come,https://www.threads.com/@energy.come/post/DLfQiFZpcHV,"第三十六屆金曲獎 年度歌曲獎
<星期五晚上>🏆 第三十六屆金曲獎 年度歌曲獎
謝謝評審的肯定 謝謝每一位陪著我們走到這裡的人 <星期五晚上>能被聽見、被喜歡，是一份很大的幸運 我們會繼續努力，把每一次舞台都當作最後一次ALL IN 拼盡全力
Make up | @ting_make_up @yml.makeup Hair | @80s_ares @80s_josh @80sstudio Stylist | @yyyang3_ @wyc_yen Suit | @balmain @minoshinofficial @shiatzychen Shoes | @christianlouboutin @newbottega @togaarchives Jewelry | @bvlgari #bvlgari
#Energy#星期五晚上 #第36屆金曲獎#年度歌曲獎 #ALLIN全面進擊 #高雄演唱會",2025年6月29日 星期日 下午10:40,,"Photo by Energy on June 29, 2025.",302,7,4,1,https://www.threads.com/@familymart_tw/post/DLfQuNNy_OU,恭喜Energy，超棒的代言人💚💙,2025年6月29日 星期日 下午10:42,,,74,2,,
claire_10.11,https://www.threads.com/@claire_10.11/post/DLc2kQIy2EH,全家小編也太會講話了吧， 今晚的金曲真的被能量灌爆～High 5 到天花板🙌，每天都要去全家補充Energy💗,2025年6月29日 星期日 上午12:15,@familymart_tw,,13,1,,,https://www.threads.com/@familymart_tw/post/DLc9UjHy3yc,謝謝E家人💚💙,2025年6月29日 星期日 上午1:14,,,5,,,
kunl_lin,https://www.threads.com/@kunl_lin/post/DLY73ZDx_5i,"SAJA BOYS
以後不要叫我乞丐超人 請叫我殺價Boys🕺",2025年6月27日 星期五 上午11:44,,"Photo by 君臨 リン on June 26, 2025.",24000,85,2624,4898,https://www.threads.com/@familymart_tw/post/DLb5I0FSAbh,每天10:00、17:00都有一次應援活動在全家,2025年6月28日 星期六 下午3:18,,,366,,2,6
77._.0827,https://www.threads.com/@77._.0827/post/DLW7VKLy5JG,"幹剛剛去一個全家 店員竟然是說 「歡 迎 光 臨」 ？？？？？ 而且念的超標準的
幹你們懂嗎就是他是說歡迎光臨欸 不是 「緩～光臨」 1/2",2025年6月26日 星期四 下午5:01,,,34000,173,252,351,https://www.threads.com/@familymart_tw/post/DLZRXeLSVhH,已驗證原作者說讚以免您沒聽到想聽的，這邊幫您補唸,2025年6月27日 星期五 下午2:52,,,533,13,3,46
energy_rebecca,https://www.threads.com/@energy_rebecca/post/DLXVN8BzAOm,"high 5
該如何形容我有多喜歡這首歌 還有這一段舞蹈 (⁎⁍̴̛ᴗ⁍̴̛⁎) 1/2",2025年6月26日 星期四 下午8:48,,,291,19,3,11,https://www.threads.com/@familymart_tw/post/DLXjasqSef_,吧啦吧啦啦啦啦～♪( ´θ｀)ノ High 5舞起來,2025年6月26日 星期四 下午10:52,,,42,1,,
bettermilk.tw,https://www.threads.com/@bettermilk.tw/post/DLXAxjCTppp,記得加鮮乳坊鮮乳，讓一切都對味🥛,2025年6月26日 星期四 下午5:49,@familymart_tw記得加鮮乳坊鮮乳，讓一切都對味🥛讚9回覆1轉發分享,,9,1,,,https://www.threads.com/@familymart_tw/post/DLXPkrZSgtk,當然✨,2025年6月26日 星期四 下午7:58,,"Photo by 全家便利商店_台灣 on June 26, 2025.",8,,,1
tsaifanfan,https://www.threads.com/@tsaifanfan/post/DLWkeXHxtnj,"芋泥蛋糕
我爸這穿衣品味不行欸🤣🤣🤣",2025年6月26日 星期四 下午1:42,,"Photo by 蔡 凡凡 on June 25, 2025. | Photo by 蔡 凡凡 on June 25, 2025.",28000,260,737,1635,https://www.threads.com/@familymart_tw/post/DLXI7TzyGGD,不！爸爸走在前端，連穿搭都能跟上全家的新品,2025年6月26日 星期四 下午7:00,,"Photo by 全家便利商店_台灣 on June 26, 2025.",474,5,1,19
pei1210chu,https://www.threads.com/@pei1210chu/post/DLWEOkTSJMs,遇到蘇菲 但蘇菲超熟睡,2025年6月26日 星期四 上午9:00,,"Photo by 陳斾竹 Julia Chen on June 25, 2025. | Photo by 陳斾竹 Julia Chen on June 25, 2025.",130000,510,9743,27000,https://www.threads.com/@familymart_tw/post/DLW3FDlyNXf,安心熟睡到天亮？,2025年6月26日 星期四 下午4:24,,,3042,7,2,51
h213x,https://www.threads.com/@h213x/post/DLUFcC8S7Zo,"飲料店日常
幫常客取綽號 方便辨識客人 （ex:綠茶小姐、紅茶怪人、愛聊天小姐）
結果 客人來電：妹妹我是蜂蜜阿姨，我要*******。
才知道原來客人都知道自己的綽號🙃",2025年6月25日 星期三 下午2:32,,,45000,643,790,2991,https://www.threads.com/@familymart_tw/post/DLWidFmyzym,歡迎來全家點仙女紅茶，我們會叫你： 「是仙女嗎？」「仙女好囉」,2025年6月26日 星期四 下午1:24,,,496,7,1,21
jiaqichong1211,https://www.threads.com/@jiaqichong1211/post/DLWf1SKzfAi,太强了 👍🏼👍🏼👍🏼👍🏼👍🏼,2025年6月26日 星期四 下午1:01,@familymart_tw太强了,,3,1,,,https://www.threads.com/@familymart_tw/post/DLWhLtsS-jq,💚💙,2025年6月26日 星期四 下午1:13,,,2,,,
ivymorita,https://www.threads.com/@ivymorita/post/DLWfSueRj6b,記得中間這位!很會跳,2025年6月26日 星期四 下午12:56,@familymart_tw記得中間這位!很會跳讚10回覆1轉發分享,,10,1,,,https://www.threads.com/@familymart_tw/post/DLWhJ2tSkHV,🙌,2025年6月26日 星期四 下午1:13,,,3,,,
besttour.tw,https://www.threads.com/@besttour.tw/post/DLWe16IPp8A,小編太強了吧🫡,2025年6月26日 星期四 下午12:52,@familymart_tw小編太強了吧🫡讚7回覆1轉發分享,,7,1,,,https://www.threads.com/@familymart_tw/post/DLWe902S7eA,來High 5🙌,2025年6月26日 星期四 下午12:53,,,6,1,,
judyp1015,https://www.threads.com/@judyp1015/post/DLbmDcBpG9e,星期五晚上必須high 5得獎得起來🖐️🖐️🖐️🖐️🖐️,2025年6月28日 星期六 下午12:32,@familymart_tw,,1,1,,,https://www.threads.com/@familymart_tw/post/DLboDlOyFBZ,🙌,2025年6月28日 星期六 下午12:49,,,2,,,
rayissocute,https://www.threads.com/@rayissocute/post/DLZ1D1NyoVe,"Tpbl
海神主場在國王罰球或進攻的時候， 後面的廣告打著”每一球都滿餡麵包”的口號， 反之自家球員時用”手感燙燙燙”來鼓勵他們， 其實這個巧思蠻可愛的☺️☺️☺️",2025年6月27日 星期五 下午8:04,,"Photo by Ray  Huang on June 27, 2025. | Photo by Ray  Huang on June 27, 2025. | Photo by Ray  Huang on June 27, 2025. | Photo by Ray  Huang on June 27, 2025.",662,12,,37,https://www.threads.com/@familymart_tw/post/DLbTKrrSLBs,燙燙燙🔥 謝謝你看到我的巧思💚💙,2025年6月28日 星期六 上午9:47,,,99,1,,
_jess_617,https://www.threads.com/@_jess_617/post/DLZHiQNTS_b,"海豹
今天終於星期五了….（飄走） 水族館到底要請多少工讀生當海豹🤣 1 / 2
okome__omochi",2025年6月27日 星期五 下午1:26,,,18000,290,605,5967,https://www.threads.com/@familymart_tw/post/DLaInfiSefj,豹歉，我先走～🦭💨,2025年6月27日 星期五 下午10:55,,,638,2,1,3
claydshort,https://www.threads.com/@claydshort/post/DLVDjUjJI3z,"成長
這就是長大嗎",2025年6月25日 星期三 下午11:35,,,30000,526,1854,3101,https://www.threads.com/@familymart_tw/post/DLZhdmwy-TL,長大就是喝酷繽沙會開始選加咖啡🥲,2025年6月27日 星期五 下午5:13,,"Photo by 全家便利商店_台灣 on June 27, 2025.",307,4,,1
wawa_in_ad,https://www.threads.com/@wawa_in_ad/post/DLXBx73zerS,之前看到有人說，當我們想要從擁擠的捷運車廂人潮中穿過，除了最常用的「不好意思」之外… ⠀ 「其實￼說什麼都可以！」 ⠀ 我連續實驗了三週，方法是當我要下車時，會用右手比出「小手刀」的模樣，輕抬於胸前並且小聲客氣，每次不同的說出以下字句 ⠀ 「發票存載具、不加滷汁、有預約、半糖微冰、別忘雨傘、檔案存了嗎、這是報價單…等」 ⠀ 經過這幾週的實驗，以￼這些名詞來說，目前發現是「發票存載具」最有效 1 / 2,2025年6月26日 星期四 下午5:58,,,10000,443,1040,5243,https://www.threads.com/@familymart_tw/post/DLZcy7ISFS6,下次幫我們實驗看看「全家康康 5 酷繽沙買一送一」可以嗎？謝謝！,2025年6月27日 星期五 下午4:32,,,211,4,1,7
jimiwen,https://www.threads.com/@jimiwen/post/DLUhJiHynG6,"不同的雨： 美國文學：「我跑進雨裡，大聲喊這是一場解放。」 英國文學：「我在雨中撐傘，像一種日常的繭。」 法國文學：「我在雨裡親吻，讓水替我掩飾心跳。」 俄國文學：「我站在雨裡不動，直到鞋子也開始說話。」 日本文學：「我輕輕合上書本，讓雨聲做下一頁的內容。」
台灣文學：「他忘記帶傘，但你已經在巷口等了十分鐘。」",2025年6月25日 星期三 下午6:34,,,7402,112,376,450,https://www.threads.com/@familymart_tw/post/DLWaHJmyQYJ,便利商店文學：「鳥，緩光臨，雨傘一支對嗎，統嗯載具消嗎？」,2025年6月26日 星期四 下午12:11,,,4276,25,75,245
mao_x_,https://www.threads.com/@mao_x_/post/DLUy-2GS289,要怎麼念呀？ 非咪絲？,2025年6月25日 星期三 下午9:10,@familymart_tw,,1,1,,,https://www.threads.com/@familymart_tw/post/DLUzKkuSI49,發咪愛思,2025年6月25日 星期三 下午9:11,,,64,,,
alicesu_805,https://www.threads.com/@alicesu_805/post/DLRpDWIyiTq,"全家大巨蛋緊跟時事🫶🏻 希望各位排隊的五迷多喝水多吹電扇記得準備扇子🪭 1 / 2
臺北大巨蛋",2025年6月24日 星期二 下午3:45,,"Photo by Alice Su on June 24, 2025.",5958,55,90,596,https://www.threads.com/@familymart_tw/post/DLT4FsHSZWk,戀愛ing～ 喝！水！ing～🎵,2025年6月25日 星期三 下午12:35,,,218,1,,2
iamteresa0424,https://www.threads.com/@iamteresa0424/post/DLTsuVOJX8S,"全家
咦，全家芋頭季要來了嗎！！！！ 芋頭控太期待誒😍😍😍",2025年6月25日 星期三 上午10:56,,"Photo by 大食女｜台北美食 超商美食｜Ya Tien on June 24, 2025. | Photo by 大食女｜台北美食 超商美食｜Ya Tien on June 24, 2025. | Photo by 大食女｜台北美食 超商美食｜Ya Tien on June 24, 2025.",497,12,4,186,https://www.threads.com/@familymart_tw/post/DLT0dily2-I,垂涎芋滴🤤,2025年6月25日 星期三 下午12:04,,,45,1,,2
bettermilk.tw,https://www.threads.com/@bettermilk.tw/post/DLSeJ9-zcd0,"鮮乳坊拿鐵
全世界都在問 @familymart_tw 哪間店有嘉明鮮奶，要喝「小農拿鐵」 相信編編！A2拿鐵帶有香草氣息的滑順口感，你也會愛上的❤️‍🔥",2025年6月24日 星期二 下午11:29,,"Photo by 鮮乳坊 on June 24, 2025. | Photo by 鮮乳坊 on June 24, 2025.",127,10,1,9,https://www.threads.com/@familymart_tw/post/DLSfnyKSKo2,喜歡😍,2025年6月24日 星期二 下午11:42,,,12,,,
energy.come,https://www.threads.com/@energy.come/post/DLR5gHaS96I,"high 5
Energy〈High 5〉Official Music Video
邀請人：Energy 受邀人：你 派對主題：〈High 5〉 音樂屬性：Synth Pop 〖 派對暗語 〗現在來個High 5 【 任務 】快樂版圖欠你這塊 〖 能量值 〗你 + 五人Energy = 至尊六邊形
Energy的冰與火！一場腦內派對快感刺激！ 再一波新歌〈High 5〉MV全球首播！ （全家便利商店廣告主題曲）
🧊 youtu.be/mojqn…
-
全球知名舞團 Avantgardey 製作人 / 編舞家 akane 編舞 美國街舞拍攝權威 VIBRVNCY 掌鏡 國際級班底共同創作
#巴啦巴啦啦啦啦啦！ Energy快樂版圖欠你這塊 現在就跟ENERGY一起來個 〈High 5〉！
-
Energy《 ALL IN 全面進擊 》演唱會 高雄站 演出日期：9/6 (六) 19:30 ｜9/7 (日) 18:00 演出地點：高雄巨蛋 開賣時間： 6/26 (四) 13:00 拓元售票 開始搶票！
energy.come",2025年6月24日 星期二 下午6:09,,,288,18,19,8,https://www.threads.com/@familymart_tw/post/DLSEcMgSaQT,這誰的廣告主題曲好好聽🙌,2025年6月24日 星期二 下午7:45,,,40,4,,
yeh_naiwen,https://www.threads.com/@yeh_naiwen/post/DLSD4bmpCpj,"〈High5) MV已上線! (全家便利商店廣告主題曲)
youtu.be/mojqn…
這週六金曲獎見🤗 #energy #likesforlike #mv #ootd",2025年6月24日 星期二 下午7:40,,,393,46,7,6,https://www.threads.com/@familymart_tw/post/DLSEH7by4DG,現在來個High5🙌,2025年6月24日 星期二 下午7:42,,,29,,,
0bella_6,https://www.threads.com/@0bella_6/post/DLNb-BcytLY,"生日炸怒
生日當天父親悄悄的塞了3千元到蕃薯🍠盒裡⋯
😤那是我明天的早餐耶！
你有考慮蕃薯的感受嗎？",2025年6月23日 星期一 上午12:34,,"Photo by 新百王證券-王郁惠 on June 22, 2025. | Photo by 新百王證券-王郁惠 on June 22, 2025.",24000,822,97,433,https://www.threads.com/@familymart_tw/post/DLRoGO8ymnu,有見過連石頭一起夾的夯番薯，沒見過連千元鈔一起夾的,2025年6月24日 星期二 下午3:37,,,538,4,,9
wqilong,https://www.threads.com/@wqilong/post/DLRVoE-RULE,@familymart_tw 由來是這樣嗎？,2025年6月24日 星期二 下午12:56,@familymart_tw,"Photo by Yu Qin on June 23, 2025.",2,1,,,https://www.threads.com/@familymart_tw/post/DLRY7kMS2hJ,融～～合～～～ㄏㄚˋ！！！,2025年6月24日 星期二 下午1:24,,,2,,,
yoyo_zyc,https://www.threads.com/@yoyo_zyc/post/DLOsmLEvmpg,屁股XD,2025年6月23日 星期一 下午12:19,,"Photo by 悠悠醬 on June 22, 2025.",21000,53,1379,3643,https://www.threads.com/@familymart_tw/post/DLRSikkyA7r,排ㄍㄨˇ,2025年6月24日 星期二 下午12:29,,"Photo by 全家便利商店_台灣 on June 23, 2025.",262,2,,6
lazy.food,https://www.threads.com/@lazy.food/post/DLOtYOhJ7ey,完美組合！玉米濃湯＋飯糰！超好吃 1 / 2,2025年6月23日 星期一 下午12:25,,"Photo by 嚐舌富｜高雄美食｜懶人包｜超商美食 on June 22, 2025.",1267,26,35,533,https://www.threads.com/@familymart_tw/post/DLP1FKFSptT,我明天要吃！！！,2025年6月23日 星期一 下午10:52,,,70,3,,4
angel__calories,https://www.threads.com/@angel__calories/post/DLPXt34hTY7,"芋頭控
哇！這個是全家看到準備要出的新品嗎！！！ 芋頭控 我沒了 1 / 2",2025年6月23日 星期一 下午6:35,,"Photo by 𝒜𝓃𝑔𝑒𝓁食物卡路里 ˙Ⱉ˙吃播開箱 ❘ 熱量 ❘ 飲控 ❘ 超商 ❘ 團購 on June 23, 2025.",1235,45,49,1161,https://www.threads.com/@familymart_tw/post/DLPs378SKf6,芋泥相遇💚💙,2025年6月23日 星期一 下午9:40,,,69,2,,2
tu11252007,https://www.threads.com/@tu11252007/post/DLPShRMyP8Q,老婆剛去新公司上班，回家後問我： 「要怎麼跟台灣同事破冰呢？」 我說：「簡單啊，你就問同事說要不要喝手搖飲。」 老婆：「要是同事說不喝呢？」 我：「那就問要不要喝超商咖啡」,2025年6月23日 星期一 下午5:50,,,7973,80,20,67,https://www.threads.com/@familymart_tw/post/DLPsmAKSIN1,當然，全家可是超商界E人,2025年6月23日 星期一 下午9:38,,,784,2,,
hakka0124b1,https://www.threads.com/@hakka0124b1/post/DLPWonPpRbA,"單身的缺點： 找不到人分全家霜淇淋買一送一
單身的優點： 可以一次吃兩隻全家冰淇淋",2025年6月23日 星期一 下午6:26,,,1865,107,51,34,https://www.threads.com/@familymart_tw/post/DLPsBe2y0dh,共同點：你會吃到1支好吃的全家霜淇淋🍦,2025年6月23日 星期一 下午9:33,,,83,3,1,
yujieez,https://www.threads.com/@yujieez/post/DLMYNWQPfnv,打一句有聲的句子,2025年6月22日 星期日 下午2:42,,,9363,2975,108,378,https://www.threads.com/@familymart_tw/post/DLO8Z61yUqB,登 登 登登登 登登登登登登 登登登登 登登登登,2025年6月23日 星期一 下午2:37,,,1504,14,4,23
energy.come,https://www.threads.com/@energy.come/post/DLNZEw5yyJn,"high 5
一場狂嗨腦內派對 ！ Energy穿梭異次元世界的歡樂〈High 5〉
Energy〈High 5〉（全家便利商店廣告主題曲） 🎧stars.lnk.to/High5
知名製作人陳星翰Starr Chen製作 ╳ 入圍金馬獎最佳原創電影歌曲作詞人陳學聖填詞
歌曲概念由簡單的擊掌，延伸至「很High的五個人」 就像ENERGY每次出現都充滿能量的精神 -
6/24 (Tue.) 18:00〈 High 5 〉MV全球首播！★ -",2025年6月23日 星期一 上午12:09,,,306,13,8,7,https://www.threads.com/@familymart_tw/post/DLO0c9IyLOb,現在來個high 5 🙌,2025年6月23日 星期一 下午1:27,,,9,,,
1210._.cyj,https://www.threads.com/@1210._.cyj/post/DLKvjxQRb1l,為什麼會有藍色的全家！ 1 / 2,2025年6月21日 星期六 下午11:28,,"Photo by 楹鈞✨（Sy1via) on June 21, 2025. | Photo by 楹鈞✨（Sy1via) on June 21, 2025.",39000,469,345,1359,https://www.threads.com/@familymart_tw/post/DLO0QVvSiYA,全家藍是代表安全、可靠，就像已讀一樣安心。✅,2025年6月23日 星期一 下午1:26,,,22000,123,90,287
__tingjia.zhang__,https://www.threads.com/@__tingjia.zhang__/post/DLMjtTvSGP4,"全家新品
全家開賣黑衣人雪糕！？粉迷快衝 黑麻麻的外表下竟然是水果口味😆 1 / 2",2025年6月22日 星期日 下午4:22,,"Photo by 庭嘉Tim🇹🇼 台中•彰化美食｜超商｜好物｜新品優惠｜ on June 22, 2025. | Photo by 庭嘉Tim🇹🇼 台中•彰化美食｜超商｜好物｜新品優惠｜ on June 22, 2025. | Photo by 庭嘉Tim🇹🇼 台中•彰化美食｜超商｜好物｜新品優惠｜ on June 22, 2025.",9916,182,409,19000,https://www.threads.com/@familymart_tw/post/DLM9owHSaes,此冰棒並沒有任何黑衣人受到傷害,2025年6月22日 星期日 下午8:09,,,961,10,2,125
sk_xx2006,https://www.threads.com/@sk_xx2006/post/DLKzBvqSGz-,在全家看見的迷之冰，但跟朋友吃了之後還是不知道是什麼口味,2025年6月21日 星期六 下午11:58,,"Photo by @sk_xx2006 on June 21, 2025. | Photo by @sk_xx2006 on June 21, 2025.",30000,192,676,9114,https://www.threads.com/@familymart_tw/post/DLM3wE1S2qG,請開始推理口味,2025年6月22日 星期日 下午7:18,,,1428,1,1,19
big___plate,https://www.threads.com/@big___plate/post/DLMgiIuvS1E,看到人家發全家有賣柯南冰棒就跑出去買了 吃起來蠻好吃的欸 啊不過吃到後面他融化一直滴的時候我爸說我看起來像在吃柏油 我：⋯⋯⋯⋯^_^？,2025年6月22日 星期日 下午3:55,,"Photo by @big___plate on June 22, 2025. | Photo by @big___plate on June 22, 2025.",3822,41,98,1564,https://www.threads.com/@familymart_tw/post/DLM3Q10yS5F,那是爸爸的推理,2025年6月22日 星期日 下午7:13,,,221,4,,7
shopee_tw,https://www.threads.com/@shopee_tw/post/DLMf2zHTMpX,"剛發現 居然有人不知道 餓的話每日熬一鷹？😨
來蓋一個神奇的口訣大樓 好了 1 / 2",2025年6月22日 星期日 下午3:49,,,2615,359,71,116,https://www.threads.com/@familymart_tw/post/DLMsymLybBk,3.14159265358979323846,2025年6月22日 星期日 下午5:42,,,85,3,,1
nggyu_01xd,https://www.threads.com/@nggyu_01xd/post/DLLz4Nvv8Ej,填空題 大家應該都會 有朋自遠方來，__ __ __ ，__ __ __ __ 。 1 / 2,2025年6月22日 星期日 上午9:25,,,19000,1225,421,1526,https://www.threads.com/@familymart_tw/post/DLMLmLNyCDm,有朋自遠方來，末三碼，會員條碼。,2025年6月22日 星期日 下午12:52,,,6534,14,33,117
baiannmusic,https://www.threads.com/@baiannmusic/post/DLKIqtfTIBQ,我發現我都會不自覺走進便利商店，就算我沒有要買東西。,2025年6月21日 星期六 下午5:48,,,1301,37,14,8,https://www.threads.com/@familymart_tw/post/DLKUNUPyUoN,因為全家就是你家，你總會不自覺的走回家,2025年6月21日 星期六 下午7:29,,,457,2,1,2
xzmrmr,https://www.threads.com/@xzmrmr/post/DLIh6BExXbg,我不適合去當殺手 ，因為我蹲下來膝蓋會響,2025年6月21日 星期六 上午2:50,,,120000,1307,13000,26000,https://www.threads.com/@familymart_tw/post/DLJ0N6Ey_Wo,其實殺手也可以當雪糕,2025年6月21日 星期六 下午2:49,,"Photo by 全家便利商店_台灣 on June 20, 2025.",328,1,2,24
howhowhasfriends,https://www.threads.com/@howhowhasfriends/post/DLIEGCWSqAY,我覺得各位真的不用勉強自己要說超好笑 想笑死就笑死 想XD就XD 舒服就好...,2025年6月20日 星期五 下午10:29,,,38000,895,1124,1608,https://www.threads.com/@familymart_tw/post/DLIMgkGyBrC,富邦悍將： 哈 哈哈 哈哈 哈哈！,2025年6月20日 星期五 下午11:43,,,1401,14,16,46
allen365apple,https://www.threads.com/@allen365apple/post/DLHM78CxHEl,我有一支冰 我有一支冰 預備，唱！,2025年6月20日 星期五 下午2:27,@familymart_tw,,20,2,,1,https://www.threads.com/@familymart_tw/post/DLH_XPmS_jp,為什麼有聲音,2025年6月20日 星期五 下午9:48,,,,,,
shawnolife,https://www.threads.com/@shawnolife/post/DLG3qRMzRB2,全家會員當月壽星還送你大冰美，也太好了吧！大家記得生日月要去換，因為他好像不會通知你,2025年6月20日 星期五 上午11:21,,"Photo by 長毛象 Shawn 🦣 on June 19, 2025.",195,19,1,36,https://www.threads.com/@familymart_tw/post/DLHtGbmSRXi,因為我們的暖心總是默默的、驚喜的、大冰美的,2025年6月20日 星期五 下午7:08,,,209,4,,4
xien_yeh,https://www.threads.com/@xien_yeh/post/DLHInGxPgE-,這個無敵,2025年6月20日 星期五 下午1:49,@familymart_tw,"Photo by 賢(´▽｀) on June 19, 2025.",254,1,,,https://www.threads.com/@familymart_tw/post/DLHKz8yymjq,這個吼太帥了,2025年6月20日 星期五 下午2:09,,,19,,,
mosburger_taiwan,https://www.threads.com/@mosburger_taiwan/post/DLFlrLbzXio,堡 不分我一杯是嗎,2025年6月19日 星期四 下午11:25,@familymart_tw,,2047,3,1,25,https://www.threads.com/@familymart_tw/post/DLGu_3yy3IX,堡 等等會有人要你買1送1來分我,2025年6月20日 星期五 上午10:06,,,364,,,3
yuxuan__0319,https://www.threads.com/@yuxuan__0319/post/DLFcsK-zS21,真的假的啦我酷繽沙狂粉直接衝去買十杯,2025年6月19日 星期四 下午10:06,@familymart_tw,,3,1,,,https://www.threads.com/@familymart_tw/post/DLFc_d8SR96,真的,2025年6月19日 星期四 下午10:09,,"Photo by 全家便利商店_台灣 on June 19, 2025.",16,,,25
aaa___8u,https://www.threads.com/@aaa___8u/post/DLFEYBMyet2,超好笑 1 / 2,2025年6月19日 星期四 下午6:35,,,55000,1134,4833,24000,https://www.threads.com/@familymart_tw/post/DLFarg2ypC7,全家酷繽沙明天買1送1 超ㄅㄧㄤˋ的啦,2025年6月19日 星期四 下午9:49,,,2233,8,11,116
chuforreal,https://www.threads.com/@chuforreal/post/DLDBHeLySRV,"TaiwanNo1
受夠了大家一直嫌棄台灣，想要發起一個台灣真幸福的討論串。
大家在什麼時候會感到幸福呢？ 我先來：當我半夜在河堤騎著YouBike 時我覺得台灣是世界上最棒的地方。
你們呢？",2025年6月18日 星期三 下午11:27,,,57000,4952,5117,2655,https://www.threads.com/@familymart_tw/post/DLFFTTrSTej,在這種超熱的天氣，還是能隨時走進全家買一支 Fami!ce 吃(๑´ڡ`๑),2025年6月19日 星期四 下午6:42,,,387,5,,2
ci_n01,https://www.threads.com/@ci_n01/post/DLBkVLbBLen,我曾經算出公車上有19萬人。 1 / 2,2025年6月18日 星期三 上午9:56,,,76000,1063,3902,7766,https://www.threads.com/@familymart_tw/post/DLE_TV6ybQe,那這題你應該會了,2025年6月19日 星期四 下午5:50,,"Photo by 全家便利商店_台灣 on June 19, 2025.",607,25,5,17
fashionhouse1227,https://www.threads.com/@fashionhouse1227/post/DLCv18EP1pp,"你會寫藏頭詩嗎？
藏頭詩？ 你等我一下， 媽媽在叫我。 1 / 2",2025年6月18日 星期三 下午8:56,,,7699,187,144,155,https://www.threads.com/@familymart_tw/post/DLE4RLkyy4v,張 開眼那一刻 就想喝西瓜烏龍 原 來到全家自己調 這麼簡單 應 該天天都找朋友一起來喝！,2025年6月19日 星期四 下午4:48,,"Photo by 全家便利商店_台灣 on June 19, 2025.",462,4,2,29
junn_617,https://www.threads.com/@junn_617/post/DLC6P76SqfI,"高中時有一個暗戀了兩年的人 有一天 她跟我說 你能不能不要再像一個舔狗一樣纏著我了 你知不知道你很煩啊 那一刻 我愣住了 沈默許久後 我緩緩說道 「好 我以後再也不糾纏你了」
tan gle 舔 狗
tangle 糾纏(v.) 英文小教室 我們下次見",2025年6月18日 星期三 下午10:27,,,5739,45,252,1051,https://www.threads.com/@familymart_tw/post/DLE4Goxynq3,便利商店英文小教室，我們下次見,2025年6月19日 星期四 下午4:47,,"Photo by 全家便利商店_台灣 on June 19, 2025.",332,1,2,26
jammy.chen,https://www.threads.com/@jammy.chen/post/DLEIYk7TMSC,"#全家
拿鐵：全家>7-11 熱狗：全家>7-11 茶葉蛋：全家>7-11
以上我是心中的三連霸 以下開放留言全家還有什麼贏 7-11的😂",2025年6月19日 星期四 上午9:50,,"Photo by 陳家琪 on June 18, 2025.",1786,589,27,97,https://www.threads.com/@familymart_tw/post/DLER6I3SXOe,全家小編,2025年6月19日 星期四 上午11:13,,,3654,28,8,15
still01lavender40,https://www.threads.com/@still01lavender40/post/DLCl0saPPPK,哈4啊4！！收到！！,2025年6月18日 星期三 下午7:29,@familymart_tw,,16,1,,1,https://www.threads.com/@familymart_tw/post/DLCmQTGy6Zg,斯斯哈～,2025年6月18日 星期三 下午7:32,,,5,,,
jfcy83oazen,https://www.threads.com/@jfcy83oazen/post/DK_UxZTRalg,大家常說有一個公式 麥當勞的薯條 拿坡里的炸雞 肯德基的蛋塔 摩斯漢堡的紅茶 如果真的有店家能把這些組起來賣 那排隊人潮應該會跟去環球一樣多,2025年6月17日 星期二 下午1:02,,,11000,223,252,212,https://www.threads.com/@familymart_tw/post/DLB5iviy1H7,全家的霜淇淋申請加入,2025年6月18日 星期三 下午1:02,,,751,8,1,4
hhhuangyiii,https://www.threads.com/@hhhuangyiii/post/DLABEvszSzM,我表弟參加婚禮沒有領帶跟蝴蝶結 所以他直接給我用蛙鏡== 1 / 2,2025年6月17日 星期二 下午7:29,,"Photo by 荒姨 on June 17, 2025.",490000,4860,30000,140000,https://www.threads.com/@familymart_tw/post/DLATIcDSS3G,看來表弟是屬於潛水系男孩,2025年6月17日 星期二 下午10:07,,,1887,2,2,28
yschoice.studio,https://www.threads.com/@yschoice.studio/post/DK1XxWoR3sv,早上和我爸說我要去上皮拉提斯了 下午打電話給我爸 我爸問我： 「怎樣，做完提拉米蘇啦？」 …………,2025年6月13日 星期五 下午4:16,,,12000,88,223,819,https://www.threads.com/@familymart_tw/post/DLAKl2YSsr0,爸，提拉米蘇是甜的，皮拉提斯是痠的。,2025年6月17日 星期二 下午8:52,,,327,4,1,4
veggiemarks,https://www.threads.com/@veggiemarks/post/DK6dELpxNbQ,@myfilm.meme 感謝每天醒來跟努力活著的自己🥹。 #在微小的地方淬煉巨大的熱情,2025年6月15日 星期日 下午3:38,@familymart_tw,"Photo by Veggie Marks 素食跡 on June 15, 2025.",5,1,,,https://www.threads.com/@familymart_tw/post/DK_zK1iy5Ri,"恭喜您幸運得獎！
您的手寫文字杯，將於6/22週日登上全家電子看板！記得來看唷❤️",2025年6月17日 星期二 下午5:27,,,2,,,1
hanhan_burger,https://www.threads.com/@hanhan_burger/post/DK0t34ZheCO,@lucy4me 感謝同事每早幫買咖啡❤️ #在微小的地方淬煉巨大的熱情,2025年6月13日 星期五 上午10:09,@familymart_tw,"Photo by 彭詩涵 on June 12, 2025.",4,1,,,https://www.threads.com/@familymart_tw/post/DK_zIi1yuJa,"恭喜您幸運得獎！
您的手寫文字杯，將於6/22週日登上全家電子看板！記得來看唷❤️",2025年6月17日 星期二 下午5:27,,,3,,,
hj7589,https://www.threads.com/@hj7589/post/DK02ZaSSxlm,"主人也謝謝妳唷小瓜仔🫶🏻 會繼續為照顧好妳那邁向老年的小身體的💪🏻
（咖啡是主人喝的 小地瓜喝水水💧",2025年6月13日 星期五 上午11:24,@familymart_tw,"Photo by Jessie Shen on June 12, 2025.",10,2,,4,https://www.threads.com/@familymart_tw/post/DK_zFZrS30-,"恭喜您幸運得獎！
您的手寫文字杯，將於6/22週日登上全家電子看板！記得來看唷❤️",2025年6月17日 星期二 下午5:27,,,2,,,
z517517123,https://www.threads.com/@z517517123/post/DK9nbGMTUXp,居然在全家的帳號看到浣熊三兄弟🤯🦝🦝🦝,2025年6月16日 星期一 下午9:06,@familymart_tw,,15,1,,,https://www.threads.com/@familymart_tw/post/DK9ujXtyfO-,可愛🦝💚💙,2025年6月16日 星期一 下午10:09,,,9,1,,
chupeichen_1879,https://www.threads.com/@chupeichen_1879/post/DK9gj6kPmx4,石頭何時開放購買？,2025年6月16日 星期一 下午8:06,@familymart_tw,,6,1,,,https://www.threads.com/@familymart_tw/post/DK9hDycSial,石機未到,2025年6月16日 星期一 下午8:11,,,53,1,,10
fe04._.11ng,https://www.threads.com/@fe04._.11ng/post/DK9X0pnRd1l,全家你真的好壞喔！買啦買啦都買啦，還叫浣熊三兄弟代言，可不可以讓他們在全台的全家喝水啊😭😭😭,2025年6月16日 星期一 下午6:50,@familymart_tw,,24,1,,,https://www.threads.com/@familymart_tw/post/DK9YI6Xyh3P,小編也突然變得很喜歡喝水,2025年6月16日 星期一 下午6:53,,,15,1,,
wendyhsaio,https://www.threads.com/@wendyhsaio/post/DK9Ommnh4U7,請把石頭放下，夯番薯不包含石頭販售😆,2025年6月16日 星期一 下午5:29,@familymart_tw,,17,1,,1,https://www.threads.com/@familymart_tw/post/DK9O4ReSlJq,查證薯石,2025年6月16日 星期一 下午5:32,,,67,,,4
torocompany1002,https://www.threads.com/@torocompany1002/post/DK8bXvxT-u2,偷偷編覺得老闆一定是什麼幸運星⭐️ 第二件0元都能被他抽中！ 老闆提醒大家營養均衡🥬 青菜⭕️榴槤❌️,2025年6月16日 星期一 上午10:02,,"Photo by Toro拓駱 on June 15, 2025. | Photo by Toro拓駱 on June 15, 2025.",625,78,3,7,https://www.threads.com/@familymart_tw/post/DK9AfoYSlYk,請問去全家買菜這麼帥是可以的嗎,2025年6月16日 星期一 下午3:26,,,56,,,
yu_ling0216,https://www.threads.com/@yu_ling0216/post/DK4rVLOz83Q,"夾子
台灣人： **拿到後先夾兩下空氣** 1 / 2",2025年6月14日 星期六 下午11:04,,"Photo by 小晴 on June 14, 2025.",80000,413,5069,3284,https://www.threads.com/@familymart_tw/post/DK8_0a9SxJ5,夾這兩下是代表已經鎖定目標，測試夾的力道會不會傷了夯番薯寶寶,2025年6月16日 星期一 下午3:20,,,4133,28,19,48
energy.come,https://www.threads.com/@energy.come/post/DK8pfe3yUbJ,"high 5
腦內派對！穿梭異次元世界的歡樂氛圍！ Synth Pop帥氣速度節奏，能力值滿點六邊形
快樂版圖欠你這塊 現在就跟Energy一起來個 〈High 5〉！
6/23（Mon.）00:00 全新單曲 數位上架
#搶先聽！電台全球首播時間如下： 6/18 10AM、2PM、5PM、9PM 6/19 5AM、12PM、7PM、11PM 6/20 6AM、11AM、3PM、10PM 請注意：以上時間均指時段並非準整點即播出。 聯播時段五地統一播出，北中南宜東自製節目則在該時段由各地DJ播出。線上收聽 goo.gl/Mo0yp官方app http://app.hitoradio
energy.come",2025年6月16日 星期一 下午12:05,,,402,17,11,29,https://www.threads.com/@familymart_tw/post/DK822dbSjkE,High 5 🙌 翻譯,2025年6月16日 星期一 下午2:02,,,16,2,,
shilun1994,https://www.threads.com/@shilun1994/post/DK1o5jgvE7Q,雨天也不得不出門的抽取式柴柴 1 / 2,2025年6月13日 星期五 下午6:45,,"Photo by Archer LIN on June 13, 2025.",53000,222,2254,5033,https://www.threads.com/@familymart_tw/post/DK814JFyj_b,等等！全家行動購商品介紹該不會要改成這樣了吧？！,2025年6月16日 星期一 下午1:53,,"Photo by 全家便利商店_台灣 on June 15, 2025.",245,5,2,10
ggina2623,https://www.threads.com/@ggina2623/post/DK6P0P7xv_G,"超商日常
紀錄一下我的超商評比🏪 我還有漏掉啥嗎
咖啡：全家勝🏆 甜點：全家勝🏆 沙拉：7-11勝🏆 健康餐盒：7-11勝🏆 辣雞球：7-11勝🏆 辣雞胗：全家勝🏆 茶葉蛋：7-11勝🏆 飯糰：7-11勝🏆 義大利麵：全家勝🏆 水果：全家勝🏆 燴飯：7-11勝🏆 麻辣燙/鍋類：全家勝🏆 三明治：7-11勝🏆（但全家種類多） 冰淇淋：全家勝🏆 1 / 2",2025年6月15日 星期日 下午1:42,,,3817,427,107,429,https://www.threads.com/@familymart_tw/post/DK7QENJycx2,小編評比到底是誰（心急,2025年6月15日 星期日 下午11:04,,,2392,56,3,14
chen_g_7,https://www.threads.com/@chen_g_7/post/DK6XX4eSuTZ,"天氣熱吃個涼麵～～
炒麵今天在忙 應該沒空理我了 1 / 2",2025年6月15日 星期日 下午2:49,,,6070,580,222,2519,https://www.threads.com/@familymart_tw/post/DK7J1Kzy-Oi,涼麵：不好意思，請問您倒的是誰？,2025年6月15日 星期日 下午10:09,,,966,3,,11
energy.come,https://www.threads.com/@energy.come/post/DK671bASs2a,"馬上去
微波便當等一下！「馬上去」挑戰不能等 🐎
叮咚～歡迎光臨全家💚 取貨、結帳、煮茶葉蛋全部馬上去！ 全家店員跳起來「馬上去」 福利好康通通降臨！ 𝙄 𝙇𝙞𝙠𝙚 𝙏𝙝𝙚 𝙒𝙖𝙮 𝙔𝙤𝙪！
／
[ 新歌上架馬上聽 ] 🐎 stars.lnk.to/DoitN…
[ 完整版MV馬上看] 🐎 youtu.be/beKcQ…
#Energy #馬上去 #全家代言人 #店員也能跳很帥 #全家 #DoItNow #DanceChallenge #入圍金曲36最佳演唱組合 #入圍金曲36年度最佳歌曲
energy.come",2025年6月15日 星期日 下午8:07,,,377,28,2,9,https://www.threads.com/@familymart_tw/post/DK7IdAnSsst,全家大小朋友跳起來💚💙,2025年6月15日 星期日 下午9:57,,,17,,,
ann_522_,https://www.threads.com/@ann_522_/post/DK3kCXgzTYq,想看大家用emoji拼出來的名字 我先來🧪🧩💤 1 / 2,2025年6月14日 星期六 下午12:41,,,6231,1226,36,81,https://www.threads.com/@familymart_tw/post/DK4jx1xSBgu,👊🏠,2025年6月14日 星期六 下午9:58,,,796,2,,
wwll_47,https://www.threads.com/@wwll_47/post/DKyzR38TObC,穿雨衣下樓就有種迪士尼公主的感覺,2025年6月12日 星期四 下午4:18,,,69000,520,3878,12000,https://www.threads.com/@familymart_tw/post/DK1zJnvyAlQ,Do you want to build a snowman～～～ヽ(o´∀`)ﾉ♪♬ 翻譯,2025年6月13日 星期五 下午8:15,,,1113,5,,7
__wildbunny__,https://www.threads.com/@__wildbunny__/post/DK0yh0NS5w2,@std30123 感謝陪我一起長大的貓咪🐱#在微小的地方淬煉巨大的熱情,2025年6月13日 星期五 上午10:50,@familymart_tw,"Photo by @__wildbunny__ on June 12, 2025.",3,1,,,https://www.threads.com/@familymart_tw/post/DK0zpvpyGBt,🥺,2025年6月13日 星期五 上午11:00,,,,,,
zn__an,https://www.threads.com/@zn__an/post/DKwfWZCSU1P,剛剛去買晚餐 「老闆 我要一個小的皮蛋涼麵」 過幾分鐘後 . 老闆：「先生 你是一個小皮蛋嗎？」 有點心虛（？ 但還是馬上回答 對😖,2025年6月11日 星期三 下午6:46,,,34000,251,1429,6054,https://www.threads.com/@familymart_tw/post/DK0moVNSfRQ,全家店員：薯勾以是誰？ ：我🥴🥴🥴,2025年6月13日 星期五 上午9:06,,"Photo by 全家便利商店_台灣 on June 12, 2025.",247,1,,17
91.5showlove,https://www.threads.com/@91.5showlove/post/DKzK22nvd66,"在微小的地方淬煉巨大的熱情
感謝energy 在微小的地方淬煉巨大的熱情",2025年6月12日 星期四 下午7:44,@familymart_tw,"Photo by 小穎🍁 on June 12, 2025.",3,1,,,https://www.threads.com/@familymart_tw/post/DKzNqOTSkGl,😍,2025年6月12日 星期四 下午8:09,,,,,,
p_sing_cheng,https://www.threads.com/@p_sing_cheng/post/DKzKjE-B63i,"想知道有哪些名字被刷掉了！
然後，真的想知道全家帳號背後到底是哪個社群行銷公司，這段文字真的有趣的太有畫面了！ 哈哈啊哈 😂",2025年6月12日 星期四 下午7:42,@familymart_tw,,5,1,,1,https://www.threads.com/@familymart_tw/post/DKzNnJfS3kA,全家小編一人股份有限公司,2025年6月12日 星期四 下午8:08,,,11,1,,
eugenemkt,https://www.threads.com/@eugenemkt/post/DKzLXF_BbN9,感謝幸運貓貓每天送祝福,2025年6月12日 星期四 下午7:49,@familymart_tw,"Photo by Eugene Chen on June 12, 2025.",3,1,,,https://www.threads.com/@familymart_tw/post/DKzNg-XygaF,🐈,2025年6月12日 星期四 下午8:08,,,1,,,
ccyu25,https://www.threads.com/@ccyu25/post/DKzG5H1Sm7x,謝謝Energy回來當Energy🥺🥺🥺 #在微小的地方淬煉巨大的熱情❤️‍🔥,2025年6月12日 星期四 下午7:10,@familymart_tw,"Photo by 紀一千⚾ on June 12, 2025.",16,1,,,https://www.threads.com/@familymart_tw/post/DKzNet9SdDH,我們最帥代言人，能量滿滿⚡️,2025年6月12日 星期四 下午8:07,,,1,,,
hsiaoyang_nunu,https://www.threads.com/@hsiaoyang_nunu/post/DKzFRXQyDnt,謝謝同事的支援💖,2025年6月12日 星期四 下午6:55,@familymart_tw,"Photo by Cara Hsiao on June 12, 2025.",2,1,,,https://www.threads.com/@familymart_tw/post/DKzNZbry6vW,今天也加油喔🫶🏻,2025年6月12日 星期四 下午8:06,,,,,,
cy.chuan_z7125,https://www.threads.com/@cy.chuan_z7125/post/DKyqTHTydwI,有用遊戲王決鬥出來嗎🥺🥺,2025年6月12日 星期四 下午3:00,@familymart_tw,,,1,,,https://www.threads.com/@familymart_tw/post/DKzHqbuSh63,啟用陷阱卡,2025年6月12日 星期四 下午7:16,,,2,,,
yuting__,https://www.threads.com/@yuting__/post/DKuPzdUOVWR,沒有看懂全家這一批新品的命名邏輯 1 / 2,2025年6月10日 星期二 下午9:51,,"Photo by 昱婷 on June 10, 2025. | Photo by 昱婷 on June 10, 2025. | Photo by 昱婷 on June 10, 2025. | Photo by 昱婷 on June 10, 2025.",10000,207,398,3001,https://www.threads.com/@familymart_tw/post/DKw1kLzyULE,"首先我們會打開會議室的門，然後所有產品相關的人帶著咖啡坐下來，接著我們會打開新品看著大概3分鐘。然後「比手畫腳＋唱歌猜歌＋閱讀詩集+諧音梗王」的綜合挑戰賽，最後經過無數的靈感撞擊、運氣加持，新品的名字終於誕生，決定它的名字是：___________ 你現在看到的每一個名字，都有可能是我們和命運對決後的成果。
📝 以上內容純屬全家小編虛構，如有雷同，純屬全家日常：）",2025年6月11日 星期三 下午10:00,,,11000,39,80,290
lun_8895,https://www.threads.com/@lun_8895/post/DKwKBk2pVwj,是草莓月亮 好大好紅！,2025年6月11日 星期三 下午3:39,,"Photo by 程立綸 Leo on June 11, 2025. | Photo by 程立綸 Leo on June 11, 2025. | Photo by 程立綸 Leo on June 11, 2025.",16000,152,983,3038,https://www.threads.com/@familymart_tw/post/DKwf7O7yhOk,真的！超粉超美超好喝,2025年6月11日 星期三 下午6:51,,"Photo by 全家便利商店_台灣 on June 11, 2025.",245,3,,3
liuhdowtang,https://www.threads.com/@liuhdowtang/post/DKwc0vZTaxy,這週冰淇淋有買一送一嗎？,2025年6月11日 星期三 下午6:24,@familymart_tw,,3,2,,1,https://www.threads.com/@familymart_tw/post/DKwfsDYy8TA,,2025年6月11日 星期三 下午6:49,,"Photo by 全家便利商店_台灣 on June 11, 2025.",45,1,,15
tracetrax097,https://www.threads.com/@tracetrax097/post/DKwFWpqp-MO,好像沒有比你更正確的答案了⋯⋯,2025年6月11日 星期三 下午2:58,@familymart_tw,,4,1,,,https://www.threads.com/@familymart_tw/post/DKwHjsJSu9P,選我正解✨🫶🏻,2025年6月11日 星期三 下午3:18,,,3,,,
tracetrax097,https://www.threads.com/@tracetrax097/post/DKtNv1ZJOdQ,選我正解,2025年6月10日 星期二 下午12:14,,"Photo by Lin Ying Yin on June 09, 2025.",36000,309,751,1038,https://www.threads.com/@familymart_tw/post/DKv5vmjSjGi,全家袖珍包柔紙巾 10 抽,2025年6月11日 星期三 下午1:17,,,195,1,,3
06.05.87_00,https://www.threads.com/@06.05.87_00/post/DKvtgnXPrqJ,謝謝 好歹給我草莓牛奶吧,2025年6月11日 星期三 上午11:30,@familymart_tw,,7,1,,,https://www.threads.com/@familymart_tw/post/DKv0tPpSuQh,草莓的季節在冬天～～,2025年6月11日 星期三 下午12:33,,,4,,,
wanna_tellu,https://www.threads.com/@wanna_tellu/post/DKvXRbQhhlL,"全家
全家！！不准你出這種有聲音的麵包耶 害我腦袋裡都是咕咕咕 然後還給我做成雞腿造型 誰來給員工加薪",2025年6月11日 星期三 上午8:16,,"Photo by 大家聽我說 on June 10, 2025. | Photo by 大家聽我說 on June 10, 2025. | Photo by 大家聽我說 on June 10, 2025.",261,10,1,54,https://www.threads.com/@familymart_tw/post/DKvd3p9yFmq,穀咕～,2025年6月11日 星期三 上午9:13,,,36,1,,
ting.zhou_,https://www.threads.com/@ting.zhou_/post/DKuUlDFzPvS,這句話有聲音😍,2025年6月10日 星期二 下午10:33,@familymart_tw,,1,1,,,https://www.threads.com/@familymart_tw/post/DKub43LST5E,還有畫面,2025年6月10日 星期二 下午11:37,,,,,,
mia_j77,https://www.threads.com/@mia_j77/post/DKtMPgzTX5G,好奇大家都喝那家便利商店咖啡 全家、7-11、萊爾富,2025年6月10日 星期二 下午12:01,,,44,61,,2,https://www.threads.com/@familymart_tw/post/DKuGI4qyEiK,阿姨，給我一杯冰美式。 （小編有太入戲的問題,2025年6月10日 星期二 下午8:27,,"Photo by 全家便利商店_台灣 on June 10, 2025.",73,4,,2
gvmonthly,https://www.threads.com/@gvmonthly/post/DKt5V4lzrgm,"我真的不是你阿姨！
論稱呼禮儀的重要>>> gvm.com.tw/artic…
gvm.com.tw
「我真的不是你阿姨！」稱呼禮儀有多重要？ | 遠見雜誌",2025年6月10日 星期二 下午6:35,@familymart_tw,「我真的不是你阿姨！」稱呼禮儀有多重要？ | 遠見雜誌,8,1,,,https://www.threads.com/@familymart_tw/post/DKt7CSzSa9J,小編我一律都叫帥哥美女🥹 不會錯！！！,2025年6月10日 星期二 下午6:50,,,10,,,
allennlai,https://www.threads.com/@allennlai/post/DKolbH0y0Tz,當女友讓我規劃大阪行程： （她看起來很開心很喜歡） 1 / 3,2025年6月8日 星期日 下午5:05,,"Photo by Allen on June 08, 2025.",46000,551,1298,17000,https://www.threads.com/@familymart_tw/post/DKtsJ9kydpK,"雙北知名冰店一日遊 10:00 全家便利商店 內科店 11:00 全家便利商店 南京復興店 12:00 全家便利商店 小巨蛋二店 13:00 全家便利商店 松仁店 14:00 全家便利商店 大安店 15:00 全家便利商店 民權西路店 16:00 全家便利商店 中山捷運站店 17:00 全家便利商店 公館店 18:00 全家便利商店 中和環球店 19:00 全家便利商店 新店光明店
如果想更改行程，這邊也可以查詢 bit.ly/3NOn6…
app3.family.com.tw
*全家便利商店好物推薦*發現全家好商品！推薦你看看【店舖服務通地圖】",2025年6月10日 星期二 下午4:40,,*全家便利商店好物推薦*發現全家好商品！推薦你看看【店舖服務通地圖】,179,3,1,5
yuchen_1211,https://www.threads.com/@yuchen_1211/post/DKrNN9FyMLK,"有一種友情叫做:
你去我就去",2025年6月9日 星期一 下午5:31,,,36000,227,3740,2842,https://www.threads.com/@familymart_tw/post/DKtq0BNS0Vp,有一種友情叫做： ㄟ你的霜淇淋借我吃一口,2025年6月10日 星期二 下午4:28,,,70,,,2
shinchan_.85,https://www.threads.com/@shinchan_.85/post/DKoxfI7BojN,"諧音梗
跟大家分享這我朋友 退出群組前還是沒有要放過諧音梗……",2025年6月8日 星期日 下午6:50,,"Photo by shinchan🐟 on June 08, 2025.",29000,81,1245,1580,https://www.threads.com/@familymart_tw/post/DKtpJ8UyNce,可以把我加回去嗎🥹,2025年6月10日 星期二 下午4:14,,"Photo by 全家便利商店_台灣 on June 10, 2025.",356,4,1,16
powerdvd6,https://www.threads.com/@powerdvd6/post/DKmpPTZToax,嚇死小弟了，全力衝刺！ 回來看影片，才知道原來是🐍,2025年6月7日 星期六 下午11:02,,,30000,944,613,7869,https://www.threads.com/@familymart_tw/post/DKpbaJlyZwr,沒事沒事！人蛇無恙，霜淇淋也有吃到，小編安心了🥹🫶🍦,2025年6月9日 星期一 上午12:57,,,973,1,,10
charlie1101.tw,https://www.threads.com/@charlie1101.tw/post/DKjQ04Ez9eJ,幹 出門帶錯耳機 帶成歐樂B😍😍 1 / 3,2025年6月6日 星期五 下午3:29,,"Photo by Charlie👾 on June 06, 2025. | Photo by Charlie👾 on June 06, 2025.",290000,5788,19000,85000,https://www.threads.com/@familymart_tw/post/DKl--vpy-ip,你⋯你那個不是降噪，是抗菌哦🥹,2025年6月7日 星期六 下午4:50,,,2780,7,1,18
daisy6pink,https://www.threads.com/@daisy6pink/post/DKjpQD3Syh4,"Energy
《馬上去-全家》 週末五、六、日5樣5好康 這次買了氣泡水、古早味紅茶 尤其這個紅茶微糖加冰塊很好喝
剛才下班問全家超商店長 古早味紅茶箱購 今天週五還沒過完就已經賣了一半的進貨量 趕緊跟店長預訂一箱（我跟我媽都愛喝）🤭 - @familymart_tw 全家小編很用心 昨天6/5在TORO直播中留言「馬上去全家」 限動也特別搭配「金銀島」歌曲 在Toro這張傳單寫上「藍色世界的國王」 謝謝小編的用心💖 - 恭喜Energy 「馬上去」MV上架22小時 觀看次數即將邁向50萬 繼續刷起來🥳 - 馬上去看MV 連結如下 youtu.be/beKcQ… - 圖片來源： 剛才自己拍的、相信音樂YouTube、全家超商IG限動、全家超商官方臉書、Toro直播 - @torocompany1002 @yeh_naiwen @edyhsiao @shuwei11041104 @hsieh_kunda 1 / 2",2025年6月6日 星期五 下午7:02,,"Photo by 姿儀（奶茶） on June 06, 2025. | Photo by 姿儀（奶茶） on June 06, 2025. | Photo by 姿儀（奶茶） on June 06, 2025. | Photo by 姿儀（奶茶） on June 06, 2025. | Photo by 姿儀（奶茶） on June 06, 2025. | Photo by 姿儀（奶茶） on June 06, 2025. | Photo by 姿儀（奶茶） on June 06, 2025. | Photo by 姿儀（奶茶） on June 06, 2025. | Photo by 姿儀（奶茶） on June 06, 2025. | Photo by 姿儀（奶茶） on June 06, 2025. | Photo by 姿儀（奶茶） on June 06, 2025.",80,18,1,3,https://www.threads.com/@familymart_tw/post/DKjq4J1Spgw,我就知道E家人會看出來我的細節💚💙 馬上去全家！,2025年6月6日 星期五 下午7:16,,,50,3,,1
simonhu904,https://www.threads.com/@simonhu904/post/DKimrZAh38M,最後一張圖霜淇淋旁邊兩坨是....？,2025年6月6日 星期五 上午9:20,@familymart_tw,,2,1,,,https://www.threads.com/@familymart_tw/post/DKip9cPyGyj,是我努力過的筆跡與宣傳圖,2025年6月6日 星期五 上午9:49,,,22,,,
muta116,https://www.threads.com/@muta116/post/DKhSrYpBrma,OG老味道 全台第一家薑母鴨 你們覺得我吃食物簡單 還是玩（修？）車簡單？ @mjfceo @mj116_tpc @mjkenzy_16 #拜託你了大淵,2025年6月5日 星期四 下午9:06,,,1008,34,9,144,https://www.threads.com/@familymart_tw/post/DKhaIMpy1mE,你後面有全家！！！！！,2025年6月5日 星期四 下午10:11,,,212,3,,9
mmoolrlny,https://www.threads.com/@mmoolrlny/post/DKe9v-XpQuP,"全家便利商店
想說可惡忘記帶傘又要花錢 走進全家看到這個可愛度心情都好了😚💙 期待拿來拍照ㄎㄎ $139供參🫶🏻",2025年6月4日 星期三 下午11:25,,"Photo by mollyもリ摸哩⊹˚ on June 04, 2025.",737,6,4,55,https://www.threads.com/@familymart_tw/post/DKhTcdFSrHI,雨天的壞心情，全家用可愛收買💚💙,2025年6月5日 星期四 下午9:13,,,63,2,,
jaexia2,https://www.threads.com/@jaexia2/post/DKfz8v6BuQS,感覺文 7-11的店員忙得要死 全家的店員還挺忙的 OK的店員有點悠閑 萊爾富的店員：走進店裡逛了3分鐘，根本沒看到店員,2025年6月5日 星期四 上午7:19,,,10000,170,213,568,https://www.threads.com/@familymart_tw/post/DKhQakkS02z,全家的小編感覺挺讚的,2025年6月5日 星期四 下午8:47,,,1212,6,1,2
xingnanciboy,https://www.threads.com/@xingnanciboy/post/DKeWI9EPRs6,"全家
大巨蛋的全家叕準備好演唱會的補給品了
臺北大巨蛋",2025年6月4日 星期三 下午5:39,,"Photo by L on June 04, 2025. | Photo by L on June 04, 2025.",4155,55,173,2004,https://www.threads.com/@familymart_tw/post/DKfCxNXSPsP,我們已經準備好 一千年以後～～～～🎤,2025年6月5日 星期四 上午12:09,,,398,2,,8
netflixtw,https://www.threads.com/@netflixtw/post/DKd9Dufv_Kb,"忘了我記得
你要不要聽聽看自己在說什麼🙂",2025年6月4日 星期三 下午2:00,,,673,25,11,82,https://www.threads.com/@familymart_tw/post/DKevEAmSMhy,緩～光臨😊,2025年6月4日 星期三 下午9:17,,,114,2,,1
__tingjia.zhang__,https://www.threads.com/@__tingjia.zhang__/post/DKZIFg3SIeK,全家新口味 我吃到了😍 奇異果搭比利時巧克力是什麼超神組合 也太好吃 大家快衝 1 / 2,2025年6月2日 星期一 下午5:00,,"Photo by 庭嘉Tim🇹🇼 台中•彰化美食｜超商｜好物｜新品優惠｜ on June 02, 2025.",2052,38,57,2834,https://www.threads.com/@familymart_tw/post/DKcVR4Kyx-c,是不是很奇🥝,2025年6月3日 星期二 下午10:53,,,116,5,,17
judyjoy532,https://www.threads.com/@judyjoy532/post/DKb47A6Belx,"！！涼麵之爭！！ 全家 跟 小7 哪家的涼麵 大眾比較喜歡？
604票 · 票選活動已結束",2025年6月3日 星期二 下午6:45,,,26,15,,3,https://www.threads.com/@familymart_tw/post/DKcVKwWyHDI,小編的話應該是我贏吧～,2025年6月3日 星期二 下午10:52,,"Photo by 全家便利商店_台灣 on June 03, 2025.",182,5,,
torocompany1002,https://www.threads.com/@torocompany1002/post/DKYYPG0TuGb,當老闆在旁邊看帶， 發出謎樣 oh~oh~oh~ 時！ 誰能幫偷偷編翻譯一下需要注意什麼嗎？ (剪出來的是精華，沒剪出來的都精彩...老闆電眼不能錯過🤭),2025年6月2日 星期一 上午10:02,,,451,49,5,4,https://www.threads.com/@familymart_tw/post/DKcUgQ-SgtN,這在拍哪一家的廣告，怎麼這麼好看🫶🏻,2025年6月3日 星期二 下午10:46,,,24,1,,
moychen224,https://www.threads.com/@moychen224/post/DKZfeaiPWxj,你考上了政大，他考上了台大，我烤上了地瓜。 烤地瓜～烤地瓜～,2025年6月2日 星期一 下午8:24,,,1137,25,56,56,https://www.threads.com/@familymart_tw/post/DKbUzuqSu9A,全家都烤上了,2025年6月3日 星期二 下午1:29,,"Photo by 全家便利商店_台灣 on June 02, 2025.",136,2,,
katzem0nd,https://www.threads.com/@katzem0nd/post/DKZvsI4yCVo,誰他媽在口水雞裡面打勾,2025年6月2日 星期一 下午10:46,,"Photo by # on June 02, 2025.",150000,1138,12000,59000,https://www.threads.com/@familymart_tw/post/DKbUc7XS9zb,學到了，謝謝,2025年6月3日 星期二 下午1:26,,"Photo by 全家便利商店_台灣 on June 02, 2025.",4165,6,12,64
melon._.ha._.05,https://www.threads.com/@melon._.ha._.05/post/DKYgVXBS4xA,剛去吃我家牛排結果裡面全都是我不認識的人 已經報警了,2025年6月2日 星期一 上午11:12,,,100000,2817,9344,33000,https://www.threads.com/@familymart_tw/post/DKbSM3hyPr4,客人特地來拜訪全家，卻發現爸媽不在家。,2025年6月3日 星期二 下午1:07,,,7502,12,20,91
chengyuwu770606,https://www.threads.com/@chengyuwu770606/post/DKYhagwpfmh,"最近一直下雨
我昨天才靠北完我老婆說下雨天出門不會帶傘嗎
結果…靠北….
我以為我帶的是傘…..
有什麼台階比較好下的嗎 1 / 2",2025年6月2日 星期一 上午11:22,,"Photo by 吳承育 on June 01, 2025. | Photo by 吳承育 on June 01, 2025.",61000,1209,3606,15000,https://www.threads.com/@familymart_tw/post/DKZ2u20S8QP,這傘很罩，只是稍微透風。,2025年6月2日 星期一 下午11:47,,,795,1,,12
rb148_,https://www.threads.com/@rb148_/post/DKYffUsywCs,"綠島
綠島今天的風真的不是開玩笑的：） 1 / 2",2025年6月2日 星期一 上午11:06,,,68000,1308,2023,14000,https://www.threads.com/@familymart_tw/post/DKZv_4iyAzb,綠島今天：風大、浪美、人差點飛。,2025年6月2日 星期一 下午10:49,,,393,,1,3
aiajboysssss,https://www.threads.com/@aiajboysssss/post/DKZJMKFPCFN,參加妹妹畢業典禮 想說媽媽怎麼都不把花拿出來 1 / 2,2025年6月2日 星期一 下午5:10,,,65000,116,3484,7379,https://www.threads.com/@familymart_tw/post/DKZaJcQSiJA,媽媽的愛，防風、防雨。,2025年6月2日 星期一 下午7:38,,,3098,2,,25
jammy.chen,https://www.threads.com/@jammy.chen/post/DKZEAagz_Ap,"等咖啡時看到看板竟然有皮卡丘 也太可愛了吧😻 週一憂鬱的心情有被小療癒到
#全家",2025年6月2日 星期一 下午4:24,,,158,19,,8,https://www.threads.com/@familymart_tw/post/DKZGjuwyjyn,皮卡丘來放電～皮卡皮卡⚡️,2025年6月2日 星期一 下午4:46,,,57,,,1
lim._.708,https://www.threads.com/@lim._.708/post/DKYlOV8TMAa,六福村玩到一半發現自己同學台大獸醫正取 1 / 2,2025年6月2日 星期一 上午11:57,,,310000,3827,6347,6952,https://www.threads.com/@familymart_tw/post/DKY4HgzycKn,學霸的快樂，總是來得又急又猛。🥹🎓🫶🏻,2025年6月2日 星期一 下午2:40,,,17000,4,4,12
mr.ban_chang,https://www.threads.com/@mr.ban_chang/post/DKO833BPvrg,"今天我去7-11取貨
我：「我要取貨」
店員：「末三碼」
我：「807」
店員：「姓什麼」
我：「姓包」
店員：「菇」
媽的貢丸 他是不是沒被杏鮑菇打過",2025年5月29日 星期四 下午6:09,,,310000,1801,10000,60000,https://www.threads.com/@familymart_tw/post/DKY3kEqSXVv,店員：末三碼 客人：520 店員：姓符嗎？ 客人：就還可以吧,2025年6月2日 星期一 下午2:35,,,20000,41,300,1185
doctor_3kids,https://www.threads.com/@doctor_3kids/post/DKWSYJlTJh2,"工程師
儀器廠商來檢修，半小時後儀器恢復正常了 我：［找到問題了嗎？］ 工程師：［乖乖過期了。］ 我：［嗯？］",2025年6月1日 星期日 下午2:32,,,43000,561,854,2800,https://www.threads.com/@familymart_tw/post/DKY3BHySJ2O,乖乖：不是我不努力，是我賞味期到了。,2025年6月2日 星期一 下午2:31,,,106,1,,1
shotakimura525,https://www.threads.com/@shotakimura525/post/DKRnyAvTqCe,"居然竟然
居然竟然物語是從這邊開始的… 謝謝 @familymart_tw
#居然竟然 #日本人 1 / 3",2025年5月30日 星期五 下午7:05,,,362,9,3,3,https://www.threads.com/@familymart_tw/post/DKU2Cc9ymA6,然然然然然然🎵 果然全家就是你家💚💙,2025年6月1日 星期日 上午1:05,,,34,,,
birusay.us,https://www.threads.com/@birusay.us/post/DKRCQaQx7t_,原本只是想google主機放乖乖的照片 赫然發現～ 什麼時候多了靠得住🤣 查了一下發現除了名字聽起來很可靠 還有網友說因為它號稱”流量再大也不怕” 忽然覺得好像蠻合理的😆 1 / 2,2025年5月30日 星期五 下午1:35,,"Photo by 比如說美國 on May 29, 2025.",20000,261,690,6975,https://www.threads.com/@familymart_tw/post/DKU1I25SXeg,主機：我不只乖乖，還靠得住👍,2025年6月1日 星期日 上午12:57,,,1000,,,8
fang_y.ching,https://www.threads.com/@fang_y.ching/post/DKRNhSvSuAo,"端午節
我叫郁晴，最討厭端午節。
「郁晴顧粽」
為什麼都是我。",2025年5月30日 星期五 下午3:13,,,39000,478,1880,4908,https://www.threads.com/@familymart_tw/post/DKTe2CaSbfs,請問郁晴，這個粽也包含在您顧的範圍嗎,2025年5月31日 星期六 下午12:23,,"Photo by 全家便利商店_台灣 on May 30, 2025.",652,7,,16
npm_south,https://www.threads.com/@npm_south/post/DKTbGEjpJvq,居然是要老的蛋嗎？難怪,2025年5月31日 星期六 上午11:50,@familymart_tw,"Photo by 國立故宮博物院南部院區 on May 30, 2025.",760,7,,,https://www.threads.com/@familymart_tw/post/DKTeIQky5no,經考證：蛋齡越高，重心越穩。,2025年5月31日 星期六 下午12:17,,,78,,,
,https://www.threads.com/@s87a03y26/post/DKR8cx1TLiK,Energy,2025年5月30日 星期五 下午10:15,,,185,32,13,29,https://www.threads.com/@familymart_tw/post/DKSM3KgSSex,馬上去全家🐎💚💙,2025年5月31日 星期六 上午12:27,,,60,2,,
_1yz100,https://www.threads.com/@_1yz100/post/DKKRZCQy5oW,我真心覺得 月老把我的紅線拿去綁粽子了,2025年5月27日 星期二 下午10:33,,,22000,133,2764,3140,https://www.threads.com/@familymart_tw/post/DKMv1cRyqq_,緣「線」未到，先來全家吃個有「餡」的,2025年5月28日 星期三 下午9:37,,"Photo by 全家便利商店_台灣 on May 28, 2025.",197,3,,5
energy.come,https://www.threads.com/@energy.come/post/DKMf4pKyPWt,"Energy粉絲福利
🚨心動警告🚨 #energy 粉絲福利「5」連發 你最想看他們秀…🤫
好想來點小確幸？ 週末五六日就衝 #全家Familymart 每個角落都有滿滿福利等你來搜刮🛒
\ 寵粉好康秀不停💗 / 🖐️全家康康『5』 🖐️週末『5』六日 🖐️『5』樣『5』好康 🖐️多樣商品最低『5』折起！
p.s：小心別幸福到暈過去~
#全家Familymart #全家康康5 #粉絲福利篇
youtube.com/watch…
youtube.com
全家便利商店",2025年5月28日 星期三 下午7:18,,全家便利商店,198,8,3,1,https://www.threads.com/@familymart_tw/post/DKMrkAqSsWm,這不是普通的粉絲福利，是連心臟都會震「5」下的程度,2025年5月28日 星期三 下午9:00,,,30,5,,
lifang_____,https://www.threads.com/@lifang_____/post/DKLfK5ASglg,全家這新品害我以為超商可以買到豬血糕+花生粉 還興奮了一下😇,2025年5月28日 星期三 上午9:52,,"Photo by @lifang_____ on May 27, 2025.",14000,186,384,2440,https://www.threads.com/@familymart_tw/post/DKMrDraymui,我們的米雪布朗尼外表長得很有台味，靈魂是甜點界的濃情巧克力🤎 加不加香菜則在於個人,2025年5月28日 星期三 下午8:55,,,1214,10,2,34
kelly_save_money_2023,https://www.threads.com/@kelly_save_money_2023/post/DKLY_hfzRha,"全家
全家 不要玩食物🫣 那臉是怎樣🤣🤣 1 / 2",2025年5月28日 星期三 上午8:58,,"Photo by Kelly止血鉗護理師💉的省錢日常 on May 27, 2025. | Photo by Kelly止血鉗護理師💉的省錢日常 on May 27, 2025. | Photo by Kelly止血鉗護理師💉的省錢日常 on May 27, 2025. | Photo by Kelly止血鉗護理師💉的省錢日常 on May 27, 2025. | Photo by Kelly止血鉗護理師💉的省錢日常 on May 27, 2025. | Photo by Kelly止血鉗護理師💉的省錢日常 on May 27, 2025. | Photo by Kelly止血鉗護理師💉的省錢日常 on May 27, 2025. | Photo by Kelly止血鉗護理師💉的省錢日常 on May 27, 2025. | Photo by Kelly止血鉗護理師💉的省錢日常 on May 27, 2025.",1144,22,27,263,https://www.threads.com/@familymart_tw/post/DKMqLa0SRMY,您好，這些是剛出爐的粽寶，每一個都與粽不同,2025年5月28日 星期三 下午8:48,,,43,,,5
beiyao53,https://www.threads.com/@beiyao53/post/DKLSqHUSnhu,"全家
蒸的！！！！只有全家才有的😂
脆上討論度很紅的造型包 想說來嚐鮮！！！！ 就在要夾下去的時候發現！ 居然是紅豆口味～～～～ 殘念 我不敢吃紅豆啦🥹",2025年5月28日 星期三 上午8:03,,"Photo by YAO² Life ｜瑤瑤日常生活 on May 27, 2025.",519,22,2,53,https://www.threads.com/@familymart_tw/post/DKLprW7ytHl,看到我的與粽不同了嗎,2025年5月28日 星期三 上午11:24,,"Photo by 全家便利商店_台灣 on May 27, 2025.",176,5,,2
abbybambi,https://www.threads.com/@abbybambi/post/DKG_AWhx9iy,要伸手去拿蛋糕刀 才發現那是朋友打翻的奶茶,2025年5月26日 星期一 下午3:54,,"Photo by Drunk Bambi/微醺斑比 on May 26, 2025. | Photo by Drunk Bambi/微醺斑比 on May 26, 2025.",14000,27,337,345,https://www.threads.com/@familymart_tw/post/DKKYQpaSWSp,沒事，這只是檯面上的奶茶，地表最讚奶茶在全家,2025年5月27日 星期二 下午11:33,,,156,2,,3
hua.dh,https://www.threads.com/@hua.dh/post/DKEF5GTOMgh,在全家買到的小廢物 怎麼會這麼有趣 但其實能掉出來的只有三個,2025年5月25日 星期日 下午12:57,,,10000,120,324,3269,https://www.threads.com/@familymart_tw/post/DKKQAhuyrQm,昨天的我 : 我應該要試著成熟一點了。 還是我 : 這是黑松自動販賣機欸！！！！！,2025年5月27日 星期二 下午10:20,,,819,1,1,14
foody_tw,https://www.threads.com/@foody_tw/post/DKJwVSxS62g,"全家
快訊‼️全家開賣 韓國愛心提拉米蘇敲敲冰了！ （就是說建議稍微退冰再敲辣😍）",2025年5月27日 星期二 下午5:44,,"Photo by Foody 吃貨 on May 27, 2025.",1014,9,28,467,https://www.threads.com/@familymart_tw/post/DKKPv_tyrMI,沒錯！這顆冰冰甜甜的愛心，就是要退冰一下再敲～不心急的浪漫💘✨,2025年5月27日 星期二 下午10:18,,,37,,,
riceflower22,https://www.threads.com/@riceflower22/post/DKKDUdpJgGc,真心換掘勤啦,2025年5月27日 星期二 下午8:30,@familymart_tw,,10,1,,,https://www.threads.com/@familymart_tw/post/DKKE88cSpVh,威😆🫶🏻,2025年5月27日 星期二 下午8:44,,,2,,,
iamteresa0424,https://www.threads.com/@iamteresa0424/post/DKJvRwwJR0w,"全家
全家竟然開賣「愛心提拉米蘇敲敲冰」！ 敲下去直接心碎…💔 我都不知道收到這個冰 到底是被告白？還￼是被拒絕了？🤣🤣🤣",2025年5月27日 星期二 下午5:34,,,6397,77,195,1903,https://www.threads.com/@familymart_tw/post/DKKCfpNSthb,我愛你的心堅定不移,2025年5月27日 星期二 下午8:22,,,270,4,,3
wan0__,https://www.threads.com/@wan0__/post/DKHNZE_yE2Q,"超商店員
真的有人因為做超商 認識物流士後在一起的嗎",2025年5月26日 星期一 下午6:00,,,2033,168,13,410,https://www.threads.com/@familymart_tw/post/DKJETT8yLQn,"有時候，愛情就是這麼巧。 你只需要來全家，一進門，紅線就默默接上了
——— 全家月老",2025年5月27日 星期二 上午11:19,,,536,3,,4
mi9.1023,https://www.threads.com/@mi9.1023/post/DKHxuBuhlvf,所以小編要吃哪一隻霜淇淋？,2025年5月26日 星期一 下午11:17,@familymart_tw,"Photo by 腸腸酒酒🍺 on May 26, 2025. | Photo by 腸腸酒酒🍺 on May 26, 2025.",21,1,,1,https://www.threads.com/@familymart_tw/post/DKH2htJS9d8,吼唷🫶🏻🥺,2025年5月26日 星期一 下午11:59,,,3,,,
sida0312,https://www.threads.com/@sida0312/post/DKH1yxmzJDe,竟然把尖尖吃掉了才問我要不要嚐一口😡,2025年5月26日 星期一 下午11:53,@familymart_tw,,3,1,,,https://www.threads.com/@familymart_tw/post/DKH2XrZSVFP,尖尖是最重要的！,2025年5月26日 星期一 下午11:58,,,6,,,
hiiiiisophie,https://www.threads.com/@hiiiiisophie/post/DKBqMnoR-Ca,"全家便利商店
好愛全家的小編！！ 哈哈哈哈哈啊哈哈哈",2025年5月24日 星期六 下午2:16,,"Photo by @hiiiiisophie on May 23, 2025. | Photo by @hiiiiisophie on May 23, 2025.",3230,5,10,83,https://www.threads.com/@familymart_tw/post/DKHtmClyZ29,我收到了，愛你💚💙,2025年5月26日 星期一 下午10:41,,,101,,,1
foody_tw,https://www.threads.com/@foody_tw/post/DKGcfdaSdtk,"全家便利商店
全家玩諧音梗玩上癮了吧！！🤣 繼「蒸的霜淇淋」之後 推出端午限定「與粽不同造型包」🐲 外觀是可愛粽子造型，裡面是紅豆內餡！",2025年5月26日 星期一 上午10:53,,"Photo by Foody 吃貨 on May 25, 2025. | Photo by Foody 吃貨 on May 25, 2025. | Photo by Foody 吃貨 on May 25, 2025.",165,5,3,62,https://www.threads.com/@familymart_tw/post/DKHXpckyHQ-,不會放棄諧音梗的😎,2025年5月26日 星期一 下午7:29,,,33,,,
mwd_tw,https://www.threads.com/@mwd_tw/post/DKHR2NkvpU_,小編是「居然人」 居然還有人不知道我跟史努比聯名🥹,2025年5月26日 星期一 下午6:39,@familymart_tw,,5,1,,,https://www.threads.com/@familymart_tw/post/DKHR_RTy6EI,你竟然,2025年5月26日 星期一 下午6:40,,,9,,,
wxwpxp,https://www.threads.com/@wxwpxp/post/DKFLsUDzY2F,"都市傳說
看到朋友發的都市傳說 ：
會用竟然的人 只會打竟然 會用居然的人 只會打居然
（我是居然人🙋🏻‍♀️好好笑！！！）",2025年5月25日 星期日 下午11:07,,"Photo by 漢娜 𝐇𝐚𝐧𝐧𝐚𝐡 • 🇹🇼🇰🇷🇨🇳醫美諮詢師 on May 25, 2025. | Photo by 漢娜 𝐇𝐚𝐧𝐧𝐚𝐡 • 🇹🇼🇰🇷🇨🇳醫美諮詢師 on May 25, 2025.",14000,1207,1766,34000,https://www.threads.com/@familymart_tw/post/DKHRI8hSas5,竟然與居然，爭於一言之辭 不如全然忘我，來杯咖啡☕️ ——全然派 全家,2025年5月26日 星期一 下午6:33,,,208,1,1,3
_huiyuuu_,https://www.threads.com/@_huiyuuu_/post/DKHKzOwJDNM,為什麼我看第一張會以為是海綿寶寶 超好笑,2025年5月26日 星期一 下午5:37,@familymart_tw,,52,3,,3,https://www.threads.com/@familymart_tw/post/DKHPxthSVg_,方方黃黃,2025年5月26日 星期一 下午6:21,,,27,,,
jr_ksupfe,https://www.threads.com/@jr_ksupfe/post/DKEn70PvJNl,"全家
童年王子麵變成杯麵了！ 明天開賣～～ 全家",2025年5月25日 星期日 下午5:54,,,5556,71,263,4739,https://www.threads.com/@familymart_tw/post/DKHCJJnSq9s,童年王子長大，變杯麵了🥺,2025年5月26日 星期一 下午4:22,,,163,2,,4
114n9yy,https://www.threads.com/@114n9yy/post/DKFEKJhytFR,"發票
剛剛兌發票中了2000萬 . . . . 我們一起來恭喜剛剛",2025年5月25日 星期日 下午10:01,,,17000,82,341,196,https://www.threads.com/@familymart_tw/post/DKGkvWGyNUy,祝你發票中獎 全家都發票中獎,2025年5月26日 星期一 下午12:05,,,794,3,,5
marieclairetw,https://www.threads.com/@marieclairetw/post/DKBwAOczzNo,"TXT秀彬
TXT秀彬今天分享前陣子快閃來台旅行照，MOA們快來打卡秀彬同款台灣零食！ 1 / 2",2025年5月24日 星期六 下午3:07,,"Photo by Marie Claire Taiwan 美麗佳人 on May 24, 2025. | Photo by Marie Claire Taiwan 美麗佳人 on May 24, 2025. | Photo by Marie Claire Taiwan 美麗佳人 on May 24, 2025.",357,6,2,8,https://www.threads.com/@familymart_tw/post/DKCuBvJyzXE,🐰,2025年5月25日 星期日 上午12:09,,"Photo by 全家便利商店_台灣 on May 24, 2025.",18,1,,3
happy._.ni628,https://www.threads.com/@happy._.ni628/post/DKBgf72z2ly,📍崔秀彬台灣同款拍照地 part1 松江南京撈王斜對面路口 紅綠燈柱子與自行車道之間,2025年5月24日 星期六 下午12:51,,"Photo by @happy._.ni628 on May 23, 2025. | Photo by @happy._.ni628 on May 23, 2025. | Photo by @happy._.ni628 on May 23, 2025. | Photo by @happy._.ni628 on May 23, 2025.",2609,10,282,729,https://www.threads.com/@familymart_tw/post/DKCEediyjt_,🐰同款零食是在這邊 翻譯,2025年5月24日 星期六 下午6:06,,"Photo by 全家便利商店_台灣 on May 24, 2025.",215,2,3,15
momokids_channel,https://www.threads.com/@momokids_channel/post/DKB-jFKpSYl,全家居然有盒裝的😍不早說！! 可惡我要手刀繼續買在get🐰同款 荷包蛋餅乾已完食可以再來一包 🖤點編,2025年5月24日 星期六 下午5:14,@familymart_tw,Soobin 兔子 GIF,338,1,,1,https://www.threads.com/@familymart_tw/post/DKB-0KLyRr8,必須同款🐰,2025年5月24日 星期六 下午5:16,,,122,1,,1
meiwang831,https://www.threads.com/@meiwang831/post/DJ-3To0T7EQ,說一個冷知識 義大利麵居然是減脂好朋友🧑‍🤝‍🧑 因為義大利麵的蛋白質比白飯來得多很多 難怪健身教練推薦我可以吃(清炒或冷麵)😍 尤其推薦海鮮口味。 有人跟我一樣是今天才知道的嗎😂 還有什麼幸福蛋白質 請推薦,2025年5月23日 星期五 下午12:13,,"Photo by Ella Wang on May 22, 2025. | Photo by Ella Wang on May 22, 2025.",684,34,15,227,https://www.threads.com/@familymart_tw/post/DKAcIeoyP7z,冷知識：吃全家冷義大利麵，能燃燒你的健身魂💪🍝,2025年5月24日 星期六 上午2:54,,,76,1,,1
shotakimura525,https://www.threads.com/@shotakimura525/post/DJ_3yQoznP-,"住台灣第8年 我一直以為我的中文已經蠻不錯了…
直到我遇到這些字： 果然 偶然 居然 不然 竟然 當然 雖然 顯然
我：？？？ 這些到底哪裡不一樣啦！
每天都在然然然然然 台灣人真的太會用字了吧 我輸得心服口服哈哈哈哈",2025年5月23日 星期五 下午9:36,,,33000,1054,350,1554,https://www.threads.com/@familymart_tw/post/DKAYfJzSoFL,偶然經過全家，霜淇淋竟然又推出新口味！突然店員說今天買咖啡第二杯半價，雖然我只有一人，但優惠讓我忍不住買二杯，不然我原本只是想進來吹冷氣，結果最後竟然涼麵和茶葉蛋也跟著買了，太懂我胃口了，果然全家就是你家。,2025年5月24日 星期六 上午2:22,,,60000,344,726,1595
yeh_naiwen,https://www.threads.com/@yeh_naiwen/post/DJ_o7i-SCQv,"facebook.com/share…
抽獎頁面點起來",2025年5月23日 星期五 下午7:27,,"Photo by 葉乃文 nickyeh on May 23, 2025.",207,28,2,1,https://www.threads.com/@familymart_tw/post/DJ_xaXHSIJQ,可以換SuSu口味的,2025年5月23日 星期五 下午8:41,,,20,,,
__w.xr21,https://www.threads.com/@__w.xr21/post/DJ9GC3lxtzv,跟媽媽分享喜歡的糖果買一送一所以很開心的買了 媽媽： 去買了一盒放在家裡 1 / 2,2025年5月22日 星期四 下午7:43,,"Photo by U7柒 on May 22, 2025.",3274,34,75,307,https://www.threads.com/@familymart_tw/post/DJ_fk4ayx8c,我們負責買一送一，媽媽負責買一整盒！😆❤️,2025年5月23日 星期五 下午6:05,,,356,4,1,1
yeh_naiwen,https://www.threads.com/@yeh_naiwen/post/DJ_NoMWS73j,"到全家買霜淇淋吃，買一送一也太好了，碰到阿姨也想買趕緊趁機推銷一下我們的代言，夏天到了要吃冰品快來全家便利商店，因為 ""國際冰品在全家""🎉 @familymart_tw #國際冰品在全家 #energy
yeh_naiwen",2025年5月23日 星期五 下午3:28,,,656,82,3,13,https://www.threads.com/@familymart_tw/post/DJ_TzeESLg1,好帥的代言人，我要融化,2025年5月23日 星期五 下午4:22,,,68,3,,
tinghe.lia,https://www.threads.com/@tinghe.lia/post/DJ6avrXPh7Y,"全家梅酒酷冰沙，喝完直接醉倒在樓梯間，被太太攙扶到家裡，3歐就能醉醺醺🥴
以前健康檢查說我酒精代謝很弱，因為我也不太喝所以就沒當一回事，現在知道了🫣",2025年5月21日 星期三 下午6:46,,,1099,39,1,194,https://www.threads.com/@familymart_tw/post/DJ_C1isSv4n,我～梅～了～～～～～～ *補充提醒：酒後不開車，開車不喝酒 全家關心您,2025年5月23日 星期五 下午1:54,,"Photo by 全家便利商店_台灣 on May 22, 2025.",119,1,5,77
bmsl__ms,https://www.threads.com/@bmsl__ms/post/DJ9dZtnS3lR,不可能這圖片有聲音耶😍,2025年5月22日 星期四 下午11:07,@familymart_tw,,1,1,,,https://www.threads.com/@familymart_tw/post/DJ-5x4fyUWI,Hi～～～～,2025年5月23日 星期五 下午12:35,,,3,,,
lixuan__0504,https://www.threads.com/@lixuan__0504/post/DJ-jXwzS3V_,可惡腸胃炎不能吃(;´༎ຶД༎ຶ`),2025年5月23日 星期五 上午9:19,@familymart_tw,,2,1,,1,https://www.threads.com/@familymart_tw/post/DJ-kuKtyg9a,沒關係我們全年為您服務，期待下次來臨，早日康復，愛你,2025年5月23日 星期五 上午9:31,,,15,,,1
ghw52868,https://www.threads.com/@ghw52868/post/DJ-j23pzL8a,合理找人搭訕的日子😆,2025年5月23日 星期五 上午9:23,@familymart_tw,,13,1,,1,https://www.threads.com/@familymart_tw/post/DJ-kfsGyCa6,全家月老,2025年5月23日 星期五 上午9:29,,,40,1,,1
bear_0706,https://www.threads.com/@bear_0706/post/DJ6OF47ROE4,電費我出吧 你們別熱到了,2025年5月21日 星期三 下午4:56,,,70000,535,5610,10000,https://www.threads.com/@familymart_tw/post/DJ82sieSPX3,大熱天的，來我家吧！畢竟全家就是你家,2025年5月22日 星期四 下午5:29,,,5965,35,54,155
luyong0303,https://www.threads.com/@luyong0303/post/DJ3H7r8TyZS,已寄送，謝謝🙏,2025年5月20日 星期二 下午12:04,@familymart_tw,,,1,,,https://www.threads.com/@familymart_tw/post/DJ8bjZ0Sz3I,中獎人請截圖中獎畫面到此信箱familymart.gift@gmail.com 並提供個人資訊(Threads帳號截圖/姓名/電話/收件地址) ※全家便利商店保留最終修改、變更、活動解釋以及終止本活動之權利。,2025年5月22日 星期四 下午1:32,,,1,1,,
yijie6084,https://www.threads.com/@yijie6084/post/DJ5TWt8B9D9,可是夏天已經來了，我的好身材還很遠,2025年5月21日 星期三 上午8:23,,"Photo by 易捷 on May 20, 2025.",25000,63,2171,3638,https://www.threads.com/@familymart_tw/post/DJ6uRALyngv,而我只好：,2025年5月21日 星期三 下午9:37,,"Photo by 全家便利商店_台灣 on May 21, 2025.",253,,,8
foodie.sixsix,https://www.threads.com/@foodie.sixsix/post/DJmBhG6SA-7,全家真的越來越狂了！ 第一次看到這種寬麵體的涼麵！ 配上香蔥醬+椒麻醬有夠香～ 推薦給大家👍🏻,2025年5月13日 星期二 下午8:41,,"Photo by 六六小吃貨｜台北、新北、新竹、台中美食 on May 13, 2025. | Photo by 六六小吃貨｜台北、新北、新竹、台中美食 on May 13, 2025.",15000,394,612,5991,https://www.threads.com/@familymart_tw/post/DJ6o4sPSqsx,從螢幕都可以感受到椒麻香氣以及寬麵那絕妙口感，加顆蛋又更完美了，謝謝你！我是在看美食節目嗎,2025年5月21日 星期三 下午8:50,,,701,13,1,21
hasally.0313,https://www.threads.com/@hasally.0313/post/DJ4KeoDTgcA,"全家新品
全家新品「鼠勾以蛋包飯」很好吃耶 真的愛死這就諧音🤣 裡面真的有一整塊薯餅😍 但是加熱後夾起來就碎掉了 上層的歐姆蛋還有夾著起司！味道很濃郁！超好吃",2025年5月20日 星期二 下午9:46,,"Photo by @hasally.0313 on May 20, 2025.",1830,8,49,634,https://www.threads.com/@familymart_tw/post/DJ6k_nRykfF,薯勾以捏♪( ´θ｀)ノ,2025年5月21日 星期三 下午8:16,,,46,,,
fall.with.u,https://www.threads.com/@fall.with.u/post/DJ4vNEZTJ9T,520過了還是要分享一下最漂亮的秀秀子,2025年5月21日 星期三 上午3:07,@familymart_tw,"Photo by 𝙁𝘼𝙡𝙡 𝙬𝙞𝙩𝙝 𝙮𝙤𝙪 on May 20, 2025.",4,1,,,https://www.threads.com/@familymart_tw/post/DJ6iVXPyZDv,我這裡也有💚💙,2025年5月21日 星期三 下午7:53,,"Photo by 全家便利商店_台灣 on May 21, 2025.",3,,,
cy1.19,https://www.threads.com/@cy1.19/post/DJuCM7HyCa2,"全家便利商店
全家賣的草莓吧啵調酒喝起來和草莓冰結超像 味道幾乎一模一樣 好愛🥰",2025年5月16日 星期五 下午11:21,,"Photo by 欣 on May 16, 2025. | Photo by 欣 on May 16, 2025.",4668,5,208,1308,https://www.threads.com/@familymart_tw/post/DJ6gKLQyHh1,愛了🥰,2025年5月21日 星期三 下午7:34,,,6,,,1
ling_2022.2,https://www.threads.com/@ling_2022.2/post/DJ4WJY_T8Vh,energy 阿弟,2025年5月20日 星期二 下午11:28,@familymart_twenergy,"Photo by ling on May 20, 2025.",33,3,,3,https://www.threads.com/@familymart_tw/post/DJ4W9ZgymOe,"我想你不能錯過這個阿弟唱全家鈴聲
2024-5-9",2025年5月20日 星期二 下午11:35,@familymart_tw全家就在這讓我為你挑,,25,3,1,1
rei10h,https://www.threads.com/@rei10h/post/DJ4RK5wSKLa,原作者說讚,2025年5月20日 星期二 下午10:44,@familymart_tw讚110回覆1轉發分享,"Photo by Houreiꯁꯧ 🎳 on May 20, 2025.",110,1,,,https://www.threads.com/@familymart_tw/post/DJ4RtJVytJA,你很棒😆💚💙,2025年5月20日 星期二 下午10:49,,,41,1,,
kkisgood666,https://www.threads.com/@kkisgood666/post/DJ3z6lmTNzR,珠珠：全家李珠珢… 很符合《你才李珠珢 你全家都李珠珢》的活動 最後歡迎大家臭灰搭？ 旁邊主持人表情比阿珠更有戲🤣 1/2,2025年5月20日 星期二 下午6:29,,,926,13,40,49,https://www.threads.com/@familymart_tw/post/DJ37V9Zy9Bi,太可愛🥰 歡迎常來全家,2025年5月20日 星期二 下午7:34,,,65,1,,
rainy_by.nm,https://www.threads.com/@rainy_by.nm/post/DJ3XTbxvn5q,你說的是這個 冰淇淋包子嗎😍😍,2025年5月20日 星期二 下午2:19,@familymart_tw你說的是這個,"Photo by Rainy 芮  · 層次燙 · 台中染髮 ·燙髮 on May 19, 2025.",19,1,,1,https://www.threads.com/@familymart_tw/post/DJ3XjFpST7m,是蒸的💚💙,2025年5月20日 星期二 下午2:21,,,13,1,,
nae_mam_jjig_yeong,https://www.threads.com/@nae_mam_jjig_yeong/post/DJ0hzx-p0Tn,한국팬분들 대만팬분들 해외팬분들 이주은 패밀리마트 못오시는분들을 위해서! #이주은 #이주은치어리더 @0724.32 翻譯,2025年5月19日 星期一 上午11:53,,,561,9,16,58,https://www.threads.com/@familymart_tw/post/DJ29PYTSTXk,Welcome 💚💙 翻譯,2025年5月20日 星期二 上午10:31,,,34,,,
xuanlicious,https://www.threads.com/@xuanlicious/post/DJyvSpCzHQE,"全家新品
全家的產品部已經開始放推了，完全不想想名字",2025年5月18日 星期日 下午7:12,,"Photo by Kathie Hung on May 18, 2025. | Photo by Kathie Hung on May 18, 2025.",42000,740,1408,4805,https://www.threads.com/@familymart_tw/post/DJ1g9imyYPn,這幾款的取名策略：讓人們在看到產品之後，會說出「確實。」,2025年5月19日 星期一 下午9:05,,,37000,215,329,871
johnsyummydonuts,https://www.threads.com/@johnsyummydonuts/post/DJrdU86peLN,有一天，有一個蛋塔在睡午覺 1/2,2025年5月15日 星期四 下午11:20,,"Photo by 將滋Just Bakery on May 15, 2025. | Photo by 將滋Just Bakery on May 15, 2025. | Photo by 將滋Just Bakery on May 15, 2025. | Photo by 將滋Just Bakery on May 15, 2025.",20000,238,893,3634,https://www.threads.com/@familymart_tw/post/DJtX2nNSn_e,我們有兩種 冰心,2025年5月16日 星期五 下午5:11,,"Photo by 全家便利商店_台灣 on May 16, 2025. | Photo by 全家便利商店_台灣 on May 16, 2025.",685,16,1,19
yuchen1211,https://www.threads.com/@yuchen1211/post/DJswajRvwoo,咖啡是諧音在哪啦🤣,2025年5月16日 星期五 上午11:26,@familymart_tw咖啡是諧音在哪啦🤣讚10回覆1轉發分享,,10,1,,,https://www.threads.com/@familymart_tw/post/DJs2gRCScwN,很認真有看到最後,2025年5月16日 星期五 下午12:20,,,2,,,
energy.come,https://www.threads.com/@energy.come/post/DJqQBJYyxSn,"馬上去
甫入圍第36屆金曲獎 #最佳演唱組合 #年度歌曲獎 兩項大獎
能量來襲，Let’s All In ! 2025年樂壇黑馬Energy再造洗腦新神曲〈馬上去〉！ 🐴🐎🐴🐎🐴 ​ 想要水星不再逆行，運氣衝到頂嗎？ 那就跟著ENERGY馬上去！ ​ 神曲製造機蕭秉治舞曲創作 金曲製作人陳星翰聯合鄭人豪製作 全支付代言廣告主題曲 ​ [ 數位發行 ✚ ] 05.21 (Wed) 00:00 ​ [ MV完整版全球首播 ✚ ] 05.21 (Wed) 20:00 ​ 讓你一起 Go Crazy 敬請期待！ ​ #Energy #馬上去
energy.come",2025年5月15日 星期四 下午12:05,,,307,27,15,17,https://www.threads.com/@familymart_tw/post/DJq6CviSSXD,馬上去全家😎,2025年5月15日 星期四 下午6:12,,,38,2,,
airsoft_z_apex,https://www.threads.com/@airsoft_z_apex/post/DJmzYKATyUn,您撥的橘子是柳丁 請查明後再撥,2025年5月14日 星期三 上午3:57,,,33000,169,3050,2772,https://www.threads.com/@familymart_tw/post/DJqnG0Cyzyc,您剝的夯番薯有石頭 請查明後再剝,2025年5月15日 星期四 下午3:27,,,463,3,1,3
wenyi0916,https://www.threads.com/@wenyi0916/post/DJ0_bssy4pU,"李珠珢
李珠珢 全家便利商店一日店長
李珠珢李珠珢李珠珢 李珠珢 ㄌㄧㄣˇ水 ㄌㄧㄣˇ酒母湯開車 也太可愛惹～～～
#新莊李珠珢限定店",2025年5月19日 星期一 下午4:15,,,4484,43,158,1030,https://www.threads.com/@familymart_tw/post/DJ6gEB0ST7V,李珠珢～～～李珠珢～～～李珠珢～～～～🥰 翻譯,2025年5月21日 星期三 下午7:33,,,47,1,,1
nnntimee,https://www.threads.com/@nnntimee/post/DJ5xgHwTy9a,大家除了冷氣 有什麼消暑秘訣 有沒有脆友要提供方法,2025年5月21日 星期三 下午12:46,,,78,134,,2,https://www.threads.com/@familymart_tw/post/DJ6er-XSvLt,來我家,2025年5月21日 星期三 下午7:21,,,26,3,,
debby1996tw,https://www.threads.com/@debby1996tw/post/DJ4REcvznzm,💘💘💘,2025年5月20日 星期二 下午10:43,@familymart_tw,"Photo by 免+、=兔🐰 on May 20, 2025.",12,1,,,https://www.threads.com/@familymart_tw/post/DJ6dgF6yvdh,李珠珢～李珠珢～李珠珢～～🥰 翻譯,2025年5月21日 星期三 下午7:10,,,8,1,,
fallenqoo,https://www.threads.com/@fallenqoo/post/DJ5u3AIvHcO,我本來以為這是網友p圖唬爛的， 沒想到是真的⋯⋯,2025年5月21日 星期三 下午12:23,,"Photo by Chris Chang on May 20, 2025. | Photo by Chris Chang on May 20, 2025.",27000,74,287,1195,https://www.threads.com/@familymart_tw/post/DJ6RGa0SzQW,📍 李珠珢限定店：全家新莊華運店 （新北市新莊區中華路一段 67 號）,2025年5月21日 星期三 下午5:22,,,917,4,3,46
shiro0_4_0_7,https://www.threads.com/@shiro0_4_0_7/post/DJ4hk5ZzXai,論CP，我嗑這個👀,2025年5月21日 星期三 上午1:08,@familymart_tw,"Photo by 小癈癈 on May 20, 2025.",145,1,,6,https://www.threads.com/@familymart_tw/post/DJ6CM61y7Qr,可以💚💙,2025年5月21日 星期三 下午3:12,,,48,1,,
yeh_naiwen,https://www.threads.com/@yeh_naiwen/post/DJoD1fRp_fd,"剛下午開會上，收到同事訊息通知我們入圍了金曲獎的最佳演唱組合及年度歌曲（星期五晚上） 這次Energy復出，已經獲得太多太多， 今年還能受到金曲獎評審的肯定，第一就是謝謝所有粉絲朋友們對我們的支持，妳們是我們這一路上最堅強的後盾，也謝謝所有參與這張專輯為我們付出的幕前幕後的工作同仁們，沒有大家的努力，不會有這樣的成績，我們也會繼續努力，繼續做好的音樂，用盡全力為大家表演，也謝謝我Energy所有的五位團員，大家對於這張專輯，這次復出，都很珍惜也很努力我很榮幸能跟大家再次一起重回舞台，最重要謝謝五月天謝謝相信音樂讓我們能再次跟復出為大家表演。 我愛大家，我愛energy。
#energy #星期五晚上 #幸運 #感謝 #努力 #不放棄",2025年5月14日 星期三 下午3:40,,"Photo by 葉乃文 nickyeh on May 14, 2025. | Photo by 葉乃文 nickyeh on May 14, 2025. | Photo by 葉乃文 nickyeh on May 14, 2025.",2310,120,9,12,https://www.threads.com/@familymart_tw/post/DJo7KpiTNtd,我們全家都愛Energy💚💙,2025年5月14日 星期三 下午11:43,,,91,1,,
energy.come,https://www.threads.com/@energy.come/post/DJn7EDtSJS-,"金曲獎
#GMA36 第36屆金曲獎 入圍 #最佳演唱組合 #年度歌曲獎 謝謝金曲獎的肯定✨ ​​ Energy 不只是大家的青春 Energy 是一種全民運動 Energy 是一種全力以赴 Energy 的復出將不可能變成可能 ​​ 你也一定做得到！ ​ Energy最新的作品馬上就來 敬請期待✨ ​​ ／ ​ Energy／Here I Am 🎶立刻聽：stars.lnk.to/HereI… 🎬看MV：reurl.cc/5Ka9D… ​ 星期五晚上／Energy 🎶立刻聽：stars.lnk.to/Frida… 🎬看MV：youtu.be/btPv0… ​​ #Eenrgy #金曲獎入圍 #HereIAm #星期五晚上 #第三十六屆金曲獎 #GMA36 ​ - Energy.official
binmusic.ig",2025年5月14日 星期三 下午2:23,,,399,11,6,3,https://www.threads.com/@familymart_tw/post/DJo22fuTiD3,恭喜Energy💚💙一起期待✨,2025年5月14日 星期三 下午11:06,,,38,1,,
wanna_tellu,https://www.threads.com/@wanna_tellu/post/DJnR1ETBL31,"全家
蒸的霜淇淋是假的霜淇淋 全家連自家霜淇淋都拿來開刀了！ 沒有玩梗的食物我們可是不賣的喔 （設計對白） 1 / 2",2025年5月14日 星期三 上午8:23,,"Photo by 大家聽我說 on May 13, 2025. | Photo by 大家聽我說 on May 13, 2025.",4104,40,124,912,https://www.threads.com/@familymart_tw/post/DJoCYhdyJkG,蒸的霜淇淋推出，其實有先徵得真的霜淇淋的同意，所以能被大家喜歡，真的是它自己掙的,2025年5月14日 星期三 下午3:27,,,1059,2,2,33
xien_yeh,https://www.threads.com/@xien_yeh/post/DJoBPY_PaTT,蒸式的，這蒸嘟假嘟,2025年5月14日 星期三 下午3:17,@familymart_tw,,17,1,,,https://www.threads.com/@familymart_tw/post/DJoCNcSyh7l,蒸的假不了,2025年5月14日 星期三 下午3:26,,,12,,,
a200490000,https://www.threads.com/@a200490000/post/DJoAvTPTfAY,蒸是太bun了,2025年5月14日 星期三 下午3:13,@familymart_tw,,1,1,,,https://www.threads.com/@familymart_tw/post/DJoBKZbSarv,蒸好吃,2025年5月14日 星期三 下午3:17,,,,,,
canele_girl.js,https://www.threads.com/@canele_girl.js/post/DJoAlVBT6Ec,太可愛了吧 翻譯,2025年5月14日 星期三 下午3:11,@familymart_tw,,1,1,,,https://www.threads.com/@familymart_tw/post/DJoBGUkymoH,我本人？還是我手上那個？🌝,2025年5月14日 星期三 下午3:16,,,1,1,,
sigmajc2012,https://www.threads.com/@sigmajc2012/post/DJoAyrGTYsz,蛤？認蒸的嗎！？,2025年5月14日 星期三 下午3:13,@familymart_tw,,46,1,,1,https://www.threads.com/@familymart_tw/post/DJoA_DXSqRs,是蒸的,2025年5月14日 星期三 下午3:15,,,25,,,
kirby_oo00,https://www.threads.com/@kirby_oo00/post/DJldfOBRMmp,完全沒有要放過諧音梗🫠🫠,2025年5月13日 星期二 下午3:26,,"Photo by @kirby_oo00 on May 13, 2025.",6604,99,435,1631,https://www.threads.com/@familymart_tw/post/DJoAxvmSnLU,素薯勾以捏,2025年5月14日 星期三 下午3:13,,,22,1,,
kuri_kuma924,https://www.threads.com/@kuri_kuma924/post/DJg1Ct3vUI8,"會考快到了 提醒會考生們以下物品千萬不能帶進考場：
1.磚頭 2.撞球桌 3.海洛因 4.AK-47 5.鐵達尼號 6.阿姆斯特朗旋風螺旋阿姆斯特朗砲 7.tung tung tung sahar 8.月正午的陽光 9.質量超大的黑洞 10.5度的你滴滴清純的蒸餾水 1 / 2",2025年5月11日 星期日 下午8:16,,,21000,205,1446,3448,https://www.threads.com/@familymart_tw/post/DJk1KIMSJI8,11.全家夯番薯的石頭（注意：本來就不能帶走）,2025年5月13日 星期二 上午9:34,,,949,10,4,37
lovivi712,https://www.threads.com/@lovivi712/post/DJYG390y1ct,"全家（Family Mart)音樂怎麼唱？ 為了這個我們吵了一整個下午，最後還是決定讓各位投票😂🗳️
#全家 #familymart 1 / 2",2025年5月8日 星期四 上午11:03,,,18000,1544,501,5461,https://www.threads.com/@familymart_tw/post/DJbOsjjSRZM,"以下公布正解： 很多人都會唱成「登 登 登登登 登登登登登登 登登登登 登登登登」，但其實這樣音不太對，正確唱法是「登 登 登登登 登登登登登登 登登登登 登登登登」
這樣大家學會了嗎？",2025年5月9日 星期五 下午4:05,,,20000,165,186,789
torocompany1002,https://www.threads.com/@torocompany1002/post/DJZjnKSTQaK,"搭末班車從車站走回家，共看到五次自己， 奇怪，明明只有四張海報怎麼會會有五個自己呢？
啊 原來是鏡子",2025年5月9日 星期五 上午12:29,,"Photo by Toro拓駱 on May 08, 2025. | Photo by Toro拓駱 on May 08, 2025. | Photo by Toro拓駱 on May 08, 2025. | Photo by Toro拓駱 on May 08, 2025.",686,75,3,5,https://www.threads.com/@familymart_tw/post/DJZj_0LyT3m,誰家的代言人和海報，怎麼這麼好看💚💙,2025年5月9日 星期五 上午12:32,,,97,9,,1
9unzil_,https://www.threads.com/@9unzil_/post/DJWU4lyzHYR,之前生氣用的emoji：😠😡🤬🙄 - 現在生氣用的emoji：😍😘🤗🥰,2025年5月7日 星期三 下午6:23,,,20000,95,1895,885,https://www.threads.com/@familymart_tw/post/DJY6Aj3SYA6,吵架求和的 emoji：🍦🍦🍦🍦,2025年5月8日 星期四 下午6:25,,,245,1,,22
ryosera_jp,https://www.threads.com/@ryosera_jp/post/DJTq1K7zcWK,"台湾
台湾国内で、日本語と中国語（マンダリン）の読みを掛け合わせて、台湾語（現地語）の意味になるmemeがネットスラングで流行ってるって聞いたんだけど？？？
３ヶ国語わからないと意味が通じない暗号が流行るって、台湾人、頭良すぎじゃないか・・・？？？
我看不懂!!! 翻譯",2025年5月6日 星期二 下午5:37,,"Photo by Osera Ryo on May 06, 2025.",10000,358,1316,2715,https://www.threads.com/@familymart_tw/post/DJYfJdoyHha,いご買 小孩へんあい吃 翻譯,2025年5月8日 星期四 下午2:31,,"Photo by 全家便利商店_台灣 on May 07, 2025. | Photo by 全家便利商店_台灣 on May 07, 2025.",8383,39,366,1030
mingtian_fang.sosjojowo,https://www.threads.com/@mingtian_fang.sosjojowo/post/DJVNgRlBr2K,朕這一生 如鋁箔包 1 / 2,2025年5月7日 星期三 上午7:59,,,43000,296,4899,4106,https://www.threads.com/@familymart_tw/post/DJYacSRSB9y,朱門酒肉臭，我有夯番薯,2025年5月8日 星期四 下午1:50,,,351,3,2,3
kanae_.creative,https://www.threads.com/@kanae_.creative/post/DJQpdTNxDe_,你是上面還是下面的？,2025年5月5日 星期一 下午1:27,,"Photo by 卡奈文創 Kanae Creative  桌遊設計 on May 04, 2025.",25000,303,2384,3547,https://www.threads.com/@familymart_tw/post/DJWRr3Cy51Q,我：喝著酷繽沙看著狼人殺,2025年5月7日 星期三 下午5:55,,"Photo by 全家便利商店_台灣 on May 07, 2025.",228,1,,7
_tick_888,https://www.threads.com/@_tick_888/post/DJQ-WtOPr5o,"剛才去全家 排隊等繳錢時想到
小時候進全家： 養樂多 玩具 麥香 洋芋片 冰淇淋
長大後進全家： 領錢 繳錢 領錢 繳錢 領錢 繳錢",2025年5月5日 星期一 下午4:29,,,5711,35,158,147,https://www.threads.com/@familymart_tw/post/DJT_Fbryl_X,現在的你能輕鬆全款擁有小時候的快樂,2025年5月6日 星期二 下午8:34,,"Photo by 全家便利商店_台灣 on May 06, 2025.",303,1,,4
chenli_1011,https://www.threads.com/@chenli_1011/post/DJTHuUWBwuj,可以蓋一樓這種歌詞樓嗎,2025年5月6日 星期二 下午12:30,,"Photo by C on May 05, 2025.",32000,630,2581,7131,https://www.threads.com/@familymart_tw/post/DJT_BAGyfo4,,2025年5月6日 星期二 下午8:33,,"Photo by 全家便利商店_台灣 on May 06, 2025.",5443,28,121,304
smailtong1121,https://www.threads.com/@smailtong1121/post/DJRt46IzQ98,員林還差一家全家德華店😎,2025年5月5日 星期一 下午11:25,,"Photo by 周筱彤 on May 05, 2025.",20000,189,470,2158,https://www.threads.com/@familymart_tw/post/DJS_aUDy0UA,...有、有板橋華德店可以算我們過關嗎？,2025年5月6日 星期二 上午11:17,,"Photo by 全家便利商店_台灣 on May 05, 2025.",3055,22,9,38
shangda888,https://www.threads.com/@shangda888/post/DI_FCv_TOfA,原本打算說什麼 還是覺得蒜了 圖片來源：Dcard,2025年4月28日 星期一 下午5:42,,"Photo by 上達汽車🇹🇼 on April 28, 2025.",7857,103,303,812,https://www.threads.com/@familymart_tw/post/DJBsWWrS65_,大家有吃過禁禁燒豚飯了嗎,2025年4月29日 星期二 下午6:04,,"Photo by 全家便利商店_台灣 on April 29, 2025.",1077,9,,16
imf_502,https://www.threads.com/@imf_502/post/DJAnXylT0LP,住手！不要再打了,2025年4月29日 星期二 上午8:01,,,18000,152,1491,5589,https://www.threads.com/@familymart_tw/post/DJBrvbCyP-y,喝杯茶 消消氣,2025年4月29日 星期二 下午5:58,,"Photo by 全家便利商店_台灣 on April 29, 2025.",213,1,,1
owl_fuko,https://www.threads.com/@owl_fuko/post/DI-msCZToZC,我家的電梯 一早來了個台式早安XDD,2025年4月28日 星期一 下午1:16,,"Photo by OWL貓頭鷹交通書 on April 27, 2025.",7018,34,358,477,https://www.threads.com/@familymart_tw/post/DJBq9nRSKtT,fm06ru8 ru.4g4su3ru8,2025年4月29日 星期二 下午5:51,,,26,1,,24
kevinhuang0504,https://www.threads.com/@kevinhuang0504/post/DI743_eJeNB,琵琶 行,2025年4月27日 星期日 上午11:58,,"Photo by 子軒(⑉･̆༥･̆⑉) on April 26, 2025. | Photo by 子軒(⑉･̆༥･̆⑉) on April 26, 2025. | Photo by 子軒(⑉･̆༥･̆⑉) on April 26, 2025.",10000,32,904,652,https://www.threads.com/@familymart_tw/post/DI-idLvhR-I,茶葉Damn,2025年4月28日 星期一 下午12:39,,"Photo by 全家便利商店_台灣 on April 27, 2025.",1765,4,22,36
lichaming,https://www.threads.com/@lichaming/post/DI1cSWqSftj,"台灣
就勾錐欸呆灣😍
台灣",2025年4月24日 星期四 下午11:53,,,16000,123,689,385,https://www.threads.com/@familymart_tw/post/DI2wOxby_U0,Fami!ce新口味要來了～🍦,2025年4月25日 星期五 下午12:06,,,365,3,,4
usaminjoke,https://www.threads.com/@usaminjoke/post/DIxTlvYz-xz,豆花的花語是30塊 1 / 2,2025年4月23日 星期三 上午9:19,,,23000,131,2245,1448,https://www.threads.com/@familymart_tw/post/DI0Rr1Ny2sj,滿天星的花語是套在手指上,2025年4月24日 星期四 下午1:00,,"Photo by 全家便利商店_台灣 on April 23, 2025.",221,,4,4
citymilk_official,https://www.threads.com/@citymilk_official/post/DIx59tQSEmk,有沒有茶葉蛋達人？ 來告訴我 你會夾哪顆 1 / 2,2025年4月23日 星期三 下午2:55,,"Photo by CITY MILK 城市奶冰樂 on April 22, 2025.",13000,1951,197,1411,https://www.threads.com/@familymart_tw/post/DIz73d5SJGW,1元掉下去 整鍋買回家。,2025年4月24日 星期四 上午9:50,,,10000,73,89,219
yuuuuu_jou1126,https://www.threads.com/@yuuuuu_jou1126/post/DIvlbSSS8RY,"剛才弟弟接家裡電話 對方👤 我弟👨‍🦱 👤：你好 我找賴先生 👨‍🦱：你好 請問是找哪位 👤：呃..就賴先生 👨‍🦱：我知道 但我們全家都是賴先生
我在後面憋笑到快死掉😂😂😂",2025年4月22日 星期二 下午5:17,,,67000,300,896,2824,https://www.threads.com/@familymart_tw/post/DIxzvrVyavS,全家，就是值得姓賴,2025年4月23日 星期三 下午2:00,,,17000,93,136,859
mummu___87,https://www.threads.com/@mummu___87/post/DItDwpSvtND,"前幾天一對情侶來用餐 上完餐點之後 聽到他們的對話 女生說 ：寶寶 上面這個蔥花給你好不好 ：哇！寶貝 這是你第一次送我花欸 好浪漫
：？？？？",2025年4月21日 星期一 下午5:44,,,22000,159,792,2905,https://www.threads.com/@familymart_tw/post/DIvuSwmy8jm,請收下,2025年4月22日 星期二 下午6:34,,"Photo by 全家便利商店_台灣 on April 22, 2025.",355,6,,3
hixxolk,https://www.threads.com/@hixxolk/post/DItWO_GyqMv,戴牙套吃冰⋯⋯ 翻譯,2025年4月21日 星期一 下午8:25,,"Photo by Aco on April 21, 2025. | Photo by Aco on April 21, 2025.",73000,419,2109,8827,https://www.threads.com/@familymart_tw/post/DIvh-9zSfOF,全家覺得可愛,2025年4月22日 星期二 下午4:47,,,1265,1,1,6
ryan.t9,https://www.threads.com/@ryan.t9/post/DItHQiKRy5Q,鬼知道高雄都經歷了什麼,2025年4月21日 星期一 下午6:15,,"Photo by Ryan.t on April 21, 2025.",37000,296,1770,5027,https://www.threads.com/@familymart_tw/post/DIvNTVxS0Vp,,2025年4月22日 星期二 下午1:46,,"Photo by 全家便利商店_台灣 on April 21, 2025.",3637,32,27,90
jane_12.10,https://www.threads.com/@jane_12.10/post/DIp_eJ0yMds,在脆想要有流量要發會引起共鳴的東西🤓 1 / 2,2025年4月20日 星期日 下午1:09,,"Photo by 𝕁𝕒𝕟𝕖☘︎ on April 19, 2025.",8300,134,462,190,https://www.threads.com/@familymart_tw/post/DIu4MyAS6GG,聽說 Threads 上的人都喜歡有梗的東西,2025年4月22日 星期二 上午10:42,,"Photo by 全家便利商店_台灣 on April 21, 2025.",280,6,,10
hanhan_burger,https://www.threads.com/@hanhan_burger/post/DIkcvU-hsWf,全家單賣這個霜淇淋餅乾真的好讚 17個99，可以吃到天荒地老 ㄎㄠˊㄎㄠˊㄎㄠˊ 小朋友也吃得好過癮 回家自己挖桶裝加多了點樂趣 不確定是不是常態販售，趁現在多買幾條好了XD,2025年4月18日 星期五 上午9:29,,"Photo by 彭詩涵 on April 17, 2025. | Photo by 彭詩涵 on April 17, 2025. | Photo by 彭詩涵 on April 17, 2025.",1451,55,18,461,https://www.threads.com/@familymart_tw/post/DIk9r-6yIDj,你們全家可以一起ㄎㄠˊㄎㄠˊㄎㄠˊ,2025年4月18日 星期五 下午2:17,,,503,12,1,5
thehanwen,https://www.threads.com/@thehanwen/post/DIklDDRSGat,當你到一個地方發現這裡有很多帥哥：,2025年4月18日 星期五 上午10:42,@familymart_tw,,9,2,,,https://www.threads.com/@familymart_tw/post/DIk2_XnyzwP,服務生快上菜,2025年4月18日 星期五 下午1:19,,,8,,,
tkjoseph0209,https://www.threads.com/@tkjoseph0209/post/DCaq3bEhvp6,日本全家很紅的Convenience Wear襪子之前買過幾雙，聽說台灣現在也有引進？不過711也有販售類似的中筒襪，目前看到有兩種配色，分別是紅藍條跟711彩格配色，一雙89不算貴設計也好看，標榜有除臭抗菌，相比全家的是比較薄，但是原產地是在台灣的錦裕國際生產，值得支持（日本全家的是中國製）,2024年11月16日 星期六 上午11:12,,"Photo by 劉冠麟 on November 15, 2024. | Photo by 劉冠麟 on November 15, 2024. | Photo by 劉冠麟 on November 15, 2024.",173,3,1,63,https://www.threads.com/@familymart_tw/post/DIkqvEgyPDp,"台灣全家現在也買得到～ user211227.pse.is/7f8h2…
user211227.pse.is
user211227.pse.is",2025年4月18日 星期五 上午11:31,,,49,,,1
nanawazowski,https://www.threads.com/@nanawazowski/post/DIibmjOyGsP,剛剛這樣去全家買咖啡🥲 1 / 2,2025年4月17日 星期四 下午2:41,,"Photo by Lovina Wazowski on April 16, 2025.",8617,87,69,220,https://www.threads.com/@familymart_tw/post/DIkl28oSxfm,,2025年4月18日 星期五 上午10:49,,"Photo by 全家便利商店_台灣 on April 17, 2025.",2866,6,3,5
thehanwen,https://www.threads.com/@thehanwen/post/DIiYWvPS2Aa,"全家
全家這三明治取名也太隨意了吧(發瘋",2025年4月17日 星期四 下午2:12,,"Photo by 翰文 on April 16, 2025.",13000,150,498,1547,https://www.threads.com/@familymart_tw/post/DIjPMkrSbhL,名符其實,2025年4月17日 星期四 下午10:12,,,2013,4,1,9
jen1229__,https://www.threads.com/@jen1229__/post/DIge_tMPg0Z,"全家便利商店
現在買全家私品茶就會送保冷袋耶！！！ 超可愛～而且不是很薄的那種材質😍 選不出來哪色 乾脆兩個一起入手🤲🏻 1 / 2",2025年4月16日 星期三 下午8:32,,"Photo by 𝐽 𝐸 𝑁 on April 16, 2025.",1704,62,24,797,https://www.threads.com/@familymart_tw/post/DIiOmezSShe,我們改名囉～叫Let’s Tea🥹,2025年4月17日 星期四 下午12:47,,,721,12,1,15
twgoodya,https://www.threads.com/@twgoodya/post/DIfizDAyoQF,"全家
全家 新口味酷冰沙 裡面有麥芽粒和脆脆😍特價$59 給過～～～",2025年4月16日 星期三 上午11:46,,"Photo by 𝙍𝙤𝙣𝙙𝙖♥︎ on April 15, 2025. | Photo by 𝙍𝙤𝙣𝙙𝙖♥︎ on April 15, 2025. | Photo by 𝙍𝙤𝙣𝙙𝙖♥︎ on April 15, 2025.",40000,223,2338,22000,https://www.threads.com/@familymart_tw/post/DIh3twzSyDl,這篇給過～～～,2025年4月17日 星期四 上午9:27,,,261,2,,15
momokids_channel,https://www.threads.com/@momokids_channel/post/DIfaPGtzFOJ,"一人一句
來吧?👇 1 / 2",2025年4月16日 星期三 上午10:31,,"Photo by MOMO親子台 on April 15, 2025.",750,680,6,43,https://www.threads.com/@familymart_tw/post/DIh3pT2Snsn,全家就是你家,2025年4月17日 星期四 上午9:27,,,459,7,,2
benhsieh232,https://www.threads.com/@benhsieh232/post/DIdBhnavQcn,當你同桌同學上排組太無聊：,2025年4月15日 星期二 下午12:17,,"Photo by Ben on April 14, 2025.",6242,42,545,1675,https://www.threads.com/@familymart_tw/post/DIfrtvnSHeH,這邊再次跟各位宣導：,2025年4月16日 星期三 下午1:04,,"Photo by 全家便利商店_台灣 on April 15, 2025.",1548,4,57,121
andyoo66,https://www.threads.com/@andyoo66/post/DIdp7tezFqn,"剛剛去買自助餐時，排在我前面的兩個男高中生要結帳
老闆：算在一起嗎？ 他們：2個月了 我：······
我嚇到，老闆也是。",2025年4月15日 星期二 下午6:10,,,60000,200,1770,6890,https://www.threads.com/@familymart_tw/post/DIfrlamSmfl,：兩位要一起還是分開？ 我是說結帳,2025年4月16日 星期三 下午1:03,,,968,1,1,12
inspiratio_of_moira,https://www.threads.com/@inspiratio_of_moira/post/DIfP6VThiLk,"全家
我覺得全家最好喝的飲料居然賣最不好還在特價😍愛死，現在$39一杯每天可以喝兩杯😍 店員還給我看優惠期限到12/31 1 / 2",2025年4月16日 星期三 上午9:01,,"Photo by Inspiratio_of_Moira on April 15, 2025.",3561,101,141,2497,https://www.threads.com/@familymart_tw/post/DIfjCmJSUnq,這新品我也推薦你( ͡° ͜ʖ ͡°) lihi.cc/irNM2,2025年4月16日 星期三 上午11:48,,"Photo by 全家便利商店_台灣 on April 15, 2025.",188,4,3,114
yunulie,https://www.threads.com/@yunulie/post/DIddexKyEkJ,在全家看到這隻冰棒請無腦買⋯ 超巨好吃⋯⋯⋯⋯ 第一口下去就想折回去再買10隻的程度🥹！ 1 / 2,2025年4月15日 星期二 下午4:21,,"Photo by Julie on April 15, 2025. | Photo by Julie on April 15, 2025.",60000,618,3082,38000,https://www.threads.com/@familymart_tw/post/DIfDxC-yEVB,這搭配很可以,2025年4月16日 星期三 上午7:15,,,369,1,,3
amberq.17,https://www.threads.com/@amberq.17/post/DIdLASwTtQv,全家的酷冰沙是這麼好喝的東西嗎🤩第一次喝(⁎⁍̴̛ᴗ⁍̴̛⁎) 本來擔心這個口味會太甜 但完全不會而且裡面還有顆粒口感好愛🤎😍 1 / 2,2025年4月15日 星期二 下午1:39,,"Photo by 𝕒𝕞𝕓𝕖𝕣 on April 14, 2025. | Photo by 𝕒𝕞𝕓𝕖𝕣 on April 14, 2025.",8303,67,417,5580,https://www.threads.com/@familymart_tw/post/DIfDn6dSLV6,原PO懂喝全家「酷繽沙」🧡,2025年4月16日 星期三 上午7:13,,,107,1,,
0chiizu,https://www.threads.com/@0chiizu/post/DIY-lcFSty-,17歲已有兩套房 脂肪跟破防,2025年4月13日 星期日 下午10:34,,,40000,121,5959,4816,https://www.threads.com/@familymart_tw/post/DIa3vBMyID_,年紀輕輕就在全家全款拿下好幾個包 抹茶巧克力蛋糕麵包、古早味花生麵包,2025年4月14日 星期一 下午4:13,,,1160,5,1,25
__05yan,https://www.threads.com/@__05yan/post/DIN0q39BQxf,今天教大家如何撩女生😘 學會了嗎？,2025年4月9日 星期三 下午2:36,,"Photo by 丨乛一丿丶一丶乛丶丶(๑•. •๑) on April 08, 2025.",26000,74,354,1232,https://www.threads.com/@familymart_tw/post/DIQGQnkSk4N,全宀就是你宀,2025年4月10日 星期四 上午11:48,,,579,3,,5
ruby_891016,https://www.threads.com/@ruby_891016/post/DIJB8N9PBMa,全家就是我家你說對吧 今晚睡全家🥲,2025年4月7日 星期一 下午5:55,@familymart_tw,,13,1,,,https://www.threads.com/@familymart_tw/post/DIJCq59Sium,早餐午餐點心晚餐宵夜，全家通通有,2025年4月7日 星期一 下午6:02,,,17,,,
weilun0109,https://www.threads.com/@weilun0109/post/DIJBoruTBV0,常常不準啊啊啊啊啊！ 看還有去買找不到🥲🥲🥲🥲！,2025年4月7日 星期一 下午5:53,@familymart_tw,,4,1,,,https://www.threads.com/@familymart_tw/post/DIJCmf4S_wJ,多刷幾次？🥲,2025年4月7日 星期一 下午6:01,,,5,1,,1
goldieyeh,https://www.threads.com/@goldieyeh/post/DIJBeYTPN1H,全家我的超人...,2025年4月7日 星期一 下午5:51,@familymart_tw,,5,1,,,https://www.threads.com/@familymart_tw/post/DIJCia_SfpM,不客氣,2025年4月7日 星期一 下午6:01,,,1,,,
andiisun,https://www.threads.com/@andiisun/post/DIIG4LwSA2W,台股開盤了 整理以下資訊給大家 7-11 I珍食 10:00-17:00/20:00-03:00 （19:00-19:59是8折20:00-03:00是65折） 全家 友善食光 10:00-17:00/17:00-24:00 萊爾富 惜福食堂 18:00-24:00 全聯 16:00-23:00 1 / 2,2025年4月7日 星期一 上午9:19,,,24000,298,2159,10000,https://www.threads.com/@familymart_tw/post/DIJBVgyypYk,"推薦你：友善食光地圖🗺️ risu.io/otUKc
risu.io
risu.io",2025年4月7日 星期一 下午5:50,,,38,,,2
h.weiiii,https://www.threads.com/@h.weiiii/post/DIGRHZdBLgM,關於我媽的日常,2025年4月6日 星期日 下午4:10,,"Photo by @h.weiiii on April 06, 2025.",40000,411,2497,5364,https://www.threads.com/@familymart_tw/post/DIIud1VSDsg,我們這邊有觀世音拿鐵跟馬爾濟斯飲料可以配蛋糕,2025年4月7日 星期一 下午3:05,,"Photo by 全家便利商店_台灣 on April 07, 2025.",5097,35,62,236
lucy4me,https://www.threads.com/@lucy4me/post/DH7kiXGJCxv,"全家
大家的娃包都裝娃 我的裝要帶去運動吃的香蕉🍌🍌 有夠古錐！！",2025年4月2日 星期三 下午12:28,,"Photo by 姮惟 🐦 on April 01, 2025.",1841,31,19,164,https://www.threads.com/@familymart_tw/post/DH8O-lPSOfI,大蕉點,2025年4月2日 星期三 下午6:39,,,562,2,,5
kiss_yotiao,https://www.threads.com/@kiss_yotiao/post/DH8Io4ly3h2,一早抓兩個 😁,2025年4月2日 星期三 下午5:44,@familymart_tw,"Photo by 奇司油條 on April 02, 2025.",9,1,,,https://www.threads.com/@familymart_tw/post/DH8Iyf4ym1M,手速很快🕶️,2025年4月2日 星期三 下午5:45,,,3,,,
yuu._.buji,https://www.threads.com/@yuu._.buji/post/DH57-hIS4BK,有人要買打折的焦糖牛奶麵包嗎？,2025年4月1日 星期二 下午9:15,,"Photo by 哺吉小倉鼠的日常 on April 01, 2025. | Photo by 哺吉小倉鼠的日常 on April 01, 2025. | Photo by 哺吉小倉鼠的日常 on April 01, 2025. | Photo by 哺吉小倉鼠的日常 on April 01, 2025. | Photo by 哺吉小倉鼠的日常 on April 01, 2025.",27000,174,1266,1589,https://www.threads.com/@familymart_tw/post/DH7rtWAS5J7,不好意思，那應該是夯番鼠,2025年4月2日 星期三 下午1:31,,,1930,12,15,27
xy_.023,https://www.threads.com/@xy_.023/post/DH3JrBuzHsO,錯過就是永遠,2025年3月31日 星期一 下午7:17,,"Photo by 莫非 on March 31, 2025.",20000,26,1794,928,https://www.threads.com/@familymart_tw/post/DH52RI4SPKn,全家就是你家,2025年4月1日 星期二 下午8:25,,"Photo by 全家便利商店_台灣 on April 01, 2025.",3073,9,42,33
lll0330lll,https://www.threads.com/@lll0330lll/post/DH2p1LJS0hC,全家給我用這什麼緯來日本台取名法 1 / 2,2025年3月31日 星期一 下午2:38,,"Photo by @lll0330lll on March 30, 2025.",18000,185,963,2205,https://www.threads.com/@familymart_tw/post/DH5IysQSpy-,驚！NO.1美食！就在全家便利商店,2025年4月1日 星期二 下午1:47,,,1197,5,1,3
ilfceees_04.25,https://www.threads.com/@ilfceees_04.25/post/DHna4xHhieq,"全家
@familymart_tw 小編請問這什麼口味？我同學吃到咳嗽還是吃不出來 1 / 2",2025年3月25日 星期二 下午4:39,,"Photo by @ilfceees_04.25 on March 25, 2025. | Photo by @ilfceees_04.25 on March 25, 2025. | Photo by @ilfceees_04.25 on March 25, 2025.",6616,77,23,357,https://www.threads.com/@familymart_tw/post/DHp9ejfS-Ax,就是驚嘆口味(！,2025年3月26日 星期三 下午4:20,,,543,9,,8
auxvkn2,https://www.threads.com/@auxvkn2/post/DHdOvshxEJz,請問要在哪裡團購？,2025年3月21日 星期五 下午5:41,@familymart_tw,,1,1,,,https://www.threads.com/@familymart_tw/post/DHdPFkZSizf,洽詢全家店長喔！,2025年3月21日 星期五 下午5:44,,,4,1,,1
cygnux61860410,https://www.threads.com/@cygnux61860410/post/DHdMNS2z0Sy,每間都有嘛,2025年3月21日 星期五 下午5:19,@familymart_tw,,5,1,,1,https://www.threads.com/@familymart_tw/post/DHdPAFtSfKX,洽詢店長喔😁,2025年3月21日 星期五 下午5:43,,,6,,,
___________.33,https://www.threads.com/@___________.33/post/DHdONqqS57p,請問是到每一家門市都可以訂購嗎 謝謝,2025年3月21日 星期五 下午5:36,@familymart_tw,,9,1,,1,https://www.threads.com/@familymart_tw/post/DHdO7u-ybff,請洽詢全家店長喔！,2025年3月21日 星期五 下午5:42,,,11,,,
yuray1207619,https://www.threads.com/@yuray1207619/post/DHbEoUuzd2W,是我的錯覺嗎？ 總覺得脆上的小編都超嗨超真實 比較沒有官腔,2025年3月20日 星期四 下午9:34,,,1536,250,10,17,https://www.threads.com/@familymart_tw/post/DHdMFJYyPuR,💚💙,2025年3月21日 星期五 下午5:17,,,26,,,
rrrillla,https://www.threads.com/@rrrillla/post/DHX46VTToHS,請我弟幫我曬衣服，隔天早上才看到，整個世界都沈默了,2025年3月19日 星期三 下午3:54,,"Photo by @rrrillla on March 19, 2025.",100000,2290,3454,24000,https://www.threads.com/@familymart_tw/post/DHaMTI1Stob,全家震驚,2025年3月20日 星期四 下午1:22,,,4321,10,15,21
internet_explorer95816,https://www.threads.com/@internet_explorer95816/post/DHV7UkJSi6Q,頁面加載了三個小時，不急 1 / 2,2025年3月18日 星期二 下午9:36,,"Photo by IE瀏覽器 on March 18, 2025.",18000,187,417,465,https://www.threads.com/@familymart_tw/post/DHYCjiIyUpH,你那邊的全家鈴聲 還是登登等登 登登～登 登登 等登 嗎？,2025年3月19日 星期三 下午5:18,,,3391,19,31,51
catachi77,https://www.threads.com/@catachi77/post/DHS-VmTyTZk,"Coffee, I think 翻譯",2025年3月17日 星期一 下午6:05,,"Photo by Ca Ta Chi on March 17, 2025.",30000,120,2633,6214,https://www.threads.com/@familymart_tw/post/DHU9-y-y6Kg,"SHAKE TEA, I THINK. 翻譯",2025年3月18日 星期二 下午12:40,,"Photo by 全家便利商店_台灣 on March 17, 2025.",877,,4,3
deleonchen,https://www.threads.com/@deleonchen/post/DHQ7BpGznz0,妳想吃就直說嘛!🤣,2025年3月16日 星期日 下午10:58,,"Photo by Deleon Chen on March 16, 2025.",21000,52,415,3260,https://www.threads.com/@familymart_tw/post/DHScXR3xufi,有人喉嚨癢嗎？全家來幫你抓了,2025年3月17日 星期一 下午1:08,,"Photo by 全家便利商店_台灣 on March 16, 2025.",785,4,,16
_221230_,https://www.threads.com/@_221230_/post/DHGJUQMvKnf,回訊息小幫鼠 1 / 2,2025年3月12日 星期三 下午6:31,,"Photo by @_221230_ on March 12, 2025.",16000,166,1343,2031,https://www.threads.com/@familymart_tw/post/DHIWxDdxpiP,回訊息小幫薯,2025年3月13日 星期四 下午3:07,,"Photo by 全家便利商店_台灣 on March 13, 2025.",6168,59,76,179
mentally.ill86,https://www.threads.com/@mentally.ill86/post/DHC5ixGBaYN,"客人：「奇怪 這布丁建議售價不是18元嗎」
我：「對啊 怎麼了」
客人：「那你怎麼賣我25元 是不是算錯了」
我：「沒有 因為我不接受他的建議」 1 / 2",2025年3月11日 星期二 下午12:15,,,17000,92,399,694,https://www.threads.com/@familymart_tw/post/DHD4f7UScQ4,"客人：「奇怪 這抹茶酥頂點心杯建議售價不是 49 元嗎」
店員：「對啊 怎麼了」
客人：「那我拿兩個你怎麼算 78 元 是不是算錯了」
店員：「沒有 因為 3/18 之前我不接受他的建議，指定抹茶烘焙商品第 2 件 6 折」",2025年3月11日 星期二 下午9:25,,,2161,9,16,27
5_vistara,https://www.threads.com/@5_vistara/post/DHBIXGmzZvS,遇到講話很雞掰的人↓,2025年3月10日 星期一 下午7:46,,"Photo by ㅤㅤㅤㅤ on March 10, 2025.",53000,86,5594,4299,https://www.threads.com/@familymart_tw/post/DHD4OkSyo1L,另一半正在生氣，但你拿出全家 Fami!ce 霜淇淋,2025年3月11日 星期二 下午9:23,,"Photo by 全家便利商店_台灣 on March 11, 2025.",2010,6,22,45
yunzi_x,https://www.threads.com/@yunzi_x/post/DHA2AYLS8Wx,老師說我的心智圖像印出來的 （這是我手寫的自我介紹！） 老師瘋狂稱讚一波 完美承包本日宇宙級好心情😭🌸 1 / 2,2025年3月10日 星期一 下午5:06,,"Photo by 昀子𝗬𝗨𝗡𝗭𝗜 ☁️🌤 on March 10, 2025. | Photo by 昀子𝗬𝗨𝗡𝗭𝗜 ☁️🌤 on March 10, 2025.",12000,76,263,356,https://www.threads.com/@familymart_tw/post/DHDgkd7SE10,,2025年3月11日 星期二 下午5:56,,"Photo by 全家便利商店_台灣 on March 11, 2025.",1110,8,2,10
y.chang__,https://www.threads.com/@y.chang__/post/DGzxE2nyIJN,"幹分享一個超好笑的東西 剛剛看到的
┏┯┯┯┯┯┯┯┯┯┓ ┠車馬象士將士象馬車┨ ┠┼┼┼┼┼┼┼┼┼┨ ┠┼砲┼┼┼┼┼砲┼┨ ┠卒┼卒┼卒┼卒┼卒┨ ┠┴┴┴┴┴┴┴┴┴┨ ┠┬┬┬┬┬┬┬┬┬┨ ┠兵┼兵┼兵┼兵┼兵┨ ┠┼炮┼┼┼┼┼炮┼┨ ┠┼┼┼┼┼┼┼┼┼┨ ┠車馬相仕 仕相馬車┨ ┗┷┷┷┷┷┷┷┷┷┛ 輸了 帥在我臉上",2025年3月5日 星期三 下午3:13,,,16000,107,1280,4011,https://www.threads.com/@familymart_tw/post/DG21M-7SjYi,兵在我手上,2025年3月6日 星期四 下午7:46,,"Photo by 全家便利商店_台灣 on March 06, 2025.",2757,12,13,24
jasperrrrr.c,https://www.threads.com/@jasperrrrr.c/post/DG1ee5pT-Wx,"這幾天的天氣變化太快， 又￼讓我想起了那次大晴天的進便利商店買瓶水出來突然大暴雨， 老婆在車上顧女兒說要把傘丟給我
有幫忙，但不多",2025年3月6日 星期四 上午7:16,,,13000,362,140,4293,https://www.threads.com/@familymart_tw/post/DG2b7PIxVG9,這是一篇跟便利商店有關的文，但不多,2025年3月6日 星期四 下午4:06,,,870,1,,5
lyc._.16,https://www.threads.com/@lyc._.16/post/DGz25CHyr6N,幹超好笑 剛剛下課走在路上 突然有個（不認識的）學弟拿一疊紙發一張給我 然後說：發神經。,2025年3月5日 星期三 下午4:03,,"Photo by 李怡蓁 on March 05, 2025.",130000,518,12000,31000,https://www.threads.com/@familymart_tw/post/DG0SwNKpDgy,這麼潮的學弟 應該發梅了吧,2025年3月5日 星期三 下午8:07,,"Photo by 全家便利商店_台灣 on March 05, 2025.",2077,3,5,14
wanna_tellu,https://www.threads.com/@wanna_tellu/post/DGzfKZZhWDJ,"全家
剛剛在全家結帳時 帥哥店員說叫我多去夾一顆愛心的，說那很好吃 還以為被撩：） 原來只是剛好有優惠，可惡！ 把我的心動還來嗚嗚🥹 全家 1 / 2",2025年3月5日 星期三 下午12:36,,"Photo by 大家聽我說 on March 04, 2025. | Photo by 大家聽我說 on March 04, 2025.",6959,41,26,122,https://www.threads.com/@familymart_tw/post/DGz8dFMx2bs,你有想過另一種可能性嗎－ 為什麼愛心有優惠？是為了撩你。,2025年3月5日 星期三 下午4:52,,,1717,5,1,6
_yummy_tw,https://www.threads.com/@_yummy_tw/post/DGxEFYHzCKr,熱狗：左邊 義大利麵：右邊 麵包：右邊 誰比較香：左邊 這距離會讓消費者焦慮！,2025年3月4日 星期二 下午2:01,,"Photo by 高雄美食走跳-刁嘴公主 on March 03, 2025.",14000,322,225,464,https://www.threads.com/@familymart_tw/post/DGzhgmuJjB7,我全家都選右邊,2025年3月5日 星期三 下午12:57,,,2152,19,1,11
blue_whale0428,https://www.threads.com/@blue_whale0428/post/DGwy5glTU9t,呃….很貼切,2025年3月4日 星期二 上午11:31,,"Photo by 陳嘉亮 on March 03, 2025.",39000,119,1408,2219,https://www.threads.com/@familymart_tw/post/DGxteI7y-WW,建議不要這樣壓三明治，因為這樣會導致三明治被壓,2025年3月4日 星期二 下午8:03,,,1356,7,1,7
xzhenq.__,https://www.threads.com/@xzhenq.__/post/DGt3ryEBLNg,想抱抱的天氣已經過了 看你們夏天拿什麼理由談戀愛,2025年3月3日 星期一 上午8:15,,,48000,505,3045,4570,https://www.threads.com/@familymart_tw/post/DGxo2UWp98z,想抱抱的天氣已經過了，但買一支霜淇淋兩個人一起吃的天氣才正要到來。,2025年3月4日 星期二 下午7:22,,,125,2,2,1
qqonyocc,https://www.threads.com/@qqonyocc/post/DGp0k7zhaP2,"有沒有圖文作家願意出一些成人繪本叫做
《天啊！為什麼我的背這麼痛！》 《吃完飯不可以馬上睡著》 《喝完紅茶，怎麼就天亮了？》 《所得稅、勞健保，該怎麼做呢？》 《怎麼有這麼壞的老闆！》
來用簡單的方式告訴大家哪一些年輕時期的惡習讓自己業力引爆跟要用什麼方式解決，還有一些勞基法跟報稅的問題⋯ 1 / 2",2025年3月1日 星期六 下午6:31,,,22000,287,1968,2640,https://www.threads.com/@familymart_tw/post/DGvBvAoSVsN,《第一次到全家繳稅》,2025年3月3日 星期一 下午7:02,,,210,1,,4
threads,https://www.threads.com/@threads/post/DGsyKMcgpZs,🍿,2025年3月2日 星期日 下午10:07,,,42000,2157,922,402,https://www.threads.com/@familymart_tw/post/DGuSGk2SmnR,🍦,2025年3月3日 星期一 下午12:06,,,1095,,,2
abc0909282689,https://www.threads.com/@abc0909282689/post/DGfsvMcywVW,"一個女孩去超商寄快遞 她給了超商店員一個空紙箱讓他打 包。
店員：這是寄給誰的？
她：我喜歡很久的一個男生。
店員：可是裡面沒有東西啊！
她：有些東西只有我自己能看見 的。
店員：到底是什麼？
她：是一箱情願。",2025年2月25日 星期二 下午8:10,,,28000,125,881,4214,https://www.threads.com/@familymart_tw/post/DGiGqElSiyw,是五箱乖乖,2025年2月26日 星期三 下午6:35,,"Photo by 全家便利商店_台灣 on February 26, 2025.",1506,1,5,17
karui666,https://www.threads.com/@karui666/post/DGfqj0xy719,666666 雞柳條今天有加碼😆,2025年2月25日 星期二 下午7:51,,"Photo by Karui on February 25, 2025. | Photo by Karui on February 25, 2025.",3430,22,66,182,https://www.threads.com/@familymart_tw/post/DGgIqdUSFXs,不要玩食物🤭🎲🤙,2025年2月26日 星期三 上午12:14,,,235,1,1,3
dunruo_,https://www.threads.com/@dunruo_/post/DGf3c31ybOb,連繫皮帶都有正面畫面可以看 實在是太不把我們當外人了這對我眼睛很好👌🏻,2025年2月25日 星期二 下午9:44,,,14000,124,556,1354,https://www.threads.com/@familymart_tw/post/DGgFEf-y2Vm,"看完決定買這顆，而且現在歡慶勝利88折
經典資格賽球員肖像球宋晟睿88 tw360.page.link/xEpz",2025年2月25日 星期二 下午11:43,,"Photo by 全家便利商店_台灣 on February 25, 2025.",404,,1,5
kuo19920202,https://www.threads.com/@kuo19920202/post/DGf6W18zRzk,很🤙,2025年2月25日 星期二 下午10:09,@familymart_tw,,1467,6,4,3,https://www.threads.com/@familymart_tw/post/DGgCadMSw42,全台你最🤙💚💙,2025年2月25日 星期二 下午11:19,,,6,,,
kuo19920202,https://www.threads.com/@kuo19920202/post/DGfdeIszZvU,大家也一起秀出你手邊的🎲跟😊🤙,2025年2月25日 星期二 下午5:57,,"Photo by ️郭俊麟️️かくしゅんりん on February 25, 2025.",33000,267,360,202,https://www.threads.com/@familymart_tw/post/DGgAouAS58b,,2025年2月25日 星期二 下午11:04,,"Photo by 全家便利商店_台灣 on February 25, 2025.",195,1,,
kuo19920202,https://www.threads.com/@kuo19920202/post/DGf6C5Xz_MI,🎲🤙🤙🤙👏👏,2025年2月25日 星期二 下午10:06,,,20000,245,245,51,https://www.threads.com/@familymart_tw/post/DGgAlh8y4rC,我服！果然還是需要🎲🤙,2025年2月25日 星期二 下午11:03,,"Photo by 全家便利商店_台灣 on February 25, 2025.",145,,,1
im.onesun,https://www.threads.com/@im.onesun/post/DGfM-ljxVEU,準備好了🙌🏻,2025年2月25日 星期二 下午3:32,@familymart_tw,"Photo by YI HSUAN on February 24, 2025. | Photo by YI HSUAN on February 24, 2025. | Photo by YI HSUAN on February 24, 2025. | Photo by YI HSUAN on February 24, 2025.",158,1,,9,https://www.threads.com/@familymart_tw/post/DGfNNmqSW7P,牙！,2025年2月25日 星期二 下午3:34,,,50,1,,
1998_riko,https://www.threads.com/@1998_riko/post/DGdsa-ATgMD,"全家
說真的 全家的霜淇淋要不要找我家的貓當代言人呀！他真的看起來有夠舒適耶😂 越看越好笑 全家 1 / 2",2025年2月25日 星期二 上午1:30,,,22000,235,771,3140,https://www.threads.com/@familymart_tw/post/DGfD1LxymRD,這算是一種「霜橘淋」嗎？,2025年2月25日 星期二 下午2:12,,,2209,2,2,12
yuchen_1211,https://www.threads.com/@yuchen_1211/post/DGVNb8FylAo,"：你不是有很多朋友？
我認識的朋友：👤👤👤👤👤👤👤👤👤👤👤👤👤👤👤👤👤👤👤👤👤👤👤👤👤👤👤👤👤👤👤👤👤👤👤👤👤👤👤👤👤👤👤👤👤👤 👤👤👤👤👤👤👤👤👤👤👤👤👤👤👤👤👤👤👤👤👤👤👤👤👤👤👤👤👤👤👤👤👤👤👤👤👤👤👤👤👤👤👤👤👤👤 👤👤👤👤👤👤👤👤👤👤👤👤👤👤👤👤👤👤👤👤👤👤👤👤👤👤👤👤👤👤👤👤👤👤👤👤👤👤👤
會跟我聊天的朋友：👤👤👤👤👤👤👤👤👤👤👤👤👤👤👤👤👤👤👤👤👤👤👤👤👤👤👤👤👤👤👤👤👤👤👤👤👤👤👤👤👤👤👤👤
我很喜歡的朋友：👤👤👤👤👤👤👤👤👤👤👤👤👤👤👤👤👤👤👤
真正（最親近）的朋友：👤👤👤👤👤👤👤👤
我知道永遠不會離開我的朋友：👤 1 / 2",2025年2月21日 星期五 下午6:24,,,100000,564,11000,12000,https://www.threads.com/@familymart_tw/post/DGevYwKy_ix,"我吃過的全家霜淇淋：🍦🍦🍦🍦🍦🍦🍦🍦🍦🍦🍦🍦🍦🍦🍦🍦🍦🍦🍦🍦🍦🍦🍦🍦🍦🍦🍦🍦🍦🍦🍦🍦🍦🍦🍦🍦🍦🍦🍦🍦🍦🍦🍦🍦🍦🍦🍦🍦🍦🍦🍦🍦🍦🍦🍦🍦🍦🍦🍦🍦🍦🍦🍦🍦🍦🍦🍦🍦🍦🍦🍦🍦🍦🍦🍦🍦🍦🍦🍦🍦🍦🍦🍦🍦🍦🍦🍦🍦🍦🍦🍦🍦🍦🍦🍦🍦🍦🍦🍦🍦🍦🍦🍦🍦🍦🍦🍦🍦🍦🍦🍦🍦🍦🍦🍦🍦🍦🍦🍦🍦🍦🍦🍦🍦🍦🍦🍦🍦🍦🍦🍦
被借吃一口過的全家霜淇淋：🍦🍦🍦🍦🍦🍦🍦🍦🍦🍦🍦🍦🍦🍦🍦🍦🍦🍦🍦🍦🍦🍦🍦🍦🍦🍦🍦🍦🍦🍦🍦🍦🍦🍦🍦🍦🍦🍦🍦🍦🍦🍦🍦🍦
被借吃一口後有還的全家霜淇淋：",2025年2月25日 星期二 上午11:14,,,1144,4,12,13
kuo19920202,https://www.threads.com/@kuo19920202/post/DGdcc-NTQxU,該是時候了吧 各位你們的🎲是否也要派上用場了,2025年2月24日 星期一 下午11:09,,"Photo by ️郭俊麟️️かくしゅんりん on February 24, 2025.",39000,324,557,820,https://www.threads.com/@familymart_tw/post/DGdc9MKSyYw,來了🤙🤙🤙,2025年2月24日 星期一 下午11:14,,"Photo by 全家便利商店_台灣 on February 24, 2025.",770,5,,11
,https://www.threads.com/@familymart_tw/post/DGdE-9RSwu2,familymart_tw 🎲 🙏,2025年2月24日 星期一 下午7:44,,"Photo by 全家便利商店_台灣 on February 24, 2025.",2103,15,38,113,https://www.threads.com/@familymart_tw/post/DGcrJr5yUKr,這是回覆已無法顯示的貼文,2025年2月24日 星期一 下午3:58,,"Photo by 全家便利商店_台灣 on February 23, 2025.",195,2,,4
joyce.jr.chen,https://www.threads.com/@joyce.jr.chen/post/DGVZwAaShEE,育成2分炮！ 全家動作真快😀 Team Taiwan 繼續加油👏,2025年2月21日 星期五 下午8:12,,"Photo by Joyce Chen on February 21, 2025. | Photo by Joyce Chen on February 21, 2025.",1834,45,2,52,https://www.threads.com/@familymart_tw/post/DGYfV1IyZ8y,我要全部 🫡,2025年2月23日 星期日 上午12:58,,,122,,,
kyo_huangzz,https://www.threads.com/@kyo_huangzz/post/DGRpWEhzgTN,"剛剛在吃早餐 隔壁桌的情侶也在聊最近的香奈兒贈品事件
男生：「妳對香奈兒有興趣嗎？妳生日我帶妳去挑一個」 女生：「我還好，寶你拿去買想玩的遊戲，不要把錢花在這」 男生：「我還好 我比較想看妳開心」 女生：「我也還好 我也只想要你開心」
你們結婚了 我說的",2025年2月20日 星期四 上午9:11,,,27000,91,729,721,https://www.threads.com/@familymart_tw/post/DGU12Rxy7cB,你們成家吧 全家說的,2025年2月21日 星期五 下午2:58,,,392,3,1,6
_kwy_551,https://www.threads.com/@_kwy_551/post/DGOwISBpYiZ,😂,2025年2月19日 星期三 上午6:13,,"Photo by Jenny Kwok on February 18, 2025.",40000,159,1484,4533,https://www.threads.com/@familymart_tw/post/DGQB6mFy-i_,,2025年2月19日 星期三 下午6:07,,"Photo by 全家便利商店_台灣 on February 19, 2025.",3792,15,20,26
star52087,https://www.threads.com/@star52087/post/DGNyuwHTsY2,給我一個不犯法但是超有病的行為,2025年2月18日 星期二 下午9:16,,,11000,926,204,242,https://www.threads.com/@familymart_tw/post/DGQA-dbyPg1,吃全家 Fami!ce 霜淇淋從餅乾的底部往上吃,2025年2月19日 星期三 下午5:59,,,1041,15,1,12
mei_520tw,https://www.threads.com/@mei_520tw/post/DGPW7UQvaZS,高雄蜜柑站長也有這個頭套,2025年2月19日 星期三 上午11:52,@familymart_tw,"Photo by mei on February 18, 2025.",154,1,,,https://www.threads.com/@familymart_tw/post/DGPiMP3ygjw,嘿嘿😁,2025年2月19日 星期三 下午1:30,,,13,,,
hi_go_go1021,https://www.threads.com/@hi_go_go1021/post/DGPaOaDJJb5,衝去買多啦A夢！看到可以預購霜淇淋 立刻跟店員說我這個也要 ！！！！,2025年2月19日 星期三 下午12:20,@familymart_tw,"Photo by Higogo on February 18, 2025.",164,2,,20,https://www.threads.com/@familymart_tw/post/DGPiDhhSbIW,好配合的貓貓🤩,2025年2月19日 星期三 下午1:29,,,5,,,
saanmaau,https://www.threads.com/@saanmaau/post/DGPVCOeyQqy,過來看一下🐱,2025年2月19日 星期三 上午11:35,@familymart_tw,"Photo by Lucia Ting on February 18, 2025.",166,2,1,2,https://www.threads.com/@familymart_tw/post/DGPWl5ESdrx,猝不及防被閃了一下🤨,2025年2月19日 星期三 上午11:49,,,12,,,
abit1412,https://www.threads.com/@abit1412/post/DGPWQBkykdF,奶糖（乳牛貓）氣到不行🤣🤣🤣,2025年2月19日 星期三 上午11:46,@familymart_tw,"Photo by @abit1412 on February 18, 2025. | Photo by @abit1412 on February 18, 2025.",78,2,,,https://www.threads.com/@familymart_tw/post/DGPWfuCSjoK,隔空感受到怒氣了😗,2025年2月19日 星期三 上午11:48,,,5,,,
sylvia_lai_0911,https://www.threads.com/@sylvia_lai_0911/post/DGPVpXYv2cY,誰能拒絕一隻睡爛的貓貓,2025年2月19日 星期三 上午11:41,@familymart_tw,,153,1,,,https://www.threads.com/@familymart_tw/post/DGPWZMTSXho,好療癒🥹,2025年2月19日 星期三 上午11:47,,,2,,,
amber_has_friends,https://www.threads.com/@amber_has_friends/post/DGPVDMhSlP9,發咪艾斯🍦發咪艾斯🍦 發咪發咪艾斯🍦,2025年2月19日 星期三 上午11:35,@familymart_tw,"Photo by 安柏 on February 18, 2025. | Photo by 安柏 on February 18, 2025.",254,3,,7,https://www.threads.com/@familymart_tw/post/DGPWVsUyX12,可愛😍,2025年2月19日 星期三 上午11:46,,,9,,,
watqilu,https://www.threads.com/@watqilu/post/DGNXer4Ru_L,我為了這一幕，折返回去拍!!!!!! 太可愛了啦!!!!!!! 1 / 2,2025年2月18日 星期二 下午5:18,,,200000,1079,12000,42000,https://www.threads.com/@familymart_tw/post/DGPQ2C8SZ3P,也是促成了貓緣☺️,2025年2月19日 星期三 上午10:58,,,1065,2,,4
hayako.illust,https://www.threads.com/@hayako.illust/post/DGMlWJiMlPi,我不止很健談 我還很圓山 很民權西路 很雙連 很中山 很台北車站,2025年2月18日 星期二 上午10:00,,,10000,169,1002,978,https://www.threads.com/@familymart_tw/post/DGNYQsYSenl,我是一個有愛全家的人,2025年2月18日 星期二 下午5:25,,,149,,,1
art_director_kitten,https://www.threads.com/@art_director_kitten/post/DGLcy0-T85p,@familymart_tw 你成功的騙到老師了,2025年2月17日 星期一 下午11:26,,,10000,99,300,1645,https://www.threads.com/@familymart_tw/post/DGNJFbUytKK,歡迎來全家(？,2025年2月18日 星期二 下午3:12,,,113,1,,
jammy.chen,https://www.threads.com/@jammy.chen/post/DGMhANqzrAI,來全家康陽店朝聖一下這隻巨貓 看起來也太逼真了吧 連小孩都問：可以去摸一下貓咪嗎🤣🤣,2025年2月18日 星期二 上午9:22,,"Photo by 陳家琪 on February 17, 2025.",51000,354,1296,8836,https://www.threads.com/@familymart_tw/post/DGMu7EAy0YU,歡迎大家來打卡拍照，側面還有超巨貓尾巴🐈,2025年2月18日 星期二 上午11:23,,,2112,5,,11
popcorn_lazycat,https://www.threads.com/@popcorn_lazycat/post/DGLK8StJAZx,我也遇到了！！ 全家好可愛好有愛！！🥰 @familymart_tw,2025年2月17日 星期一 下午8:50,,"Photo by 米花一朵花🌻 on February 17, 2025. | Photo by 米花一朵花🌻 on February 17, 2025.",29000,236,678,6430,https://www.threads.com/@familymart_tw/post/DGMjXPZSu1e,歡迎一起拍照🤳,2025年2月18日 星期二 上午9:42,,,207,2,,2
szms_95,https://www.threads.com/@szms_95/post/DGJadpZzao5,"人生的夢想是去義大利拍一組照片
文案寫
我不在意你了 我在義大利。",2025年2月17日 星期一 上午4:27,,,58000,526,4909,7232,https://www.threads.com/@familymart_tw/post/DGLFaE2SgSO,去全家拍一組照片 文案寫 沒有你的時光 我友善食光,2025年2月17日 星期一 下午8:01,,,7832,32,270,527
weiweichen0527,https://www.threads.com/@weiweichen0527/post/DGIRCWGzHyT,全家你贏了，騙到我了😻 我看到還想說怎麼有貓在全家裡 還這麼剛好看著我？,2025年2月16日 星期日 下午5:45,,"Photo by Weiweichen on February 16, 2025. | Photo by Weiweichen on February 16, 2025.",28000,202,678,3556,https://www.threads.com/@familymart_tw/post/DGKb9oESnZQ,各位主子們，這是真貓，是好好善待動物協會的浪浪，歡迎掃描QRcode看領養詳情~🥹,2025年2月17日 星期一 下午1:59,,,2226,13,18,25
panda.japanese_meme,https://www.threads.com/@panda.japanese_meme/post/DGGOPE9S05x,"江戶店員教日語 超好笑
panda.japanese_meme",2025年2月15日 星期六 下午10:42,,,20000,176,1617,7248,https://www.threads.com/@familymart_tw/post/DGILnRcyhHM,Hi 👋,2025年2月16日 星期日 下午4:58,,,490,4,,7
news.ebcstar,https://www.threads.com/@news.ebcstar/post/DGC8J5Iyjob,"分手擂台
實不相瞞 這裡有 分手擂台 youtube.com/live…
youtube.com
- YouTube",2025年2月14日 星期五 下午4:07,@funcareltd,,2,1,,,https://www.threads.com/@familymart_tw/post/DGDHN6UStLt,說好不提這個的😗,2025年2月14日 星期五 下午5:43,,,2,,,
lovetogether.com.tw,https://www.threads.com/@lovetogether.com.tw/post/DGDA5_mzQtI,喔買尬 怎麼好像很適合人間月老😎 但是大家會看這裡嗎🤣,2025年2月14日 星期五 下午4:48,@familymart_tw,,11,1,,1,https://www.threads.com/@familymart_tw/post/DGDHKumyE6B,來買個電子看板，會有更多人看到✊🏻,2025年2月14日 星期五 下午5:43,,,4,,,
happ.ylisten,https://www.threads.com/@happ.ylisten/post/DGDDkd4yNWo,其實大多都會是詐騙 現今社會連現實中的好人正常人都很少了 何況是素未平生的陌生人😮‍💨,2025年2月14日 星期五 下午5:11,@familymart_tw,,11,1,,,https://www.threads.com/@familymart_tw/post/DGDHEsFSP7e,兄弟⋯這是真的⋯,2025年2月14日 星期五 下午5:42,,,7,1,,
s_c.h.i.a,https://www.threads.com/@s_c.h.i.a/post/DGDFrS1SiI9,第二張 是全家小編🤣🤣 第三張 有點像假帳號,2025年2月14日 星期五 下午5:30,@familymart_tw,,3,1,,,https://www.threads.com/@familymart_tw/post/DGDG-7jyGl1,是小編的朋友😗,2025年2月14日 星期五 下午5:41,,,5,,,
blueshawn1979,https://www.threads.com/@blueshawn1979/post/DGCyoTFyJqK,超商店員技能包再+1，連媒婆的工作都要搶😂,2025年2月14日 星期五 下午2:43,@familymart_tw,,28,1,,,https://www.threads.com/@familymart_tw/post/DGC4OAlSZpb,掌聲鼓勵👏🏻,2025年2月14日 星期五 下午3:32,,,,,,
judy_city_,https://www.threads.com/@judy_city_/post/DGC1q2Qz6aK,還有什麼全家不能的🤔,2025年2月14日 星期五 下午3:10,@familymart_tw,,1,1,,,https://www.threads.com/@familymart_tw/post/DGC4IDPyy_c,一起解鎖🔓,2025年2月14日 星期五 下午3:31,,,,,,
estrong_ethanol_75percent,https://www.threads.com/@estrong_ethanol_75percent/post/DGC2kn9y5cu,兩個網美中間混了一個哥布林,2025年2月14日 星期五 下午3:18,@familymart_tw,,7,1,,1,https://www.threads.com/@familymart_tw/post/DGC3rGKyLwc,有了電子看板，很快就不是了(？,2025年2月14日 星期五 下午3:28,,,,,,
malodyxiao,https://www.threads.com/@malodyxiao/post/DGCz82-yORi,@zongxuan1129 我去你家樓下買個輪播廣告,2025年2月14日 星期五 下午2:55,@familymart_tw,,1,2,,,https://www.threads.com/@familymart_tw/post/DGC3eYFSwsi,拜託快買,2025年2月14日 星期五 下午3:26,,,,1,,
with1297,https://www.threads.com/@with1297/post/DGCy9t3zJx-,果肉系交友？,2025年2月14日 星期五 下午2:46,@familymart_tw,,,1,,1,https://www.threads.com/@familymart_tw/post/DGC3bz0yjcP,重點應該是上面的電子看板🥹,2025年2月14日 星期五 下午3:25,,,,,,
chienchen666,https://www.threads.com/@chienchen666/post/DGCusgDTVjU,這一定是什麼我愛紅娘之類的❤️,2025年2月14日 星期五 下午2:09,@familymart_tw,,11,1,,,https://www.threads.com/@familymart_tw/post/DGC3YK1yGDR,全家就幫到這了☺️,2025年2月14日 星期五 下午3:25,,,6,,,
hachi775505,https://www.threads.com/@hachi775505/post/DGCwT4JTdx4,真的還假的🤣,2025年2月14日 星期五 下午2:23,@familymart_tw,,,1,,,https://www.threads.com/@familymart_tw/post/DGC3UXPyRN0,真的🥹,2025年2月14日 星期五 下午3:24,,,1,,,
mr.cloudtw,https://www.threads.com/@mr.cloudtw/post/DGCupshRzQo,小編上次放閃完，這次又徵友?,2025年2月14日 星期五 下午2:09,@familymart_tw,,,1,,,https://www.threads.com/@familymart_tw/post/DGC3S4Xy5NK,不同人齁🥹,2025年2月14日 星期五 下午3:24,,,,,,
avery_c_2.22,https://www.threads.com/@avery_c_2.22/post/DF9nEHGSk3F,いちご🍓還是りんご🍎😂 翻譯,2025年2月12日 星期三 下午2:26,@familymart_tw,"Photo by エイブリー on February 11, 2025.",4,2,1,1,https://www.threads.com/@familymart_tw/post/DF_1nExhhPF,All of the above ✨ 翻譯,2025年2月13日 星期四 上午11:12,,,1,,,
lxy_0425,https://www.threads.com/@lxy_0425/post/DF5FbXspEq5,"剛剛去全家看到廣告回來馬上查！
霜淇淋造型寵物頭套🍦 這也太可愛了吧⋯⋯⋯
沒貓 而且要800才可以換 放棄ㄌ：）",2025年2月10日 星期一 下午8:15,,"Photo by 欣憶 on February 10, 2025. | Photo by 欣憶 on February 10, 2025.",2251,141,62,2795,https://www.threads.com/@familymart_tw/post/DF7ybWESvNw,"霜淇淋： v 軟軟的 v 有時會變成液體 v 會讓人大喊「要融化了」
結論：貓也是一種霜淇淋。 這就是我們的設計理念。",2025年2月11日 星期二 下午9:27,,,373,2,1,7
jiaxiong__,https://www.threads.com/@jiaxiong__/post/DFwIAAsTyAs,當女朋友不理你的時候：,2025年2月7日 星期五 上午8:47,,,40000,411,1818,6709,https://www.threads.com/@familymart_tw/post/DFw2BVCSQCY,全家 Fami!ce 霜淇淋，你的破冰神器。,2025年2月7日 星期五 下午3:27,,,7559,18,33,163
yclou,https://www.threads.com/@yclou/post/DFubvLdS7XH,"剛剛去全家買東西
店員：「載具有嗎？」
我：「有，（亮出手機）我用全家支配」
店員：「 」
我：「支付」
店員：「（刷條碼）這樣就可以囉」
⋯⋯我是被什麼東西支配了",2025年2月6日 星期四 下午4:59,,,2632,38,11,35,https://www.threads.com/@familymart_tw/post/DFwmkYYyjID,你喜歡被支配是吧？我倒是可以陪你玩玩,2025年2月7日 星期五 下午1:12,,,1214,17,1,27
dudu._.g31,https://www.threads.com/@dudu._.g31/post/DFriqs3ydB4,假如任何的詞都有反義詞 舉例：火腿=水手 那‘’兇我‘’的反義詞是不是叫做‘’吉他‘’？,2025年2月5日 星期三 下午2:01,,,8308,126,422,797,https://www.threads.com/@familymart_tw/post/DFuHJxxyplm,FamilyMart 的相反是 ʇɹɐWʎןı̣ɯɐℲ,2025年2月6日 星期四 下午1:59,,,439,6,2,8
5.tung_,https://www.threads.com/@5.tung_/post/DFpnSeWz6Vo,明天全家見🧧🧧🧧 歡迎大家來捕獲🤪🤪🤪 非常喜氣🤍,2025年2月4日 星期二 下午8:03,,"Photo by 午冬5.TUNG on February 04, 2025. | Photo by 午冬5.TUNG on February 04, 2025.",1884,48,43,1898,https://www.threads.com/@familymart_tw/post/DFrnEUBSt_H,💚💙,2025年2月5日 星期三 下午2:40,,,37,1,,3
miaoli_rerewu,https://www.threads.com/@miaoli_rerewu/post/DFoawppSIup,我爸拿壓力鍋去全家裝17杯黑美式 據說店員也沒有傻眼，還問他，現在春節期間有買一送一，有需要嗎 😆,2025年2月4日 星期二 上午8:56,,,45000,922,856,6554,https://www.threads.com/@familymart_tw/post/DFp46YJSI5z,Let's Café Pro Max 超大容量版,2025年2月4日 星期二 下午10:37,,,2580,1,5,25
beryl_lifesharing,https://www.threads.com/@beryl_lifesharing/post/DFj2VhmvG1B,第一次看到被燙過的便利商店架子😌😌😌,2025年2月2日 星期日 下午2:19,,"Photo by Beryl on February 01, 2025. | Photo by Beryl on February 01, 2025.",33000,268,516,2016,https://www.threads.com/@familymart_tw/post/DFmKD7DSjio,我們的店員在不擺架子的同時很會擺架子,2025年2月3日 星期一 上午11:50,,,5857,17,20,47
imf_502,https://www.threads.com/@imf_502/post/DFNL0kBSIFm,柯基：放開我全家！！！,2025年1月24日 星期五 下午7:05,,,120000,278,7375,16000,https://www.threads.com/@familymart_tw/post/DFPafpyyY5E,好💚💙,2025年1月25日 星期六 下午3:51,,,1774,8,9,26
hipwei,https://www.threads.com/@hipwei/post/DFKWRsCO0b1,你用巨大的堅強 總能抵擋,2025年1月23日 星期四 下午4:38,,"Photo by 葉力瑋 on January 23, 2025.",34000,125,2593,3665,https://www.threads.com/@familymart_tw/post/DFLCzDuSue2,奇怪，背怎麼有點癢癢的…？ 不說這個了，所以你要吃全家 Fami!ce 霜淇淋嗎？❤️,2025年1月23日 星期四 下午11:07,,,4351,10,24,20
xo6uvl3uvl3,https://www.threads.com/@xo6uvl3uvl3/post/DFID_6MzUVh,全台都有嗎,2025年1月22日 星期三 下午7:20,@familymart_tw,,2,2,,,https://www.threads.com/@familymart_tw/post/DFJzIGXyHfN,"這裡可以查詢販售店舖喔 bit.ly/3NOn6…
app3.family.com.tw
*全家便利商店好物推薦*發現全家好商品！推薦你看看【店舖服務通地圖】",2025年1月23日 星期四 上午11:31,,*全家便利商店好物推薦*發現全家好商品！推薦你看看【店舖服務通地圖】,,,,
lal__1112,https://www.threads.com/@lal__1112/post/DFFf_VdSXxW,"全家
到底誰還沒喝過這個啊！！！！ 只能說超頂 而且喝這個打麻將也會贏 目前本人實測最高紀錄50/20 贏快4千 全家 1 / 2",2025年1月21日 星期二 下午7:27,,"Photo by Lee❣️ on January 21, 2025.",11000,494,417,4920,https://www.threads.com/@familymart_tw/post/DFICh3lSgLg,本產品除了紅茶，還特別添加些許運氣成分，不過食安法中並無規定需寫出運氣，故無列出。這樣也被你發現，厲害。,2025年1月22日 星期三 下午7:07,,,4448,26,39,71
,https://www.threads.com/@heerhsiao/post/DFB1UusyoCm,流量密碼TEAMTAIWAN,2025年1月20日 星期一 上午9:21,,,42000,361,837,622,https://www.threads.com/@familymart_tw/post/DFHoyVpygG6,💚💙,2025年1月22日 星期三 下午3:22,,,295,1,1,
mr.cloudtw,https://www.threads.com/@mr.cloudtw/post/DFE2h64T7i2,我懷疑是小編放自己照片，再放閃,2025年1月21日 星期二 下午1:25,@familymart_tw,,4,1,,,https://www.threads.com/@familymart_tw/post/DFE9sKLSg06,我不是黑髮🥹,2025年1月21日 星期二 下午2:27,,,4,1,,
piligee,https://www.threads.com/@piligee/post/DFEwOsiT07W,Dear小編，偶長期資助ㄉ孩子們也可ㄇ(⁎⁍̴̛ᴗ⁍̴̛⁎),2025年1月21日 星期二 下午12:30,@familymart_tw,"Photo by 周易萱 on January 20, 2025.",36,1,,,https://www.threads.com/@familymart_tw/post/DFE9XnNSEIS,當然可以😌 幫我寄信喔📫 cpm@family.com.tw,2025年1月21日 星期二 下午2:24,,,4,,,1
stargoodfriend,https://www.threads.com/@stargoodfriend/post/DFB6m4xz9Rl,12星座能給你什麼😆,2025年1月20日 星期一 上午10:03,,,5460,143,229,2381,https://www.threads.com/@familymart_tw/post/DFE5tT8St6J,來全家座 能給你的,2025年1月21日 星期二 下午1:52,,"Photo by 全家便利商店_台灣 on January 20, 2025.",88,1,,
11_06_01_13wei,https://www.threads.com/@11_06_01_13wei/post/DFEtFJ9Pvxy,哭哭 我老公有送7-11、萊爾富、星巴克 剛好沒送全家,2025年1月21日 星期二 下午12:02,@familymart_tw,,11,1,,,https://www.threads.com/@familymart_tw/post/DFEti8Nyrrc,那就tag 老公讓他看到🙂‍↕️,2025年1月21日 星期二 下午12:06,,,4,,,
pin_yu131,https://www.threads.com/@pin_yu131/post/DFEq9GbTcoV,好閃～ @thpss93313 🤩,2025年1月21日 星期二 上午11:43,@familymart_tw好閃～,,6,1,,,https://www.threads.com/@familymart_tw/post/DFEswTvyI8o,情人節 Are you ready?,2025年1月21日 星期二 上午11:59,,,2,,,
shaojadee,https://www.threads.com/@shaojadee/post/DE_4ZQ3Naf6,"有奇答共賞之:
寫一個有 -ish 字尾的形容詞
答: fish
這位同學是怎麼進入高階英文班的? 🤔🤔🤔",2025年1月19日 星期日 下午3:05,,,16000,304,329,797,https://www.threads.com/@familymart_tw/post/DFC0iyhyw6o,我們的濃縮咖啡是ish,2025年1月20日 星期一 下午6:29,,"Photo by 全家便利商店_台灣 on January 20, 2025.",70,1,,1
sandy80807,https://www.threads.com/@sandy80807/post/DE35MnmPe-3,純草莓嗎！！不要是草莓優格😢😢😢,2025年1月16日 星期四 下午12:38,@familymart_tw純草莓嗎！！不要是草莓優格😢😢😢讚44回覆2轉發分享4,,44,2,,4,https://www.threads.com/@familymart_tw/post/DE4N26USmuH,莓好的草莓,2025年1月16日 星期四 下午3:38,,,17,,,1
marikavtuber,https://www.threads.com/@marikavtuber/post/DE16mvZS7id,"如何感受到我哥從美國回家了： 睡午覺的時候會被戳起床問要不要陪他去便利商店
每次回台灣第一件事都是想逛便利商店是什麼毛病 而且為什麼不能自己逛要我陪😡",2025年1月15日 星期三 下午6:12,,,10000,93,54,47,https://www.threads.com/@familymart_tw/post/DE4NjSmS0SX,全家歡迎你和你哥,2025年1月16日 星期四 下午3:36,,,735,4,,3
hami_yuu,https://www.threads.com/@hami_yuu/post/DE34yG-zPnm,我莓了🥺,2025年1月16日 星期四 下午12:34,@familymart_tw我莓了🥺讚回覆1轉發分享,,,1,,,https://www.threads.com/@familymart_tw/post/DE4NUWnypHO,不能莓有你,2025年1月16日 星期四 下午3:34,,,,,,
super.milk.tea,https://www.threads.com/@super.milk.tea/post/DFEtFyLyef5,好羨慕....,2025年1月21日 星期二 下午12:02,@familymart_tw,,7,1,,,https://www.threads.com/@familymart_tw/post/DFEteNPysXp,真的很閃😌,2025年1月21日 星期二 下午12:05,,,6,,,
ssnakeworkshop,https://www.threads.com/@ssnakeworkshop/post/DFEtN0vvn4H,男生們請不要模仿，我們挑不出女友覺得好看的照片😃,2025年1月21日 星期二 下午12:03,@familymart_tw,,203,1,,6,https://www.threads.com/@familymart_tw/post/DFEtauUyx_M,我幫你挑(？,2025年1月21日 星期二 下午12:05,,,20,,,
tzubae_100,https://www.threads.com/@tzubae_100/post/DFEsf5Fz7H5,偶像的也可以放嗎,2025年1月21日 星期二 上午11:57,@familymart_tw,,33,1,,,https://www.threads.com/@familymart_tw/post/DFEs0jLyl8m,可以！,2025年1月21日 星期二 下午12:00,,,10,,,
ymop9035,https://www.threads.com/@ymop9035/post/DE39lf9BqUv,莓天想你,2025年1月16日 星期四 下午1:16,@familymart_tw,,,1,,,https://www.threads.com/@familymart_tw/post/DE4NBLVy3OP,莓好的一天,2025年1月16日 星期四 下午3:31,,,1,,,
latz.2024,https://www.threads.com/@latz.2024/post/DE37oTgT6yR,世界莓有你 就像我不再是我自己,2025年1月16日 星期四 下午12:59,@familymart_tw,,,1,,,https://www.threads.com/@familymart_tw/post/DE4M7gOyyQm,莓有你 不莓好,2025年1月16日 星期四 下午3:30,,,2,1,,
miffy__67,https://www.threads.com/@miffy__67/post/DE33Wi7pb5B,愛你真的梅辦法..,2025年1月16日 星期四 下午12:22,@familymart_tw,,18,1,,1,https://www.threads.com/@familymart_tw/post/DE4M2zLy-ns,莓,2025年1月16日 星期四 下午3:30,,,8,,,
cciao.tw,https://www.threads.com/@cciao.tw/post/DE30kcfPdKH,"我讓自己喝醉 莓有你我就不能入睡～
心還在演唱會～ 請允許我在辦公室熱唱🎤",2025年1月16日 星期四 上午11:57,@familymart_tw,,3,1,,,https://www.threads.com/@familymart_tw/post/DE4M0Q6SKfE,老闆莓關係？,2025年1月16日 星期四 下午3:29,,,,,,
warnermusictw,https://www.threads.com/@warnermusictw/post/DE4Dt9yThV5,不喜歡莓有你的地方～,2025年1月16日 星期四 下午2:10,@familymart_tw,,56,2,,1,https://www.threads.com/@familymart_tw/post/DE4Mwi3ydZw,有莓有想我？,2025年1月16日 星期四 下午3:29,,,8,,,
potato_mart_au,https://www.threads.com/@potato_mart_au/post/DE4BoHkzNFu,人在澳洲莓辦法吃….😭,2025年1月16日 星期四 下午1:51,@familymart_tw,,1,1,,,https://www.threads.com/@familymart_tw/post/DE4MubMSkxA,莓關係 我幫你吃,2025年1月16日 星期四 下午3:28,,,8,,,
bigolivetw,https://www.threads.com/@bigolivetw/post/DE4IGvySMn2,莓關係 叮叮叮叮叮叮叮叮叮叮,2025年1月16日 星期四 下午2:48,@familymart_tw,,43,1,,1,https://www.threads.com/@familymart_tw/post/DE4MrvvSCbM,莓有影片？,2025年1月16日 星期四 下午3:28,,,3,,,1
dongyuewang_ig,https://www.threads.com/@dongyuewang_ig/post/DE2TJizzf-Y,"全家
全家 不可能給我這樣取名字",2025年1月15日 星期三 下午9:46,,"Photo by 王東岳 on January 15, 2025.",21000,242,1612,6651,https://www.threads.com/@familymart_tw/post/DE4ECqlyo9u,以防有人想在凌晨三點吃美味蟹煲,2025年1月16日 星期四 下午2:13,,,3035,10,28,81
weiweiwei_a_moment,https://www.threads.com/@weiweiwei_a_moment/post/DE1VfhZyGNW,全家櫃檯 - 阿北👨🏻‍🦱：我要一杯熱的摩…摩…摩鐵 店員👩🏼：摩卡嗎？ - 🤡🤡🤡 1 / 2,2025年1月15日 星期三 下午12:47,,,1553,29,11,180,https://www.threads.com/@familymart_tw/post/DE30iPhSv99,圖片支援🫴🏻,2025年1月16日 星期四 上午11:57,,"Photo by 全家便利商店_台灣 on January 15, 2025.",106,2,2,7
yrchen1206,https://www.threads.com/@yrchen1206/post/DE3yvLmz98U,顏色好漂亮😍,2025年1月16日 星期四 上午11:41,@familymart_tw,,3,1,,,https://www.threads.com/@familymart_tw/post/DE3zL0_SivM,好吃😋,2025年1月16日 星期四 上午11:45,,,,,,
shopee_tw,https://www.threads.com/@shopee_tw/post/DE3t88qPa5f,幫低調,2025年1月16日 星期四 上午11:00,@o_0sa.lover,,5776,7,6,49,https://www.threads.com/@familymart_tw/post/DE3zE1fylpD,寶午安 我在全家,2025年1月16日 星期四 上午11:44,,,2433,8,4,28
___.8nn,https://www.threads.com/@___.8nn/post/DE1Ilcyzrsf,"來試試脆友分享的吃法 烏魚子搭全家的蘋果乳酪 拜託大家都去試🤤
（一大早就這麼幸福是可以的嗎）",2025年1月15日 星期三 上午10:55,,"Photo by 𝗠 𝗶 𝗻 on January 14, 2025. | Photo by 𝗠 𝗶 𝗻 on January 14, 2025. | Photo by 𝗠 𝗶 𝗻 on January 14, 2025. | Photo by 𝗠 𝗶 𝗻 on January 14, 2025. | Photo by 𝗠 𝗶 𝗻 on January 14, 2025.",4366,84,175,3607,https://www.threads.com/@familymart_tw/post/DE12535S7Yy,優秀💚💙,2025年1月15日 星期三 下午5:39,,,87,,,6
regina_rainywar,https://www.threads.com/@regina_rainywar/post/DEzaXzpS8Q2,"事情是這樣的，剛剛去全家買東西，老公突然想吃雪糕所以拿了一隻，但我沒看到。
結帳的時候。
店員：「飯糰需要微波嗎？」 我：「對，這些全部都要微波。」
店員：「呃…這邊全部嗎？」 我：「對，全部。」
店員轉身把飯糰跟湯放進微波爐後，背影看起來掙扎了很久，然後拿著雪糕轉身問我：
「呃…那請問這個有需要吸管嗎？」 「……。」 「？？？」
*在櫃檯笑成瘋子* 1 / 2",2025年1月14日 星期二 下午6:51,,,20000,162,324,1044,https://www.threads.com/@familymart_tw/post/DE088T3y2cD,有一種求救，叫做「你的雪糕需要吸管嗎？」,2025年1月15日 星期三 上午9:13,,,2209,3,9,23
priya.tw_elf,https://www.threads.com/@priya.tw_elf/post/DEw9f1svPst,"脆上巡了一遍，有關發熱衣，大家的推薦： Uniqlo NET 思夢樂 全家
同事說她穿的發熱衣沒用，問她哪裡買的：淘寶😮‍💨 全家都有得買了怎麼會去買淘寶😖😖😖",2025年1月13日 星期一 下午8:01,,,3628,132,84,415,https://www.threads.com/@familymart_tw/post/DEy9iMsSExw,真的！還是家最溫暖啊😌 翻譯,2025年1月14日 星期二 下午2:40,,"Photo by 全家便利商店_台灣 on January 13, 2025.",211,1,1,24
ahahahahman,https://www.threads.com/@ahahahahman/post/DEyWZCKS7gV,看到全家小編的求生意志頑強🤟,2025年1月14日 星期二 上午8:57,@familymart_tw,,5,1,,,https://www.threads.com/@familymart_tw/post/DEylxDtShrm,我熱愛上班,2025年1月14日 星期二 上午11:12,,,4,,,
latadog_sun,https://www.threads.com/@latadog_sun/post/DEwvxJtzzJb,報價呢,2025年1月13日 星期一 下午6:01,@familymart_tw,,,1,,,https://www.threads.com/@familymart_tw/post/DEylueWSIp3,Email詢問喔😁,2025年1月14日 星期二 上午11:11,,,,,,
ward.of.ju,https://www.threads.com/@ward.of.ju/post/DEwm_GXzTvU,投放在哪🫨🫨🫨,2025年1月13日 星期一 下午4:44,@familymart_tw,,,1,,,https://www.threads.com/@familymart_tw/post/DEylsrUSTd5,全家,2025年1月14日 星期二 上午11:11,,,,1,,
notphilosopher,https://www.threads.com/@notphilosopher/post/DEtfH8izI9P,"尼采：沒有事實，全是詮釋
：全是什麼 ：詮釋 ：什麼詮釋 ：全是詮釋",2025年1月12日 星期日 上午11:38,,,1928,10,149,72,https://www.threads.com/@familymart_tw/post/DEwnOMLyl-v,"小編：我全家人！
：你全家人怎樣？ ：我全家人…很開心啊？ ：你是說你家裡的人都很開心？ ：不是 ：那開心的到底是誰 ：我 ：你是誰？ ：我全家人",2025年1月13日 星期一 下午4:46,,,173,,,5
f597,https://www.threads.com/@f597/post/DEuZMVczQM6,"備婚日記
# 在紐約時代廣場買廣告求婚要多少錢⁉️ 15秒1200$台幣👌🏻👏🏻
好好玩 CP值啵高！ 我到底有多愛必當必塞😍
備婚日記 1 / 2",2025年1月12日 星期日 下午8:11,,,19000,116,488,3371,https://www.threads.com/@familymart_tw/post/DEwD-hlSEdW,💚工商服務時間： 💙全家客製化廣告，可在全台店舖投放 📧請洽 cpm@family.com.tw,2025年1月13日 星期一 上午11:38,,,442,8,9,35
chengwei1207,https://www.threads.com/@chengwei1207/post/DEuzWYvyTbP,24億是什麼意思 我夢遊買了哪間公司了嗎 1 / 2,2025年1月12日 星期日 下午11:54,,"Photo by 高承暐 on January 12, 2025.",15000,138,182,580,https://www.threads.com/@familymart_tw/post/DEwDqJRShcg,我只看到 全家 💚💙,2025年1月13日 星期一 上午11:35,,,6466,6,,8
hcc681011,https://www.threads.com/@hcc681011/post/DEtLr3oyC1k,"那怎麼沒有炸雞蛋
紐約一名女子把KFC告上法庭，稱叫”全家桶”的產品卻完全不夠全家吃，涉嫌虛假宣傳，於是提起訴訟，要求賠償2000萬鎂。
對此，KFC回應：”全家桶”是指雞的全家。
那怎麼沒有炸雞蛋",2025年1月12日 星期日 上午8:48,,,69000,315,2086,17000,https://www.threads.com/@familymart_tw/post/DEuUmapS5Dh,有沒有想過雞跟全家的感受🥺,2025年1月12日 星期日 下午7:25,,,2700,12,7,32
yuchen_1211,https://www.threads.com/@yuchen_1211/post/DEmebBPPLmk,"到一定年紀，朋友會越來越少。
從合群，到B群 從努力，到維骨力 從寶貝心肝，到斯斯保肝 從好樂迪狂歡，到京都念慈菴",2025年1月9日 星期四 下午6:17,,,12000,145,858,17000,https://www.threads.com/@familymart_tw/post/DEokmwPS_WF,從你家，到全家 全家就是你家 翻譯,2025年1月10日 星期五 下午1:49,,,1029,4,3,10
yaaaustopit,https://www.threads.com/@yaaaustopit/post/DEmxWJChX8X,這個群組好像已經6年還是7年了 六個陌生人大家很固定一年出現一次付錢 而且都當日速匯 我記得收錢那個是我們爬梯子選出來的🤣 運氣真的很好一口氣碰到這麼多配合度很高的陌生家人🥺 1 / 2,2025年1月9日 星期四 下午9:02,,"Photo by 🤍🩶 on January 09, 2025.",56000,7656,1043,3223,https://www.threads.com/@familymart_tw/post/DEofjhfybHz,借搭版～幫我們 Family 徵家人 每天只要一杯咖啡的錢 35-60 元 / 天 就可以每天喝咖啡，可現場付款或 App 寄杯 意者請私（私下來全家）,2025年1月10日 星期五 下午1:05,,,1075,9,1,17
allen_1221,https://www.threads.com/@allen_1221/post/DEnKKySTxhi,"有錢人的苦
有錢人的苦 1 / 2",2025年1月10日 星期五 上午12:39,,,31000,239,1417,6033,https://www.threads.com/@familymart_tw/post/DEofcojS2J0,來全家只要 35 元起，就可以體驗有錢人吃的苦喔！ 也可以順便帶你的信用卡帳單來繳，苦味會更加濃醇,2025年1月10日 星期五 下午1:04,,,2402,12,35,85
,https://www.threads.com/@dddramaaaisme/post/DET2LoOTR3s,全家錢錢放大術,2025年1月2日 星期四 下午12:39,,"Photo by Drama 迷 on January 01, 2025. | Photo by Drama 迷 on January 01, 2025. | Photo by Drama 迷 on January 01, 2025. | Photo by Drama 迷 on January 01, 2025.",132,135,34,4007,https://www.threads.com/@familymart_tw/post/DEoQeVoSVxT,◉ 領獎方式： 中獎人需於得獎公告文發布後的24小時內，截圖或螢幕錄影Threads帳號主畫面，內容需涵蓋中獎人Threads帳號名稱、中獎脆文，以及點擊該篇貼文功能鍵 (右上角三個點點) 後進入畫面，範例如下。若中獎人提供之資料不完整，基於活動公平考量，主辦方有權不發送獎勵。,2025年1月10日 星期五 上午10:53,,,6,1,,
,https://www.threads.com/@yin10.23/post/DEclVP7vipD,全家錢錢放大術,2025年1月5日 星期日 下午10:05,,,15,10,2,2,https://www.threads.com/@familymart_tw/post/DEoQKeLyJBR,"◉ 好運獎十名 全家禮物卡兩千元： @lazy.food （threads.net/@lazy…） @arabella.018 （threads.net/@arab…） @manopiccola983366 （threads.net/@mano…） @hirano_yu_714 （threads.net/@hira…） 2 / 3
無法顯示貼文
2 則回覆",2025年1月10日 星期五 上午10:51,,,5,2,,
1yyfff,https://www.threads.com/@1yyfff/post/DElj1o7BdiI,"這是回覆已無法顯示的貼文
謝謝 這讓我翻身了 我從本來只能吃友善時光 到現在開始有點想偷東西了",2025年1月9日 星期四 上午9:45,,,3982,15,39,210,https://www.threads.com/@familymart_tw/post/DEmS7xhS1_9,溫馨提醒：友善食光,2025年1月9日 星期四 下午4:36,,,126,,,6
yc__1125,https://www.threads.com/@yc__1125/post/DEhdJgQSmo0,"跟男友去吃藏壽司 剛好坐在最靠近內場的那個位子
我：哇好近哦寶寶我們可以看看有沒有人在摸魚 男友：寶寶 他們每個人都在摸魚",2025年1月7日 星期二 下午7:29,,,26000,69,1103,2147,https://www.threads.com/@familymart_tw/post/DEjo-EKSOnn,我們每個人都在家上班,2025年1月8日 星期三 下午3:51,,,2015,9,9,24
angel__calories,https://www.threads.com/@angel__calories/post/DEhmIDIT8dA,"超商霜淇淋
超商霜淇淋 啊我怎麼就每個月都收集到了 一年下來最喜歡什麼口味",2025年1月7日 星期二 下午8:48,,"Photo by 𝒜𝓃𝑔𝑒𝓁食物卡路里 ˙Ⱉ˙吃播開箱 ❘ 熱量 ❘ 飲控 ❘ 超商 ❘ 團購 on January 07, 2025. | Photo by 𝒜𝓃𝑔𝑒𝓁食物卡路里 ˙Ⱉ˙吃播開箱 ❘ 熱量 ❘ 飲控 ❘ 超商 ❘ 團購 on January 07, 2025. | Photo by 𝒜𝓃𝑔𝑒𝓁食物卡路里 ˙Ⱉ˙吃播開箱 ❘ 熱量 ❘ 飲控 ❘ 超商 ❘ 團購 on January 07, 2025. | Photo by 𝒜𝓃𝑔𝑒𝓁食物卡路里 ˙Ⱉ˙吃播開箱 ❘ 熱量 ❘ 飲控 ❘ 超商 ❘ 團購 on January 07, 2025. | Photo by 𝒜𝓃𝑔𝑒𝓁食物卡路里 ˙Ⱉ˙吃播開箱 ❘ 熱量 ❘ 飲控 ❘ 超商 ❘ 團購 on January 07, 2025. | Photo by 𝒜𝓃𝑔𝑒𝓁食物卡路里 ˙Ⱉ˙吃播開箱 ❘ 熱量 ❘ 飲控 ❘ 超商 ❘ 團購 on January 07, 2025. | Photo by 𝒜𝓃𝑔𝑒𝓁食物卡路里 ˙Ⱉ˙吃播開箱 ❘ 熱量 ❘ 飲控 ❘ 超商 ❘ 團購 on January 07, 2025. | Photo by 𝒜𝓃𝑔𝑒𝓁食物卡路里 ˙Ⱉ˙吃播開箱 ❘ 熱量 ❘ 飲控 ❘ 超商 ❘ 團購 on January 07, 2025. | Photo by 𝒜𝓃𝑔𝑒𝓁食物卡路里 ˙Ⱉ˙吃播開箱 ❘ 熱量 ❘ 飲控 ❘ 超商 ❘ 團購 on January 07, 2025.",702,10,30,134,https://www.threads.com/@familymart_tw/post/DEi542EzMy0,哇！感謝你對全家Fami!ce的支持🍦💚💙,2025年1月8日 星期三 上午9:00,,,70,2,,
andau_560,https://www.threads.com/@andau_560/post/DEe6rrZJg6k,"我從今天開始要軍事化管理我的身材
上校雞塊 部隊火鍋 兵淇淋 兵旋風 兵美式 彈塔 1 / 2",2025年1月6日 星期一 下午7:50,,,4910,75,400,1133,https://www.threads.com/@familymart_tw/post/DEhgUPhS79z,"為了支援你各位，我們還提供以下軍事化配給：
香菇雞盾湯 砲芙 砲麵 茶葉彈 蜜艦 兵紛樂 刀削麵",2025年1月7日 星期二 下午7:57,,,1005,4,6,23
bbbbeeelle,https://www.threads.com/@bbbbeeelle/post/DEcSnVgy8kb,"很久之前在KTV和新認識的朋友聊天 吵鬧之中我說了一句 ：「對啊，我就是那種刀子嘴豆乳雞的人」
（幹⋯那麼吵他們應該沒聽到吧？）
突然聽到一句：「要嗎？點一盤豆乳雞來吃啊」 我：「好啊，配酒很讚⋯」",2025年1月5日 星期日 下午7:21,,,4547,33,182,561,https://www.threads.com/@familymart_tw/post/DEee5XVSlUS,：你們是不是有賣那個史萊姆麵包 ：克林姆麵包。對，我們有賣。,2025年1月6日 星期一 下午3:47,,,354,2,1,4
_.ninnng,https://www.threads.com/@_.ninnng/post/DEZbCdZT68K,我：哈囉 我要取貨 店員：手機號碼末三碼及貴姓？ 顧客：123葉,2025年1月4日 星期六 下午4:37,,,10000,84,269,699,https://www.threads.com/@familymart_tw/post/DEb183KyrIr,搞得我不幫忙拍幾張照好像都說不過去,2025年1月5日 星期日 下午3:11,,,1660,3,3,13
mengzhangdong,https://www.threads.com/@mengzhangdong/post/DETigNXz7aX,,2025年1月2日 星期四 上午9:47,,"Photo by 董孟璋 on January 01, 2025.",38000,94,1550,2868,https://www.threads.com/@familymart_tw/post/DEUaBXty4Ur,,2025年1月2日 星期四 下午5:52,,"Photo by 全家便利商店_台灣 on January 02, 2025.",4428,11,80,104
hrka1236,https://www.threads.com/@hrka1236/post/DEO_4yppIhz,"這是回覆已無法顯示的貼文
多少錢呀？",2024年12月31日 星期二 下午3:27,,,,1,,,https://www.threads.com/@familymart_tw/post/DEPA6whvQkh,販售價格：149元💰,2024年12月31日 星期二 下午3:36,,,12,3,,
slime2024tw,https://www.threads.com/@slime2024tw/post/DEO_0b_yD3N,"這是回覆已無法顯示的貼文
我一直以為是楊桃與橘子 ⭐🍊",2024年12月31日 星期二 下午3:27,,,50,1,,,https://www.threads.com/@familymart_tw/post/DEO_9e7vz4W,我們是便利商店🏪✨,2024年12月31日 星期二 下午3:28,,,28,,,
bryan7533967,https://www.threads.com/@bryan7533967/post/DEMTT9CSpXs,還有自問自答….,2024年12月30日 星期一 下午2:19,@roda925,"Photo by JhihFu Wu on December 29, 2024.",13000,67,760,2198,https://www.threads.com/@familymart_tw/post/DEOVf_sSpt-,全家有賣牛奶嗎？有的，全家有賣冰嗎？有的，全家有賣麵包嗎？有的。,2024年12月31日 星期二 上午9:17,,,96,1,1,
chen_a_07,https://www.threads.com/@chen_a_07/post/DECzta5TehB,中文發音的奧妙,2024年12月26日 星期四 下午9:50,,"Photo by Justin Chen on December 26, 2024.",26000,511,889,2239,https://www.threads.com/@familymart_tw/post/DEG5N6RSsGS,請全部用三聲唸出來： 儘管你手裡只有五百五，等等也可以買九款水果酒，請你好友飲點小酒、品點可口水餃、抹點可果美，彼此好好繾綣整晚,2024年12月28日 星期六 上午11:55,,"Photo by 全家便利商店_台灣 on December 27, 2024. | Photo by 全家便利商店_台灣 on December 27, 2024. | Photo by 全家便利商店_台灣 on December 27, 2024.",645,8,20,45
ktengunnnnnnnnnnnn,https://www.threads.com/@ktengunnnnnnnnnnnn/post/DEAS4dFyzF-,"聽到隔壁桌說「我剛剛跟男友去板耶」
板耶⋯板耶⋯板⋯⋯耶⋯⋯ 難道是⋯板橋⋯耶⋯誕城⋯？
台北人的簡語是比耶誕城更邪惡的存在( ･᷄֊･᷅ )",2024年12月25日 星期三 下午10:25,,,9961,175,300,1150,https://www.threads.com/@familymart_tw/post/DECbCWcS5_b,有沒有可能是全家板巧克力夾心土司耶～,2024年12月26日 星期四 下午6:15,,"Photo by 全家便利商店_台灣 on December 26, 2024.",733,11,,16
l.shiang,https://www.threads.com/@l.shiang/post/DD1BoWSzdma,@jessica27212520 抽飛天小女警存錢筒🥰🥰🥰,2024年12月21日 星期六 下午1:22,@familymart_tw,,1,1,,,https://www.threads.com/@familymart_tw/post/DD_ZpLRy2qZ,恭喜中獎！請24小時傳送個人收件資料到上述信箱📬,2024年12月25日 星期三 下午2:05,,,1,1,,
zn1yo_,https://www.threads.com/@zn1yo_/post/DD6YQtavLGK,人類貓條： 1 / 2,2024年12月23日 星期一 下午3:16,,"Photo by 右幼又柚移 on December 22, 2024. | Photo by 右幼又柚移 on December 22, 2024.",6401,21,572,385,https://www.threads.com/@familymart_tw/post/DD9R3AFyK8-,人類肉泥,2024年12月24日 星期二 下午6:18,,"Photo by 全家便利商店_台灣 on December 24, 2024.",609,6,1,16
ywyell,https://www.threads.com/@ywyell/post/DD8bVtwzI4F,大家有找到全家會員app內的吉伊卡哇專區嗎⋯⋯ 1 / 3,2024年12月24日 星期二 上午10:22,,,158,17,,9,https://www.threads.com/@familymart_tw/post/DD9RL4tSX-o,明天10:00才會出現喔～,2024年12月24日 星期二 下午6:12,,,238,2,,5
yhlin0904,https://www.threads.com/@yhlin0904/post/DD69-IdSOzw,想不出來要裝什麼🤔,2024年12月23日 星期一 下午8:46,@syuan_200253,,,2,,,https://www.threads.com/@familymart_tw/post/DD9AiXwSTRs,可以當擺飾🥹,2024年12月24日 星期二 下午3:47,,,,,,
yukikao52,https://www.threads.com/@yukikao52/post/DD68IFMvPT5,"全家吉伊卡哇
如果只能擇二 你們會選什麼？！ 我想要餐具組跟盤子 可又覺得盤子不實用🫢 還是傘比較好？？～ 怎麼辦我有選擇障礙也有預算考量😰 全家吉伊卡哇",2024年12月23日 星期一 下午8:30,,"Photo by @yukikao52 on December 23, 2024.",158,52,1,12,https://www.threads.com/@familymart_tw/post/DD9AaxiSABC,還是你來追蹤全家脆 因為小編要來抽吉伊卡哇商品👀,2024年12月24日 星期二 下午3:46,,,135,1,,1
mummu___87,https://www.threads.com/@mummu___87/post/DD6fLpiT200,昨天客人點餐時 ：老闆你們有賣馬爾濟斯嗎？ ：沒有 我賣生魚片沒賣狗 ：不是啦 那個喝的 叫什麼來著 比爾蓋茲嗎 ：可爾必思嗎…. ：對啦對啦 可爾必思,2024年12月23日 星期一 下午4:17,,,21000,239,801,2902,https://www.threads.com/@familymart_tw/post/DD89VGiyyK3,可爾必思～可爾必思～ 可爾 必一必二必三 可爾必思～,2024年12月24日 星期二 下午3:19,,,278,3,1,8
chiikawa_manga,https://www.threads.com/@chiikawa_manga/post/DD34JXnRXIu,chiikawa漫畫合集 全家便利店聯乘店員篇🧢 我個人是超愛這系列啦 穿制服的寶寶們無敵可愛🥹 p1不愧是打工達人獅薩 是前輩呢🥰就是你的沖繩口音好重啊哈哈哈🤣 p2不按理出牌就是兔的原則😏小八和chii的練習完全派不上用場啊喂😂😂 p3認真臉的八&吉超迷人的啦 遇到這樣的店員會想擄走🥰兔在某程度上￼￼跟桃有點像呢 都是大嗓門 吵到師傅了啦🤣 1 / 2,2024年12月22日 星期日 下午3:57,,"Photo by chiikawa漫畫繁中漢化 on December 21, 2024. | Photo by chiikawa漫畫繁中漢化 on December 21, 2024. | Photo by chiikawa漫畫繁中漢化 on December 21, 2024.",2166,26,165,904,https://www.threads.com/@familymart_tw/post/DD6VyIYSnsn,順帶一提，我們要賣吉伊卡哇了😌,2024年12月23日 星期一 下午2:55,,"Photo by 全家便利商店_台灣 on December 22, 2024.",289,7,9,32
chloe777000,https://www.threads.com/@chloe777000/post/DD58p5iSzOT,"吉伊卡哇 ちいかわ chiikawa
全家被吉伊卡哇徹底攻佔了🤣🤣🤣 是說寶寶真的都超福態 福氣系列😍😍
吉伊卡哇 ちいかわ chiikawa",2024年12月23日 星期一 上午11:15,,"Photo by Chloe Chi on December 22, 2024. | Photo by Chloe Chi on December 22, 2024. | Photo by Chloe Chi on December 22, 2024. | Photo by Chloe Chi on December 22, 2024. | Photo by Chloe Chi on December 22, 2024. | Photo by Chloe Chi on December 22, 2024. | Photo by Chloe Chi on December 22, 2024. | Photo by Chloe Chi on December 22, 2024. | Photo by Chloe Chi on December 22, 2024.",2474,97,222,4067,https://www.threads.com/@familymart_tw/post/DD6REd6yVSG,超可愛- ̫-,2024年12月23日 星期一 下午2:13,,"Photo by 全家便利商店_台灣 on December 22, 2024.",104,1,1,13
iwant.seo,https://www.threads.com/@iwant.seo/post/DD1yWVCTeM5,"世界名著越來越少人看是因為可能需要改名。
例如：
嬌弱美人之回歸豪門 - 紅樓夢 我成了偏執學長的心尖寵 - 海底兩萬里 流落荒島之我與男僕的故事 - 魯賓遜漂流記 總有反派要搶我師尊 - 西遊記 重生之我成了大財主 - 基督山伯爵 瘋學長每年都想奪我命 - 哈利波特 把妹把到鬼 - 倩女幽魂
大家還有什麼推薦的名著？ 1 / 2",2024年12月21日 星期六 下午8:28,,,27000,515,3144,10000,https://www.threads.com/@familymart_tw/post/DD6GF4Zyehi,霸總寵翻我全家 - 全家便利商店,2024年12月23日 星期一 下午12:38,,,236,3,,11
yenyenyenting,https://www.threads.com/@yenyenyenting/post/DD3f2qAy6BH,這是不是全台灣最安全的全家 1 / 3,2024年12月22日 星期日 下午12:25,,,10000,93,125,408,https://www.threads.com/@familymart_tw/post/DD6F-M3SThN,我們請關大哥出示載具，看來他誤會了。,2024年12月23日 星期一 下午12:37,,,603,3,3,8
shopee_tw,https://www.threads.com/@shopee_tw/post/DDyL045P5H2,我們全家感謝你🙏（但不是全家小編,2024年12月20日 星期五 上午10:54,@17.mkc,,7885,17,11,70,https://www.threads.com/@familymart_tw/post/DDyN-qdyXoH,全家小編在這👋 (哈囉,2024年12月20日 星期五 上午11:13,,,3638,9,1,19
hyukohtw,https://www.threads.com/@hyukohtw/post/DDvzghtT8Ls,在台灣全家前拍的成家照 ( ;ᯅ; )‬ ♡ ⋆* ❅ 󠀠 ©️wedding_nini,2024年12月19日 星期四 下午12:43,,"Photo by HYUKOH TAIWAN on December 18, 2024. | Photo by HYUKOH TAIWAN on December 18, 2024. | Photo by HYUKOH TAIWAN on December 18, 2024. | Photo by HYUKOH TAIWAN on December 18, 2024. | Photo by HYUKOH TAIWAN on December 18, 2024. | Photo by HYUKOH TAIWAN on December 18, 2024. | Photo by HYUKOH TAIWAN on December 18, 2024. | Photo by HYUKOH TAIWAN on December 18, 2024.",13000,38,851,1210,https://www.threads.com/@familymart_tw/post/DDwCvY-SmPY,祝你們全家都幸福 ❤️,2024年12月19日 星期四 下午2:56,,,901,,1,22
,https://www.threads.com/@familymart_tw/post/DDqovFAS3IO,familymart_tw Energy牛奶 邀請您 一『童』響應愛心鮮乳捐贈💛 一起讓更多人透過認購愛心鮮乳券 照顧台灣各地弱勢家庭孩童的營養補給！提供實質幫助，也讓孩子感受社會滿滿的關愛💗快樂健康成長！ 每份認購「愛心鮮乳券」內含2瓶96ml及1瓶300ml的鮮乳坊鮮乳 讓弱勢家庭孩童在全家便利商店就近能領取每日新鮮配送的鮮乳坊-桂芳鮮乳🥛 1 / 2 3,2024年12月17日 星期二 下午12:32,,"Photo by 全家便利商店_台灣 on December 16, 2024.",149,3,17,10,https://www.threads.com/@familymart_tw/post/DDriCc5yNCW,謝謝牛奶💚💙讓世界充滿更多正能量,2024年12月17日 星期二 下午8:53,,,43,,,
allen710316,https://www.threads.com/@allen710316/post/DDmQRUAJTth,"我的存款
已經夠買一半的瑪沙拉蒂了
大概是沙拉的部分",2024年12月15日 星期日 下午7:42,,,22000,163,1313,2749,https://www.threads.com/@familymart_tw/post/DDokrUjyDc7,上全家行動購 您還能全款拿下超過一半的瑪莎拉蒂 大概是瑪莎拉的部分,2024年12月16日 星期一 下午5:18,,"Photo by 全家便利商店_台灣 on December 16, 2024.",3162,17,42,101
wei_foodi31,https://www.threads.com/@wei_foodi31/post/DDeeiVPy1sz,"這是回覆已無法顯示的貼文
全家",2024年12月12日 星期四 下午7:12,,,1,1,,,https://www.threads.com/@familymart_tw/post/DDga3TLSyHd,必須給個🫰🏻,2024年12月13日 星期五 下午1:19,,,3,1,,
zhan1203__,https://www.threads.com/@zhan1203__/post/DDeWinBzMLq,我愛你💕💕💕 不愛我也沒關係，因為我為你瘋狂,2024年12月12日 星期四 下午6:03,@familymart_tw我愛你💕💕💕,,,1,,,https://www.threads.com/@familymart_tw/post/DDeZz6ry5SN,為我全家瘋狂？,2024年12月12日 星期四 下午6:31,,,1,,,
dreamtrend_tw,https://www.threads.com/@dreamtrend_tw/post/DDeS-Tnzjxw,髮品業小編 一秒看到離子夾,2024年12月12日 星期四 下午5:31,@familymart_tw髮品業小編,,1,1,,,https://www.threads.com/@familymart_tw/post/DDeZw8Qyj4Z,有準吧,2024年12月12日 星期四 下午6:31,,,1,,,
foody_tw,https://www.threads.com/@foody_tw/post/DDeRRKyPfY6,就算重發 我看到的一樣是塊！陶！明！天！不！想！上！班！,2024年12月12日 星期四 下午5:16,@familymart_tw就算重發,,19,1,,,https://www.threads.com/@familymart_tw/post/DDeZt4uSf4y,太大聲了寶寶,2024年12月12日 星期四 下午6:30,,,1,,,
npm_south,https://www.threads.com/@npm_south/post/DDeXSTThoSZ,石頭SOHOT,2024年12月12日 星期四 下午6:09,@familymart_tw石頭SOHOT讚92回覆2轉發1分享,"Photo by 國立故宮博物院南部院區 on December 12, 2024.",92,2,1,,https://www.threads.com/@familymart_tw/post/DDeZqwhyO9E,我可以帶回全家嗎？,2024年12月12日 星期四 下午6:30,,,4,1,,
1111.com.tw,https://www.threads.com/@1111.com.tw/post/DDeYyG6zQtp,水餃沾不沾醬油?? 🥟🤤,2024年12月12日 星期四 下午6:22,@familymart_tw水餃沾不沾醬油??,,,1,,,https://www.threads.com/@familymart_tw/post/DDeZnNgy26J,一起吃水餃？,2024年12月12日 星期四 下午6:29,,,1,1,,
lx40776,https://www.threads.com/@lx40776/post/DDd_npWS50M,"這是回覆已無法顯示的貼文
我看到媽媽……",2024年12月12日 星期四 下午2:42,,,,1,,,https://www.threads.com/@familymart_tw/post/DDeDV7OysdE,乖,2024年12月12日 星期四 下午3:15,,,,,,
amtourister_tw,https://www.threads.com/@amtourister_tw/post/DDd_i-YSGxA,"這是回覆已無法顯示的貼文
羅馬!!! 雖然不能當晚餐，但可以去那吃晚餐🤣",2024年12月12日 星期四 下午2:42,,,,1,,,https://www.threads.com/@familymart_tw/post/DDeDUepSaRH,高級,2024年12月12日 星期四 下午3:15,,,,,,
costze1,https://www.threads.com/@costze1/post/DDeC1lHTpuq,"這是回覆已無法顯示的貼文
霜淇淋膽大包天寶貝🤔️？？？",2024年12月12日 星期四 下午3:10,,,,1,,,https://www.threads.com/@familymart_tw/post/DDeDTjASGAy,寶貝來吃霜淇淋,2024年12月12日 星期四 下午3:14,,,,,,
cocotea.tw,https://www.threads.com/@cocotea.tw/post/DDeAbnaScB1,"這是回覆已無法顯示的貼文
請問 美洲豹子 有賣嗎?",2024年12月12日 星期四 下午2:49,,,6,1,,,https://www.threads.com/@familymart_tw/post/DDeDRSaSRed,你可以先喝全家燒仙草🫰🏻,2024年12月12日 星期四 下午3:14,,,,1,,
a10020996,https://www.threads.com/@a10020996/post/DDeX4WVzx0i,冰心乳酪？ 翻譯,2024年12月12日 星期四 下午6:14,@familymart_tw,,,1,,,https://www.threads.com/@familymart_tw/post/DDeZ9v6Sgdm,好吃,2024年12月12日 星期四 下午6:32,,,,,,
vickyms52,https://www.threads.com/@vickyms52/post/DDeTO5pzLNc,豹子膽,2024年12月12日 星期四 下午5:34,@familymart_tw,,,1,,,https://www.threads.com/@familymart_tw/post/DDeZ7jHyCdP,高級,2024年12月12日 星期四 下午6:32,,,2,,,
wild_0401,https://www.threads.com/@wild_0401/post/DDeVtwwSWb7,啦啦隊,2024年12月12日 星期四 下午5:55,@familymart_tw,,,1,,,https://www.threads.com/@familymart_tw/post/DDeZ6xYyZTc,炸裂🔥 翻譯,2024年12月12日 星期四 下午6:32,,,1,,,
miakr.lww,https://www.threads.com/@miakr.lww/post/DDeQijdTXJK,豹子膽大包天,2024年12月12日 星期四 下午5:10,@familymart_tw,,1,1,,,https://www.threads.com/@familymart_tw/post/DDeZ5BHSnMg,今晚幹大事（？,2024年12月12日 星期四 下午6:32,,,1,,,
chia_2ooo_3,https://www.threads.com/@chia_2ooo_3/post/DDeQh8kTm1A,酷繽沙..,2024年12月12日 星期四 下午5:10,@familymart_tw,,,1,,,https://www.threads.com/@familymart_tw/post/DDeZ37ES1d9,好吃😋,2024年12月12日 星期四 下午6:32,,,1,,,
lindada2322,https://www.threads.com/@lindada2322/post/DDeSw9Wy1ta,看兩遍都是茶葉蛋😳,2024年12月12日 星期四 下午5:30,@familymart_tw,,,1,,,https://www.threads.com/@familymart_tw/post/DDeZ3HhSode,必須買了吧寶,2024年12月12日 星期四 下午6:32,,,2,1,,
seijitsu2112,https://www.threads.com/@seijitsu2112/post/DDd-kNYzu_Q,"這是回覆已無法顯示的貼文
牛花生什麼素魷魚",2024年12月12日 星期四 下午2:33,,,,1,,,https://www.threads.com/@familymart_tw/post/DDd_ZaDyo2O,你是不是想看魷魚遊戲2？！,2024年12月12日 星期四 下午2:40,,,,,,
dr_chang_chien,https://www.threads.com/@dr_chang_chien/post/DDcI74sSGhu,"燒仙草
晚上看到脆友分享全家燒仙草 被燒到，立馬出門買了一杯。
跟店員說要買的時候他還稍微愣了一下，可能是今天新上市的產品吧🤣。還好我買的時候店裡沒人，不會讓店員太忙碌😅
是用咖啡杯裝的，用大吸管可以吸，但我拿回家慢慢享用，餡料有紅豆，芋圓還有小顆仙草，沒有廣大脆友害怕的豆類在裡面，不會太甜，我覺得不錯而且方便👍 1 / 2",2024年12月11日 星期三 下午9:30,,,460,47,1,346,https://www.threads.com/@familymart_tw/post/DDd_UlIyAjD,全家覺得讚,2024年12月12日 星期四 下午2:40,,,20,1,,
tasooneone,https://www.threads.com/@tasooneone/post/DDd-tsXykMG,"這是回覆已無法顯示的貼文
美洲豹子膽",2024年12月12日 星期四 下午2:34,,,,1,,,https://www.threads.com/@familymart_tw/post/DDd_HipSLmd,今晚幹大事,2024年12月12日 星期四 下午2:38,,,,,,
zingala_0card,https://www.threads.com/@zingala_0card/post/DDd5w-MPkDR,"這是回覆已無法顯示的貼文
貝果!!! 就決定是你了""多重起司貝果堡""",2024年12月12日 星期四 下午1:51,,,1,1,,,https://www.threads.com/@familymart_tw/post/DDd_EVlyV1g,記得買😄,2024年12月12日 星期四 下午2:37,,,1,,,
pchot_gaming,https://www.threads.com/@pchot_gaming/post/DDd7lK5SSHZ,"這是回覆已無法顯示的貼文
那個女孩????",2024年12月12日 星期四 下午2:07,,,,1,,,https://www.threads.com/@familymart_tw/post/DDd_AFsyDiT,在這裡🙂‍↕️,2024年12月12日 星期四 下午2:37,,,1,,,
dffhi.fish,https://www.threads.com/@dffhi.fish/post/DDd-McUS6_F,"這是回覆已無法顯示的貼文
堡貝對不起",2024年12月12日 星期四 下午2:30,,,,1,,,https://www.threads.com/@familymart_tw/post/DDd-rftyW_0,原諒你🫰🏻,2024年12月12日 星期四 下午2:34,,,,,,
qweide3,https://www.threads.com/@qweide3/post/DDd6gi4Tk8e,"這是回覆已無法顯示的貼文
包你滿意？？？？",2024年12月12日 星期四 下午1:58,,,,1,,,https://www.threads.com/@familymart_tw/post/DDd-ooPyDhO,滿意嗎？？,2024年12月12日 星期四 下午2:34,,,,,,
nornstw,https://www.threads.com/@nornstw/post/DDd57vqvgEw,"這是回覆已無法顯示的貼文
寶貝(?!",2024年12月12日 星期四 下午1:53,,,,1,,,https://www.threads.com/@familymart_tw/post/DDd-nH6SUMA,叫我嗎？！,2024年12月12日 星期四 下午2:33,,,1,1,,
lifewithno.9,https://www.threads.com/@lifewithno.9/post/DDd8zoFTE2B,"這是回覆已無法顯示的貼文
對不起立正稍息⋯⋯什麼意思？？？",2024年12月12日 星期四 下午2:18,,,,1,,,https://www.threads.com/@familymart_tw/post/DDd-ivMSw2W,愛你的意思🫰🏻,2024年12月12日 星期四 下午2:33,,,,,,
chunxidabianlu,https://www.threads.com/@chunxidabianlu/post/DDd60RwzckU,"這是回覆已無法顯示的貼文
你的好朋友⋯⋯？",2024年12月12日 星期四 下午2:00,,,,1,,,https://www.threads.com/@familymart_tw/post/DDd-gvwS9BL,是我嗎？,2024年12月12日 星期四 下午2:33,,,1,,,
qa.getchee,https://www.threads.com/@qa.getchee/post/DDd5xd3z1xZ,"這是回覆已無法顯示的貼文
酷冰沙茶醬....不知道這吃起來怎樣",2024年12月12日 星期四 下午1:51,,,,1,,,https://www.threads.com/@familymart_tw/post/DDd-fmoS-2-,會很酷,2024年12月12日 星期四 下午2:32,,,,,,
setnewslive,https://www.threads.com/@setnewslive/post/DDd6Y03yIPU,"這是回覆已無法顯示的貼文
看到「可憐」...我先去哭一下",2024年12月12日 星期四 下午1:57,,,3,2,,,https://www.threads.com/@familymart_tw/post/DDd-SK8yXSa,可愛的意思😍,2024年12月12日 星期四 下午2:31,,,,,,
woowoo_hi,https://www.threads.com/@woowoo_hi/post/DDd53aPz5lt,"這是回覆已無法顯示的貼文
手機末三碼⋯",2024年12月12日 星期四 下午1:52,,,,1,,,https://www.threads.com/@familymart_tw/post/DDd-Q36yigc,快來取貨啦,2024年12月12日 星期四 下午2:30,,,,,,
betty__gogo,https://www.threads.com/@betty__gogo/post/DDd64J1TSw0,"這是回覆已無法顯示的貼文
霜淇淋...門？😀",2024年12月12日 星期四 下午2:01,,,,1,,,https://www.threads.com/@familymart_tw/post/DDd-NFmS-hq,走前門來買霜淇淋的意思,2024年12月12日 星期四 下午2:30,,,,,,
ebenorganic.tw,https://www.threads.com/@ebenorganic.tw/post/DDd5r9OPg4A,"這是回覆已無法顯示的貼文
夯番薯石頭太犯規了在最容易看到的地方！ 但我先看到手機末三碼（想到還有貨沒取😳",2024年12月12日 星期四 下午1:50,,,,1,,,https://www.threads.com/@familymart_tw/post/DDd-Jr4S4qt,全家等你取貨,2024年12月12日 星期四 下午2:29,,,,1,,
mercteria,https://www.threads.com/@mercteria/post/DDd61qzJeuK,"這是回覆已無法顯示的貼文
半生不熟起司塔... 好像哪裡怪怪的 Wwww",2024年12月12日 星期四 下午2:00,,,3,1,,,https://www.threads.com/@familymart_tw/post/DDd-DWvysS2,趕快跟對方混熟的意思,2024年12月12日 星期四 下午2:29,,,1,,,
foody_tw,https://www.threads.com/@foody_tw/post/DDd6dCxPUz7,"這是回覆已無法顯示的貼文
我要更新 塊陶啊明天不想上班！！！！！！！！！！！！！",2024年12月12日 星期四 下午1:57,,,,1,,,https://www.threads.com/@familymart_tw/post/DDd-ABryrLW,這要講小聲一點⋯,2024年12月12日 星期四 下午2:28,,,,1,,
iampanda134,https://www.threads.com/@iampanda134/post/DDd9DlLT866,"這是回覆已無法顯示的貼文
乾溼分離子夾",2024年12月12日 星期四 下午2:20,,,3,1,,,https://www.threads.com/@familymart_tw/post/DDd9-oDSBtV,不錯,2024年12月12日 星期四 下午2:28,,,,,,
rock_records_taipei,https://www.threads.com/@rock_records_taipei/post/DDd6HfYTFZo,"這是回覆已無法顯示的貼文
「那個女孩」...我誤會了什麼",2024年12月12日 星期四 下午1:54,,,3,1,,,https://www.threads.com/@familymart_tw/post/DDd9-BeS5vy,說我嗎？,2024年12月12日 星期四 下午2:28,,,,,,
__yyylx,https://www.threads.com/@__yyylx/post/DDY6B6fTy7w,我發現看脆吃東西完全不會踩雷ㄟ！！,2024年12月10日 星期二 下午3:17,,"Photo by 林祐瑄 on December 09, 2024. | Photo by 林祐瑄 on December 09, 2024. | Photo by 林祐瑄 on December 09, 2024. | Photo by 林祐瑄 on December 09, 2024. | Photo by 林祐瑄 on December 09, 2024. | Photo by 林祐瑄 on December 09, 2024. | Photo by 林祐瑄 on December 09, 2024. | Photo by 林祐瑄 on December 09, 2024. | Photo by 林祐瑄 on December 09, 2024. | Photo by 林祐瑄 on December 09, 2024. | Photo by 林祐瑄 on December 09, 2024. | Photo by 林祐瑄 on December 09, 2024. | Photo by 林祐瑄 on December 09, 2024. | Photo by 林祐瑄 on December 09, 2024. | Photo by 林祐瑄 on December 09, 2024. | Photo by 林祐瑄 on December 09, 2024.",18000,216,804,1373,https://www.threads.com/@familymart_tw/post/DDbKQ2qyHwY,寶你懂吃💚💙,2024年12月11日 星期三 下午12:18,,,441,2,,3
d21janet,https://www.threads.com/@d21janet/post/DDMXzYrPNV8,哪一位古人跑得最快？？,2024年12月5日 星期四 下午6:27,@familymart_tw,,31,3,,2,https://www.threads.com/@familymart_tw/post/DDOduDXS6qf,問問，李白怎麼死？ ：失血過多而死(詩寫過多,2024年12月6日 星期五 下午1:57,,,30,,,3
jayoct12,https://www.threads.com/@jayoct12/post/DDOVO9IJldT,阮經天的舅公叫什麼名字？,2024年12月6日 星期五 下午12:43,@familymart_tw,,36,2,,11,https://www.threads.com/@familymart_tw/post/DDOdj1iyuhl,哪個藝人都不吃午餐？,2024年12月6日 星期五 下午1:56,,,54,1,,11
xhi.yang,https://www.threads.com/@xhi.yang/post/DDOauFizmop,附近沒有賣，不能愛 心碎了,2024年12月6日 星期五 下午1:31,@familymart_tw,,3,1,,,https://www.threads.com/@familymart_tw/post/DDOdPRky9Nq,🥺,2024年12月6日 星期五 下午1:53,,,2,1,,
binyin,https://www.threads.com/@binyin/post/DDM2g8MSpAS,台颱風天哪裡不下雨？芝麻街沒雨,2024年12月5日 星期四 下午10:56,@familymart_tw,,2,1,,,https://www.threads.com/@familymart_tw/post/DDOAQSjyyM8,台灣哪裡不下雨？ ：龍潭 (long time no sea,2024年12月6日 星期五 上午9:40,,,5,1,,
rain.yu_04,https://www.threads.com/@rain.yu_04/post/DDM-WQEy-11,企鵝死了變什麼？,2024年12月6日 星期五 上午12:04,@familymart_tw,,58,2,,13,https://www.threads.com/@familymart_tw/post/DDN_4g4Spu1,鴨子感冒會變什麼？ ：變南瓜(難呱,2024年12月6日 星期五 上午9:37,,,46,,,8
rayyyyyychang,https://www.threads.com/@rayyyyyychang/post/DDMIrZqPOJZ,"我覺得所有香水廠商都應該去便利商店考察！ 世上沒有任何香水能夠抵禦台灣便利商店味道！
不可能我進去前是 Le Lebo 抹茶 只是買水出來立刻變身 7-11 茶葉蛋！
還是混合著關東煮的茶葉蛋！",2024年12月5日 星期四 下午4:15,,,9593,156,188,1145,https://www.threads.com/@familymart_tw/post/DDMXDqSyoGq,可以來全家試試,2024年12月5日 星期四 下午6:21,,,445,3,1,3
mercurydigitalasia,https://www.threads.com/@mercurydigitalasia/post/DDMRlDUzv8_,為什麼煙火不會打到星星💫💫,2024年12月5日 星期四 下午5:33,@familymart_tw,,29,1,1,1,https://www.threads.com/@familymart_tw/post/DDMSKtZypGl,因為星星會閃,2024年12月5日 星期四 下午5:38,,,80,1,,1
xhi.yang,https://www.threads.com/@xhi.yang/post/DDMKZsVToDC,"剛剛滑到的：
醫生：張開嘴巴我檢查，啊 患者：啊 醫生：喉嚨發炎 喉嚨：嗨 😗",2024年12月5日 星期四 下午4:30,@familymart_tw,,723,4,8,46,https://www.threads.com/@familymart_tw/post/DDMRnNyyivQ,為什麼哈利波特不能吃冰 因為 魔法少年賈修(呷燒,2024年12月5日 星期四 下午5:33,,,232,,,4
springcang,https://www.threads.com/@springcang/post/DDMNX9ITeUz,已購買 小孩笑死,2024年12月5日 星期四 下午4:56,@familymart_tw,,21,1,,,https://www.threads.com/@familymart_tw/post/DDMRAfFSHN_,最甜的蜜是什麼蜜？ 是You and Me,2024年12月5日 星期四 下午5:28,,,66,2,,7
shan_btsforever,https://www.threads.com/@shan_btsforever/post/DDMPZMdyOrn,哪一種海洋生物最好笑？ . . . 海鰻，因為海鰻好笑的。,2024年12月5日 星期四 下午5:14,@familymart_tw,,407,1,1,10,https://www.threads.com/@familymart_tw/post/DDMQw_RSifb,天上的星星多重？ 八克，因為星巴克🌟,2024年12月5日 星期四 下午5:26,,,276,1,1,4
_3joh22a_a,https://www.threads.com/@_3joh22a_a/post/DDMLipMOlPB,孔乙己帶貓去河邊，結果孔掉下去。 貓：乙己…溺…桑…,2024年12月5日 星期四 下午4:40,@familymart_tw,,725,2,8,45,https://www.threads.com/@familymart_tw/post/DDMMzayS40H,屈原在投江時，說了最後一句話是什麼？ 屈原說：歐溺醬⋯,2024年12月5日 星期四 下午4:51,,,611,1,,28
hsien.tzu,https://www.threads.com/@hsien.tzu/post/DDMHo9hypXE,買不到12強冠軍雜誌，只好看小編說笑話😭,2024年12月5日 星期四 下午4:06,@familymart_tw,,30,1,,1,https://www.threads.com/@familymart_tw/post/DDMLqrhypSx,那有好笑嗎🥹,2024年12月5日 星期四 下午4:41,,,23,1,,1
thewho0711,https://www.threads.com/@thewho0711/post/DDIsX_6T8xC,"試試看 傳給朋友一個
「 井 」
再傳給他一個
「 丼 」
接著說：遊戲開始！！該你！！",2024年12月4日 星期三 上午8:10,,,24000,205,216,643,https://www.threads.com/@familymart_tw/post/DDLZuhBS_1C,我先開丼！！該你！！,2024年12月5日 星期四 上午9:25,,"Photo by 全家便利商店_台灣 on December 04, 2024.",29,,,
chinese_0723,https://www.threads.com/@chinese_0723/post/DDJniq7ykUQ,對 你出現就是逼我下單,2024年12月4日 星期三 下午4:47,@familymart_tw,,,1,,,https://www.threads.com/@familymart_tw/post/DDKI-ptSumf,"小可怕的球在這
【世界棒球12強】中華英雄背號球90-江坤宇(K.Y.CHIANG) tw360.page.link/qFpS
mart.family.com.tw
mart.family.com.tw",2024年12月4日 星期三 下午9:39,,,3,,,
summersohot,https://www.threads.com/@summersohot/post/DDJh7OhSIT1,全家要幹嘛?,2024年12月4日 星期三 下午3:58,@familymart_tw,,6,3,,,https://www.threads.com/@familymart_tw/post/DDJkam8yPVY,跟大家一起繼續感動下去,2024年12月4日 星期三 下午4:20,,,1,1,,
love_daily25,https://www.threads.com/@love_daily25/post/DDJhUf-SKhA,小編請問林家正肖像球還會補貨嗎🥹,2024年12月4日 星期三 下午3:53,@familymart_tw,,47,5,,,https://www.threads.com/@familymart_tw/post/DDJkXM9yVs6,也在家正婦隊伍中（拿號碼牌）,2024年12月4日 星期三 下午4:19,,,48,1,,
suzy0601_,https://www.threads.com/@suzy0601_/post/DDGogesSRGd,今天從男友口中得知一件超好笑的事 他說我們在一起之後他才知道我叫什麼名字 我真的滿臉問號❓ 他說因為我從認識他到在一起都沒提過我的名字 而且他說不好意思問我叫什麼 是因為去幫我取貨才看到我的全名 我真的笑到不行 1 / 2,2024年12月3日 星期二 下午12:58,,,10000,89,230,1339,https://www.threads.com/@familymart_tw/post/DDJDJEqyF8P,情侶剛交往的第一件事： 牽手（×） 去全家取貨（○）,2024年12月4日 星期三 上午11:29,,,283,1,1,5
kikimamy0401,https://www.threads.com/@kikimamy0401/post/DDCkudwzwhI,"兒子對我說：『媽媽，妳好香喔』 頓時一股窩心 露出慈母微笑：「是嗎🥰」
兒：『對呀，妳身上有地瓜的味道』
我謝謝你",2024年12月1日 星期日 下午11:08,,,12000,141,125,417,https://www.threads.com/@familymart_tw/post/DDD0UoIyI7r,什麼地瓜的味道 那是今年秋冬最暖中性香 Harn Varnsu 前調：焦糖、栗香、紙袋香 中調：甜薯、黑石、奶香 後調：泥土、煙燻、木質調 穿在身上的層次真的不錯，吃到肚裡則更有感覺,2024年12月2日 星期一 上午10:43,,"Photo by 全家便利商店_台灣 on December 01, 2024.",3214,35,45,142
typhoon_mi,https://www.threads.com/@typhoon_mi/post/DC-wuyaPH-T,"嗨，冷氣團今天減弱，但晚上的輻射冷卻效應還是會很明顯，尤其是空曠處，像圖中這樣子的地方，現在可能很熱，但晚上肯定冷的要死🙃
許願今天有團會唱台灣尚勇🤣 1 / 2",2024年11月30日 星期六 上午11:36,,"Photo by 台灣颱風論壇 on November 29, 2024.",5024,61,26,88,https://www.threads.com/@familymart_tw/post/DC_2iChy-iD,全家一起來火球祭🔥,2024年11月30日 星期六 下午9:46,,"Photo by 全家便利商店_台灣 on November 30, 2024.",107,1,,1
littleg_0625,https://www.threads.com/@littleg_0625/post/DC4k_KCzHJj,"超商日常
本日全家店員進店話術：
「您好，歡迎光臨，本店目前沒有三麗鷗聖誕樹，沒有湯圓加購庫洛米娃娃，也沒有草莓煉乳冰，我也不知道還會不會有貨，不要再逼我了～謝～光臨～」
超商日常",2024年11月28日 星期四 上午1:58,,,5770,74,71,548,https://www.threads.com/@familymart_tw/post/DC8ZD3uSwlp,樹限量的🥲,2024年11月29日 星期五 下午1:30,,,340,10,2,9
33l33l,https://www.threads.com/@33l33l/post/DC6cDI5BGyi,"今天一下班就衝去買聖誕樹！！！
但就在我在拍照片時 有個戴安全帽的男生走向我
👦🏻：小姐我可以用$500跟妳買🎄嗎？
我：（瞪大眼睛看著他）
👦🏻：我喜歡的女生今天生日 她很想要這個 但她跑了很多間都買不到 這也是我跑的第17間..
我：（繼續瞪大眼睛看著他）
👦🏻：我其實是要買這個送她跟她告白 還是$1500跟妳買可以嗎？
我：$299賣給你（內心吶喊 我也很想要啦）
雖然我朋友一直說 他會不會亂掰故事 其實是拿去賣給別人
但最後他是用泛淚的眼神看著 跟我說了無數次謝謝 齁呦！我不管！！今天是感恩節 他應該會感恩我吧🥹
陌生人祝你告白成功啦！！！！",2024年11月28日 星期四 下午7:18,,"Photo by ੯‧̀͡⬮\ 𝙇𝙚𝙚 on November 28, 2024. | Photo by ੯‧̀͡⬮\ 𝙇𝙚𝙚 on November 28, 2024. | Photo by ੯‧̀͡⬮\ 𝙇𝙚𝙚 on November 28, 2024.",6961,170,72,378,https://www.threads.com/@familymart_tw/post/DC8Y7TVyJdO,我樹媒人,2024年11月29日 星期五 下午1:29,,,578,5,2,1
zxtzo.ksy_1216,https://www.threads.com/@zxtzo.ksy_1216/post/DC54KwdpDwx,"全家新品
沒有聖誕樹🎄沒關係🙂‍↔️
這個吸管杯也好可愛😍
小小的可以一手掌握☺️
Lulu豬 （雖然我不知道牠打哪來的🐷
就是覺得很可愛🤪
聽說一間店只有一個欸（？
全家新品",2024年11月28日 星期四 下午2:05,,"Photo by 多多喝多多ʕ •ᴥ•ʔ on November 27, 2024. | Photo by 多多喝多多ʕ •ᴥ•ʔ on November 27, 2024.",683,46,20,531,https://www.threads.com/@familymart_tw/post/DC8OFRKyHlI,真的不錯✨,2024年11月29日 星期五 上午11:54,,"Photo by 全家便利商店_台灣 on November 28, 2024. | Photo by 全家便利商店_台灣 on November 28, 2024.",13,,,6
_ann415,https://www.threads.com/@_ann415/post/DC6HghsSHBT,"超商日常
關於在超商取貨時⋯
🙍🏻‍♀️：你好 我要取貨
店員：電話後三碼
🙍🏻‍♀️：三個1
店員：我抓
🙍🏻‍♀️：蛤
店員：抱歉我喝
超商日常 1 / 2",2024年11月28日 星期四 下午4:19,,,32000,168,823,2598,https://www.threads.com/@familymart_tw/post/DC8NpuYS62R,？？？,2024年11月29日 星期五 上午11:51,,,81,1,1,
jj4567810,https://www.threads.com/@jj4567810/post/DC6IRKHxAYc,"全家跟7-11出一堆聖誕節週邊
重點是超可愛＝＝
最近每天都在跑便利商店 1 / 2",2024年11月28日 星期四 下午4:25,,,2280,40,52,181,https://www.threads.com/@familymart_tw/post/DC8NO_Ky4rp,我覺得這些也不錯,2024年11月29日 星期五 上午11:47,,"Photo by 全家便利商店_台灣 on November 28, 2024. | Photo by 全家便利商店_台灣 on November 28, 2024. | Photo by 全家便利商店_台灣 on November 28, 2024. | Photo by 全家便利商店_台灣 on November 28, 2024. | Photo by 全家便利商店_台灣 on November 28, 2024. | Photo by 全家便利商店_台灣 on November 28, 2024. | Photo by 全家便利商店_台灣 on November 28, 2024. | Photo by 全家便利商店_台灣 on November 28, 2024. | Photo by 全家便利商店_台灣 on November 28, 2024. | Photo by 全家便利商店_台灣 on November 28, 2024.",29,2,,17
kumoiqq,https://www.threads.com/@kumoiqq/post/DC6RjRKzA7B,這可愛😻,2024年11月28日 星期四 下午5:46,@familymart_tw,"Photo by 張雲 on November 28, 2024.",25,2,,2,https://www.threads.com/@familymart_tw/post/DC8DvdeSSos,指甲有🎀,2024年11月29日 星期五 上午10:24,,,1,,,
luyoung2.0,https://www.threads.com/@luyoung2.0/post/DC6S0eovYRo,"吉伊卡哇
去全家找聖誕樹的時候看到這個....😭沒買到但又瘋狂羨慕到了！！！上面還掛一大堆好寶寶🫵😭太過分了是哪個店員給我這樣放！！
吉伊卡哇 1 / 2",2024年11月28日 星期四 下午5:57,,"Photo by 鹿羊✧˚. ✧⊹⊱°痛包.娃包專賣店/追星小物 on November 28, 2024.",10000,110,324,1836,https://www.threads.com/@familymart_tw/post/DC8DkJIyIEK,是哪個店員？！！,2024年11月29日 星期五 上午10:23,,,79,3,,
stein1211,https://www.threads.com/@stein1211/post/DC3_VjNzZN8,想不到ㄅ我連思佳姐都講諧音梗🌝,2024年11月27日 星期三 下午8:29,,,12000,102,326,1087,https://www.threads.com/@familymart_tw/post/DC6BO1FSbUW,思佳姐喝茶，思品茶,2024年11月28日 星期四 下午3:24,,"Photo by 全家便利商店_台灣 on November 27, 2024.",89,,1,
yasuko0809,https://www.threads.com/@yasuko0809/post/DC5tpbSzGBa,"郭俊麟
回頭看10年前的21U 郭俊麟真的是很強耶！ 而且 麟寶在10年前就開始捏飯糰🍙了 郭俊麟 1 / 2",2024年11月28日 星期四 下午12:34,,,17000,185,343,1157,https://www.threads.com/@familymart_tw/post/DC5-lg8Sm46,想吃飯糰 這裡請🍙,2024年11月28日 星期四 下午3:01,,"Photo by 全家便利商店_台灣 on November 27, 2024.",482,4,1,14
reul_lin1129,https://www.threads.com/@reul_lin1129/post/DC5oECTzH-3,"小夜下班跟男友說想買聖誕樹🌲
打了好幾間全家，完全賣完，不相信也跑了三家
後來洗澡出來，男友：找到還有聖誕樹的全家，我們直接衝一波 我：在那裡？ 男友：在台東 我：衝吧👌👌👌👌👌
在去台東沿路上看到全家，都有下車去看，意外多買到二個
真的要去很偏僻到地方，才能買到🥹🥹🥹
感謝男友願意陪我一起瘋狂一起熱血❤️❤️❤️",2024年11月28日 星期四 上午11:44,,"Photo by 𝙇𝙞𝙣 on November 27, 2024. | Photo by 𝙇𝙞𝙣 on November 27, 2024.",2575,81,27,951,https://www.threads.com/@familymart_tw/post/DC5-O3uS6yA,可以嫁了（？,2024年11月28日 星期四 下午2:57,,,317,4,,3
yu_ting_1103,https://www.threads.com/@yu_ting_1103/post/DC59yJmTynz,一定是泡泡猜拳輸了,2024年11月28日 星期四 下午2:54,@familymart_tw,,12,1,,,https://www.threads.com/@familymart_tw/post/DC5-LNzSp7e,因為她每次都出石頭,2024年11月28日 星期四 下午2:57,,,12,,,
yiyan_0302,https://www.threads.com/@yiyan_0302/post/DC3wAuqSbrl,好想要全家聖誕樹… 可是為什麼我找不到 誰還有多的😭😭 1 / 2,2024年11月27日 星期三 下午6:15,,"Photo by 燕子🐶🐱 on November 27, 2024.",4357,232,188,2311,https://www.threads.com/@familymart_tw/post/DC4GyIaPr6i,限量喔🥹,2024年11月27日 星期三 下午9:34,,,175,9,,16
kuo19920202,https://www.threads.com/@kuo19920202/post/DC3bI-sytx-,"昨天看直播 總統說沒結婚的選手可以結了 所以今天立馬求婚💍
陳陳他說好欸",2024年11月27日 星期三 下午3:12,,"Photo by ️郭俊麟️️かくしゅんりん on November 26, 2024.",37000,783,1384,2783,https://www.threads.com/@familymart_tw/post/DC3_YTHyVe6,就一起🥹❤️,2024年11月27日 星期三 下午8:29,,,330,,,
jian_buy,https://www.threads.com/@jian_buy/post/DC3gJduSzd2,"我要笑死 超級剛好欸？？ 哥布林寶寶完全就是一顆聖誕樹
（附上組裝影片） 1 / 2",2024年11月27日 星期三 下午3:56,,"Photo by 尖買快樂了嗎🫶🏻 on November 26, 2024.",6133,51,199,2121,https://www.threads.com/@familymart_tw/post/DC32Gmbvbf7,要聖誕樹的這裡請 要寶寶的自己找,2024年11月27日 星期三 下午7:08,,"Photo by 全家便利商店_台灣 on November 27, 2024.",504,15,4,96
jiaqi_3.13,https://www.threads.com/@jiaqi_3.13/post/DC1lX3LS62y,今天去買八方 店員：呃，悠遊卡餘額不足 我：好，我加值500 店員：我們這邊不能加值 ………………………………對不起,2024年11月26日 星期二 下午10:03,,,17000,97,164,190,https://www.threads.com/@familymart_tw/post/DC3vi1EyKcE,我們這邊可以加值，而且也有鍋貼,2024年11月27日 星期三 下午6:11,,,3563,7,5,26
_yun0115,https://www.threads.com/@_yun0115/post/DC3GA6CTxsQ,被脆的文燒到 直接衝去全家買了😝 超適合我的哥布林 哈哈哈哈🎄,2024年11月27日 星期三 下午12:08,,"Photo by 橘子🍊 on November 26, 2024. | Photo by 橘子🍊 on November 26, 2024.",12000,104,552,5678,https://www.threads.com/@familymart_tw/post/DC3vBA1veH4,太可愛惹吧！,2024年11月27日 星期三 下午6:06,,"Photo by 全家便利商店_台灣 on November 27, 2024.",179,2,3,58
zhen96._,https://www.threads.com/@zhen96._/post/DC3QOXmTvhB,"吉伊卡哇
誰..還沒買……全家….聖…誕樹….的 還….不……快…去………🎄 吉伊卡哇",2024年11月27日 星期三 下午1:37,,"Photo by 榛 on November 26, 2024. | Photo by 榛 on November 26, 2024.",17000,245,693,12000,https://www.threads.com/@familymart_tw/post/DC3u1CgvaZQ,全家覺得可愛😍,2024年11月27日 星期三 下午6:04,,"Photo by 全家便利商店_台灣 on November 27, 2024.",866,7,11,444
zona.ccc,https://www.threads.com/@zona.ccc/post/DCzfLHTz4eF,✓我滷肉飯沒拌 ✓咖喱飯也沒拌 ✓聖誕節也沒伴 1 / 2,2024年11月26日 星期二 上午2:31,,,4370,29,484,440,https://www.threads.com/@familymart_tw/post/DC3Y9TmSxfh,✓聖誕節有拌，還是邊佑錫,2024年11月27日 星期三 下午2:53,,"Photo by 全家便利商店_台灣 on November 26, 2024.",7,,1,
__chiajungg,https://www.threads.com/@__chiajungg/post/DCzaDgQT36y,聽到很多人說不懂就問threads 請問有人知道這是全家買什麼東西的贈品嗎🥺 第一次覺得每個角色都可愛到不行啊啊啊,2024年11月26日 星期二 上午1:46,,"Photo by ㄐㄖ₍ᐢ.  ̫.⑅ᐢ₎ on November 25, 2024. | Photo by ㄐㄖ₍ᐢ.  ̫.⑅ᐢ₎ on November 25, 2024. | Photo by ㄐㄖ₍ᐢ.  ̫.⑅ᐢ₎ on November 25, 2024.",1957,39,77,833,https://www.threads.com/@familymart_tw/post/DC1JAnty47e,歡迎把我帶回家,2024年11月26日 星期二 下午5:55,,,73,1,,1
ning_star_,https://www.threads.com/@ning_star_/post/DCxpfjtyf-6,寫到快躁死給我來這種破爛笑話😃 化學老師還說要不是放不下他還想多放幾個 ？？？？？？ 1 / 2,2024年11月25日 星期一 上午9:22,,"Photo by 欸摳媽蕊 on November 24, 2024.",7096,68,481,733,https://www.threads.com/@familymart_tw/post/DC0beH9Sxw3,我想到一個便利商店的笑話，但需要您的證件跟手機末三碼…,2024年11月26日 星期二 上午11:18,,,113,,1,1
ni__cute,https://www.threads.com/@ni__cute/post/DCwpeNuSRIp,這些三角飯糰 應該都是郭俊麟捏的吧？ 🤙🏻🤙🏻🤙🏻🤙🏻 @kuo19920202,2024年11月25日 星期一 上午12:03,,"Photo by ɴɪɴɪ ෆ⸒⸒ 台中髮型師 on November 24, 2024.",19000,207,924,4604,https://www.threads.com/@familymart_tw/post/DCx3hkYy-Xv,吃金飯糰拿金牌的意思🏆,2024年11月25日 星期一 上午11:25,,,561,2,,8
littlenado,https://www.threads.com/@littlenado/post/DCwJrBaz04S,"陳傑憲沒有極限
我要哭了！！！！ 台灣隊長！！！！ 😭😭😭😭😭😭😭
陳傑憲沒有極限",2024年11月24日 星期日 下午7:26,,,2168,12,22,34,https://www.threads.com/@familymart_tw/post/DCwLg2byK7I,傑ㄒㄩㄢˋ～～～,2024年11月24日 星期日 下午7:41,,,366,2,,2
conanlovet,https://www.threads.com/@conanlovet/post/DCt9Mstyvtj,張ㄓ的時候，感覺張震應該震了一下(？),2024年11月23日 星期六 下午10:58,@familymart_tw,,,1,,,https://www.threads.com/@familymart_tw/post/DCt-2LxyWyh,震撼人心的頒獎典禮🫨,2024年11月23日 星期六 下午11:12,,,,,,
conanlovet,https://www.threads.com/@conanlovet/post/DCt9I2zSYlM,好快！,2024年11月23日 星期六 下午10:57,@familymart_tw,,,1,,2,https://www.threads.com/@familymart_tw/post/DCt9Q5rSad0,看全家今天怎麼說,2024年11月23日 星期六 下午10:58,,,1,,,
double_lucky_,https://www.threads.com/@double_lucky_/post/DCt7RCiP1KH,全家真的好忙,2024年11月23日 星期六 下午10:41,@familymart_tw,,4,1,,,https://www.threads.com/@familymart_tw/post/DCt7drVSO-S,小編雙機鎖定🙂‍↕️,2024年11月23日 星期六 下午10:42,,,,,,
yga0721,https://www.threads.com/@yga0721/post/DCrPiRFzP8x,大家不用緊張！日本🇯🇵嘎哥來了😘😘🥰,2024年11月22日 星期五 下午9:41,,,35000,387,245,1017,https://www.threads.com/@familymart_tw/post/DCrfbDaS_Lr,嘎哥，就一起拜託了😉,2024年11月22日 星期五 下午11:59,,,453,1,,4
blueyao_851011,https://www.threads.com/@blueyao_851011/post/DCqQr90Szk4,"12強棒球賽
每次只要有人上壘 就會看到這個手勢！
到底是什麼意思？ 真的好想知道求解🥲
12強棒球賽",2024年11月22日 星期五 下午12:31,,"Photo by Wan Ping on November 21, 2024.",9442,268,82,846,https://www.threads.com/@familymart_tw/post/DCrHi7XyZ9p,等等要吃金飯糰的意思,2024年11月22日 星期五 下午8:30,,"Photo by 全家便利商店_台灣 on November 22, 2024.",3833,16,36,125
kuo19920202,https://www.threads.com/@kuo19920202/post/DCqjnxpyDp6,刷起來🎲🤙🏻🤙🤙🏼🤙🏽🤙🏾🤙🏿,2024年11月22日 星期五 下午3:16,,"Photo by ️郭俊麟️️かくしゅんりん on November 21, 2024.",19000,489,277,241,https://www.threads.com/@familymart_tw/post/DCrGHfnyHF0,🤙🤙🤙🤙🤙🤙,2024年11月22日 星期五 下午8:18,,,104,,,
lugaveci,https://www.threads.com/@lugaveci/post/DCq0U6fzDWS,Elon Musk,2024年11月22日 星期五 下午5:42,@familymart_tw,,8,1,1,,https://www.threads.com/@familymart_tw/post/DCq4EbMyfvr,請支援火箭,2024年11月22日 星期五 下午6:15,,,1,,,
endconverse,https://www.threads.com/@endconverse/post/DCq3O_pyONr,E人做事E人當,2024年11月22日 星期五 下午6:08,@familymart_tw,"Photo by 句點王的人生哲學 on November 22, 2024.",35,1,,,https://www.threads.com/@familymart_tw/post/DCq3_RhSpXx,你家都是小叮噹（？,2024年11月22日 星期五 下午6:14,,,16,2,,
yuri80906,https://www.threads.com/@yuri80906/post/DCq3rkLz2Jn,狂E鍋（狂ㄧ鍋我的愛）,2024年11月22日 星期五 下午6:12,@familymart_tw,,1,1,,,https://www.threads.com/@familymart_tw/post/DCq328AynCR,"跟全家e起狂e鍋 user211227.pse.is/6ml69…
mart.family.com.tw
mart.family.com.tw",2024年11月22日 星期五 下午6:13,,,2,,,
jjplusm,https://www.threads.com/@jjplusm/post/DCl9Axzztu5,"自從醫生建議不要吃食品添加物後，認真尋找無添加的超商食物，今天的收穫：
［ FamilyMart 維也納餐包 ］ 麵粉、奶油、糖、蛋、鮮奶、酵母［天然酵母、水、卵磷脂］、奶粉、鹽",2024年11月20日 星期三 下午8:22,,"Photo by @jjplusm on November 20, 2024.",7078,210,114,343,https://www.threads.com/@familymart_tw/post/DCnhUr5S4nG,維也納餐包 ㄧ ㄕㄥ 推❤️,2024年11月21日 星期四 上午10:59,,,359,4,,5
coconut.yen,https://www.threads.com/@coconut.yen/post/DClVwgvzrT0,唯一好像合法這樣玩的贊助商🤣,2024年11月20日 星期三 下午2:39,@familymart_tw,,4,1,,,https://www.threads.com/@familymart_tw/post/DCmIeB2yztg,還可以訂宵夜,2024年11月20日 星期三 下午10:02,,,1,,,
gary_huang_0120,https://www.threads.com/@gary_huang_0120/post/DClLXGYT0mb,很會😎,2024年11月20日 星期三 下午1:08,@familymart_tw,,1,1,,,https://www.threads.com/@familymart_tw/post/DCl7YYnSY04,有料🥤,2024年11月20日 星期三 下午8:08,,,,,,
chj.0119,https://www.threads.com/@chj.0119/post/DClBN8STJMY,就一起 訂飲料啊,2024年11月20日 星期三 上午11:40,@familymart_tw,,,1,,,https://www.threads.com/@familymart_tw/post/DCl7VVKS0JE,917,2024年11月20日 星期三 下午8:07,,,,,,
chiwa_uwu,https://www.threads.com/@chiwa_uwu/post/DClhg35PEVi,我不想要抽獎券我只想要你多出一點特濃拿鐵買一送一😭,2024年11月20日 星期三 下午4:22,@familymart_tw,,1,1,,,https://www.threads.com/@familymart_tw/post/DCllpQoy7od,原來你喜歡特濃拿鐵呀,2024年11月20日 星期三 下午4:58,,,1,,,
yasuko0809,https://www.threads.com/@yasuko0809/post/DClSnYrzUgl,那要買俊麟的話，陳冠宇是不是也要一起買了😆 請問小編還有有優惠活動嗎？,2024年11月20日 星期三 下午2:12,@familymart_tw,,37,1,,,https://www.threads.com/@familymart_tw/post/DClky9kyf80,持續期待,2024年11月20日 星期三 下午4:50,,,7,,,
ai.na.ai.na2024,https://www.threads.com/@ai.na.ai.na2024/post/DClajbBTst3,分享到fb/line 沒有看到抽獎券,2024年11月20日 星期三 下午3:21,@familymart_tw,,,1,,,https://www.threads.com/@familymart_tw/post/DClbpZGyuc8,好友也需要點開你分享的連結～,2024年11月20日 星期三 下午3:30,,,1,,,
aww_clay,https://www.threads.com/@aww_clay/post/DClVnUAy9RY,請問用哪種方式分享給好友才會拿到啊?,2024年11月20日 星期三 下午2:38,@familymart_tw,,,1,,,https://www.threads.com/@familymart_tw/post/DClbmgES57J,好友也需要點開你分享的連結！,2024年11月20日 星期三 下午3:30,,,1,,,
jag_smith_lin,https://www.threads.com/@jag_smith_lin/post/DClWevgSpMX,沒周杰倫的票哦⋯⋯⋯⋯⋯⋯,2024年11月20日 星期三 下午2:45,@familymart_tw,,1,1,,,https://www.threads.com/@familymart_tw/post/DClbkcFSqzK,小編也沒搶到耶，你覺得👀,2024年11月20日 星期三 下午3:30,,,,,,
chiaohuanglin,https://www.threads.com/@chiaohuanglin/post/DCjSy54zfg2,我媽吃素20幾年來從沒看過她吃超商微波食品 結果最近一個禮拜看她吃了這個素魷魚羹麵好幾次 說麵很像外面煮的，很有嚼勁，甚至吃到眼鏡起霧拿掉??? 我不信也跑去買一碗來吃，結果真的好吃… 這算素食界的微波食品天花板嗎？,2024年11月19日 星期二 下午7:35,,"Photo by 巧丸子 on November 19, 2024. | Photo by 巧丸子 on November 19, 2024.",7584,142,133,2013,https://www.threads.com/@familymart_tw/post/DClbgqvS06t,全家謝謝你💚💙,2024年11月20日 星期三 下午3:29,,,234,1,,1
_leo._lhm,https://www.threads.com/@_leo._lhm/post/DCjvhdkBHDX,我覺得全家的微波在超商界幾乎都比較好吃,2024年11月19日 星期二 下午11:46,@chiaohuanglin,,714,6,,6,https://www.threads.com/@familymart_tw/post/DClbbqyyae7,這留言不給愛心不行誒,2024年11月20日 星期三 下午3:29,,,16,1,,
rahseesaw,https://www.threads.com/@rahseesaw/post/DClP8Y7J1Kd,小編~~四爺沒貨了啊~~~我聽到四爺粉絲在哀嚎,2024年11月20日 星期三 下午1:48,@familymart_tw,,8,1,,,https://www.threads.com/@familymart_tw/post/DClTGVzyWIQ,傑ㄒㄩㄢˋ補貨了,2024年11月20日 星期三 下午2:16,,,22,1,,
geofferychen,https://www.threads.com/@geofferychen/post/DCk9ye-Se5e,這I鍋 (I鍋I人吃剛剛好),2024年11月20日 星期三 上午11:10,@familymart_tw,,1,1,,,https://www.threads.com/@familymart_tw/post/DClMpX3SIg4,"內行的喔，這邊請 user211227.pse.is/6ml69…
mart.family.com.tw
mart.family.com.tw",2024年11月20日 星期三 下午1:19,,,8,,,
jlight66,https://www.threads.com/@jlight66/post/DCk7_l6zr-D,笑爛,2024年11月20日 星期三 上午10:54,@familymart_tw,,1,1,,,https://www.threads.com/@familymart_tw/post/DCk8uCiyB4U,喝🥤,2024年11月20日 星期三 上午11:00,,,1,,,
ccyu25,https://www.threads.com/@ccyu25/post/DCk8dltTVez,不要這麼快出優惠😆,2024年11月20日 星期三 上午10:58,@familymart_tw,,10,1,,,https://www.threads.com/@familymart_tw/post/DCk8tFfy_kW,全家一出手 就知有沒有,2024年11月20日 星期三 上午11:00,,,9,,,
sizuka___1213,https://www.threads.com/@sizuka___1213/post/DCk8iIdSPIZ,這廣告有料🤙🏻,2024年11月20日 星期三 上午10:59,@familymart_tw,,6,1,,,https://www.threads.com/@familymart_tw/post/DCk8qCISiUm,飲料也有料👌🏻,2024年11月20日 星期三 上午11:00,,,6,,,
qn_taiwan,https://www.threads.com/@qn_taiwan/post/DCk8TyzzW_G,訂起來😆,2024年11月20日 星期三 上午10:57,@familymart_tw,,32,1,,,https://www.threads.com/@familymart_tw/post/DCk8ny_y_O-,就一起啊,2024年11月20日 星期三 上午10:59,,,2,,,
juxuxx,https://www.threads.com/@juxuxx/post/DCi5tAFpxoX,"全家霜淇淋
我同事：你看這樣全家霜淇淋就變一支$150了 我：？不要玩食物 全家霜淇淋",2024年11月19日 星期二 下午3:55,,"Photo by J+ü on November 18, 2024.",28000,122,1018,2786,https://www.threads.com/@familymart_tw/post/DCk8JZcSSZD,Fami!ce 青森蘋果霜淇淋 驚嘆價$49元 ！,2024年11月20日 星期三 上午10:55,,"Photo by 全家便利商店_台灣 on November 19, 2024.",465,1,1,16
yuri80906,https://www.threads.com/@yuri80906/post/DCkimntzFAS,I之味,2024年11月20日 星期三 上午7:12,@yuri80906,,,1,,,https://www.threads.com/@familymart_tw/post/DCkwubOSmFe,配火鍋很適合，鍋鍋鍋鍋美去搭🎵 I 之味妹啊ㄉㄟ🎵,2024年11月20日 星期三 上午9:15,,,,,,
cvb78888,https://www.threads.com/@cvb78888/post/DCjy8JQSyRc,E人喜歡的東西： 1.E起看i爾達 2.E起穿i迪達 3.E起坐iRent 4.E起用i郵箱 5.E起iTAIWAN 6.E起看底下留言,2024年11月20日 星期三 上午12:16,@familymart_tw,,206,2,,3,https://www.threads.com/@familymart_tw/post/DCkv2nFSq3L,E起去全家,2024年11月20日 星期三 上午9:08,,,106,,,
imseriou,https://www.threads.com/@imseriou/post/DCjofmRTumO,Imserious,2024年11月19日 星期二 下午10:44,@familymart_tw,,226,4,,,https://www.threads.com/@familymart_tw/post/DCkvwZISLbU,Only me ? 翻譯,2024年11月20日 星期三 上午9:07,,,14,,,
melodyglaria,https://www.threads.com/@melodyglaria/post/DCcCVWVShkt,"我真的會因為這幾張圖揪人去全家吃冰
要具備閩南語和日文五十音才能看懂很好笑
非常喜歡諧音梗",2024年11月16日 星期六 下午11:56,,"Photo by 若賢𝑴𝒆𝒍𝒐𝒅𝒚｜營養師｜餅乾怪獸🍪 on November 16, 2024. | Photo by 若賢𝑴𝒆𝒍𝒐𝒅𝒚｜營養師｜餅乾怪獸🍪 on November 16, 2024. | Photo by 若賢𝑴𝒆𝒍𝒐𝒅𝒚｜營養師｜餅乾怪獸🍪 on November 16, 2024.",10000,61,1026,2825,https://www.threads.com/@familymart_tw/post/DCf47V1SNqX,だん你來お～ 翻譯,2024年11月18日 星期一 上午11:51,,,246,3,,2
neil0_00303,https://www.threads.com/@neil0_00303/post/DCbq8xPTQ-t,"棒球
這張圖片有聲音 棒球",2024年11月16日 星期六 下午8:32,,"Photo by 煒甯 on November 16, 2024.",13000,418,1328,2104,https://www.threads.com/@familymart_tw/post/DCf4yC_SSGb,這張圖片也有聲音 （附上下圖）,2024年11月18日 星期一 上午11:50,,"Photo by 全家便利商店_台灣 on November 17, 2024.",539,10,16,28
sj_0316_jj,https://www.threads.com/@sj_0316_jj/post/DCYdke3vwSN,看來是輸人不輸陣了！😂,2024年11月15日 星期五 下午2:37,@familymart_tw,,28,1,,1,https://www.threads.com/@familymart_tw/post/DCYduOZSoai,全家人出來,2024年11月15日 星期五 下午2:38,,,34,,,
gs3731,https://www.threads.com/@gs3731/post/DCWZpsASLK-,人和襪子都好帥😍,2024年11月14日 星期四 下午7:24,@familymart_tw,,,1,,,https://www.threads.com/@familymart_tw/post/DCX_TB9ylJz,幫你轉達了,2024年11月15日 星期五 上午10:13,,,1,,,
nmsl._.0207,https://www.threads.com/@nmsl._.0207/post/DCTraDbS9NV,下次要拍腹肌,2024年11月13日 星期三 下午6:02,@familymart_tw,,,1,,,https://www.threads.com/@familymart_tw/post/DCX_RBhS1Hu,要求很多,2024年11月15日 星期五 上午10:12,,,1,,,
letscafeplus2022,https://www.threads.com/@letscafeplus2022/post/DCT4ZcMzCbs,好喝。 我是說Let’s Café PLUS,2024年11月13日 星期三 下午7:55,@familymart_tw,,3,1,,,https://www.threads.com/@familymart_tw/post/DCX_OVLSQ--,懂喝,2024年11月15日 星期五 上午10:12,,,,,,
yiting2222,https://www.threads.com/@yiting2222/post/DCWOCB_STfA,"默默看他轉了五分鐘
familymart_happytogether",2024年11月14日 星期四 下午5:43,,,2657,47,83,503,https://www.threads.com/@familymart_tw/post/DCX8mNSyA65,默默去買了義大利麵吃,2024年11月15日 星期五 上午9:49,,"Photo by 全家便利商店_台灣 on November 14, 2024.",61,2,1,1
pei____.3,https://www.threads.com/@pei____.3/post/DCRx7QvTTf5,：成長ㄉ心路歷程,2024年11月13日 星期三 上午12:20,,"Photo by 姍3 on November 12, 2024. | Photo by 姍3 on November 12, 2024. | Photo by 姍3 on November 12, 2024.",11000,11,2115,679,https://www.threads.com/@familymart_tw/post/DCVVWWCSkTt,無論成長ㄉ什麼階段 我們都在,2024年11月14日 星期四 上午9:28,,"Photo by 全家便利商店_台灣 on November 13, 2024.",976,2,15,24
93.06_19,https://www.threads.com/@93.06_19/post/DCTq912TpeZ,穿這襪子去全家有打折嗎？,2024年11月13日 星期三 下午5:58,@familymart_tw,,6,1,,,https://www.threads.com/@familymart_tw/post/DCUTTbbyLdZ,穿這襪子，小編會給你按❤️,2024年11月13日 星期三 下午11:50,,,3,,,
alphagrey,https://www.threads.com/@alphagrey/post/DCTnubhz_Lc,,2024年11月13日 星期三 下午5:30,@familymart_tw,"Photo by IF Grey on November 13, 2024.",,1,,,https://www.threads.com/@familymart_tw/post/DCUTMwly7Ed,就是帥,2024年11月13日 星期三 下午11:50,,,,,,
fairytale_indream,https://www.threads.com/@fairytale_indream/post/DCTj3IPvFhm,"發票中頭獎
但你要接🤲🏼🤲🏼🤲🏼 1 / 2",2024年11月13日 星期三 下午4:56,,,30000,1115,326,1022,https://www.threads.com/@familymart_tw/post/DCUTIiryZdS,餓了嗎？我們有真的可以吃的鮪魚飯糰🍙,2024年11月13日 星期三 下午11:49,,,776,2,1,6
tsaimimi0416,https://www.threads.com/@tsaimimi0416/post/DCS-KibSYYh,"國際棒球12強的比賽 勝利主要靠我們球員的努力和拚勁，還有數萬球迷的應援加油。
但其他神秘力量的協助👽 除了Josh的嗨嗨、檸檬的唱歌，還有什麼？標語？法器？🤔
期待．．🥳",2024年11月13日 星期三 上午11:27,,,3686,105,24,32,https://www.threads.com/@familymart_tw/post/DCToTq-SVRi,還有全家人的應援！,2024年11月13日 星期三 下午5:35,,"Photo by 全家便利商店_台灣 on November 13, 2024.",56,1,,1
blushsasha,https://www.threads.com/@blushsasha/post/DCTXv9rRddW,公司旁邊的全家沒有😭,2024年11月13日 星期三 下午3:10,@familymart_tw,,,1,,,https://www.threads.com/@familymart_tw/post/DCTmOkAShuM,那對面的有嗎🥹,2024年11月13日 星期三 下午5:17,,,1,,,
henrrrri,https://www.threads.com/@henrrrri/post/DCTbhAITPWw,我🙋🏻‍♂️，但是是年初在日本買的,2024年11月13日 星期三 下午3:43,@familymart_tw,,,1,,,https://www.threads.com/@familymart_tw/post/DCTmNDhyf6R,上傳一下呀，好讓我按❤️,2024年11月13日 星期三 下午5:16,,,,,,
gems_gems.log,https://www.threads.com/@gems_gems.log/post/DCTk5siT3Yx,好看。 掌鏡人取的角度好看～,2024年11月13日 星期三 下午5:05,@familymart_tw,,3,1,,,https://www.threads.com/@familymart_tw/post/DCTmILZyGEC,我其實⋯拍的是襪子啦🥹,2024年11月13日 星期三 下午5:16,,,2,,,
yuri80906,https://www.threads.com/@yuri80906/post/DCTeOn9zTcq,真香 翻譯,2024年11月13日 星期三 下午4:07,@familymart_tw,,,1,,,https://www.threads.com/@familymart_tw/post/DCTl_B9SHIl,我就剛好路過，順手拍下，不小心上傳 （你懂的,2024年11月13日 星期三 下午5:14,,,,,,
pin_yu131,https://www.threads.com/@pin_yu131/post/DCTcR50TuFc,很可以🤩,2024年11月13日 星期三 下午3:50,@familymart_tw,,1,1,,,https://www.threads.com/@familymart_tw/post/DCTl6FtS1pJ,要幫你問問是不是單身嗎👀,2024年11月13日 星期三 下午5:14,,,2,,,
shuanyou,https://www.threads.com/@shuanyou/post/DCTknaXyPdH,襪子不長,2024年11月13日 星期三 下午5:03,@familymart_tw,,1,1,,,https://www.threads.com/@familymart_tw/post/DCTl3MDyfMI,他腿長😳,2024年11月13日 星期三 下午5:13,,,,,,
super.milk.tea,https://www.threads.com/@super.milk.tea/post/DCTdZl9yBEg,肯定是啊（沒啦,2024年11月13日 星期三 下午3:59,@familymart_tw,,,1,,,https://www.threads.com/@familymart_tw/post/DCTl0NnSGnL,其實我也滿可愛誒😗,2024年11月13日 星期三 下午5:13,,,4,1,,
super.milk.tea,https://www.threads.com/@super.milk.tea/post/DCTXdVVyk9Z,太可愛了吧 翻譯,2024年11月13日 星期三 下午3:08,@familymart_tw,,2,1,,,https://www.threads.com/@familymart_tw/post/DCTap6fyptK,你說那個男生嗎？,2024年11月13日 星期三 下午3:35,,,6,1,,
ccyu25,https://www.threads.com/@ccyu25/post/DCTYOHYJt7t,請問連結 我是說IG連結！,2024年11月13日 星期三 下午3:14,@familymart_tw,,2,1,,,https://www.threads.com/@familymart_tw/post/DCTamf2SZQb,"奉上🫱🏻⬇️ user211227.pse.is/6pd3u…
app3.family.com.tw
*全家便利商店好物推薦 *發現全家好商品！推薦你看看【全家食惜生地圖】",2024年11月13日 星期三 下午3:35,,*全家便利商店好物推薦 *發現全家好商品！推薦你看看【全家食惜生地圖】,,,,
wudaidesign,https://www.threads.com/@wudaidesign/post/DCTaShVvLxi,不會是編本人ㄅ,2024年11月13日 星期三 下午3:32,@familymart_tw,,2,1,,,https://www.threads.com/@familymart_tw/post/DCTahN5yFpD,我是掌鏡人😌,2024年11月13日 星期三 下午3:34,,,7,,,
latticelan,https://www.threads.com/@latticelan/post/DCRf4MByu-f,"到一定年紀，朋友會越來越少。
從合群，到B群 從努力，到維骨力 從寶貝心肝，到斯斯保肝 從好樂迪狂歡，到京都念慈菴",2024年11月12日 星期二 下午9:43,,,42000,564,3228,11000,https://www.threads.com/@familymart_tw/post/DCTJ_K0S3-F,全家一直都在💚💙,2024年11月13日 星期三 下午1:10,,,166,1,,1
shopee_tw,https://www.threads.com/@shopee_tw/post/DCOZZN3vzVS,"我真的不知道該怎麼說出這份情感，這些話在心裡盤旋了好久好久。從我認識天菜帥哥的那一刻起，這種感覺便像潮水般席捲而來，把我整個人都淹沒了。和他在一起的時光，哪怕只是短短的幾分鐘、只是偶然擦肩而過的笑容，我都會不自覺地想著：如果他也有一絲對我在意，那該有多好。
一開始，我只是單純地欣賞他，單純地覺得他很迷人；可是漸漸地，我的心卻不受控制地在他周圍旋轉，總會情不自禁地想著，自己能否有一天成為他的特別存在。為了靠近他，我開始在各方面努力提升自己，希望能讓他注意到我；我的穿著打扮變得精心考究，談吐也力求得體大方，甚至主動了解他的興趣與喜好，彷彿這樣才能拉近我們之間的距離。
每當他無意間回應我的關心，我的心便會充滿期待，甚至開始小小地幻想我們之間是否有那麼一絲可能。但他對我總是若即若離，似乎永遠保持著一個安全的距離。每當他顯得冷淡，我的心就會狠狠地被擊中，開始懷疑是不是自己還不夠好，不夠吸引人？這種反反覆覆的情緒讓我無法自拔，似乎這段曖昧的「暈船」狀態，已經讓我迷失了方向。 1 / 3",2024年11月11日 星期一 下午4:48,,,500,47,13,78,https://www.threads.com/@familymart_tw/post/DCRD99eylUe,說我嗎？你全家都暈我💚💙,2024年11月12日 星期二 下午5:39,,,78,1,,3
vincenttttyo,https://www.threads.com/@vincenttttyo/post/DCO4ByAyk2U,大巨蛋的全家店員看起來有點強迫症🫡,2024年11月11日 星期一 下午9:16,,"Photo by @vincenttttyo on November 11, 2024.",48000,392,791,1394,https://www.threads.com/@familymart_tw/post/DCQyCs0SlAo,怦然心動的便利商店整理魔法🪄,2024年11月12日 星期二 下午3:02,,,2689,7,4,4
this_core210,https://www.threads.com/@this_core210/post/DCNpmGVzU9-,Boys…,2024年11月11日 星期一 上午9:51,,"Photo by 鐵心 on November 10, 2024.",8114,59,451,618,https://www.threads.com/@familymart_tw/post/DCQxKjByrsL,統ㄣ載具消嘛？,2024年11月12日 星期二 下午2:54,,,245,3,2,
kai_yuan0928,https://www.threads.com/@kai_yuan0928/post/DCITv4XTg99,做了一台全家Famiport機台模型送給我的好友,2024年11月9日 星期六 上午8:03,,"Photo by Kai yuan on November 08, 2024. | Photo by Kai yuan on November 08, 2024. | Photo by Kai yuan on November 08, 2024. | Photo by Kai yuan on November 08, 2024. | Photo by Kai yuan on November 08, 2024. | Photo by Kai yuan on November 08, 2024. | Photo by Kai yuan on November 08, 2024.",21000,194,406,527,https://www.threads.com/@familymart_tw/post/DCI6MS3yGYI,不好意思，請問還缺好友嗎？,2024年11月9日 星期六 下午1:39,,,3415,9,8,9
yao1224_1210,https://www.threads.com/@yao1224_1210/post/DCHAC5gyHH8,缺貨了,2024年11月8日 星期五 下午7:52,@familymart_tw,,,1,,,https://www.threads.com/@familymart_tw/post/DCHAgriycTE,這是現在最紅的巧克力,2024年11月8日 星期五 下午7:56,,,1,,,
iruka_0729,https://www.threads.com/@iruka_0729/post/DCEWUfozsS7,一張圖教你 I人如何無聲拒絕 發薪前同事的聚餐邀約🙂,2024年11月7日 星期四 下午7:09,,"Photo by Iruka Chiu on November 07, 2024.",12000,124,382,1064,https://www.threads.com/@familymart_tw/post/DCGZdqdSUjn,😮,2024年11月8日 星期五 下午2:15,,,406,8,,1
geofferychen,https://www.threads.com/@geofferychen/post/DCENJDSS-2W,所以羊肉爐的羊是公的母的?,2024年11月7日 星期四 下午5:49,@familymart_tw,,,1,,,https://www.threads.com/@familymart_tw/post/DCEOQEuy-Je,"這裡找答案 user211227.pse.is/6ml4n…
user211227.pse.is
user211227.pse.is",2024年11月7日 星期四 下午5:58,,,2,1,,
pin_yu131,https://www.threads.com/@pin_yu131/post/DCEMr0azla5,羊老了再來閹割還有效嗎,2024年11月7日 星期四 下午5:45,@familymart_tw,,,1,,,https://www.threads.com/@familymart_tw/post/DCEOJiDyuEs,"你快趁年輕補補身體 user211227.pse.is/6ml4n…
user211227.pse.is
user211227.pse.is",2024年11月7日 星期四 下午5:58,,,,,,
lah52497,https://www.threads.com/@lah52497/post/DCBB_tfRyL8,請問把膜撕成這樣的機率是幾趴 到底要不要讓我吃啊😂 1 / 2,2024年11月6日 星期三 下午12:14,,,12000,107,251,320,https://www.threads.com/@familymart_tw/post/DCDTGa9zzA5,難道這就是…讓食物變好吃的膜法！,2024年11月7日 星期四 上午9:22,,,813,4,,4
lxihn_,https://www.threads.com/@lxihn_/post/DCA0vrDyBt3,"鹼性離子水
鹼性離子水",2024年11月6日 星期三 上午10:19,,,29000,229,1622,2839,https://www.threads.com/@familymart_tw/post/DCDTAZxzJ-R,"抱著另一半，你抱的是一時的甜密，去對方家還要小心翼翼。
抱著 FamiCollection 鹼性離子水，你抱的是永遠的自然甘甜，而且全家就是你家。",2024年11月7日 星期四 上午9:21,,,967,3,10,27
villainsgoood,https://www.threads.com/@villainsgoood/post/DB7x2wEpffP,"你的體型很圓 身子很脆 內心很黃
所以基本上 你就是一個蛋塔",2024年11月4日 星期一 上午11:16,,,43000,280,5282,8729,https://www.threads.com/@familymart_tw/post/DB-5ccNyVo4,說我嗎？(最美的蛋塔,2024年11月5日 星期二 下午4:20,,"Photo by 全家便利商店_台灣 on November 05, 2024.",392,3,,3
nabila_emad1,https://www.threads.com/@nabila_emad1/post/DB5999-unMH,This. 翻譯,2024年11月3日 星期日 下午6:24,,"Photo by Bolbola🦋, on November 03, 2024. | Photo by Bolbola🦋, on November 03, 2024. | Photo by Bolbola🦋, on November 03, 2024.",25000,83,4193,253,https://www.threads.com/@familymart_tw/post/DB-Ct25yuE5,Best convenience store： 🏪＋🍦＋🇸🇱,2024年11月5日 星期二 上午8:22,,,317,3,3,
yangyang0703,https://www.threads.com/@yangyang0703/post/DBtlPDuzEfR,天氣冷了就想吃冰 去全家看到這個 我想說這什麼鬼東西 然後問店員 請問這是什麼口味 店員：你看啊 驚嘆口味 我：所以是什麼口味？ 店員：驚嘆啊 我：好了小姐講真的 不要鬧了 （真的很怕店員講豆豆啊） 1 / 2,2024年10月29日 星期二 下午10:57,,"Photo by Leon on October 29, 2024.",8029,145,349,2004,https://www.threads.com/@familymart_tw/post/DBu8QHPyC2_,如果要我認真解釋一下的話，這個口味就是驚嘆口味，主要是口味的部分滿驚嘆的。,2024年10月30日 星期三 上午11:37,,,1977,15,,22
find_alb,https://www.threads.com/@find_alb/post/DBqsORVsHNJ,如果你不相信仙子的存在， 那請解釋一下我家門口監視器拍到的畫面。,2024年10月28日 星期一 下午8:01,,,290000,6156,31000,180000,https://www.threads.com/@familymart_tw/post/DBu8LozSkWV,仙女當然存在，我們是唯一有仙女紅茶的便利商店，歡迎兩位仙女蒞臨全家🧚‍♀️,2024年10月30日 星期三 上午11:37,,"Photo by 全家便利商店_台灣 on October 29, 2024.",2384,14,1,32
jycch08,https://www.threads.com/@jycch08/post/DBqxVN5ymFj,這旋律誰不知道 有人跟我說這是全家⋯⋯,2024年10月28日 星期一 下午8:45,,,8590,247,171,248,https://www.threads.com/@familymart_tw/post/DBstlQPs1rQ,這才是全家,2024年10月29日 星期二 下午2:51,,,3958,39,95,125
7ccxic_,https://www.threads.com/@7ccxic_/post/DBnwaU0yXh1,,2024年10月27日 星期日 下午4:39,,"Photo by @7ccxic_ on October 27, 2024.",22000,114,3268,7078,https://www.threads.com/@familymart_tw/post/DBqKPJZS43d,冬天 是 Winter 巧克力 是 Chocolate 全家 是 Family Family 是家庭 在冬天來全家買這款巧克力送你 代表這個冬天我想跟你吃著巧克力，共組家庭！！,2024年10月28日 星期一 下午3:03,,,2065,5,59,101
_yu.xnn,https://www.threads.com/@_yu.xnn/post/DBdEFCNS2mx,下次不買雞腿去教室吃了😥,2024年10月23日 星期三 下午12:59,,,17000,76,713,968,https://www.threads.com/@familymart_tw/post/DBiQhvZSuBQ,抱歉了狗狗，我們的烤雞腿真的太香了…,2024年10月25日 星期五 下午1:24,,"Photo by 全家便利商店_台灣 on October 24, 2024.",2763,1,29,22
shopee_tw,https://www.threads.com/@shopee_tw/post/DBdZzdOvrfJ,聽說大巨蛋下水道、通風管已經滿了 這邊推薦一個絕佳景點給大家,2024年10月23日 星期三 下午4:09,,"Photo by 蝦皮購物Shopee on October 23, 2024.",30000,474,958,3865,https://www.threads.com/@familymart_tw/post/DBdsTnDvms-,全家一起 翻譯,2024年10月23日 星期三 下午6:51,,,1719,4,1,4
cala_food,https://www.threads.com/@cala_food/post/DBWafcfzYRc,"全家
全家 我宣布最近的新品⋯真的太神了😭😭 布丁聖代杯很驚艷欸 我要再買！！",2024年10月20日 星期日 下午11:00,,"Photo by 台北美食｜新品開箱｜探店｜全家大使｜倫敦生活🇬🇧 on October 20, 2024. | Photo by 台北美食｜新品開箱｜探店｜全家大使｜倫敦生活🇬🇧 on October 20, 2024. | Photo by 台北美食｜新品開箱｜探店｜全家大使｜倫敦生活🇬🇧 on October 20, 2024. | Photo by 台北美食｜新品開箱｜探店｜全家大使｜倫敦生活🇬🇧 on October 20, 2024.",9209,161,427,4487,https://www.threads.com/@familymart_tw/post/DBYhSNuSJH9,麻煩一起清空全台店舖的布丁聖代杯🙌🏻,2024年10月21日 星期一 下午6:38,,,397,5,1,6
yao_wei__,https://www.threads.com/@yao_wei__/post/DBVsLkMSJ1u,⋯⋯⋯⋯我現在強的可怕 1 / 2,2024年10月20日 星期日 下午4:16,,"Photo by 劉曜緯 on October 20, 2024.",9792,82,1144,2835,https://www.threads.com/@familymart_tw/post/DBYeVcVSZPw,現在全家 meiji 巧克力第二件六折，也就是說只要 ∫(from 0 to π) sin(x) dx + d/dx (x^3) at x=2 + (cos(0) + tan(π/4)) × 20 元就能買到兩片！,2024年10月21日 星期一 下午6:12,,"Photo by 全家便利商店_台灣 on October 21, 2024.",901,5,41,101
bigolivetw,https://www.threads.com/@bigolivetw/post/DBYYkEYzd2S,我是：阿帕次阿帕次,2024年10月21日 星期一 下午5:22,@familymart_tw,,1,1,,,https://www.threads.com/@familymart_tw/post/DBYcYSLzGAW,不來個影片版支援嗎？,2024年10月21日 星期一 下午5:55,,,1,1,,2
hi_scene_world,https://www.threads.com/@hi_scene_world/post/DBYPnwKzjTE,"結完帳只拿一杯
店員：欸欸欸還有一杯你忘記拿了 我：那是給你的 （轉身邁開瀟灑的步伐走人）",2024年10月21日 星期一 下午4:04,@familymart_tw,,20,2,,,https://www.threads.com/@familymart_tw/post/DBYcUU4zRez,有後續超人嗎？,2024年10月21日 星期一 下午5:55,,,2,,,
sonu0712_,https://www.threads.com/@sonu0712_/post/DBMDow4yWq8,疑似失去所有力氣和手段 全家綠拿鐵+優若乳我真的甘拜下風 1 / 2,2024年10月16日 星期三 下午10:28,,"Photo by @sonu0712_ on October 16, 2024. | Photo by @sonu0712_ on October 16, 2024. | Photo by @sonu0712_ on October 16, 2024. | Photo by @sonu0712_ on October 16, 2024. | Photo by @sonu0712_ on October 16, 2024. | Photo by @sonu0712_ on October 16, 2024. | Photo by @sonu0712_ on October 16, 2024. | Photo by @sonu0712_ on October 16, 2024.",9067,194,906,5861,https://www.threads.com/@familymart_tw/post/DBN-znaSbyj,請大數據推給 有需要的人 🙏,2024年10月17日 星期四 下午4:25,,,513,7,5,7
asdcat_,https://www.threads.com/@asdcat_/post/DBK8DjpTQfP,"如果和曖昧對象吃飯需要控制食量和儀態嗎？
我昨天和曖昧很久的女生去吃大戶屋 她點了壽喜燒單點 而我點了豬排定食 我一共吃了四碗飯五碗湯 而我吃到第二碗時她就吃完開始自顧自的玩手機了……. 全程都沒有跟我講話….. 直到結帳也不發一語的走在我後面… 後來逛了五分鐘日本藥妝店就說要回家了 有人可以告訴我做錯了什麼嗎？😧 1 / 2",2024年10月16日 星期三 下午12:03,,"Photo by Denny on October 15, 2024.",4086,748,44,744,https://www.threads.com/@familymart_tw/post/DBNCu4Xy5ZP,抱歉這篇我只看到大戶屋好吃,2024年10月17日 星期四 上午7:40,,,152,2,,
genri0112,https://www.threads.com/@genri0112/post/DBGcjkCyAWq,（當你懶得切輸入法但對方看得懂日文） 1 / 2,2024年10月14日 星期一 下午6:11,,"Photo by 玄璃Genri on October 14, 2024.",17000,270,717,2362,https://www.threads.com/@familymart_tw/post/DBLaFKayuGt,らいじゃちゃいぇだん 翻譯,2024年10月16日 星期三 下午4:25,,,296,4,,13
klaw1207,https://www.threads.com/@klaw1207/post/DBHCSGyzEzl,"如果台灣也來製作「黑白大廚」，會發生什麼事情？
1.出現80個路邊攤老闆 vs 20個高檔餐廳主廚。
2.評審的評語：「入口即化」、「怎麼這麼彈牙？」、「外酥內軟，太棒了！」、「有一種很綿密的感覺」、「好juicy 」、「爆漿了」、「有一種幸福的感覺」。
3.沒有20個冰箱，只有抽食材卡片。
4.一百個評分者喜歡哪一隊的料理，就把貼紙貼在他們身上。
5.從場內跑到場外，包下一個超商讓參賽者去挑食物。
6.開餐廳太複雜，改賣外帶點心盒，時間兩個小時，看誰賣得多。
7.兩個兩個猜拳pk 料理，最後贏家獲得獎金20萬元。",2024年10月14日 星期一 下午11:40,,,10000,437,675,3012,https://www.threads.com/@familymart_tw/post/DBI8UndS61I,敗部復活戰的主題是全家便利商店,2024年10月15日 星期二 下午5:27,,,867,3,,9
turbo_hak,https://www.threads.com/@turbo_hak/post/DBIMdFVzsvo,"韓國朋友從第一天一落地就跟我說他要吃Taiwanese dumpling 我以為是鼎泰豐 結果是八方雲集
然後他也一直跟我說他要買home run ball回去當伴手禮 我猜超久 叫他給我看照片才知道是義美小泡芙 我不相信在台灣會有人知道home run ball是義美小泡芙 聽到真的笑死😂",2024年10月15日 星期二 上午10:28,,"Photo by Hak🤿🏂🏌🏼‍♂️ on October 14, 2024.",10000,270,143,439,https://www.threads.com/@familymart_tw/post/DBI1ZJUyGEo,緩光臨～,2024年10月15日 星期二 下午4:26,,,2304,5,1,13
looryfilmnotes,https://www.threads.com/@looryfilmnotes/post/DBGzLSxTUaG,我中文一直都不太好 Netflix《艾嘉食堂》的全家聯名商品 請問這邊是要寫吃的到 還是吃得到？,2024年10月14日 星期一 下午9:28,,"Photo by 如履的電影筆記 on October 14, 2024.",1029,178,31,109,https://www.threads.com/@familymart_tw/post/DBIpWXryIaU,好吃最重要🤭,2024年10月15日 星期二 下午2:41,,,23,8,,2
tzouda,https://www.threads.com/@tzouda/post/DBEc9XPzj7D,喜歡喝東西尬冰塊的人，絕對要試這包全家冰塊。 持久不易融水，全透明沒有氣泡，好喝之外又十分賞心悅目。,2024年10月13日 星期日 下午11:36,,"Photo by Tzou鄒昀達 on October 13, 2024. | Photo by Tzou鄒昀達 on October 13, 2024.",12000,131,471,2330,https://www.threads.com/@familymart_tw/post/DBGBgWZymGk,,2024年10月14日 星期一 下午2:14,,"Photo by 全家便利商店_台灣 on October 13, 2024.",2195,2,18,24
lnw0914,https://www.threads.com/@lnw0914/post/DBDx-HGz2YO,請所有的便秘人都去買這個來喝…… 真的是瀉藥等級😇😇😇 1 / 2,2024年10月13日 星期日 下午5:20,,"Photo by Nan on October 13, 2024. | Photo by Nan on October 13, 2024.",12000,383,549,6615,https://www.threads.com/@familymart_tw/post/DBF6h_kS1X3,瀉光臨～,2024年10月14日 星期一 下午1:13,,,2177,12,19,61
elk_miluuu,https://www.threads.com/@elk_miluuu/post/DA3GLt2S2jl,？,2024年10月8日 星期二 下午7:06,,"Photo by 沃絲尼蝶 on October 08, 2024.",30000,156,1124,5594,https://www.threads.com/@familymart_tw/post/DA5RRUvShfy,！？,2024年10月9日 星期三 下午3:22,,"Photo by 全家便利商店_台灣 on October 09, 2024.",2011,8,25,62
z_c._.08,https://www.threads.com/@z_c._.08/post/DA2ZqikvMSb,我嚇爛了😱 大家知道全家的「幸福餐盒」嗎！ 一個才60塊 重點裡面的雞肉大小 跟超商一個59塊的真空包雞胸肉一樣 又多了 四個菜 還有飯！！！ 絕對飽 衝了各位 1 / 2,2024年10月8日 星期二 下午12:37,,,10000,680,237,2090,https://www.threads.com/@familymart_tw/post/DA4u64JS0Qf,"地圖趣連結支援： risu.io/p42t2
risu.io
risu.io",2024年10月9日 星期三 上午10:22,,,213,2,1,1
astrofamily.29636626,https://www.threads.com/@astrofamily.29636626/post/DA2qWBLSvIg,瘋了!!太可愛了吧😍,2024年10月8日 星期二 下午3:03,@familymart_tw,,3,1,,,https://www.threads.com/@familymart_tw/post/DA2455MSh9Y,不買會瘋，所以快買,2024年10月8日 星期二 下午5:10,,,1,,,
cyhotpot,https://www.threads.com/@cyhotpot/post/DA2s805hv_X,是一定要出現在我辦公桌的狗勾!!!!,2024年10月8日 星期二 下午3:26,@familymart_tw,,12,1,,,https://www.threads.com/@familymart_tw/post/DA242aSSaY7,看成出現在火鍋旁的狗勾,2024年10月8日 星期二 下午5:10,,,7,,,
_showba_,https://www.threads.com/@_showba_/post/DA2tukFyUKF,想買！,2024年10月8日 星期二 下午3:33,@familymart_tw,,3,1,,,https://www.threads.com/@familymart_tw/post/DA24x4gyAyh,買了心情好,2024年10月8日 星期二 下午5:09,,,,,,
bibian.jp,https://www.threads.com/@bibian.jp/post/DA2wZTNTPTp,前面有一隻敲可愛的~狗勾 我想來看看這隻狗~勾~ 狗~勾~,2024年10月8日 星期二 下午3:56,@familymart_tw,,3,1,,,https://www.threads.com/@familymart_tw/post/DA24woOyFC4,希望不是隻心碎小狗勾,2024年10月8日 星期二 下午5:09,,,1,,,
zhang_jian1226,https://www.threads.com/@zhang_jian1226/post/DA2qN9hPNVK,可是他要350🥺,2024年10月8日 星期二 下午3:02,@familymart_tw,,4,1,,1,https://www.threads.com/@familymart_tw/post/DA2qkHXSWRb,可是 很可愛🥹,2024年10月8日 星期二 下午3:05,,,8,,,1
iamkeluo,https://www.threads.com/@iamkeluo/post/DAxrTGbyzwI,"食物
我好開心終於知道了正確吃三角飯糰的方法。以前每次吃的時候都很麻煩，但現在發現了正確的打開方式，終於可以開心地享用了！昨天我發了一篇發文，很多人寫評論教我怎麼打開飯糰。有些留言看起來好像是我不會吃飯糰讓別人生氣了，在此跟大家說聲抱歉。因為我以前在烏克蘭時，沒什麼機會吃亞洲食物，所以對這些地道食物比較不熟悉。但因為我真的很愛台灣，我一定會努力學習每一個在地文化的部分，只是還需要一些時間。 不過，大部分的評論都是大家熱心地想幫我解釋如何正確地吃飯糰，這也讓我深刻感受到台灣人對外國人的包容和熱情，以及願意幫助別人的心，真的讓我非常感動🥹。謝謝你們❤️食物",2024年10月6日 星期日 下午4:35,,"Photo by 柯羅 / Roman Koval on October 06, 2024. | Photo by 柯羅 / Roman Koval on October 06, 2024.",5776,142,47,89,https://www.threads.com/@familymart_tw/post/DAzwYrsyBf8,只要金飯糰吃得開心，每種吃法都是好吃法！,2024年10月7日 星期一 上午11:58,,,45,,,
bingyelu,https://www.threads.com/@bingyelu/post/DAwPXPzz3F3,御飯糰🍙先從中間箭頭由⬆️到⬇️斯開 再從左邊⬅️和右邊➡️拉開包裝,2024年10月6日 星期日 上午3:12,@iamkeluo,"Photo by 呂秉燁 on October 05, 2024.",8,1,,,https://www.threads.com/@familymart_tw/post/DAxx6ZySKIB,話說這是金飯糰，謝謝🤭,2024年10月6日 星期日 下午5:33,,,7,2,,1
julycm__,https://www.threads.com/@julycm__/post/DAqRiWQSqTU,🫐🧀 被燒到很久的全家乳酪 很好吃欸！藍莓的超讚 香草的很像濃郁版雞蛋布丁,2024年10月3日 星期四 下午7:36,,"Photo by @julycm__ on October 03, 2024. | Photo by @julycm__ on October 03, 2024.",7247,112,308,1657,https://www.threads.com/@familymart_tw/post/DAsfIvxSmT0,歡迎清空全家乳酪🧀,2024年10月4日 星期五 下午4:13,,,148,,,5
nono7010806yahoocomtw,https://www.threads.com/@nono7010806yahoocomtw/post/DApds7zPi0G,為了全家便當一定要衝鋒陷陣 1 / 2,2024年10月3日 星期四 下午12:03,,,130000,2008,8329,58000,https://www.threads.com/@familymart_tw/post/DAp2ruEyDl9,您好，我是全家便利商店，想請問這段影片中背景的全家，是否是你前進的動力？無論如何注意安全，全家關心您，謝謝,2024年10月3日 星期四 下午3:41,,,32000,117,263,1219
shisapapa_0709,https://www.threads.com/@shisapapa_0709/post/DAgAlXWSD4Q,"吉伊卡哇
台灣的全家也有賣さんぴん茶哦 可以買給家裡吃太多薩塔邦餅的獅薩寶寶吃😚
吉伊卡哇",2024年9月29日 星期日 下午7:55,,"Photo by シーサーパパ on September 29, 2024.",1402,32,70,316,https://www.threads.com/@familymart_tw/post/DAid3r5Srli,被發現了 容我尊稱一聲：歐西修！！ 吃「薩塔邦～餅」記得配超級打工者推薦的さんぴん茶（全家就買得到）,2024年9月30日 星期一 下午6:49,,,117,2,1,3
pattydaif,https://www.threads.com/@pattydaif/post/DAh1O8RS1YM,那是悠遊卡🤣🤣,2024年9月30日 星期一 下午12:54,@familymart_tw,,238,1,,1,https://www.threads.com/@familymart_tw/post/DAh22Z0SGWw,選你正解😍,2024年9月30日 星期一 下午1:08,,,94,,,1
imseriou,https://www.threads.com/@imseriou/post/DAd7r7JT9UY,這是聽說會有女人緣的糖嗎,2024年9月29日 星期日 上午12:34,@familymart_tw,,13,2,,,https://www.threads.com/@familymart_tw/post/DAhi8TRSQdL,也會有男人緣,2024年9月30日 星期一 上午10:14,,,1,1,,
cravingmo,https://www.threads.com/@cravingmo/post/DAYCI0HpcdM,"淡江大學
這隻狗… 是淡江的校狗嗎？ 菸橋旁看到的🤣🤣🤣 淡江大學",2024年9月26日 星期四 下午5:35,,"Photo by Timothy on September 26, 2024. | Photo by Timothy on September 26, 2024.",11000,82,410,1065,https://www.threads.com/@familymart_tw/post/DAawrCcS-PE,這隻我認識，上次幫牠刷過載具,2024年9月27日 星期五 下午7:00,,,901,3,1,3
usaminjoke,https://www.threads.com/@usaminjoke/post/DAZ7ru_PxgZ,寧夏夜市的網站就直接叫寧夏yes是真的可以的嗎,2024年9月27日 星期五 上午11:17,,"Photo by 吳莎敏 on September 26, 2024.",16000,117,1114,1934,https://www.threads.com/@familymart_tw/post/DAar-71yMUd,全家便利商Damn 翻譯,2024年9月27日 星期五 下午6:19,,,3267,8,41,122
sim.sim170,https://www.threads.com/@sim.sim170/post/DAZ-rKBS7tF,"台灣三明治
這是什麼三小 上當受騙😭
台灣三明治 😤😤
대만 샌드위치 이게 뭐노.. ㅜㅜ 翻譯",2024年9月27日 星期五 上午11:43,,"Photo by 심심 on September 26, 2024. | Photo by 심심 on September 26, 2024.",2266,126,20,105,https://www.threads.com/@familymart_tw/post/DAaizoeSVvc,可以買全家的三明治😉,2024年9月27日 星期五 下午4:59,,,745,5,,6
tzupingtzuping,https://www.threads.com/@tzupingtzuping/post/DAVX-ElSjbY,"今天看到新聞說新竹有人中了200萬
我：該不會今天同事J請假，是因為發票中了200萬吧？🧐 同事A：今天對發票？來對一下啊！你之前有中過嗎？ 我：哪會中啦，今年頂多就中個200塊🙃 同事A：沒很難吧，我覺得還好。
（不到一分鐘後） 同事A手抖著遞手機過來：我...我中了100萬... 我：？？？！！！？？？",2024年9月25日 星期三 下午4:48,,,70000,2958,2316,32000,https://www.threads.com/@familymart_tw/post/DAV4idfyt27,來看看有沒有你😉,2024年9月25日 星期三 下午9:32,,"Photo by 全家便利商店_台灣 on September 25, 2024.",925,7,5,149
frank_love_cuisine,https://www.threads.com/@frank_love_cuisine/post/DAUsl9fTJrg,徵求廣大脆友幫這個甜點取名 1 / 2,2024年9月25日 星期三 上午10:29,,"Photo by 法蘭克愛料理｜烘焙｜甜點｜生活 on September 24, 2024. | Photo by 法蘭克愛料理｜烘焙｜甜點｜生活 on September 24, 2024. | Photo by 法蘭克愛料理｜烘焙｜甜點｜生活 on September 24, 2024. | Photo by 法蘭克愛料理｜烘焙｜甜點｜生活 on September 24, 2024.",11000,1242,117,370,https://www.threads.com/@familymart_tw/post/DAVsbFeSR-k,全家輪,2024年9月25日 星期三 下午7:46,,,1038,5,,3
ki___83,https://www.threads.com/@ki___83/post/DAU7PPsMphQ,只有我現在才發現全家的叉子跟塑膠盒旁邊紋路的寬度一樣嗎😵‍💫,2024年9月25日 星期三 下午12:37,,,13000,141,259,352,https://www.threads.com/@familymart_tw/post/DAVrNxtyj1E,條條紋路通全家 這都被你發現啦 😉,2024年9月25日 星期三 下午7:36,,,3665,6,1,13
instagr_carzy_1111,https://www.threads.com/@instagr_carzy_1111/post/DAVqTv3SLya,都不是我 當然 也不是你,2024年9月25日 星期三 下午7:28,@familymart_tw,,75,1,,,https://www.threads.com/@familymart_tw/post/DAVqoAKSndm,小編覺得哭🥲,2024年9月25日 星期三 下午7:31,,,28,1,,1
npm_south,https://www.threads.com/@npm_south/post/DATEZiDB_jy,9/27，來故宮，全員免費。,2024年9月24日 星期二 下午7:18,,,13000,454,431,2030,https://www.threads.com/@familymart_tw/post/DAUyPMZyzi1,全家免費的意思嗎？,2024年9月25日 星期三 上午11:18,,,554,4,,2
rosedrop_m,https://www.threads.com/@rosedrop_m/post/DAUrHNKztZT,全家茶葉蛋好好吃🤤,2024年9月25日 星期三 上午10:16,@familymart_tw,,1,1,,,https://www.threads.com/@familymart_tw/post/DAUrYfRygQt,恭喜成為全家茶葉蛋大使👑,2024年9月25日 星期三 上午10:18,,,3,2,,
everyone_1788,https://www.threads.com/@everyone_1788/post/DAS2T0HPJHF,快標你的笨蛋朋友一起變聰明,2024年9月24日 星期二 下午5:15,,"Photo by 我媽說我長的很好笑 on September 24, 2024.",17000,965,1648,12000,https://www.threads.com/@familymart_tw/post/DAUrCfJy6ad,天天吃茶葉蛋🍵🥚 連續20天 精神抖擻、心情暢快 連續45天 每次考試都考100分 連續100天 成為全家茶葉蛋大使,2024年9月25日 星期三 上午10:15,,,554,18,3,34
catcat_chang,https://www.threads.com/@catcat_chang/post/DAPzDQUz30S,喝了全家的美式後，好像沒辦法喝7-11的了！ 以前明明就很愛喝7-11的欸！ 是全家美式變好喝了嗎？？,2024年9月23日 星期一 下午12:49,,,1519,323,15,168,https://www.threads.com/@familymart_tw/post/DASIjWvybLa,這篇❤️,2024年9月24日 星期二 上午10:35,,,125,1,,
ray_.711,https://www.threads.com/@ray_.711/post/DAPfvTGTFeX,這是什麼國家 1 / 2,2024年9月23日 星期一 上午10:00,,"Photo by ray on September 22, 2024.",20000,1744,466,1560,https://www.threads.com/@familymart_tw/post/DAP_TV8yOZd,全家在這裡,2024年9月23日 星期一 下午2:36,,"Photo by 全家便利商店_台灣 on September 22, 2024.",6505,29,31,40
careofthesoul_alchemy,https://www.threads.com/@careofthesoul_alchemy/post/DAOJFvNShUc,"有人試過散步療法嗎？
我朋友，每天飯後去散步30分鐘 一個月後改善情緒、睡眠，瘦了2-3公斤 中醫說，通常沒睡飽才會胖，還要吃白飯。 1 / 3",2024年9月22日 星期日 下午9:23,,,8937,197,266,1162,https://www.threads.com/@familymart_tw/post/DAP-_wMyxua,"散步到全家
可以散步到住家附近的十間全家🚶 散步到全家",2024年9月23日 星期一 下午2:33,,,148,3,,3
rayli_0510,https://www.threads.com/@rayli_0510/post/DAOCWdpv2lL,"室友觀察日記直到他發現Day2:
麥香紅茶+寫程式",2024年9月22日 星期日 下午8:24,,"Photo by 李元睿 on September 22, 2024.",16000,157,189,611,https://www.threads.com/@familymart_tw/post/DAP1-V5y0dG,我觀察到了阿 Q 桶麵、光泉牛奶、蝦味先、麥香紅茶和科學麵，猜你室友應該很常跑全家喔,2024年9月23日 星期一 下午1:14,,"Photo by 全家便利商店_台灣 on September 22, 2024.",5516,21,17,90
energy8232,https://www.threads.com/@energy8232/post/DAOWYDFPO-j,好吃 友善時光的時候有買 已購房小孩愛吃,2024年9月22日 星期日 下午11:19,@foody_amigo,,3,1,,,https://www.threads.com/@familymart_tw/post/DAPoaDMyPj4,友善食光🥹,2024年9月23日 星期一 上午11:16,,,7,1,,
oxygen0301,https://www.threads.com/@oxygen0301/post/DALmFDNv3qf,全家跟麥當勞的pk,2024年9月21日 星期六 下午9:39,,,31000,222,788,2107,https://www.threads.com/@familymart_tw/post/DAPiXsGyAAH,@mcdonaldstw 給可敬的你一支霜淇淋🍦,2024年9月23日 星期一 上午10:23,,,245,,,5
malodyxiao,https://www.threads.com/@malodyxiao/post/DAGVbxmNIWP,剛剛店員問我說 欸三瓶有打折你要不要放一罐回去 ㄏㄏ🧏🏻‍♀️,2024年9月19日 星期四 下午8:37,,,17000,131,420,1030,https://www.threads.com/@familymart_tw/post/DAK17tQSQrR,激將法有效，學到了。,2024年9月21日 星期六 下午2:38,,,813,1,1,1
ccjzv,https://www.threads.com/@ccjzv/post/DADmvX1ym2y,"‘’冷知識：‘’
‘’你有沒有想過‘’
‘’再繼續單身下去‘’
‘’你的自拍照將來會變成全家福…‘’",2024年9月18日 星期三 下午7:10,,,5360,51,217,418,https://www.threads.com/@familymart_tw/post/DAGN7ppybz8,這算不算一種全家food,2024年9月19日 星期四 下午7:31,,"Photo by 全家便利商店_台灣 on September 19, 2024.",1618,5,16,22
lienjintsai,https://www.threads.com/@lienjintsai/post/DAC4MuETKUC,全家終於瘋了。,2024年9月18日 星期三 下午12:24,,"Photo by 連進財 on September 17, 2024. | Photo by 連進財 on September 17, 2024.",49000,200,3275,8555,https://www.threads.com/@familymart_tw/post/DAFMZMAyJNH,我直接在你留言區發蜂,2024年9月19日 星期四 上午9:59,,"Photo by 全家便利商店_台灣 on September 18, 2024.",3615,15,42,47
cathychao29,https://www.threads.com/@cathychao29/post/C_0Q2PMzCmF,女兒的字好可愛 想要這個字體😃 1 / 2,2024年9月12日 星期四 下午8:11,,"Photo by 偽文青媽咪遛小孩 on September 12, 2024.",6575,207,42,78,https://www.threads.com/@familymart_tw/post/C_2s6mOS2Z7,早點來全家 💚💙,2024年9月13日 星期五 下午6:54,,,1265,6,,8
kgeo_826,https://www.threads.com/@kgeo_826/post/C_zjOOMTg0H,"剛跟一個文組朋友吃飯吵架。 我問：「你吃滷肉飯不拌在一起吃是在吃洨喔？」 他回：「啊我就喜歡這樣吃齁。」 我拍掉了他的碗，打算要他用正確的方式重新吃一遍。 他說：「你他媽不要逼我，我被逼急了什麼事都做得出來！」 我笑說：「笑死，不然來證明 Stone Weierstraß 啊。」 . . . 他說：「幹你娘老雞掰，啊不就幾個分成幾個步驟而已，說穿就是有個𝓐 為緊緻集 K 上實連續函數構成的 ℝ-algebra，若𝓐 separate points and vanishes nowhere，則 𝓐 的 uniform closure 𝓡 由 K 上所有的實連續函數構成。 第一步： 在閉區間 [-a,a] 上，對所有 ε>0，存在實數 c₁,…,cₙ，對所有 x 屬於 [-a,a] 我們有 ||x|-Σcᵢxⁱ|<ε，所以若 f 屬於𝓡 ，則 |f| 也屬於 𝓡。K緊緻所以而 |f| 連續，故 a=sup|f| 存在。利用這些係數，對所有 x屬於 K，|f(x)|-Σcᵢf(xⁱ)|<ε，所以 |f| 也屬於 𝓡 1 / 3",2024年9月12日 星期四 下午1:32,,,2227,96,263,582,https://www.threads.com/@familymart_tw/post/C_2aPVtSZD0,"笑死，來比怎麼用 Stone Weierstraß 吃水水台味季滷肉飯啊，也就幾個步驟而已
第一步：選定 Basic Function Space，滷肉飯中每一種成分，從滷肉、米飯、到醬汁和配菜，都對應於一個 basis functions，這些函數組成 𝓐——在滷肉飯的口感空間 𝐾 上的 𝑅-algebra，其是閉合於加法和乘法運算下的 subalgebra。
第二步：把這些基本成分進行適當線性組合。這過程說穿了就是一個多項式逼近式 𝑃 ( 𝑥 ) = ∑ 𝑐𝑖𝑔𝑖 ( 𝑥 ) ，其中 𝑔𝑖 ( 𝑥 ) 代表每種成分的味道函數， 𝑐𝑖 是每種成分的比例係數。目標是使這個多項式在碗中每一口飯上，都能達到 ∣ 𝑓 ( 𝑥 ) − 𝑃 ( 𝑥 ) ∣ < 𝜖 的效果。
第三步：調整各係數 c₁ 的值，確保線性組合 𝑃 ( 𝑥 ) 在 𝐾 上達到 uniform convergence，並確保這種收斂是 globally uniformly convergent，故能確保整碗中所有位置上，口感都是一致完美的，即可將全家水水台味季滷肉飯味道函數 𝑓 ( 𝑥 ) 逼近到理想的程度。",2024年9月13日 星期五 下午4:11,,,971,28,48,97
ppoq888,https://www.threads.com/@ppoq888/post/C_1wr1_z7q-,很好的指標,2024年9月13日 星期五 上午10:08,,"Photo by 蔡淵州 on September 12, 2024.",25000,216,876,3246,https://www.threads.com/@familymart_tw/post/C_2Xn82SdaJ,想得到高分嗎？ 我們有ChargeSPOT 行動電源借用站喔！,2024年9月13日 星期五 下午3:48,,,835,6,,10
popupasia,https://www.threads.com/@popupasia/post/C_lLWKDT8C_,"全家便利商店
今天客戶說請我們協助邀請插畫家，覺得被認同很開心！
如果你對於 全家便利商店 有興趣，歡迎自我推薦喔。 1 / 2",2024年9月6日 星期五 下午11:34,,,774,620,13,68,https://www.threads.com/@familymart_tw/post/C_2Rgdny4SN,全家推薦全家 可以嗎🥹,2024年9月13日 星期五 下午2:55,,,47,1,,1
igot1y,https://www.threads.com/@igot1y/post/C_zSL8Gheur,我以後只去全家不去711了,2024年9月12日 星期四 上午11:03,@familymart_tw,,279,1,1,2,https://www.threads.com/@familymart_tw/post/C_zSrcsS0jB,全家聽到了,2024年9月12日 星期四 上午11:07,,,652,1,,4
children0704,https://www.threads.com/@children0704/post/C_w67opPKpg,"認真疑問 超商微波餐盒邊緣的凹槽 是做什麼用的啊？
每次都會卡湯在裡面🤔🤔🤔",2024年9月11日 星期三 下午1:01,,"Photo by ✨High咖-邱志恒✨嗨咖 on September 10, 2024.",16000,869,528,7155,https://www.threads.com/@familymart_tw/post/C_xrqRCyHb3,"此凹溝通常是用來盛一部分的湯，方便給朋友們圍著凹溝一起飲用，所以通常是外向的人才用得到。
凹溝飲 outgoing (adj.) 外向的",2024年9月11日 星期三 下午8:07,,,56000,425,3117,7990
ting106759,https://www.threads.com/@ting106759/post/C_wzpg9Pg5h,"這幾天因為一些工作上的事情心情不好 但也不想一直把負面情緒帶給男友 就想自己靜靜滑手機 看劇 睡覺 所以對男友可能有點冷淡（我真的也很抱歉）
然候今天睡到中午才起床 開冰箱想說看有什麼可以煮 結果真的笑出來….",2024年9月11日 星期三 上午11:58,,"Photo by 蓁寧 on September 10, 2024.",9335,198,384,710,https://www.threads.com/@familymart_tw/post/C_xDlu3yPjG,全家也會陪著你,2024年9月11日 星期三 下午2:17,,,935,4,1,3
chastity.sloth.lee,https://www.threads.com/@chastity.sloth.lee/post/C_qEsgjSUO9,99%臺灣人說「蛤」，他們只是為了爭取思考時間。 而我是剩下的那1%，是真的耳包。 1 / 2,2024年9月8日 星期日 下午9:12,,,29000,298,3392,1743,https://www.threads.com/@familymart_tw/post/C_wjHYcSCJR,全家：不，還有 1% 其實是希望你請他吃我們的蛤蜊飯糰,2024年9月11日 星期三 上午9:33,,"Photo by 全家便利商店_台灣 on September 10, 2024.",359,8,2,9
rui_.627,https://www.threads.com/@rui_.627/post/C_ikzkRPnvr,"銘傳宿舍
今天銘傳很火 大家不用擔心我們保護你/妳 銘傳宿舍",2024年9月5日 星期四 下午11:19,,,30000,293,2654,3630,https://www.threads.com/@familymart_tw/post/C_m3nAJyYYJ,你那個麥克風我們有在賣,2024年9月7日 星期六 下午3:20,,,1705,8,9,20
ttshow.tw,https://www.threads.com/@ttshow.tw/post/C_j8ZPIP7qQ,都是，帥，哥,2024年9月6日 星期五 下午12:04,@familymart_tw,,1,1,,,https://www.threads.com/@familymart_tw/post/C_kMGHEy-qt,有帥，吧,2024年9月6日 星期五 下午2:21,,"Photo by 全家便利商店_台灣 on September 05, 2024.",9,,,
imseriou,https://www.threads.com/@imseriou/post/C_j6P-Vpolh,真的假的啦,2024年9月6日 星期五 上午11:45,@familymart_tw,,22,1,,,https://www.threads.com/@familymart_tw/post/C_kL2odSz6Y,有的話你要買嗎🙂‍↕️,2024年9月6日 星期五 下午2:19,,,7,1,,
yuus2.0,https://www.threads.com/@yuus2.0/post/C_gA6J8vPFy,"買手搖飲時我問他要喝什麼？ 凡：不要，我要去買你的紅茶。 我：☺️☺️
結果賣完了他現在很傷心💔",2024年9月4日 星期三 下午11:26,,"Photo by 沈 on September 04, 2024.",4394,81,23,67,https://www.threads.com/@familymart_tw/post/C_haXDryEPC,只好早點來全家❤️,2024年9月5日 星期四 下午12:28,,,222,1,,1
elmo,https://www.threads.com/@elmo/post/C_deVpWRvF6,Hi! Elmo's just glad you're here. ❤️ 翻譯,2024年9月3日 星期二 下午11:46,,,32000,700,1644,328,https://www.threads.com/@familymart_tw/post/C_fM4adSmms,全家愛你💚💙,2024年9月4日 星期三 下午3:52,,,122,2,,1
nownews,https://www.threads.com/@nownews/post/C_fMXB8zoBC,"【全家引進 @pakitte_ 日本「不沾手醬料」免費拿】
我是熱狗，aka 哈（Hot）逗（Dog）🌭😎 — 圖／全家 @familymart_tw 1 / 2",2024年9月4日 星期三 下午3:47,,"Photo by NOWnews 今日新聞 on September 04, 2024.",184,5,2,30,https://www.threads.com/@familymart_tw/post/C_fMowFSlJI,哈逗堡.jpg,2024年9月4日 星期三 下午3:50,,"Photo by 全家便利商店_台灣 on September 04, 2024.",181,,,5
littleice_peter,https://www.threads.com/@littleice_peter/post/C_a_ZPMSgOp,"已購買,小孩很愛吃",2024年9月3日 星期二 上午12:37,@familymart_tw,,77,1,,,https://www.threads.com/@familymart_tw/post/C_cESyvS-Hf,全家愛吃,2024年9月3日 星期二 上午10:39,,,68,,,15
imseriou,https://www.threads.com/@imseriou/post/C_ay232zbfk,舔舔舔舔舔舔舔舔舔舔舔舔舔舔舔舔舔舔舔舔舔舔舔舔舔舔舔舔舔舔舔舔舔舔舔舔舔舔舔舔舔舔霜淇淋舔舔舔舔舔舔舔舔舔舔舔舔舔舔舔舔舔舔舔舔舔舔舔舔舔舔舔舔,2024年9月2日 星期一 下午10:47,@familymart_tw,,443,4,,2,https://www.threads.com/@familymart_tw/post/C_cEKo3SuAs,差點要檢舉了,2024年9月3日 星期二 上午10:38,,,133,2,,1
mcdonaldstw,https://www.threads.com/@mcdonaldstw/post/C_ZotYyvie_,🐔 <— 請問這算一隻麥 Threads 鷄嗎？,2024年9月2日 星期一 下午12:00,,,32000,589,1835,3478,https://www.threads.com/@familymart_tw/post/C_ZsiiuSWVJ,<— 我這裡可是有 Threads 皮泡芙❤️,2024年9月2日 星期一 下午12:33,,,2794,7,13,28
luke7459,https://www.threads.com/@luke7459/post/C_VtPexvVr5,"剛工作忙完，餐廳已經都休息了，只能就近去「全家」打發晚餐
正煩惱吃什麼時，一名從外觀猜測是街友的爺爺也走進店裡
「對不起，請問要買多少錢的東西，才能坐那休息？」爺爺問
『我們這沒有低消』店員愣了一愣後答
爺爺低頭說了聲謝謝，卻還是去拿了一瓶茶結帳
爺爺沒有喝，就是走到店裡最角落的位置，將茶擺著，默默趴在桌上休息
我也沒特別引以為意，找了個空位就開始解決我的晚餐
未料，過不久，店員突然主動走到爺爺身旁，輕點了點他的背
爺爺感覺被嚇到了，整個人一縮，驚慌地抬起頭來
『對不起嚇到你』店員先是說
『請問你有吃過東西了嗎？』
「沒..沒有」
『我們這有便當，待會就要過期了，我微波給你吃好嗎？』
「要多少錢？」
『不用錢，沒人吃就要丟了，你願意幫忙吃還要謝謝你』
離開前，我偷偷用餘光看了爺爺幾眼
爺爺安靜地一口一口吃著便當的同時，眼角都泛紅了
而那個便當，並沒有貼「友善食光」的貼紙，店員微波前還有刷條碼，我覺得他是用自己的錢替爺爺結了
若被看到，只想說聲謝謝你。 1 / 2",2024年8月31日 星期六 下午11:22,,,35000,304,511,368,https://www.threads.com/@familymart_tw/post/C_ZiF11Szn1,🥹🫶,2024年9月2日 星期一 上午11:02,,,312,1,,1
linnn__.1129_,https://www.threads.com/@linnn__.1129_/post/C_R8eQtv55y,校長在學校地下室開全家 贏過幾%高中生,2024年8月30日 星期五 下午12:26,,,40000,605,1117,3192,https://www.threads.com/@familymart_tw/post/C_Zh93RSj4l,是台中全家青中店！青年高中的有為青年下面簽到！,2024年9月2日 星期一 上午11:01,,,274,5,,7
rayduenglish,https://www.threads.com/@rayduenglish/post/C_XZayYxWuT,最近好像流行把英文片語丟上來測試大家的翻譯水準,2024年9月1日 星期日 下午3:07,,"Photo by 阿滴 on September 01, 2024.",24000,796,328,819,https://www.threads.com/@familymart_tw/post/C_ZgrB8yznZ,阿滴老師，求這句翻譯,2024年9月2日 星期一 上午10:49,,"Photo by 全家便利商店_台灣 on September 01, 2024.",334,11,,11
kakookioe,https://www.threads.com/@kakookioe/post/C_Ppxf-ymPU,全家可以出便宜又好吃的可麗露嗎👀,2024年8月29日 星期四 下午2:56,@familymart_tw,,13,1,,,https://www.threads.com/@familymart_tw/post/C_R8tXnyOeI,有喔，下禮拜🙂‍↕️,2024年8月30日 星期五 下午12:20,,,3,,,
_9nlzy,https://www.threads.com/@_9nlzy/post/C_LKFRUv3FD,雖然只有5歲 卻什麼都懂。,2024年8月27日 星期二 下午9:03,,,38000,157,1932,883,https://www.threads.com/@familymart_tw/post/C_PledCy8RZ,美冴別這麼辛苦了，到全家買極鬆餅吧。,2024年8月29日 星期四 下午2:19,,"Photo by 全家便利商店_台灣 on August 28, 2024.",811,11,2,5
lwl_happyboy,https://www.threads.com/@lwl_happyboy/post/C_NUtmaS165,男生看到各種交通工具： 誒，重機欸 誒，跑車欸 誒，警車欸 誒，沙灘車欸 誒，火車欸 誒，輪船欸 誒，軍艦欸 誒，飛機欸 誒，直升機欸 誒，戰鬥機欸 誒，一顆輪子的欸 感覺男生看到各種交通工具都會興奮,2024年8月28日 星期三 下午5:14,,,10000,277,547,614,https://www.threads.com/@familymart_tw/post/C_PYAWkysFp,人類看到各種甜點： 誒，泡芙欸 誒，蛋糕欸 誒，巧克力欸 誒，奶酪欸 誒，慕斯欸 誒，霜淇淋欸 誒，提拉米蘇欸 誒，千層欸 誒，檸檬塔欸 誒，全家都有賣欸 感覺人類看到各種甜點都會興奮。,2024年8月29日 星期四 下午12:21,,,3125,28,51,51
hsin.ju.wu,https://www.threads.com/@hsin.ju.wu/post/C_LIfbDSDDY,我選擇你，但並非只能是你。,2024年8月27日 星期二 下午8:49,,"Photo by 𝑯𝒔𝒊𝒏 𝑱𝒖 ♡ on August 27, 2024.",5645,7,408,197,https://www.threads.com/@familymart_tw/post/C_PXrFSSzQF,他選擇 Family。,2024年8月29日 星期四 下午12:18,,"Photo by 全家便利商店_台灣 on August 28, 2024.",47,,1,
my_airlife,https://www.threads.com/@my_airlife/post/C_K5MygPn-5,這是悠遊卡,2024年8月27日 星期二 下午6:35,@familymart_tw,"Photo by 空氣人生 on August 27, 2024.",12,2,,,https://www.threads.com/@familymart_tw/post/C_Mj7wOyUsQ,Magic..🪄,2024年8月28日 星期三 上午10:08,,,7,1,,
allisonwu201712,https://www.threads.com/@allisonwu201712/post/C_K-mBlSwaj,彈性好嗎？能打蒼蠅嗎？,2024年8月27日 星期二 下午7:22,@familymart_tw,,2,1,,,https://www.threads.com/@familymart_tw/post/C_Mj2V2ScxG,可，✋🏻人蠻痛😅,2024年8月28日 星期三 上午10:07,,,3,1,,
emoving_rider,https://www.threads.com/@emoving_rider/post/C_Ktks2yHyW,過捷運閘門可以用拍的嗎,2024年8月27日 星期二 下午4:53,@familymart_tw,,8,1,,,https://www.threads.com/@familymart_tw/post/C_Mjy-qSQaq,可以拍看看👀 翻譯,2024年8月28日 星期三 上午10:06,,,,,,
,https://www.threads.com/@c.jhhhhhh/post/C-UcIepSH-C,通馬桶神器,2024年8月6日 星期二 下午3:04,,,12,,3,2,https://www.threads.com/@familymart_tw/post/C_Mjv8VS5ap,很實際,2024年8月28日 星期三 上午10:06,,,6,,,
hotsoup.psy,https://www.threads.com/@hotsoup.psy/post/C_IiTiIvop5,"職場真心話
職場真心話 同事心情不好，想鼓勵他 不是說「加油」 而是「要不要訂飲料」",2024年8月26日 星期一 下午8:36,,,14000,318,696,2606,https://www.threads.com/@familymart_tw/post/C_LCImUSkQa,要不要訂飲料,2024年8月27日 星期二 下午7:53,,"Photo by 全家便利商店_台灣 on August 27, 2024.",149,2,1,26
howeazy242,https://www.threads.com/@howeazy242/post/C_GAaw8vyXp,大家的WiFi熱點名稱都叫啥 我的是,2024年8月25日 星期日 下午9:02,,"Photo by 𝐇𝐨𝐰𝐙 on August 25, 2024.",25000,284,1077,1695,https://www.threads.com/@familymart_tw/post/C_H-c3fy5Dk,Wi are Fi mily,2024年8月26日 星期一 下午3:23,,,2026,4,11,27
honey878787,https://www.threads.com/@honey878787/post/C-_vD0kSFi1,全小篇的贏了,2024年8月23日 星期五 上午10:35,@familymart_tw,,2,1,,,https://www.threads.com/@familymart_tw/post/C-__qdEy5OD,禮拜五開心的手舞足蹈：꧁⍢⃝꧂,2024年8月23日 星期五 下午1:00,,,13,,,
wordup_tw,https://www.threads.com/@wordup_tw/post/C-95MtYyaY_,留下一個你喜歡或覺得很酷的單字： 我先 ↓ 1 / 2,2024年8月22日 星期四 下午5:25,,,2249,480,311,254,https://www.threads.com/@familymart_tw/post/C-_-2iASsfi,Familymart,2024年8月23日 星期五 下午12:53,,,135,3,,3
ffu______f,https://www.threads.com/@ffu______f/post/C-94ho3TObY,"交流一下
交流一下 有沒有朋朋要交流一下emoji跟顏文字的 我先奉上！
｜愛心｜ ♡ ‎ ｜ ༘♡｜ ♡⃛｜ ʚ♡⃛ɞ｜ ෆ｜ ෆ⃛｜ =͟͟͞͞♡
♡̷̷̷ ｜ ♡̶ ｜ ♡̴ ｜ ♡̆̈ ｜ ·͜·♡ ｜ ˗ˏˋ ♡ ˎˊ˗
留言內繼續 1 / 2",2024年8月22日 星期四 下午5:19,,,14000,359,3326,3649,https://www.threads.com/@familymart_tw/post/C-_pkHDSEGa,"全家也來分享
₍՞-.-՞₎˖ ࣪⊹ ִֶָ
ᖰ·:·ʘ̅͜ʘ̅·:·ᖳ
ᕙ༼ ≖ᴥ≖༽ᕗ
૮ ⚆ﻌ⚆ა
੧〳 ˵ ಠ ᴥ ಠ ˵ 〵ノ⌒
٩꒰･ัε･ั ꒱۶
φ(≖ω≖｡)",2024年8月23日 星期五 上午9:47,,,189,2,5,7
157.yuan,https://www.threads.com/@157.yuan/post/C-7ZnGKPuPH,好喜歡用這種方式記帳哦哈哈哈,2024年8月21日 星期三 下午6:10,,"Photo by 謝媐元 on August 21, 2024. | Photo by 謝媐元 on August 21, 2024. | Photo by 謝媐元 on August 21, 2024.",4729,130,193,577,https://www.threads.com/@familymart_tw/post/C-96lMeSCTJ,好想知道你在全家買了土司跟「什麼」喔！！ 急，在線等！,2024年8月22日 星期四 下午5:37,,,313,6,,3
wchirwin,https://www.threads.com/@wchirwin/post/C-7DBPezGL0,"許光漢去當兵後變成什麼？
許兀漢
因為頭毛被剃掉了",2024年8月21日 星期三 下午2:53,,,13000,76,1398,2213,https://www.threads.com/@familymart_tw/post/C-96btESTm0,匠土司去洗澡後變成什麼？ 斤土司 因為衣服都脫掉了,2024年8月22日 星期四 下午5:36,,,340,3,1,7
zunnn.12,https://www.threads.com/@zunnn.12/post/C-1mM6zyaOJ,好好笑到底是誰去屏東買熱狗存到我爸的載具,2024年8月19日 星期一 下午12:05,,"Photo by 𝚈𝚄 on August 18, 2024. | Photo by 𝚈𝚄 on August 18, 2024.",2013,30,19,51,https://www.threads.com/@familymart_tw/post/C-6dNfBSozT,東港鮪魚店謝謝您父親的消費（X）,2024年8月21日 星期三 上午9:23,,"Photo by 全家便利商店_台灣 on August 20, 2024.",921,5,1,28
an.apple_1024,https://www.threads.com/@an.apple_1024/post/C-5IGe0TgKm,歌聽久很洗腦，然後這聲音也太暈..？,2024年8月20日 星期二 下午8:59,@familymart_tw,,2,2,,,https://www.threads.com/@familymart_tw/post/C-5JIO6yn9R,真的很暈🫨,2024年8月20日 星期二 下午9:08,,,,,,
sconlineclass,https://www.threads.com/@sconlineclass/post/C-2Rcc-vCDI,你太慢了，已經被大家暴力業配了…,2024年8月19日 星期一 下午6:23,@familymart_tw,,1,1,,,https://www.threads.com/@familymart_tw/post/C-2SLfHSa7Q,😏,2024年8月19日 星期一 下午6:29,,,1,,,
dudeyee_official,https://www.threads.com/@dudeyee_official/post/C-2Rc56yCe0,我選D 因為全家App真的方便，還有因為我們是(D)udeyee翻譯～🫶,2024年8月19日 星期一 下午6:23,@familymart_tw,,2,1,,,https://www.threads.com/@familymart_tw/post/C-2SGVbSRnp,😧,2024年8月19日 星期一 下午6:29,,,1,,,
8yotea,https://www.threads.com/@8yotea/post/C-2Q3OrvNls,（J）走喝八曜，我不要A個也不要B個我要J個,2024年8月19日 星期一 下午6:18,@familymart_tw,,60,1,,2,https://www.threads.com/@familymart_tw/post/C-2SD75SgKF,🙂,2024年8月19日 星期一 下午6:28,,,6,,,
thewho0711,https://www.threads.com/@thewho0711/post/C-2QhpDSkhs,(e)小笨蛋 早知道你最近心情不好 我月初幫你躉繳（溢繳）了200萬 以後放心忘記沒關係❤️,2024年8月19日 星期一 下午6:15,@familymart_tw,,9,1,,,https://www.threads.com/@familymart_tw/post/C-2R7LlygIy,😧,2024年8月19日 星期一 下午6:27,,,,,,
sconlineclass,https://www.threads.com/@sconlineclass/post/C-2QDoSvseA,（f)學好外語，增加職場競爭力！ 擁有高薪，拿錢叫你的秘書幫你去繳 -尚進美日韓語-,2024年8月19日 星期一 下午6:11,@familymart_tw,,8,1,,,https://www.threads.com/@familymart_tw/post/C-2R222SCjO,😧,2024年8月19日 星期一 下午6:26,,,1,,,
linetvtw,https://www.threads.com/@linetvtw/post/C-2QF0gPxSi,(f)別難過了寶 我們一起看LINE TV追劇🥰,2024年8月19日 星期一 下午6:11,@familymart_tw,,2,1,,,https://www.threads.com/@familymart_tw/post/C-2R2RZyQfF,😧,2024年8月19日 星期一 下午6:26,,,2,,,
ginopizza_taiwan,https://www.threads.com/@ginopizza_taiwan/post/C-2QQ3kPwqw,（g) 寶貝～別心情不好了，等等帶妳去吃好吃的,2024年8月19日 星期一 下午6:13,@familymart_tw,,3,1,,,https://www.threads.com/@familymart_tw/post/C-2R1L-StnK,😧,2024年8月19日 星期一 下午6:26,,,,,,
jkopayapp,https://www.threads.com/@jkopayapp/post/C-2P05pPnQV,(e) 街口支付也可以繳費唷，打開街口試試看吧！,2024年8月19日 星期一 下午6:09,@familymart_tw,,14,3,,,https://www.threads.com/@familymart_tw/post/C-2RvksSkr9,😧,2024年8月19日 星期一 下午6:25,,,4,1,,
y_mile,https://www.threads.com/@y_mile/post/C-zsRIaTgbN,神奇小測驗： 如何讓以下圖片中藍色F相連 1 / 2,2024年8月18日 星期日 下午6:19,,"Photo by 楊米樂 on August 18, 2024.",1890,48,24,44,https://www.threads.com/@familymart_tw/post/C-1Y9pmypZl,封你為 全家衛生紙小天才👑,2024年8月19日 星期一 上午10:09,,,794,2,2,
owljourney_,https://www.threads.com/@owljourney_/post/C-r2TJLv1Co,小編很厲害！,2024年8月15日 星期四 下午5:13,@familymart_tw,,3,1,,,https://www.threads.com/@familymart_tw/post/C-sNP2xSFsU,貓頭鷹 平安🙏,2024年8月15日 星期四 下午8:34,,,1,,,
yaotzz,https://www.threads.com/@yaotzz/post/C-mlsBMyyx6,21歲，今年要22歲的我， 買水果還要問媽媽 。 1 / 2,2024年8月13日 星期二 下午4:12,,"Photo by @yaotzz on August 13, 2024.",19000,638,1123,1689,https://www.threads.com/@familymart_tw/post/C-rva6QyndI,這麼多。,2024年8月15日 星期四 下午4:13,,"Photo by 全家便利商店_台灣 on August 15, 2024.",539,5,,2
xien_yeh,https://www.threads.com/@xien_yeh/post/C-oQGvyybOz,"隔壁同事奇景
隔壁同事的食物總是出現在奇特的位置 難怪常常感冒…😅 隔壁同事奇景 1 / 2",2024年8月14日 星期三 上午7:42,,"Photo by 賢(´▽｀) on August 13, 2024. | Photo by 賢(´▽｀) on August 13, 2024. | Photo by 賢(´▽｀) on August 13, 2024.",5532,303,134,1440,https://www.threads.com/@familymart_tw/post/C-rWkA9yfD5,隔壁同事懂喝咖啡☕️,2024年8月15日 星期四 下午12:36,,,158,3,,1
wanchiger,https://www.threads.com/@wanchiger/post/C-jV0C6Seqb,客人：我要取貨 店員：末三碼 客人：306 店員：姓包 客人：菇 1 / 2,2024年8月12日 星期一 上午9:55,,,61000,441,3893,8744,https://www.threads.com/@familymart_tw/post/C-kBFjVy9G_,客人：我要取貨 店員：末三碼 客人：520 店員：姓易 客人：威秀,2024年8月12日 星期一 下午4:14,,,3251,10,35,54
bodlee_,https://www.threads.com/@bodlee_/post/C-aEb03P9In,오늘의 대만🇹🇼 翻譯,2024年8月8日 星期四 下午7:30,,"Photo by 보들이의 국제연애💞 │ 인스타툰ㅣ대만여행정보 on August 08, 2024. | Photo by 보들이의 국제연애💞 │ 인스타툰ㅣ대만여행정보 on August 08, 2024. | Photo by 보들이의 국제연애💞 │ 인스타툰ㅣ대만여행정보 on August 08, 2024. | Photo by 보들이의 국제연애💞 │ 인스타툰ㅣ대만여행정보 on August 08, 2024. | Photo by 보들이의 국제연애💞 │ 인스타툰ㅣ대만여행정보 on August 08, 2024. | Photo by 보들이의 국제연애💞 │ 인스타툰ㅣ대만여행정보 on August 08, 2024. | Photo by 보들이의 국제연애💞 │ 인스타툰ㅣ대만여행정보 on August 08, 2024. | Photo by 보들이의 국제연애💞 │ 인스타툰ㅣ대만여행정보 on August 08, 2024.",6095,42,44,27,https://www.threads.com/@familymart_tw/post/C-cWcGNSBLo,다시 방문을 환영합니다❤️ 翻譯,2024年8月9日 星期五 下午4:46,,,592,1,1,5
s9724322,https://www.threads.com/@s9724322/post/C-aHwKdThJR,桂林仔滷排,2024年8月8日 星期四 下午7:59,@familymart_tw,,1,1,,,https://www.threads.com/@familymart_tw/post/C-bnKLryadO,好吃😋,2024年8月9日 星期五 上午9:53,,,,,,
x.ee.nn,https://www.threads.com/@x.ee.nn/post/C-ZwhE1SshQ,7-11的府城透抽炒意麵,2024年8月8日 星期四 下午4:36,@familymart_tw,,2,1,,1,https://www.threads.com/@familymart_tw/post/C-Z6W-JSuAL,😉,2024年8月8日 星期四 下午6:02,,,,,,
instagr_carzy_1111,https://www.threads.com/@instagr_carzy_1111/post/C-Zw0fzPcEq,我阿嬤煮的菜 她現在煮不動了 可是我還是想再吃一次她煮的 永遠忘記不了,2024年8月8日 星期四 下午4:39,@familymart_tw,,2,1,,,https://www.threads.com/@familymart_tw/post/C-Z6VI7y5sq,❤️,2024年8月8日 星期四 下午6:02,,,,,,
xiaotsuu,https://www.threads.com/@xiaotsuu/post/C-Wuk4yP123,爸爸說 想要現金,2024年8月7日 星期三 下午12:22,@familymart_tw,,1,1,,,https://www.threads.com/@familymart_tw/post/C-XBTBRSY8P,記得包給他,2024年8月7日 星期三 下午3:05,,,2,,,
bomy_family,https://www.threads.com/@bomy_family/post/C-W86VMp_21,大家都叫我爸爸 寫我最適合了,2024年8月7日 星期三 下午2:27,@familymart_tw,,7,1,,,https://www.threads.com/@familymart_tw/post/C-XBQlzyQgd,😯,2024年8月7日 星期三 下午3:05,,,,,,
andau_560,https://www.threads.com/@andau_560/post/C-Rod5Tp9gq,"那天車窗起霧
我在窗上寫了妳全家的名字
後來霧散了
妳全家也沒了 1 / 2",2024年8月5日 星期一 下午12:52,,,10000,101,829,1212,https://www.threads.com/@familymart_tw/post/C-W3thNyf3i,先等一下。,2024年8月7日 星期三 下午1:42,,,2581,19,46,95
shi_____shiiiiiiiiiiiiiiiiii,https://www.threads.com/@shi_____shiiiiiiiiiiiiiiiiii/post/C-VTrhNPJ0Q,只有我不知道芭樂系是什麼嗎😅,2024年8月6日 星期二 下午11:07,@familymart_tw,,1,1,,,https://www.threads.com/@familymart_tw/post/C-WlA7MSW6U,是芭樂系,2024年8月7日 星期三 上午10:58,,,3,,,
_1yinng,https://www.threads.com/@_1yinng/post/C-SNp4uzCRX,寶貝你要知道 如果一個男人不帶你去吃草莓蛋糕奶油蛋糕巧克力蛋糕芝士蛋糕奶油泡芙肉鬆麵包起司蛋糕紅豆麵包杯子蛋糕蛋撻卡士達蛋撻綠豆糕紅豆餅太陽餅奶油餅奶茶紅豆牛奶珍珠奶茶芒果布丁檸檬水橙汁冰淇淋西米露西瓜汁冰棍綠豆糕巧克力可可星冰樂煎餃水餃炸湯圓鹹湯圓蒜泥白肉燕麥宮保雞丁魚香肉絲麻婆豆腐紅燒肉海底撈炸雞排明太子雞翅烤魷魚雞肉卷雞米花爆米花米漢堡鳳梨蝦球東山鴨頭三杯炒滷味雪碧可樂沙士蘋果西打鮑魚蛤蜊河蚌海膽墨魚章魚石斑草蝦鮭魚黑鮪魚三文魚豆乳雞吐司果凍椰果香腸星空蛋糕棒棒糖味味A維力炸醬麵蘭州拉麵鷹流拉麵一蘭拉麵烤全豬羊肉串金華火腿鴨賞綠豆沙牛奶可爾必斯北京烤鴨葡萄乾哈密瓜香蕉蘋果水蜜桃榴蓮菠蘿蜜葡萄草莓櫻桃山竹芒果荔枝龍眼梅子楊桃玉米屋馬茶六碳佐麻里橘子熱狗披薩春捲墨西哥肉捲壽司巴西卷鰻魚飯半熟蛋溫泉蛋玉子水煎包曲奇餅燒肉眾牛肉麵親子丼羊肉爐薑母鴨肉多多肯德基麥當勞摩斯漢堡漢堡王福勝亭壽喜燒串燒永和豆漿那他一定不是真心喜歡你！ 1 / 2,2024年8月5日 星期一 下午6:17,,,10000,257,2136,4668,https://www.threads.com/@familymart_tw/post/C-UGT4nSUE1,寶貝你要知道 如果一個男人陪你吃過抹茶口味英式奶茶口味靜岡奶茶口味雀巢檸檬茶口味鐵觀音口味日安紅濃茶歐蕾口味棉被午茉綠口味四季金萱口味碳培烏龍口味東方美人茶口味水蜜桃口味青森蘋果口味草莓優格口味焰火西瓜口味巨峰葡萄口味白葡萄口味日日蜜柑口味櫻花口味黑色幽墨口味果汁牛乳口味森永牛奶糖口味蜂蜜檸檬口味的全家Fami!ce霜淇淋這個月還要陪你吃最新口味是芭樂系和木瓜牛奶 那他一定是真心喜歡你！,2024年8月6日 星期二 上午11:51,,,1051,7,28,65
chilinwang,https://www.threads.com/@chilinwang/post/C-RGGqMyIQQ,"這是一個瘋狂的夜晚 連二拉二🏅 勝利是屬於你們的 謝謝大家 我愛你們
來～讓我看看這篇的讚數能衝到多少😏",2024年8月5日 星期一 上午7:52,,"Photo by 王齊麟 on August 04, 2024. | Photo by 王齊麟 on August 04, 2024. | Photo by 王齊麟 on August 04, 2024.",830000,10000,24000,10000,https://www.threads.com/@familymart_tw/post/C-SBcCyS8Vn,恭喜大吃一金！,2024年8月5日 星期一 下午4:30,,"Photo by 全家便利商店_台灣 on August 05, 2024.",1399,2,3,12
pchot_gaming,https://www.threads.com/@pchot_gaming/post/C-JtabJSHG1,這是種雙人愛心嗎??,2024年8月2日 星期五 上午11:01,@familymart_tw,,3,1,,,https://www.threads.com/@familymart_tw/post/C-JuTLPyC6B,最新的拍照姿勢,2024年8月2日 星期五 上午11:09,,,2,,,
netflixtw,https://www.threads.com/@netflixtw/post/C-FF9D9p2Or,好累喔,2024年7月31日 星期三 下午4:00,,"Photo by Netflix Taiwan on July 31, 2024.",15000,94,900,1660,https://www.threads.com/@familymart_tw/post/C-FQUaeyjkj,是不是想 加薪「善導寺」千？,2024年7月31日 星期三 下午5:30,,,763,3,3,16
0x_kxx,https://www.threads.com/@0x_kxx/post/C9_623PPsut,沒事 發個神經,2024年7月29日 星期一 下午3:46,,"Photo by ❄️ on July 29, 2024.",26000,148,3969,2671,https://www.threads.com/@familymart_tw/post/C-Cr79Yys7I,我直接發蜂,2024年7月30日 星期二 下午5:34,,"Photo by 全家便利商店_台灣 on July 30, 2024.",2723,12,46,26
frozenheart.co,https://www.threads.com/@frozenheart.co/post/C-CdqmbPseI,我每天吃三支全家霜淇淋，全家小編會館館我嗎,2024年7月30日 星期二 下午3:29,@familymart_tw,,26,1,,4,https://www.threads.com/@familymart_tw/post/C-CiBXryky4,男模會館👀,2024年7月30日 星期二 下午4:07,,,40,,,1
emondora21120903,https://www.threads.com/@emondora21120903/post/C-Cb9lfpM_d,什麼時候才又會有霜淇淋兌換券可以購買?,2024年7月30日 星期二 下午3:14,@familymart_tw,,2,1,,,https://www.threads.com/@familymart_tw/post/C-Ch9rHyXeS,,2024年7月30日 星期二 下午4:07,,"Photo by 全家便利商店_台灣 on July 30, 2024.",18,,,2
jieyu._.0717,https://www.threads.com/@jieyu._.0717/post/C99WAkCSQIR,原來考駕照題目可以拿來當梗圖 1 / 2,2024年7月28日 星期日 下午3:46,,"Photo by 🪢🐟都被叫🐟🪢 on July 28, 2024.",11000,113,1333,1553,https://www.threads.com/@familymart_tw/post/C9_zFA4Sb3h,「注意霜淇淋左側滴落」,2024年7月29日 星期一 下午2:39,,"Photo by 全家便利商店_台灣 on July 28, 2024.",1685,5,24,17
duncan_design,https://www.threads.com/@duncan_design/post/C99cBGpJ0V7,"剛剛家母在翻Netflix
我：你有看過絕地救援嗎？ 母：有啊，在外太空種菜那個對不對？ 我：🤣🤣🤣 母：不是這樣講嗎？
實在是白話又精準的敘述 1 / 2",2024年7月28日 星期日 下午4:39,,"Photo by Duncan on July 28, 2024.",3834,59,44,57,https://www.threads.com/@familymart_tw/post/C9_YzEoSy26,一個光頭老大帶夥伴飛車追逐，然後很愛講我名字的那個,2024年7月29日 星期一 上午10:49,,,241,1,2,3
en.painting,https://www.threads.com/@en.painting/post/C93KyntPcu-,白癡喔買完滷味走出來嚇到==,2024年7月26日 星期五 上午6:13,,,17000,162,932,2243,https://www.threads.com/@familymart_tw/post/C94cF5SyZhk,看來是在魯班門前買滷味，關公面前開重機的朋友（這是在苓雅夜市旁邊的全家高雄豐強店噢！）,2024年7月26日 星期五 下午6:03,,,976,4,3,13
jkopayapp,https://www.threads.com/@jkopayapp/post/C9wsf_1vnHs,你淺淺的微笑就像鮭魚子醬,2024年7月23日 星期二 下午5:52,@familymart_tw,,78,2,,1,https://www.threads.com/@familymart_tw/post/C9wxXr5yEDg,讓全家聽見你的歌聲～,2024年7月23日 星期二 下午6:35,,,22,,,
elmo,https://www.threads.com/@elmo/post/C9uj8v0Rxmm,"Okay, everybody! Who needs a hug? Elmo is ready! 翻譯",2024年7月22日 星期一 下午9:59,,,29000,1347,1517,419,https://www.threads.com/@familymart_tw/post/C9v5AYRyP_g,Could you give me a family hug? 🫣 翻譯,2024年7月23日 星期二 上午10:22,,,478,6,3,4
cartonking.tw,https://www.threads.com/@cartonking.tw/post/C9t_pl2yQOs,​ ​ ​ ​ ​ _________ ​ ​ ​ / ​ ​ ​ ​ ​ ​ ​ ​ ​ ​ ​ ​ ​ ​ /| ​ / ​ ​ ​ ​ ​ ​ ​ ​ ​ ​ ​ ​ ​ ​ / ​ | /________/ | | ​ ​ ​ ​ ​ ​ ​ ​ ​ ​ ​ ​ ​ | ​ ​ ​ ​ / | ​ ​ 箱編 ​ ​ | ​ ​ / |________|/ 箱編來報到了~~📦,2024年7月22日 星期一 下午4:42,@familymart_tw,,414,1,,1,https://www.threads.com/@familymart_tw/post/C9t_3qzyViE,太箱了！,2024年7月22日 星期一 下午4:44,,,99,,,
food.travel_ky,https://www.threads.com/@food.travel_ky/post/C9tvV8EBRJQ,送我一支可以嗎>///<,2024年7月22日 星期一 下午2:20,@familymart_tw,,16,1,,,https://www.threads.com/@familymart_tw/post/C9t_oT2yyj2,​ ​ ​ ​ ​ ​ ☆ ​ ​ ​ ​ ​ ( ​ ​ ​ ) ​ ​ ​ ( ​ ​ ​ ​ ​ ​ ​ ) ​ ( ​ ​ ​ ​ ​ ​ ​ ​ ​ ​ ​ ) (________) \ ​ ​ ​ ​ ​ ​ ​ ​ ​ ​ ​ ​ ​ / ​ \ ​ ​ ​ ​ ​ ​ ​ ​ ​ ​ ​ / ​ ​ \_____/ ​ ​ ​ ​ |___| 不一樣的喔😉,2024年7月22日 星期一 下午4:42,,,237,1,1,1
lzyf_1216,https://www.threads.com/@lzyf_1216/post/C9t492Qz4ek,壓扁的😂,2024年7月22日 星期一 下午3:44,@familymart_tw,"Photo by @lzyf_1216 on July 22, 2024.",100,2,,1,https://www.threads.com/@familymart_tw/post/C9t_OM1y2kd,也好吃,2024年7月22日 星期一 下午4:38,,,39,,,
frozenheart.co,https://www.threads.com/@frozenheart.co/post/C9twDzqvtM-,小編剛剛擠霜淇淋的時候，心裡有默默地數幾圈嗎,2024年7月22日 星期一 下午2:26,@familymart_tw,,66,1,,,https://www.threads.com/@familymart_tw/post/C9t_IcWyCX6,我今天心情好🤗,2024年7月22日 星期一 下午4:37,,,41,,,
z10_eatwithmiller,https://www.threads.com/@z10_eatwithmiller/post/C9t2H8YP026,才剛吃完就看到這篇,2024年7月22日 星期一 下午3:19,@familymart_tw,"Photo by 無米樂的Z10飲食紀實 on July 22, 2024.",317,1,,1,https://www.threads.com/@familymart_tw/post/C9t--IpS7bG,命中註定,2024年7月22日 星期一 下午4:36,,,73,,,
umusicpop,https://www.threads.com/@umusicpop/post/C9t3BGNPpYM,霜淇淋必搭Espresso吧💕,2024年7月22日 星期一 下午3:27,@familymart_tw,Spring Break Dance GIF by Sabrina Carpenter,246,1,1,,https://www.threads.com/@familymart_tw/post/C9t-8djSdZh,忽然想跳舞💃,2024年7月22日 星期一 下午4:36,,,51,1,,1
liaoyiting98,https://www.threads.com/@liaoyiting98/post/C9svFFEyJjX,,2024年7月22日 星期一 上午4:58,@familymart_tw,"Photo by Claire Liao on July 21, 2024. | Photo by Claire Liao on July 21, 2024. | Photo by Claire Liao on July 21, 2024.",,2,,,https://www.threads.com/@familymart_tw/post/C9tUYiWy7cX,謝謝🥹,2024年7月22日 星期一 上午10:24,,,1,,,
qin_1115,https://www.threads.com/@qin_1115/post/C9jdeR5ybpx,不要再問我是E人還是I人了 我是P人 Poor窮人 1 / 2,2024年7月18日 星期四 下午2:31,,,18000,101,3197,1338,https://www.threads.com/@familymart_tw/post/C9l78ewSVlS,我是 F 人 最愛去 FamilyMart 的人😜,2024年7月19日 星期五 下午1:36,,,587,2,1,2
rong_._._180cm,https://www.threads.com/@rong_._._180cm/post/C9i3ZueSDpA,高雄你是懂標語的💀,2024年7月18日 星期四 上午8:58,,"Photo by Yu_Rong on July 17, 2024.",20000,60,725,627,https://www.threads.com/@familymart_tw/post/C9l7sKnyc27,全家也是懂標語的🍠,2024年7月19日 星期五 下午1:33,,"Photo by 全家便利商店_台灣 on July 18, 2024.",3086,4,24,33
mentally.ill86,https://www.threads.com/@mentally.ill86/post/C9cd6otTSJY,"署假整天下來的你：
1 /長期躺著 2 /偶爾翻身 3 /體脂偏高 4 /不太健康 5 /成份複雜
結論： 「其實你不是人，是烤香腸。」 1 / 2",2024年7月15日 星期一 下午9:20,,,20000,149,2809,2728,https://www.threads.com/@familymart_tw/post/C9gWVvjSgAd,"這個夏天的你：
1 /忍受高溫 2 /外皮焦黑 3 /內在超黃 4 /體型圓滾 5 /滿是澱粉
結論： 「其實你不是人，是夯番薯。」",2024年7月17日 星期三 上午9:31,,,2089,9,66,85
jj4567810,https://www.threads.com/@jj4567810/post/C9eJYTXy6yK,"請用「新莊」造句
我：他的新莊不下你",2024年7月16日 星期二 下午12:59,,,10000,500,1394,2480,https://www.threads.com/@familymart_tw/post/C9et714S0fO,當小編很艱辛 裝做堅強的樣子,2024年7月16日 星期二 下午6:19,,,767,3,2,4
yentang_diary,https://www.threads.com/@yentang_diary/post/C9RYQ3GvwUT,盯著這張圖看了五秒，思考我真的是在全家沒錯ㄅ,2024年7月11日 星期四 下午1:59,,"Photo by Joanne Chu on July 10, 2024.",23000,122,512,705,https://www.threads.com/@familymart_tw/post/C9UPkDAykBG,沒錯喔！身為一個溫暖友善的小編，幫隔壁同事過個生日也是理所當然的吧😊,2024年7月12日 星期五 下午4:41,,,2439,13,3,8
littse,https://www.threads.com/@littse/post/C9SKBu8P8N7,"今天是最後7/11 很明顯的 是7-ELEVEN 生日
好的 全家FamilyMart 真是好鄰居 今天全台灣全家便利商店都祝福他呢 推出咖啡71折 XD",2024年7月11日 星期四 下午9:14,,"Photo by Littse Liu on July 11, 2024.",254,3,,1,https://www.threads.com/@familymart_tw/post/C9T9j_EyXps,全家覺得有愛🫶🏻,2024年7月12日 星期五 下午2:04,,,127,,,
michelle31606,https://www.threads.com/@michelle31606/post/C9RYtZPSqP6,全家小編真的很厲害！搞得我都忘了今天是7-11的生日，只記得全家小編隔壁同事的生日～這個行銷策略真的有夠成功😂,2024年7月11日 星期四 下午2:03,@familymart_tw,,3,1,,,https://www.threads.com/@familymart_tw/post/C9TYAWOS2bA,😍🫶🏻🫶🏻,2024年7月12日 星期五 上午8:35,,,2,,,
hola.taiwan,https://www.threads.com/@hola.taiwan/post/C9ReLxAPBcI,以行動祝福生日,2024年7月11日 星期四 下午2:51,@familymart_tw,"Photo by HOLA 和樂家居 on July 10, 2024.",2,1,,,https://www.threads.com/@familymart_tw/post/C9TX-99ymQg,Hola棒棒👍🏻,2024年7月12日 星期五 上午8:35,,,2,1,,
secret_go_go,https://www.threads.com/@secret_go_go/post/C9RSBj3TQI-,請問七月生日禮可以在哪邊領取？,2024年7月11日 星期四 下午1:05,@familymart_tw,,5,1,,,https://www.threads.com/@familymart_tw/post/C9RXPmUy7qa,全家APP-我的商品 🥹,2024年7月11日 星期四 下午1:50,,,6,,,
jjkkyy,https://www.threads.com/@jjkkyy/post/C9RT5F9BZsj,我忘了領券，剛才去吃霜淇淋還是49元🥲,2024年7月11日 星期四 下午1:21,@familymart_tw,,2,1,,1,https://www.threads.com/@familymart_tw/post/C9RW_I_SVmj,再領一次再吃一支,2024年7月11日 星期四 下午1:48,,,1,,,
erik_isnotdead,https://www.threads.com/@erik_isnotdead/post/C9NNGpgSYHu,不行 這真的太屌了 到底怎麼想出來的,2024年7月9日 星期二 下午11:05,,"Photo by 吳承駿 on July 09, 2024.",40000,514,4873,9142,https://www.threads.com/@familymart_tw/post/C9PaV0DyDDQ,家家家家家家家家家家家家家家家家家家家家家家家家家家家家家家家家家家家家家家家家家家家家家家家家家家家家家家家家家家家家家家家家家家家家家家家家家家家家家家家家家家家家家家家家家家家家家家家家家家家家家家家家家家家家家家家家家家家家家家家家家家家家家家家家家家家家家家家家家家家家家家家家家家家家家家家家家家家家家家家家家家家家家家家家家家家家家家家家家家家家家家家家家家家家家,2024年7月10日 星期三 下午7:39,,,594,5,2,9
linwitsi,https://www.threads.com/@linwitsi/post/C9Mflp3PZJ8,鼓勵大家一起於27號在大安區99號超冷的13樓參加活動23歲以下有小孩的記得帶信用卡7張,2024年7月9日 星期二 下午4:27,@familymart_tw,,39,1,,,https://www.threads.com/@familymart_tw/post/C9Mnl1USPwR,😂,2024年7月9日 星期二 下午5:37,,,1,,,
kuntin1993,https://www.threads.com/@kuntin1993/post/C9MncZSB1ju,看起來都是美國大聯盟球員,2024年7月9日 星期二 下午5:36,@familymart_tw,,2,1,,,https://www.threads.com/@familymart_tw/post/C9MnjGaSu-A,看來脆友是大聯盟的忠實觀眾,2024年7月9日 星期二 下午5:36,,,1,,,
bryan7533967,https://www.threads.com/@bryan7533967/post/C9H_wYgSl09,"晚上在麵店吃麵時，隔壁坐一對情侶非常放閃…
女:老公我要吃麵麵
男:好啊，你要加辣辣嗎
女:不要，NONO
男:老闆，我要一碗牛肉麵
老闆:(大聲)好！一碗麵麵不要加辣辣
我:(噴湯)",2024年7月7日 星期日 下午10:32,,,70000,436,3476,9430,https://www.threads.com/@familymart_tw/post/C9Mk33KSgoP,好的，這裡是冰冰一杯，請問發票票要存載具具嗎？,2024年7月9日 星期二 下午5:13,,"Photo by 全家便利商店_台灣 on July 09, 2024.",269,2,3,1
eillie0128,https://www.threads.com/@eillie0128/post/C9FM2LOyxAy,台中有嗎,2024年7月6日 星期六 下午8:28,@familymart_tw,,2,2,,,https://www.threads.com/@familymart_tw/post/C9FUOKcySr9,一中街店和金福星店💫,2024年7月6日 星期六 下午9:33,,,1,,,
joker_k.yo_c,https://www.threads.com/@joker_k.yo_c/post/C9EusO6SLqq,不可能是有人生四格的吧 不可能的吧 那肯定是我看錯的吧,2024年7月6日 星期六 下午4:05,@familymart_tw,,1,2,,,https://www.threads.com/@familymart_tw/post/C9FNvwMyAUJ,沒錯喔🥹,2024年7月6日 星期六 下午8:36,,,,,,
ann_522_,https://www.threads.com/@ann_522_/post/C9CgdycyMlL,"emoji網路用語：
💊 =要玩 🐛🈴 = 蛤 🏚️ = 破防了 🐸咧 = 哇咧 📖💡 = 輸光 🉑🪷 = 可憐 🍓💰 = 沒錢 🐦🪨 = 確實 ✈️🎹 = 行情 🐮🍺 = 牛逼 🪡➕ = 真假 🦀🦀 = 謝謝 💧🐸 = wtf 😵💫🚢 =暈船 🐮☎️🔔 = 哞摳鈴 🪡🧵🪵 = 真羨慕 👊🏻📱📞 = 打電話 🪡🈚️🌧️ = 真無語 🥚🌲🐶 = 單身狗 🪡🐷🥛🍵 = 珍珠奶茶
還有沒有其他的想知道更多🤓 1 / 2",2024年7月5日 星期五 下午7:22,,,29000,854,3212,6026,https://www.threads.com/@familymart_tw/post/C9ErVCwS47J,👊🏠🍷4️⃣🫵🏠，😉,2024年7月6日 星期六 下午3:36,,,1560,11,21,29
8yotea,https://www.threads.com/@8yotea/post/C8_7wPNPdSi,"結果剛剛老闆叫我上樓
他突然！！掏出一個大紅包給我！！ 超厚的.. 感覺裡面塞到紅包快破掉..
老闆說： 曜頭你最近幹的不錯，這些讓你自由發揮吧！
我直接一把鼻涕一把眼淚",2024年7月4日 星期四 下午7:23,,"Photo by 八曜和茶Hachiyo Tea on July 04, 2024.",8174,516,58,97,https://www.threads.com/@familymart_tw/post/C9BxQiqygEU,來全家買 早餐午餐晚餐,2024年7月5日 星期五 下午12:30,,,154,1,,
w_xiang1217,https://www.threads.com/@w_xiang1217/post/C884Oliyt5n,車輪餅裡沒有車輪，我可以忍 太陽餅裡沒有太陽，我可以忍 老婆餅裡沒有老婆，我可以忍 嬰兒油裡沒有嬰兒，我可以忍 但是⋯ 哈尼午茉綠沒有哈尼，這叫我怎麼忍！！！,2024年7月3日 星期三 下午2:54,,"Photo by Oscar on July 02, 2024. | Photo by Oscar on July 02, 2024.",5557,79,594,725,https://www.threads.com/@familymart_tw/post/C8-y7u4yTHf,兩個口味都吃就可以與哈尼香芋了❤️,2024年7月4日 星期四 上午8:47,,,474,4,1,9
kk._.1213_,https://www.threads.com/@kk._.1213_/post/C86SHdYP-U6,最愛怒怒的原因：烤棉花糖😗,2024年7月2日 星期二 下午2:43,,"Photo by 畢給𝟚𝟘 on July 01, 2024.",21000,43,990,569,https://www.threads.com/@familymart_tw/post/C88opKWSMUL,夯番薯也麻煩了🍠🧚,2024年7月3日 星期三 下午12:38,,,580,4,,4
pinocchio.shop,https://www.threads.com/@pinocchio.shop/post/C87AbPWP_V6,工藤新一跟柯南是什麼關係啊 只有我覺得他們兩個越看越像嗎🤔,2024年7月2日 星期二 下午9:28,,"Photo by 小木偶 PINOCCHIO ▸ 代購/選貨/服飾 on July 02, 2024.",13000,403,484,1044,https://www.threads.com/@familymart_tw/post/C88glmByVmM,有像嗎？,2024年7月3日 星期三 上午11:28,,"Photo by 全家便利商店_台灣 on July 02, 2024.",627,3,1,17
memecatxd1314,https://www.threads.com/@memecatxd1314/post/C84W0F1h2hd,在貓貓生命的最後… 他眼淚滴進牛奶的那一刻😭😭💔,2024年7月1日 星期一 下午8:46,,,61000,731,4517,8180,https://www.threads.com/@familymart_tw/post/C86qlLmStgc,全家哭了😭,2024年7月2日 星期二 下午6:17,,,630,2,,11
sisimylove02,https://www.threads.com/@sisimylove02/post/C83cY_kzuZF,二度確診Covid-19 一家四口去看中醫， 看完診， 醫生說：「你等等跟櫃台說要買水藥，10包黃義湯。」 到了櫃檯，我跟櫃台人員說：「我要10包黃義湯。」完全照著醫生跟我說的念。 櫃台人員面無表情的拿了10包給我。 過幾分鐘我打開塑膠袋，看著藥包上面寫著「防疫湯」… 好哦，醫生你害我破「黃」了…,2024年7月1日 星期一 下午12:15,,,15000,332,689,4545,https://www.threads.com/@familymart_tw/post/C86FykPSRJR,喉融痛要不要來罐轟蜜誰？,2024年7月2日 星期二 下午12:55,,"Photo by 全家便利商店_台灣 on July 01, 2024.",346,1,,
banaoday,https://www.threads.com/@banaoday/post/C84RKyEyP5l,當你窮得沒辦法聚餐，朋友還是堅持要見你：,2024年7月1日 星期一 下午7:56,,"Photo by 鄭 on July 01, 2024.",47000,890,3873,8240,https://www.threads.com/@familymart_tw/post/C86Foa7SnEz,是友善「食」光喔～🫶🏻 翻譯,2024年7月2日 星期二 下午12:54,,,1508,5,1,9
shiqi_0123,https://www.threads.com/@shiqi_0123/post/C83php7SkHY,不知道shopee小編是不是也想睡多5分鐘😆😆,2024年7月1日 星期一 下午2:10,@familymart_tw,"Photo by SHi Qi 诗淇 on June 30, 2024.",10,1,,,https://www.threads.com/@familymart_tw/post/C83q6f8SJgj,直接來問問 @shopee_tw,2024年7月1日 星期一 下午2:22,,,5,,,1
lantiz731,https://www.threads.com/@lantiz731/post/C8v9CW5PAIS,我就問眼睛不乾嗎？,2024年6月28日 星期五 下午2:26,@familymart_tw,,,1,,,https://www.threads.com/@familymart_tw/post/C815oudy6Y9,很乾,2024年6月30日 星期日 下午9:52,,,,,,
blue._.535,https://www.threads.com/@blue._.535/post/C8uNzJ7y6hW,這才是我記得的巧虎主題曲啦！ 勾起多少人的童年回憶,2024年6月27日 星期四 下午10:15,,,21000,286,3533,2105,https://www.threads.com/@familymart_tw/post/C8ypc5lySOr,這張圖會勾起多少人的冰涼回憶呢,2024年6月29日 星期六 下午3:33,,"Photo by 全家便利商店_台灣 on June 29, 2024.",703,2,14,9
mirror_media,https://www.threads.com/@mirror_media/post/C8vsbaxv_L0,還我眼淚喔😆,2024年6月28日 星期五 下午12:01,@familymart_tw,,109,1,,,https://www.threads.com/@familymart_tw/post/C8wGEdvSnda,可以當下期的封面嗎？,2024年6月28日 星期五 下午3:45,,,50,,,
cs903424,https://www.threads.com/@cs903424/post/C8v0SxgprD1,這影片停不下來,2024年6月28日 星期五 下午1:10,@familymart_tw,,3,1,,,https://www.threads.com/@familymart_tw/post/C8v0zhmSBoX,一切都是為了柯南🕶️,2024年6月28日 星期五 下午1:14,,,1,,,
_alc.nis,https://www.threads.com/@_alc.nis/post/C8q9xTdvmwN,幹段考這樣出直接破防😭 細節老師🥹🫰 1 / 2,2024年6月26日 星期三 下午3:56,,"Photo by 𝐘𝐮, 𝐉𝐞𝐧-𝐘𝐢 游仁逸 on June 26, 2024.",9912,49,654,537,https://www.threads.com/@familymart_tw/post/C8tkWDRS1b7,,2024年6月27日 星期四 下午4:12,,"Photo by 全家便利商店_台灣 on June 27, 2024.",931,8,15,14
91app_taiwan,https://www.threads.com/@91app_taiwan/post/C8tGIRBvABA,"哦哦！是這個嗎？👀 mart.family.com.tw/SaleP…
mart.family.com.tw
mart.family.com.tw",2024年6月27日 星期四 上午11:48,@familymart_tw,,,1,,,https://www.threads.com/@familymart_tw/post/C8tRRU3yJ8Q,,2024年6月27日 星期四 下午1:25,,Nickelodeon Yes GIF by SpongeBob SquarePants,,,,
0209_joy,https://www.threads.com/@0209_joy/post/C8oWYSQyrtC,沒有 直接困在全家😵‍💫,2024年6月25日 星期二 下午3:34,@familymart_tw,"Photo by 佳盈ᴊᴏʏ🍡 on June 25, 2024.",2,1,,,https://www.threads.com/@familymart_tw/post/C8q6cHPyfrK,懂吃🫶🏻,2024年6月26日 星期三 下午3:27,,,2,,,1
bbq_7321422,https://www.threads.com/@bbq_7321422/post/C8q5rYRSlfy,太可愛了啦！,2024年6月26日 星期三 下午3:21,@familymart_tw,,15,1,,2,https://www.threads.com/@familymart_tw/post/C8q6QByShlG,是說我本人嗎🥹,2024年6月26日 星期三 下午3:26,,,20,3,,
mentally.ill86,https://www.threads.com/@mentally.ill86/post/C8m_vVeSXB7,"剛剛有客人來取貨，請問末三碼？
客人： 「543,姓蘋。」
我： 「蘋什麼？」
客人： 「你現在是在兇什麼？」",2024年6月25日 星期二 上午2:57,,,34000,141,1144,,https://www.threads.com/@familymart_tw/post/C8qR0K_S-sd,客人：取件，我姓賴 全家：你值得姓賴❤️,2024年6月26日 星期三 上午9:32,,,283,1,1,2
landlord20221101,https://www.threads.com/@landlord20221101/post/C8luXXlvmdq,上班時間可以mini 但薪水要more 選我正解🙋‍♂️,2024年6月24日 星期一 下午3:06,@familymart_tw,,3,1,,,https://www.threads.com/@familymart_tw/post/C8oULcbSQrE,小編的願望🤫,2024年6月25日 星期二 下午3:15,,,1,,,
slavetodrink_green,https://www.threads.com/@slavetodrink_green/post/C8mE2JuvBrW,shot杯可以mini，但酒精要more🍻,2024年6月24日 星期一 下午6:22,@familymart_tw,,4,1,,,https://www.threads.com/@familymart_tw/post/C8oTtP9SzJY,狠shot,2024年6月25日 星期二 下午3:10,,,,,,
keter.lin,https://www.threads.com/@keter.lin/post/C8kn7L-SH0J,野生林俊傑 各位大大幾分像 喔對了 他說最近吃太好 不然以前更像,2024年6月24日 星期一 上午4:50,,,11000,518,642,,https://www.threads.com/@familymart_tw/post/C8mMYohyTng,…我們這些努力不簡單,2024年6月24日 星期一 下午7:28,,,1560,10,2,
eat_all_j,https://www.threads.com/@eat_all_j/post/C8ltUNYylcI,粉絲可以mini 但流量要more 才怪 我兩個都想要,2024年6月24日 星期一 下午2:57,@familymart_tw,,4,1,,,https://www.threads.com/@familymart_tw/post/C8lub39SBds,全家也要more,2024年6月24日 星期一 下午3:06,,,1,,,
doclick88,https://www.threads.com/@doclick88/post/C8lt6ZQvJOe,「服務項目可以mini，但服務熱情要more。」,2024年6月24日 星期一 下午3:02,@familymart_tw,,1,1,,,https://www.threads.com/@familymart_tw/post/C8luY5DScPp,先來吃個minimore~🍰,2024年6月24日 星期一 下午3:06,,,2,,,
fun.1126,https://www.threads.com/@fun.1126/post/C8jgx5Exgc1,"我想蓋一串廢文大樓
舉例： 「你可以侮辱我，但是不可以烏魯木齊」 「夜路走多了，總匯三明治」 「政治歸政治，苓膏龜苓膏」 「鳩佔鵲巢檸檬茶」 「下不為例炸醬麵」 「人比人氣死人，蛋餅比蛋餅起司蛋餅」 「一山還有一山高，蘿蔔還有蘿蔔糕」 「本是同根生，香煎牛小排」 「君子坦蕩蕩，小人長雞雞」 「溫水煮青蛙，清水煮師爺」 「哥釣的不是魚，割掉的是包皮」",2024年6月23日 星期日 下午6:28,,,10000,561,2113,,https://www.threads.com/@familymart_tw/post/C8lrJCvStjB,加班時間可以mini，但工作效率要more。,2024年6月24日 星期一 下午2:37,,,66,1,,
i_m_plmm,https://www.threads.com/@i_m_plmm/post/C8j-pqYyLvs,"求厲害的小編來上通告 大家一起相互砥礪怎麼撐下去吧😍😍 私訊我報名推薦🧡
11點熱吵店 錄影日期：6/30（日） 第 4 場：17:50-20:20 【小編辛苦了！天天被破營業...被社群綁架的我們！】
希望各位偉大的小編看到我可以來報名 賺錢抱怨主管 吹捧自己的高光的時刻到了！
@netflix @8yotea @shopee_tw @dcard.video @npm_south …等等等 1 / 2",2024年6月23日 星期日 下午10:49,,,345,189,1,,https://www.threads.com/@familymart_tw/post/C8lpd1TSZTx,全家報到🫶🏻,2024年6月24日 星期一 下午2:23,,,22,1,,
yeh_naiwen,https://www.threads.com/@yeh_naiwen/post/C8ehKIMv6Mm,"今年上半年非常充實，EG正式回歸發行新專輯，回到22年前同一個場地辦了記者會，拍了3支新mv，參加了除夕紅白'中信兄弟大巨蛋'hito頒獎典禮等演出，5/5號簽唱會更是超難忘，還讓大家陪我們一起到到凌晨3點，也去了很久沒去的香港及北京參加mayday演唱會, 大家近期到全家便利商店也都會看到我們陪伴大家🤗。 現在回想起來這一切都是很棒的回忆，也很珍惜自己還能有這樣的體驗，尤其再孩子心中的地位又大大提升，他覺得爸爸很帥也一直跟同學介紹這是我爸爸超開心😍。 當然接下來最重要的就是台北及高雄的4場演唱會，一定用盡全力為大家演出，到時見露🤟。
#星期五晚上 #感謝 #感謝有你 #人生 #爸爸超開心 #挑戦",2024年6月21日 星期五 下午7:56,,"Photo by 葉乃文 nickyeh on June 21, 2024. | Photo by 葉乃文 nickyeh on June 21, 2024.",1112,52,1,,https://www.threads.com/@familymart_tw/post/C8ekmnSSjXX,太感動，趕快再去全家多看幾眼🥹,2024年6月21日 星期五 下午8:26,,,37,,,
edyhsiao,https://www.threads.com/@edyhsiao/post/C8Miz4RvIev,現在是⋯⋯⋯還是好好待在家😮‍💨,2024年6月14日 星期五 下午8:24,,,536,52,3,,https://www.threads.com/@familymart_tw/post/C8ZjqsIy80-,5AO～,2024年6月19日 星期三 下午9:41,,,18,,,
jeans1225,https://www.threads.com/@jeans1225/post/C8Q25QLPec1,原來是「送」冰塊杯 我聽成可以加購😫😫早知道就要了 真的要熱死欸！！！！,2024年6月16日 星期日 下午12:36,,"Photo by 臧靜遠 on June 15, 2024.",3176,55,106,,https://www.threads.com/@familymart_tw/post/C8Tn9loNcyu,「把果茶免費變成手搖的魔法！」 近期在全家限定傳授。,2024年6月17日 星期一 下午2:23,,,640,6,,
lazyyboy13,https://www.threads.com/@lazyyboy13/post/C8PWhDQB4Wj,店員跟我都呆住了10秒 但我不想把運氣用這啊！！！！！,2024年6月15日 星期六 下午10:34,,"Photo by lazyboy on June 15, 2024.",45000,283,565,,https://www.threads.com/@familymart_tw/post/C8RPamZykUh,不用擔心，全家飲冰抽抽樂的原理是：由我們全家向運氣管理局採購一定量的運氣，再隨機分配到顧客身上，所以並不會使用到您自己的運氣，可以放心多多光顧,2024年6月16日 星期日 下午4:10,,,8724,66,198,
judyp1015,https://www.threads.com/@judyp1015/post/C8KAfgEvC9E,"toro
5月底6月初的時候 參加了 @familymart_tw 的IG留言活動～ 獎品是 @Energy 衝夏會店頭海報的A3版總數三張～ 很幸運的抽到我想說A3尺寸我就很好收藏了😊 今天收到海報送達的消息 打開來一看 「咦！咦！咦！不會吧～怎麼會有簽名🥹🥹🥹🥹」 我整個天旋地轉拿著海報手一直抖～ 以為自己的粉絲天花板無法再晉陞了⋯沒想到還能繼續往上爬🥹 真的很感謝全家辦抽獎😊 謝謝你們找了Energy當代言人👍 也謝謝五帥忙碌之餘在海報上簽了名💙❤️🧡💜💚 我會好好保存收納， 這是我一生的寶🥰 @yeh_naiwen @shuwei11041104 @hsieh_kunda @edyhsiao toro",2024年6月13日 星期四 下午8:45,,"Photo by 小珊(judy) on June 13, 2024. | Photo by 小珊(judy) on June 13, 2024. | Photo by 小珊(judy) on June 13, 2024. | Photo by 小珊(judy) on June 13, 2024. | Photo by 小珊(judy) on June 13, 2024. | Photo by 小珊(judy) on June 13, 2024.",169,13,2,,https://www.threads.com/@familymart_tw/post/C8LIdSUysEF,誠意十足🫶🏻 大家要密切關注全家IG喔😎,2024年6月14日 星期五 上午7:14,,,66,3,,
zo_ey_,https://www.threads.com/@zo_ey_/post/C8Hsvi9B7RW,今日全家出給全台灣男友的考題： 1 / 2,2024年6月12日 星期三 下午11:14,,"Photo by 𝙕𝙤𝙯𝙤 on June 12, 2024.",16000,699,1493,,https://www.threads.com/@familymart_tw/post/C8JEQGTS3Ji,別人的男友們，都不會讓我失望,2024年6月13日 星期四 上午11:59,,,246,3,,
ayelra.co,https://www.threads.com/@ayelra.co/post/C8G0vN7PuAi,跟朋友聊到這個⋯ 現在年輕人都不知道這是什麼了吧🥹 以前超愛⋯⋯⋯,2024年6月12日 星期三 下午3:05,,"Photo by 𝐀𝐲𝐞𝐥𝐫𝐚𖤐*̩̩͙⸝⋆ on June 12, 2024.",5971,452,269,,https://www.threads.com/@familymart_tw/post/C8JEE8zSkFO,我們全家會繼承它的意志繼續走下去的。,2024年6月13日 星期四 上午11:57,,"Photo by 全家便利商店_台灣 on June 12, 2024.",710,2,,
yi__han_1229,https://www.threads.com/@yi__han_1229/post/C8CL4JqyLSy,該不會只有我現在才知道可以這樣,2024年6月10日 星期一 下午7:51,,,110000,2735,10000,,https://www.threads.com/@familymart_tw/post/C8EYI_0Srb-,這樣都被你發現？這就是伸縮自在的愛❤️,2024年6月11日 星期二 下午4:17,,,5866,18,70,
jimin_hom,https://www.threads.com/@jimin_hom/post/C7_d71AvuEJ,到底哪間全家門口會放兵馬俑來拿霜淇淋^_^？ 1 / 2,2024年6月9日 星期日 下午6:31,,"Photo by Jimin on June 09, 2024.",12000,108,801,,https://www.threads.com/@familymart_tw/post/C8BxNd_yipp,這是全家台中新惠來店的冰馬俑，準備好與店長一起墜入夏日戀秦了嗎？,2024年6月10日 星期一 下午3:58,,,2026,22,26,
wanna_tellu,https://www.threads.com/@wanna_tellu/post/C75yv4RSZI_,"陪朋友去全家繳費，我在外面等 過了幾分鐘都沒出來，進去看才發現 原來是店員在幫一個印尼(?)客人寫宅配包裹單 看來寫國字對移工還是太難了🤔 幸好店員願意幫忙，覺得很暖! 遇到這種情況，等一下絕對ok
btw 如果宅配包裹可以跟超商店到店一樣 印貼紙出來 對移工跟外國人應該會更方便吧",2024年6月7日 星期五 下午1:37,,,556,16,4,,https://www.threads.com/@familymart_tw/post/C76FXV9yRza,必須按個❤️,2024年6月7日 星期五 下午4:20,,,203,,1,
c.1127__,https://www.threads.com/@c.1127__/post/C7jowgEy1Ux,這真的很好笑,2024年5月29日 星期三 下午11:07,,"Photo by cc on May 29, 2024.",33000,202,4962,,https://www.threads.com/@familymart_tw/post/C7n_3c4p8JO,在全家架上放置烏龍麵也算是一種全置龍嗎？,2024年5月31日 星期五 下午3:46,,"Photo by 全家便利商店_台灣 on May 31, 2024.",1317,11,35,
dyc.xx,https://www.threads.com/@dyc.xx/post/C7hKKz7Pek7,自助餐貼圖好讚 1 / 2,2024年5月29日 星期三 上午12:01,,"Photo by 董 on May 28, 2024.",24000,336,1570,,https://www.threads.com/@familymart_tw/post/C7jmGzWp0W5,我們全家，兩個幸福餐盒 $120✨,2024年5月29日 星期三 下午10:44,,"Photo by 全家便利商店_台灣 on May 29, 2024.",1355,15,1,
oohvoi,https://www.threads.com/@oohvoi/post/C7iT6xRPi9x,如果可以選一個全家永久上市的冰🍦 你們會怎麼選！😗 1 / 2,2024年5月29日 星期三 上午10:45,,"Photo by @oohvoi on May 28, 2024. | Photo by @oohvoi on May 28, 2024. | Photo by @oohvoi on May 28, 2024. | Photo by @oohvoi on May 28, 2024. | Photo by @oohvoi on May 28, 2024. | Photo by @oohvoi on May 28, 2024.",9303,1410,1275,,https://www.threads.com/@familymart_tw/post/C7jl7p6pvdW,✏️👀（筆記ing）,2024年5月29日 星期三 下午10:42,,,622,84,1,
x_jytf,https://www.threads.com/@x_jytf/post/C7ihf1cJCYz,"宇̸̩̯̩͍̩̭̟͉̬̙̝͓̪̎̎́̍̑̃̀͐̌͌́͆̃̌̆ͅ ̬̜͍͍͇̘͓宙̷͓̦̝̰͍̜̯̣̏̊̄̌̈͛͂͊̈̀̃̎͐̓͐̍́̌̚̚ͅ ͓̜̪͚̣̠͎熱̸̫̣̦͉͍̍̇̍͊̎̿̈́͒̍̐̎͌͋͂͆̑̓̓͌̊͋͗́̀ ̜̜̖͔̙̜̪͙̦̙̗浪̴̫͇͉͓̟͚̭̙͍͎̳̣͒̒̎̿̅̒̊̔̃̎̒̏̐̇̈̐̚ ̰̩̯͇來̴̗̪͖̝͙͉̭̭̩͇͓̦̏̒͗̿̌̍̈̌̋͑͑̀̂̏̊̋̚ ̘͓̟̝͇͔襲̶̤̥͔̘͔͈̣̠̌̈́̆́̌͆͂̂̑̿̑͗̈́̽̄̿̍ͅͅͅͅ ̬̳̤͖̖！̸͇̘͔̲͕̯͓̯̮̄̇̾͊̏̌̅͗̆̈̉́͌̈́̓̉͌͂͌̔ ͚͍̤̰͉̘͕̩͉͉̖ ҈̯̬͓͖̳̌̅͗́́̀͂̓̽̄͊̂́̌͑̀͑̑͛̈́́̏̂̉ ̟͓͈͍̟͙̘͇ͅ ̷̲͖̦̫̮̱̖̙͎͓̯͉͙̐̅͋̒́̄̄̿̓͆͒̈͒̚ͅ L̵̝̜̬̫̭͕͕͙̯̰̤̅͌̌̅̅̄̽̾́̇̏̉͋̉̃ͅe̴̟͖̮̟̝͇͙̳̪̭͍̭̘͕͓̙͛̄͐̀͑͂̽̊̇̑̋̈ͅ ̦̭t̴̘̠͇̟͎̖͚͚̰̾̓͊͗̍͐̐̈́͛͗̀͆̏̓͐͛̋͑͒̚ ͉̤̱'̷͓̘̖̘͇̤͑̃̾̀͋̉̏̌̀̒̌̔͂͊̆͗̓̆̊̀͋̆̌ ̮̩̮̥͇̰̩̥̭̙̲͍š̵̖̗̯͍̭͑̈́̎̓͗̒̎́̍́̔͗̄́͊͂̏̽̉̋̂̚̚ ̘͈͖̲͉̥̥̙̯̤̩̩̤̫̫͙͎ C̷̖̲͔̣̟͔͍͙͍̝͙̀̅̊͒̊͗̄̌̈́̆͑̚ͅa҈̥̙̦͔͎̩̮̤̘̪̞̣̈̀̓̃̾͌͑̌̒͊̾̿̈́̃́̃f҈͖͖̠̟̠̭͕͙̮̲̳̪͚̯̱̓̃́̂̐̀̑̃͌̒͑̇́̐ ̣e҉͚̣̰̮̗̰͔̳̏͒͗͑̿̍̄̾̀̌̅̀͊͊̾̋̈́̐̄̚ͅ ̭̣͖͙̳̩̯̳ͅͅ經҉̠̜̟̞̪̜̈̀̾͐͂̾̉͊̀̽̓̽̔̑̅͆͋̆̒̇̋͂͒ ̦̞̖̗̱̦典̴̗̞͇̩̤̫̲͖̳̖̈́͗͒͊͊̓̾͐͑̓̔̃́̉́̆̂̚ͅ ̟̥̪̜͍̭咖҈͎͕͓̜͚̂̅̐͛͛̉̐͂͐̀͑͌͒̌͒̍̉̓̊͗̾̇̿̿ ͕͎͓͓̫̗͚͔̙̱͍̰ͅͅͅ啡̸̠̙̬̙̘̣͔̟̤̳̜̪̲͎͙̩̜̽̈̎̆͛͌̄̍̉̈́̍̚ ̭̘̩̖͖ ҉̗̯̬̜̜̲͙͇͓̥̥̩̳͎͂̌̾͂̆̓̌̎̅͗́͊̅͗ͅ ̶̳͕̦͈̦̯͙͙̈̂͊̌̂̍͒́̑̓̋̍̂̌̍̆̓̅̒͌̅ ͚̱̥̘̟̰第̵̩̱̖̯̜̤̱̏̿̒̊̂̽̈́̎̑͐̒̈͒̓̆͒͐͒̅̔̂̌ ͉̬̣̦͈̣̙̟̳̤̮͉二҉̣͚̤͚̱̰̱̰̝͚͉̘͔͋̒̔̓͂̉̄̀̓̇̄̆̀̀͂̒ ͙̥̲͓̩͇杯҈̮̲̘͎͈̭̞͖̮̱͊͒͋̑̍̀͗͒̀̂͋̇̄̈́̏̋̈́͒̓ ̩̟̠̯͎̞̜半̶͚̦̥̫̤̘̝̀͌̆̊̐̀͋̑̿̉̓̇̂͑̐͆̄͛̔̑̚̚ ̟͍̠̬̭͖̪̞̪̪ͅ價҈̘͕̲͔̤͎̱͎̦̲̇̎͆̈́͂̿̍̿̈́̑̔́͑͋̓̊̄̚ ̮͉̜̱̟͖̥
靠邀難怪我今天結帳客人問我怎麼變便宜了",2024年5月29日 星期三 下午12:44,@familymart_tw,,379,2,,,https://www.threads.com/@familymart_tw/post/C7ipRabNiBg,海報有貼喔🫶🏻,2024年5月29日 星期三 下午1:52,,,71,1,,
kyo_huangzz,https://www.threads.com/@kyo_huangzz/post/C7RlSLnhHnH,"剛在全家的微波食品區選宵夜 旁邊一對學生情侶
男生問：「要吃雞胸肉嗎」 女：「不要🙅‍♀️ 好多」
男生又問：「還是這個便當?」 女：「不要 不想吃飯!」
男生再問：「還是這個海底撈雞肉?」 女：「不要！感覺難吃🤮」
男生又再問：「還是吃地瓜算了? 健康」 女：「才不要 吃不飽啦」
…..
男生：「還是妳要吃大便？」
如果你在結尾才過來 你會覺得這男生很粗俗 不尊重女友
但你假如跟我一樣 在旁邊待了五六分鐘
那你可能會覺得 這個男生懷疑女友想吃大便，可能有他的道理在。",2024年5月22日 星期三 下午10:50,,,20000,306,621,,https://www.threads.com/@familymart_tw/post/C7Vgf4UNLWK,所以最後他們在全家買了什麼🤔 (夯番薯兩個？,2024年5月24日 星期五 上午11:25,,,626,2,,
peyenne7,https://www.threads.com/@peyenne7/post/C7RIP39hmGM,看看吃了快一個月的地瓜 瘦到不成人型的我朋友,2024年5月22日 星期三 下午6:37,,,5084,67,227,,https://www.threads.com/@familymart_tw/post/C7TJ4-6tw11,這餐吃完，接下來的一個月也繼續多多指教了🍠,2024年5月23日 星期四 下午1:29,,,204,2,,
zhhholmes,https://www.threads.com/@zhhholmes/post/C7QaH4oPY1T,那麼早就出來實習了嗎🤣,2024年5月22日 星期三 上午11:54,,,15000,130,625,,https://www.threads.com/@familymart_tw/post/C7S_QxNNBO0,聽說來全家工作會讓人變年輕✨,2024年5月23日 星期四 上午11:56,,,948,16,4,
yt.0811_,https://www.threads.com/@yt.0811_/post/C7MQ5moyEI6,"520突然想到來發一下 幫大家驗證了三個月老綜合起來的力量 祝大家都能過下個情人節（？
1.霞海城隍廟 原本一直沒有想去拜 結果有天跟朋友吃飯剛好在附近 又覺得前陣子遇到太多鬼故事了所以就很臨時的進去拜一下 結果拜完過一個禮拜就認識小狗了 好扯
2.脆 以前的我：誰會在脆上認識人啊？超怪 現在的我：跟脆上唯一認識的男生在一起 ？？？
3.fake sober 帶他和我朋友們一起去fs 結果他被我朋友（fs地縛靈月老 @blue77786 ）煽動之後 當天就鼓起勇氣告白了 好好笑
以上實例提供各位參考 哈哈哈",2024年5月20日 星期一 下午9:16,,"Photo by YTო̤̮ on May 20, 2024. | Photo by YTო̤̮ on May 20, 2024. | Photo by YTო̤̮ on May 20, 2024. | Photo by YTო̤̮ on May 20, 2024. | Photo by YTო̤̮ on May 20, 2024.",3172,102,86,,https://www.threads.com/@familymart_tw/post/C7NnvhkSgWG,最浪漫的，就是讓我成為背景。在全家前面合照的情侶，肯定會幸福的吧,2024年5月21日 星期二 上午9:55,,,671,3,,
yeh_naiwen,https://www.threads.com/@yeh_naiwen/post/C7G7nTmP5-7,"我看到了什麼？？？ 驚爆 ！Energy演唱會特別場 只在全家全面開暢🎉 更多Energy的魅力都在全家 你還要不要！！ @energy.come @familymart_tw #全家Familymart #Energy衝夏會 #Energy
yeh_naiwen",2024年5月18日 星期六 下午7:34,,,900,42,6,,https://www.threads.com/@familymart_tw/post/C7G82UmpBhm,水嫩嫩 我心癢癢,2024年5月18日 星期六 下午7:44,,,61,3,,
circuskidd,https://www.threads.com/@circuskidd/post/C7EEsKsvwk_,研究了一下才發現他的邏輯,2024年5月17日 星期五 下午4:55,,"Photo by 林柏昇KID on May 17, 2024.",8320,99,286,,https://www.threads.com/@familymart_tw/post/C7GDuQMJ895,老師，他喜歡我🙋,2024年5月18日 星期六 上午11:25,,"Photo by 全家便利商店_台灣 on May 17, 2024.",918,19,4,
qi_05.19,https://www.threads.com/@qi_05.19/post/C7EHjF0y_Cc,現在的小吃店真的越來越有梗了🤣,2024年5月17日 星期五 下午5:20,,"Photo by 七七🥀 on May 17, 2024.",12000,58,678,,https://www.threads.com/@familymart_tw/post/C7GCEitJhgq,我們全家麵麵相覷👀,2024年5月18日 星期六 上午11:11,,,887,6,,
yeh_naiwen,https://www.threads.com/@yeh_naiwen/post/C7EWi6gPlxT,充起來,2024年5月17日 星期五 下午7:31,@familymart_tw,,26,1,,,https://www.threads.com/@familymart_tw/post/C7Ea74OJuty,滿滿的Energy在全家🥹🔋⚡️,2024年5月17日 星期五 下午8:10,,,2,,,
zhhholmes,https://www.threads.com/@zhhholmes/post/C7CCS_vv9lK,美好的一天從一杯冰美式開灑,2024年5月16日 星期四 下午9:56,,,14000,384,1038,,https://www.threads.com/@familymart_tw/post/C7DyKD6pXLd,我覺得你需要有加蓋的冰美式,2024年5月17日 星期五 下午2:13,,"Photo by 全家便利商店_台灣 on May 16, 2024.",565,9,1,
shopee_tw,https://www.threads.com/@shopee_tw/post/C6_-d1vPz2-,我們全家感謝你🙏,2024年5月16日 星期四 上午2:44,@doris_0622,,201,3,,,https://www.threads.com/@familymart_tw/post/C7DT3dkJ1d3,不客氣🫶🏻,2024年5月17日 星期五 上午9:49,,,5,,,
komorebi__8,https://www.threads.com/@komorebi__8/post/C6_2G_8SLSL,脆也發一下 讓大家笑一下,2024年5月16日 星期四 上午1:32,,,4549,105,194,,https://www.threads.com/@familymart_tw/post/C7DRrRtpocK,因為我們是全家，所以當然我們在淡江有店舖💪,2024年5月17日 星期五 上午9:29,,,93,4,,
pinocchio.shop,https://www.threads.com/@pinocchio.shop/post/C6_09LNPjcq,如果遺書只能寫三個字 你們會怎麼寫？？,2024年5月16日 星期四 上午1:21,,,2489,930,153,,https://www.threads.com/@familymart_tw/post/C7DITr2Sj-y,,2024年5月17日 星期五 上午8:08,,"Photo by 全家便利商店_台灣 on May 16, 2024.",383,5,3,
kk.k3lly,https://www.threads.com/@kk.k3lly/post/C7Ax6vwvw7a,互相買早餐 狠 太狠 1 / 2,2024年5月16日 星期四 上午10:13,,"Photo by 海寧 on May 15, 2024. | Photo by 海寧 on May 15, 2024. | Photo by 海寧 on May 15, 2024. | Photo by 海寧 on May 15, 2024. | Photo by 海寧 on May 15, 2024. | Photo by 海寧 on May 15, 2024.",19000,294,1812,,https://www.threads.com/@familymart_tw/post/C7DIMBgSjIn,...... 這種早餐搭配方式連我都想不出來。,2024年5月17日 星期五 上午8:07,,,137,1,,
shuwei11041104,https://www.threads.com/@shuwei11041104/post/C7BkH-HPq9h,😎海巡開始🧡～快來全家 ⚡️衝夏會🌊 @energy.come @familymart_tw,2024年5月16日 星期四 下午5:32,,,1178,79,7,,https://www.threads.com/@familymart_tw/post/C7Bkiw4JO2l,"我的書偉怎麼那麼可愛
水姑娘 💦 來全家海巡充電⚡️",2024年5月16日 星期四 下午5:36,,,154,1,,
nanameew,https://www.threads.com/@nanameew/post/C6_pLZ4yE9r,"一個「I人」去便利商店大聲說 我要列印‼️‼️‼️‼️
真的很需要勇氣 我每次等店員剛好看到我 用手勢說「👋🥹 👉👉🙏🙏🙏🙏」",2024年5月15日 星期三 下午11:38,,,9656,133,709,,https://www.threads.com/@familymart_tw/post/C7A6ncNpm3-,👌😊👇👌,2024年5月16日 星期四 上午11:29,,,526,2,2,
winni_960123,https://www.threads.com/@winni_960123/post/C639OCjvQF5,懂的人會懂,2024年5月12日 星期日 下午11:59,,"Photo by 暐甯愛生氣｡oO on May 12, 2024.",17000,230,3111,,https://www.threads.com/@familymart_tw/post/C65W_KLJZmE,懂,2024年5月13日 星期一 下午1:03,,"Photo by 全家便利商店_台灣 on May 12, 2024.",1568,2,62,
sinsin_913,https://www.threads.com/@sinsin_913/post/C61MOcOvnx5,"哈哈。現在不管是什麼活動 表演都是16蹲。 ENERGY 無所不在呀。
還有什麼不16蹲嗎？🤭 這些吉祥物真是厲害了👍
五位哥來巡一下吧。🤭 @edyhsiao @yeh_naiwen @hsieh_kunda @shuwei11041104",2024年5月11日 星期六 下午10:13,,,2331,47,21,,https://www.threads.com/@familymart_tw/post/C61URgmJADr,我先來巡😎 高雄全家海神💚💙,2024年5月11日 星期六 下午11:23,,,175,1,,
en.comeon,https://www.threads.com/@en.comeon/post/C6yfBTaxOUP,懂找代言人啦！水姑娘找對了,2024年5月10日 星期五 下午8:59,@familymart_tw,,9,1,,,https://www.threads.com/@familymart_tw/post/C6ygmFjJl6k,我心癢癢,2024年5月10日 星期五 下午9:13,,,9,,,
ljingiiifan,https://www.threads.com/@ljingiiifan/post/C6yPWVYvR66,全家的門鈴什麼時候要換成阿弟唱的版本？,2024年5月10日 星期五 下午6:42,@familymart_tw,,19,1,,,https://www.threads.com/@familymart_tw/post/C6ydvT0JYp6,"是不是聽100遍
2024-5-9",2024年5月10日 星期五 下午8:48,@familymart_tw,,29,1,1,
h_enryyy,https://www.threads.com/@h_enryyy/post/C6vffx-PGrG,"受寵若驚
受寵若驚 剛經過全家看到有3個建中的男生 站在一塊吃冰淇淋 於是我上前去問 「好吃嗎？」 他們愣住1秒後 其中最可愛那位男同學竟然 把手中吃到一半的冰淇淋湊向我 「要吃嗎？」 另外兩位同學都瞪大了眼睛 一切就是那麼害羞超展開😳
好啦我自己去買了一個 1 / 2",2024年5月9日 星期四 下午5:05,,"Photo by E型男子的獨旅守則 on May 09, 2024.",3816,166,111,,https://www.threads.com/@familymart_tw/post/C6xtYfjparT,不好意思，請問後續劇情是在這邊等嗎？,2024年5月10日 星期五 下午1:45,,,905,8,1,
ly_curious,https://www.threads.com/@ly_curious/post/C6tgyfOS0lm,右下角那個開根你絕對值得交是什麼意思啊,2024年5月8日 星期三 下午10:38,,"Photo by lyc on May 08, 2024.",15000,303,2557,,https://www.threads.com/@familymart_tw/post/C6xtSQcJ-V7,懂打懂,2024年5月10日 星期五 下午1:44,,"Photo by 全家便利商店_台灣 on May 09, 2024.",279,2,3,
yeh_naiwen,https://www.threads.com/@yeh_naiwen/post/C6xhPDhPZps,誰能抗拒的了全家的霜淇淋🤓,2024年5月10日 星期五 上午11:59,@familymart_tw誰能抗拒的了全家的霜淇淋🤓讚27回覆1轉發分享,,27,1,,,https://www.threads.com/@familymart_tw/post/C6xj1hJp0VV,又有誰抗拒的了Energy呢❤️ 奶哥來要吃幾支🍦都灰常沒問題～,2024年5月10日 星期五 下午12:22,,,5,,,
yeh_naiwen,https://www.threads.com/@yeh_naiwen/post/C6wVFfUPLnz,大家不要在笑我講錯了 我真的想到 書偉的一個髮型了 是這一個 喜歡的幫我打 +1😆😆😆 @shuwei11041104,2024年5月10日 星期五 上午12:54,,"Photo by 葉乃文 nickyeh on May 09, 2024.",1504,259,6,,https://www.threads.com/@familymart_tw/post/C6wVuG3SMS0,+1，跟最近全家霜淇淋一樣灰常讚,2024年5月10日 星期五 上午12:59,,,98,4,,
shuwei11041104,https://www.threads.com/@shuwei11041104/post/C6wPSAPvKTz,"@yeh_naiwen 奶哥 我就問…. 「書偉」 到底是哪一種髮型？
#我已經從一首歌晉升為一種髮型了😅",2024年5月10日 星期五 上午12:03,,"Photo by 張書偉 on May 09, 2024. | Photo by 張書偉 on May 09, 2024. | Photo by 張書偉 on May 09, 2024. | Photo by 張書偉 on May 09, 2024. | Photo by 張書偉 on May 09, 2024.",1805,222,10,,https://www.threads.com/@familymart_tw/post/C6wSwOCJZKd,緩～光臨，請問哪一種書偉（？,2024年5月10日 星期五 上午12:33,,,138,2,,
shuwei11041104,https://www.threads.com/@shuwei11041104/post/C6wOyEvPUrD,嘿嘿 我來了～,2024年5月9日 星期四 下午11:59,,,3075,292,7,,https://www.threads.com/@familymart_tw/post/C6wPmDvJDN2,現在是星期五🙂‍↕️✋,2024年5月10日 星期五 上午12:06,,,111,3,,
yeh_naiwen,https://www.threads.com/@yeh_naiwen/post/C6wBLzxPpPQ,有人說這幾天在這裡只要寫到energy 流量會增加🤔 是真的嗎？我來試試 energy energy erergy energy energy erergy energy energy erergy energy energy erergy energy energy erergy energy energy erergy energy energy erergy energy energy erergy energy energy erergy energy energy erergy,2024年5月9日 星期四 下午10:00,,,3881,368,14,,https://www.threads.com/@familymart_tw/post/C6wIqqnJDsq,全家充滿Energy,2024年5月9日 星期四 下午11:05,,,156,1,,
cosmosjade,https://www.threads.com/@cosmosjade/post/C6rIIJJyBcf,"我覺得E人 就會在會議桌上大聲講出
「我E人做事E人當」
這種話",2024年5月8日 星期三 上午12:24,,,6576,150,328,,https://www.threads.com/@familymart_tw/post/C6uxcTxpGTp,E人飽全家飽💪🏻,2024年5月9日 星期四 上午10:23,,,264,5,,
4im7tc,https://www.threads.com/@4im7tc/post/C6njSxJvQ9N,"：你在拍什麽
：脆上的人會懂的",2024年5月6日 星期一 下午3:05,,"Photo by TC on May 06, 2024.",5447,166,74,,https://www.threads.com/@familymart_tw/post/C6sDZxQylcX,🍵🍃⚡,2024年5月8日 星期三 上午9:02,,,532,4,,
kimi_taipei,https://www.threads.com/@kimi_taipei/post/C6rDJxIS1XT,"現在是11:41分 追蹤+按讚證明你明天會有以下好運 大家晚安～
1. ISTJ 去超商，剛好遇到想買的商品打折
2. ISFJ 意外撿到一隻迷路的貓
3. INFJ 真的提早下課了
4. INTJ 許個小願望當天實現
5. INFP 咖啡店的背景音樂是你最愛的歌曲
6. ENFP 吃了超好吃的午餐
7. ISTP 夾娃娃機,技術加成，一次就夾到
8. ESTP KTV唱歌, 旁邊有人向你投以曖昧的眼神
9. ISFP 公園散步,突然冒出一隻小松鼠
10. ESFP 致勝一球技能取得
11. INTP 夢到平行時空的自己
12. ENTP 中獎機率提升
13. ESFJ 遇到一群可愛的小朋友，他們還叫你「葛格/姊姊」，少男/少女心噴發
14. ENFJ 家裡特別乾淨，原來是有人偷偷打掃了啊
15. ESTJ 看到一件超好的衣服，竟然還是自己的Size
16. ENTJ 讓人崇拜的五體投地",2024年5月7日 星期二 下午11:41,,,1599,9,19,,https://www.threads.com/@familymart_tw/post/C6sDMvRyfib,ISTJ 看來你今天的幸運地就是全家了，緩光臨,2024年5月8日 星期三 上午9:00,,,106,,,
22_ysw,https://www.threads.com/@22_ysw/post/C6n_2FGSU7n,"這是回覆已無法顯示的貼文
不孤單了⋯還開到原況⋯",2024年5月6日 星期一 下午7:14,,"Photo by 溫允絃 on May 06, 2024.",975,14,67,,https://www.threads.com/@familymart_tw/post/C6pq6RDpNzt,走到灰🩶🥲,2024年5月7日 星期二 上午10:50,,,9,,,
__wei.914,https://www.threads.com/@__wei.914/post/C6nZVzOvdjb,每次去便利商店買微波食品店員都會問 要加熱嗎 我說不用 轉過頭去看我男友 男朋友就擺了哭哭臉😢 因為男友名字叫佳樂 所以他覺得我不要他了 回家就躺在地板上耍賴 然後睡著了 然後兔子還去聞他屁屁 1 / 2,2024年5月6日 星期一 下午1:38,,"Photo by Wei on May 05, 2024.",26000,232,1510,,https://www.threads.com/@familymart_tw/post/C6pe04uSmeM,我建議還是要加熱，微波食品跟感情都是🔥❤️,2024年5月7日 星期二 上午9:04,,,1290,5,9,
kuolife_com,https://www.threads.com/@kuolife_com/post/C6l1y57PxDh,"臺灣
臺灣 現地小觀察
我有個問題一直很想問🙋🙋‍♀️🙋‍♂️ @8yotea @familymart_tw @7eleventw @shopee_tw 有人知道，這些小編們有在睡覺跟出去旅遊的嗎？ 每天光看小編回覆都笑爛
（還是不回覆，老闆就會叫他們滾damn!",2024年5月5日 星期日 下午11:08,,,310,79,2,,https://www.threads.com/@familymart_tw/post/C6njtJApZFi,我睡覺做夢都會夢到全家、旅遊行程也是去全家，每天起床鬧鈴聲都是登登 等登登 等等等等登 登登登登登等等等,2024年5月6日 星期一 下午3:08,,,399,7,2,
kido_niau,https://www.threads.com/@kido_niau/post/C6nURxJPIsv,相愛相殺什麼的最香了，求本本,2024年5月6日 星期一 下午12:53,@familymart_tw,,2,1,,,https://www.threads.com/@familymart_tw/post/C6njlTjplN0,按我小鈴鐺，讓這情愫灰之不去🩶,2024年5月6日 星期一 下午3:07,,,10,,,
nextbank.tw,https://www.threads.com/@nextbank.tw/post/C6nXQXGvpMu,將來編也灰常想嚐看看 🩶,2024年5月6日 星期一 下午1:19,@familymart_tw,"Photo by 將來銀行 NEXT BANK on May 05, 2024.",30,1,,,https://www.threads.com/@familymart_tw/post/C6njfJAJljZ,我們倆的將來也灰常美好🩶,2024年5月6日 星期一 下午3:06,,,16,1,,
sunyatsen_mh,https://www.threads.com/@sunyatsen_mh/post/C6nSX6TP1YT,（坐等小7）,2024年5月6日 星期一 下午12:37,@familymart_tw,,14,1,,,https://www.threads.com/@familymart_tw/post/C6njZlyp0t_,來了就 7 灰狗跳🩶,2024年5月6日 星期一 下午3:06,,,24,,,
telamisu,https://www.threads.com/@telamisu/post/C6nOt5fPaT8,超灰搭,2024年5月6日 星期一 下午12:05,@familymart_tw,,15,2,,,https://www.threads.com/@familymart_tw/post/C6njTnpJ-hW,D灰跪🩶,2024年5月6日 星期一 下午3:05,,,5,,,
kaikaiko,https://www.threads.com/@kaikaiko/post/C6h1lxBRuXu,早安！小柯起床了！有什麼可以為各位服務的嗎？,2024年5月4日 星期六 上午9:49,,,21000,929,73,,https://www.threads.com/@familymart_tw/post/C6iADqpp5u4,幫我叫隔壁小編週末就不要再互相傷害了,2024年5月4日 星期六 上午11:21,,,956,6,4,
uuu.c__,https://www.threads.com/@uuu.c__/post/C6gjlIkvwVk,全家冰淇淋吃這麼久現在才發現,2024年5月3日 星期五 下午9:52,,"Photo by 箴🥟 on May 03, 2024.",8895,79,146,,https://www.threads.com/@familymart_tw/post/C6h2kqLJTUd,是麥芽糖跟愛將我們黏在一起。,2024年5月4日 星期六 上午9:58,,,2226,8,22,
monica_yan.0409,https://www.threads.com/@monica_yan.0409/post/C6ggAlPyoK8,全家新口味拜託大家都給我去吃⋯ 真心建議全家不要再碰水果類霜淇淋了 茶類的才是王道😍 1 / 2,2024年5月3日 星期五 下午9:21,,"Photo by 孟芊 on May 03, 2024.",20000,437,867,,https://www.threads.com/@familymart_tw/post/C6h2fNhpIHN,我們全家就是灰常酷,2024年5月4日 星期六 上午9:57,,,666,5,,
8yotea,https://www.threads.com/@8yotea/post/C6gBm4jPHSm,"曜頭剛剛想去買冰淇淋🍦 我前面有全家跟7-11
問，現在不知道要去哪一家？ @familymart_tw @7eleventw",2024年5月3日 星期五 下午4:56,,,1272,114,28,,https://www.threads.com/@familymart_tw/post/C6gFkuXptC1,我知道你在等我，我也在等你選我❤️,2024年5月3日 星期五 下午5:30,,,648,10,,
shopee_tw,https://www.threads.com/@shopee_tw/post/C6f7wpiPA3w,不用在意我 你們繼續🍿️🍿️🍿️,2024年5月3日 星期五 下午4:04,@familymart_tw,,1010,5,1,,https://www.threads.com/@familymart_tw/post/C6f-q2PpUAH,但我眼裡在意的，一直是你。,2024年5月3日 星期五 下午4:30,,,619,2,,
dante.tsai,https://www.threads.com/@dante.tsai/post/C6f8yb7pooL,我剛剛才在7-11那邊說要世紀大和解，結果你在這裡討拍🤣🤣🤣🤣🤣,2024年5月3日 星期五 下午4:13,@familymart_tw,,125,1,,,https://www.threads.com/@familymart_tw/post/C6f-GckJhov,歡喜冤家❤️,2024年5月3日 星期五 下午4:25,,,113,,,
lindan.0214,https://www.threads.com/@lindan.0214/post/C6f8N-er3G9,挺7-11怎麼辦？,2024年5月3日 星期五 下午4:08,@familymart_tw,,59,1,,,https://www.threads.com/@familymart_tw/post/C6f-CtzpCfr,一樣按我愛心，你可以當臥底❤️,2024年5月3日 星期五 下午4:24,,,242,,,
legend.yin,https://www.threads.com/@legend.yin/post/C6f4O3yPinN,搶樓，第一個還你❤️❤️,2024年5月3日 星期五 下午3:34,@familymart_tw,,4,1,,,https://www.threads.com/@familymart_tw/post/C6f8-nMJOeH,你是第一名全家人❤️,2024年5月3日 星期五 下午4:15,,,20,,,
wanpotea.com.tw,https://www.threads.com/@wanpotea.com.tw/post/C6f7DOCPl52,究竟i珍食跟友善食光哪個贏🫨,2024年5月3日 星期五 下午3:58,@familymart_tw,,232,4,1,,https://www.threads.com/@familymart_tw/post/C6f83g4p5sd,我只知道你對我最友善了，對吧❤️,2024年5月3日 星期五 下午4:14,,,173,1,,
npm_south,https://www.threads.com/@npm_south/post/C6f7HA9hs2w,笑出來,2024年5月3日 星期五 下午3:59,@familymart_tw,,329,1,1,,https://www.threads.com/@familymart_tw/post/C6f8vIMJB2F,先別笑，南院你按愛心了嗎❤️,2024年5月3日 星期五 下午4:13,,,306,1,,
strawmoon,https://www.threads.com/@strawmoon/post/C6f7KAbrogB,今天要吃冰淇淋，挺一下,2024年5月3日 星期五 下午3:59,@familymart_tw,,19,2,,,https://www.threads.com/@familymart_tw/post/C6f8pGcJRne,最近全家霜淇淋灰常讚,2024年5月3日 星期五 下午4:12,,,94,1,,
invoicemanager,https://www.threads.com/@invoicemanager/post/C6f4vJzvwnd,好啊 挺這裡可以嗎？,2024年5月3日 星期五 下午3:38,@familymart_tw,"Photo by 發票載具 on May 03, 2024.",738,3,5,,https://www.threads.com/@familymart_tw/post/C6f8jKjJS20,刷不到耶，幫我螢幕調亮一點噢！,2024年5月3日 星期五 下午4:11,,,500,,1,
bonnyread.tw,https://www.threads.com/@bonnyread.tw/post/C6f6eD5vMnf,我們全家不能輸,2024年5月3日 星期五 下午3:53,@familymart_tw,,180,1,1,,https://www.threads.com/@familymart_tw/post/C6f8btlpEi_,要贏，就全家人一起贏,2024年5月3日 星期五 下午4:10,,,147,,,
nnnnn224_,https://www.threads.com/@nnnnn224_/post/C6f4X2vPB-f,怎麼你也來了,2024年5月3日 星期五 下午3:35,@familymart_tw,,12,1,,,https://www.threads.com/@familymart_tw/post/C6f7yjAp3IS,全家一直都在❤️,2024年5月3日 星期五 下午4:05,,,61,1,,
ninixlin,https://www.threads.com/@ninixlin/post/C6d-X0Uydv5,我弟真的赫到了 1 / 2,2024年5月2日 星期四 下午9:49,,"Photo by @ninixlin on May 02, 2024.",50000,469,2694,,https://www.threads.com/@familymart_tw/post/C6fmBSvJGj7,我們全家都赫到了。,2024年5月3日 星期五 下午12:55,,,613,9,1,
boss_damon2,https://www.threads.com/@boss_damon2/post/C6dJ3f-vrNs,目前企業經營threads我看到比較強的是 1.八曜 2.全家 3.最近IKEA有稍微跟到一波 4. 請問還有厲害的活網仔企業小編嗎？？,2024年5月2日 星期四 下午2:10,,,3091,368,35,,https://www.threads.com/@familymart_tw/post/C6dO1PfLu3N,嗨 戴蒙老闆好機車～🫶🏻,2024年5月2日 星期四 下午2:53,,,283,3,,
cosmosjade,https://www.threads.com/@cosmosjade/post/C6NmHGWydTi,應該是 登 登 登登登 登登登登登登 登登登登 登登登登,2024年4月26日 星期五 下午1:09,@familymart_tw,,4078,88,269,,https://www.threads.com/@familymart_tw/post/C6Qn1gyJ-FC,期待在小巨蛋唱這首！！！,2024年4月27日 星期六 下午5:22,,,96,,,
teacherchiang,https://www.threads.com/@teacherchiang/post/C6OG87LyEyi,鋼琴炫技版來了🎹,2024年4月26日 星期五 下午5:56,@familymart_tw,,5814,91,157,,https://www.threads.com/@familymart_tw/post/C6Qnthtpl_F,老師太華麗了！！！我只能跪了......,2024年4月27日 星期六 下午5:21,,,156,,1,
timeouttaiwan,https://www.threads.com/@timeouttaiwan/post/C1Iu8p2vseB,"幾件讓你時光錯亂的真事
1. 張學良去世前，在收音機聽過周杰倫的歌
2. 秦始皇和阿基米德是同一個時代的人
3. 清乾隆五十七年（1792），紐約證券交易所成立
4. 光緒皇帝掌權時，日本任天堂成立
5. 唐伯虎和達文西、米開朗基羅、拉斐爾是同個時代的人
6. 乾隆六十大壽的時候，拿破崙剛出生
7. 孔子的年紀比釋迦摩尼佛大十幾歲
8. 東漢皇帝劉秀和耶穌出生日期只差了一年
9. 清光緒十二年，可口可樂公司成立
（repost)",2023年12月22日 星期五 上午9:13,,,15000,191,3008,,https://www.threads.com/@familymart_tw/post/C6NXdeTpn4_,台灣第一間全家便利商店開幕時還是日本昭和時代。,2024年4月26日 星期五 上午11:01,,,1067,2,11,
zhiting_li,https://www.threads.com/@zhiting_li/post/C6KAqWXyC5h,來自靈魂深處的歌唱,2024年4月25日 星期四 上午3:44,@familymart_tw,,905,9,2,,https://www.threads.com/@familymart_tw/post/C6L1scPpezx,同事叫我都不理，只停在你的歌聲裡,2024年4月25日 星期四 下午8:47,,,110,,,
dylee.an,https://www.threads.com/@dylee.an/post/C6Jexgty78k,Damn,2024年4月24日 星期三 下午10:48,@familymart_tw,,6671,78,409,,https://www.threads.com/@familymart_tw/post/C6LjK5OJ1iV,蟹 bro ～ 這連全家 Damn 員也難以複製 M3,2024年4月25日 星期四 下午6:05,,,539,,,
c546666,https://www.threads.com/@c546666/post/C6Kvs6JS556,全家就是你家,2024年4月25日 星期四 上午10:35,@familymart_tw,,2521,32,48,,https://www.threads.com/@familymart_tw/post/C6Li52qJ8lv,這唱得也太理想了吧，混、混蛋....我戀愛了...❤️,2024年4月25日 星期四 下午6:02,,,350,,1,
8yotea,https://www.threads.com/@8yotea/post/C6Jb69gPElc,我家的門鈴聲可以嗎？ 畢竟全家就是你家,2024年4月24日 星期三 下午10:23,@familymart_tw,,1549,18,30,,https://www.threads.com/@familymart_tw/post/C6Li0OrpFqB,想聽你本人親自唱這首才有誠意吧,2024年4月25日 星期四 下午6:02,,,212,,,
attcat_memes,https://www.threads.com/@attcat_memes/post/C6GlPR4h3xk,這條路是要叫我轉發的意思嗎？ 1 / 2,2024年4月23日 星期二 下午7:47,,"Photo by Att貓 on April 23, 2024.",300000,1878,52000,,https://www.threads.com/@familymart_tw/post/C6IL_jXJI3r,看到我出牌了嗎？換你了，UNO。,2024年4月24日 星期三 上午10:45,,,4306,8,15,
yuanwqq,https://www.threads.com/@yuanwqq/post/C6DxWV5y6Ji,我弟功課才寫到一半就偷跟我媽跑出門買東西 於是我就偷偷在他的國文自修上造句，嘻嘻,2024年4月22日 星期一 下午5:35,,"Photo by 芫瑋 on April 22, 2024.",16000,145,479,,https://www.threads.com/@familymart_tw/post/C6GGZwHJjmg,風紀股長不管秩序，我全家都怒了,2024年4月23日 星期二 下午3:17,,,544,1,3,
wanrou0710,https://www.threads.com/@wanrou0710/post/C6Dz5BHJnIY,可怕的果汁牛奶,2024年4月22日 星期一 下午5:57,@familymart_tw,,1,1,,,https://www.threads.com/@familymart_tw/post/C6F8XUDJmoE,🫣,2024年4月23日 星期二 下午1:50,,,,,,
__185.c__,https://www.threads.com/@__185.c__/post/C55siB3vyqm,"我跟我媽是可以為了一塊蛋糕
鬧一場家庭革命
必須搭配諧音梗 1 / 2",2024年4月18日 星期四 下午7:40,,"Photo by 陳洛 on April 18, 2024.",22000,258,1793,,https://www.threads.com/@familymart_tw/post/C58DSmSJxUa,us 的話可以來全家吃茶 egg damn 和 threads 皮泡芙 M3 🫶🏻,2024年4月19日 星期五 下午5:38,,,852,5,15,
lotusmimi72,https://www.threads.com/@lotusmimi72/post/C549MZfPTM1,"昨天到全家取貨，準備離開時後面有位國小弟弟要結帳。
店員看了他買的東西後：「弟弟，阿姨這裡有七折的飯糰，你需要嗎？比較便宜。」 弟弟：「好啊！！！」
超商店員根本是民間超人。 1 / 2",2024年4月18日 星期四 下午12:47,,,9538,100,76,,https://www.threads.com/@familymart_tw/post/C57PmDDJx73,不是每個超人都披著披風🦸🫶🏻,2024年4月19日 星期五 上午10:06,,,351,3,,
myhsuao,https://www.threads.com/@myhsuao/post/C5yQi8CvW4J,哪裡的全家店員那麼可愛😍,2024年4月15日 星期一 下午10:21,@familymart_tw,,1,1,,,https://www.threads.com/@familymart_tw/post/C50YnyLJtH9,全家小編本人🙂‍↕️,2024年4月16日 星期二 下午6:10,,,2,,,
lienbaby,https://www.threads.com/@lienbaby/post/C5yZ_ikPKcu,全家藍莓霜淇淋 真的是夢幻好吃 經過就會想去買 藍莓的酸甜太剛好了 驚豔❤️,2024年4月15日 星期一 下午11:44,,,748,31,2,,https://www.threads.com/@familymart_tw/post/C5zVs8QSB4B,謝謝喜歡🥹🫶🏻🫐🍦,2024年4月16日 星期二 上午8:25,,,23,1,,
boss_damon2,https://www.threads.com/@boss_damon2/post/C5xm57iPcke,最近超愛全家！東西越來越好吃,2024年4月15日 星期一 下午4:17,@familymart_tw,,9,1,,,https://www.threads.com/@familymart_tw/post/C5xtOTnJxJv,戴蒙老闆好機車,2024年4月15日 星期一 下午5:12,,,4,,,
kh._zzz,https://www.threads.com/@kh._zzz/post/C5sEgcCL794,大陸人想學台灣腔的可以看這張 這才是真教科書 1 / 2,2024年4月13日 星期六 下午12:40,,"Photo by 米妮Minnie on April 12, 2024.",16000,295,1662,,https://www.threads.com/@familymart_tw/post/C5xmu4JJnGB,緩光您 有全啊會嗯嘛 加兒嗎 寫光您 🫶🏻,2024年4月15日 星期一 下午4:16,,,264,9,5,
jason.zhuo.616,https://www.threads.com/@jason.zhuo.616/post/C5tQTXJv47-,張薇小姐喜歡吃全家媽媽煮藝的溏心蛋 預計這幾天會缺貨… 雨琦真的超寵粉,2024年4月13日 星期六 下午11:43,,"Photo by Jason Zhuo on April 13, 2024.",460,7,18,,https://www.threads.com/@familymart_tw/post/C5u5kkNp6Il,你跟 idol 的距離，只差一袋媽媽煮藝溏心蛋🥚💕,2024年4月14日 星期日 下午3:03,,,224,2,1,
hongsheng_0125,https://www.threads.com/@hongsheng_0125/post/C5pa1ZIJCCE,"如果你中樂透，你會飄到什麼程度？
我：你好 我要一個麥香魚堡，一份薯條，一份雞塊，一杯可樂
服務員：先生我們這有套餐
我：我就這麼點",2024年4月12日 星期五 上午11:58,,,7903,115,211,,https://www.threads.com/@familymart_tw/post/C5p2F2XJ-XC,"我：你好 我要結這個健身 G 肉餐盒
店員：先生現在 16:59 再一分鐘有 友善食光 7 折喔～
我：我就要現在結！",2024年4月12日 星期五 下午3:56,,,524,3,1,
xuan_0427,https://www.threads.com/@xuan_0427/post/C5pOjwqPO78,第一欸🫢,2024年4月12日 星期五 上午10:11,@familymart_tw,,10,1,,,https://www.threads.com/@familymart_tw/post/C5pOtJ-psD8,給妳🍠,2024年4月12日 星期五 上午10:12,,,14,,,
l_in.08,https://www.threads.com/@l_in.08/post/C5mq5GrvT9f,為什麼你的小熊餅乾圖案印的這麼清楚！.,2024年4月11日 星期四 上午10:20,@familymart_tw,,6,1,,,https://www.threads.com/@familymart_tw/post/C5nA9xRpVB-,不知道耶！我也想了解，只好再去買一包了！！(?),2024年4月11日 星期四 下午1:33,,,2,,,
l_in.08,https://www.threads.com/@l_in.08/post/C5iZYz5Lr6q,我是真的每次吃都在期待拿到割盲腸的小熊,2024年4月9日 星期二 下午6:30,,"Photo by 琳 on April 09, 2024. | Photo by 琳 on April 09, 2024.",14000,131,1786,,https://www.threads.com/@familymart_tw/post/C5mkyhqSWMu,賣小熊餅乾這麼多年，我也是第一次知道 ...... 竟然有這麼多種小熊嗎？！可惜我這包沒有盲腸炎小熊🥲,2024年4月11日 星期四 上午9:27,,"Photo by 全家便利商店_台灣 on April 10, 2024. | Photo by 全家便利商店_台灣 on April 10, 2024.",332,2,4,
aboutjgeo,https://www.threads.com/@aboutjgeo/post/C5hZI0FvJcV,"幹，又是個寫出來你們一定不相信
但真的剛發生的事
全聯結帳時
店員：前男友嗎？
我（低頭想要怎麼回答）
店員：前男友嗎？
我（緊張盯著店員）：。。。我。。。我不。。。
店員：先生，所以簽單要嗎？
我：喔，不用",2024年4月9日 星期二 上午9:09,,,4125,34,32,,https://www.threads.com/@familymart_tw/post/C5mkrakS9Tu,娶我嗎？ 娶我的話電話後三碼喔👀,2024年4月11日 星期四 上午9:26,,,101,2,2,
maochilaihua._.yao,https://www.threads.com/@maochilaihua._.yao/post/C5fPABjyCet,"King Gnu
三分鐘，我要這泡麵的全部資料 King Gnu 是什麼在地樂團啦吼 我晚餐就想吃同款😭 1 / 2",2024年4月8日 星期一 下午1:02,,"Photo by 阿颻ㄉ錢包君 on April 07, 2024.",1453,20,52,,https://www.threads.com/@familymart_tw/post/C5kJdr2pwW_,是三養的火辣雞肉風味鐵板炒麵！👀 今天晚上就吃 King Gnu 同款泡麵吧，我自己也有帶一件(?),2024年4月10日 星期三 上午10:50,,"Photo by 全家便利商店_台灣 on April 09, 2024.",114,1,5,
zazard,https://www.threads.com/@zazard/post/C4LPJpmvYzI,"今日原脆新聞24.03.06
1.Meta昨晚大當機，旗下平台無一倖免，嚇死一堆粉專小編。活不活網兩樣情，婁峻碩表示差點失業，王世堅則表示沒有感覺。
2.IU演唱會今起售票，搶票爭議再起。有脆友貼出使用機器人一樣搶不到，有人搶到嗎？
3.aespa成員Karina於 IG 發出道歉信，引起粉絲心疼。對比當年太妍的信有驚人相似之處。
4.陪沈團與全家合作推出三明治，早上買到的脆友爭相打卡。草莓肉鬆蛋，這樣的組合你想吃嗎？我還蠻想吃的，我是草莓蛋吐司派。
5.竹中學生分享裝水影片，新竹大風根本裝不起來，已突破7萬讚超高流量。
6.法國網友分享機場看到一位女生很多人拍照，前去詢問她是誰，員瑛給他IG後笑而不語
7.脆友疑似在zara遇到勝利，結果留言一面倒😂
脆脆唸：大港今日公布嘉賓ASIAN KUNG-FU GENERATION，意外蠻多人想看的。他們現場演出張力十足，有票的朋友不要錯過了。
部分出處放留言 1/9",2024年3月6日 星期三 下午10:07,,,3490,64,89,,https://www.threads.com/@familymart_tw/post/C4MiQuiJjQi,我是草莓肉鬆蛋派,2024年3月7日 星期四 上午10:13,,,30,1,1,
yo_yo1108,https://www.threads.com/@yo_yo1108/post/C4J2oglBrN4,跑了兩家找不到(;´༎ຶД༎ຶ`),2024年3月6日 星期三 上午9:14,@familymart_tw跑了兩家找不到(;´༎ຶД༎ຶ`)讚2回覆1轉發分享,,2,1,,,https://www.threads.com/@familymart_tw/post/C4KZE95pnwn,明天請早🥺,2024年3月6日 星期三 下午2:15,,,,,,
stingabc,https://www.threads.com/@stingabc/post/C4J7YvjvlfJ,一定要把沈留下！ 咱這一個月就努力的吃吃吃,2024年3月6日 星期三 上午9:55,@familymart_tw一定要把沈留下！,,3,1,,,https://www.threads.com/@familymart_tw/post/C4KZC5HpF-V,就看你了🫶🏻,2024年3月6日 星期三 下午2:14,,,1,,,
rebecca_namie,https://www.threads.com/@rebecca_namie/post/C4KDrLtPh7M,超商沒看到吼！被搶光了是吧🔥,2024年3月6日 星期三 上午11:08,@familymart_tw超商沒看到吼！被搶光了是吧🔥讚1回覆1轉發分享,,1,1,,,https://www.threads.com/@familymart_tw/post/C4KZCFypquB,明天請早🥹,2024年3月6日 星期三 下午2:14,,,1,,,
netflixtw,https://www.threads.com/@netflixtw/post/C4I_oiSSSu1,搞什麼竟然修好了 我還妄想明天能放假呢🫠 1/2,2024年3月6日 星期三 上午1:13,,,10000,206,549,,https://www.threads.com/@familymart_tw/post/C4JzfVBSEND,可以來全家吃早餐喔～,2024年3月6日 星期三 上午8:46,,,206,1,,
hotjpdrama_official,https://www.threads.com/@hotjpdrama_official/post/C4FereiBgUJ,是我最愛的抹茶🍵❤️,2024年3月4日 星期一 下午4:27,@familymart_tw是我最愛的抹茶🍵❤️讚3回覆1轉發分享,,3,1,,,https://www.threads.com/@familymart_tw/post/C4IEo-CpcfH,綠綠的抹茶💚,2024年3月5日 星期二 下午4:38,,,1,1,,
foreveryoungzt,https://www.threads.com/@foreveryoungzt/post/C37FslAxoW4,超愛仙女紅茶🤩🤩🤩🤩,2024年2月29日 星期四 下午3:37,@familymart_tw超愛仙女紅茶🤩🤩🤩🤩讚5回覆1轉發分享,"Photo by Aliceeeeee on February 28, 2024.",5,1,,,https://www.threads.com/@familymart_tw/post/C37OLe_pLJw,超級可❤️,2024年2月29日 星期四 下午4:51,,,3,,,
connie_l0821,https://www.threads.com/@connie_l0821/post/C37GWeDLC2d,那必須是霜淇淋 喔還有夯蕃薯 喔還有拿鐵 哦還有仙女紅茶跟自家品牌的茶系列 才發現我好像很愛全家🤣 喔還有甜點,2024年2月29日 星期四 下午3:42,@familymart_tw那必須是霜淇淋,,2,1,,,https://www.threads.com/@familymart_tw/post/C37OJu-pHvU,全家都❤️🫵🏻,2024年2月29日 星期四 下午4:51,,,,,,
cathyfoodie_150,https://www.threads.com/@cathyfoodie_150/post/C37KMBvPWJI,全家小編！,2024年2月29日 星期四 下午4:16,@familymart_tw全家小編！讚2回覆1轉發分享,,2,1,,,https://www.threads.com/@familymart_tw/post/C37OILZJbFK,❤️🫵🏻🫶🏻,2024年2月29日 星期四 下午4:50,,,1,,,
5py____,https://www.threads.com/@5py____/post/C5fn29sPZ2N,謝謝台灣祭我以後就叫做茶葉蛋了 1 / 2,2024年4月8日 星期一 下午4:39,,"Photo by 581 on April 08, 2024.",24000,628,2147,,https://www.threads.com/@familymart_tw/post/C5kIVzNJc8U,很開心今天在全家也看到你還在衝撞🥚,2024年4月10日 星期三 上午10:40,,"Photo by 全家便利商店_台灣 on April 09, 2024.",441,3,1,
kaikaiko,https://www.threads.com/@kaikaiko/post/C5gFQufx4zv,"我很好奇Threads上的朋友們有誰看過 那些年我們一起追的女孩嗎？
2011年是不是很多人還不滿十歲……",2024年4月8日 星期一 下午8:56,,"Photo by 柯震東 KAIKO 가진동 on April 08, 2024. | Photo by 柯震東 KAIKO 가진동 on April 08, 2024. | Photo by 柯震東 KAIKO 가진동 on April 08, 2024.",58000,3201,1099,,https://www.threads.com/@familymart_tw/post/C5kFbbSJrKg,2011 年 …… 那些年我 … 我甚至還沒有開始賣霜淇淋 …… 🍦,2024年4月10日 星期三 上午10:15,,,431,2,2,
51chu,https://www.threads.com/@51chu/post/C5fzSM-SQBX,店員：今天很多人在拍我們店門口你有頭緒嗎？,2024年4月8日 星期一 下午6:19,,"Photo by 安妮朱 on April 08, 2024.",7261,40,171,,https://www.threads.com/@familymart_tw/post/C5j7AKvSe3_,我只好出來自首了 … 是全家柯達飯店門市！ 順帶一提就是 Google map 上「井口理泡麵聖地」旁邊的那間門市🫶🏻,2024年4月10日 星期三 上午8:43,,"Photo by 全家便利商店_台灣 on April 09, 2024.",205,,32,
hola.taiwan,https://www.threads.com/@hola.taiwan/post/C5NZ12yv5lW,小編一坐上去就變里肌吐司了🐷🥲,2024年4月1日 星期一 下午2:50,@familymart_tw,,12,1,,,https://www.threads.com/@familymart_tw/post/C5OEbfFpWnA,你很幽默la,2024年4月1日 星期一 下午9:03,,,6,,,
ntu_seniorsister,https://www.threads.com/@ntu_seniorsister/post/C5BV-SXy2aN,"年薪百萬的同事 VS. 年薪百萬的我
年薪百萬的同事🔽
1. 午餐上餐館，吃完飯還會去咖啡廳坐坐，咖啡是150起跳 2. 咖啡都喝星巴克大杯，不喝便利商店咖啡 3. 衣服至少Uniqlo起跳，偶爾穿 Ralph Lauren, Tommy Hilfiger, CK 4. 每周上兩次 1-1 健身教練課，一次1500起跳 5. 公司在信義區，下班後通常會在信義區或東區晚餐喝酒聚會，順便逛逛百貨 6. 每個周末都有約 一餐 2000 起跳，無菜單日料 鐵板燒 米其林 高檔餐酒館名單列不完
年薪百萬的我🔽
1. 午餐常吃全家，「健身G肉餐盒」可以連吃一個禮拜不會膩 2. 咖啡都喝全家美式，還會用寄杯可以省幾元，其實喝不出跟星巴克的差別 3. 衣櫃80% 是淘寶貨+H&M，淘寶買的襯衫外套質感太好常被誤以為是大牌 4. 公司在信義區百貨公司林立，但下班太累只想趕快回家 5. 自己看Youtube 帕梅拉影片健身，一周一次已堅持兩年 6. 晚餐通常自己煮，一天預算150 7. 比起牛排 義大利麵 無菜單，更愛肉圓 麵線 臭豆腐
如果你是/已是年薪百萬，你會選擇怎麼生活呢? 🤔 1 / 2",2024年3月27日 星期三 下午10:26,,,4220,651,276,,https://www.threads.com/@familymart_tw/post/C5FIq2AyBlL,"健身G肉餐盒＋全家美式，就是真實偉大的樸實無華🫶🏻
2024-3-27",2024年3月29日 星期五 上午9:46,,,96,,1,
thealinecindy,https://www.threads.com/@thealinecindy/post/C4z9RHRrQfL,只能慶生嗎（壞笑）,2024年3月22日 星期五 下午5:40,@familymart_tw,,,1,,,https://www.threads.com/@familymart_tw/post/C41-YXjpLVA,請問你想放什麼👀,2024年3月23日 星期六 下午12:28,,,3,1,,
ano__h,https://www.threads.com/@ano__h/post/C4xYUncB-tv,昨天去買私品茶結果店員還是給一般的杯子 有夠難過Q_Q,2024年3月21日 星期四 下午5:38,@familymart_tw,,2,2,,,https://www.threads.com/@familymart_tw/post/C4xep4ZpgUo,你連頭貼都是吉伊卡哇🥹,2024年3月21日 星期四 下午6:34,,,,,,
yuus2.0,https://www.threads.com/@yuus2.0/post/C4cEne4PSEC,"有人很困惑為什麼我可海巡到各種沈早文， 連沒有任何提及的內容也行， 我只能說脆是最瑣碎的八婆徵信社員工， 知道老闆有在意就全部端給你！
有人喜歡有人不喜歡都沒關係！ 食物很主觀我真心謝謝給春沈機會的你們。 （權志龍90度鞠躬）",2024年3月13日 星期三 上午11:02,,"Photo by 沈 on March 12, 2024.",3888,120,4,,https://www.threads.com/@familymart_tw/post/C4cWzW0JdLv,支持🫶🏻,2024年3月13日 星期三 下午1:41,,,27,,,
rossi66999,https://www.threads.com/@rossi66999/post/C369VnYr6qS,你大亨堡給我賣便宜點,2024年2月29日 星期四 下午2:24,@familymart_tw,,,1,,,https://www.threads.com/@familymart_tw/post/C37GFiIJxEI,大亨堡是隔壁棚的，謝謝,2024年2月29日 星期四 下午3:40,,,2,1,,
lakingcoltd,https://www.threads.com/@lakingcoltd/post/C366pH1PNU5,霜淇淋❤️,2024年2月29日 星期四 下午2:00,@familymart_tw,,,1,,,https://www.threads.com/@familymart_tw/post/C37FxovpOoU,🍦❤️🫵🏻,2024年2月29日 星期四 下午3:37,,,,,,
pinkpink9656,https://www.threads.com/@pinkpink9656/post/C369D7zPJMD,地ㄍㄨㄚ,2024年2月29日 星期四 下午2:21,@familymart_tw,,,1,,,https://www.threads.com/@familymart_tw/post/C37FvlFJzXJ,🍠,2024年2月29日 星期四 下午3:37,,,,,,
rayho_0204,https://www.threads.com/@rayho_0204/post/C365GrbSmn5,全家全明星😳,2024年2月29日 星期四 下午1:47,@familymart_tw,,2,1,,,https://www.threads.com/@familymart_tw/post/C37FisqpzvG,懂全家🫶🏻,2024年2月29日 星期四 下午3:35,,,2,,,
oofspb,https://www.threads.com/@oofspb/post/C367bL_ve2w,雖然我有賣 但我還是豪喜歡的霜淇淋 小農牛奶、鐵觀音真的讚,2024年2月29日 星期四 下午2:07,@familymart_tw,,,1,,,https://www.threads.com/@familymart_tw/post/C37Fg-KJ7tf,全家愛你🍦,2024年2月29日 星期四 下午3:35,,,,,,
donnytsou,https://www.threads.com/@donnytsou/post/C36395PPu32,,2024年2月29日 星期四 下午1:37,@familymart_tw,"Photo by Donny Tsou on February 28, 2024.",2,1,,,https://www.threads.com/@familymart_tw/post/C364IeSJlP3,全家愛你🫶🏻,2024年2月29日 星期四 下午1:38,,,,,,
foreveryoungzt,https://www.threads.com/@foreveryoungzt/post/C362pYZRF8i,"這是回覆已無法顯示的貼文
我也愛全家❤️🤩",2024年2月29日 星期四 下午1:25,,,1,1,,,https://www.threads.com/@familymart_tw/post/C363IeAJH5v,全家愛你,2024年2月29日 星期四 下午1:29,,,,,,
nianyu_smile,https://www.threads.com/@nianyu_smile/post/C1jwP1ZPRne,"欸我很好奇 全家的app顏色和全家店面顏色 排列的方式的幹嘛不統一啊
還是他們討厭統一",2024年1月1日 星期一 下午9:04,,"Photo by 念宇 on January 01, 2024.",7711,66,559,,https://www.threads.com/@familymart_tw/post/C1l3UJiryey,為了要吸引你的注意👀,2024年1月2日 星期二 下午4:44,,,1198,7,4,
pei619619,https://www.threads.com/@pei619619/post/CvQFLcVSJ9A,哈哈這樓是什麼關於一點的冷笑話好好笑 我也來一個～～ 請問一天之中，幾點打得通電話？ 一點 因為一點就通,2023年7月29日 星期六 上午2:34,@familymart_tw,,2,1,,,https://www.threads.com/@familymart_tw/post/CvtZDXMyMVJ,有才女🫶🏻,2023年8月9日 星期三 上午11:45,,,1,,,
wanchiger,https://www.threads.com/@wanchiger/post/CvMHCyPxW02,為什麼下午一點不能說笑話？ 因為一點都不好笑,2023年7月27日 星期四 下午1:33,,,1985,69,173,,https://www.threads.com/@familymart_tw/post/CvOsPP3LddQ,一天之中，幾點是最緊急的？ 12:59分 因為快一點,2023年7月28日 星期五 下午1:36,,,190,5,6,
clementtang,https://www.threads.com/@clementtang/post/CvOg0fqx6sU,真芳太爽了吧！,2023年7月28日 星期五 上午11:57,@familymart_tw,,,1,,,https://www.threads.com/@familymart_tw/post/CvOr8OwLqih,🫶🏻,2023年7月28日 星期五 下午1:34,,,,,,
chiaoyunchuang,https://www.threads.com/@chiaoyunchuang/post/CvOeNa9ymqo,美食博主 韓韓❤️,2023年7月28日 星期五 上午11:34,@familymart_tw,,,1,,,https://www.threads.com/@familymart_tw/post/CvOr6wTLPYF,😎👏🏻👏🏻,2023年7月28日 星期五 下午1:34,,,,,,
steven87066,https://www.threads.com/@steven87066/post/CvOY0ewxe6k,有夠小的啦,2023年7月28日 星期五 上午10:47,@familymart_tw,,,2,,,https://www.threads.com/@familymart_tw/post/CvOr3fCr1yy,一次買兩盒,2023年7月28日 星期五 下午1:33,,,1,1,,
cherngyang,https://www.threads.com/@cherngyang/post/CuoWFLVszKX,飛行安全影片都拍好了，離成立航空公司又更近一步 @familymart_tw,2023年7月13日 星期四 下午4:13,,,1257,34,34,,https://www.threads.com/@familymart_tw/post/CuqvrSkSvKH,到時別忘了我🫶🏻,2023年7月14日 星期五 下午2:34,,,31,,,
chao_com,https://www.threads.com/@chao_com/post/Cui-8s8JaCF,晚上七點十一分簽到截止,2023年7月11日 星期二 下午2:13,@familymart_tw,,1,1,,,https://www.threads.com/@familymart_tw/post/CujqcBwy2zk,有心,2023年7月11日 星期二 下午8:33,,,1,,,
yujanetsai,https://www.threads.com/@yujanetsai/post/CuihxrKhUQY,太有愛了我決定今天買爆全家😂,2023年7月11日 星期二 上午9:58,@familymart_tw,,18,1,,,https://www.threads.com/@familymart_tw/post/Cui830_yWOh,全家有愛,2023年7月11日 星期二 下午1:55,,,16,,,
togetherdrama,https://www.threads.com/@togetherdrama/post/CuhPr82JLKj,不可能就這樣離開我們吧！！,2023年7月10日 星期一 下午10:01,@familymart_tw,,15,1,,,https://www.threads.com/@familymart_tw/post/Cuhe15nS7mn,沒說要走呀🥹,2023年7月11日 星期二 上午12:14,,,1,,,
netflixtw,https://www.threads.com/@netflixtw/post/CugYpVIS9o3,本想發點什麼⋯ 但想想還是先去買手搖ㄅ,2023年7月10日 星期一 下午2:00,,"Photo by Netflix Taiwan on July 09, 2023.",3912,113,166,,https://www.threads.com/@familymart_tw/post/CugxZSFyGWO,全家嚇到,2023年7月10日 星期一 下午5:36,,,115,2,3,
boweitsai,https://www.threads.com/@boweitsai/post/Cuf9aAEve6A,週一喝拿鐵，一週都拿鐵,2023年7月10日 星期一 上午10:02,@familymart_tw,,6,1,,,https://www.threads.com/@familymart_tw/post/CugQCucSEF6,哎呦，有雙關有押韻👏🏻,2023年7月10日 星期一 下午12:45,,,3,1,,
togetherdrama,https://www.threads.com/@togetherdrama/post/CugMO5QpWsA,有事算誰的？,2023年7月10日 星期一 下午12:12,@familymart_tw,,20,1,,,https://www.threads.com/@familymart_tw/post/CugPUA1yD-s,你好兇🥹,2023年7月10日 星期一 下午12:39,,,4,3,1,
stn_smoke_to_nite,https://www.threads.com/@stn_smoke_to_nite/post/Cue6t3wS7m0,"晚餐去吃了全家的浪漫台三線套餐 因為我被壹加壹還有台通業配到了..
順便客家起乃用 9 元買了霜淇淋…
今日已足矣 66(⁎⁍̴̛ᴗ⁍̴̛⁎)99
@familymart_tw @illywang @lingjiepan @romanticroute333 @commute_for_me #10元買早餐8元買豆干",2023年7月10日 星期一 上午12:19,,"Photo by STN 夜來香 on July 09, 2023. | Photo by STN 夜來香 on July 09, 2023. | Photo by STN 夜來香 on July 09, 2023.",60,4,,,https://www.threads.com/@familymart_tw/post/Cuf55P6SaIy,謝謝支持,2023年7月10日 星期一 上午9:31,,,19,1,,
ciotter_blog,https://www.threads.com/@ciotter_blog/post/CuWqFvqvsnS,我蓋！,2023年7月6日 星期四 下午7:20,@familymart_tw,"Photo by R獺ㄊㄚ`｜美食×旅遊x親子 on July 06, 2023.",3,1,,,https://www.threads.com/@familymart_tw/post/CuYwswQy8Q0,專業,2023年7月7日 星期五 下午2:56,,,2,,,
shert255,https://www.threads.com/@shert255/post/CuXC3rCynmZ,,2023年7月6日 星期四 下午10:57,@familymart_tw,"Photo by xuann on July 06, 2023.",3,3,,,https://www.threads.com/@familymart_tw/post/CuYwrqoyYrA,店員愛慕你？🤔,2023年7月7日 星期五 下午2:56,,,8,,,
dada.eatt,https://www.threads.com/@dada.eatt/post/CuWrpV7vnWM,我愛抹茶！抹茶NO.1～(˶‾᷄ ⁻̫ ‾᷅˵)❤️,2023年7月6日 星期四 下午7:34,@familymart_tw,"Photo by DA噠 🥯 on July 06, 2023.",2,1,,,https://www.threads.com/@familymart_tw/post/CuYwoOhSr0X,店員對你真好,2023年7月7日 星期五 下午2:56,,,1,1,,
watsonstaiwan,https://www.threads.com/@watsonstaiwan/post/CuYlPWKJPB0,屈編要買酷冰沙😍 有人要一起嗎？ 我要送1的那杯,2023年7月7日 星期五 下午1:16,@familymart_tw,,2,1,,,https://www.threads.com/@familymart_tw/post/CuYwhWwSQ17,屈先森什麼時候會再出現？🫣,2023年7月7日 星期五 下午2:55,,,1,1,,
victor_laowang,https://www.threads.com/@victor_laowang/post/CuYiQHWJoOo,有多慧，有好多優惠（？）,2023年7月7日 星期五 下午12:50,@familymart_tw,,1,1,,,https://www.threads.com/@familymart_tw/post/CuYwWrrycfW,That’s right🤗 翻譯,2023年7月7日 星期五 下午2:53,,,1,,,
zzyang.19,https://www.threads.com/@zzyang.19/post/CuWvSBapLss,我真的只想吃思樂冰,2023年7月6日 星期四 下午8:06,@familymart_tw,,1,1,,,https://www.threads.com/@familymart_tw/post/CuYDV2dS56m,🥴,2023年7月7日 星期五 上午8:20,,,,,,
familymart_shuangxing_store,https://www.threads.com/@familymart_shuangxing_store/post/CuWgMiLAvjc,椰椰奶奶霜淇淋超棒❤️,2023年7月6日 星期四 下午5:54,@familymart_tw,,2,1,,,https://www.threads.com/@familymart_tw/post/CuWgeXyyuZ4,❤️,2023年7月6日 星期四 下午5:56,,,,,,
lilytung_84,https://www.threads.com/@lilytung_84/post/CuWSRIYJ9Sg,全盈+pay 籌碼全贏加倍🎵,2023年7月6日 星期四 下午3:52,@familymart_tw,,1,2,,,https://www.threads.com/@familymart_tw/post/CuWd1TsSlGJ,實力派👍🏻,2023年7月6日 星期四 下午5:33,,,,,,
kjy0831,https://www.threads.com/@kjy0831/post/CuWT3WAynjn,多增加一些有冰淇淋機台的門市啦🍦,2023年7月6日 星期四 下午4:06,@familymart_tw,,,1,,,https://www.threads.com/@familymart_tw/post/CuWdwxCSWhQ,全家收到了🫡,2023年7月6日 星期四 下午5:32,,,1,,,
oh.onioni,https://www.threads.com/@oh.onioni/post/CuWc1AdBYPC,木瓜牛奶霜淇淋！,2023年7月6日 星期四 下午5:24,@familymart_tw,,1,1,,,https://www.threads.com/@familymart_tw/post/CuWduBoye6P,椰椰奶奶也不錯😆🫶🏻,2023年7月6日 星期四 下午5:32,,,,,,
nutruelife,https://www.threads.com/@nutruelife/post/CuWSri6rVgJ,嗨🙌🏻,2023年7月6日 星期四 下午3:56,@familymart_tw,,2,1,,,https://www.threads.com/@familymart_tw/post/CuWdqoKS9ie,嗨嗨,2023年7月6日 星期四 下午5:32,,,,,,
romanticroute333,https://www.threads.com/@romanticroute333/post/CuWc-0VP_S5,全家就是客家,2023年7月6日 星期四 下午5:26,@familymart_tw,"Photo by 浪漫台三線藝術季 on July 06, 2023.",2,1,,,https://www.threads.com/@familymart_tw/post/CuWdoXyyEkw,襪子有跟到🥹🫶🏻,2023年7月6日 星期四 下午5:31,,,,,,
cherngyang,https://www.threads.com/@cherngyang/post/CuWKBeRhYYD,GIF測試,2023年7月6日 星期四 下午2:40,,,4096,64,78,,https://www.threads.com/@familymart_tw/post/CuWdTwhS9e5,最近常常看到你🥹,2023年7月6日 星期四 下午5:29,,,6,2,,
walkincat2020,https://www.threads.com/@walkincat2020/post/CuWLxONSPL1,什麼時候可以買一送一,2023年7月6日 星期四 下午2:55,@familymart_tw,,,1,,,https://www.threads.com/@familymart_tw/post/CuWdKrRSjDf,快了快了🫣,2023年7月6日 星期四 下午5:27,,,1,,,
letsgo_theatre,https://www.threads.com/@letsgo_theatre/post/CuWcONuvzZ3,我要去買友善食光ㄌ,2023年7月6日 星期四 下午5:19,@familymart_tw,,4,1,,,https://www.threads.com/@familymart_tw/post/CuWdGKLS96a,會不會太專業了🤣🫶🏻,2023年7月6日 星期四 下午5:27,,,1,,,
waitingfor_life,https://www.threads.com/@waitingfor_life/post/CuVzjeWva9t,全家這速度👍🏻🤣,2023年7月6日 星期四 上午11:24,@familymart_tw,,,1,,,https://www.threads.com/@familymart_tw/post/CuWdA2uyAbm,小編無極限🥴,2023年7月6日 星期四 下午5:26,,,,1,,
chao.chao.cook,https://www.threads.com/@chao.chao.cook/post/CuV6yoMv8Qz,我家附近都沒有賣雙口味霜淇淋 好想吃木瓜牛奶ㄉ冰 哭哭,2023年7月6日 星期四 下午12:27,@familymart_tw,,2,1,,,https://www.threads.com/@familymart_tw/post/CuWc8lPyurw,幫QQ,2023年7月6日 星期四 下午5:25,,,1,,,
