user_name,user_post_url,user_content,user_timestamp,user_replying_to,user_image_alts,user_likes,user_replies,user_reposts,user_shares,brand_reply_url,brand_reply_content,brand_reply_timestamp,brand_replying_to,brand_reply_image_alts,brand_reply_likes,brand_reply_replies,brand_reply_reposts,brand_reply_shares
jia.18____,https://www.threads.com/@jia.18____/post/DXi_4bZEhN_,想要外星人👽,2026年4月25日 星期六 下午3:49,@ikea_taiwan,,,1,,,https://www.threads.com/@ikea_taiwan/post/DXnpFuhk_Yq,"帶外星人跟娃包回家 lihi3.me/qoOZi
ikea.com.tw
AFTONSPARV - 填充玩具, 微型外星人/綠色, 10 公分 | IKEA 線上購物",2026年4月27日 星期一 上午11:06,,"AFTONSPARV - 填充玩具, 微型外星人/綠色, 10 公分 | IKEA 線上購物",1,1,,
ashleechiuuu,https://www.threads.com/@ashleechiuuu/post/DXmDmx5iauz,請問內湖獲得點數能在城市店兌換嗎🥹,2026年4月26日 星期日 下午8:19,@ikea_taiwan,,,1,,,https://www.threads.com/@ikea_taiwan/post/DXnobjrk6B1,"可以喔！ 活動詳情可以看官網喔 lihi3.me/3Bbtm
ikea.com.tw
IKEA集娃娃包 - 消費1元集1點換限量造型娃娃包 | IKEA線上購物",2026年4月27日 星期一 上午11:00,,,1,,,
jamelin____,https://www.threads.com/@jamelin____/post/DXni2mXmSfF,官網線上購物可以累積點數嗎？,2026年4月27日 星期一 上午10:11,@ikea_taiwan,,,1,,,https://www.threads.com/@ikea_taiwan/post/DXnmdEykyw-,"線上購物可以！記得要報卡友～ 活動詳情可以看官網> lihi3.me/3Bbtm
ikea.com.tw
IKEA集娃娃包 - 消費1元集1點換限量造型娃娃包 | IKEA線上購物",2026年4月27日 星期一 上午10:43,,,,,,
rrrrita.506,https://www.threads.com/@rrrrita.506/post/DXdp2Eukh5M,這個外星人寶寶超小😭可以裝誰,2026年4月23日 星期四 下午2:00,@ikea_taiwan,,,2,,,https://www.threads.com/@ikea_taiwan/post/DXeVCOpk3kG,娃包尺寸是10x13x5公分 10公分娃放進去沒問題！,2026年4月23日 星期四 下午8:17,,,2,,,1
tuei_cosplay,https://www.threads.com/@tuei_cosplay/post/DXdyACWj-tQ,想問問餐飲消費也能集點嗎...!,2026年4月23日 星期四 下午3:11,@ikea_taiwan,,2,1,,3,https://www.threads.com/@ikea_taiwan/post/DXd_xIADg3u,可以喔！記得結帳時要報卡友才能集點,2026年4月23日 星期四 下午5:11,,,4,,,
setsuna.nn,https://www.threads.com/@setsuna.nn/post/DXdveZLk7a3,用餐也可以計入點數對嗎🥺？,2026年4月23日 星期四 下午2:49,@ikea_taiwan,,3,1,,,https://www.threads.com/@ikea_taiwan/post/DXd_SwmDsOT,可以喔！記得結帳時要報卡友才能集點～,2026年4月23日 星期四 下午5:07,,,1,,,
hyde701981,https://www.threads.com/@hyde701981/post/DXdgk8XCYXH,請問餐廳消費也能集點嗎？🥺,2026年4月23日 星期四 下午12:39,@ikea_taiwan,,,1,,,https://www.threads.com/@ikea_taiwan/post/DXd_GkMjmSQ,可以喔！記得結帳時要報卡友才能集點喔！,2026年4月23日 星期四 下午5:06,,,2,,,
kevin19990704,https://www.threads.com/@kevin19990704/post/DXdhyJSE6gW,最近好像沒有需要買的東西 感覺該問家人有沒有要了 幫他們買然後我賺娃包,2026年4月23日 星期四 下午12:49,@ikea_taiwan,,1,1,,1,https://www.threads.com/@ikea_taiwan/post/DXdjQ_TExnO,"真是聰明蛋 記得要加入卡友喔 lihi3.me/3Bbtm
ikea.com.tw
IKEA集娃娃包 - 消費1元集1點換限量造型娃娃包 | IKEA線上購物",2026年4月23日 星期四 下午1:02,,,,1,,1
jps.tw,https://www.threads.com/@jps.tw/post/DXdfCuUESO_,什麼什麼什麼,2026年4月23日 星期四 下午12:25,@ikea_taiwan,"Photo by 嘉沛鮮羊乳 on April 22, 2026. May be an image of text. | Photo by 嘉沛鮮羊乳 on April 22, 2026. May be an image of milk, yogurt, hand cream and text. | Photo by 嘉沛鮮羊乳 on April 22, 2026. May be an image of toy, christmas tree and text.",49,2,,2,https://www.threads.com/@ikea_taiwan/post/DXdfVHjEwr5,"外星人寶寶你該來IKEA了 lihi3.me/3Bbtm
ikea.com.tw
IKEA集娃娃包 - 消費1元集1點換限量造型娃娃包 | IKEA線上購物",2026年4月23日 星期四 下午12:28,,,9,2,,2
___x__i__u___,https://www.threads.com/@___x__i__u___/post/DXdeeQrAdBk,超級可愛耶！但不能直購。🥲,2026年4月23日 星期四 下午12:21,@ikea_taiwan,,146,1,,3,https://www.threads.com/@ikea_taiwan/post/DXdey2WEwIo,帶著寶寶來IKEA買被被也很溫馨呀,2026年4月23日 星期四 下午12:23,,,37,,,1
t86syz,https://www.threads.com/@t86syz/post/DXddH8REuyy,想知道尺寸😳 翻譯,2026年4月23日 星期四 下午12:09,@ikea_taiwan,,,1,,,https://www.threads.com/@ikea_taiwan/post/DXdenn4k79G,娃包尺寸是10x13x5公分🫶🏽,2026年4月23日 星期四 下午12:22,,,3,1,,6
gm_0733,https://www.threads.com/@gm_0733/post/DXddcvbkpcV,有附微型外星人的小卡嗎🥺,2026年4月23日 星期四 下午12:12,@ikea_taiwan,,16,2,,1,https://www.threads.com/@ikea_taiwan/post/DXddlZ0Ey0F,沒有喔～只有被套組,2026年4月23日 星期四 下午12:13,,,12,,,1
shihyu_a01,https://www.threads.com/@shihyu_a01/post/DXdcSZcnym1,😆😆😆✨,2026年4月23日 星期四 下午12:01,@ikea_taiwan,,,1,,,https://www.threads.com/@ikea_taiwan/post/DXdc505k_aQ,是不是心動了,2026年4月23日 星期四 下午12:07,,,1,,,
kshouse.168,https://www.threads.com/@kshouse.168/post/DXdcQDIkSko,買我要買 高雄進了嗎? 我要殺過去了 (冷靜,2026年4月23日 星期四 下午12:01,@ikea_taiwan,,,1,,,https://www.threads.com/@ikea_taiwan/post/DXdc4ALk0oT,快來快來！！！不用冷靜,2026年4月23日 星期四 下午12:07,,,1,,,
kwax_taiwan,https://www.threads.com/@kwax_taiwan/post/DXZU_loki4F,確實,2026年4月21日 星期二 下午9:41,@ikea_taiwan,,,1,,,https://www.threads.com/@ikea_taiwan/post/DXZWlUrGHIq,認同請分享,2026年4月21日 星期二 下午9:55,,,1,,,
classmateshoes9603,https://www.threads.com/@classmateshoes9603/post/DXZS4UVk0IA,靠腰是好東西,2026年4月21日 星期二 下午9:22,@ikea_taiwan,,,1,,,https://www.threads.com/@ikea_taiwan/post/DXZTkN-GPPl,對腰很好,2026年4月21日 星期二 下午9:28,,,,,,
ou_dessert,https://www.threads.com/@ou_dessert/post/DXZSbnaEuDg,小編是不是還有其他要靠🤣,2026年4月21日 星期二 下午9:18,@ikea_taiwan,,,1,,,https://www.threads.com/@ikea_taiwan/post/DXZTjVWmPPo,,2026年4月21日 星期二 下午9:28,,"Photo by IKEA Taiwan on April 21, 2026. May be an image of armchair, bureau, chair and text that says '搭配靠枕 枕就能隨時靠腰的椅子 再創低價 FLINTAN 辦公椅 1,999 之前價格:$2,199 之前價格： $2,199 再創低價 再創低價 FLINTAN 辦公椅 $1,999 之前價格: 之前價格:$2,199 $2,199 再創低價 LÂNGFJÄLL 會議椅 $3,999 之前價格： $4,299 LANGFJÄLL 會議椅 $3,999 之前價格： 之前價格：$4,299 $4,299 也在再創低價中'.",1,,,
tokushio,https://www.threads.com/@tokushio/post/DXWVuIylJmH,我對我的沒用感到抱歉🥺,2026年4月20日 星期一 下午5:49,@ikea_taiwan,,2,1,,,https://www.threads.com/@ikea_taiwan/post/DXWYgOpmHHY,"不用抱歉 反正有用就好 lihi3.me/ak3SH
ikea.com.tw
IKEA Family 宜家卡｜宜家卡線上免費申辦，立即享IKEA卡友專屬優惠｜IKEA線上購物",2026年4月20日 星期一 下午6:14,,,1,,,
noam0828,https://www.threads.com/@noam0828/post/DXWSkbvmnCc,"我是一個不能激的人
對，我沒用",2026年4月20日 星期一 下午5:22,@ikea_taiwan,"Photo by YuChen on April 20, 2026. May be a meme of text that says '] 意不意外？ 意不意外？開不開 開不開心？'.",,1,,,https://www.threads.com/@ikea_taiwan/post/DXWVKSFGLic,"那 來用用嗎？ lihi3.me/ak3SH
ikea.com.tw
IKEA Family 宜家卡｜宜家卡線上免費申辦，立即享IKEA卡友專屬優惠｜IKEA線上購物",2026年4月20日 星期一 下午5:44,,,,,,
kssogo.tw,https://www.threads.com/@kssogo.tw/post/DXWU0lxCV7T,對不起，我沒用🥲,2026年4月20日 星期一 下午5:42,@ikea_taiwan,,,1,,,https://www.threads.com/@ikea_taiwan/post/DXWVGpgGPem,"那趕快來變有用的人 lihi3.me/ak3SH
ikea.com.tw
IKEA Family 宜家卡｜宜家卡線上免費申辦，立即享IKEA卡友專屬優惠｜IKEA線上購物",2026年4月20日 星期一 下午5:44,,,1,,,
kiki._.drama,https://www.threads.com/@kiki._.drama/post/DXWU6xBiaTs,我沒有 怎麼用🥲,2026年4月20日 星期一 下午5:42,@ikea_taiwan,,,1,,,https://www.threads.com/@ikea_taiwan/post/DXWVDy5mK80,跟著試試看,2026年4月20日 星期一 下午5:44,,,1,,,
ogrill_tw,https://www.threads.com/@ogrill_tw/post/DXHC7hklPYi,好喜歡粉紅色！！！,2026年4月14日 星期二 下午7:17,@ikea_taiwan,,,1,,,https://www.threads.com/@ikea_taiwan/post/DXHFpqzGFJI,是淡淡低調又可愛的粉紅色🌸,2026年4月14日 星期二 下午7:40,,,1,,,
mini_5151_gogo,https://www.threads.com/@mini_5151_gogo/post/DXHEv31E70T,"ikea 還我齁🐽
粉紅色很適合我齁🐽",2026年4月14日 星期二 下午7:32,@ikea_taiwan,"Photo by 迷你齁 on April 14, 2026. May be an image of toy, baby bed, sharpener, trolley, kitchenware and text that says '新品'.",4,1,,,https://www.threads.com/@ikea_taiwan/post/DXHFnHuGGNc,買一個當小窩很讚讚💗,2026年4月14日 星期二 下午7:40,,,3,2,,
ruos_daily,https://www.threads.com/@ruos_daily/post/DXHA6UfkqHj,我們家有三台 紫、粉、黃🤩🤩🤩,2026年4月14日 星期二 下午6:59,@ikea_taiwan,,1,1,,,https://www.threads.com/@ikea_taiwan/post/DXHBHu_mKBp,就知道大家一台不夠 三台不嫌多😍,2026年4月14日 星期二 下午7:01,,,,,,
kuanyu0981340440,https://www.threads.com/@kuanyu0981340440/post/DW-rJOvjjXG,你不要假裝了喔🤪 不過IKEA好像是個不錯的種花地點 還有冷氣吹😆😆,2026年4月11日 星期六 下午1:15,@ikea_taiwan,,,1,,,https://www.threads.com/@ikea_taiwan/post/DW_il8-GB68,沒錯 天氣已經越來越熱了 建議來室內走,2026年4月11日 星期六 下午9:19,,,1,,,
karus.life,https://www.threads.com/@karus.life/post/DW-jagOEvfx,有滿滿的布丁花,2026年4月11日 星期六 下午12:07,@ikea_taiwan,"Photo by KARUS |在意生活 |永續禮品| 再衣筆 on April 10, 2026. May be an image of tea maker, teacup, tea, candle, measuring cups and text.",5,1,,,https://www.threads.com/@ikea_taiwan/post/DW_igT0mGSa,這樣會變種花邊吃布丁 還是來瑞典餐廳吃一吃,2026年4月11日 星期六 下午9:19,,,1,1,,
solone_taiwan,https://www.threads.com/@solone_taiwan/post/DW9Kz7PEhcK,還好昨天拿去洗了(˶‾᷄ ⁻̫ ‾᷅˵),2026年4月10日 星期五 下午11:13,@ikea_taiwan,,,1,,,https://www.threads.com/@ikea_taiwan/post/DW-sIVGmBYA,"洗完就要好好收起來！ lihi3.me/8oUr1
ikea.com.tw
IKEA精選收納85折起！｜IKEA Family 宜家卡｜宜家卡線上免費申辦，即享IKEA卡友專屬優惠｜IKEA線上購物",2026年4月11日 星期六 下午1:23,,IKEA精選收納85折起！｜IKEA Family 宜家卡｜宜家卡線上免費申辦，即享IKEA卡友專屬優惠｜IKEA線上購物,,,,
kinmen_kaoliang_liquor,https://www.threads.com/@kinmen_kaoliang_liquor/post/DW8uPskAcoc,都掛椅子上,2026年4月10日 星期五 下午7:03,@ikea_taiwan,,12,2,,,https://www.threads.com/@ikea_taiwan/post/DW-sEc8GPC-,"請讓衣服有個家 lihi3.me/8oUr1
ikea.com.tw
IKEA精選收納85折起！｜IKEA Family 宜家卡｜宜家卡線上免費申辦，即享IKEA卡友專屬優惠｜IKEA線上購物",2026年4月11日 星期六 下午1:23,,IKEA精選收納85折起！｜IKEA Family 宜家卡｜宜家卡線上免費申辦，即享IKEA卡友專屬優惠｜IKEA線上購物,1,,,
poyabeauty,https://www.threads.com/@poyabeauty/post/DW80EIfGuGR,寶 你怎麼知道我每天丟來丟去😍,2026年4月10日 星期五 下午7:54,@ikea_taiwan,,27,1,,,https://www.threads.com/@ikea_taiwan/post/DW-sBg4GD2c,"還是要記得收一下 lihi3.me/8oUr1
ikea.com.tw
IKEA精選收納85折起！｜IKEA Family 宜家卡｜宜家卡線上免費申辦，即享IKEA卡友專屬優惠｜IKEA線上購物",2026年4月11日 星期六 下午1:22,,IKEA精選收納85折起！｜IKEA Family 宜家卡｜宜家卡線上免費申辦，即享IKEA卡友專屬優惠｜IKEA線上購物,,,,
kiki._.drama,https://www.threads.com/@kiki._.drama/post/DW-iK6mCWz4,你🤣🤣🤣,2026年4月11日 星期六 上午11:56,@ikea_taiwan,,,1,,,https://www.threads.com/@ikea_taiwan/post/DW-mV3MGIis,🤫我已經完成任務了,2026年4月11日 星期六 下午12:33,,,1,1,,
tokushio,https://www.threads.com/@tokushio/post/DW-mGXIlOE8,感覺很適合拿來放珠珠🙌🙌🙌,2026年4月11日 星期六 下午12:31,@ikea_taiwan,"Photo by 德昌手藝生活館/德昌網路手藝世界 on April 10, 2026. May be an image of napkin ring, measuring cups and text.",2,1,,,https://www.threads.com/@ikea_taiwan/post/DW-mULtGHU6,珠珠很漂亮！很適合🩵,2026年4月11日 星期六 下午12:33,,,1,,,
stilllayout.studio_,https://www.threads.com/@stilllayout.studio_/post/DW6JzXQkYn-,寶寶我啊 也想吃兒童餐,2026年4月9日 星期四 下午7:06,@ikea_taiwan,,,1,,,https://www.threads.com/@ikea_taiwan/post/DW6KS_5GBzj,"可以請大人一起陪你來吃 lihi3.me/erDKZ
ikea.com.tw
IKEA餐廳 - 超人氣肉丸、銅板美食等瑞典美食菜單一覽｜IKEA線上購物",2026年4月9日 星期四 下午7:11,,IKEA餐廳 - 超人氣肉丸、銅板美食等瑞典美食菜單一覽｜IKEA線上購物,1,,,
ogrill_tw,https://www.threads.com/@ogrill_tw/post/DW2qCUtEc7W,下班想衝去買了,2026年4月8日 星期三 上午10:31,@ikea_taiwan,,,1,,,https://www.threads.com/@ikea_taiwan/post/DW2qTH9GB-x,"快來快來 不然就是先逛逛新品專區！ lihi3.me/3R7na
ikea.com.tw
IKEA新品專區 | IKEA線上購物",2026年4月8日 星期三 上午10:33,,,1,1,,
uncle.anpan,https://www.threads.com/@uncle.anpan/post/DWlXmGkkylU,必須用數據來證明我是健康正向的人哪下單幫朋友問,2026年4月1日 星期三 下午5:23,@ikea_taiwan,,2,1,,,https://www.threads.com/@ikea_taiwan/post/DWn4BMKGKGM,"搖起來 證明一下 lihi3.me/Oym6y
ikea.com.tw
兒童家具、兒童房家具｜GREJSIMOJS系列 – IKEA線上購物",2026年4月2日 星期四 下午4:45,,兒童家具、兒童房家具｜GREJSIMOJS系列 – IKEA線上購物,1,1,1,
jps.tw,https://www.threads.com/@jps.tw/post/DWnUIPVEV39,請問⋯這個也適用嗎？,2026年4月2日 星期四 上午11:31,@ikea_taiwan,"Photo by 嘉沛鮮羊乳 on April 01, 2026. May be an image of text that says '有1個新的蘑菇戰鬥求救訊息！ 崇仁新村 崇仁新村空翔區 空翔區 166 步數 4月2日星） 星期四 三 四 五 六 日 2 3 4 5 培育2個皮克敏 916 16 嘉沛鮮羊乳 商店 ပမ'.",22,5,,1,https://www.threads.com/@ikea_taiwan/post/DWn36BqmOdg,"買一個放在辦公室搖 lihi3.me/Oym6y
ikea.com.tw
兒童家具、兒童房家具｜GREJSIMOJS系列 – IKEA線上購物",2026年4月2日 星期四 下午4:44,,兒童家具、兒童房家具｜GREJSIMOJS系列 – IKEA線上購物,1,,,
onze_nn,https://www.threads.com/@onze_nn/post/DWkixNxk-Vf,家長be like: 沒想到有一天要跟小孩搶搖搖馬🚬,2026年4月1日 星期三 上午9:41,@ikea_taiwan,,,1,,,https://www.threads.com/@ikea_taiwan/post/DWn3v1lmPkW,"那就只好一人一台了 lihi3.me/Oym6y
ikea.com.tw
兒童家具、兒童房家具｜GREJSIMOJS系列 – IKEA線上購物",2026年4月2日 星期四 下午4:42,,兒童家具、兒童房家具｜GREJSIMOJS系列 – IKEA線上購物,,,,
showmeii_home_idea,https://www.threads.com/@showmeii_home_idea/post/DWi-mHRGhKT,種花需要😍,2026年3月31日 星期二 下午7:06,@ikea_taiwan,,,1,,,https://www.threads.com/@ikea_taiwan/post/DWn3lqqGHBs,種花建議來直接來逛IKEA,2026年4月2日 星期四 下午4:41,,,1,,,
mydoso.koten,https://www.threads.com/@mydoso.koten/post/DWlX2SyE5ud,太扯了 哪裡可以下單,2026年4月1日 星期三 下午5:25,@ikea_taiwan,,,1,,,https://www.threads.com/@ikea_taiwan/post/DWn3h1kmGQW,"這裡直接下單 lihi3.me/Oym6y
ikea.com.tw
兒童家具、兒童房家具｜GREJSIMOJS系列 – IKEA線上購物",2026年4月2日 星期四 下午4:40,,兒童家具、兒童房家具｜GREJSIMOJS系列 – IKEA線上購物,1,1,,
hwhw2026ww,https://www.threads.com/@hwhw2026ww/post/DWkOuxlE2ii,不是…🙂‍↔️🙂‍↔️（可惡想買,2026年4月1日 星期三 上午6:46,@ikea_taiwan,,,1,,,https://www.threads.com/@ikea_taiwan/post/DWlDQbfmEYP,"放在家裡可愛又可以玩 買！ lihi3.me/Oym6y
ikea.com.tw
兒童家具、兒童房家具｜GREJSIMOJS系列 – IKEA線上購物",2026年4月1日 星期三 下午2:25,,兒童家具、兒童房家具｜GREJSIMOJS系列 – IKEA線上購物,1,,,
emo76119,https://www.threads.com/@emo76119/post/DWka43WEitj,這大人能坐嗎？有點可愛,2026年4月1日 星期三 上午8:32,@ikea_taiwan,,3,1,,,https://www.threads.com/@ikea_taiwan/post/DWlDLeamOrJ,"300個月的寶寶也可以坐喔！ lihi3.me/Oym6y
ikea.com.tw
兒童家具、兒童房家具｜GREJSIMOJS系列 – IKEA線上購物",2026年4月1日 星期三 下午2:25,,兒童家具、兒童房家具｜GREJSIMOJS系列 – IKEA線上購物,1,1,,
kiki._.drama,https://www.threads.com/@kiki._.drama/post/DWjEeFdiTSV,我的皮克敏需要,2026年3月31日 星期二 下午7:57,@ikea_taiwan,,,1,,,https://www.threads.com/@ikea_taiwan/post/DWjOux0GDiM,"每日一萬步需要善用工具 lihi3.me/Oym6y
ikea.com.tw
兒童家具、兒童房家具｜GREJSIMOJS系列 – IKEA線上購物",2026年3月31日 星期二 下午9:27,,兒童家具、兒童房家具｜GREJSIMOJS系列 – IKEA線上購物,1,,,
aaaranceee_swinggg,https://www.threads.com/@aaaranceee_swinggg/post/DWjCCk5ks7p,ikeaaaaaaaaaaaaaaaaaaa. 你来当我医生,2026年3月31日 星期二 下午7:36,@ikea_taiwan,,,1,,,https://www.threads.com/@ikea_taiwan/post/DWjOrqHGNRL,"用這系列超可愛來療癒一下！ lihi3.me/Oym6y
ikea.com.tw
兒童家具、兒童房家具｜GREJSIMOJS系列 – IKEA線上購物",2026年3月31日 星期二 下午9:27,,兒童家具、兒童房家具｜GREJSIMOJS系列 – IKEA線上購物,1,,,
jksilver.tw,https://www.threads.com/@jksilver.tw/post/DWjFM1qEZEt,這算是奧步嗎🥴,2026年3月31日 星期二 下午8:04,@ikea_taiwan,,6,1,,,https://www.threads.com/@ikea_taiwan/post/DWjOmkLmNBb,"算小技巧？😆 lihi3.me/Oym6y
ikea.com.tw
兒童家具、兒童房家具｜GREJSIMOJS系列 – IKEA線上購物",2026年3月31日 星期二 下午9:26,,兒童家具、兒童房家具｜GREJSIMOJS系列 – IKEA線上購物,3,,,
neko.boshi,https://www.threads.com/@neko.boshi/post/DWi_nvoFMIy,需要步數的只有皮友ㄅ？,2026年3月31日 星期二 下午7:15,@ikea_taiwan,,6,1,,,https://www.threads.com/@ikea_taiwan/post/DWjOcQemISU,"要種盆栽好需要步數 lihi3.me/Oym6y
ikea.com.tw
兒童家具、兒童房家具｜GREJSIMOJS系列 – IKEA線上購物",2026年3月31日 星期二 下午9:24,,兒童家具、兒童房家具｜GREJSIMOJS系列 – IKEA線上購物,2,,,
huabaohandmade,https://www.threads.com/@huabaohandmade/post/DWazMEkDwb_,這是什麼可愛的東西,2026年3月28日 星期六 下午2:52,@ikea_taiwan,,1,1,,,https://www.threads.com/@ikea_taiwan/post/DWbDytIGGE4,"是我們家新來的朋友，請多多關照 lihi3.me/EoMWs
ikea.com.tw
兒童家具、兒童房家具｜GREJSIMOJS系列 – IKEA線上購物",2026年3月28日 星期六 下午5:18,,兒童家具、兒童房家具｜GREJSIMOJS系列 – IKEA線上購物,1,1,,
aottergirls,https://www.threads.com/@aottergirls/post/DWa5X74Gbv5,好可愛…,2026年3月28日 星期六 下午3:46,@ikea_taiwan,,5,1,,,https://www.threads.com/@ikea_taiwan/post/DWbDvo-GAnD,"帶他們回家 lihi3.me/EoMWs
ikea.com.tw
兒童家具、兒童房家具｜GREJSIMOJS系列 – IKEA線上購物",2026年3月28日 星期六 下午5:17,,兒童家具、兒童房家具｜GREJSIMOJS系列 – IKEA線上購物,,,,
eating_hsj,https://www.threads.com/@eating_hsj/post/DWar7-ekUMN,為了給老大玩全款拿下 現在是我在玩的玩具🧸,2026年3月28日 星期六 下午1:49,@ikea_taiwan,"Photo by Eating on March 27, 2026. May be an image of rat, kitten, Abyssinian cat, toy and text.",64,1,,17,https://www.threads.com/@ikea_taiwan/post/DWbDmQDGPcO,"整個系列也可以一次付清 lihi3.me/EoMWs
ikea.com.tw
兒童家具、兒童房家具｜GREJSIMOJS系列 – IKEA線上購物",2026年3月28日 星期六 下午5:16,,兒童家具、兒童房家具｜GREJSIMOJS系列 – IKEA線上購物,2,,,
_esther116_,https://www.threads.com/@_esther116_/post/DWafg1REzXW,小八：我們好像變成IKEA家族的娃娃……,2026年3月28日 星期六 下午12:00,@ikea_taiwan,,88,1,,,https://www.threads.com/@ikea_taiwan/post/DWbDiRlGAXg,"這是GREJSIMOJS家族 lihi3.me/EoMWs
ikea.com.tw
兒童家具、兒童房家具｜GREJSIMOJS系列 – IKEA線上購物",2026年3月28日 星期六 下午5:15,,兒童家具、兒童房家具｜GREJSIMOJS系列 – IKEA線上購物,3,,,
windinthere,https://www.threads.com/@windinthere/post/DWarafRjv51,是這樣但？,2026年3月28日 星期六 下午1:44,@ikea_taiwan,,,1,,,https://www.threads.com/@ikea_taiwan/post/DWbDcmnmCSu,"但很可愛 lihi3.me/EoMWs 翻譯
ikea.com.tw
兒童家具、兒童房家具｜GREJSIMOJS系列 – IKEA線上購物",2026年3月28日 星期六 下午5:14,,兒童家具、兒童房家具｜GREJSIMOJS系列 – IKEA線上購物,,,,
henry_19060207,https://www.threads.com/@henry_19060207/post/DWa36cjk4mx,我想買,2026年3月28日 星期六 下午3:34,@ikea_taiwan,,3,1,,,https://www.threads.com/@ikea_taiwan/post/DWbDZcSGBWB,"三隻一起帶回家😍 lihi3.me/EoMWs
ikea.com.tw
兒童家具、兒童房家具｜GREJSIMOJS系列 – IKEA線上購物",2026年3月28日 星期六 下午5:14,,兒童家具、兒童房家具｜GREJSIMOJS系列 – IKEA線上購物,1,,,
katrina_ieong,https://www.threads.com/@katrina_ieong/post/DWamynJAHw3,黑白貓款收納桶什麼時候補貨🥺,2026年3月28日 星期六 下午1:04,@ikea_taiwan,,,1,,,https://www.threads.com/@ikea_taiwan/post/DWbDU_nGAPA,有陸續補貨可以官網看看！ lihi3.me/EoMWs,2026年3月28日 星期六 下午5:13,,"Photo by IKEA Taiwan on March 28, 2026. May be an image of toy, kitchenware and text.",1,,,
rosemarychi_,https://www.threads.com/@rosemarychi_/post/DWaqbToEROW,留友看不同次元的吉IKEA娃🤣🤣🤣🤣🤣🤣,2026年3月28日 星期六 下午1:36,@ikea_taiwan,,2,1,,,https://www.threads.com/@ikea_taiwan/post/DWbDM7eGHsn,"留友看整個系列都超可愛 lihi3.me/EoMWs
ikea.com.tw
兒童家具、兒童房家具｜GREJSIMOJS系列 – IKEA線上購物",2026年3月28日 星期六 下午5:12,,兒童家具、兒童房家具｜GREJSIMOJS系列 – IKEA線上購物,,,,
cosmatedaily,https://www.threads.com/@cosmatedaily/post/DWao3IUkoGV,𠮷伊 小七 兔吐,2026年3月28日 星期六 下午1:22,@ikea_taiwan,,5,1,,,https://www.threads.com/@ikea_taiwan/post/DWa6MBWmClx,"人家明明就有名字 lihi3.me/l5S0C 翻譯
ikea.com.tw
GREJSIMOJS - 填充玩具 3件組, 貓 小兔子/熊 彩色 | IKEA 線上購物",2026年3月28日 星期六 下午3:54,,"GREJSIMOJS - 填充玩具 3件組, 貓 小兔子/熊 彩色 | IKEA 線上購物",,1,,
ayas929,https://www.threads.com/@ayas929/post/DWalfphExeN,我是成熟大人，我可以全款拿下！,2026年3月28日 星期六 下午12:53,@ikea_taiwan,,2,1,,,https://www.threads.com/@ikea_taiwan/post/DWa2Y0jmNPT,"可以考慮整個系列全包 都很可愛🫰🏻 lihi3.me/l5S0C
ikea.com.tw
GREJSIMOJS - 填充玩具 3件組, 貓 小兔子/熊 彩色 | IKEA 線上購物",2026年3月28日 星期六 下午3:20,,"GREJSIMOJS - 填充玩具 3件組, 貓 小兔子/熊 彩色 | IKEA 線上購物",1,,,
owohuanowo,https://www.threads.com/@owohuanowo/post/DWa01DyEd2Y,蛤？😍😍,2026年3月28日 星期六 下午3:07,@ikea_taiwan,,,1,,,https://www.threads.com/@ikea_taiwan/post/DWa2HUCGAG5,"呀哈 lihi3.me/l5S0C
ikea.com.tw
GREJSIMOJS - 填充玩具 3件組, 貓 小兔子/熊 彩色 | IKEA 線上購物",2026年3月28日 星期六 下午3:18,,"GREJSIMOJS - 填充玩具 3件組, 貓 小兔子/熊 彩色 | IKEA 線上購物",,,,
yuan_folk,https://www.threads.com/@yuan_folk/post/DWarYEwD5Yn,請問是唸吉IKEA娃還是唸吉IKEA娃？,2026年3月28日 星期六 下午1:44,@ikea_taiwan,,9,1,,2,https://www.threads.com/@ikea_taiwan/post/DWa2ES8GJEY,"其實是唸GREJSIMOJS✌️ lihi3.me/l5S0C
ikea.com.tw
GREJSIMOJS - 填充玩具 3件組, 貓 小兔子/熊 彩色 | IKEA 線上購物",2026年3月28日 星期六 下午3:18,,"GREJSIMOJS - 填充玩具 3件組, 貓 小兔子/熊 彩色 | IKEA 線上購物",1,,,1
msgissafety,https://www.threads.com/@msgissafety/post/DWYH913mL2e,為什麼沒有黑貓（斥責,2026年3月27日 星期五 下午1:56,@ikea_taiwan,,1,1,,,https://www.threads.com/@ikea_taiwan/post/DWYIoP_GDb6,"有賓士貓 lihi3.me/LGqh5
ikea.com.tw
GREJSIMOJS - 收納罐, 貓型 黑色/白色 | IKEA 線上購物",2026年3月27日 星期五 下午2:02,,"GREJSIMOJS - 收納罐, 貓型 黑色/白色 | IKEA 線上購物",,,,
six_da_soon,https://www.threads.com/@six_da_soon/post/DWWDM6Nk9xT,"IKEA新品
貓咪來了～～ 橘貓終於出現啦～～ 有橘貓的家長們衝呀～～ 這次每人限購一件唷～～",2026年3月26日 星期四 下午6:36,,"Photo by 遛遛大順 on March 26, 2026. May be an image of fox, jug, measuring cups, canister, pottery, flask and text. | Photo by 遛遛大順 on March 26, 2026. May be an image of fox, jug, measuring cups, canister, flask and text. | Photo by 遛遛大順 on March 26, 2026. May be an image of emu and text.",9094,127,239,15000,https://www.threads.com/@ikea_taiwan/post/DWX87ceGIDu,"愛護貓貓 你我有責🫵🏻 lihi3.me/FJYXg
ikea.com.tw
IKEA宜家家居線上購物-給你更多居家佈置靈感",2026年3月27日 星期五 下午12:20,,IKEA宜家家居線上購物-給你更多居家佈置靈感,35,3,,8
suzunasayoko,https://www.threads.com/@suzunasayoko/post/DWOXw3BAWu-,沒連假 就自己請假 噗噗,2026年3月23日 星期一 下午7:02,@ikea_taiwan,,2,1,,,https://www.threads.com/@ikea_taiwan/post/DWOmtvSGLfv,好聰明,2026年3月23日 星期一 下午9:13,,,1,,,
gacha_hunter,https://www.threads.com/@gacha_hunter/post/DWOZOPUk6hH,看到原價18000多的紅色沙發出清7990忍痛沒買 隔兩個禮拜再去還在 甚至再降到5200 省下來的錢又可以多活一個月 愛您IKEA,2026年3月23日 星期一 下午7:15,@ikea_taiwan,"Photo by 扭蛋獵人 Gacha Hunter on March 23, 2026. May be an image of kitten, beanbag chair, carpet, futon and text.",148,3,,5,https://www.threads.com/@ikea_taiwan/post/DWOedCUGGfP,"歡迎你再來玩 順便來吃好吃的 lihi3.me/RSoj9
ikea.com.tw
IKEA美食小站- 10元霜淇淋、各式點心和飲品，絕對不能錯過 | IKEA線上購物",2026年3月23日 星期一 下午8:00,,IKEA美食小站- 10元霜淇淋、各式點心和飲品，絕對不能錯過 | IKEA線上購物,2,1,,
bread_62_,https://www.threads.com/@bread_62_/post/DWOYX9PE4CD,我也是燃燒殆盡了,2026年3月23日 星期一 下午7:07,@ikea_taiwan,,2,1,,,https://www.threads.com/@ikea_taiwan/post/DWOeQYvmHae,"希望好吃的東西可以讓你好一點 lihi3.me/RSoj9
ikea.com.tw
IKEA美食小站- 10元霜淇淋、各式點心和飲品，絕對不能錯過 | IKEA線上購物",2026年3月23日 星期一 下午7:59,,IKEA美食小站- 10元霜淇淋、各式點心和飲品，絕對不能錯過 | IKEA線上購物,,,,
kiki._.drama,https://www.threads.com/@kiki._.drama/post/DWOdWrYiQEx,那個..👉🏻👈🏻 我自己放個連假了😃,2026年3月23日 星期一 下午7:51,@ikea_taiwan,,,1,,,https://www.threads.com/@ikea_taiwan/post/DWOeHelmBY-,"懂放假 來IKEA吃冰 lihi3.me/RSoj9
ikea.com.tw
IKEA美食小站- 10元霜淇淋、各式點心和飲品，絕對不能錯過 | IKEA線上購物",2026年3月23日 星期一 下午7:57,,IKEA美食小站- 10元霜淇淋、各式點心和飲品，絕對不能錯過 | IKEA線上購物,1,,,
taiwan_mynavi,https://www.threads.com/@taiwan_mynavi/post/DWGDGt7k2a_,今年一定要賺飽まに,2026年3月20日 星期五 下午1:27,@ikea_taiwan,,,1,,,https://www.threads.com/@ikea_taiwan/post/DWGNqqtGAZc,"立馬うじ lihi3.me/yNj9U
ikea.com.tw
輕量盤子/碗/餐盤推薦｜日本製陶瓷餐具｜HARMYNTA 系列 – IKEA線上購物",2026年3月20日 星期五 下午3:00,,輕量盤子/碗/餐盤推薦｜日本製陶瓷餐具｜HARMYNTA 系列 – IKEA線上購物,2,,,
sahansi.steak,https://www.threads.com/@sahansi.steak/post/DWGBkysoAYU,明明是日文我怎麼都看的懂,2026年3月20日 星期五 下午1:14,@ikea_taiwan,,1,1,,,https://www.threads.com/@ikea_taiwan/post/DWGNjobGPy0,"台灣人才懂的加密語言😉 lihi3.me/yNj9U
ikea.com.tw
輕量盤子/碗/餐盤推薦｜日本製陶瓷餐具｜HARMYNTA 系列 – IKEA線上購物",2026年3月20日 星期五 下午2:59,,輕量盤子/碗/餐盤推薦｜日本製陶瓷餐具｜HARMYNTA 系列 – IKEA線上購物,1,,,
kinmen_kaoliang_liquor,https://www.threads.com/@kinmen_kaoliang_liquor/post/DWGFQr8AQnd,金じゃしう告りはい 翻譯,2026年3月20日 星期五 下午1:46,@ikea_taiwan,,2,1,,,https://www.threads.com/@ikea_taiwan/post/DWGNdZzGO2t,"どうしゃり來看碗盤 lihi3.me/yNj9U
ikea.com.tw
輕量盤子/碗/餐盤推薦｜日本製陶瓷餐具｜HARMYNTA 系列 – IKEA線上購物",2026年3月20日 星期五 下午2:58,,輕量盤子/碗/餐盤推薦｜日本製陶瓷餐具｜HARMYNTA 系列 – IKEA線上購物,1,,,
tw_matsuya,https://www.threads.com/@tw_matsuya/post/DWF84gPE1bW,但じれ 翻譯,2026年3月20日 星期五 下午12:33,@ikea_taiwan,,5,1,,,https://www.threads.com/@ikea_taiwan/post/DWF-v95mJMe,鴨打,2026年3月20日 星期五 下午12:49,,,1,,,
itspotato_x,https://www.threads.com/@itspotato_x/post/DVypi8NExOp,🫸🥔🫷,2026年3月13日 星期五 上午12:39,,,210000,9856,9428,11000,https://www.threads.com/@ikea_taiwan/post/DWBJME_jv75,🫸🛋️🧆🦈🪑💡⏰🛏️🍦🫷,2026年3月18日 星期三 下午3:44,,,249,2,4,4
micmy5206,https://www.threads.com/@micmy5206/post/DV8i1w2Afmx,圖勒,2026年3月16日 星期一 下午8:52,@ikea_taiwan,,2,1,,,https://www.threads.com/@ikea_taiwan/post/DV8ji4mE0Ik,原來大家都沒有找到他們嗎,2026年3月16日 星期一 下午8:59,,,,,,
kiki._.drama,https://www.threads.com/@kiki._.drama/post/DV8ioN5icuD,國王的絕版品😳,2026年3月16日 星期一 下午8:50,@ikea_taiwan,,2,1,,,https://www.threads.com/@ikea_taiwan/post/DV8iwl6k7XB,"在店裡他們會乖乖待在崗位上 lihi3.me/QxbTT
ikea.com.tw
IKEA宜家家居線上購物-給你更多居家佈置靈感",2026年3月16日 星期一 下午8:52,,IKEA宜家家居線上購物-給你更多居家佈置靈感,1,,,
loktingsuen92,https://www.threads.com/@loktingsuen92/post/DVVHgV2k1Ob,"IKEA
這個刺蝟也太可愛🦔 可以黏起來變球🤣",2026年3月1日 星期日 下午1:23,,,3974,18,173,2227,https://www.threads.com/@ikea_taiwan/post/DVyJELjE-j7,"可愛刺蝟要絕版消失了，趁打折再多帶一隻回家 lihi3.me/uF17a
ikea.com.tw
SKOGSDUVA - 填充玩具, 刺蝟/米色, 21 公分 | IKEA 線上購物",2026年3月12日 星期四 下午7:55,,"SKOGSDUVA - 填充玩具, 刺蝟/米色, 21 公分 | IKEA 線上購物",10,,1,4
kunsun5705,https://www.threads.com/@kunsun5705/post/DVuM_h-E16D,紐約地鐵規定：狗狗上車必須『裝在袋子裡』。於是，這項規定直接開啟了紐約客的創意大賽⋯⋯,2026年3月11日 星期三 上午7:13,,,170000,1278,8520,61000,https://www.threads.com/@ikea_taiwan/post/DVx4XzjE06j,"怎麼有我們家FRAKTA lihi3.me/6PjSr
ikea.com.tw
FRAKTA - 環保購物袋, 藍色, 55x37x35 公分/71 公升 | IKEA 線上購物",2026年3月12日 星期四 下午5:29,,"FRAKTA - 環保購物袋, 藍色, 55x37x35 公分/71 公升 | IKEA 線上購物",36,,,
yizhun.taku,https://www.threads.com/@yizhun.taku/post/DVxm1G_EgJK,對 什麼時候要做兔子 這樣會一次消失兩款噢,2026年3月12日 星期四 下午2:56,@ikea_taiwan,,4,1,,,https://www.threads.com/@ikea_taiwan/post/DVx3U3LEyBa,兔子我們還是有的,2026年3月12日 星期四 下午5:20,@rouuu.zz,"Photo by IKEA Taiwan on March 12, 2026. May be an image of toy, mattress, beanbag chair, blanket and text.",3,,,1
bonnie.tigger.the.hamster,https://www.threads.com/@bonnie.tigger.the.hamster/post/DVxnQlWABMJ,還要長頸鹿的🦒,2026年3月12日 星期四 下午2:59,@ikea_taiwan,,1,1,,,https://www.threads.com/@ikea_taiwan/post/DVxs4OxEzI9,"我們有大小長頸鹿兩個尺寸喔🦒 lihi3.me/15xc6
ikea.com.tw
SANDLÖPARE - 填充玩具, 長頸鹿/棕色, 45 公分 | IKEA 線上購物",2026年3月12日 星期四 下午3:48,,"SANDLÖPARE - 填充玩具, 長頸鹿/棕色, 45 公分 | IKEA 線上購物",2,,,
yang.tao.319,https://www.threads.com/@yang.tao.319/post/DVxi3VCE5Ue,缺貨了啦~~😂😂,2026年3月12日 星期四 下午2:21,@ikea_taiwan,"Photo by 林怡宣 on March 11, 2026. May be an illustration of text that says 'ikea.com.tw ikea NATTHÄGER 靠枕， 藍色/老虎， 50x50 靠枕，藍色/老虎，50×50公 公分 $399 146 146人已購買此產品 5.0 5.01則評論 1 1則評論 到貨通知我'.",,1,,,https://www.threads.com/@ikea_taiwan/post/DVxshtZE942,來實體店把老虎帶回家～,2026年3月12日 星期四 下午3:45,,,1,,,
love7768125,https://www.threads.com/@love7768125/post/DVxqrNukwbp,缺貨了餒！！😭,2026年3月12日 星期四 下午3:29,@ikea_taiwan,,,1,,,https://www.threads.com/@ikea_taiwan/post/DVxselCE0tX,可以到實體店逛逛，都還有喔！,2026年3月12日 星期四 下午3:45,,,,,,
104jobbank.official,https://www.threads.com/@104jobbank.official/post/DVxL60uAqzN,"小編日常
沒有誰比誰更勇敢，只是有人先出發。
104 這波已經先衝了，開啟「敢出發，就有路」大挑戰 請問小編們，你們最近試了什麼有挑戰性的事？ 走出了什麼樣的路？
別害羞，大聲說出你們的「出發宣言」， 讓大家看看，還有誰也正在路上的！👀",2026年3月12日 星期四 上午11:00,,,64,37,,8,https://www.threads.com/@ikea_taiwan/post/DVxgEKPk13c,"敢出發 就有優惠 現在就出發IKEA，絕版品出清三折起 倒數中只到3/25～ lihi3.me/WCvQG
ikea.com.tw
IKEA宜家家居線上購物-給你更多居家佈置靈感",2026年3月12日 星期四 下午1:56,,IKEA宜家家居線上購物-給你更多居家佈置靈感,6,,,
iam.jie,https://www.threads.com/@iam.jie/post/DVxZm9xCZQR,可是小編.已經缺貨了,2026年3月12日 星期四 下午1:00,@ikea_taiwan,,16,2,,4,https://www.threads.com/@ikea_taiwan/post/DVxbn3fE2Hx,實體店都還有很多小老虎快來看看,2026年3月12日 星期四 下午1:18,,,10,1,,
maggie_ma_ji,https://www.threads.com/@maggie_ma_ji/post/DVxbRPTEkCM,譴責小編竟然貼缺貨網址🥹,2026年3月12日 星期四 下午1:15,@ikea_taiwan,,3,1,,,https://www.threads.com/@ikea_taiwan/post/DVxbhjwk_f0,店裡都還有喔，歡迎來店裡抱抱小老虎💛,2026年3月12日 星期四 下午1:17,,,,1,,
huangxinzhih,https://www.threads.com/@huangxinzhih/post/DVvgYF6gXhU,Me,2026年3月11日 星期三 下午7:21,@ikea_taiwan,,,1,,,https://www.threads.com/@ikea_taiwan/post/DVvhO5wEw-j,"HBD! lihi3.me/lAeTr
ikea.com.tw
IKEA Family 宜家卡 | 專屬生日禮 | IKEA 線上購物",2026年3月11日 星期三 下午7:28,,IKEA Family 宜家卡 | 專屬生日禮 | IKEA 線上購物,,,,
scp_luxiao,https://www.threads.com/@scp_luxiao/post/DVveZgCDwuX,我🗣️,2026年3月11日 星期三 下午7:03,@ikea_taiwan,,2,1,,,https://www.threads.com/@ikea_taiwan/post/DVveh04k9Tt,"朋友生快 lihi3.me/lAeTr
ikea.com.tw
IKEA Family 宜家卡 | 專屬生日禮 | IKEA 線上購物",2026年3月11日 星期三 下午7:05,,IKEA Family 宜家卡 | 專屬生日禮 | IKEA 線上購物,1,1,,
zhichuan_design,https://www.threads.com/@zhichuan_design/post/DVveWbZEwlB,我🙋‍♀️,2026年3月11日 星期三 下午7:03,@ikea_taiwan,,1,1,,,https://www.threads.com/@ikea_taiwan/post/DVvedUVk2It,"優惠給你 lihi3.me/lAeTr
ikea.com.tw
IKEA Family 宜家卡 | 專屬生日禮 | IKEA 線上購物",2026年3月11日 星期三 下午7:04,,IKEA Family 宜家卡 | 專屬生日禮 | IKEA 線上購物,,,,
__ln.08,https://www.threads.com/@__ln.08/post/DVdw7d1Dyla,我想吃所有關於抹茶的食物 抹茶 抹茶 抹茶 抹茶 抹茶 我要吃抹茶冰淇淋 抹茶蛋糕 抹茶 抹茶巴斯克 抹茶拿鐵 抹茶泡芙 抹茶千層蛋糕 抹茶鬆餅 抹茶麵包 抹茶吐司 抹茶餅乾 抹茶麻糬 抹茶甜甜圈 抹茶牛奶 抹茶隨便 只要是抹茶都塞我嘴巴裡 謝謝,2026年3月4日 星期三 下午9:59,,,2839,54,880,446,https://www.threads.com/@ikea_taiwan/post/DVkVqmgkzne,"哈囉 嘴巴張開
抹茶
2026-3-5",2026年3月7日 星期六 上午11:15,,"Photo by IKEA Taiwan on March 05, 2026. May be an image of gelato, ice cream and text. | Photo by IKEA Taiwan on March 05, 2026. May be an image of chiffon cake, pastry and text. | Photo by IKEA Taiwan on March 05, 2026. May be an image of dessert and text. | Photo by IKEA Taiwan on March 05, 2026. May be an image of chiffon cake and text.",8,,,
,https://www.threads.com/@ikea_taiwan/post/DVgOzgokwGc,抹茶,2026年3月5日 星期四 下午8:59,,"Photo by IKEA Taiwan on March 05, 2026. May be an image of gelato, ice cream and text. | Photo by IKEA Taiwan on March 05, 2026. May be an image of chiffon cake, pastry and text. | Photo by IKEA Taiwan on March 05, 2026. May be an image of dessert and text. | Photo by IKEA Taiwan on March 05, 2026. May be an image of chiffon cake and text.",3084,50,120,3226,https://www.threads.com/@ikea_taiwan/post/DVjMnIzE-Wn,"抹茶
這是回覆已無法顯示的貼文
這是限時新品 我話就說到這裡了
抹茶
2026-3-5",2026年3月7日 星期六 上午12:37,,"Photo by IKEA Taiwan on March 05, 2026. May be an image of gelato, ice cream and text. | Photo by IKEA Taiwan on March 05, 2026. May be an image of chiffon cake, pastry and text. | Photo by IKEA Taiwan on March 05, 2026. May be an image of dessert and text. | Photo by IKEA Taiwan on March 05, 2026. May be an image of chiffon cake and text.",1143,,8,232
rmhiyn,https://www.threads.com/@rmhiyn/post/DVib90WEexe,喜歡三月的原因：抹茶 1 / 2,2026年3月6日 星期五 下午5:32,,,10000,78,1896,1129,https://www.threads.com/@ikea_taiwan/post/DVjFpvUE3o4,"抹茶
那大家三月要來嗎？
抹茶
2026-3-5",2026年3月6日 星期五 下午11:36,,"Photo by IKEA Taiwan on March 05, 2026. May be an image of gelato, ice cream and text. | Photo by IKEA Taiwan on March 05, 2026. May be an image of chiffon cake, pastry and text. | Photo by IKEA Taiwan on March 05, 2026. May be an image of dessert and text. | Photo by IKEA Taiwan on March 05, 2026. May be an image of chiffon cake and text.",39,,,10
mori.ami,https://www.threads.com/@mori.ami/post/DViIWickRLl,喔！！！有米香耶！！🤤,2026年3月6日 星期五 下午2:41,@ikea_taiwan,,,1,,,https://www.threads.com/@ikea_taiwan/post/DViaWPJE0bK,ㄎㄠㄎㄠㄎㄠㄎㄠㄎㄠ（抱歉 我在吃米香,2026年3月6日 星期五 下午5:18,,,1,1,,
zhongjunxiu9,https://www.threads.com/@zhongjunxiu9/post/DVgSJS_j49Y,樂奈：,2026年3月5日 星期四 下午9:28,@ikea_taiwan,"Photo by Linus chung on March 05, 2026. May be an illustration of text that says '可以吃了嗎'.",11,1,,,https://www.threads.com/@ikea_taiwan/post/DVho8qCE5D0,可以吃了可以吃了 趕快來試試🍵,2026年3月6日 星期五 上午10:06,,,3,,,
mamawolove,https://www.threads.com/@mamawolove/post/DVgfo9bkgve,我要去吃😍😍,2026年3月5日 星期四 下午11:26,@ikea_taiwan,,1,1,,,https://www.threads.com/@ikea_taiwan/post/DVho6-GE-ct,每個都吃一次🤌,2026年3月6日 星期五 上午10:06,,,1,1,,
dora910408,https://www.threads.com/@dora910408/post/DVglRqlkuJt,真的嗎,2026年3月6日 星期五 上午12:15,@ikea_taiwan,,,1,,,https://www.threads.com/@ikea_taiwan/post/DVho5JmE0L2,當然是真的,2026年3月6日 星期五 上午10:06,,,1,1,,
ganyuan.ludogan,https://www.threads.com/@ganyuan.ludogan/post/DVhn7Kmjxrk,哇嗚 我也要吃！,2026年3月6日 星期五 上午9:57,@ikea_taiwan,,1,1,,,https://www.threads.com/@ikea_taiwan/post/DVho4Jjk8GR,今天來吃💚,2026年3月6日 星期五 上午10:06,,,1,1,,
_3_ya_,https://www.threads.com/@_3_ya_/post/DVPeuySkrBR,,2026年2月27日 星期五 上午8:51,@ikea_taiwan,"Photo by Ya Shan on February 26, 2026. May be a cartoon of frog and text that says '我要 我要一個 固'. | Photo by Ya Shan on February 26, 2026. May be a cartoon of text that says '我要那個'.",3,1,,,https://www.threads.com/@ikea_taiwan/post/DVQP-d2E5te,"三折是全都要吧 lihi3.me/wnX6Q
ikea.com.tw
IKEA宜家家居線上購物-給你更多居家佈置靈感",2026年2月27日 星期五 下午4:01,,IKEA宜家家居線上購物-給你更多居家佈置靈感,2,,,
mclambor,https://www.threads.com/@mclambor/post/DVOzXCGEwz2,敢不敢把照片拍清楚 翻譯,2026年2月27日 星期五 上午2:32,@ikea_taiwan,,,1,,,https://www.threads.com/@ikea_taiwan/post/DVQP0H9k61V,敢 lihi3.me/wnX6Q,2026年2月27日 星期五 下午4:00,,"Photo by IKEA Taiwan on February 27, 2026. May be an image of signboard and text.",3,,,
154_lhzzzzz,https://www.threads.com/@154_lhzzzzz/post/DVOOrwgEsW4,雖然絕版出清，但畫面必須高清 麻煩了,2026年2月26日 星期四 下午9:11,@ikea_taiwan,,1,2,,,https://www.threads.com/@ikea_taiwan/post/DVQPpA9E4d3,快點來 lihi3.me/wnX6Q,2026年2月27日 星期五 下午3:58,,"Photo by IKEA Taiwan on February 26, 2026. May be an image of signboard and text.",,,,
_ste666888,https://www.threads.com/@_ste666888/post/DVPz0s1kjwj,我知道你很急，但拜託你先別急∑(ﾟДﾟ),2026年2月27日 星期五 上午11:55,@ikea_taiwan,,,1,,,https://www.threads.com/@ikea_taiwan/post/DVQPSTsk5dP,"只到3/25真的急啊啊啊啊啊鞥鞥 lihi3.me/wnX6Q
ikea.com.tw
IKEA宜家家居線上購物-給你更多居家佈置靈感",2026年2月27日 星期五 下午3:55,,IKEA宜家家居線上購物-給你更多居家佈置靈感,1,,,
fucking_short,https://www.threads.com/@fucking_short/post/DVNzAeHk48b,,2026年2月26日 星期四 下午5:09,@ikea_taiwan,"Photo by Ally on February 26, 2026. May be a meme of text that says '....oSprintLTE ..... Sprint LTE < Messages 1:00PM 1:00 PM 75% 寶貝 Details 你在哪 在等公車了 好啦快一點 ፡ WAITS TSFASTER 等快一點'.",355,1,1,17,https://www.threads.com/@ikea_taiwan/post/DVQPLuSE4Jt,"快點來逛！！！！ lihi3.me/wnX6Q 翻譯
ikea.com.tw
IKEA宜家家居線上購物-給你更多居家佈置靈感",2026年2月27日 星期五 下午3:54,,IKEA宜家家居線上購物-給你更多居家佈置靈感,1,,,
fei_fei_1026,https://www.threads.com/@fei_fei_1026/post/DVOT7-gkomY,嘖！拍清楚一點嘛～真是的～只好我這幾天親自去現場看🤣,2026年2月26日 星期四 下午9:57,@ikea_taiwan,,,1,,,https://www.threads.com/@ikea_taiwan/post/DVOlnjNE_Bx,被你發現我的意圖了,2026年2月27日 星期五 上午12:32,,,1,,,
5jayday,https://www.threads.com/@5jayday/post/DVOcK--E7n2,別急 我馬上就到,2026年2月26日 星期四 下午11:09,@ikea_taiwan,"Photo by 葉蔻 on February 26, 2026. May be an image of bus, sedan and text.",11,1,,,https://www.threads.com/@ikea_taiwan/post/DVOllkkkzGl,我現在打烊了 明天早上我等你 翻譯,2026年2月27日 星期五 上午12:31,,,2,,,
freedom.77_,https://www.threads.com/@freedom.77_/post/DVN-8HciZen,這麼急我怎麼看啊,2026年2月26日 星期四 下午6:54,@ikea_taiwan,,,1,,,https://www.threads.com/@ikea_taiwan/post/DVOAWEvE5Ow,"快點這邊慢慢看 lihi3.me/wnX6Q
ikea.com.tw
IKEA宜家家居線上購物-給你更多居家佈置靈感",2026年2月26日 星期四 下午7:06,,IKEA宜家家居線上購物-給你更多居家佈置靈感,1,,,
yx_wind19276,https://www.threads.com/@yx_wind19276/post/DVN3ex-k2z_,好喜 翻譯,2026年2月26日 星期四 下午5:48,@ikea_taiwan,,,1,,,https://www.threads.com/@ikea_taiwan/post/DVN_y4uk4n5,"絕版品出清三折起你會更喜鞥鞥昂 lihi3.me/wnX6Q
ikea.com.tw
IKEA宜家家居線上購物-給你更多居家佈置靈感",2026年2月26日 星期四 下午7:01,,IKEA宜家家居線上購物-給你更多居家佈置靈感,1,,,
parklane_splendor,https://www.threads.com/@parklane_splendor/post/DVNz5rpif_y,慢點慢點 我追不上,2026年2月26日 星期四 下午5:17,@ikea_taiwan,,,1,,,https://www.threads.com/@ikea_taiwan/post/DVN_pA5k5qb,"加快腳步 lihi3.me/wnX6Q
ikea.com.tw
IKEA宜家家居線上購物-給你更多居家佈置靈感",2026年2月26日 星期四 下午7:00,,IKEA宜家家居線上購物-給你更多居家佈置靈感,,,,
been__boy,https://www.threads.com/@been__boy/post/DVN7U49klkT,買到的家具也會有模糊感嗎？,2026年2月26日 星期四 下午6:22,@ikea_taiwan,,2,1,,,https://www.threads.com/@ikea_taiwan/post/DVN_Q4Tkz5L,不會,2026年2月26日 星期四 下午6:56,,"Photo by IKEA Taiwan on February 26, 2026. May be an image of banner, signboard, poster and text.",2,,,
bread_62_,https://www.threads.com/@bread_62_/post/DVN0TOPE4Q6,我知道你很急 但你先不要急,2026年2月26日 星期四 下午5:21,@ikea_taiwan,,43,1,,,https://www.threads.com/@ikea_taiwan/post/DVN-Wj6E9wd,"那快看！！！ lihi3.me/wnX6Q
ikea.com.tw
IKEA宜家家居線上購物-給你更多居家佈置靈感",2026年2月26日 星期四 下午6:48,,IKEA宜家家居線上購物-給你更多居家佈置靈感,6,,,8
invoiceman.ig,https://www.threads.com/@invoiceman.ig/post/DVN6FuiEhUb,好啦在逛了在逛了！！,2026年2月26日 星期四 下午6:11,@ikea_taiwan,"Photo by 發票特務 invoiceman on February 26, 2026. May be an image of newspaper, bus and text.",115,1,1,,https://www.threads.com/@ikea_taiwan/post/DVN96SYE5dd,太讚了,2026年2月26日 星期四 下午6:45,,,16,,,
cartonking.tw,https://www.threads.com/@cartonking.tw/post/DVN19d4EZ4Y,結帳時 be like :,2026年2月26日 星期四 下午5:35,@ikea_taiwan,"Photo by 紙箱王 Carton King on February 26, 2026. May be an image of one or more people, shopping cart and text.",189,1,,4,https://www.threads.com/@ikea_taiwan/post/DVN94cjE-ua,必須的 很多東西都限量,2026年2月26日 星期四 下午6:44,,,26,,,
yyc.defgh,https://www.threads.com/@yyc.defgh/post/DVN6JMxkr9C,小編那麼急 害我也很急,2026年2月26日 星期四 下午6:12,@ikea_taiwan,"Photo by Dyeh on February 26, 2026. May be an image of toy, cart, shopping cart, buggy, forklift and text.",275,1,,2,https://www.threads.com/@ikea_taiwan/post/DVN92euk--y,我喜歡你這麼急,2026年2月26日 星期四 下午6:44,,,58,,,
zx870722,https://www.threads.com/@zx870722/post/DVN66mdgdvS,我知道你很急但你先別急，我看不到啊啊啊啊！,2026年2月26日 星期四 下午6:18,@ikea_taiwan,,4,1,,,https://www.threads.com/@ikea_taiwan/post/DVN9xdPky1R,抱歉我會改進 不過直接來逛就看得到了,2026年2月26日 星期四 下午6:43,,,4,,,
xcba111500,https://www.threads.com/@xcba111500/post/DVN82wTD6za,我朋友什麼時候在ikea上班了,2026年2月26日 星期四 下午6:35,@ikea_taiwan,,5,1,,,https://www.threads.com/@ikea_taiwan/post/DVN9uk1k3u1,他可能不在IKEA上班 但他可能有來逛絕版品,2026年2月26日 星期四 下午6:43,,,8,,,
stanley.aq0628,https://www.threads.com/@stanley.aq0628/post/DVN9ecNgV9t,相機再不給我拿好試試看啊！,2026年2月26日 星期四 下午6:41,@ikea_taiwan,,13,1,,,https://www.threads.com/@ikea_taiwan/post/DVN9o3yExk4,我下次改進,2026年2月26日 星期四 下午6:42,,,5,,,2
annieann_n,https://www.threads.com/@annieann_n/post/DVNy0SgEb_T,太急了吧,2026年2月26日 星期四 下午5:08,@ikea_taiwan,,,1,,,https://www.threads.com/@ikea_taiwan/post/DVNzIG3ExPH,"因為只到3/25啦 lihi3.me/wnX6Q
ikea.com.tw
IKEA宜家家居線上購物-給你更多居家佈置靈感",2026年2月26日 星期四 下午5:10,,IKEA宜家家居線上購物-給你更多居家佈置靈感,,,,
allen.cfa,https://www.threads.com/@allen.cfa/post/DVNyCmqjwDZ,我知道很急著公佈，但也不用這麼急,2026年2月26日 星期四 下午5:01,@ikea_taiwan,,,1,,,https://www.threads.com/@ikea_taiwan/post/DVNyxLcExlY,"快逛 lihi3.me/wnX6Q
ikea.com.tw
IKEA宜家家居線上購物-給你更多居家佈置靈感",2026年2月26日 星期四 下午5:07,,IKEA宜家家居線上購物-給你更多居家佈置靈感,,,,
bonny._.000,https://www.threads.com/@bonny._.000/post/DVNyk8OiYOR,你趕火車呢,2026年2月26日 星期四 下午5:06,@ikea_taiwan,,,1,,,https://www.threads.com/@ikea_taiwan/post/DVNyuyrk06g,時間有限 快看 lihi3.me/wnX6Q,2026年2月26日 星期四 下午5:07,,,1,,,
foodcheeseshabu,https://www.threads.com/@foodcheeseshabu/post/DVIGic0Ev7P,好想把小Panchi 帶回家(∗ᵒ̶̶̷̀ω˂̶́∗)੭₎₎̊₊♡ 翻譯,2026年2月24日 星期二 下午12:05,@ikea_taiwan,,1,1,,,https://www.threads.com/@ikea_taiwan/post/DVII0Xuk3VZ,"兩隻一起有個伴！ lihi3.me/9qb3k
ikea.com.tw
DJUNGELSKOG - 填充玩具, 猩猩 | IKEA 線上購物",2026年2月24日 星期二 下午12:24,,"DJUNGELSKOG - 填充玩具, 猩猩 | IKEA 線上購物",,,,
mitchgramtw,https://www.threads.com/@mitchgramtw/post/DVIGlDJki1v,我想像Panchi一樣躺平就好,2026年2月24日 星期二 下午12:05,@ikea_taiwan,"Photo by Mitch Liao on February 23, 2026. May be an image of bear, toy and text.",18,1,,1,https://www.threads.com/@ikea_taiwan/post/DVIIrsJE_K8,"帶回家躺平抱抱 lihi3.me/9qb3k
ikea.com.tw
DJUNGELSKOG - 填充玩具, 猩猩 | IKEA 線上購物",2026年2月24日 星期二 下午12:23,,"DJUNGELSKOG - 填充玩具, 猩猩 | IKEA 線上購物",2,,,
yuanyu_lin,https://www.threads.com/@yuanyu_lin/post/DVGJeXKkcGw,"這是回覆已無法顯示的貼文
過年有5天值班的我路過…",2026年2月23日 星期一 下午5:52,,,,1,,,https://www.threads.com/@ikea_taiwan/post/DVGbIFHkzR3,"來抱一個充電一下！ lihi3.me/9qb3k
ikea.com.tw
DJUNGELSKOG - 填充玩具, 猩猩 | IKEA 線上購物",2026年2月23日 星期一 下午8:26,,"DJUNGELSKOG - 填充玩具, 猩猩 | IKEA 線上購物",1,1,,
_whohow_,https://www.threads.com/@_whohow_/post/DVD7Lu8ieaY,這張圖有聲音😭,2026年2月22日 星期日 下午9:08,@ikea_taiwan,,,1,,,https://www.threads.com/@ikea_taiwan/post/DVD7fPYEwXA,明天都棒吼IKEA,2026年2月22日 星期日 下午9:11,,,2,,,
caoyinluck,https://www.threads.com/@caoyinluck/post/DU5HP2IkxR2,那個毛絨絨好可愛,2026年2月18日 星期三 下午4:22,@ikea_taiwan,,,1,,,https://www.threads.com/@ikea_taiwan/post/DU5WjvvE4jn,椅椅穿上保證可愛！,2026年2月18日 星期三 下午6:36,,,,,,
gacha_hunter,https://www.threads.com/@gacha_hunter/post/DU5AaBnE9K8,謝謝我現在才知道要扣捏,2026年2月18日 星期三 下午3:22,@ikea_taiwan,"Photo by 扭蛋獵人 Gacha Hunter on February 17, 2026. May be an image of toy, boots and fur.",51,1,,,https://www.threads.com/@ikea_taiwan/post/DU5BS5BE_7n,扣起來更溫暖 椅椅才不怕冷,2026年2月18日 星期三 下午3:30,,,25,,,
kiwikao364,https://www.threads.com/@kiwikao364/post/DU43h1tDzmw,"sunsun
順順覺得害怕",2026年2月18日 星期三 下午2:05,@ikea_taiwan,"Photo by Kiwi on February 17, 2026.",291,1,,17,https://www.threads.com/@ikea_taiwan/post/DU48SwEE2jS,毛毛椅套使用90%再生材料 絕對不是順順！,2026年2月18日 星期三 下午2:46,,,121,,,23
yeu_ub.illus,https://www.threads.com/@yeu_ub.illus/post/DU4uTMhk7Mt,毛毛！,2026年2月18日 星期三 下午12:44,@ikea_taiwan,"Photo by 小胖人 ｜ 可愛療癒 ｜ 插畫家 on February 17, 2026. | Photo by 小胖人 ｜ 可愛療癒 ｜ 插畫家 on February 17, 2026. May be an image of footstool, beanbag chair and bathmat. | Photo by 小胖人 ｜ 可愛療癒 ｜ 插畫家 on February 17, 2026. May be an image of beanbag chair, shopping cart and chair. | Photo by 小胖人 ｜ 可愛療癒 ｜ 插畫家 on February 17, 2026. May be an image of shopping cart, bathmat and beanbag chair. | Photo by 小胖人 ｜ 可愛療癒 ｜ 插畫家 on February 17, 2026. May be an image of armchair, rocking chair, beanbag chair, chair and ottoman.",4897,5,26,32,https://www.threads.com/@ikea_taiwan/post/DU4uxpeEzcQ,看起來兩個顏色都躺的很舒服 建議包色帶回家躺,2026年2月18日 星期三 下午12:48,,,75,1,,
rslhotels_suao,https://www.threads.com/@rslhotels_suao/post/DUvdiiFks53,現在是2/14，是星期六的晚上10：24。快過完了。,2026年2月14日 星期六 下午10:25,@ikea_taiwan,,,1,,,https://www.threads.com/@ikea_taiwan/post/DUveEDdE_Qc,朋友們撐著點 明天還是假期,2026年2月14日 星期六 下午10:29,,,1,,,
coffeexcoffeetw,https://www.threads.com/@coffeexcoffeetw/post/DUuav2iAa1U,嗯,2026年2月14日 星期六 下午12:41,@ikea_taiwan,,,1,,,https://www.threads.com/@ikea_taiwan/post/DUuj4Y5E2Kk,嗯,2026年2月14日 星期六 下午2:01,,,1,,,
jinbing0320,https://www.threads.com/@jinbing0320/post/DUuY7F6D9q-,是要大掃除的日子,2026年2月14日 星期六 下午12:25,@ikea_taiwan,,,1,,,https://www.threads.com/@ikea_taiwan/post/DUuj2kjk9N_,"可以來IKEA買些掃除用具 lihi3.me/BH9nt
ikea.com.tw
IKEA分店 │ IKEA",2026年2月14日 星期六 下午2:00,,IKEA分店 │ IKEA,,,,
tablejoe,https://www.threads.com/@tablejoe/post/DUuR7cGjyYK,今天是小年夜前一天 😎,2026年2月14日 星期六 上午11:24,@ikea_taiwan,,1,1,,,https://www.threads.com/@ikea_taiwan/post/DUuSOt8k-4H,正確答案,2026年2月14日 星期六 上午11:26,,,1,,,
didieloiselu,https://www.threads.com/@didieloiselu/post/DUuQ_jHD094,今天是情人節，嗯,2026年2月14日 星期六 上午11:16,@ikea_taiwan,,,1,,,https://www.threads.com/@ikea_taiwan/post/DUuR9Y5E1i0,是年假第一天，耶！,2026年2月14日 星期六 上午11:24,,,,,,
100___doo,https://www.threads.com/@100___doo/post/DUuQRoeD91i,提醒編是情人節（敲鑼打鼓）,2026年2月14日 星期六 上午11:09,@ikea_taiwan,,,1,,,https://www.threads.com/@ikea_taiwan/post/DUuQrROk1_F,不是 是星期六（摀耳朵,2026年2月14日 星期六 上午11:13,,,,,,
yen_yen_tsai,https://www.threads.com/@yen_yen_tsai/post/DUo0ai0Emaw,"在IKEA 看到這個隔熱墊 可以分開調整大小 但我的腦袋只響起
來人 給犯婦上夾棍",2026年2月12日 星期四 上午8:30,,"Photo by 諺 on February 11, 2026. May be an image of breadstick, measuring stick, pasta and lumberyard. | Photo by 諺 on February 11, 2026. May be an image of childrens toy, book, measuring stick, towel rack, coil, rack and loom. | Photo by 諺 on February 11, 2026. May be a meme of costume and poster.",13000,683,234,3150,https://www.threads.com/@ikea_taiwan/post/DUsUWs4E7EQ,"等一等，你說夾就夾啊，我說不許夾 lihi3.me/Exec4
ikea.com.tw
HALVNÄBB - 隔熱墊, 可延伸 亮紅色/松木, 16-32x20 公分 | IKEA 線上購物",2026年2月13日 星期五 下午5:07,,"HALVNÄBB - 隔熱墊, 可延伸 亮紅色/松木, 16-32x20 公分 | IKEA 線上購物",4262,62,23,364
nitajkw,https://www.threads.com/@nitajkw/post/DUhy20QEexE,"葬送的芙莉蓮
IKEA新出的收納箱根本芙莉蓮寶箱怪吧 設計師是不是動漫迷 偷把彩蛋做進家具!!",2026年2月9日 星期一 下午3:01,,"Photo by JKC12356 on February 08, 2026. May be an image of beanbag chair, armchair and futon. | Photo by JKC12356 on February 08, 2026. May be an image of box. | Photo by JKC12356 on February 08, 2026. May be a cartoon of footstool, armchair, beanbag chair, futon and ottoman.",6933,53,111,2823,https://www.threads.com/@ikea_taiwan/post/DUmfboWk0LJ,本商品不含任何精靈，需自備 lihi3.me/qjwP4,2026年2月11日 星期三 上午10:48,,"Photo by IKEA Taiwan on February 10, 2026. May be a cartoon of slow loris, mattress, footstool, baby bed, beanbag chair, futon and ottoman.",2702,5,13,253
hyperbolic001,https://www.threads.com/@hyperbolic001/post/DUlrOUOkgkk,我看倒像是玉子燒壽司,2026年2月11日 星期三 上午3:12,@ikea_taiwan,,2,1,,,https://www.threads.com/@ikea_taiwan/post/DUmSG4xk8Vh,小心 是偽裝成玉子燒的間諜寶箱,2026年2月11日 星期三 上午8:51,,,1,1,,
elliott.chiu,https://www.threads.com/@elliott.chiu/post/DUl01nNgBbo,原來你們是派對,2026年2月11日 星期三 上午4:36,@ikea_taiwan,,33,1,,,https://www.threads.com/@ikea_taiwan/post/DUmSDRlE1a5,因為我們是派對！,2026年2月11日 星期三 上午8:51,,,34,1,,1
fuyutso,https://www.threads.com/@fuyutso/post/DUmQscJkvpr,原來是IKEA出的嗎😂,2026年2月11日 星期三 上午8:39,@ikea_taiwan,,,1,,,https://www.threads.com/@ikea_taiwan/post/DUmSAbuE_9d,是我🙋🏻,2026年2月11日 星期三 上午8:51,,,1,,,
jermong,https://www.threads.com/@jermong/post/DUlcymbAcb5,請問精靈可以在哪裏買？,2026年2月11日 星期三 上午1:06,@ikea_taiwan,,,1,,,https://www.threads.com/@ikea_taiwan/post/DUmR-6Lkx7U,精靈跟藥水都需要自備喔 寶箱可以放,2026年2月11日 星期三 上午8:50,,,1,,,
ronald_lu620,https://www.threads.com/@ronald_lu620/post/DUlP0-MEwAX,沒有攻擊性買它幹嘛？,2026年2月10日 星期二 下午11:12,@ikea_taiwan,,50,1,,5,https://www.threads.com/@ikea_taiwan/post/DUlRRTvE-4r,第一次看到這種要求,2026年2月10日 星期二 下午11:25,,,116,2,,7
hsinyi_yu,https://www.threads.com/@hsinyi_yu/post/DUk-BHWE1uL,你的興趣好廣泛啊！,2026年2月10日 星期二 下午8:37,@ikea_taiwan,,,1,,,https://www.threads.com/@ikea_taiwan/post/DUk-xYEk1kD,勇者總是各方面都勇於嘗試,2026年2月10日 星期二 下午8:43,,,5,,,
li7590,https://www.threads.com/@li7590/post/DUaqsmnkzsc,😂😂😂我的盤子都是乾乾淨淨的,2026年2月6日 星期五 下午8:35,@ikea_taiwan,,1,1,,,https://www.threads.com/@ikea_taiwan/post/DUaw0gZkwpI,"那這次新春分享餐很適合你！ lihi3.me/NiElf
ikea.com.tw
IKEA餐廳 - 超人氣肉丸、銅板美食等瑞典美食菜單一覽｜IKEA線上購物",2026年2月6日 星期五 下午9:29,,IKEA餐廳 - 超人氣肉丸、銅板美食等瑞典美食菜單一覽｜IKEA線上購物,,,,
_esther116_,https://www.threads.com/@_esther116_/post/DUanIHBk0sJ,我媽剛才跟我說一樣的話⋯⋯,2026年2月6日 星期五 下午8:04,@ikea_taiwan,,,1,,,https://www.threads.com/@ikea_taiwan/post/DUaww-rkzLs,"跟媽媽一起來吃 lihi3.me/NiElf
ikea.com.tw
IKEA餐廳 - 超人氣肉丸、銅板美食等瑞典美食菜單一覽｜IKEA線上購物",2026年2月6日 星期五 下午9:28,,IKEA餐廳 - 超人氣肉丸、銅板美食等瑞典美食菜單一覽｜IKEA線上購物,,,,
wuli_0302,https://www.threads.com/@wuli_0302/post/DUanWmvE2yK,我老公每天都會跟我說這句⋯^_^,2026年2月6日 星期五 下午8:06,@ikea_taiwan,,,1,,,https://www.threads.com/@ikea_taiwan/post/DUawu5tE0_b,"那可以找老公一起來吃新春分享餐！ lihi3.me/NiElf
ikea.com.tw
IKEA餐廳 - 超人氣肉丸、銅板美食等瑞典美食菜單一覽｜IKEA線上購物",2026年2月6日 星期五 下午9:28,,IKEA餐廳 - 超人氣肉丸、銅板美食等瑞典美食菜單一覽｜IKEA線上購物,,,,
beloved_0208,https://www.threads.com/@beloved_0208/post/DUN3LVxj_XO,求求再出有拉鏈的系列！ 冬天扛去烘衣服好好用！,2026年2月1日 星期日 下午9:14,@ikea_taiwan,,1,1,,,https://www.threads.com/@ikea_taiwan/post/DUN7eYpE8Cn,"拉鍊藍袋還在喔 lihi3.me/RzEAK
ikea.com.tw
ikea.com.tw",2026年2月1日 星期日 下午9:52,,,2,,,
kingjoin,https://www.threads.com/@kingjoin/post/DUN3F8LjXfh,"珠寶都是用這一個
london_ukstreetnews",2026年2月1日 星期日 下午9:14,@ikea_taiwan,,4,1,,1,https://www.threads.com/@ikea_taiwan/post/DUN30AXk50R,"需要宣導正確用法 lihi3.me/0GuCC
ikea.com.tw
FRAKTA - 環保購物袋, 藍色, 55x37x35 公分/71 公升 | IKEA 線上購物",2026年2月1日 星期日 下午9:20,,"FRAKTA - 環保購物袋, 藍色, 55x37x35 公分/71 公升 | IKEA 線上購物",3,1,,
beloved_0208,https://www.threads.com/@beloved_0208/post/DUNTn2pjkmt,"IKEA
我哥給我看了今天倫敦的搶劫案
那個劫匪拿的是ikea袋子嗎？？？
我真的放大又放大看欸！
到底是不是ikea袋子😂",2026年2月1日 星期日 下午4:04,,"Photo by 林恩 on February 01, 2026. May be an image of briefcase, plastic bag, clutch, purse and grocery bag.",2794,117,57,2138,https://www.threads.com/@ikea_taiwan/post/DUN0rWPE9Cq,"藍袋真的很能裝，但有些不可以❌ lihi3.me/Hxg3n
ikea.com.tw
ikea.com.tw",2026年2月1日 星期日 下午8:53,,,257,2,1,5
judywithgod,https://www.threads.com/@judywithgod/post/DUFGQwnk4La,女：這推車居然出白色的 我要買 男：為什麼你需要那麼多推車 家裡已經很多了,2026年1月29日 星期四 上午11:33,@ikea_taiwan,,,1,,,https://www.threads.com/@ikea_taiwan/post/DUFGX8Kk5DN,"推車永遠不嫌多？ lihi3.me/IUTsX
ikea.com.tw
最後倒數！IKEA新年雙享禮 買越多送越多｜IKEA線上購物",2026年1月29日 星期四 上午11:34,,,,,,
mao.duo,https://www.threads.com/@mao.duo/post/DUDuxL0ETOy,：我要買Jㄍ ：不行！ ：那Jㄍ ：買這個要尬嘛 ：那我要買J個 （持續問到走到出口為止）,2026年1月28日 星期三 下午10:48,@ikea_taiwan,,5,1,,1,https://www.threads.com/@ikea_taiwan/post/DUD3WbLk4jn,"有優惠的時候 ：要不要買？ ：買！ lihi3.me/IUTsX
ikea.com.tw
最後倒數！IKEA新年雙享禮 買越多送越多｜IKEA線上購物",2026年1月29日 星期四 上午12:03,,,,,,
ruuu15_,https://www.threads.com/@ruuu15_/post/DUDj1h2EsO_,女：以後我們家也要有這個！ 男：還有這個！這個也好讚！ 我跟男朋友ㄉ宜家對話基本上是這樣,2026年1月28日 星期三 下午9:13,@ikea_taiwan,,48,1,,1,https://www.threads.com/@ikea_taiwan/post/DUD2-p2k_Cp,"一起想像有一個家好浪漫🌹
ikea.com.tw
最後倒數！IKEA新年雙享禮 買越多送越多｜IKEA線上購物",2026年1月29日 星期四 上午12:00,,,1,,,
taipeidope,https://www.threads.com/@taipeidope/post/DUDiKduEe3y,你都唸IKEA還是IKEA,2026年1月28日 星期三 下午8:58,@ikea_taiwan,,22,1,,2,https://www.threads.com/@ikea_taiwan/post/DUD2jiZk9pC,IKEA,2026年1月28日 星期三 下午11:57,,,15,,,
nurse_fish2,https://www.threads.com/@nurse_fish2/post/DUDkxsskTA9,「空間不夠、預算不夠，就那張絕版品出清」,2026年1月28日 星期三 下午9:21,@ikea_taiwan,,,1,,,https://www.threads.com/@ikea_taiwan/post/DUDk3uTkwOL,"還有有優惠的時候一定要去逛一下 lihi3.me/IUTsX
ikea.com.tw
最後倒數！IKEA新年雙享禮 買越多送越多｜IKEA線上購物",2026年1月28日 星期三 下午9:22,,,,,,
5.6_yuen,https://www.threads.com/@5.6_yuen/post/DUDdgzglNFa,昨天和男友在逛ikea他一直跟我提要養狗 快氣死所以我拿了你們的哈士奇給他(^_^*),2026年1月28日 星期三 下午8:18,@ikea_taiwan,,1,1,,,https://www.threads.com/@ikea_taiwan/post/DUDkNS8E16s,"帶哈士奇回家就對了！ lihi3.me/IUTsX
ikea.com.tw
最後倒數！IKEA新年雙享禮 買越多送越多｜IKEA線上購物",2026年1月28日 星期三 下午9:16,,,,,,
ihsuan143,https://www.threads.com/@ihsuan143/post/DT2d1dwkTU9,萬事拜託了,2026年1月23日 星期五 下午7:10,@ikea_taiwan萬事拜託了讚6回覆1轉發1分享,"Photo by @ihsuan143 on January 23, 2026.",6,1,1,,https://www.threads.com/@ikea_taiwan/post/DT2d6SeE7Ge,我也想要,2026年1月23日 星期五 下午7:11,,,1,1,,
guanmingzhang,https://www.threads.com/@guanmingzhang/post/DT0F2FvEUny,左邊是黑暗大法師,2026年1月22日 星期四 下午9:02,@ikea_taiwan左邊是黑暗大法師讚回覆1轉發分享,,,1,,,https://www.threads.com/@ikea_taiwan/post/DT0GSHkk8l1,過來給你點顏色瞧瞧！！ lihi3.me/f3u1B,2026年1月22日 星期四 下午9:06,,,,1,,
yenan_242,https://www.threads.com/@yenan_242/post/DTkHjkMEYAx,"大學生20歲的生日禮物之一
ikea的河馬
坐完電扶梯下去要去結帳的時候還有人跑過來問河馬是哪裡拿的 他們也要買 超好笑",2026年1月16日 星期五 下午4:09,,"Photo by 侯彥安 on January 16, 2026.",1316,27,48,600,https://www.threads.com/@ikea_taiwan/post/DTwhFmFkyq6,"今天天氣很冷 你有沒有讓河馬躲被被 lihi3.me/2RH30
ikea.com.tw
SANDLÖPARE - 填充玩具, 河馬/灰色, 56 公分 | IKEA 線上購物",2026年1月21日 星期三 上午11:43,,"SANDLÖPARE - 填充玩具, 河馬/灰色, 56 公分 | IKEA 線上購物",27,1,,1
kaohsiung.police,https://www.threads.com/@kaohsiung.police/post/DTkvrWAEsot,各位同學，要注意去考場路上的交通安全喔☺️,2026年1月16日 星期五 下午10:00,@ikea_taiwan各位同學，要注意去考場路上的交通安全喔☺️讚10回覆1轉發分享,,10,1,,,https://www.threads.com/@ikea_taiwan/post/DTk9inSkwuQ,這樓最貼心 大家一定會考很好,2026年1月17日 星期六 上午12:01,,,9,,,
megurine_luka_no.1,https://www.threads.com/@megurine_luka_no.1/post/DTk18hxEivi,晚安,2026年1月16日 星期五 下午10:55,@ikea_taiwan晚安讚2回覆1轉發分享,,2,1,,,https://www.threads.com/@ikea_taiwan/post/DTk4Qxikyrj,晚安 你最棒👍,2026年1月16日 星期五 下午11:15,,,3,,,
9yu1997,https://www.threads.com/@9yu1997/post/DTkv0wCCe8V,以後不吃冰狗了,2026年1月16日 星期五 下午10:01,@ikea_taiwan以後不吃冰狗了讚回覆1轉發分享,,,1,,,https://www.threads.com/@ikea_taiwan/post/DTk3pnSE6BL,謝謝你來IKEA吃冰狗 祝你答題都冰狗,2026年1月16日 星期五 下午11:10,,,12,,1,1
wffa252,https://www.threads.com/@wffa252/post/DTkyapcEv1a,我看IKEA小編是喝了金門高粱 很嗆是吧！,2026年1月16日 星期五 下午10:24,@ikea_taiwan我看IKEA小編是喝了金門高粱,,159,1,,,https://www.threads.com/@ikea_taiwan/post/DTk3ZIbkw2a,我有喝藥膳羊肉湯 很暖,2026年1月16日 星期五 下午11:07,,"Photo by IKEA Taiwan on January 16, 2026.",155,3,,3
qie_3.1415926._,https://www.threads.com/@qie_3.1415926._/post/DTkrJigiTHK,你這樣我就不去吃肉丸了,2026年1月16日 星期五 下午9:20,"@ikea_taiwan你這樣我就不去吃肉丸了讚1,554回覆2轉發1分享15",,1554,2,1,15,https://www.threads.com/@ikea_taiwan/post/DTk3CrFE-_L,我的意思是平常很努力了 今天就早點休息養精蓄銳😉,2026年1月16日 星期五 下午11:04,,,339,,,
jimmy.s09star,https://www.threads.com/@jimmy.s09star/post/DTkySyekr2U,落榜我睡ikea,2026年1月16日 星期五 下午10:23,@ikea_taiwan落榜我睡ikea讚244回覆1轉發分享,,244,1,,,https://www.threads.com/@ikea_taiwan/post/DTk2kjCE9H2,你會金榜題名,2026年1月16日 星期五 下午11:00,,,105,,,
z7531178,https://www.threads.com/@z7531178/post/DUDiM8GkzD_,"女：你看 這娃娃好可愛 男：不需要 女：你看 這盤子好可愛 男：不需要 女：你看 這杯子好可愛 男：不需要
男：嗯 這工具好像很好用 女：不需要",2026年1月28日 星期三 下午8:59,@ikea_taiwan,,10,1,,3,https://www.threads.com/@ikea_taiwan/post/DUDkEXVk7Jx,"有優惠的時候一起湊 lihi3.me/IUTsX
ikea.com.tw
最後倒數！IKEA新年雙享禮 買越多送越多｜IKEA線上購物",2026年1月28日 星期三 下午9:15,,,,,,
husky_toy,https://www.threads.com/@husky_toy/post/DUDY-JOEj8m,寶貝這隻鏘鏘的二哈好像你,2026年1月28日 星期三 下午7:38,@ikea_taiwan,"Photo by Husky toy on January 28, 2026.",11,1,,,https://www.threads.com/@ikea_taiwan/post/DUDj3E3E2Fn,"是像二哈一樣很可愛嗎？ 那趁現在買起來 lihi3.me/IUTsX
ikea.com.tw
最後倒數！IKEA新年雙享禮 買越多送越多｜IKEA線上購物",2026年1月28日 星期三 下午9:13,,,1,,,
ec.hotel,https://www.threads.com/@ec.hotel/post/DUDU-YLgfdr,女：這個椅子好可愛 好想買 男：你要看的是衣架,2026年1月28日 星期三 下午7:03,@ikea_taiwan,,407,1,4,36,https://www.threads.com/@ikea_taiwan/post/DUDjt7kkzGJ,"逛IKEA就是會看到就想買 所以要趁有優惠的時候買🤩 lihi3.me/IUTsX
ikea.com.tw
最後倒數！IKEA新年雙享禮 買越多送越多｜IKEA線上購物",2026年1月28日 星期三 下午9:12,,,,,,
paw.pawland,https://www.threads.com/@paw.pawland/post/DUDdBebAS2w,女生：我好想要這隻狗狗 男生：$699？！不要浪費錢這又沒什麼用,2026年1月28日 星期三 下午8:13,@ikea_taiwan,,72,1,,20,https://www.threads.com/@ikea_taiwan/post/DUDjkWxEyM6,"跟他說有馬年優惠很划算可以買 lihi3.me/IUTsX
ikea.com.tw
最後倒數！IKEA新年雙享禮 買越多送越多｜IKEA線上購物",2026年1月28日 星期三 下午9:11,,,,,,
assbirdman,https://www.threads.com/@assbirdman/post/DT-LzkVgYcw,"IKEA
救命🆘真的河馬好可愛！！ 那個鄙視的眼神、皺摺的皮和短尾好愛喔！！🫶",2026年1月26日 星期一 下午7:07,,"Photo by 屁鳥人 (品萱 on January 26, 2026. | Photo by 屁鳥人 (品萱 on January 26, 2026. | Photo by 屁鳥人 (品萱 on January 26, 2026. | Photo by 屁鳥人 (品萱 on January 26, 2026. | Photo by 屁鳥人 (品萱 on January 26, 2026. | Photo by 屁鳥人 (品萱 on January 26, 2026.",1300,19,39,1738,https://www.threads.com/@ikea_taiwan/post/DUC8WImk3AZ,"河馬不笑看起來比較兇 但其實他很柔軟🦛 lihi3.me/a4DiZ
ikea.com.tw
SANDLÖPARE - 填充玩具, 河馬/灰色, 56 公分 | IKEA 線上購物",2026年1月28日 星期三 下午3:28,,"SANDLÖPARE - 填充玩具, 河馬/灰色, 56 公分 | IKEA 線上購物",14,1,,
na_ga_cl,https://www.threads.com/@na_ga_cl/post/DT7RBVJAZr7,"91分鐘是個什麼概念
Alex剛開始爬101的時候 我在逛ikea
Alex爬完101的時候 我還在逛ikea",2026年1月25日 星期日 下午3:55,,,6754,13,30,29,https://www.threads.com/@ikea_taiwan/post/DT9x8d1jpwB,"你也可以來IKEA找ALEX啊
2026-1-25",2026年1月26日 星期一 下午3:21,,"Photo by IKEA Taiwan on January 24, 2026.",154,1,1,2
kevin_1018964,https://www.threads.com/@kevin_1018964/post/DT7VnRVET6x,可以爬嗎,2026年1月25日 星期日 下午4:35,@ikea_taiwan,,1,1,,,https://www.threads.com/@ikea_taiwan/post/DT7gKOlk9C0,"這是一款實用的收納櫃 我們不建議爬它 lihi3.me/cc2M1
ikea.com.tw
ALEX 系列 | 美型書桌、抽屜櫃 - IKEA 線上購物",2026年1月25日 星期日 下午6:07,,ALEX 系列 | 美型書桌、抽屜櫃 - IKEA 線上購物,4,,,1
chuchutrainchen,https://www.threads.com/@chuchutrainchen/post/DT7RpyYkWYy,這款不做特價嗎,2026年1月25日 星期日 下午4:00,@ikea_taiwan,,1,1,,,https://www.threads.com/@ikea_taiwan/post/DT7gEUsk3VF,"可以進來看看 有驚喜 lihi3.me/cc2M1
ikea.com.tw
ALEX 系列 | 美型書桌、抽屜櫃 - IKEA 線上購物",2026年1月25日 星期日 下午6:06,,ALEX 系列 | 美型書桌、抽屜櫃 - IKEA 線上購物,1,,,
_esther116_,https://www.threads.com/@_esther116_/post/DT2djbqk9Zy,拜託錢！！！,2026年1月23日 星期五 下午7:08,@ikea_taiwan,"Photo by @_esther116_ on January 23, 2026.",7,1,,,https://www.threads.com/@ikea_taiwan/post/DT2hssZE1CB,需要幫你@你老闆嗎,2026年1月23日 星期五 下午7:44,,,1,,,
caratderrr17,https://www.threads.com/@caratderrr17/post/DT2eUDUEwfa,我想要CXM演唱會門票拜託拜託🙏🏻,2026年1月23日 星期五 下午7:15,@ikea_taiwan,"Photo by @caratderrr17 on January 23, 2026.",169,1,6,1,https://www.threads.com/@ikea_taiwan/post/DT2hjeJkzWJ,你會有票的 加油,2026年1月23日 星期五 下午7:43,,,1,,,
fdhs_water_dispenser,https://www.threads.com/@fdhs_water_dispenser/post/DTkqN5wAaYG,找人弄你,2026年1月16日 星期五 下午9:12,@ikea_taiwan,,550,1,1,18,https://www.threads.com/@ikea_taiwan/post/DTkqW_BkyhR,考試加油 先去睡覺🫰🏻,2026年1月16日 星期五 下午9:13,,,150,,,
ivan_950705,https://www.threads.com/@ivan_950705/post/DTfe_8-kvE-,我來買了,2026年1月14日 星期三 下午8:58,@ikea_taiwan,,,1,,,https://www.threads.com/@ikea_taiwan/post/DTfxYBmEytw,鯊鯊表示很開心要被帶回家 lihi3.me/mh9Yk,2026年1月14日 星期三 下午11:39,,"Photo by IKEA Taiwan on January 14, 2026.",1,1,,
vicky_10010613,https://www.threads.com/@vicky_10010613/post/DTfZm2SEk8K,是興奮到模糊嗎？🤭🙄😛,2026年1月14日 星期三 下午8:11,@ikea_taiwan,,,1,,,https://www.threads.com/@ikea_taiwan/post/DTfxO3yEyN4,"想到要被買回家就很興奮！ lihi3.me/mh9Yk
ikea.com.tw
再創低價 ｜IKEA線上購物",2026年1月14日 星期三 下午11:37,,再創低價 ｜IKEA線上購物,1,,,
henson.choi,https://www.threads.com/@henson.choi/post/DTaIQn-ASJ0,不勇敢 但錢照花！,2026年1月12日 星期一 下午7:03,@ikea_taiwan,,,1,,,https://www.threads.com/@ikea_taiwan/post/DTaPPHbk7O5,"再創底價讓你不用很有錢 也可以很敢花！ lihi3.me/FX9Sj
ikea.com.tw
再創低價 ｜IKEA線上購物",2026年1月12日 星期一 下午8:04,,再創低價 ｜IKEA線上購物,,,,
hodrmen.skincare,https://www.threads.com/@hodrmen.skincare/post/DTaIxQCEmQx,勇敢的人 先享受世界 勇敢花錢的人 房租跟別人借,2026年1月12日 星期一 下午7:08,@ikea_taiwan,,,1,,,https://www.threads.com/@ikea_taiwan/post/DTaPK1eE2AB,"享受再創底價 lihi3.me/FX9Sj
ikea.com.tw
再創低價 ｜IKEA線上購物",2026年1月12日 星期一 下午8:03,,再創低價 ｜IKEA線上購物,,,,
tcf_1995,https://www.threads.com/@tcf_1995/post/DTaOT5nkxIZ,我超勇的（剛繳完卡費看到帳戶餘額手在抖,2026年1月12日 星期一 下午7:56,@ikea_taiwan,,,1,,,https://www.threads.com/@ikea_taiwan/post/DTaPFGbky9O,"很棒勇敢了！ 買再創底價看帳單不會抖 lihi3.me/FX9Sj
ikea.com.tw
再創低價 ｜IKEA線上購物",2026年1月12日 星期一 下午8:03,,再創低價 ｜IKEA線上購物,,,,
akashic_tea,https://www.threads.com/@akashic_tea/post/DTXHpv8kmU5,馬的新年也太快樂😍😍,2026年1月11日 星期日 下午3:00,@ikea_taiwan,,3,1,,,https://www.threads.com/@ikea_taiwan/post/DTXKeBCE3Fy,馬的新年 有 馬的新品 合理！,2026年1月11日 星期日 下午3:25,,,4,,,
kiki._.drama,https://www.threads.com/@kiki._.drama/post/DTWz5Gaic7k,為何我覺得 你在罵人😂,2026年1月11日 星期日 下午12:07,@ikea_taiwan,,8,1,,,https://www.threads.com/@ikea_taiwan/post/DTWz9yaky7Z,我只是想跟大家分享： 馬的新品很讚！,2026年1月11日 星期日 下午12:08,,,18,,,
yunmu_creative,https://www.threads.com/@yunmu_creative/post/DTKDtQuCa_N,好喜歡塊塊肉肉捏\(^o^)/,2026年1月6日 星期二 下午1:15,@ikea_taiwan,,2,1,,,https://www.threads.com/@ikea_taiwan/post/DTKrXoek-g3,跟朋友一起來IKEA吃塊肉 加倍塊肉,2026年1月6日 星期二 下午7:02,,,1,,,
sa_taiwan,https://www.threads.com/@sa_taiwan/post/DTKfZvgDxFe,這算是一種新年塊肉嗎,2026年1月6日 星期二 下午5:17,@ikea_taiwan,,11,1,,,https://www.threads.com/@ikea_taiwan/post/DTKrSPOExH_,是的 我誠心地祝福大家,2026年1月6日 星期二 下午7:01,,,,,,
abbychen222,https://www.threads.com/@abbychen222/post/DTJ8nQSkrJX,羊肉湯超好吃，推🤤,2026年1月6日 星期二 下午12:14,@ikea_taiwan,,,1,,,https://www.threads.com/@ikea_taiwan/post/DTJ9ZLLExQ-,懂吃😌,2026年1月6日 星期二 下午12:20,,,,,,
still__u.sea,https://www.threads.com/@still__u.sea/post/DS5Lkarj67h,"Stray Kids STAY
在床上五年，每天我醒來你都在地板…… 現在感覺你的身價突然變高了🐶",2025年12月30日 星期二 下午11:57,,"Photo by s̆̈@/₂y on December 30, 2025.",1203,2,2,26,https://www.threads.com/@ikea_taiwan/post/DS6UJ0ekzsr,大家的金小狗都是無價的💛,2025年12月31日 星期三 上午10:31,,,140,,,4
little.golden_dog,https://www.threads.com/@little.golden_dog/post/DS6TaEPiSPl,今晚跟小金毛一起來杯熱熱的美祿跨年吧🎉,2025年12月31日 星期三 上午10:25,@ikea_taiwan,"Photo by 我是小金毛🐶 on December 30, 2025. | Photo by 我是小金毛🐶 on December 30, 2025.",10,1,,2,https://www.threads.com/@ikea_taiwan/post/DS6T3YEk80m,還有巧克力可以喝真的是最幸福的金小狗,2025年12月31日 星期三 上午10:29,,,6,,,
q3qoo.73,https://www.threads.com/@q3qoo.73/post/DS49IKSEopN,小編下禮拜不會去金唱片吧🙂‍↔️🙂‍↔️,2025年12月30日 星期二 下午9:51,@ikea_taiwan,,,1,,,https://www.threads.com/@ikea_taiwan/post/DS4_ryYk8QR,我只知道可能會有很多人帶金小狗去,2025年12月30日 星期二 下午10:13,,,2,,,
loveskzkei,https://www.threads.com/@loveskzkei/post/DS403eZEx5G,我還在上班啊可惡😤😤😤,2025年12月30日 星期二 下午8:39,@ikea_taiwan,,,2,,,https://www.threads.com/@ikea_taiwan/post/DS422sAE72x,下班再來 小狗會等你,2025年12月30日 星期二 下午8:56,,,3,1,,
_.h1na,https://www.threads.com/@_.h1na/post/DS4xwDwEjW-,不要逼我買一隻康啊幾回家⋯,2025年12月30日 星期二 下午8:11,@ikea_taiwan,,15,1,,,https://www.threads.com/@ikea_taiwan/post/DS42hQ8kyb_,小狗不想逼你 小狗只是想陪你🥹,2025年12月30日 星期二 下午8:53,,,15,,,
anniequestion.__.25,https://www.threads.com/@anniequestion.__.25/post/DS42Kl6kYxz,你網速好快！好久沒去逛了🥹,2025年12月30日 星期二 下午8:50,@ikea_taiwan,,,1,,,https://www.threads.com/@ikea_taiwan/post/DS42SdDE-8K,快來帶一隻金小狗好過年🥺,2025年12月30日 星期二 下午8:51,,,1,,,
im_nana_0305,https://www.threads.com/@im_nana_0305/post/DS41ruXj9HK,最近剛做完棉花補充手術的花生來報數🤭❤️,2025年12月30日 星期二 下午8:46,@ikea_taiwan,"Photo by Nana なな on December 30, 2025.",44,1,,,https://www.threads.com/@ikea_taiwan/post/DS41yXDkwfS,金小狗長肌肉💪 翻譯,2025年12月30日 星期二 下午8:47,,,34,1,,
hyunjin320___,https://www.threads.com/@hyunjin320___/post/DS40s3yiZXu,STAY來報到了！慶幸前陣子有買到同款（雖然是大隻的康阿幾🐶,2025年12月30日 星期二 下午8:37,@ikea_taiwan,,,1,,,https://www.threads.com/@ikea_taiwan/post/DS41UJHE7P1,大隻的是金大狗 小隻也來一隻🥺,2025年12月30日 星期二 下午8:43,,,2,1,,
_daydream_adventurer,https://www.threads.com/@_daydream_adventurer/post/DS40v_Wj03H,小編網速也太快了吧 真的很需要把康阿基帶回家過年,2025年12月30日 星期二 下午8:38,@ikea_taiwan,,29,1,,,https://www.threads.com/@ikea_taiwan/post/DS41SGQE6OE,讓狗狗stay with you🫳🐕,2025年12月30日 星期二 下午8:42,,,29,,,
chen_nnnn9,https://www.threads.com/@chen_nnnn9/post/DS41EJ7Dyfl,不可能連官方ikea都知道欸😍,2025年12月30日 星期二 下午8:40,@ikea_taiwan,,111,1,,,https://www.threads.com/@ikea_taiwan/post/DS41ITzk_UK,我們家金小狗會跟我講,2025年12月30日 星期二 下午8:41,,,150,,,2
ou_o325,https://www.threads.com/@ou_o325/post/DS4ywKjkh5j,要缺貨了！ 小編可以一起入坑， 然後請公司發SKZOO 系列產品拜託🙏,2025年12月30日 星期二 下午8:20,@ikea_taiwan,,71,1,,,https://www.threads.com/@ikea_taiwan/post/DS40eqqE-Ed,我們有puppy gold了💛,2025年12月30日 星期二 下午8:35,,,58,,,1
sttvy_01,https://www.threads.com/@sttvy_01/post/DS4zPEBCW8l,小編我的錢包已經hollow hollow hollow了 🙃,2025年12月30日 星期二 下午8:24,@ikea_taiwan,,,1,,,https://www.threads.com/@ikea_taiwan/post/DS4zdNxk7Af,金小狗還是會跟你說：Do it,2025年12月30日 星期二 下午8:26,,,408,1,,20
5400.0045,https://www.threads.com/@5400.0045/post/DS4xNqiExy-,早就有了但還要再買一隻！,2025年12月30日 星期二 下午8:07,@ikea_taiwan,,,1,,,https://www.threads.com/@ikea_taiwan/post/DS4yPwHExrx,兩隻剛剛好💛,2025年12月30日 星期二 下午8:16,,,,,,
cc_s29,https://www.threads.com/@cc_s29/post/DS4xwWQknX-,跟四個寶寶一起過年～🐶🐶🐶🐶,2025年12月30日 星期二 下午8:12,@ikea_taiwan,"Photo by Huangchi on December 30, 2025. | Photo by Huangchi on December 30, 2025.",89,1,,,https://www.threads.com/@ikea_taiwan/post/DS4yN6uk8mo,太可愛了💛💛💛,2025年12月30日 星期二 下午8:16,,,20,,,
,https://www.threads.com/@ikea_taiwan/post/DS4s6brkyxp,"ikea.com.tw
GOSIG GOLDEN - 填充玩具, 狗/黃金獵犬, 40 公分 | IKEA 線上購物",2025年12月30日 星期二 下午7:29,@ikea_taiwan,"GOSIG GOLDEN - 填充玩具, 狗/黃金獵犬, 40 公分 | IKEA 線上購物",104,,3,21,https://www.threads.com/@ikea_taiwan/post/DS4w5xlk2Pc,金小狗：想跟你回家！,2025年12月30日 星期二 下午8:04,,,26,2,,
wei__alice__,https://www.threads.com/@wei__alice__/post/DS4wq82E0Yv,準備來去帶一隻金小狗回家🤣❣️,2025年12月30日 星期二 下午8:02,@ikea_taiwan,,12,1,,2,https://www.threads.com/@ikea_taiwan/post/DS4w0jTk6W_,那這個年會過得更溫暖🐕💛,2025年12月30日 星期二 下午8:03,,,9,,,
koh_coconut_water,https://www.threads.com/@koh_coconut_water/post/DS4vBFVkn85,好啊康啊擠我陪你過💙🐶,2025年12月30日 星期二 下午7:48,@ikea_taiwan,,4,1,,1,https://www.threads.com/@ikea_taiwan/post/DS4wVhaE7qM,金小狗：🥺,2025年12月30日 星期二 下午7:59,,,6,,,
htungliu,https://www.threads.com/@htungliu/post/DS4vtVrD4G3,太活網了吧是住在脆裡嗎😍,2025年12月30日 星期二 下午7:54,@ikea_taiwan,,657,1,,1,https://www.threads.com/@ikea_taiwan/post/DS4wUCXk_U4,我住在IKEA 最近好像看到很多Stay,2025年12月30日 星期二 下午7:59,,,477,1,,2
s.xxvx,https://www.threads.com/@s.xxvx/post/DS4v4efk1ny,STAY來支持小編了ヾ(*'∀`*)ﾉ♡,2025年12月30日 星期二 下午7:55,@ikea_taiwan,,15,1,,,https://www.threads.com/@ikea_taiwan/post/DS4wL1Qk6LS,愛你🧭康阿擠也要記得帶,2025年12月30日 星期二 下午7:58,,,19,,,
sm._.a._.n,https://www.threads.com/@sm._.a._.n/post/DS4vLQhEpc-,怎麼消息這麼靈通,2025年12月30日 星期二 下午7:49,@ikea_taiwan,,43,1,,,https://www.threads.com/@ikea_taiwan/post/DS4vWilkxi6,因為發現有很多金小狗突然被帶走了,2025年12月30日 星期二 下午7:51,,,127,1,1,12
__jia._li,https://www.threads.com/@__jia._li/post/DSpNgvhky9N,組裝IKEA,2025年12月24日 星期三 下午7:06,@ikea_taiwan,,,1,,,https://www.threads.com/@ikea_taiwan/post/DSq-SVXk-2q,好棒 祝你有個美好的聖誕節🎄,2025年12月25日 星期四 上午11:32,,,1,,,
yada.tw.tea,https://www.threads.com/@yada.tw.tea/post/DSpGZgjjyMp,要吃冰狗啊,2025年12月24日 星期三 下午6:04,@ikea_taiwan,,,1,,,https://www.threads.com/@ikea_taiwan/post/DSq-MIdEwrs,等你,2025年12月25日 星期四 上午11:31,,,1,,,
savvy._.topcitytaichung,https://www.threads.com/@savvy._.topcitytaichung/post/DSpVjJfD_Wa,上班看別人過聖誕節,2025年12月24日 星期三 下午8:16,@ikea_taiwan,,,1,,,https://www.threads.com/@ikea_taiwan/post/DSq-KKFkwWM,辛苦了！請記得好好休息,2025年12月25日 星期四 上午11:31,,,,,,
3co_studio_,https://www.threads.com/@3co_studio_/post/DSKGpTnkhHT,12月的儀式感還是不能少,2025年12月12日 星期五 下午5:10,@ikea_taiwan12月的儀式感還是不能少讚188回覆1轉發1分享4,"Photo by 鼠粒控 / 3co Studio on December 12, 2025. | Photo by 鼠粒控 / 3co Studio on December 12, 2025.",188,1,1,4,https://www.threads.com/@ikea_taiwan/post/DSKbFc8kxU6,態度就是要這樣 很多佈置IKEA都有💖,2025年12月12日 星期五 下午8:08,,,2,,,
__venus2020,https://www.threads.com/@__venus2020/post/DSJ1CS5Ermd,人生就算一團糟也要有儀式感💅,2025年12月12日 星期五 下午2:36,@ikea_taiwan人生就算一團糟也要有儀式感💅讚1回覆1轉發分享,,1,1,,,https://www.threads.com/@ikea_taiwan/post/DSJ8guqk24r,你是對的💅,2025年12月12日 星期五 下午3:41,,,1,,,
treewalker.2011,https://www.threads.com/@treewalker.2011/post/DSJtP6KkQxj,叮噹噹~叮噹噹~叮噹拉拉拉~,2025年12月12日 星期五 下午1:28,@ikea_taiwan叮噹噹~叮噹噹~叮噹拉拉拉~讚回覆1轉發分享,,,1,,,https://www.threads.com/@ikea_taiwan/post/DSJxljPE4AF,叮噹煩 也要 叮噹美,2025年12月12日 星期五 下午2:06,,,1,,,
colatour_tw,https://www.threads.com/@colatour_tw/post/DSJnTBZEchn,這是12月的我🐕,2025年12月12日 星期五 下午12:36,@ikea_taiwan這是12月的我🐕讚11回覆1轉發分享2,"Photo by 可樂旅遊Colatour on December 11, 2025.",11,1,,2,https://www.threads.com/@ikea_taiwan/post/DSJqJO8k-GV,"看起來可以加一個燈串 lihi3.me/Bizbx
ikea.com.tw
IKEA vinterfint | IKEA 的 vinterfint 都在 這裡－ 第1頁 | IKEA 線上購物",2025年12月12日 星期五 下午1:01,,IKEA vinterfint | IKEA 的 vinterfint 都在 這裡－ 第1頁 | IKEA 線上購物,,1,,2
bread_62_,https://www.threads.com/@bread_62_/post/DSJkMA-Ewhy,至少在混亂中我還知道要美美的（掛飾掛起來）,2025年12月12日 星期五 下午12:09,@ikea_taiwan至少在混亂中我還知道要美美的（掛飾掛起來）讚6回覆1轉發分享1,,6,1,,1,https://www.threads.com/@ikea_taiwan/post/DSJkzB8kzki,沒錯 煩歸煩 該美的 還是要美。,2025年12月12日 星期五 下午12:14,,,1,,,
music.lin,https://www.threads.com/@music.lin/post/DSIA1oLEqb_,我需要！！,2025年12月11日 星期四 下午9:41,@ikea_taiwan我需要！！讚1回覆1轉發分享,,1,1,,,https://www.threads.com/@ikea_taiwan/post/DSIBAQiE01-,"快來看看你有沒有達成！ lihi3.me/wFGWg
ikea.com.tw
ikea.com.tw",2025年12月11日 星期四 下午9:42,,,1,1,,2
smarthearing_group_ig,https://www.threads.com/@smarthearing_group_ig/post/DSH-dirASIZ,"這是回覆已無法顯示的貼文
「欸不是，我在等抽完的那一刻」",2025年12月11日 星期四 下午9:20,,,,1,,,https://www.threads.com/@ikea_taiwan/post/DSH-oPWk2fY,你分享給朋友讓他來看到抽完的那一刻,2025年12月11日 星期四 下午9:21,,,1,,,
moonfamily0012,https://www.threads.com/@moonfamily0012/post/DSH-KwjErpd,這是回覆已無法顯示的貼文,2025年12月11日 星期四 下午9:17,,,1,1,,,https://www.threads.com/@ikea_taiwan/post/DSH-dMwk_RX,"有這個面紙套應該都會記得帶😆 lihi3.me/wFGWg
ikea.com.tw
ikea.com.tw",2025年12月11日 星期四 下午9:20,,,1,1,,
moonfamily0012,https://www.threads.com/@moonfamily0012/post/DSFYZTiDy1N,你們IKEA會像蝦皮一樣發瘋嗎,2025年12月10日 星期三 下午9:09,@ikea_taiwan你們IKEA會像蝦皮一樣發瘋嗎讚回覆1轉發分享,,,1,,,https://www.threads.com/@ikea_taiwan/post/DSFeL0VE0CE,嗯？你希望我怎麼樣🤨,2025年12月10日 星期三 下午9:59,,,3,1,,
seal_king_tapes,https://www.threads.com/@seal_king_tapes/post/DSpByLnE9OU,睡覺,2025年12月24日 星期三 下午5:24,@ikea_taiwan,,1,1,,,https://www.threads.com/@ikea_taiwan/post/DSq-D6Ck_rO,完美行程🤏🏻,2025年12月25日 星期四 上午11:30,,,1,,,
hyuk_lily,https://www.threads.com/@hyuk_lily/post/DSpELUak4ju,整理行李 隔天 🧳✈️🎄🇰🇷 💙,2025年12月24日 星期三 下午5:45,@ikea_taiwan,,5,1,,,https://www.threads.com/@ikea_taiwan/post/DSq99OcE5Jr,好快樂！不過出國也是可以逛IKEA,2025年12月25日 星期四 上午11:29,,,1,1,,
zzz_08.31,https://www.threads.com/@zzz_08.31/post/DSpADVVlG6D,一個人看著窗外的雨,2025年12月24日 星期三 下午5:09,@ikea_taiwan,,,1,,,https://www.threads.com/@ikea_taiwan/post/DSpA9eNk-OO,搞不好明天不會下雨啊,2025年12月24日 星期三 下午5:17,,,1,1,,
ma100kima,https://www.threads.com/@ma100kima/post/DSpAPZoD3vJ,已經有點受傷,2025年12月24日 星期三 下午5:10,@ikea_taiwan,,,1,,,https://www.threads.com/@ikea_taiwan/post/DSpA4ktE-j-,啊？怎麼了嗎,2025年12月24日 星期三 下午5:16,,,1,,,
tsdesign.kh,https://www.threads.com/@tsdesign.kh/post/DSkECUpEu_o,也沒有什麼大問題，就跟人們一樣不想上班而已。,2025年12月22日 星期一 下午7:07,@ikea_taiwan,,1,1,,,https://www.threads.com/@ikea_taiwan/post/DSkJ8w5k10P,（笑）,2025年12月22日 星期一 下午7:59,,,,,,
bread_62_,https://www.threads.com/@bread_62_/post/DSkJ2XukzLu,無論什麼狀況都保持優雅,2025年12月22日 星期一 下午7:58,@ikea_taiwan,,,1,,,https://www.threads.com/@ikea_taiwan/post/DSkJ6a_k_MF,必須的 smile！,2025年12月22日 星期一 下午7:59,,,,,,
low_mi_food,https://www.threads.com/@low_mi_food/post/DSkDXM3Eq4w,怎麼垂垂的🤣,2025年12月22日 星期一 下午7:01,@ikea_taiwan,,,1,,,https://www.threads.com/@ikea_taiwan/post/DSkDjrek_Az,絕對不是因為肉丸的關係,2025年12月22日 星期一 下午7:03,,,1,1,,
suchlovejin,https://www.threads.com/@suchlovejin/post/DSNZx8DgUbZ,你還真的只給一眼！,2025年12月13日 星期六 下午11:55,@ikea_taiwan,,,1,,,https://www.threads.com/@ikea_taiwan/post/DSPxXAYk3Zb,想要雙眼的話可以買兩個👀,2025年12月14日 星期日 下午9:59,,,1,,,
0soul._____,https://www.threads.com/@0soul._____/post/DSNIQsakwaR,那請問有沒有下水道工具 我幫沒票的朋友問一下,2025年12月13日 星期六 下午9:22,@ikea_taiwan,,3,1,,1,https://www.threads.com/@ikea_taiwan/post/DSNQWNgFLmJ,建議帶盞燈比較安全,2025年12月13日 星期六 下午10:32,,,,,,
haru_salut,https://www.threads.com/@haru_salut/post/DSNMdawkibX,買不到票的人要ㄗㄨㄣˇ備什麼⋯,2025年12月13日 星期六 下午9:58,@ikea_taiwan,,22,1,,1,https://www.threads.com/@ikea_taiwan/post/DSNNWa4E7Cc,也可以ㄗㄨㄣˇ備一副 先在下水道集合 再出發去場館,2025年12月13日 星期六 下午10:06,,,10,,,2
yi_hsuan_753,https://www.threads.com/@yi_hsuan_753/post/DSNL0SYgch9,我買到金唱片票我就去買這個,2025年12月13日 星期六 下午9:53,@ikea_taiwan,,,1,,,https://www.threads.com/@ikea_taiwan/post/DSNNL-eE_ep,幫你集氣！,2025年12月13日 星期六 下午10:05,,,,,,
kelly_potato_,https://www.threads.com/@kelly_potato_/post/DSKMuINAUgR,雖然是一團亂 但至少是可愛的一團亂,2025年12月12日 星期五 下午6:03,@ikea_taiwan,,4,1,,,https://www.threads.com/@ikea_taiwan/post/DSKbKV0k52e,沒錯！家裡也要佈置一下😍🎄,2025年12月12日 星期五 下午8:09,,,1,,,
_nnt_____,https://www.threads.com/@_nnt_____/post/DSKPx10DxXQ,謝謝你 不枉費我下班都去找你吃飯 內湖的一條通開的好（去吃的頻率是股東等級）,2025年12月12日 星期五 下午6:30,@ikea_taiwan,,,1,,,https://www.threads.com/@ikea_taiwan/post/DSKbIQKEwn6,吃完順便逛逛應該是完美行程,2025年12月12日 星期五 下午8:09,,,1,,,
en._33_,https://www.threads.com/@en._33_/post/DR9YxJ0EulA,對不起..我不會再亂洗娃娃了。 1 / 3,2025年12月7日 星期日 下午6:38,,"Photo by 161捍衛者小天才 on December 07, 2025. | Photo by 161捍衛者小天才 on December 07, 2025.",4540,33,115,435,https://www.threads.com/@ikea_taiwan/post/DR_miIjDHZR,"他看起來好冷喔...他的朋友呢？ lihi3.me/HuEKz
ikea.com.tw
兒童玩具、收納、寢具推薦｜熱帶草原風兒童房 | SANDLÖPARE系列 – IKEA線上購物",2025年12月8日 星期一 下午3:17,,兒童玩具、收納、寢具推薦｜熱帶草原風兒童房 | SANDLÖPARE系列 – IKEA線上購物,10,1,,
amibeauty_____,https://www.threads.com/@amibeauty_____/post/DR96Bv4iVL0,星期八要繼續玩！😂,2025年12月7日 星期日 下午11:29,@ikea_taiwan,,,1,,,https://www.threads.com/@ikea_taiwan/post/DR_C-h2E_HZ,沒錯 今天就繼續放假（可以來逛逛）,2025年12月8日 星期一 上午10:06,,,1,,,
mikkiezfysz,https://www.threads.com/@mikkiezfysz/post/DR9pUo_D8WI,小編星期日還要上班好辛苦😓,2025年12月7日 星期日 下午9:03,@ikea_taiwan,,6,1,,,https://www.threads.com/@ikea_taiwan/post/DR97-BzE1fP,"還好啦 明天是星期八 還可以放一天來逛IKEA（？）
ikea.com.tw
IKEA美食新品優惠｜IKEA餐廳美食小吃、冷凍食品超市新品及優惠｜IKEA線上購物",2025年12月7日 星期日 下午11:46,,IKEA美食新品優惠｜IKEA餐廳美食小吃、冷凍食品超市新品及優惠｜IKEA線上購物,,,,
hsiazili,https://www.threads.com/@hsiazili/post/DR4QrFoD2Ri,可是買不到椅凳 只能套在木頭上☹️,2025年12月5日 星期五 下午6:51,@ikea_taiwan,"Photo by 子麗 𝒵𝒾𝓁𝒾 on December 05, 2025. | Photo by 子麗 𝒵𝒾𝓁𝒾 on December 05, 2025.",20,1,,1,https://www.threads.com/@ikea_taiwan/post/DR4lohlE9QA,這菇菇可愛到我捨不得打,2025年12月5日 星期五 下午9:54,,,1,,,
kiki._.drama,https://www.threads.com/@kiki._.drama/post/DR4K8cyiTs3,逛IKEA 逛完 直奔美食區,2025年12月5日 星期五 下午6:01,@ikea_taiwan,,1,1,,,https://www.threads.com/@ikea_taiwan/post/DR4SSQJkylU,無論如何 補充體力是必須的,2025年12月5日 星期五 下午7:05,,,1,,,
lugaveci,https://www.threads.com/@lugaveci/post/DR4GtMJCSfZ,我需要先有花瓣（氣音）,2025年12月5日 星期五 下午5:24,@ikea_taiwan,,,1,,1,https://www.threads.com/@ikea_taiwan/post/DR4IuzoE2M7,IKEA有很多白色花瓣 lihi3.me/A4tJl,2025年12月5日 星期五 下午5:42,,"Photo by IKEA Taiwan on December 05, 2025.",8,,,2
aed_1027,https://www.threads.com/@aed_1027/post/DR4E_pyE83E,,2025年12月5日 星期五 下午5:09,@ikea_taiwan,"Photo by AED on December 05, 2025.",106,1,,1,https://www.threads.com/@ikea_taiwan/post/DR4G4Brk_9s,逛IKEA也很休閒喔 逛到餓了還可以吃東西 lihi3.me/vQZd1,2025年12月5日 星期五 下午5:25,,,3,,,
_c.yun._,https://www.threads.com/@_c.yun._/post/DR4E4jjkRP2,"皮克敏
皮克敏真的超耗電",2025年12月5日 星期五 下午5:08,@ikea_taiwan,,5,1,,,https://www.threads.com/@ikea_taiwan/post/DR4G1bPE24u,幫你準備好了☝🏻,2025年12月5日 星期五 下午5:25,,"Photo by IKEA Taiwan on December 05, 2025.",13,1,,2
,https://www.threads.com/@lugaveci/post/DR1-bg6CYe0,lugaveci 去IKEA拍皮皮好好玩 1 / 2,2025年12月4日 星期四 下午9:33,,"Photo by Luci-fur on December 04, 2025. | Photo by Luci-fur on December 04, 2025. | Photo by Luci-fur on December 04, 2025. | Photo by Luci-fur on December 04, 2025. | Photo by Luci-fur on December 04, 2025. | Photo by Luci-fur on December 04, 2025. | Photo by Luci-fur on December 04, 2025. | Photo by Luci-fur on December 04, 2025. | Photo by Luci-fur on December 04, 2025. | Photo by Luci-fur on December 04, 2025. | Photo by Luci-fur on December 04, 2025. | Photo by Luci-fur on December 04, 2025. | Photo by Luci-fur on December 04, 2025. | Photo by Luci-fur on December 04, 2025. | Photo by Luci-fur on December 04, 2025. | Photo by Luci-fur on December 04, 2025. | Photo by Luci-fur on December 04, 2025. | Photo by Luci-fur on December 04, 2025. | Photo by Luci-fur on December 04, 2025. | Photo by Luci-fur on December 04, 2025.",2274,34,107,540,https://www.threads.com/@ikea_taiwan/post/DR4GlIVk5ME,真可愛！行充記得帶喔,2025年12月5日 星期五 下午5:23,,,6,,,
_esther116_,https://www.threads.com/@_esther116_/post/DR11a3bkyiW,38次消費，需要被誇誇😗,2025年12月4日 星期四 下午8:14,@_c.yun._,,1,1,,,https://www.threads.com/@ikea_taiwan/post/DR3nKdJE_xE,你好棒！,2025年12月5日 星期五 下午12:48,,,,,,
socool068069,https://www.threads.com/@socool068069/post/DR3mnIhksn2,沒有約會 嗚嗚嗚嗚,2025年12月5日 星期五 下午12:44,@ikea_taiwan,,1,1,,,https://www.threads.com/@ikea_taiwan/post/DR3nIqoE0C7,跟我約會也算 今年再來一次,2025年12月5日 星期五 下午12:48,,,2,,,
kshouse.168,https://www.threads.com/@kshouse.168/post/DR3LFCWE03I,我期待因為我有達標喔!,2025年12月5日 星期五 上午8:43,@ikea_taiwan,,,1,,,https://www.threads.com/@ikea_taiwan/post/DR3X12NE5LL,太讚了 下個月記得再來換贈品喔 明年也請多多指教,2025年12月5日 星期五 上午10:34,,,1,1,,
puxder7879,https://www.threads.com/@puxder7879/post/DR1oztpj61M,我也是四次😍,2025年12月4日 星期四 下午6:24,@ikea_taiwan,,2,1,,,https://www.threads.com/@ikea_taiwan/post/DR1o6Vikyie,今年 可以 再來幾次🫰？,2025年12月4日 星期四 下午6:25,,,,,,
ametenguu,https://www.threads.com/@ametenguu/post/DRuQydAkjqF,我不記得老皮叫做IKEA,2025年12月1日 星期一 下午9:40,@ikea_taiwan,,,1,,,https://www.threads.com/@ikea_taiwan/post/DRuShTAk9QQ,"我是阿寶 幫你蓋被被 lihi3.me/3lngG
ikea.com.tw
IKEA精選收納85折起！｜IKEA Family 宜家卡｜宜家卡線上免費申辦，即享IKEA卡友專屬優惠｜IKEA線上購物",2025年12月1日 星期一 下午9:55,,IKEA精選收納85折起！｜IKEA Family 宜家卡｜宜家卡線上免費申辦，即享IKEA卡友專屬優惠｜IKEA線上購物,2,,,1
_esther116_,https://www.threads.com/@_esther116_/post/DRuA5jDk9TP,阿寶，蓋被被～,2025年12月1日 星期一 下午7:21,@ikea_taiwan,,2,1,,,https://www.threads.com/@ikea_taiwan/post/DRuSeh5EypQ,"幫你蓋好了 lihi3.me/3lngG
ikea.com.tw
IKEA精選收納85折起！｜IKEA Family 宜家卡｜宜家卡線上免費申辦，即享IKEA卡友專屬優惠｜IKEA線上購物",2025年12月1日 星期一 下午9:54,,IKEA精選收納85折起！｜IKEA Family 宜家卡｜宜家卡線上免費申辦，即享IKEA卡友專屬優惠｜IKEA線上購物,1,1,,
20_irina1122,https://www.threads.com/@20_irina1122/post/DRuO9w5Ehst,小編老實說你到底幾歲？,2025年12月1日 星期一 下午9:24,@ikea_taiwan,,,1,,,https://www.threads.com/@ikea_taiwan/post/DRuSaKKEx3g,你覺得呢🤓,2025年12月1日 星期一 下午9:54,,,1,1,,
505stc,https://www.threads.com/@505stc/post/DRt-tSsk8KP,阿寶來了,2025年12月1日 星期一 下午7:02,@ikea_taiwan,"Photo by Sunny on December 01, 2025.",35,2,,,https://www.threads.com/@ikea_taiwan/post/DRuR0rSkwca,"我來幫他蓋被被 lihi3.me/3lngG
ikea.com.tw
IKEA精選收納85折起！｜IKEA Family 宜家卡｜宜家卡線上免費申辦，即享IKEA卡友專屬優惠｜IKEA線上購物",2025年12月1日 星期一 下午9:49,,IKEA精選收納85折起！｜IKEA Family 宜家卡｜宜家卡線上免費申辦，即享IKEA卡友專屬優惠｜IKEA線上購物,,,,
cityisland_music,https://www.threads.com/@cityisland_music/post/DRt-xFSkd4-,可是他會說太熱了🥲,2025年12月1日 星期一 下午7:02,@ikea_taiwan,,12,1,,,https://www.threads.com/@ikea_taiwan/post/DRt_ruCkxGR,"可是我們的被被溫度剛剛好 lihi3.me/3lngG
ikea.com.tw
IKEA精選收納85折起！｜IKEA Family 宜家卡｜宜家卡線上免費申辦，即享IKEA卡友專屬優惠｜IKEA線上購物",2025年12月1日 星期一 下午7:10,,IKEA精選收納85折起！｜IKEA Family 宜家卡｜宜家卡線上免費申辦，即享IKEA卡友專屬優惠｜IKEA線上購物,2,,,
sailor_moon0104,https://www.threads.com/@sailor_moon0104/post/DRnCA2aEzIe,留友看,2025年11月29日 星期六 上午2:16,@ikea_taiwan,,1,1,,,https://www.threads.com/@ikea_taiwan/post/DRnCRhBE7AY,留友看肉丸 lihi3.me/b4FPE,2025年11月29日 星期六 上午2:18,,"Photo by IKEA Taiwan on November 28, 2025.",,,,
baseball_records_act,https://www.threads.com/@baseball_records_act/post/DRmki89DxRw,今天有比賽，要不要一起打 肉丸,2025年11月28日 星期五 下午9:58,@ikea_taiwan,,14,1,,2,https://www.threads.com/@ikea_taiwan/post/DRm52l9E9GS,"不可以打肉丸 肉丸會痛 lihi3.me/b4FPE
ikea.com.tw
IKEA集娃娃包 - 消費1元集1點換限量造型娃娃包 | IKEA線上購物",2025年11月29日 星期六 上午1:05,,,9,,,
hey_siri_golden_retriever,https://www.threads.com/@hey_siri_golden_retriever/post/DRmFvLCkVHO,給我吃肉肉肉丸,2025年11月28日 星期五 下午5:29,@ikea_taiwan,,1,1,,,https://www.threads.com/@ikea_taiwan/post/DRmGFR5k-hl,"聽起來不止一盤 還要順便帶肉丸回家 lihi3.me/b4FPE
ikea.com.tw
IKEA集娃娃包 - 消費1元集1點換限量造型娃娃包 | IKEA線上購物",2025年11月28日 星期五 下午5:32,,,,,,
jason_lin_ukusa,https://www.threads.com/@jason_lin_ukusa/post/DRmFYDEkmit,信用卡帳單肉丸,2025年11月28日 星期五 下午5:26,@ikea_taiwan,,14,1,,,https://www.threads.com/@ikea_taiwan/post/DRmF9W0E_kp,加班肉丸 lihi3.me/b4FPE,2025年11月28日 星期五 下午5:31,,"Photo by IKEA Taiwan on November 28, 2025.",15,,1,
layaburger,https://www.threads.com/@layaburger/post/DRmFbgIEco8,好的 漢堡,2025年11月28日 星期五 下午5:26,@ikea_taiwan,,181,2,,1,https://www.threads.com/@ikea_taiwan/post/DRmFsoyE6VB,也行 不過肉丸還會微笑,2025年11月28日 星期五 下午5:29,,,70,,,
daumaguro,https://www.threads.com/@daumaguro/post/DRmFOdjARwf,要下班了肉丸～,2025年11月28日 星期五 下午5:25,@ikea_taiwan,,2,1,,,https://www.threads.com/@ikea_taiwan/post/DRmFZg2kyry,誰想上班肉丸！,2025年11月28日 星期五 下午5:26,,,1,,,
sunrise_training,https://www.threads.com/@sunrise_training/post/DRj4ZaiD5sa,"這是回覆已無法顯示的貼文
最喜歡聽到這種話ㄌ😍💚",2025年11月27日 星期四 下午8:54,,,1,1,,,https://www.threads.com/@ikea_taiwan/post/DRkHjyYE5Hn,"躺完記得明天來逛，普發加碼最後倒數～ 來店消費滿$5,000享85折 lihi3.me/wB5xQ
ikea.com.tw
IKEA Family 宜家卡｜宜家卡卡友線上免費申辦，即享IKEA卡友專屬優惠｜IKEA線上購物",2025年11月27日 星期四 下午11:07,,IKEA Family 宜家卡｜宜家卡卡友線上免費申辦，即享IKEA卡友專屬優惠｜IKEA線上購物,1,,,
cckkayveu_,https://www.threads.com/@cckkayveu_/post/DRkGi7FCGQk,"這是回覆已無法顯示的貼文
恭敬不如從命",2025年11月27日 星期四 下午10:58,,,1,1,,,https://www.threads.com/@ikea_taiwan/post/DRkHUxOk7dz,躺完明天來逛～普發加碼最後倒數 lihi3.me/wB5xQ,2025年11月27日 星期四 下午11:05,,,,,,
leeweixiang95,https://www.threads.com/@leeweixiang95/post/DRj-L2QE9Wm,這是回覆已無法顯示的貼文,2025年11月27日 星期四 下午9:45,,"Photo by 李白本白 on November 27, 2025.",3,1,,2,https://www.threads.com/@ikea_taiwan/post/DRkGHF4E4-k,"換這張睡沙發床 lihi3.me/wB5xQ
ikea.com.tw
IKEA Family 宜家卡｜宜家卡卡友線上免費申辦，即享IKEA卡友專屬優惠｜IKEA線上購物",2025年11月27日 星期四 下午10:54,,IKEA Family 宜家卡｜宜家卡卡友線上免費申辦，即享IKEA卡友專屬優惠｜IKEA線上購物,,1,,
kiki._.drama,https://www.threads.com/@kiki._.drama/post/DRj276Hia0Z,"這是回覆已無法顯示的貼文
躺平睡覺囉～",2025年11月27日 星期四 下午8:41,,,,1,,,https://www.threads.com/@ikea_taiwan/post/DRkF9ZjE_y0,"記得洗澡，不然就換這張躺 lihi3.me/wB5xQ
ikea.com.tw
IKEA Family 宜家卡｜宜家卡卡友線上免費申辦，即享IKEA卡友專屬優惠｜IKEA線上購物",2025年11月27日 星期四 下午10:53,,IKEA Family 宜家卡｜宜家卡卡友線上免費申辦，即享IKEA卡友專屬優惠｜IKEA線上購物,1,1,,
xixi_heihei_love,https://www.threads.com/@xixi_heihei_love/post/DRj9cpxD7md,"這是回覆已無法顯示的貼文
@zt_andrea_0220 該起床咯",2025年11月27日 星期四 下午9:38,,,1,1,1,,https://www.threads.com/@ikea_taiwan/post/DRkF4-jE8O3,"如果要繼續睡，建議換這張 lihi3.me/wB5xQ
ikea.com.tw
IKEA Family 宜家卡｜宜家卡卡友線上免費申辦，即享IKEA卡友專屬優惠｜IKEA線上購物",2025年11月27日 星期四 下午10:52,,IKEA Family 宜家卡｜宜家卡卡友線上免費申辦，即享IKEA卡友專屬優惠｜IKEA線上購物,,,,
skis.sk88,https://www.threads.com/@skis.sk88/post/DRj_lSlkTuN,"這是回覆已無法顯示的貼文
躺著看盤感覺很舒服☺️",2025年11月27日 星期四 下午9:57,,,1,1,,,https://www.threads.com/@ikea_taiwan/post/DRkFxWLk61j,"躺這張更舒服 lihi3.me/wB5xQ
ikea.com.tw
IKEA Family 宜家卡｜宜家卡卡友線上免費申辦，即享IKEA卡友專屬優惠｜IKEA線上購物",2025年11月27日 星期四 下午10:51,,IKEA Family 宜家卡｜宜家卡卡友線上免費申辦，即享IKEA卡友專屬優惠｜IKEA線上購物,1,1,,
g_like_888,https://www.threads.com/@g_like_888/post/DRj2idBk7uk,"這是回覆已無法顯示的貼文
吃飽秒睡 翻譯",2025年11月27日 星期四 下午8:38,,,1,1,,,https://www.threads.com/@ikea_taiwan/post/DRj2xEGEznS,"眼睛快閉上了 lihi3.me/wB5xQ
ikea.com.tw
IKEA Family 宜家卡｜宜家卡卡友線上免費申辦，即享IKEA卡友專屬優惠｜IKEA線上購物",2025年11月27日 星期四 下午8:40,,IKEA Family 宜家卡｜宜家卡卡友線上免費申辦，即享IKEA卡友專屬優惠｜IKEA線上購物,1,,,
linshuze_pidru,https://www.threads.com/@linshuze_pidru/post/DRj2NKLk9_h,"這是回覆已無法顯示的貼文
您好，請借我躺一會兒，順便過個夜",2025年11月27日 星期四 下午8:35,,,3,1,,1,https://www.threads.com/@ikea_taiwan/post/DRj2tZIk82-,"留言區讓你躺，明天記得來逛IKEA lihi3.me/wB5xQ
ikea.com.tw
IKEA Family 宜家卡｜宜家卡卡友線上免費申辦，即享IKEA卡友專屬優惠｜IKEA線上購物",2025年11月27日 星期四 下午8:39,,IKEA Family 宜家卡｜宜家卡卡友線上免費申辦，即享IKEA卡友專屬優惠｜IKEA線上購物,1,1,,
aed_1027,https://www.threads.com/@aed_1027/post/DRcPW_Bk_9E,抱歉 忍不住想幫他們做這個,2025年11月24日 星期一 下午9:41,@ikea_taiwan,"Photo by AED on November 24, 2025. | Photo by AED on November 24, 2025.",23,1,,5,https://www.threads.com/@ikea_taiwan/post/DRe1xPXk6hr,"每一個都是我們微笑之星 lihi3.me/Awfs9
ikea.com.tw
兒童玩具、收納、寢具推薦｜熱帶草原風兒童房 | SANDLÖPARE系列 – IKEA線上購物",2025年11月25日 星期二 下午9:55,,兒童玩具、收納、寢具推薦｜熱帶草原風兒童房 | SANDLÖPARE系列 – IKEA線上購物,,,,
aphun_and_friends,https://www.threads.com/@aphun_and_friends/post/DRcXyogErPW,新進員工報到以後，馬上就找到新的雇主了 繼續用可愛陪伴人類🤩,2025年11月24日 星期一 下午10:55,@ikea_taiwan,"Photo by 阿ㄆㄨㄣ和他的動物朋友們 on November 24, 2025. | Photo by 阿ㄆㄨㄣ和他的動物朋友們 on November 24, 2025. | Photo by 阿ㄆㄨㄣ和他的動物朋友們 on November 24, 2025. | Photo by 阿ㄆㄨㄣ和他的動物朋友們 on November 24, 2025. | Photo by 阿ㄆㄨㄣ和他的動物朋友們 on November 24, 2025. | Photo by 阿ㄆㄨㄣ和他的動物朋友們 on November 24, 2025.",2,1,1,,https://www.threads.com/@ikea_taiwan/post/DRe1p9sE9O0,好棒！他們有夥伴一起,2025年11月25日 星期二 下午9:54,,,1,,,
ng5ford,https://www.threads.com/@ng5ford/post/DRcX9wZCWhi,🦛好可愛,2025年11月24日 星期一 下午10:56,@ikea_taiwan,,,1,,,https://www.threads.com/@ikea_taiwan/post/DRe1iQKkzy3,"我們最有份量的新員工🦛 lihi3.me/Awfs9
ikea.com.tw
兒童玩具、收納、寢具推薦｜熱帶草原風兒童房 | SANDLÖPARE系列 – IKEA線上購物",2025年11月25日 星期二 下午9:53,,兒童玩具、收納、寢具推薦｜熱帶草原風兒童房 | SANDLÖPARE系列 – IKEA線上購物,,,,
ms_yr__,https://www.threads.com/@ms_yr__/post/DRcYB5UEkuA,阿鹿 手感不錯,2025年11月24日 星期一 下午10:57,@ikea_taiwan,,,1,,,https://www.threads.com/@ikea_taiwan/post/DRe1d0Ak-2l,"很柔軟 lihi3.me/Awfs9
ikea.com.tw
兒童玩具、收納、寢具推薦｜熱帶草原風兒童房 | SANDLÖPARE系列 – IKEA線上購物",2025年11月25日 星期二 下午9:52,,兒童玩具、收納、寢具推薦｜熱帶草原風兒童房 | SANDLÖPARE系列 – IKEA線上購物,,,,
_kab1rry.8,https://www.threads.com/@_kab1rry.8/post/DRce8I3D-eL,黑猩猩長的很可怕但是胡蒙真的可愛死😇,2025年11月24日 星期一 下午11:57,@ikea_taiwan,"Photo by Ka Be on November 24, 2025. | Photo by Ka Be on November 24, 2025. | Photo by Ka Be on November 24, 2025.",2,1,,3,https://www.threads.com/@ikea_taiwan/post/DRe1YJQkz4J,"那要不要帶他們回家 lihi3.me/Awfs9
ikea.com.tw
兒童玩具、收納、寢具推薦｜熱帶草原風兒童房 | SANDLÖPARE系列 – IKEA線上購物",2025年11月25日 星期二 下午9:52,,兒童玩具、收納、寢具推薦｜熱帶草原風兒童房 | SANDLÖPARE系列 – IKEA線上購物,,,,
hsuan___810,https://www.threads.com/@hsuan___810/post/DRcj6TnEsE7,圍圍巾的迷你獴,2025年11月25日 星期二 上午12:40,@ikea_taiwan,"Photo by ㄆㄟˋ軒 on November 24, 2025.",2,1,,,https://www.threads.com/@ikea_taiwan/post/DRe1VpTE6QV,有配件加分,2025年11月25日 星期二 下午9:51,,,1,,,
sweetringapp,https://www.threads.com/@sweetringapp/post/DRdyErmEifO,好羨慕同事都好可愛！,2025年11月25日 星期二 下午12:03,@ikea_taiwan,,,1,,,https://www.threads.com/@ikea_taiwan/post/DRe1Iu3E4lK,"可以帶幾隻回去當同事 lihi3.me/Awfs9
ikea.com.tw
兒童玩具、收納、寢具推薦｜熱帶草原風兒童房 | SANDLÖPARE系列 – IKEA線上購物",2025年11月25日 星期二 下午9:49,,兒童玩具、收納、寢具推薦｜熱帶草原風兒童房 | SANDLÖPARE系列 – IKEA線上購物,,,,
pinpin_0614_,https://www.threads.com/@pinpin_0614_/post/DRcXHfZk7sQ,第一隻跟最後一隻是一樣的嗎！怎麼那麼像（都好可愛😍）,2025年11月24日 星期一 下午10:49,@ikea_taiwan,,1,1,,,https://www.threads.com/@ikea_taiwan/post/DRcXb5GEycb,"是狐蒙跟迷你狐蒙 lihi3.me/Awfs9
ikea.com.tw
兒童玩具、收納、寢具推薦｜熱帶草原風兒童房 | SANDLÖPARE系列 – IKEA線上購物",2025年11月24日 星期一 下午10:51,,兒童玩具、收納、寢具推薦｜熱帶草原風兒童房 | SANDLÖPARE系列 – IKEA線上購物,2,,,
qoofy.11,https://www.threads.com/@qoofy.11/post/DRcS0kmExSI,@jacky_fang83 有長頸鹿了欸🦒,2025年11月24日 星期一 下午10:11,@ikea_taiwan,,,2,,,https://www.threads.com/@ikea_taiwan/post/DRcTTH2Ez3Z,"大隻小隻一起帶走 lihi3.me/Awfs9
ikea.com.tw
兒童玩具、收納、寢具推薦｜熱帶草原風兒童房 | SANDLÖPARE系列 – IKEA線上購物",2025年11月24日 星期一 下午10:15,,兒童玩具、收納、寢具推薦｜熱帶草原風兒童房 | SANDLÖPARE系列 – IKEA線上購物,,,,
kaihsin,https://www.threads.com/@kaihsin/post/DRcM5hpjzb5,河馬感覺有情緒,2025年11月24日 星期一 下午9:19,@ikea_taiwan,,1,1,,,https://www.threads.com/@ikea_taiwan/post/DRcTJk7k-dW,"他只是在放空 lihi3.me/Awfs9
ikea.com.tw
兒童玩具、收納、寢具推薦｜熱帶草原風兒童房 | SANDLÖPARE系列 – IKEA線上購物",2025年11月24日 星期一 下午10:14,,兒童玩具、收納、寢具推薦｜熱帶草原風兒童房 | SANDLÖPARE系列 – IKEA線上購物,,,,
roxwai,https://www.threads.com/@roxwai/post/DRcMP3QETnS,,2025年11月24日 星期一 下午9:14,@ikea_taiwan,"Photo by 𝑅 𝑂 𝑋 on November 24, 2025.",18,1,,2,https://www.threads.com/@ikea_taiwan/post/DRcS6PME_qr,感覺很保暖耶,2025年11月24日 星期一 下午10:12,,,1,1,,
ccemily816,https://www.threads.com/@ccemily816/post/DRcQxHDkpLR,完了 為何要讓我看到新進員工(⊙ω⊙),2025年11月24日 星期一 下午9:53,@ikea_taiwan,,,1,,,https://www.threads.com/@ikea_taiwan/post/DRcS3SOk9Zt,"因為要讓你愛上他們 lihi3.me/Awfs9
ikea.com.tw
兒童玩具、收納、寢具推薦｜熱帶草原風兒童房 | SANDLÖPARE系列 – IKEA線上購物",2025年11月24日 星期一 下午10:11,,兒童玩具、收納、寢具推薦｜熱帶草原風兒童房 | SANDLÖPARE系列 – IKEA線上購物,,,,
usagifish8,https://www.threads.com/@usagifish8/post/DRcRLMUifbC,不但毛茸茸的還有點可愛🐸,2025年11月24日 星期一 下午9:57,@ikea_taiwan,"Photo by 蛙れ蛙れ蛙 on November 24, 2025.",2,1,,,https://www.threads.com/@ikea_taiwan/post/DRcSywbE44u,居然有帽子還有衣服😍,2025年11月24日 星期一 下午10:11,,,1,,,
cola.with.ginger,https://www.threads.com/@cola.with.ginger/post/DRcAIWWEbXi,這樣會惹毛牠嗎？😃,2025年11月24日 星期一 下午7:28,@ikea_taiwan這樣會惹毛牠嗎？😃讚142回覆1轉發1分享20,"Photo by 🫚 薑薑可樂🥤 on November 24, 2025. | Photo by 🫚 薑薑可樂🥤 on November 24, 2025.",142,1,1,20,https://www.threads.com/@ikea_taiwan/post/DRcBOM3E_QX,"會 狐獴毛茸茸的在牠的嘴裡 lihi3.me/Awfs9
ikea.com.tw
兒童玩具、收納、寢具推薦｜熱帶草原風兒童房 | SANDLÖPARE系列 – IKEA線上購物",2025年11月24日 星期一 下午7:37,,兒童玩具、收納、寢具推薦｜熱帶草原風兒童房 | SANDLÖPARE系列 – IKEA線上購物,6,,,
sharksa1mon,https://www.threads.com/@sharksa1mon/post/DRb-GQ2ktll,我們才是最可愛丶最熱銷的員工！！要是牠們敢惹毛／取代我們的位置，就把它吃掉😒😒😋😋,2025年11月24日 星期一 下午7:10,@ikea_taiwan我們才是最可愛丶最熱銷的員工！！要是牠們敢惹毛／取代我們的位置，就把它吃掉😒😒😋😋讚37回覆1轉發分享6,,37,1,,6,https://www.threads.com/@ikea_taiwan/post/DRb_OLLk2uL,"鯊鯊已經到董事長的地位了💙 也請大家多多鼓勵來自大草原新鮮人喔 lihi3.me/Awfs9
ikea.com.tw
兒童玩具、收納、寢具推薦｜熱帶草原風兒童房 | SANDLÖPARE系列 – IKEA線上購物",2025年11月24日 星期一 下午7:20,,兒童玩具、收納、寢具推薦｜熱帶草原風兒童房 | SANDLÖPARE系列 – IKEA線上購物,7,,,
zerotoahundred2024,https://www.threads.com/@zerotoahundred2024/post/DRRj_8jE54C,小編，你今天洗澡了嗎？🫣,2025年11月20日 星期四 下午6:10,@ikea_taiwan小編，你今天洗澡了嗎？🫣讚回覆1轉發分享,,,1,,,https://www.threads.com/@ikea_taiwan/post/DRRqeGRE4QU,"今天會洗 洗完一樣要滑手機 lihi3.me/SZTsW
ikea.com.tw
IKEA Family 宜家卡｜宜家卡卡友線上免費申辦，即享IKEA卡友專屬優惠｜IKEA線上購物",2025年11月20日 星期四 下午7:06,,IKEA Family 宜家卡｜宜家卡卡友線上免費申辦，即享IKEA卡友專屬優惠｜IKEA線上購物,,,,
wugrayn,https://www.threads.com/@wugrayn/post/DRPd9j6geMd,我就是這樣跟他說的,2025年11月19日 星期三 下午10:38,@ikea_taiwan我就是這樣跟他說的讚97回覆2轉發分享3,,97,2,,3,https://www.threads.com/@ikea_taiwan/post/DRRqbsNk2P3,"那多講幾次 lihi3.me/SZTsW
ikea.com.tw
IKEA Family 宜家卡｜宜家卡卡友線上免費申辦，即享IKEA卡友專屬優惠｜IKEA線上購物",2025年11月20日 星期四 下午7:06,,IKEA Family 宜家卡｜宜家卡卡友線上免費申辦，即享IKEA卡友專屬優惠｜IKEA線上購物,,,,
y.unacyc,https://www.threads.com/@y.unacyc/post/DRPVIagCVW5,我還以為是賣免治馬桶ㄉ文案,2025年11月19日 星期三 下午9:21,@ikea_taiwan我還以為是賣免治馬桶ㄉ文案讚2回覆2轉發分享1,,2,2,,1,https://www.threads.com/@ikea_taiwan/post/DRRLNySDNUk,"才不是 lihi3.me/SZTsW 翻譯
ikea.com.tw
IKEA Family 宜家卡｜宜家卡卡友線上免費申辦，即享IKEA卡友專屬優惠｜IKEA線上購物",2025年11月20日 星期四 下午2:33,,IKEA Family 宜家卡｜宜家卡卡友線上免費申辦，即享IKEA卡友專屬優惠｜IKEA線上購物,,,,
__ni_ni1111,https://www.threads.com/@__ni_ni1111/post/DRQeG3EE0N_,"好感動噢~謝謝你溫暖的提醒
但我打算不洗了",2025年11月20日 星期四 上午7:59,@ikea_taiwan好感動噢~謝謝你溫暖的提醒但我打算不洗了讚1回覆1轉發分享,,1,1,,,https://www.threads.com/@ikea_taiwan/post/DRRJ3ICjEjF,"不洗也可以來逛逛我們的年終最強優惠 lihi3.me/SZTsW
ikea.com.tw
IKEA Family 宜家卡｜宜家卡卡友線上免費申辦，即享IKEA卡友專屬優惠｜IKEA線上購物",2025年11月20日 星期四 下午2:21,,IKEA Family 宜家卡｜宜家卡卡友線上免費申辦，即享IKEA卡友專屬優惠｜IKEA線上購物,1,,,
qn_taiwan,https://www.threads.com/@qn_taiwan/post/DRPhn2GieZX,這篇我以為我媽發的😆😆😆 原來是ikea,2025年11月19日 星期三 下午11:10,@ikea_taiwan這篇我以為我媽發的😆😆😆,,185,1,,,https://www.threads.com/@ikea_taiwan/post/DRPqYvyEzXN,"對 是我 lihi3.me/SZTsW
ikea.com.tw
IKEA Family 宜家卡｜宜家卡卡友線上免費申辦，即享IKEA卡友專屬優惠｜IKEA線上購物",2025年11月20日 星期四 上午12:27,,IKEA Family 宜家卡｜宜家卡卡友線上免費申辦，即享IKEA卡友專屬優惠｜IKEA線上購物,22,,,
hi_caroline.online,https://www.threads.com/@hi_caroline.online/post/DRPj8m7koeg,你到底幾歲啊啊啊啊啊啊啊啊啊,2025年11月19日 星期三 下午11:31,@ikea_taiwan你到底幾歲啊啊啊啊啊啊啊啊啊讚6回覆1轉發分享,,6,1,,,https://www.threads.com/@ikea_taiwan/post/DRPmbLfk6RW,"優惠萬歲🤫 lihi3.me/SZTsW
ikea.com.tw
IKEA Family 宜家卡｜宜家卡卡友線上免費申辦，即享IKEA卡友專屬優惠｜IKEA線上購物",2025年11月19日 星期三 下午11:52,,IKEA Family 宜家卡｜宜家卡卡友線上免費申辦，即享IKEA卡友專屬優惠｜IKEA線上購物,9,,,
owen048106,https://www.threads.com/@owen048106/post/DRPaOoOEhd_,我剛看帳號名 來回看了兩次,2025年11月19日 星期三 下午10:06,@ikea_taiwan我剛看帳號名,,16,1,,4,https://www.threads.com/@ikea_taiwan/post/DRPfg-Lk1m5,"真的咩 業配你喔！ lihi3.me/SZTsW
ikea.com.tw
IKEA Family 宜家卡｜宜家卡卡友線上免費申辦，即享IKEA卡友專屬優惠｜IKEA線上購物",2025年11月19日 星期三 下午10:52,,IKEA Family 宜家卡｜宜家卡卡友線上免費申辦，即享IKEA卡友專屬優惠｜IKEA線上購物,35,2,,2
bleu.neptune,https://www.threads.com/@bleu.neptune/post/DRcNlj7EggW,第一個買不到啦 😭 只買到最後一個...,2025年11月24日 星期一 下午9:25,@ikea_taiwan,,,1,,,https://www.threads.com/@ikea_taiwan/post/DRcPGWFE9Kf,我們有持續在面試進來喔 定期官網看看on board 沒 lihi3.me/Awfs9,2025年11月24日 星期一 下午9:39,,,3,,,
banana.boss_,https://www.threads.com/@banana.boss_/post/DRcFBFqk-k5,不被愛的才是第三者…欸第四…欸..五…隨便啦,2025年11月24日 星期一 下午8:10,@ikea_taiwan,"Photo by Banana Boss on November 24, 2025.",22,1,1,1,https://www.threads.com/@ikea_taiwan/post/DRcMT-6k-cB,我一直都很愛阿猩的,2025年11月24日 星期一 下午9:14,,,1,,,
eleenwu_510,https://www.threads.com/@eleenwu_510/post/DRcDN-YkShu,請問哪邊報到！,2025年11月24日 星期一 下午7:55,@ikea_taiwan,,2,1,,1,https://www.threads.com/@ikea_taiwan/post/DRcMRfdE20v,"可以先到我們玩偶區報到喔 lihi3.me/Awfs9
ikea.com.tw
兒童玩具、收納、寢具推薦｜熱帶草原風兒童房 | SANDLÖPARE系列 – IKEA線上購物",2025年11月24日 星期一 下午9:14,,兒童玩具、收納、寢具推薦｜熱帶草原風兒童房 | SANDLÖPARE系列 – IKEA線上購物,,,,
jjueharu_na,https://www.threads.com/@jjueharu_na/post/DRcEQnGD-v6,長頸鹿跟我們回家了,2025年11月24日 星期一 下午8:04,@ikea_taiwan,,17,1,,3,https://www.threads.com/@ikea_taiwan/post/DRcGxQvE_q8,好乖！看來長頸鹿有好好上班,2025年11月24日 星期一 下午8:26,,,3,,,
spoutdesign,https://www.threads.com/@spoutdesign/post/DRb9JwSksYz,這邊對長頸鹿🦒由愛生恨,2025年11月24日 星期一 下午7:02,@ikea_taiwan,,21,1,,7,https://www.threads.com/@ikea_taiwan/post/DRcF4KZE1Et,"那帶其他隻回家，看可不可以好好相處 lihi3.me/Awfs9
ikea.com.tw
兒童玩具、收納、寢具推薦｜熱帶草原風兒童房 | SANDLÖPARE系列 – IKEA線上購物",2025年11月24日 星期一 下午8:18,,兒童玩具、收納、寢具推薦｜熱帶草原風兒童房 | SANDLÖPARE系列 – IKEA線上購物,2,,,
bread_62_,https://www.threads.com/@bread_62_/post/DRcCkckk1z8,他們好像在對我說：帶我回家 （心動死）,2025年11月24日 星期一 下午7:49,@ikea_taiwan,,1,1,,,https://www.threads.com/@ikea_taiwan/post/DRcFut2kz45,"心動不如馬上行動，帶他們回家 lihi3.me/Awfs9
ikea.com.tw
兒童玩具、收納、寢具推薦｜熱帶草原風兒童房 | SANDLÖPARE系列 – IKEA線上購物",2025年11月24日 星期一 下午8:17,,兒童玩具、收納、寢具推薦｜熱帶草原風兒童房 | SANDLÖPARE系列 – IKEA線上購物,1,,,
caratderrr17,https://www.threads.com/@caratderrr17/post/DRcC1JiiZuT,為了安乾鎬我要買這隻河馬🦛,2025年11月24日 星期一 下午7:51,@ikea_taiwan,,1,1,,,https://www.threads.com/@ikea_taiwan/post/DRcDl10E_Xu,"謝謝你喜歡我們最Fashion的員工 lihi3.me/Awfs9
ikea.com.tw
兒童玩具、收納、寢具推薦｜熱帶草原風兒童房 | SANDLÖPARE系列 – IKEA線上購物",2025年11月24日 星期一 下午7:58,,兒童玩具、收納、寢具推薦｜熱帶草原風兒童房 | SANDLÖPARE系列 – IKEA線上購物,,,,
verygoodsofttofu,https://www.threads.com/@verygoodsofttofu/post/DRcCKrXEbPc,我們家的鯊鯊要負責晾衣服,2025年11月24日 星期一 下午7:46,@ikea_taiwan,"Photo by 肥宅古的豆腐花｜豆花·手工大顆芋圓·肉羹麵線｜ on November 24, 2025.",23,1,,2,https://www.threads.com/@ikea_taiwan/post/DRcCfAYE0HD,"好乖，帶一些新夥伴一起回家跟鯊鯊洗衣服 lihi3.me/Awfs9
ikea.com.tw
兒童玩具、收納、寢具推薦｜熱帶草原風兒童房 | SANDLÖPARE系列 – IKEA線上購物",2025年11月24日 星期一 下午7:48,,兒童玩具、收納、寢具推薦｜熱帶草原風兒童房 | SANDLÖPARE系列 – IKEA線上購物,4,,,
winterbearvv,https://www.threads.com/@winterbearvv/post/DRcBjp2Dy1K,河馬🦛好好笑,2025年11月24日 星期一 下午7:40,@ikea_taiwan,,1,1,,,https://www.threads.com/@ikea_taiwan/post/DRcCYBSk_Ib,"牠很嚴肅的
ikea.com.tw
兒童玩具、收納、寢具推薦｜熱帶草原風兒童房 | SANDLÖPARE系列 – IKEA線上購物",2025年11月24日 星期一 下午7:47,,兒童玩具、收納、寢具推薦｜熱帶草原風兒童房 | SANDLÖPARE系列 – IKEA線上購物,1,,,
yentzu2013,https://www.threads.com/@yentzu2013/post/DRb9sYcgRhX,如果你把他們惹毛，那他們就會毛茸茸的￼ 好弱🤣🤣🤣🤣🤣,2025年11月24日 星期一 下午7:06,@ikea_taiwan,,,1,,,https://www.threads.com/@ikea_taiwan/post/DRcCEt_E101,"毛茸茸的等你帶回家 lihi3.me/Awfs9
ikea.com.tw
兒童玩具、收納、寢具推薦｜熱帶草原風兒童房 | SANDLÖPARE系列 – IKEA線上購物",2025年11月24日 星期一 下午7:45,,兒童玩具、收納、寢具推薦｜熱帶草原風兒童房 | SANDLÖPARE系列 – IKEA線上購物,,,,
marslin0621,https://www.threads.com/@marslin0621/post/DRcA9k8CUz2,那河馬也胖的太可愛🤣,2025年11月24日 星期一 下午7:35,@ikea_taiwan,,3,1,,,https://www.threads.com/@ikea_taiwan/post/DRcB-_yk_tO,牠有雙下巴,2025年11月24日 星期一 下午7:44,,,1,,,
a.fox.daily,https://www.threads.com/@a.fox.daily/post/DRPbRDDCfSO,認真的確認了三次是不是IKEA發的,2025年11月19日 星期三 下午10:15,@ikea_taiwan,,1615,2,,11,https://www.threads.com/@ikea_taiwan/post/DRPfcyuE8qr,千真萬確,2025年11月19日 星期三 下午10:51,,,395,,,1
kiki._.drama,https://www.threads.com/@kiki._.drama/post/DRPW4DpCVkO,小編 你今天只有洗屁屁嗎⁉️,2025年11月19日 星期三 下午9:36,@ikea_taiwan,,201,2,,,https://www.threads.com/@ikea_taiwan/post/DRPZwxAkwA-,不跟你說,2025年11月19日 星期三 下午10:02,,,73,1,,9
mr.crab_.1206,https://www.threads.com/@mr.crab_.1206/post/DRPXYn9ESqF,,2025年11月19日 星期三 下午9:41,@ikea_taiwan,"Photo by 蟹闆闆Mr.Crab on November 19, 2025.",2497,7,22,231,https://www.threads.com/@ikea_taiwan/post/DRPYBFRkxlr,Happy everyday 翻譯,2025年11月19日 星期三 下午9:46,,,649,,,3
avocado_maximum.drive,https://www.threads.com/@avocado_maximum.drive/post/DRPUjBlEsoz,洗了屁股好冷🥶怎麼辦,2025年11月19日 星期三 下午9:16,@ikea_taiwan,,,1,,,https://www.threads.com/@ikea_taiwan/post/DRPVZyjE_iH,"躲到被窩舒舒服服地滑手機網購 lihi3.me/SZTsW
ikea.com.tw
IKEA Family 宜家卡｜宜家卡卡友線上免費申辦，即享IKEA卡友專屬優惠｜IKEA線上購物",2025年11月19日 星期三 下午9:24,,IKEA Family 宜家卡｜宜家卡卡友線上免費申辦，即享IKEA卡友專屬優惠｜IKEA線上購物,,,,
aprilhcc,https://www.threads.com/@aprilhcc/post/DRPT9GbjzgU,小時候寒流來，媽媽真的都這樣跟我說：李ㄙㄟ 卡窗丟賀🥺,2025年11月19日 星期三 下午9:11,@ikea_taiwan,,845,1,,26,https://www.threads.com/@ikea_taiwan/post/DRPUA1WE4cl,洗腳洗屁屁就可以趕快躺進棉被裡了,2025年11月19日 星期三 下午9:11,,,298,2,,5
mineaura.me,https://www.threads.com/@mineaura.me/post/DRJ-9q5EqZG,真的好興奮的聖誕節🤣,2025年11月17日 星期一 下午7:31,@ikea_taiwan,,1,1,,,https://www.threads.com/@ikea_taiwan/post/DRJ_GZik9x0,"從去年等到今年 等了365天這麼久 絕對興奮 lihi3.me/craks
ikea.com.tw
IKEA vinterfint | IKEA 的 vinterfint 都在 這裡－ 第1頁 | IKEA 線上購物",2025年11月17日 星期一 下午7:32,,IKEA vinterfint | IKEA 的 vinterfint 都在 這裡－ 第1頁 | IKEA 線上購物,1,,,
low_mi_food,https://www.threads.com/@low_mi_food/post/DQ-8m0zElDj,這是我想的那種嗎🤣🤣,2025年11月13日 星期四 下午12:39,@ikea_taiwan,,,1,,,https://www.threads.com/@ikea_taiwan/post/DRBvqBhk49e,"車牌啦！車主們記得來IKEA放大你的普發金 因為IKEA年終最強優惠來了！ >> lihi3.me/VOVPC
ikea.com.tw
IKEA Family 宜家卡｜宜家卡卡友線上免費申辦，即享IKEA卡友專屬優惠｜IKEA線上購物",2025年11月14日 星期五 下午2:44,,IKEA Family 宜家卡｜宜家卡卡友線上免費申辦，即享IKEA卡友專屬優惠｜IKEA線上購物,1,1,,
res3qk,https://www.threads.com/@res3qk/post/DQ3iFopEXcV,我自行宣布 Threads第一屆《朋友亂組國字講出來的鬼話》大賽 正式開始 選手如下： 1 / 2,2025年11月10日 星期一 下午3:33,,,19000,3247,3120,10000,https://www.threads.com/@ikea_taiwan/post/DQ-tTcMk2Aj,"亂組國字講出來的鬼話 可能會害人很餓
2025-11-7",2025年11月13日 星期四 上午10:25,,"Photo by IKEA Taiwan on November 06, 2025. | Photo by IKEA Taiwan on November 06, 2025. | Photo by IKEA Taiwan on November 06, 2025. | Photo by IKEA Taiwan on November 06, 2025. | Photo by IKEA Taiwan on November 06, 2025. | Photo by IKEA Taiwan on November 06, 2025. | Photo by IKEA Taiwan on November 06, 2025. | Photo by IKEA Taiwan on November 06, 2025. | Photo by IKEA Taiwan on November 06, 2025. | Photo by IKEA Taiwan on November 06, 2025.",23,1,,9
gold_lily_love,https://www.threads.com/@gold_lily_love/post/DQ1x2dtj13G,光棍節 太觸了 還不買爆,2025年11月9日 星期日 下午11:12,@ikea_taiwan,,,1,,,https://www.threads.com/@ikea_taiwan/post/DQ3BdkPExfr,"來 連結傳送門送給你 lihi3.me/vTusZ
ikea.com.tw
11.11 線上購物節 2025 | IKEA雙11網購優惠 | IKEA 線上購物",2025年11月10日 星期一 上午10:48,,,,,,
iwantvegsomuch,https://www.threads.com/@iwantvegsomuch/post/DQ2781KkkiG,嬰兒浴盆是暗示我們長大後還是寶寶嗎 IKEA說我們是寶寶欸 暈了😍,2025年11月10日 星期一 上午9:59,@ikea_taiwan,,1,1,,,https://www.threads.com/@ikea_taiwan/post/DQ3BVv9Ewy1,如果這樣會比較好過 你可以這麼想,2025年11月10日 星期一 上午10:46,,,2,,,
cathyc1210,https://www.threads.com/@cathyc1210/post/DQ051PXkcVh,綽號叫奶油也中槍,2025年11月9日 星期日 下午3:02,@ikea_taiwan,,,1,,,https://www.threads.com/@ikea_taiwan/post/DQ1rM-RE3fM,抱歉 你是最棒的奶油,2025年11月9日 星期日 下午10:14,,,5,,1,
__21.17.e,https://www.threads.com/@__21.17.e/post/DQ1OFbbE9bb,浴盆可否出一個成人版本 ..,2025年11月9日 星期日 下午5:59,@ikea_taiwan,,15,1,,,https://www.threads.com/@ikea_taiwan/post/DQ1rIkJk4tz,不覺得浴盆太大會顯得很孤單嗎,2025年11月9日 星期日 下午10:13,,,14,1,,2
michellepure0,https://www.threads.com/@michellepure0/post/DQ1aMJYEaSJ,直接醒😂😂😂,2025年11月9日 星期日 下午7:45,@ikea_taiwan,,,1,,,https://www.threads.com/@ikea_taiwan/post/DQ1q_3-E5sH,有幫助到你真是太好了,2025年11月9日 星期日 下午10:12,,,1,,,
preporodlove,https://www.threads.com/@preporodlove/post/DQ1ogGrkwwS,好愛，全買了。,2025年11月9日 星期日 下午9:50,@ikea_taiwan,,,1,,,https://www.threads.com/@ikea_taiwan/post/DQ1q980E4hg,"在11/12前買更划算🫰🏻 lihi3.me/vTusZ
ikea.com.tw
11.11 線上購物節 2025 | IKEA雙11網購優惠 | IKEA 線上購物",2025年11月9日 星期日 下午10:12,,,1,,,
yiwen_chen_1010,https://www.threads.com/@yiwen_chen_1010/post/DQ0xR8ZEqv-,,2025年11月9日 星期日 下午1:48,@ikea_taiwan,"Photo by 隨云 on November 08, 2025.",47,1,,4,https://www.threads.com/@ikea_taiwan/post/DQ0z9FfE8_V,"我們還有賣別的啦 lihi3.me/vTusZ
ikea.com.tw
11.11 線上購物節 2025 | IKEA雙11網購優惠 | IKEA 線上購物",2025年11月9日 星期日 下午2:11,,,7,,,
pinganling,https://www.threads.com/@pinganling/post/DQv2u33jxUN,原來人類的感情，是可以被食物拯救的,2025年11月7日 星期五 下午3:59,@ikea_taiwan,,41,1,,,https://www.threads.com/@ikea_taiwan/post/DQwbxCukTxT,當然 人是最吃情的,2025年11月7日 星期五 下午9:23,,,17,,,
liaoyw0912,https://www.threads.com/@liaoyw0912/post/DQvlumAkk__,無骨排骨酥超好吃！,2025年11月7日 星期五 下午1:30,@ikea_taiwan,,14,1,,,https://www.threads.com/@ikea_taiwan/post/DQvqps7k_Xf,大家快看這則留言,2025年11月7日 星期五 下午2:14,,,8,,,
caimeil081,https://www.threads.com/@caimeil081/post/DQvjk0YCVta,熱知識：這吵架會吵到肚子餓😂,2025年11月7日 星期五 下午1:12,@ikea_taiwan,,111,1,,,https://www.threads.com/@ikea_taiwan/post/DQvj7GRE4lT,其實是一種戰術 吵到餓了就去IKEA吃飯 吃完就和好了,2025年11月7日 星期五 下午1:15,,,54,1,,
tablejoe,https://www.threads.com/@tablejoe/post/DQvciOUD7NU,小編是笑了多久才發出來的 🤭,2025年11月7日 星期五 下午12:10,@ikea_taiwan,,49,1,,,https://www.threads.com/@ikea_taiwan/post/DQverIdkz0R,打錯了千千萬萬次字之後誕生的靈感 lihi3.me/7TAyj,2025年11月7日 星期五 下午12:29,,,36,,,
elsa_ytchen,https://www.threads.com/@elsa_ytchen/post/DQvb6-Yk2fW,通勤不能看這篇🤣🤣,2025年11月7日 星期五 下午12:05,@ikea_taiwan,,17,1,,,https://www.threads.com/@ikea_taiwan/post/DQvcE25E5by,"會太餓嗎 晚上可以吃 lihi3.me/7TAyj
ikea.com.tw
IKEA美食新品優惠｜IKEA餐廳美食小吃、冷凍食品超市新品及優惠｜IKEA線上購物",2025年11月7日 星期五 下午12:06,,IKEA美食新品優惠｜IKEA餐廳美食小吃、冷凍食品超市新品及優惠｜IKEA線上購物,4,,,
qiaotex.chicken,https://www.threads.com/@qiaotex.chicken/post/DQs3Ra_kuO9,我也想被IKA編追蹤😆,2025年11月6日 星期四 下午12:06,@ikea_taiwan,,1,1,,,https://www.threads.com/@ikea_taiwan/post/DQs3bPFk1X3,IKA是誰（氣音,2025年11月6日 星期四 下午12:07,,,5,1,,
rourouhowhowchi,https://www.threads.com/@rourouhowhowchi/post/DQsurNIEvVj,（有，剛剛。）,2025年11月6日 星期四 上午10:51,@ikea_taiwan,,1,1,,,https://www.threads.com/@ikea_taiwan/post/DQsu1SoEww-,（優秀。感謝。） （誠摯邀請來逛逛） lihi3.me/RAjJF,2025年11月6日 星期四 上午10:52,,,1,,,
super.milk.tea,https://www.threads.com/@super.milk.tea/post/DQsuaAoky3M,hola說你沒追蹤他啦 (氣音),2025年11月6日 星期四 上午10:49,@ikea_taiwan,,16,2,,,https://www.threads.com/@ikea_taiwan/post/DQsusBfk6Br,我知道他有追我（氣音）,2025年11月6日 星期四 上午10:51,,,12,,,
onze_nn,https://www.threads.com/@onze_nn/post/DQstsOrkWyD,必須追蹤～(氣音),2025年11月6日 星期四 上午10:42,@ikea_taiwan,,1,1,,,https://www.threads.com/@ikea_taiwan/post/DQst45bk27a,謝謝（氣音） 下次來逛逛🤫 lihi3.me/RAjJF,2025年11月6日 星期四 上午10:44,,,1,,,
ug_bbwolf,https://www.threads.com/@ug_bbwolf/post/DQstokrCQw_,有～（氣音）,2025年11月6日 星期四 上午10:42,@ikea_taiwan,,1,1,,1,https://www.threads.com/@ikea_taiwan/post/DQstvmvk7lT,很棒........（氣音） 來逛IKEA..... lihi3.me/RAjJF,2025年11月6日 星期四 上午10:43,,,1,,,
chen.chia.yi,https://www.threads.com/@chen.chia.yi/post/DQo_II2kqdi,該去第二趟了,2025年11月4日 星期二 下午11:58,@ikea_taiwan,"Photo by Chia Yi Chen on November 04, 2025.",3,1,,,https://www.threads.com/@ikea_taiwan/post/DQqJsGfE3Jx,你是好寶寶,2025年11月5日 星期三 上午10:49,,,1,,,
c_m_h_1021,https://www.threads.com/@c_m_h_1021/post/DQo9zBPkqiM,那個迷你的聖誕老人有賣嗎🤩,2025年11月4日 星期二 下午11:46,@ikea_taiwan,,,1,,,https://www.threads.com/@ikea_taiwan/post/DQqJh6xEwz-,有呀 你看他在叉腰生氣氣,2025年11月5日 星期三 上午10:48,,"Photo by IKEA Taiwan on November 04, 2025.",5,,,2
banana.boss_,https://www.threads.com/@banana.boss_/post/DQosB4HEyrq,不揪 翻譯,2025年11月4日 星期二 下午9:11,@ikea_taiwan,"Photo by Banana Boss on November 04, 2025.",13,1,1,2,https://www.threads.com/@ikea_taiwan/post/DQo1kiUE0gK,等你來喔 這個位置給你坐,2025年11月4日 星期二 下午10:34,,"Photo by IKEA Taiwan on November 04, 2025.",4,,,1
ky._714,https://www.threads.com/@ky._714/post/DQoglJtkqAp,我是好寶寶,2025年11月4日 星期二 下午7:31,@ikea_taiwan,"Photo by ky.💫 on November 04, 2025. | Photo by ky.💫 on November 04, 2025.",10,1,,,https://www.threads.com/@ikea_taiwan/post/DQojnNfk5sa,"好寶寶 要不要來逛逛IKEA順便交新朋友？ lihi3.me/RgpN4
ikea.com.tw
IKEA vinterfint | IKEA 的 vinterfint 都在 這裡－ 第1頁 | IKEA 線上購物",2025年11月4日 星期二 下午7:57,,IKEA vinterfint | IKEA 的 vinterfint 都在 這裡－ 第1頁 | IKEA 線上購物,3,,,
oiiai_8,https://www.threads.com/@oiiai_8/post/DQoeOMCE62E,Ikea終於正視自己是一間玩偶店的事實了...買！,2025年11月4日 星期二 下午7:10,@ikea_taiwan,,10,1,,,https://www.threads.com/@ikea_taiwan/post/DQoeXpPE3LU,"我們賣家具家飾啦 吼吼吼🎅🏻 lihi3.me/RgpN4
ikea.com.tw
IKEA vinterfint | IKEA 的 vinterfint 都在 這裡－ 第1頁 | IKEA 線上購物",2025年11月4日 星期二 下午7:12,,IKEA vinterfint | IKEA 的 vinterfint 都在 這裡－ 第1頁 | IKEA 線上購物,3,,,
neillo20071011,https://www.threads.com/@neillo20071011/post/DQZS5O_Eoo9,那隻新黑色猴子不錯🤣改天接一隻回來當棕色猴的夥伴,2025年10月29日 星期三 下午9:43,@ikea_taiwan,"Photo by 羅惟彥 on October 29, 2025.",5,2,,1,https://www.threads.com/@ikea_taiwan/post/DQZYbzqExz-,猩猩 一起 強大,2025年10月29日 星期三 下午10:31,,,2,,,
mcsammywong,https://www.threads.com/@mcsammywong/post/DQZJbFbEnKc,剛剛進完洗衣機 洗完白白的鯊鯊3兄弟,2025年10月29日 星期三 下午8:20,@ikea_taiwan,"Photo by MCSammy 🎤婚禮司儀 X 婚宴統籌師 X 爵屎 on October 29, 2025.",22,1,,3,https://www.threads.com/@ikea_taiwan/post/DQZYNACE56Q,第一次看到鯊魚在天上飛呢！,2025年10月29日 星期三 下午10:29,,,3,,,
riceballcheng,https://www.threads.com/@riceballcheng/post/DQZB6ifE8gG,我們家小鯊剛領養的那天～,2025年10月29日 星期三 下午7:15,@ikea_taiwan,,31,2,,3,https://www.threads.com/@ikea_taiwan/post/DQZYJbQk4WZ,看得出來他很想跟你回家,2025年10月29日 星期三 下午10:29,,,5,,,
stupid_dog_nua,https://www.threads.com/@stupid_dog_nua/post/DQZGFtHgYQy,笨狗子參賽！,2025年10月29日 星期三 下午7:51,@ikea_taiwan,"Photo by 阿拉嗶啵軟  ◡̎ on October 29, 2025. | Photo by 阿拉嗶啵軟  ◡̎ on October 29, 2025. | Photo by 阿拉嗶啵軟  ◡̎ on October 29, 2025. | Photo by 阿拉嗶啵軟  ◡̎ on October 29, 2025.",70,1,,12,https://www.threads.com/@ikea_taiwan/post/DQZYEGYk4Jz,還會刷牙 是個好寶寶,2025年10月29日 星期三 下午10:28,,,,,,
hongkong_shark,https://www.threads.com/@hongkong_shark/post/DQZGHZ4E1Qq,父子丼參賽,2025年10月29日 星期三 下午7:51,@ikea_taiwan,"Photo by 僱傭鯊 Agent Shark on October 29, 2025.",113,2,,,https://www.threads.com/@ikea_taiwan/post/DQZYAJrE90w,這還能呼吸嗎,2025年10月29日 星期三 下午10:27,,,8,1,,
_domkvr_,https://www.threads.com/@_domkvr_/post/DQZA1RIAeEc,猩猩參賽,2025年10月29日 星期三 下午7:05,@ikea_taiwan,"Photo by Hsu on October 29, 2025.",3,1,,1,https://www.threads.com/@ikea_taiwan/post/DQZBcTBkz0v,卡哇伊,2025年10月29日 星期三 下午7:10,,,1,,,
husky_toy,https://www.threads.com/@husky_toy/post/DQZA66hEs6k,我美嗎？,2025年10月29日 星期三 下午7:06,@ikea_taiwan,"Photo by Husky toy on October 29, 2025.",20,1,,2,https://www.threads.com/@ikea_taiwan/post/DQZBaDWE6it,真妖嬌 不過托腮是有什麼心事嗎,2025年10月29日 星期三 下午7:10,,,5,,,
,https://www.threads.com/@r_yooooooo/post/DPnsjLPEnS-,IKEA,2025年10月10日 星期五 下午3:25,,"Photo by R. yo優 on October 10, 2025. | Photo by R. yo優 on October 10, 2025. | Photo by R. yo優 on October 10, 2025. | Photo by R. yo優 on October 10, 2025. | Photo by R. yo優 on October 10, 2025. | Photo by R. yo優 on October 10, 2025. | Photo by R. yo優 on October 10, 2025. | Photo by R. yo優 on October 10, 2025. | Photo by R. yo優 on October 10, 2025. | Photo by R. yo優 on October 10, 2025. | Photo by R. yo優 on October 10, 2025. | Photo by R. yo優 on October 10, 2025.",23000,203,1079,6655,https://www.threads.com/@ikea_taiwan/post/DQZBK6tk_8k,好乖的寶寶,2025年10月29日 星期三 下午7:08,,,1,,,
banana.boss_,https://www.threads.com/@banana.boss_/post/DQUCDrtkyEa,好啦 對啦 我啦 🥲🥲🥲,2025年10月27日 星期一 下午8:39,@ikea_taiwan,"Photo by Banana Boss on October 27, 2025.",21,1,,2,https://www.threads.com/@ikea_taiwan/post/DQUCSCXE4_i,"猩猩在IKEA不孤單 雙十一要記得下單 lihi3.me/eLtC5
ikea.com.tw
11.11 線上購物節 2025 | IKEA雙11網購優惠 | IKEA 線上購物",2025年10月27日 星期一 下午8:41,,,1,,,
fdguichd0208,https://www.threads.com/@fdguichd0208/post/DQTwBdXjxas,沒關係我不孤單我可以去ikea買鯊鯊跟他抱抱,2025年10月27日 星期一 下午6:02,@ikea_taiwan,,2,1,,,https://www.threads.com/@ikea_taiwan/post/DQTwJXME9iL,"🦈：你不孤單💙 lihi3.me/eLtC5
ikea.com.tw
11.11 線上購物節 2025 | IKEA雙11網購優惠 | IKEA 線上購物",2025年10月27日 星期一 下午6:03,,,1,,,
koyos420,https://www.threads.com/@koyos420/post/DQKQj_kko1p,我現在就缺這一袋😳,2025年10月24日 星期五 上午1:34,@ikea_taiwan,,,1,,,https://www.threads.com/@ikea_taiwan/post/DQLpH1ek5De,"來來來！快袋肉丸回家 lihi3.me/RiRmh
ikea.com.tw
IKEA集娃娃包 - 消費1元集1點換限量造型娃娃包 | IKEA線上購物",2025年10月24日 星期五 下午2:27,,,,,,
goodlife.and.co,https://www.threads.com/@goodlife.and.co/post/DQKmBKQDW2O,只有我一直覺得是黑糖珍珠嗎 🧋,2025年10月24日 星期五 上午4:41,@ikea_taiwan,,,1,,,https://www.threads.com/@ikea_taiwan/post/DQLRC99E0vC,人家是堂堂正正的肉丸,2025年10月24日 星期五 上午10:57,,,3,,,
b.o.n.n.y_,https://www.threads.com/@b.o.n.n.y_/post/DQJ110pD0Oh,我真的會笑袋😂,2025年10月23日 星期四 下午9:40,@ikea_taiwan,,5,1,,,https://www.threads.com/@ikea_taiwan/post/DQKAelEE5E0,袋～～～with a smile🙂 翻譯,2025年10月23日 星期四 下午11:13,,,10,,,1
phoenix5438,https://www.threads.com/@phoenix5438/post/DQJwCzMElNW,好險這袋我已入袋,2025年10月23日 星期四 下午8:49,@ikea_taiwan,,2,1,,,https://www.threads.com/@ikea_taiwan/post/DQKAbLoE4Z-,"再找朋友一起入袋！ lihi3.me/RiRmh
ikea.com.tw
IKEA集娃娃包 - 消費1元集1點換限量造型娃娃包 | IKEA線上購物",2025年10月23日 星期四 下午11:13,,,1,,,
smile_mapleling,https://www.threads.com/@smile_mapleling/post/DQJntR8Euw1,"IKEA
這個寶 今天我獲得了✨ 有夠可愛😻有夠會袋",2025年10月23日 星期四 下午7:37,@ikea_taiwan,"Photo by MapleLing 文青楓| 文具 手創 團購 開箱達人 市集分享 on October 23, 2025.",64,1,,,https://www.threads.com/@ikea_taiwan/post/DQJ_5H4kwT8,謝謝你的愛袋🙂❤️,2025年10月23日 星期四 下午11:08,,,49,,,
hyzoiii,https://www.threads.com/@hyzoiii/post/DP0H_CJAXVu,"IKEA
ikea的小狗根本不耐咬啊🙂‍↔️🙂‍↔️🙂‍↔️ 來一天就變這樣了",2025年10月15日 星期三 上午11:15,,"Photo by @hyzoiii on October 14, 2025. | Photo by @hyzoiii on October 14, 2025.",6182,88,239,1747,https://www.threads.com/@ikea_taiwan/post/DP3cOVUk6WB,"現在有卡友價 再買一隻給他吧 提醒他這次請對阿金溫柔點💙 lihi3.me/h37p8
ikea.com.tw
GOSIG GOLDEN - 填充玩具, 狗/黃金獵犬, 40 公分 | IKEA 線上購物",2025年10月16日 星期四 下午6:10,,"GOSIG GOLDEN - 填充玩具, 狗/黃金獵犬, 40 公分 | IKEA 線上購物",92,,,1
stubarashi,https://www.threads.com/@stubarashi/post/DP2neKukkfA,我想放乖乖,2025年10月16日 星期四 上午10:29,@ikea_taiwan,,,1,,,https://www.threads.com/@ikea_taiwan/post/DP2uxM8E1E9,完全可以！ 翻譯,2025年10月16日 星期四 上午11:33,,,2,,,
hua._.0508,https://www.threads.com/@hua._.0508/post/DP2rGoQE9qQ,,2025年10月16日 星期四 上午11:01,@ikea_taiwan,"Photo by @hua._.0508 on October 15, 2025. | Photo by @hua._.0508 on October 15, 2025.",19,1,,,https://www.threads.com/@ikea_taiwan/post/DP2uugrkx7X,怎麼好像很合理😆,2025年10月16日 星期四 上午11:32,,,3,,,
neww.tw,https://www.threads.com/@neww.tw/post/DP2qF4zkj0P,如果放黑糖珍珠是不是可以放到兩排🤔,2025年10月16日 星期四 上午10:52,@ikea_taiwan,,,1,,,https://www.threads.com/@ikea_taiwan/post/DP2q8U4k2bu,感覺可以試看看😍,2025年10月16日 星期四 上午10:59,,,,,,
bdbdbdbdbd_0203,https://www.threads.com/@bdbdbdbdbd_0203/post/DP2nEXWkpiQ,請幫我把這些圓滾滾的東西放進去₊°｡.𖦹˚ 巧可愛的啦,2025年10月16日 星期四 上午10:25,@ikea_taiwan,"Photo by 𝐥𝐢𝐭𝐭𝐥𝐞𝐁𝐃® on October 15, 2025. | Photo by 𝐥𝐢𝐭𝐭𝐥𝐞𝐁𝐃® on October 15, 2025. | Photo by 𝐥𝐢𝐭𝐭𝐥𝐞𝐁𝐃® on October 15, 2025.",13,1,,,https://www.threads.com/@ikea_taiwan/post/DP2q5boE3SX,這些都很適合！,2025年10月16日 星期四 上午10:59,,,2,,,
terry51705,https://www.threads.com/@terry51705/post/DP2mAjlkZuV,"這是回覆已無法顯示的貼文
滿滿的三色豆",2025年10月16日 星期四 上午10:16,,,1,1,,,https://www.threads.com/@ikea_taiwan/post/DP2mXzHE9b5,放滿有點可怕,2025年10月16日 星期四 上午10:19,,,2,,,
beomkaii_313814,https://www.threads.com/@beomkaii_313814/post/DPyfwhZD1lD,欸 在我生日到期？！ 翻譯,2025年10月14日 星期二 下午8:05,@ikea_taiwan,,,1,,,https://www.threads.com/@ikea_taiwan/post/DP02MSMkzrR,"預祝你生日快樂 希望能在瑞典餐廳看到你 lihi3.me/dXBWj
ikea.com.tw
IKEA美食新品優惠｜IKEA餐廳美食小吃、冷凍食品超市新品及優惠｜IKEA線上購物",2025年10月15日 星期三 下午5:59,,IKEA美食新品優惠｜IKEA餐廳美食小吃、冷凍食品超市新品及優惠｜IKEA線上購物,1,,,
terry51705,https://www.threads.com/@terry51705/post/DPyY_NbkUmT,我那時候才發薪水🤣,2025年10月14日 星期二 下午7:05,@ikea_taiwan,,,1,,,https://www.threads.com/@ikea_taiwan/post/DPyb_a7E_VS,還是可以先來，優惠錯過就不再🥺,2025年10月14日 星期二 下午7:32,,,,,,
mori.ami,https://www.threads.com/@mori.ami/post/DPjT2UXEerc,"我要肉丸購物袋！！！！我上次有集到肉丸吊飾！！！
我還要小編閉著眼睛逛賣場的影片（喂",2025年10月8日 星期三 下午10:32,@ikea_taiwan,,,1,,,https://www.threads.com/@ikea_taiwan/post/DPkv0n7k_K4,"快來集點 lihi3.me/BTg5e
ikea.com.tw
IKEA Family 宜家卡｜宜家卡卡友線上免費申辦，即享IKEA卡友專屬優惠｜IKEA線上購物",2025年10月9日 星期四 上午11:56,,IKEA Family 宜家卡｜宜家卡卡友線上免費申辦，即享IKEA卡友專屬優惠｜IKEA線上購物,1,,,
_esther116_,https://www.threads.com/@_esther116_/post/DPjEhywE7QI,真的假的可以閉著眼睛走完！！,2025年10月8日 星期三 下午8:18,@ikea_taiwan,,7,1,,,https://www.threads.com/@ikea_taiwan/post/DPkvuwSEzSH,"來逛有機會看到 lihi3.me/9PsQ5
ikea.com.tw
IKEA美食新品優惠｜IKEA餐廳美食小吃、冷凍食品超市新品及優惠｜IKEA線上購物",2025年10月9日 星期四 上午11:55,,IKEA美食新品優惠｜IKEA餐廳美食小吃、冷凍食品超市新品及優惠｜IKEA線上購物,3,,,
kopen37,https://www.threads.com/@kopen37/post/DPjTXU6ieYZ,好期待的仙草冰上市了耶😍😍😍,2025年10月8日 星期三 下午10:28,@ikea_taiwan,,1,1,,,https://www.threads.com/@ikea_taiwan/post/DPkvfZzk6-E,"吃完主餐再來吃仙草霜淇淋 完美 lihi3.me/9PsQ5
ikea.com.tw
IKEA美食新品優惠｜IKEA餐廳美食小吃、冷凍食品超市新品及優惠｜IKEA線上購物",2025年10月9日 星期四 上午11:53,,IKEA美食新品優惠｜IKEA餐廳美食小吃、冷凍食品超市新品及優惠｜IKEA線上購物,,,,
d070802,https://www.threads.com/@d070802/post/DPjR7SHiamc,小編股票484賺爛了，連po文 都是少年股神的樣子,2025年10月8日 星期三 下午10:15,@ikea_taiwan,,1,1,,,https://www.threads.com/@ikea_taiwan/post/DPkvaIQEz69,"現在吃$200送$200真的賺 lihi3.me/9PsQ5
ikea.com.tw
IKEA美食新品優惠｜IKEA餐廳美食小吃、冷凍食品超市新品及優惠｜IKEA線上購物",2025年10月9日 星期四 上午11:52,,IKEA美食新品優惠｜IKEA餐廳美食小吃、冷凍食品超市新品及優惠｜IKEA線上購物,1,,,
haoshuai0506,https://www.threads.com/@haoshuai0506/post/DPjQw4wE3pf,想看小編閉眼走一次,2025年10月8日 星期三 下午10:05,@ikea_taiwan,,5,1,,,https://www.threads.com/@ikea_taiwan/post/DPkvTX0Excw,"你來逛，搞不好有機會看到 lihi3.me/9PsQ5
ikea.com.tw
IKEA美食新品優惠｜IKEA餐廳美食小吃、冷凍食品超市新品及優惠｜IKEA線上購物",2025年10月9日 星期四 上午11:51,,IKEA美食新品優惠｜IKEA餐廳美食小吃、冷凍食品超市新品及優惠｜IKEA線上購物,1,,,
rickinptcg,https://www.threads.com/@rickinptcg/post/DPkuNn9ksSP,肉丸購物袋是蝦米？？？,2025年10月9日 星期四 上午11:42,@ikea_taiwan,,,1,,,https://www.threads.com/@ikea_taiwan/post/DPkvNifEzdF,"消費集點換超可愛肉丸購物袋～ lihi3.me/BTg5e
ikea.com.tw
IKEA Family 宜家卡｜宜家卡卡友線上免費申辦，即享IKEA卡友專屬優惠｜IKEA線上購物",2025年10月9日 星期四 上午11:50,,IKEA Family 宜家卡｜宜家卡卡友線上免費申辦，即享IKEA卡友專屬優惠｜IKEA線上購物,2,,,
sbaraci,https://www.threads.com/@sbaraci/post/DPjC1KHEVMJ,餐廳滿200送200 ! 哦哦哦，貪小便宜的我已心花怒放~,2025年10月8日 星期三 下午8:03,@ikea_taiwan,,,1,,,https://www.threads.com/@ikea_taiwan/post/DPjEZZ4E-Z9,"快來！！ lihi3.me/9PsQ5
ikea.com.tw
IKEA美食新品優惠｜IKEA餐廳美食小吃、冷凍食品超市新品及優惠｜IKEA線上購物",2025年10月8日 星期三 下午8:17,,IKEA美食新品優惠｜IKEA餐廳美食小吃、冷凍食品超市新品及優惠｜IKEA線上購物,1,,,
dumbradio_meng,https://www.threads.com/@dumbradio_meng/post/DPgpIRhj4qz,身為少數狐獴IP的我 明天就去買🙈,2025年10月7日 星期二 下午9:40,@ikea_taiwan,,,1,,,https://www.threads.com/@ikea_taiwan/post/DPgpZFaE5Ay,大隻小隻的都在等你！ lihi3.me/iR3We,2025年10月7日 星期二 下午9:43,,,2,1,,
ppp10000,https://www.threads.com/@ppp10000/post/DPVWDUhESHk,美國短毛貓口味（眼角餘光看成美短） 已掛號眼科,2025年10月3日 星期五 下午12:22,@ikea_taiwan,,23,1,,,https://www.threads.com/@ikea_taiwan/post/DPVWqIuEyFk,"這個口味聽起來很不錯 但兩個字而已拉 lihi3.me/QJWxE
ikea.com.tw
IKEA美食小站- 10元霜淇淋、各式點心和飲品，絕對不能錯過 | IKEA線上購物",2025年10月3日 星期五 下午12:27,,IKEA美食小站- 10元霜淇淋、各式點心和飲品，絕對不能錯過 | IKEA線上購物,1,,,
ordersome_official,https://www.threads.com/@ordersome_official/post/DPVUVreE7BN,水泥霜淇淋,2025年10月3日 星期五 下午12:07,@ikea_taiwan,,148,1,,3,https://www.threads.com/@ikea_taiwan/post/DPVVKNqE1WK,"我們不會出不可食用的口味 lihi3.me/QJWxE
ikea.com.tw
IKEA美食小站- 10元霜淇淋、各式點心和飲品，絕對不能錯過 | IKEA線上購物",2025年10月3日 星期五 下午12:14,,IKEA美食小站- 10元霜淇淋、各式點心和飲品，絕對不能錯過 | IKEA線上購物,19,,,
abbing_112,https://www.threads.com/@abbing_112/post/DPVUHFXgSdw,芝麻？,2025年10月3日 星期五 下午12:05,@ikea_taiwan,,10,1,,,https://www.threads.com/@ikea_taiwan/post/DPVUQvoE8MN,"再猜猜再猜猜 lihi3.me/QJWxE
ikea.com.tw
IKEA美食小站- 10元霜淇淋、各式點心和飲品，絕對不能錯過 | IKEA線上購物",2025年10月3日 星期五 下午12:06,,IKEA美食小站- 10元霜淇淋、各式點心和飲品，絕對不能錯過 | IKEA線上購物,2,1,,
doctorma_ent,https://www.threads.com/@doctorma_ent/post/DPGOSPhEpPB,"流感臉
最近已經被訓練到 看面相就知道有沒有得流感了
大概90%長得像這樣",2025年9月27日 星期六 下午3:25,,"Photo by 小馬醫師 Dr.Ma on September 27, 2025.",14000,230,347,2572,https://www.threads.com/@ikea_taiwan/post/DPTXkzfEyrd,我們家的很健康！ lihi3.me/ZzYcr,2025年10月2日 星期四 下午5:57,,"Photo by IKEA Taiwan on October 02, 2025.",128,2,,3
loveshark0414,https://www.threads.com/@loveshark0414/post/DPQ-a4FiZLD,等一下我以為鯊鯊買完就沒有想買的了 但那隻胖蜜蜂太可愛了吧,2025年10月1日 星期三 下午7:38,@ikea_taiwan,,5,1,,,https://www.threads.com/@ikea_taiwan/post/DPRCqqAE43r,"一大一小一起帶回家 lihi3.me/5rGRH
ikea.com.tw
IKEA精選收納85折起！｜IKEA Family 宜家卡｜宜家卡線上免費申辦，即享IKEA卡友專屬優惠｜IKEA線上購物",2025年10月1日 星期三 下午8:16,,IKEA精選收納85折起！｜IKEA Family 宜家卡｜宜家卡線上免費申辦，即享IKEA卡友專屬優惠｜IKEA線上購物,,,,
08le_ovo_yi11,https://www.threads.com/@08le_ovo_yi11/post/DPQ9QPkEmM8,榮鳩來幫我暖床好不好😭🤚,2025年10月1日 星期三 下午7:28,@ikea_taiwan,,,1,,,https://www.threads.com/@ikea_taiwan/post/DPQ9tXNk08s,他跟你招手，帶他回家 lihi3.me/5rGRH,2025年10月1日 星期三 下午7:32,,"Photo by IKEA Taiwan on October 01, 2025.",2,,,
husky_toy,https://www.threads.com/@husky_toy/post/DPQ6Xa0Ep1F,太好了 可以再買新老公？,2025年10月1日 星期三 下午7:03,@ikea_taiwan,"Photo by Husky toy on October 01, 2025.",21,1,,,https://www.threads.com/@ikea_taiwan/post/DPQ86WLkyvL,"多買幾隻有伴 lihi3.me/5rGRH
ikea.com.tw
IKEA精選收納85折起！｜IKEA Family 宜家卡｜宜家卡線上免費申辦，即享IKEA卡友專屬優惠｜IKEA線上購物",2025年10月1日 星期三 下午7:25,,IKEA精選收納85折起！｜IKEA Family 宜家卡｜宜家卡線上免費申辦，即享IKEA卡友專屬優惠｜IKEA線上購物,1,,,
little_ren0122,https://www.threads.com/@little_ren0122/post/DPQ6Pd-kl0b,鯊鯊！！！,2025年10月1日 星期三 下午7:02,@ikea_taiwan,,,1,,,https://www.threads.com/@ikea_taiwan/post/DPQ825gk1MW,"快來把鯊鯊帶回家 lihi3.me/5rGRH
ikea.com.tw
IKEA精選收納85折起！｜IKEA Family 宜家卡｜宜家卡線上免費申辦，即享IKEA卡友專屬優惠｜IKEA線上購物",2025年10月1日 星期三 下午7:25,,IKEA精選收納85折起！｜IKEA Family 宜家卡｜宜家卡線上免費申辦，即享IKEA卡友專屬優惠｜IKEA線上購物,1,,,
tkdcheung,https://www.threads.com/@tkdcheung/post/DPOaJ_Gkve4,當我拿起手機的時候，我會發現我已經在看廢文了,2025年9月30日 星期二 下午7:43,@ikea_taiwan,,,1,,,https://www.threads.com/@ikea_taiwan/post/DPQpy9_kwpX,"明明就有給你優惠 哼 lihi3.me/aNsZH
ikea.com.tw
IKEA美食新品優惠｜IKEA餐廳美食小吃、冷凍食品超市新品及優惠｜IKEA線上購物",2025年10月1日 星期三 下午4:38,,IKEA美食新品優惠｜IKEA餐廳美食小吃、冷凍食品超市新品及優惠｜IKEA線上購物,,,,
qwertyuiop0813asdfghjkl,https://www.threads.com/@qwertyuiop0813asdfghjkl/post/DPOVXa7kTfD,好感動,2025年9月30日 星期二 下午7:01,@ikea_taiwan,,,1,,,https://www.threads.com/@ikea_taiwan/post/DPQpuewE7c9,"是不是 十月來IKEA吃$200送$200抵用券真的很感動 lihi3.me/aNsZH
ikea.com.tw
IKEA美食新品優惠｜IKEA餐廳美食小吃、冷凍食品超市新品及優惠｜IKEA線上購物",2025年10月1日 星期三 下午4:38,,IKEA美食新品優惠｜IKEA餐廳美食小吃、冷凍食品超市新品及優惠｜IKEA線上購物,1,,,
cartonking.tw,https://www.threads.com/@cartonking.tw/post/DPDnYUjEVzH,我丸了 心已淪陷,2025年9月26日 星期五 下午3:07,@ikea_taiwan,,2,1,,,https://www.threads.com/@ikea_taiwan/post/DPEJHD4E5H-,"那就快來IKEA帶他回家 pse.is/84xdk…
ikea.com.tw
IKEA Family 宜家卡｜宜家卡卡友線上免費申辦，即享IKEA卡友專屬優惠｜IKEA線上購物",2025年9月26日 星期五 下午8:02,,IKEA Family 宜家卡｜宜家卡卡友線上免費申辦，即享IKEA卡友專屬優惠｜IKEA線上購物,,,,
invoiceman.ig,https://www.threads.com/@invoiceman.ig/post/DPDhAKCklAX,購物袋是寶寶的內臟嗎!!,2025年9月26日 星期五 下午2:11,@ikea_taiwan,,1,1,,,https://www.threads.com/@ikea_taiwan/post/DPEI9HxE-sJ,是寶寶美麗的翅膀🪽,2025年9月26日 星期五 下午8:00,,,1,,,
owenhung0218,https://www.threads.com/@owenhung0218/post/DPDhjJ8AUy_,食用,2025年9月26日 星期五 下午2:16,@ikea_taiwan,,,1,,,https://www.threads.com/@ikea_taiwan/post/DPDikr7E9Kx,實用 不可食用的喲🤓,2025年9月26日 星期五 下午2:25,,,2,1,,
bread_62_,https://www.threads.com/@bread_62_/post/DO9-H0Kk23Z,來逛IKEA還可以長知識 太賺了吧!,2025年9月24日 星期三 上午10:30,@ikea_taiwan,,,1,,,https://www.threads.com/@ikea_taiwan/post/DO-BHesk3Z6,你是懂逛的,2025年9月24日 星期三 上午10:56,,,,,,
ginseng.taiwan,https://www.threads.com/@ginseng.taiwan/post/DO9_XOnAbfO,有沒有種植知識 不然買回家都活不了內,2025年9月24日 星期三 上午10:41,@ikea_taiwan,,,1,,,https://www.threads.com/@ikea_taiwan/post/DO-BFcQE1VT,人造植物們很堅強，不用澆水,2025年9月24日 星期三 上午10:56,,,1,,,
cheesemonsterspizza,https://www.threads.com/@cheesemonsterspizza/post/DO6F-3fEUNB,窩的天呀 都有名字嗎？ OMG OMG,2025年9月22日 星期一 下午10:22,@ikea_taiwan,,1,1,,,https://www.threads.com/@ikea_taiwan/post/DO7WYdiEy40,下次來逛IKEA可以跟朋友秀一波植物知識！,2025年9月23日 星期二 上午10:04,,,2,,,
lisi_hair_studio_,https://www.threads.com/@lisi_hair_studio_/post/DOlcoBNicAr,#我在IKEA新莊店一拍即得 新品招財又芬芳,2025年9月14日 星期日 下午9:56,@ikea_taiwan,"Photo by 莉絲 Lisi on September 14, 2025.",,2,,,https://www.threads.com/@ikea_taiwan/post/DO4_KOQkwjo,"@alice_276_
恭喜你獲得「拍到什麼得什麼」最高等值1萬元商品​ 📣快把握最後時間！ 活動小組還沒收到你的資訊喔～～​
提醒您務必於 9/22(一) 23:59 前將以下資訊寄至活動小組信箱：ikea.event2025@gmail.com​ 需包含：中文姓名 / 聯絡電話 / 中獎照片 / 中獎照片拍攝日期 / 中獎照片拍攝店別 / 宜家卡卡友卡號 ​
溫馨提醒，資訊是請以信件方式寄到指定信箱，不是回覆於此貼文留言唷！​
逾期回覆及資料提供不完整者視同棄權，不予遞補得獎名額，主辦單位保留本活動最終解釋權。​",2025年9月22日 星期一 下午12:03,,,,,,
momowei020,https://www.threads.com/@momowei020/post/DOgTB2AElNi,#我在ikea高雄店一拍即得,2025年9月12日 星期五 下午9:56,@ikea_taiwan,"Photo by Hsiao Wei on September 12, 2025.",4,2,,,https://www.threads.com/@ikea_taiwan/post/DO4_Hz2kyMR,"@momowei020
恭喜你獲得「拍到什麼得什麼」最高等值1萬元商品​ 📣快把握最後時間！ 活動小組還沒收到你的資訊喔～～​
提醒您務必於 9/22(一) 23:59 前將以下資訊寄至活動小組信箱：ikea.event2025@gmail.com​ 需包含：中文姓名 / 聯絡電話 / 中獎照片 / 中獎照片拍攝日期 / 中獎照片拍攝店別 / 宜家卡卡友卡號 ​
溫馨提醒，資訊是請以信件方式寄到指定信箱，不是回覆於此貼文留言唷！​
逾期回覆及資料提供不完整者視同棄權，不予遞補得獎名額，主辦單位保留本活動最終解釋權。​",2025年9月22日 星期一 下午12:03,,,,,,
chingching__0508,https://www.threads.com/@chingching__0508/post/DO0kLW4Cfly,集丸,2025年9月20日 星期六 下午6:50,@ikea_taiwan,,,1,,,https://www.threads.com/@ikea_taiwan/post/DO3clGPk3Sa,"集好丸集起來！ lihi3.me/hRE2I
ikea.com.tw
IKEA集娃娃包 - 消費1元集1點換限量造型娃娃包 | IKEA線上購物",2025年9月21日 星期日 下午9:42,,,,,,
usaminjoke,https://www.threads.com/@usaminjoke/post/DOxzC2fk0lD,開什麼丸笑🟤🙂,2025年9月19日 星期五 下午5:03,@ikea_taiwan,,11,1,,,https://www.threads.com/@ikea_taiwan/post/DO0-V87E4pk,就喜歡丸笑 lihi3.me/hRE2I,2025年9月20日 星期六 下午10:39,,"Photo by IKEA Taiwan on September 20, 2025.",,,,
pb_brulee.23,https://www.threads.com/@pb_brulee.23/post/DOx8YOlEvh2,看起來像一顆酸梅,2025年9月19日 星期五 下午6:24,@ikea_taiwan,,,1,,,https://www.threads.com/@ikea_taiwan/post/DOyVND_E0xk,真的是肉丸,2025年9月19日 星期五 下午10:01,,"Photo by IKEA Taiwan on September 19, 2025.",2,,,
meingina_1220,https://www.threads.com/@meingina_1220/post/DOvO1rnASar,書包代替我入鏡📷 ✨我需要多功能腳踏墊 #我在IKEA台中店一拍即得,2025年9月18日 星期四 下午5:08,@ikea_taiwan,"Photo by GINA on September 18, 2025.",1,1,,,https://www.threads.com/@ikea_taiwan/post/DOx8Ah5k2vl,@meingina_1220 恭喜你獲得「拍到什麼得什麼」最高等值1萬元商品🎉 提醒您務必於 9/22(一) 23:59 前將以下資訊寄至活動小組信箱：ikea.event2025@gmail.com 需包含：中文姓名 / 聯絡電話 / 中獎照片 / 中獎照片拍攝日期 / 中獎照片拍攝店別 / 宜家卡卡友卡號 溫馨提醒，資訊是請以信件方式寄到指定信箱，不是回覆於此貼文留言唷！ 逾期回覆及資料提供不完整者視同棄權，不予遞補得獎名額，主辦單位保留本活動最終解釋權。,2025年9月19日 星期五 下午6:21,,"Photo by IKEA Taiwan on September 19, 2025.",,,,
shiuan_22,https://www.threads.com/@shiuan_22/post/DOlNdLkD68W,#我在IKEA新莊店一拍即得,2025年9月14日 星期日 下午7:43,@ikea_taiwan,"Photo by ᵕ̈ 🐹 on September 14, 2025.",,1,,,https://www.threads.com/@ikea_taiwan/post/DOx798oE55x,@shiuan_22 恭喜你獲得「拍到什麼得什麼」最高等值1萬元商品🎉 提醒您務必於 9/22(一) 23:59 前將以下資訊寄至活動小組信箱：ikea.event2025@gmail.com 需包含：中文姓名 / 聯絡電話 / 中獎照片 / 中獎照片拍攝日期 / 中獎照片拍攝店別 / 宜家卡卡友卡號 溫馨提醒，資訊是請以信件方式寄到指定信箱，不是回覆於此貼文留言唷！ 逾期回覆及資料提供不完整者視同棄權，不予遞補得獎名額，主辦單位保留本活動最終解釋權。,2025年9月19日 星期五 下午6:21,,"Photo by IKEA Taiwan on September 19, 2025.",1,1,,
wei.zhi.chen,https://www.threads.com/@wei.zhi.chen/post/DOndLkgES87,#我在IKEA新莊店一拍即得,2025年9月15日 星期一 下午4:39,@ikea_taiwan,"Photo by JJ on September 15, 2025.",,1,,,https://www.threads.com/@ikea_taiwan/post/DOx72JQkxZR,@wei.zhi.chen 恭喜你獲得「拍到什麼得什麼」最高等值1萬元商品🎉 提醒您務必於 9/22(一) 23:59 前將以下資訊寄至活動小組信箱：ikea.event2025@gmail.com 需包含：中文姓名 / 聯絡電話 / 中獎照片 / 中獎照片拍攝日期 / 中獎照片拍攝店別 / 宜家卡卡友卡號 溫馨提醒，資訊是請以信件方式寄到指定信箱，不是回覆於此貼文留言唷！ 逾期回覆及資料提供不完整者視同棄權，不予遞補得獎名額，主辦單位保留本活動最終解釋權。,2025年9月19日 星期五 下午6:19,,"Photo by IKEA Taiwan on September 19, 2025.",,1,,
caco_tw,https://www.threads.com/@caco_tw/post/DOxwpu3kXgN,丸美 翻譯,2025年9月19日 星期五 下午4:42,@ikea_taiwan,,,1,,,https://www.threads.com/@ikea_taiwan/post/DOx59MgE9Pj,丸美又實用,2025年9月19日 星期五 下午6:03,,"Photo by IKEA Taiwan on September 19, 2025.",1,,,2
tnezgo_workly.official,https://www.threads.com/@tnezgo_workly.official/post/DOx0Axnk2Lv,寶 為什麼要這樣對我,2025年9月19日 星期五 下午5:11,@ikea_taiwan,"Photo by 勞工福利ez購&沃可力Workly│嚴選電商 on September 19, 2025.",3,1,,,https://www.threads.com/@ikea_taiwan/post/DOx518hk_0S,捏一下～,2025年9月19日 星期五 下午6:02,,,2,,,
patpa_t14,https://www.threads.com/@patpa_t14/post/DOxi8XfkjE2,沒想到有天會有肉丸本人出現,2025年9月19日 星期五 下午2:42,@ikea_taiwan,,,1,,,https://www.threads.com/@ikea_taiwan/post/DOxuT3zE4cZ,沒想到肉丸本人真的很可愛 lihi3.me/hRE2I,2025年9月19日 星期五 下午4:21,,"Photo by IKEA Taiwan on September 19, 2025.",1,,,
s2pd.___.wk,https://www.threads.com/@s2pd.___.wk/post/DOqjTvrkTd0,如何不經意的讓樓下鄰居看到這篇文 公寓的走廊要被一家人的鞋子堆滿了,2025年9月16日 星期二 下午9:30,@ikea_taiwan如何不經意的讓樓下鄰居看到這篇文,,5,1,,1,https://www.threads.com/@ikea_taiwan/post/DOqsw3tE_kP,只能不小心傳這篇給他看了🫢,2025年9月16日 星期二 下午10:53,,,1,,,
cindylovesbump,https://www.threads.com/@cindylovesbump/post/DOoBczBiW4Q,右邊能大便ᕦ( ˘ᴗ˘ )ᕤ,2025年9月15日 星期一 下午9:56,@ikea_taiwan右邊能大便ᕦ(,,1,1,,,https://www.threads.com/@ikea_taiwan/post/DOoPHSHk_Ab,"左邊的椅子你還是可以參考看看 lihi3.me/PBDkN
ikea.com.tw
IKEA精選收納85折起！｜IKEA Family 宜家卡｜宜家卡線上免費申辦，即享IKEA卡友專屬優惠｜IKEA線上購物",2025年9月15日 星期一 下午11:55,,IKEA精選收納85折起！｜IKEA Family 宜家卡｜宜家卡線上免費申辦，即享IKEA卡友專屬優惠｜IKEA線上購物,1,1,,
farad0329,https://www.threads.com/@farad0329/post/DOoC5dwD8i_,右邊的可以加滑輪嗎,2025年9月15日 星期一 下午10:09,@ikea_taiwan右邊的可以加滑輪嗎讚19回覆1轉發分享3,,19,1,,3,https://www.threads.com/@ikea_taiwan/post/DOoDJd5Ez9F,上廁所建議穩穩的上 翻譯,2025年9月15日 星期一 下午10:11,,,35,,,
papayabook535,https://www.threads.com/@papayabook535/post/DOn9Rhsk7mX,但右邊，會痔瘡,2025年9月15日 星期一 下午9:20,@ikea_taiwan但右邊，會痔瘡讚40回覆1轉發分享,,40,1,,,https://www.threads.com/@ikea_taiwan/post/DOoB2SrkyMn,"關心你的身體 請選用電競椅 lihi3.me/PBDkN
ikea.com.tw
IKEA精選收納85折起！｜IKEA Family 宜家卡｜宜家卡線上免費申辦，即享IKEA卡友專屬優惠｜IKEA線上購物",2025年9月15日 星期一 下午9:59,,IKEA精選收納85折起！｜IKEA Family 宜家卡｜宜家卡線上免費申辦，即享IKEA卡友專屬優惠｜IKEA線上購物,5,,,
d09361,https://www.threads.com/@d09361/post/DOS4q5mE93L,#我在IKEA高雄店一拍即得,2025年9月7日 星期日 下午4:55,@ikea_taiwan#我在IKEA高雄店一拍即得讚回覆2轉發分享,"Photo by 張塔扣 on September 07, 2025.",,2,,,https://www.threads.com/@ikea_taiwan/post/DOnJWQiE7Iz,"@d09361 恭喜你獲得「拍到什麼得什麼」​ 最高等值1萬元商品​
📣快把握最後時間！​ 活動小組還沒收到你的資訊喔～～​ 提醒您務必於9/15(一) 23:59前將以下資訊寄至活動小組信箱：ikea.event2025@gmail.com​ 需包含：中文姓名 / 聯絡電話 / 中獎照片 / 中獎照片拍攝日期 / 中獎照片拍攝店別 / 宜家卡卡友卡號/ 中獎者本人 Facebook 和 Threads 帳號主頁截圖​
溫馨提醒，資訊是請以信件方式寄到指定信箱，不是回覆於此貼文留言唷！​
逾期回覆及資料提供不完整者視同棄權，不予遞補得獎名額，主辦單位保留本活動最終解釋權。​",2025年9月15日 星期一 下午1:46,,,,1,,
huang3543,https://www.threads.com/@huang3543/post/DOYDB4rEw7q,#我在IKEA新莊店一拍即得,2025年9月9日 星期二 下午5:02,@ikea_taiwan#我在IKEA新莊店一拍即得讚回覆2轉發分享,"Photo by 黃樂 on September 09, 2025.",,2,,,https://www.threads.com/@ikea_taiwan/post/DOnJTvyEzDG,"@huang3543 ​ 恭喜你獲得「拍到什麼得什麼」​ 最高等值1萬元商品​
📣快把握最後時間！​ 活動小組還沒收到你的資訊喔～～​ 提醒您務必於9/15(一) 23:59前將以下資訊寄至活動小組信箱：ikea.event2025@gmail.com​ 需包含：中文姓名 / 聯絡電話 / 中獎照片 / 中獎照片拍攝日期 / 中獎照片拍攝店別 / 宜家卡卡友卡號/ 中獎者本人 Facebook 和 Threads 帳號主頁截圖​
溫馨提醒，資訊是請以信件方式寄到指定信箱，不是回覆於此貼文留言唷！​
逾期回覆及資料提供不完整者視同棄權，不予遞補得獎名額，主辦單位保留本活動最終解釋權。​",2025年9月15日 星期一 下午1:45,,,,,,
yuwan_919,https://www.threads.com/@yuwan_919/post/DOQhnzCk0b0,"我在IKEA台中店一拍即得
#我在IKEA台中店一拍即得",2025年9月6日 星期六 下午6:55,@ikea_taiwan#我在IKEA台中店一拍即得讚回覆1轉發分享,"Photo by ㄒㄧㄌ on September 06, 2025.",,1,,,https://www.threads.com/@ikea_taiwan/post/DOf4axbkxVC,"yuwan_919 恭喜你獲得「拍到什麼得什麼」 最高等值1萬元商品🎉
提醒您務必於 9/15(一) 23:59前 將以下資訊寄至活動小組信箱：ikea.event2025@gmail.com 需包含：中文姓名 / 聯絡電話 / 中獎照片 / 中獎照片拍攝日期 / 中獎照片拍攝店別 / 宜家卡卡友卡號/ 中獎者本人 Facebook 和 Threads 帳號主頁截圖
溫馨提醒，資訊是請以信件方式寄到指定信箱，不是回覆於此貼文留言唷！
逾期回覆及資料提供不完整者視同棄權，不予遞補得獎名額，主辦單位保留本活動最終解釋權
accounts.google.com
Gmail",2025年9月12日 星期五 下午6:03,,,1,,,
yenchun_ghost,https://www.threads.com/@yenchun_ghost/post/DOfVwOOEZgG,這才是我想拿到的,2025年9月12日 星期五 下午1:00,@ikea_taiwan這才是我想拿到的讚67回覆1轉發分享2,"Photo by 松山煙捲 on September 11, 2025.",67,1,,2,https://www.threads.com/@ikea_taiwan/post/DOfXBA_E7Tf,不好意思 這個我也想要了 翻譯,2025年9月12日 星期五 下午1:11,,,17,1,,
forthreads_cc,https://www.threads.com/@forthreads_cc/post/DOxjY0MifcO,明明是珍珠🙂‍↕️,2025年9月19日 星期五 下午2:46,@ikea_taiwan,,,1,,,https://www.threads.com/@ikea_taiwan/post/DOxpUXPk2ZG,絕對是肉丸 lihi3.me/hRE2I,2025年9月19日 星期五 下午3:38,,"Photo by IKEA Taiwan on September 19, 2025.",,,,2
capooinfo,https://www.threads.com/@capooinfo/post/DOxh9yLES9l,真的懂丸🙌,2025年9月19日 星期五 下午2:33,@ikea_taiwan,,3,1,,,https://www.threads.com/@ikea_taiwan/post/DOxnRInE7t8,"那就快來玩集好丸 lihi3.me/hRE2I
ikea.com.tw
IKEA集娃娃包 - 消費1元集1點換限量造型娃娃包 | IKEA線上購物",2025年9月19日 星期五 下午3:20,,,,,,
toptiertea.tw,https://www.threads.com/@toptiertea.tw/post/DOxeIgoEgnp,我忍不了！太可愛了,2025年9月19日 星期五 下午2:00,@ikea_taiwan,,,1,,,https://www.threads.com/@ikea_taiwan/post/DOxfUtsk4fG,"帶他回家！ lihi3.me/hRE2I
ikea.com.tw
IKEA集娃娃包 - 消費1元集1點換限量造型娃娃包 | IKEA線上購物",2025年9月19日 星期五 下午2:10,,,,,,
evoxome_official,https://www.threads.com/@evoxome_official/post/DOxez1FkSPZ,肉丸確定要變這麼可愛嗎～,2025年9月19日 星期五 下午2:06,@ikea_taiwan,,,1,,,https://www.threads.com/@ikea_taiwan/post/DOxfSPLk8Dz,"可愛而且超實用😍 lihi3.me/hRE2I
ikea.com.tw
IKEA集娃娃包 - 消費1元集1點換限量造型娃娃包 | IKEA線上購物",2025年9月19日 星期五 下午2:10,,,,,,
lois.xiv,https://www.threads.com/@lois.xiv/post/DOxYA-pk6Y5,我也想知道 不過上次有客人看到我在你們店裡 我還得假裝自己是在買家具 😅,2025年9月19日 星期五 下午1:06,@ikea_taiwan,,18,1,,,https://www.threads.com/@ikea_taiwan/post/DOxZDwrk7zH,"下次來被看到就說是來換肉丸購物袋👌 lihi3.me/hRE2I
ikea.com.tw
IKEA集娃娃包 - 消費1元集1點換限量造型娃娃包 | IKEA線上購物",2025年9月19日 星期五 下午1:15,,,1,,,
gmdance555,https://www.threads.com/@gmdance555/post/DOxWGk1kVWj,討厭~ 你害我的心融化惹😊,2025年9月19日 星期五 下午12:50,@ikea_taiwan,,,1,,,https://www.threads.com/@ikea_taiwan/post/DOxW4nAEy3x,"肉丸的微笑真的超融化 lihi3.me/hRE2I
ikea.com.tw
IKEA集娃娃包 - 消費1元集1點換限量造型娃娃包 | IKEA線上購物",2025年9月19日 星期五 下午12:56,,,,,,
,https://www.threads.com/@ikea_taiwan/post/DOxQuoQk_Er,ikea_taiwan 你知道肉丸加料會變成什麼嗎？ 1 / 2,2025年9月19日 星期五 下午12:03,,"Photo by IKEA Taiwan on September 18, 2025. | Photo by IKEA Taiwan on September 18, 2025. | Photo by IKEA Taiwan on September 18, 2025. | Photo by IKEA Taiwan on September 18, 2025. | Photo by IKEA Taiwan on September 18, 2025. | Photo by IKEA Taiwan on September 18, 2025. | Photo by IKEA Taiwan on September 18, 2025. | Photo by IKEA Taiwan on September 18, 2025.",4536,46,77,781,https://www.threads.com/@ikea_taiwan/post/DOxWnjPk_61,"來！快來集點帶回家～ lihi3.me/hRE2I
ikea.com.tw
IKEA集娃娃包 - 消費1元集1點換限量造型娃娃包 | IKEA線上購物",2025年9月19日 星期五 下午12:54,,,2,,,
guanmingzhang,https://www.threads.com/@guanmingzhang/post/DOxU6R4kVjW,,2025年9月19日 星期五 下午12:39,@ikea_taiwan,"Photo by 張冠洺 on September 18, 2025.",8,1,,,https://www.threads.com/@ikea_taiwan/post/DOxWXQPkxko,"來吃順便來集點 lihi3.me/hRE2I
ikea.com.tw
IKEA集娃娃包 - 消費1元集1點換限量造型娃娃包 | IKEA線上購物",2025年9月19日 星期五 下午12:52,,,1,1,,
oakleytaipei,https://www.threads.com/@oakleytaipei/post/DOxVhCckvfc,很會玩❣️,2025年9月19日 星期五 下午12:45,@ikea_taiwan,,,1,,,https://www.threads.com/@ikea_taiwan/post/DOxWUHAk36d,"一起來玩集好丸～ lihi3.me/hRE2I
ikea.com.tw
IKEA集娃娃包 - 消費1元集1點換限量造型娃娃包 | IKEA線上購物",2025年9月19日 星期五 下午12:51,,,,,,
spoutdesign,https://www.threads.com/@spoutdesign/post/DOxSSrHkr2r,丸丸～你確定你不是巧克力,2025年9月19日 星期五 下午12:16,@ikea_taiwan,,,1,,,https://www.threads.com/@ikea_taiwan/post/DOxWJDPEwor,確定，是肉丸,2025年9月19日 星期五 下午12:50,,,1,,,
nerunogaisogashii,https://www.threads.com/@nerunogaisogashii/post/DOxVAapD9ep,原來是缺一顆肉丸😂,2025年9月19日 星期五 下午12:40,@ikea_taiwan,"Photo by nerunogaisogashii on September 18, 2025.",32,1,,,https://www.threads.com/@ikea_taiwan/post/DOxWHVnk3Lq,那可以來把肉丸帶回家！ lihi3.me/hRE2I,2025年9月19日 星期五 下午12:50,,,2,,,
layaburger,https://www.threads.com/@layaburger/post/DOfPOcukQyX,堡 這不是我想要的結局,2025年9月12日 星期五 下午12:03,@ikea_taiwan,,30,1,1,,https://www.threads.com/@ikea_taiwan/post/DOfQ5NUk5Lw,但這是我想要的結局 希望你好好吃飯,2025年9月12日 星期五 下午12:18,,,14,,,
jujournal.studio,https://www.threads.com/@jujournal.studio/post/DOdd9uvj6au,這個跟 i 珍食我都買得起,2025年9月11日 星期四 下午7:34,@ikea_taiwan,,6,1,,,https://www.threads.com/@ikea_taiwan/post/DOdiRPJkzSq,都買！,2025年9月11日 星期四 下午8:11,,,1,,,
jessica739972,https://www.threads.com/@jessica739972/post/DOdhxWUkrRI,這個超好用,2025年9月11日 星期四 下午8:07,@ikea_taiwan,,,1,,,https://www.threads.com/@ikea_taiwan/post/DOdiPYHE3Jw,不只包色，還要買很多個,2025年9月11日 星期四 下午8:11,,,1,1,,
faystattoo,https://www.threads.com/@faystattoo/post/DOYLnUUkVTr,超可愛❤️,2025年9月9日 星期二 下午6:17,@ikea_taiwan,,,1,,,https://www.threads.com/@ikea_taiwan/post/DOYiQU5kz0e,超級～～❤️,2025年9月9日 星期二 下午9:35,,,2,,,
super.milk.tea,https://www.threads.com/@super.milk.tea/post/DOYMJAykW5D,我好需要這些東西,2025年9月9日 星期二 下午6:22,@ikea_taiwan,,,1,,,https://www.threads.com/@ikea_taiwan/post/DOYh5_Ak0qc,真的超可愛的,2025年9月9日 星期二 下午9:32,,,1,,,
sbaraci,https://www.threads.com/@sbaraci/post/DOV578XEQQS,真神奇 ! 剛剛才想說明天去ikea晃一下而已，馬上就滑到文.. 我被連結阿卡西了嗎 ?!,2025年9月8日 星期一 下午9:04,@ikea_taiwan,,1,1,,,https://www.threads.com/@ikea_taiwan/post/DOV_zEpk06k,這代表我們很有緣分,2025年9月8日 星期一 下午9:55,,,1,,,
angielonglife,https://www.threads.com/@angielonglife/post/DOOrLYDk9zs,擇日不如撞日～決定明天去ikea 看看！,2025年9月6日 星期六 上午1:40,@ikea_taiwan,,3,1,,,https://www.threads.com/@ikea_taiwan/post/DOQ1NCSk3WV,"說到做到喔！順便來參加一拍即得🫶🏻 reurl.cc/QaYZv…
reurl.cc
IKEA一拍即得 - 來IKEA拍照，拍到什麼有機會得到什麼 - 店內最新活動 | IKEA 線上購物",2025年9月6日 星期六 下午9:46,,,1,1,,
27.reallife,https://www.threads.com/@27.reallife/post/DOQa7jMkVXq,終於展示出來了😍7月找都找不到,2025年9月6日 星期六 下午5:57,@ikea_taiwan,,1,1,,,https://www.threads.com/@ikea_taiwan/post/DOQ1DNBk9Kr,"可以實際來體驗看看，真的很滑順～ lihi3.me/2XMWP
ikea.com.tw
BILLY - 書櫃附折疊桌, 白色, 80x33/112x106 公分 | IKEA 線上購物",2025年9月6日 星期六 下午9:45,,"BILLY - 書櫃附折疊桌, 白色, 80x33/112x106 公分 | IKEA 線上購物",,,,
ponytail_handmade,https://www.threads.com/@ponytail_handmade/post/DOPRdC1Ehxv,正在思考要怎麼裝潢小孩的房間 感覺這個還不錯🤔,2025年9月6日 星期六 上午7:15,@ikea_taiwan,,,1,,,https://www.threads.com/@ikea_taiwan/post/DOP9Rh0k3gt,"當書桌也很適合！ lihi3.me/2XMWP
ikea.com.tw
BILLY - 書櫃附折疊桌, 白色, 80x33/112x106 公分 | IKEA 線上購物",2025年9月6日 星期六 下午1:38,,"BILLY - 書櫃附折疊桌, 白色, 80x33/112x106 公分 | IKEA 線上購物",,,,
zinywhite,https://www.threads.com/@zinywhite/post/DOOU_L5Egic,終於找到我的夢中情桌,2025年9月5日 星期五 下午10:26,@ikea_taiwan,,,1,,,https://www.threads.com/@ikea_taiwan/post/DOOg1cDk5rM,"帶他回家😍 lihi3.me/2XMWP
ikea.com.tw
BILLY - 書櫃附折疊桌, 白色, 80x33/112x106 公分 | IKEA 線上購物",2025年9月6日 星期六 上午12:10,,"BILLY - 書櫃附折疊桌, 白色, 80x33/112x106 公分 | IKEA 線上購物",2,,,
raymond.lei.18,https://www.threads.com/@raymond.lei.18/post/DOOMVdmE7gY,很不錯欸！,2025年9月5日 星期五 下午9:11,@ikea_taiwan,,,1,,,https://www.threads.com/@ikea_taiwan/post/DOOUJgSk6mQ,"放哪都可以～ lihi3.me/2XMWP
ikea.com.tw
BILLY - 書櫃附折疊桌, 白色, 80x33/112x106 公分 | IKEA 線上購物",2025年9月5日 星期五 下午10:19,,"BILLY - 書櫃附折疊桌, 白色, 80x33/112x106 公分 | IKEA 線上購物",1,,,
cmo0414,https://www.threads.com/@cmo0414/post/DOOS6RLCZQF,等等 這個也太猛了吧,2025年9月5日 星期五 下午10:08,@ikea_taiwan,,1,1,,,https://www.threads.com/@ikea_taiwan/post/DOOUGTnE8HP,"超猛！很適合小空間 lihi3.me/2XMWP
ikea.com.tw
BILLY - 書櫃附折疊桌, 白色, 80x33/112x106 公分 | IKEA 線上購物",2025年9月5日 星期五 下午10:19,,"BILLY - 書櫃附折疊桌, 白色, 80x33/112x106 公分 | IKEA 線上購物",,,,
a715128,https://www.threads.com/@a715128/post/DOI00w1CdjO,#我在IKEA內湖店一拍即得,2025年9月3日 星期三 下午7:09,@ikea_taiwan,"Photo by 周仁傑 on September 03, 2025.",,1,,,https://www.threads.com/@ikea_taiwan/post/DON3tDuE8DB,"@a715128 恭喜你獲得「拍到什麼得什麼」 最高等值1萬元商品🎉
提醒您務必於 9/8(一) 23:59前將以下資訊寄至活動小組信箱：ikea.event2025@gmail.com 需包含：中文姓名 / 聯絡電話 / 中獎照片 / 中獎照片拍攝日期 / 中獎照片拍攝店別 / 宜家卡卡友卡號/ 中獎者本人 Facebook 和 Threads 帳號主頁截圖
溫馨提醒，資訊是請以信件方式寄到指定信箱，不是回覆於此貼文留言唷！
逾期回覆及資料提供不完整者視同棄權，不予遞補得獎名額，主辦單位保留本活動最終解釋權",2025年9月5日 星期五 下午6:11,,"Photo by IKEA Taiwan on September 05, 2025.",3,,,
goodddayhbd,https://www.threads.com/@goodddayhbd/post/DOAq6RAklwt,#我在IKEA內湖店一拍即得,2025年8月31日 星期日 下午3:09,@ikea_taiwan,"Photo by @goodddayhbd on August 31, 2025.",,1,,,https://www.threads.com/@ikea_taiwan/post/DON3p4fk1FI,"@goodddayhbd 恭喜你獲得「拍到什麼得什麼」 最高等值1萬元商品🎉
提醒您務必於 9/8(一) 23:59前將以下資訊寄至活動小組信箱：ikea.event2025@gmail.com 需包含：中文姓名 / 聯絡電話 / 中獎照片 / 中獎照片拍攝日期 / 中獎照片拍攝店別 / 宜家卡卡友卡號/ 中獎者本人 Facebook 和 Threads 帳號主頁截圖
溫馨提醒，資訊是請以信件方式寄到指定信箱，不是回覆於此貼文留言唷！
逾期回覆及資料提供不完整者視同棄權，不予遞補得獎名額，主辦單位保留本活動最終解釋權",2025年9月5日 星期五 下午6:10,,"Photo by IKEA Taiwan on September 05, 2025.",2,,,
niki_1119,https://www.threads.com/@niki_1119/post/DODfEYak9Kv,"推車必買啊，小推車也不要放過😍
#我在IKEA_高雄_店一拍即得 拍到什麼就讓你抽回家！",2025年9月1日 星期一 下午5:23,@ikea_taiwan,"Photo by Niki Chen on September 01, 2025.",1,1,,,https://www.threads.com/@ikea_taiwan/post/DON3mQQEwjE,"@niki_1119 恭喜你獲得「拍到什麼得什麼」 最高等值1萬元商品🎉
提醒您務必於 9/8(一) 23:59前將以下資訊寄至活動小組信箱：ikea.event2025@gmail.com 需包含：中文姓名 / 聯絡電話 / 中獎照片 / 中獎照片拍攝日期 / 中獎照片拍攝店別 / 宜家卡卡友卡號/ 中獎者本人 Facebook 和 Threads 帳號主頁截圖
溫馨提醒，資訊是請以信件方式寄到指定信箱，不是回覆於此貼文留言唷！
逾期回覆及資料提供不完整者視同棄權，不予遞補得獎名額，主辦單位保留本活動最終解釋權",2025年9月5日 星期五 下午6:10,,"Photo by IKEA Taiwan on September 05, 2025.",3,,,
pc044966,https://www.threads.com/@pc044966/post/DN2TxdeXkE5,"IKEA
看到別人的貼文才知道這個活動 抽到鯊魚傘🌂",2025年8月27日 星期三 下午2:34,,"Photo by Sharon Hu on August 26, 2025. | Photo by Sharon Hu on August 26, 2025.",1347,87,21,2234,https://www.threads.com/@ikea_taiwan/post/DONuuz2k_jV,"來拍照不只有扭蛋！！！ 還有機會可以抽到十萬等值家具家飾唷✨
🚩IKEA一拍即得
2025-8-21",2025年9月5日 星期五 下午4:52,,,9,,,
fancy.alice,https://www.threads.com/@fancy.alice/post/DOK-m3IE3-h,"IKEA
我真的笑出來 在台中IKEA看到消波塊（延長線）",2025年9月4日 星期四 下午3:14,,,1950,71,98,1296,https://www.threads.com/@ikea_taiwan/post/DONsrIsE352,"消波塊
我們還有黃色的，可以來看看💛 lihi3.me/1diwa
lihi3.me
Redirecting...",2025年9月5日 星期五 下午4:34,,,55,1,,3
npm_south,https://www.threads.com/@npm_south/post/DOLc9CpEsC0,是這隻嗎,2025年9月4日 星期四 下午7:38,@ikea_taiwan,"Photo by 國立故宮博物院南部院區 on September 04, 2025.",110,4,,1,https://www.threads.com/@ikea_taiwan/post/DOLpVROExQJ,你這有兩隻手,2025年9月4日 星期四 下午9:27,,,1,,,
hoting_hung,https://www.threads.com/@hoting_hung/post/DOFLIekkl_o,想去找大小姐算命,2025年9月2日 星期二 上午9:07,@ikea_taiwan,,,1,,,https://www.threads.com/@ikea_taiwan/post/DOFYj_qk0m0,"妮翁：你有可能可以抽到大獎～快來玩一拍即得 lihi3.me/6lyHH
ikea.com.tw
ikea.com.tw",2025年9月2日 星期二 上午11:05,,,3,,1,
sjuk157,https://www.threads.com/@sjuk157/post/DOFVkUJk0SP,你們的東西早就被幻影旅團用同樣的手法搬走了，流星街現在到處都是你們的肉丸,2025年9月2日 星期二 上午10:38,@ikea_taiwan,,1,1,,,https://www.threads.com/@ikea_taiwan/post/DOFYS7_k03a,我們在流星街沒有分店，大家不要被誤導囉！,2025年9月2日 星期二 上午11:02,,,1,,,
sakai_jin0906,https://www.threads.com/@sakai_jin0906/post/DODvP1IgQPq,幻影旅團還會走不出去，你們應該是操作系的吧?,2025年9月1日 星期一 下午7:44,@ikea_taiwan,,17,1,,,https://www.threads.com/@ikea_taiwan/post/DOD55coEzEA,在霜淇淋的部分我們是變化系,2025年9月1日 星期一 下午9:17,,,27,,,
hodrmen.skincare,https://www.threads.com/@hodrmen.skincare/post/DODnhG0kmHF,有嗎？獵人試驗不是都辦在IKEA嗎？,2025年9月1日 星期一 下午6:37,@ikea_taiwan,,8,2,,,https://www.threads.com/@ikea_taiwan/post/DODqOT9E3bd,IKEA禁止奔跑（滑板也不行）,2025年9月1日 星期一 下午7:00,,,18,,,
bread_62_,https://www.threads.com/@bread_62_/post/DODhg24E1mn,請問拍賣現場改在IKEA了嗎😍,2025年9月1日 星期一 下午5:44,@ikea_taiwan,,3,1,,,https://www.threads.com/@ikea_taiwan/post/DODhwC1kYI5,小聲一點 我怕幻影旅團的人聽到,2025年9月1日 星期一 下午5:46,,,6,,,
0mi25672o7,https://www.threads.com/@0mi25672o7/post/DODhOqwj9YT,所以酷拉皮卡什麼時候才能下船,2025年9月1日 星期一 下午5:42,@ikea_taiwan,,,1,,1,https://www.threads.com/@ikea_taiwan/post/DODhgYpkQji,他去暗黑大陸前可能有先來過一趟IKEA,2025年9月1日 星期一 下午5:44,,,10,,,1
qek888,https://www.threads.com/@qek888/post/DODgmw7EZ79,Ikea有火紅眼可以買嗎？,2025年9月1日 星期一 下午5:36,@ikea_taiwan,,3,1,,1,https://www.threads.com/@ikea_taiwan/post/DODhVNakYuS,請小心有人會生氣 請將火紅眼速速歸還,2025年9月1日 星期一 下午5:43,,,7,,,1
hyperhypeup,https://www.threads.com/@hyperhypeup/post/DODf8paksT5,我的偶像庫洛洛也在嗎？,2025年9月1日 星期一 下午5:31,@ikea_taiwan,,1,1,,,https://www.threads.com/@ikea_taiwan/post/DODgM0akaRA,你可以邀請他一起過來,2025年9月1日 星期一 下午5:33,,,3,1,,
rivergroup_tw,https://www.threads.com/@rivergroup_tw/post/DODfz-rD7Sy,IKEA每次都會把我10塊錢偷走,2025年9月1日 星期一 下午5:29,@ikea_taiwan,,41,1,,,https://www.threads.com/@ikea_taiwan/post/DODf8c_ER4T,來參加拍賣會 也要記得順便吃根冰,2025年9月1日 星期一 下午5:31,,,6,,,
dasindolphin,https://www.threads.com/@dasindolphin/post/DOAVYxek6as,小編竟然知道這個...,2025年8月31日 星期日 下午12:01,@ikea_taiwan,,12,1,,,https://www.threads.com/@ikea_taiwan/post/DOAcQkEEzVH,當然 這麼可愛,2025年8月31日 星期日 下午1:01,,,6,,,
0126_h,https://www.threads.com/@0126_h/post/DOAaJGxgY8n,沒有對起來啊 強迫症發作耶,2025年8月31日 星期日 下午12:42,@ikea_taiwan,,54,1,,,https://www.threads.com/@ikea_taiwan/post/DOAcOqaE3RP,那這樣呢？,2025年8月31日 星期日 下午1:00,,"Photo by IKEA Taiwan on August 30, 2025.",119,1,1,8
llc_turtle,https://www.threads.com/@llc_turtle/post/DN0eDrX5sWB,我幫大家黏起來了,2025年8月26日 星期二 下午9:26,@ikea_taiwan,,4,1,,,https://www.threads.com/@ikea_taiwan/post/DN0gNH65jYl,好棒 這樣可以一句唱完,2025年8月26日 星期二 下午9:44,,,2,,,
george_milit,https://www.threads.com/@george_milit/post/DN0fqRAZlQ4,為什麼你的照片有聲音？,2025年8月26日 星期二 下午9:39,@ikea_taiwan,,2,1,,,https://www.threads.com/@ikea_taiwan/post/DN0gKhz5nNj,因為想要大家一起唱 一起吃,2025年8月26日 星期二 下午9:44,,,3,,,
besttour.tw,https://www.threads.com/@besttour.tw/post/DN0b-kzXvhc,🎂保庇保庇保庇保庇保庇保庇保庇ㄛ 翻譯,2025年8月26日 星期二 下午9:07,@ikea_taiwan,,3,1,,,https://www.threads.com/@ikea_taiwan/post/DN0cUOE5rvR,吃了保庇保庇保庇保庇保庇保庇啊啊,2025年8月26日 星期二 下午9:10,,,2,,,
emma.sleep.tw,https://www.threads.com/@emma.sleep.tw/post/DN0bOkkUgf7,做圖的時候一定邊做邊唱🤣,2025年8月26日 星期二 下午9:01,@ikea_taiwan,,,1,,,https://www.threads.com/@ikea_taiwan/post/DN0bSsJ5ibk,大家應該也是邊看邊唱,2025年8月26日 星期二 下午9:01,,,2,,,
rolled0516,https://www.threads.com/@rolled0516/post/DNzhSwJYi-Y,,2025年8月26日 星期二 下午12:35,@ikea_taiwan,"Photo by 𤦔鹹酥雞-安平店 on August 25, 2025.",18,1,2,,https://www.threads.com/@ikea_taiwan/post/DNzhg1X5s47,這也也是一隻好運小狗！,2025年8月26日 星期二 下午12:36,,,7,,1,
rey_118_,https://www.threads.com/@rey_118_/post/DNvIkyS3mMc,以防各位不知道ikea官網有幫這些動物娃娃們拍證件照 超ㄎㄧㄤ超可愛😂,2025年8月24日 星期日 下午7:42,,"Photo by 雷雷 on August 24, 2025. | Photo by 雷雷 on August 24, 2025. | Photo by 雷雷 on August 24, 2025. | Photo by 雷雷 on August 24, 2025. | Photo by 雷雷 on August 24, 2025.",63000,445,5554,14000,https://www.threads.com/@ikea_taiwan/post/DNxhvR6ZnBc,鯊鯊現在有特價 可以帶他回家拍各種角度的證件照 lihi3.me/oCXrq,2025年8月25日 星期一 下午6:00,,"Photo by IKEA Taiwan on August 25, 2025.",619,6,4,32
_bingyus,https://www.threads.com/@_bingyus/post/DNu26034rAb,以為刪掉就沒事了 想不到連逛ikea也不放過我💀,2025年8月24日 星期日 下午5:07,,"Photo by by on August 24, 2025. | Photo by by on August 24, 2025. | Photo by by on August 24, 2025.",4989,18,109,812,https://www.threads.com/@ikea_taiwan/post/DNxhgFUZsMk,"他除了教學工作之外，還會來IKEA打工 lihi3.me/aLFHq
ikea.com.tw
UPPSTÅ - 收納袋, 編織/綠色, 35 公分 | IKEA 線上購物",2025年8月25日 星期一 下午5:58,,"UPPSTÅ - 收納袋, 編織/綠色, 35 公分 | IKEA 線上購物",196,1,1,3
homeme.24,https://www.threads.com/@homeme.24/post/DNndWkzPFZ5,N年前耶 後面的櫃子全部都歸我（？😍,2025年8月21日 星期四 下午8:09,@ikea_taiwan,"Photo by Homeme🏠🐶🫶🏻 on August 21, 2025.",8,1,,,https://www.threads.com/@ikea_taiwan/post/DNxXgsg5oxT,現在也來店裡逛逛吧！,2025年8月25日 星期一 下午4:31,,,1,,,
,https://www.threads.com/@1innuwx/post/DIjAZXppCVT,1innuwx 我剛剛把它藏到最底下了 下次去帶走,2025年4月17日 星期四 下午8:02,,"Photo by @1innuwx on April 17, 2025. | Photo by @1innuwx on April 17, 2025.",9532,48,161,726,https://www.threads.com/@ikea_taiwan/post/DNpw57kTx_-,記得加上活動的# 就有機會抽中外星人寶寶👽,2025年8月22日 星期五 下午5:39,,,,,,
whisper__thread,https://www.threads.com/@whisper__thread/post/DNmrr12y2R0,,2025年8月21日 星期四 下午12:55,@ikea_taiwan讚回覆1轉發分享,"Photo by 𖥣綿綿私語𓂈 on August 20, 2025.",,1,,,https://www.threads.com/@ikea_taiwan/post/DNmr6xPzw6j,記得hashtag 我們才有機會抽到你！！,2025年8月21日 星期四 下午12:57,,,,,,
cnblue025,https://www.threads.com/@cnblue025/post/DNmrDJMSPCd,拜託送我白雪公主的鏡子 小編如果只有頭出現西瓜皮的程度可以嗎 #我在IKEA桃園店一拍即得,2025年8月21日 星期四 下午12:50,@ikea_taiwan拜託送我白雪公主的鏡子,"Photo by 林家瑜 on August 20, 2025. | Photo by 林家瑜 on August 20, 2025.",8,1,,1,https://www.threads.com/@ikea_taiwan/post/DNmrr3vTzZr,沒問題！！,2025年8月21日 星期四 下午12:55,,,3,1,,3
talonasd,https://www.threads.com/@talonasd/post/DNmq_vDToZq,超難買的甜甜圈燈,2025年8月21日 星期四 下午12:49,@ikea_taiwan超難買的甜甜圈燈讚56回覆1轉發分享,"Photo by Martin Su on August 20, 2025.",56,1,,,https://www.threads.com/@ikea_taiwan/post/DNmrpCvzBu_,記得#一下！ 讓我們有機會抽到你！,2025年8月21日 星期四 下午12:55,,,16,1,,
guagua_0906,https://www.threads.com/@guagua_0906/post/DNmqd5YRaC4,我有拍到( ´▽` )ﾉ（第二張最左邊）,2025年8月21日 星期四 下午12:45,@ikea_taiwan我有拍到(,,2,1,,,https://www.threads.com/@ikea_taiwan/post/DNmqiwETx_L,好讚！祝你好運,2025年8月21日 星期四 下午12:45,,,1,,,
felix.cchung,https://www.threads.com/@felix.cchung/post/DNmoBnwsKVl,#我在IKEA美國德州Round Rock店一拍即得 我來亂的,2025年8月21日 星期四 下午12:23,@ikea_taiwan#我在IKEA美國德州Round,"Photo by Felix Chung on August 20, 2025.",3,1,,,https://www.threads.com/@ikea_taiwan/post/DNmpxQEzyJe,看起來很好吃,2025年8月21日 星期四 下午12:38,,,2,,,
jimmywang1030,https://www.threads.com/@jimmywang1030/post/DNmnksby8IT,"小龍蝦派對餐好吃 #我在IKEA新莊店一拍即得
新莊Ikea宜家宜居-瑞典餐廳",2025年8月21日 星期四 下午12:19,@ikea_taiwan小龍蝦派對餐好吃,"Photo by 吉米王 on August 20, 2025. | Photo by 吉米王 on August 20, 2025.",6,2,,,https://www.threads.com/@ikea_taiwan/post/DNmpE3Nz9JR,吃飽再去展間逛逛，把家具家飾帶回家！,2025年8月21日 星期四 下午12:32,,,3,,,
guagua_0906,https://www.threads.com/@guagua_0906/post/DNmm5UgRNSK,#我在IKEA台中店一拍即得 我說我要整個房間應該很困難吧 那我要電腦椅,2025年8月21日 星期四 下午12:13,@ikea_taiwan#我在IKEA台中店一拍即得,"Photo by 呱呱 on August 20, 2025. | Photo by 呱呱 on August 20, 2025.",20,1,,2,https://www.threads.com/@ikea_taiwan/post/DNmo7dwzNmj,要拍到才有機會獲得喔～,2025年8月21日 星期四 下午12:31,,,24,1,,1
xy.brunch,https://www.threads.com/@xy.brunch/post/DNmk7cPv4sc,"#我在lKEA台中店ㄧ拍即得
抽我抽我😆",2025年8月21日 星期四 上午11:56,@ikea_taiwan#我在lKEA台中店ㄧ拍即得抽我抽我😆讚1回覆1轉發分享,"Photo by 昍（ㄒㄩㄢ）隅早午餐（XYBRUNCH） on August 20, 2025.",1,1,,,https://www.threads.com/@ikea_taiwan/post/DNmlSBzze6s,你確定你只想要這些嗎🤑,2025年8月21日 星期四 上午11:59,,,5,1,,
goout_gordon.primo,https://www.threads.com/@goout_gordon.primo/post/DNmkKnIyHCK,請賜我ikea新莊店一棟，小編我跟你3/7分 我三就好,2025年8月21日 星期四 上午11:49,@ikea_taiwan請賜我ikea新莊店一棟，小編我跟你3/7分,"Photo by 寬 李 on August 20, 2025.",1407,9,5,97,https://www.threads.com/@ikea_taiwan/post/DNmk9X6z9Bp,很有創意 但不行,2025年8月21日 星期四 上午11:56,,,663,1,,19
milkmilklee,https://www.threads.com/@milkmilklee/post/DNpqhJaSwMX,"IKEA
#我在IKEA新莊店一拍即得 自己先買了推車和椅子 還缺 音響燈具🤣很硬很硬很硬的床墊 大推榴槤冰淇淋🍦好臭好好吃🤤",2025年8月22日 星期五 下午4:43,@ikea_taiwan,"Photo by Milk Milk Lee on August 22, 2025.",3,1,,,https://www.threads.com/@ikea_taiwan/post/DNpwiX8z_x9,要跟它們合照才有機會擁有！,2025年8月22日 星期五 下午5:35,,,,1,,
mei_860909,https://www.threads.com/@mei_860909/post/DNnjw3UziL1,#我在IKEA台中店一拍即得 我希望我可以把整間搬回家～,2025年8月21日 星期四 下午9:05,@ikea_taiwan,"Photo by 洪媚 on August 21, 2025.",10,2,,1,https://www.threads.com/@ikea_taiwan/post/DNpV1qDTzSd,你也要在畫面裡面才有機會搬回家,2025年8月22日 星期五 下午1:42,,,5,1,,2
lzx18o_.zz,https://www.threads.com/@lzx18o_.zz/post/DNnxoAvz6r0,比讚配這些東西可以嗎 搬宿舍我需要這些 #我在IKEA 內湖店一拍即得,2025年8月21日 星期四 下午11:06,@ikea_taiwan,"Photo by ㄗㄗ on August 21, 2025.",,2,,,https://www.threads.com/@ikea_taiwan/post/DNpHntCz7mM,和展間拍張照吧！要拍到明確的商品，才能知道你想要什麼😎,2025年8月22日 星期五 上午11:38,,,,,,
_rita.0129_,https://www.threads.com/@_rita.0129_/post/DNoKwvVSm9U,#我在IKEA台中店一拍即得 還想要一隻鯊鯊不過份吧😂,2025年8月22日 星期五 上午2:46,@ikea_taiwan,"Photo by 𝕤𝕠𝕝𝕚𝕥𝕦𝕕𝕖 on August 21, 2025.",1,1,,1,https://www.threads.com/@ikea_taiwan/post/DNpFd1wzzqc,其實你可以更貪心一點,2025年8月22日 星期五 上午11:19,,,1,,,
fengyu_karasumi,https://www.threads.com/@fengyu_karasumi/post/DNozAauzzMc,#我在IKEA高雄店一拍即得 可是我不想要拉簾啊！！！！,2025年8月22日 星期五 上午8:38,@ikea_taiwan,"Photo by 豐漁漁場（烏魚&白蝦專養、烏魚子製作/零售、食魚教育） on August 21, 2025.",106,1,1,12,https://www.threads.com/@ikea_taiwan/post/DNpFU-Gz5Xg,Dress code好用心,2025年8月22日 星期五 上午11:18,,,12,1,,
s0e0a0n0__,https://www.threads.com/@s0e0a0n0__/post/DNm5KDlTPQo,"IKEA
ikea這顆夜燈真的超讚 加購遙控套件完全是正確的選擇🙂‍↕️ 1 / 2",2025年8月21日 星期四 下午2:53,,"Photo by 王語璿 on August 20, 2025. | Photo by 王語璿 on August 20, 2025. | Photo by 王語璿 on August 20, 2025. | Photo by 王語璿 on August 20, 2025. | Photo by 王語璿 on August 20, 2025.",3066,50,98,1326,https://www.threads.com/@ikea_taiwan/post/DNnNCB6zReY,"喜歡的話可以來這篇抽抽看 threads.com/@ikea…
🚩IKEA一拍即得",2025年8月21日 星期四 下午5:47,,,12,1,,2
richwang_1107,https://www.threads.com/@richwang_1107/post/DNm2XS2RvsW,我的床壞掉了 希望可以抽我拜託拜託🙏 #我在IKEA新莊店一拍即得,2025年8月21日 星期四 下午2:29,@ikea_taiwan,"Photo by 王禮祺 on August 20, 2025.",166,2,,7,https://www.threads.com/@ikea_taiwan/post/DNm_fl0To-s,你很棒 但你人親自到店裡拍會更棒😉,2025年8月21日 星期四 下午3:48,,,81,,,3
cxc.today,https://www.threads.com/@cxc.today/post/DNmmMXtpDpY,後面有放我家 C粉貓布偶的合照喔 喵～,2025年8月21日 星期四 下午12:07,@ikea_taiwan,"Photo by CxC.C 粉貓 on August 20, 2025.",,1,,,https://www.threads.com/@ikea_taiwan/post/DNm_ekIzfpI,可愛～但要親自來店裡拍才可以喔,2025年8月21日 星期四 下午3:48,,,1,2,,
quun._21,https://www.threads.com/@quun._21/post/DNm-1ZeJC5e,我要的不多我只要小編,2025年8月21日 星期四 下午3:43,@ikea_taiwan,"Photo by 21 on August 21, 2025.",94,2,,8,https://www.threads.com/@ikea_taiwan/post/DNm_VYpzOMg,被撩到了 可惜小編不在抽獎範圍內 什麼時候要來店裡拍拍照？,2025年8月21日 星期四 下午3:47,,,65,1,,
ypo.815,https://www.threads.com/@ypo.815/post/DNmjmjIPfA3,拍店員,2025年8月21日 星期四 上午11:45,@ikea_taiwan,,2,1,,,https://www.threads.com/@ikea_taiwan/post/DNmjq4SzZ6w,我們家的店員是大家的請勿獨佔,2025年8月21日 星期四 上午11:45,,,9,,,
yu.0805_,https://www.threads.com/@yu.0805_/post/DNmi5U5pbny,那就只好放上這個了、、 lze.0212 抽不到就你買給我 #我在IKEA台北城市店ㄧ拍即得,2025年8月21日 星期四 上午11:38,@ikea_taiwan,"Photo by @yu.0805_ on August 20, 2025.",23,1,,,https://www.threads.com/@ikea_taiwan/post/DNmi947zKwD,Hashtag起來整排的凸面鏡可能都你的,2025年8月21日 星期四 上午11:39,,,9,,,
patty_10_19,https://www.threads.com/@patty_10_19/post/DNmiZ7-pu57,上上週跟朋友去逛IKEA，每個小展間都好讚，可以買下IKEA現成展間嗎（X #我在IKEA高雄店一拍即得,2025年8月21日 星期四 上午11:34,@ikea_taiwan,"Photo by 0媛 on August 20, 2025. | Photo by 0媛 on August 20, 2025. | Photo by 0媛 on August 20, 2025. | Photo by 0媛 on August 20, 2025. | Photo by 0媛 on August 20, 2025.",4,1,,,https://www.threads.com/@ikea_taiwan/post/DNmi2mgTiPx,只要照片裡的都有有機會獲得喔！ 廣角開起來！！！,2025年8月21日 星期四 上午11:38,,,1,,,
eatgoodandsleepwell,https://www.threads.com/@eatgoodandsleepwell/post/DNmifdfzPK8,#我在IKEA新店店一拍即得 😍,2025年8月21日 星期四 上午11:35,@ikea_taiwan,"Photo by @eatgoodandsleepwell on August 20, 2025.",6,1,,2,https://www.threads.com/@ikea_taiwan/post/DNmizEbzykG,你很不貪心 值得嘉獎 （看看留言的其他人）,2025年8月21日 星期四 上午11:38,,,19,1,,
cxc.today,https://www.threads.com/@cxc.today/post/DNmiGKjJ9sN,"#我在IKEA新莊店一拍即得
#我在IKEA新莊店一拍即得 最愛外星寶包",2025年8月21日 星期四 上午11:31,@ikea_taiwan,"Photo by CxC.C 粉貓 on August 20, 2025. | Photo by CxC.C 粉貓 on August 20, 2025. | Photo by CxC.C 粉貓 on August 20, 2025.",30,1,1,10,https://www.threads.com/@ikea_taiwan/post/DNmiX-HTAU2,有沒有跟外星人合個照？ 如果有合照的話外星人就有機會可以跟你回家,2025年8月21日 星期四 上午11:34,,,17,1,,
yhxxpi,https://www.threads.com/@yhxxpi/post/DNmhfHJPIs5,#我在IKEA台北城市店ㄧ拍即得 拍了個小花房，還在想說帶回家要怎麼成列改造起來💙🩵,2025年8月21日 星期四 上午11:26,@ikea_taiwan,"Photo by 林花仔 🧃 on August 20, 2025.",9,1,,1,https://www.threads.com/@ikea_taiwan/post/DNmhwc-zn8T,Hashtag起來#我在IKEA__店一拍即得 就有機會抽到你送小花房🌼,2025年8月21日 星期四 上午11:28,,,4,,,
safari0107,https://www.threads.com/@safari0107/post/DNiirI_SiZA,我是蘋果瀏覽器 我反對開學,2025年8月19日 星期二 下午10:19,,,40000,320,2672,1053,https://www.threads.com/@ikea_taiwan/post/DNkhWAXzhiW,"我是IKEA 我同意開學建立新人設
開學
2025-8-8",2025年8月20日 星期三 下午4:46,,,573,2,1,10
li501464,https://www.threads.com/@li501464/post/DNiszd1Sr6u,"IKEA
在IKEA 買的 本來以為滿廢的 結果⋯",2025年8月19日 星期二 下午11:48,,,3372,36,30,754,https://www.threads.com/@ikea_taiwan/post/DNj6PH7THYr,"哪裡廢 讓人廢在床上而已>> lihi3.me/GHHCf
ikea_taiwan",2025年8月20日 星期三 上午11:05,,,321,1,1,33
gu_taiwan,https://www.threads.com/@gu_taiwan/post/DNf9W8Lp2u1,藍色配黃色就是最棒的組合💙💛,2025年8月18日 星期一 下午10:15,@ikea_taiwan,,26,1,1,,https://www.threads.com/@ikea_taiwan/post/DNha4NfT4IR,你說藍黃是大家最愛的顏色,2025年8月19日 星期二 上午11:52,,,3,,,
cooking_fun.tw,https://www.threads.com/@cooking_fun.tw/post/DNf0cvbyQti,你說藍色是你最愛的顏色～🩵💙,2025年8月18日 星期一 下午8:57,@ikea_taiwan,,2,1,,,https://www.threads.com/@ikea_taiwan/post/DNf0tjIzbyp,牽手去IKEA的每一步～🩵💙 lihi2.com/fOwVK,2025年8月18日 星期一 下午8:59,,,1,,,
gorogoro_kohii,https://www.threads.com/@gorogoro_kohii/post/DNZtj5GTubL,少了浴室拖鞋,2025年8月16日 星期六 下午12:01,@ikea_taiwan,"Photo by 呼嚕咖啡館｜浪貓中途驛站 on August 15, 2025.",7,1,,,https://www.threads.com/@ikea_taiwan/post/DNa6FiWTIx1,"好像蠻適合跟這系列搭配的 ￼ lihi2.com/YAnCx
ikea.com.tw
省水衛浴設備、浴室用品 | BERGVATTNET系列 – IKEA線上購物",2025年8月16日 星期六 下午11:10,,省水衛浴設備、浴室用品 | BERGVATTNET系列 – IKEA線上購物,1,,,
stanley.aq0628,https://www.threads.com/@stanley.aq0628/post/DNar7kPBrOO,好愛藍色系。,2025年8月16日 星期六 下午9:06,@ikea_taiwan,,,1,,,https://www.threads.com/@ikea_taiwan/post/DNa6CLEzGT6,你說藍色是你最愛的顏色 ￼ lihi2.com/YAnCx,2025年8月16日 星期六 下午11:10,,,1,,,
rivergroup_tw,https://www.threads.com/@rivergroup_tw/post/DNX2m3bSZcZ,肉丸最棒了,2025年8月15日 星期五 下午6:42,@ikea_taiwan,,8,1,,,https://www.threads.com/@ikea_taiwan/post/DNX2s9pTBRM,肉丸愛大家,2025年8月15日 星期五 下午6:43,,,2,,,
tsumu.kaze,https://www.threads.com/@tsumu.kaze/post/DNWXwNEz6RA,我以為大學的夜生活是挑戰不被發現的情況下在ikea過夜⋯⋯,2025年8月15日 星期五 上午4:53,@ikea_taiwan,,2,1,,,https://www.threads.com/@ikea_taiwan/post/DNXl8-fzG5H,你確定要這樣嗎？,2025年8月15日 星期五 下午4:16,,,1,1,,
_esther116_,https://www.threads.com/@_esther116_/post/DNVjpz0zm5-,睡覺一定要的吧,2025年8月14日 星期四 下午9:18,@ikea_taiwan,,,1,,,https://www.threads.com/@ikea_taiwan/post/DNVoE3UzmyO,"必須！買對寢具也是一定要 lihi2.com/gAXuu
ikea.com.tw
IKEA 辦公桌、書桌、電腦桌、辦公椅 | 辦公系列10年品質保固 - IKEA線上購物",2025年8月14日 星期四 下午9:57,,IKEA 辦公桌、書桌、電腦桌、辦公椅 | 辦公系列10年品質保固 - IKEA線上購物,,,,
huasheng1981,https://www.threads.com/@huasheng1981/post/DNSjnWHpMmN,肉丸不准走，我要跟你沒丸沒了 肉丸：好的，肉丸沒了,2025年8月13日 星期三 下午5:20,@ikea_taiwan,,,1,,,https://www.threads.com/@ikea_taiwan/post/DNSu9SRz76y,丸了,2025年8月13日 星期三 下午6:59,,,1,,,
easonlin_511,https://www.threads.com/@easonlin_511/post/DNSUaAfTJqD,請不要丸弄我的心,2025年8月13日 星期三 下午3:07,@ikea_taiwan,,5,1,,,https://www.threads.com/@ikea_taiwan/post/DNSu6ZxTwSc,8/31之後就丸完了,2025年8月13日 星期三 下午6:59,,,3,,,
mil._.811,https://www.threads.com/@mil._.811/post/DNSNz8SPNup,可是我最近沒有要買的家具,2025年8月13日 星期三 下午2:09,@ikea_taiwan,,,1,,,https://www.threads.com/@ikea_taiwan/post/DNSukdqTsG6,家具 家飾 吃東西 都可以集點喔！,2025年8月13日 星期三 下午6:56,,,,,,
pregret._.b,https://www.threads.com/@pregret._.b/post/DNSiKENxP8p,誇我,2025年8月13日 星期三 下午5:07,@ikea_taiwan,"Photo by 🦈 on August 13, 2025.",21,1,,,https://www.threads.com/@ikea_taiwan/post/DNSueqVTbTQ,好棒！那找朋友再來換一個😉,2025年8月13日 星期三 下午6:55,,,4,,,
hayashi.gn,https://www.threads.com/@hayashi.gn/post/DNQ6mVRSzYF,超可愛,2025年8月13日 星期三 上午2:02,@ikea_taiwan,"Photo by 林GN on August 12, 2025.",33,1,,,https://www.threads.com/@ikea_taiwan/post/DNR0N3_zqzc,肉丸寶寶會陪你很久很久😍,2025年8月13日 星期三 上午10:26,,,7,,,
puxder7879,https://www.threads.com/@puxder7879/post/DNQwF3XvdFM,啊啊啊 我還沒拿到,2025年8月13日 星期三 上午12:30,@ikea_taiwan,,,1,,,https://www.threads.com/@ikea_taiwan/post/DNRz6qmTcCY,快來快來，不然要錯過了,2025年8月13日 星期三 上午10:23,,,1,,,
yu.yuuuuuu,https://www.threads.com/@yu.yuuuuuu/post/DNQecqRzEMW,肉丸連眼睛一起拜拜惹ㄋ,2025年8月12日 星期二 下午9:56,@ikea_taiwan,"Photo by yu do 魚 肚 on August 12, 2025.",68,1,,,https://www.threads.com/@ikea_taiwan/post/DNQfYR-T2IY,他轉身離開,2025年8月12日 星期二 下午10:04,,,39,1,,
_berryhills,https://www.threads.com/@_berryhills/post/DNQbD7pR_iM,肉丸走了 換誰來^◜ω◝^ ੭？,2025年8月12日 星期二 下午9:27,@ikea_taiwan,,4,1,,,https://www.threads.com/@ikea_taiwan/post/DNQbO0wzwVK,先來集點換肉丸,2025年8月12日 星期二 下午9:28,,,,,,
oly.love.travel,https://www.threads.com/@oly.love.travel/post/DNC3GLnybRF,IKEA居然有賣朝思暮想的芒果糯米飯‼️ 1 / 2,2025年8月7日 星期四 下午3:02,,"Photo by 𝑶𝒍𝒚 𝑻𝒓𝒂𝒗𝒆𝒍 × 吃喝玩樂小夥伴 on August 07, 2025. | Photo by 𝑶𝒍𝒚 𝑻𝒓𝒂𝒗𝒆𝒍 × 吃喝玩樂小夥伴 on August 07, 2025.",5842,148,256,6813,https://www.threads.com/@ikea_taiwan/post/DNNbMG5pBrt,"歡迎大家來IKEA蝦芒🦞🥭
ikea_taiwan",2025年8月11日 星期一 下午5:30,,,97,3,1,13
little345__,https://www.threads.com/@little345__/post/DNNEnMpyNQI,"貓咪日常
兩隻都好愛 @ikea_taiwan 這個沙發 每天都在為了躺它大打出手⋯",2025年8月11日 星期一 下午2:13,,"Photo by 小三小四小五🔋 on August 10, 2025. | Photo by 小三小四小五🔋 on August 10, 2025. | Photo by 小三小四小五🔋 on August 10, 2025.",57,3,1,3,https://www.threads.com/@ikea_taiwan/post/DNNIQuDTDQN,"🐱別打了 要打就去椅子上打（誤） lihi2.com/EBjGh
ikea.com.tw
DYVLINGE - 旋轉休閒椅, Kelinge 橘色 | IKEA 線上購物",2025年8月11日 星期一 下午2:45,,"DYVLINGE - 旋轉休閒椅, Kelinge 橘色 | IKEA 線上購物",37,,2,1
scp_luxiao,https://www.threads.com/@scp_luxiao/post/DNFHTnFSWLx,我要當高冷霸總,2025年8月8日 星期五 下午12:02,@ikea_taiwan,,7,1,,1,https://www.threads.com/@ikea_taiwan/post/DNFHtn4z1Ea,高冷霸總的話我推這張 極簡線條突顯出霸氣 低調中透著奢華,2025年8月8日 星期五 下午12:06,,"Photo by IKEA Taiwan on August 07, 2025.",13,,,2
yuboti70,https://www.threads.com/@yuboti70/post/DM_38rxvi3J,第一張想說為何IKEA要出大便周邊🤔,2025年8月6日 星期三 上午11:12,@ikea_taiwan,,5,1,,1,https://www.threads.com/@ikea_taiwan/post/DNAL2uVBJOH,喂,2025年8月6日 星期三 下午2:06,,,4,,,
dodomo.tw,https://www.threads.com/@dodomo.tw/post/DM_7hPoRNyO,小孩子才做選擇!!!,2025年8月6日 星期三 上午11:43,@ikea_taiwan,,,1,,,https://www.threads.com/@ikea_taiwan/post/DNALz_jh6O8,全要了,2025年8月6日 星期三 下午2:06,,,,,,
goforsherlock,https://www.threads.com/@goforsherlock/post/DNALXaGTVbv,最大問題在於：養了肉丸之後我怎麼吃肉丸🥹🥹🥹,2025年8月6日 星期三 下午2:02,@ikea_taiwan,,2,1,,,https://www.threads.com/@ikea_taiwan/post/DNALe6TBCa1,帶肉丸來吃肉丸,2025年8月6日 星期三 下午2:03,,,2,1,,
softlyco888,https://www.threads.com/@softlyco888/post/DM-ha2mzvu3,"不能吸爆🐱
差評🙅‍♀️❌",2025年8月5日 星期二 下午10:36,@ikea_taiwan,,2,1,,,https://www.threads.com/@ikea_taiwan/post/DM_k6_sB2ot,可以帶來IKEA一起吃爆,2025年8月6日 星期三 上午8:26,,,1,,,
enyue1216,https://www.threads.com/@enyue1216/post/DM-0SW9PUR0,小朋友才做選擇,2025年8月6日 星期三 上午1:21,@ikea_taiwan,"Photo by Yue🌙 on August 05, 2025.",527,2,2,8,https://www.threads.com/@ikea_taiwan/post/DM_kwCHhO8X,兩個都要！！！,2025年8月6日 星期三 上午8:24,,,49,,,
willy_.11.18__car.draw,https://www.threads.com/@willy_.11.18__car.draw/post/DM_j3IBTOAV,我家的貓超帥而且還是Michael Jordan 肉丸子會跳嗎,2025年8月6日 星期三 上午8:16,@ikea_taiwan,"Photo by 小羅彣 on August 05, 2025. | Photo by 小羅彣 on August 05, 2025. | Photo by 小羅彣 on August 05, 2025. | Photo by 小羅彣 on August 05, 2025.",58,1,,2,https://www.threads.com/@ikea_taiwan/post/DM_kh7zB8bm,被貓主子打下桌子時 會跳「一下」,2025年8月6日 星期三 上午8:22,,,15,,,
nacuj.e,https://www.threads.com/@nacuj.e/post/DM-i8sxyf35,說我壞話是嗎,2025年8月5日 星期二 下午10:49,@ikea_taiwan,"Photo by @nacuj.e on August 05, 2025.",324,1,,,https://www.threads.com/@ikea_taiwan/post/DM-k1rZhTix,聽說那些都是貓貓的優點,2025年8月5日 星期二 下午11:06,,,64,,,
ccu_3c_product,https://www.threads.com/@ccu_3c_product/post/DM-YrkQTSIB,集好丸的（幾好玩的）,2025年8月5日 星期二 下午9:20,@ikea_taiwan,,21,1,,,https://www.threads.com/@ikea_taiwan/post/DM-ZxDoBUcg,要帶肉丸回家丸嗎？,2025年8月5日 星期二 下午9:29,,,19,1,,
heysong2020,https://www.threads.com/@heysong2020/post/DM-YGH_S7cH,你說什麼？,2025年8月5日 星期二 下午9:14,@ikea_taiwan,"Photo by 我是黑鬆 肉鬆的鬆 on August 05, 2025.",948,1,,8,https://www.threads.com/@ikea_taiwan/post/DM-YjusB0nP,不敢惹貓皇 表示投降,2025年8月5日 星期二 下午9:18,,,215,1,,
pracsoc,https://www.threads.com/@pracsoc/post/DM-WkkCpWaZ,哇,2025年8月5日 星期二 下午9:01,@ikea_taiwan,,1,1,,,https://www.threads.com/@ikea_taiwan/post/DM-WycDhwHQ,丸？,2025年8月5日 星期二 下午9:03,,,4,,,
hypotato_chips,https://www.threads.com/@hypotato_chips/post/DM9MkePPShI,蚵仔煎洋芋片,2025年8月5日 星期二 上午10:14,@ikea_taiwan,"Photo by 蚵仔煎洋芋片 on August 04, 2025.",48,1,,,https://www.threads.com/@ikea_taiwan/post/DM9iWyvJfft,你是不是想說點什麼？你可以放心講，老闆看不到,2025年8月5日 星期二 下午1:25,,,5,,,
thedodomen,https://www.threads.com/@thedodomen/post/DM71sjYznbg,欸…我應該沒讓大家🦐忙吧,2025年8月4日 星期一 下午9:35,@ikea_taiwan,,196,5,,9,https://www.threads.com/@ikea_taiwan/post/DM79K3npmYb,好像老闆都會這麼說欸😓,2025年8月4日 星期一 下午10:41,,,8,,,
kyukonzo.co,https://www.threads.com/@kyukonzo.co/post/DM7rzn7vMyB,組裝ikea,2025年8月4日 星期一 下午8:09,@ikea_taiwan,,,1,,,https://www.threads.com/@ikea_taiwan/post/DM72poBpWOh,欸！本來就該組裝,2025年8月4日 星期一 下午9:44,,,,,,
invoiceman.ig,https://www.threads.com/@invoiceman.ig/post/DM72ABDy8rd,有一整個抽屜的紙本發票 一張張對完沒有半張中獎 而且早就過期了,2025年8月4日 星期一 下午9:38,@ikea_taiwan,,1,1,,,https://www.threads.com/@ikea_taiwan/post/DM72dJOJd02,完全懂這種瞎忙的感覺,2025年8月4日 星期一 下午9:42,,,1,,,
tsgal24,https://www.threads.com/@tsgal24/post/DM7mrpGy6ti,上次有個要辦的活動，我搞超～久！主管一直拖時間，最後直接說取消？！啊我前面是在用心酸？,2025年8月4日 星期一 下午7:24,@ikea_taiwan,,25,1,,,https://www.threads.com/@ikea_taiwan/post/DM7yN3pJU9n,辛苦你了🥹,2025年8月4日 星期一 下午9:05,,,,,,
az4411,https://www.threads.com/@az4411/post/DM7m0sCPppW,找半天眼鏡，結果發現是推到頭頂上,2025年8月4日 星期一 下午7:25,@ikea_taiwan,,5,1,,,https://www.threads.com/@ikea_taiwan/post/DM7m7TBJPLe,你真可愛,2025年8月4日 星期一 下午7:26,,,3,,,
summer_5may,https://www.threads.com/@summer_5may/post/DM7keRFB6_C,陪前男友走過人生低谷結果他痊癒之後跑去牽別人手 謝謝😊,2025年8月4日 星期一 下午7:05,@ikea_taiwan,,1,1,,,https://www.threads.com/@ikea_taiwan/post/DM7lj1gJK2m,我抱抱你,2025年8月4日 星期一 下午7:14,,,1,,,
sanfar2013hui,https://www.threads.com/@sanfar2013hui/post/DM7kGQuzugQ,好久沒去店裡吃飯了,2025年8月4日 星期一 下午7:02,@ikea_taiwan,,,1,,,https://www.threads.com/@ikea_taiwan/post/DM7lW_2pYzF,歡迎你🙌🏻,2025年8月4日 星期一 下午7:13,,,,,,
_esther116_,https://www.threads.com/@_esther116_/post/DM7kfmkTlgR,做好東西發現自己沒按ctrl s…,2025年8月4日 星期一 下午7:05,@ikea_taiwan,,3,1,,,https://www.threads.com/@ikea_taiwan/post/DM7lSWfp5Pq,我聽了好害怕⋯⋯,2025年8月4日 星期一 下午7:12,,,,,,
ariel.141314,https://www.threads.com/@ariel.141314/post/DMsXUgZyaok,好好看,2025年7月29日 星期二 下午9:21,@ikea_taiwan,,,1,,,https://www.threads.com/@ikea_taiwan/post/DMsmmJhTwfi,真的很好看也很好用 lihi2.com/WddeF,2025年7月29日 星期二 下午11:35,,,1,,,
cweiii.23,https://www.threads.com/@cweiii.23/post/DMsdbS9ydd-,很讚欸,2025年7月29日 星期二 下午10:15,@lalaka_21,,,1,,,https://www.threads.com/@ikea_taiwan/post/DMsmBXqz0IT,一起來逛吧！ lihi2.com/WddeF,2025年7月29日 星期二 下午11:30,,,,,,
stanley.aq0628,https://www.threads.com/@stanley.aq0628/post/DMsWgGABgTl,這個看起來不錯。,2025年7月29日 星期二 下午9:14,@ikea_taiwan,,5,1,,2,https://www.threads.com/@ikea_taiwan/post/DMsl0PpTnui,真的很不錯，趕快帶回家 lihi2.com/WddeF,2025年7月29日 星期二 下午11:28,,,,,,
cjw_0805,https://www.threads.com/@cjw_0805/post/DMsiqa5Tw6i,我要🥵,2025年7月29日 星期二 下午11:00,@s.y_film,,,1,,,https://www.threads.com/@ikea_taiwan/post/DMslcpVz-bE,快把它帶回家😍 lihi2.com/WddeF,2025年7月29日 星期二 下午11:25,,,,,,
ashleytravller,https://www.threads.com/@ashleytravller/post/DMsinGLPi9l,我最後一定會忘記我把遙控器放在裡面😂,2025年7月29日 星期二 下午11:00,@ikea_taiwan,,139,1,,3,https://www.threads.com/@ikea_taiwan/post/DMslWlwTPnY,固定放一定會記得😆 lihi2.com/WddeF,2025年7月29日 星期二 下午11:24,,,9,,,1
aning_92,https://www.threads.com/@aning_92/post/DMsihJ6v5no,可以藏衛生紙滿喜歡的,2025年7月29日 星期二 下午10:59,@ikea_taiwan,,8,1,,2,https://www.threads.com/@ikea_taiwan/post/DMslUEWzChM,是不是很方便！ lihi2.com/WddeF,2025年7月29日 星期二 下午11:24,,,,,,
su.earsmen,https://www.threads.com/@su.earsmen/post/DMsaCZgTJV1,有點喜歡了,2025年7月29日 星期二 下午9:45,@ikea_taiwan,,1,1,,1,https://www.threads.com/@ikea_taiwan/post/DMsfc3mpiFA,那就帶他回家 lihi2.com/WddeF,2025年7月29日 星期二 下午10:32,,,,,,
pincouture_tw,https://www.threads.com/@pincouture_tw/post/DMhto7KTzJf,消失的速度是快還是慢呢？,2025年7月25日 星期五 下午6:05,@ikea_taiwan,,1,1,,,https://www.threads.com/@ikea_taiwan/post/DMiSrEVhAkR,7/30就不見了 所以應該是蠻快的 lihi2.com/Rvc0u,2025年7月25日 星期五 下午11:28,,,1,,,
preporodlove,https://www.threads.com/@preporodlove/post/DMa1h2gzUc4,希望有每週報報,2025年7月23日 星期三 上午1:59,@ikea_taiwan,,1,1,,,https://www.threads.com/@ikea_taiwan/post/DMciasAJomo,"7/24-7/30 最後一週了 請把握👊🏻 lihi2.com/xvBeb
ikea.com.tw
IKEA精選收納85折起！｜IKEA Family 宜家卡｜宜家卡線上免費申辦，即享IKEA卡友專屬優惠｜IKEA線上購物",2025年7月23日 星期三 下午5:50,,IKEA精選收納85折起！｜IKEA Family 宜家卡｜宜家卡線上免費申辦，即享IKEA卡友專屬優惠｜IKEA線上購物,2,,,
stu_young_0227,https://www.threads.com/@stu_young_0227/post/DMamDbAz3Hc,其實明星商品是馬桶刷,2025年7月22日 星期二 下午11:44,@ikea_taiwan,,38,1,,,https://www.threads.com/@ikea_taiwan/post/DMcIDp-pA9S,"人家明星商品在這邊 lihi2.com/xvBeb
ikea.com.tw
IKEA精選收納85折起！｜IKEA Family 宜家卡｜宜家卡線上免費申辦，即享IKEA卡友專屬優惠｜IKEA線上購物",2025年7月23日 星期三 下午2:00,,IKEA精選收納85折起！｜IKEA Family 宜家卡｜宜家卡線上免費申辦，即享IKEA卡友專屬優惠｜IKEA線上購物,1,,,
czl_7919,https://www.threads.com/@czl_7919/post/DMafuJVSuvk,橘的我告訴你！我只要黑的還要桃園店！,2025年7月22日 星期二 下午10:48,@ikea_taiwan,,2,1,,2,https://www.threads.com/@ikea_taiwan/post/DMbpwlYSDWE,"想要黑的記得要在7/23之前找他喔 lihi2.com/xvBeb
ikea.com.tw
IKEA精選收納85折起！｜IKEA Family 宜家卡｜宜家卡線上免費申辦，即享IKEA卡友專屬優惠｜IKEA線上購物",2025年7月23日 星期三 上午9:35,,IKEA精選收納85折起！｜IKEA Family 宜家卡｜宜家卡線上免費申辦，即享IKEA卡友專屬優惠｜IKEA線上購物,1,,,1
nanshih232,https://www.threads.com/@nanshih232/post/DMaY0DKS7KR,最想買的是那個收音清潔兩用的麥克風,2025年7月22日 星期二 下午9:48,@ikea_taiwan,,85,2,,,https://www.threads.com/@ikea_taiwan/post/DMaZEpyp6Pb,"可以考慮全都一起帶走 lihi2.com/xvBeb
ikea.com.tw
IKEA精選收納85折起！｜IKEA Family 宜家卡｜宜家卡線上免費申辦，即享IKEA卡友專屬優惠｜IKEA線上購物",2025年7月22日 星期二 下午9:50,,IKEA精選收納85折起！｜IKEA Family 宜家卡｜宜家卡線上免費申辦，即享IKEA卡友專屬優惠｜IKEA線上購物,4,1,,
rivergroup_tw,https://www.threads.com/@rivergroup_tw/post/DMW35K3v2B8,3折肱而成良醫KEA......,2025年7月21日 星期一 下午1:03,@ikea_taiwan,,2,1,,,https://www.threads.com/@ikea_taiwan/post/DMaUBBpp-6j,"絕版品出清 趕緊來KEA lihi2.com/rnWIo
ikea.com.tw
最後倒數！IKEA絕版品出清3折起 2026｜IKEA線上購物",2025年7月22日 星期二 下午9:06,,,,,,
cwcircle,https://www.threads.com/@cwcircle/post/DMKIBSuJ70x,小編的創意深深地吸引我😆😆😆好欣賞,2025年7月16日 星期三 下午2:13,@ikea_taiwan,,1,1,,,https://www.threads.com/@ikea_taiwan/post/DMKQIOFTQsE,這篇摯友只有你看得到... lihi2.com/bJzsu,2025年7月16日 星期三 下午3:24,,"Photo by IKEA Taiwan on July 16, 2025.",1,,,
bio_horien,https://www.threads.com/@bio_horien/post/DMKMDuFScEa,戒了煙我不習慣 沒有你我怎麼辦🚬,2025年7月16日 星期三 下午2:49,@ikea_taiwan,"Photo by 海昌生化科技股份有限公司 on July 15, 2025.",3,1,,,https://www.threads.com/@ikea_taiwan/post/DMKQFA1zq6a,我沒辦法習慣你不在 . . . 不在IKEA逛絕版品 lihi2.com/bJzsu,2025年7月16日 星期三 下午3:24,,"Photo by IKEA Taiwan on July 16, 2025.",1,,,
kurumin.314,https://www.threads.com/@kurumin.314/post/DMIWdOpzkhf,謝謝 這裡還是I dot car😭🫵🏻,2025年7月15日 星期二 下午9:41,@ikea_taiwan,,97,2,,,https://www.threads.com/@ikea_taiwan/post/DMJydxkpFUX,I car 大家有沒有car絕版品出清😭 lihi2.com/bJzsu,2025年7月16日 星期三 上午11:05,,"Photo by IKEA Taiwan on July 15, 2025.",10,,,
evans0717,https://www.threads.com/@evans0717/post/DMIe0Q6yB96,對你來說這可能只是普通的滷味， 但對我來說這是我很重要的宵夜。,2025年7月15日 星期二 下午10:54,@ikea_taiwan,"Photo by Evans on July 15, 2025.",15,1,,,https://www.threads.com/@ikea_taiwan/post/DMJtyd6z1F9,對你來說可能這是很普通的絕版品出清 但對我來說這是你一定要來逛的史上最低三折起的絕版品出清 答應我要來，好嗎？ lihi2.com/bJzsu,2025年7月16日 星期三 上午10:24,,"Photo by IKEA Taiwan on July 15, 2025.",1,,,
cc_103_,https://www.threads.com/@cc_103_/post/DMIzTuRz_wq,這個世界終於瘋成我喜歡的樣子了,2025年7月16日 星期三 上午1:53,@ikea_taiwan,,1,1,,,https://www.threads.com/@ikea_taiwan/post/DMJthiTzWil,史上最低三折起，你也會喜歡 lihi2.com/bJzsu,2025年7月16日 星期三 上午10:22,,"Photo by IKEA Taiwan on July 15, 2025.",1,,,
ronas_tsa,https://www.threads.com/@ronas_tsa/post/DMIcDoSzxrW,？很認真在看ㄟ 結果是ikea 😎👉🏻👈🏻,2025年7月15日 星期二 下午10:30,@ikea_taiwan,,,1,,,https://www.threads.com/@ikea_taiwan/post/DMJtIQYTlw3,就算是我 也會有這種時候 出清的時候... lihi2.com/bJzsu,2025年7月16日 星期三 上午10:18,,"Photo by IKEA Taiwan on July 15, 2025.",2,,,
chien_dumpling,https://www.threads.com/@chien_dumpling/post/DMJp0EoPT0E,誰能懂,2025年7月16日 星期三 上午9:49,@ikea_taiwan,"Photo by 媽媽的味道-簡水餃 Chien Dumpling on July 15, 2025.",1,1,,,https://www.threads.com/@ikea_taiwan/post/DMJsNP6TXF7,"摯友只有尼 不知道尼484會來絕版品出清ㄋ...
lihi2.com/bJzsu",2025年7月16日 星期三 上午10:10,,"Photo by IKEA Taiwan on July 15, 2025.",1,,,
akitaiwan,https://www.threads.com/@akitaiwan/post/DMIhYtnvvj3,我有時候在想，你到底經歷了什麼，才能源源不絕的產出各種超有梗的貼文！有夠喜歡！,2025年7月15日 星期二 下午11:17,@ikea_taiwan,,46,1,,,https://www.threads.com/@ikea_taiwan/post/DMJrSxGTecl,正在經歷等你來絕版品出清三折起 lihi2.com/bJzsu,2025年7月16日 星期三 上午10:02,,"Photo by IKEA Taiwan on July 15, 2025.",2,,,
dj_chris68,https://www.threads.com/@dj_chris68/post/DMIXvqqye3g,,2025年7月15日 星期二 下午9:52,@ikea_taiwan,"Photo by 鄭銘德 on July 15, 2025.",829,2,4,113,https://www.threads.com/@ikea_taiwan/post/DMJq5iByFJR,我沒有派kea 只是希望你能懂絕版品出清 lihi2.com/bJzsu,2025年7月16日 星期三 上午9:59,,"Photo by IKEA Taiwan on July 15, 2025.",131,1,,1
kt612_,https://www.threads.com/@kt612_/post/DMIivaBTyLn,給了妳全部 才知道你要的只是新鮮感,2025年7月15日 星期二 下午11:28,@ikea_taiwan,"Photo by 焜棠 on July 15, 2025.",130,1,,9,https://www.threads.com/@ikea_taiwan/post/DMJn1u5Sb-V,終於明白這份愛有期限 絕版品出清三折起也是⋯到7/30 lihi2.com/bJzsu,2025年7月16日 星期三 上午9:32,,"Photo by IKEA Taiwan on July 15, 2025.",31,2,,2
tainiy99,https://www.threads.com/@tainiy99/post/DMIlHfPPggD,宜ki啞你挺有梗的耶,2025年7月15日 星期二 下午11:49,@ikea_taiwan,,,1,,,https://www.threads.com/@ikea_taiwan/post/DMJlGe2hkml,只是喧鬧的週末少了你來逛 lihi2.com/bJzsu,2025年7月16日 星期三 上午9:08,,"Photo by IKEA Taiwan on July 15, 2025.",1,,,1
wu_____6,https://www.threads.com/@wu_____6/post/DMInzWWz9bw,上班上出憂鬱症,2025年7月16日 星期三 上午12:13,@ikea_taiwan,,4,1,,,https://www.threads.com/@ikea_taiwan/post/DMJk-g-B1TM,我很好 只是絕版絕出三折起 lihi2.com/bJzsu,2025年7月16日 星期三 上午9:07,,"Photo by IKEA Taiwan on July 15, 2025.",,,,
paradise9319_,https://www.threads.com/@paradise9319_/post/DMI0MZfTvKs,小編你太會了‼️,2025年7月16日 星期三 上午2:01,@ikea_taiwan,,1,1,,1,https://www.threads.com/@ikea_taiwan/post/DMJk0CShG9s,我什麼都會 還會出清三折起😔 lihi2.com/bJzsu,2025年7月16日 星期三 上午9:06,,"Photo by IKEA Taiwan on July 15, 2025.",,,,
jiayunlove,https://www.threads.com/@jiayunlove/post/DMJJ1ZqTIvI,小編心情還好嗎,2025年7月16日 星期三 上午5:10,@ikea_taiwan,,,1,,,https://www.threads.com/@ikea_taiwan/post/DMJkr9bBFMI,我很好 只是少了你們⋯⋯ 來逛絕版品出清三折起 lihi2.com/bJzsu,2025年7月16日 星期三 上午9:05,,"Photo by IKEA Taiwan on July 15, 2025.",1,,,
jinyuliy,https://www.threads.com/@jinyuliy/post/DMIjjWQyXZR,我想繁華的台北市並不適合我⋯,2025年7月15日 星期二 下午11:36,@ikea_taiwan,"Photo by @jinyuliy on July 15, 2025.",66,1,,,https://www.threads.com/@ikea_taiwan/post/DMJkgnlBOV3,也許絕版品三折起會有適合大家的⋯⋯ lihi2.com/bJzsu,2025年7月16日 星期三 上午9:03,,"Photo by IKEA Taiwan on July 15, 2025.",12,,,
ting_tong.design,https://www.threads.com/@ting_tong.design/post/DMIfvZQPgiM,小編今天很可以👍,2025年7月15日 星期二 下午11:02,@ikea_taiwan,,,1,,,https://www.threads.com/@ikea_taiwan/post/DMJkXKJBu2P,我們的絕版品出清 也很可以⋯⋯ lihi2.com/bJzsu,2025年7月16日 星期三 上午9:02,,"Photo by IKEA Taiwan on July 15, 2025.",1,,,
long_2398,https://www.threads.com/@long_2398/post/DMIozh0Ss0M,有嚇到一下😂..,2025年7月16日 星期三 上午12:21,@ikea_taiwan,,,1,,,https://www.threads.com/@ikea_taiwan/post/DMJkTD3BW3R,"我也嚇到我自己了 因為這波絕版品出清太便宜⋯⋯ lihi2.com/bJzsu
ikea.com.tw
2/26~3/25 IKEA絕版品出清3折起 2026｜IKEA線上購物",2025年7月16日 星期三 上午9:01,,,,,,
natsukiii57,https://www.threads.com/@natsukiii57/post/DMIYAV3BOKf,小編的精神狀況還好嗎,2025年7月15日 星期二 下午9:55,@ikea_taiwan,,10,1,,,https://www.threads.com/@ikea_taiwan/post/DMJj9yFh3Ex,我沒事 只是出清這天等人來陪我 lihi2.com/bJzsu,2025年7月16日 星期三 上午8:58,,"Photo by IKEA Taiwan on July 15, 2025.",,,,
_7yulun,https://www.threads.com/@_7yulun/post/DMISbmvzX0y,冰淇淋勒,2025年7月15日 星期二 下午9:06,@ikea_taiwan,,17,1,,5,https://www.threads.com/@ikea_taiwan/post/DMIXKPVBttg,,2025年7月15日 星期二 下午9:47,,"Photo by IKEA Taiwan on July 15, 2025. | Photo by IKEA Taiwan on July 15, 2025.",818,6,18,204
sianyang,https://www.threads.com/@sianyang/post/DMH2374vmd7,我自備了,2025年7月15日 星期二 下午5:05,@ikea_taiwan,"Photo by Siàn Yang on July 15, 2025.",11,1,,,https://www.threads.com/@ikea_taiwan/post/DMH6p8-zp0Q,看起來真舒服,2025年7月15日 星期二 下午5:38,,,,1,,
gavin_705_,https://www.threads.com/@gavin_705_/post/DMHw8eiP9Dh,超有創意的啦 喜歡這系列😍 應該每一張椅子給我家狗狗吸的,2025年7月15日 星期二 下午4:13,@ikea_taiwan,,,1,,,https://www.threads.com/@ikea_taiwan/post/DMHyeNdzsCC,"狗狗也會愛 lihi2.com/Kuil1
ikea.com.tw
IKEA精選收納85折起！｜IKEA Family 宜家卡｜宜家卡線上免費申辦，即享IKEA卡友專屬優惠｜IKEA線上購物",2025年7月15日 星期二 下午4:27,,IKEA精選收納85折起！｜IKEA Family 宜家卡｜宜家卡線上免費申辦，即享IKEA卡友專屬優惠｜IKEA線上購物,1,,,
ringringthecat,https://www.threads.com/@ringringthecat/post/DMHgeLgTPlc,不得不說放了那隻貓以後讓我對那張普通椅子的好感度大幅提升ㄟ,2025年7月15日 星期二 下午1:49,@ikea_taiwan,,4,1,,,https://www.threads.com/@ikea_taiwan/post/DMHxUXdTvwo,"買嗎？ lihi2.com/Kuil1
ikea.com.tw
IKEA精選收納85折起！｜IKEA Family 宜家卡｜宜家卡線上免費申辦，即享IKEA卡友專屬優惠｜IKEA線上購物",2025年7月15日 星期二 下午4:17,,IKEA精選收納85折起！｜IKEA Family 宜家卡｜宜家卡線上免費申辦，即享IKEA卡友專屬優惠｜IKEA線上購物,1,,,
koder_9659,https://www.threads.com/@koder_9659/post/DMHI8mpTvlj,第一張椅子就買不到😢,2025年7月15日 星期二 上午10:24,@ikea_taiwan,,1,1,,,https://www.threads.com/@ikea_taiwan/post/DMHWjm3z0yw,"可以到官網查各店庫存！ lihi2.com/Kuil1
ikea.com.tw
IKEA精選收納85折起！｜IKEA Family 宜家卡｜宜家卡線上免費申辦，即享IKEA卡友專屬優惠｜IKEA線上購物",2025年7月15日 星期二 下午12:23,,IKEA精選收納85折起！｜IKEA Family 宜家卡｜宜家卡線上免費申辦，即享IKEA卡友專屬優惠｜IKEA線上購物,1,,,
candice_082,https://www.threads.com/@candice_082/post/DMHQteiSVWw,等等那個桌燈 太好看了吧 買得到嗎,2025年7月15日 星期二 上午11:32,@ikea_taiwan,,,1,,,https://www.threads.com/@ikea_taiwan/post/DMHWZBNzUsI,"可以到官網查看各店庫存！ lihi2.com/Kuil1
ikea.com.tw
IKEA精選收納85折起！｜IKEA Family 宜家卡｜宜家卡線上免費申辦，即享IKEA卡友專屬優惠｜IKEA線上購物",2025年7月15日 星期二 下午12:21,,IKEA精選收納85折起！｜IKEA Family 宜家卡｜宜家卡線上免費申辦，即享IKEA卡友專屬優惠｜IKEA線上購物,,,,
rouis_lee,https://www.threads.com/@rouis_lee/post/DMF5yydvp4U,ikea不管你吸什麼的給我來一點,2025年7月14日 星期一 下午10:52,@ikea_taiwan,,4,1,,,https://www.threads.com/@ikea_taiwan/post/DMF_Bq2z-Xu,"這個月都吸週週特價，給你參考 lihi2.com/Kuil1
ikea.com.tw
IKEA精選收納85折起！｜IKEA Family 宜家卡｜宜家卡線上免費申辦，即享IKEA卡友專屬優惠｜IKEA線上購物",2025年7月14日 星期一 下午11:38,,IKEA精選收納85折起！｜IKEA Family 宜家卡｜宜家卡線上免費申辦，即享IKEA卡友專屬優惠｜IKEA線上購物,7,,,2
neobility_neoprene,https://www.threads.com/@neobility_neoprene/post/DMF5rK4B4Cw,麥克風怎麼賣,2025年7月14日 星期一 下午10:51,@ikea_taiwan,,1,1,,,https://www.threads.com/@ikea_taiwan/post/DMF-6sazWcT,"來帶走週週特價，順便帶走麥克風 lihi2.com/Bc8gT
ikea.com.tw
BOLMEN - 馬桶刷/馬桶刷架, 黑色 | IKEA 線上購物",2025年7月14日 星期一 下午11:37,,"BOLMEN - 馬桶刷/馬桶刷架, 黑色 | IKEA 線上購物",6,,,
nina680068,https://www.threads.com/@nina680068/post/DL2sN8jpW09,可以不要丸弄我的感情嗎,2025年7月9日 星期三 上午1:05,@ikea_taiwan可以不要丸弄我的感情嗎讚10回覆1轉發分享,,10,1,,,https://www.threads.com/@ikea_taiwan/post/DL3cJR-Bcu-,來帶他回家就不是玩玩而已了 lihi2.com/7HeAk,2025年7月9日 星期三 上午8:04,,"Photo by IKEA Taiwan on July 08, 2025.",5,,,
puccini1128,https://www.threads.com/@puccini1128/post/DL2UcPWy0NS,不輕易現身,2025年7月8日 星期二 下午9:37,@ikea_taiwan不輕易現身讚6回覆1轉發分享,,6,1,,,https://www.threads.com/@ikea_taiwan/post/DL2XZjhB2w9,有找到吧,2025年7月8日 星期二 下午10:03,,,3,,,
timo_torng,https://www.threads.com/@timo_torng/post/DL2Q3YuRe12,間諜宜家酒,2025年7月8日 星期二 下午9:06,@ikea_taiwan間諜宜家酒讚96回覆1轉發分享,,96,1,,,https://www.threads.com/@ikea_taiwan/post/DL2XXZwhAJA,丸家家酒,2025年7月8日 星期二 下午10:03,,,23,,,
chen.kuan.chi,https://www.threads.com/@chen.kuan.chi/post/DLz3-nwyxpY,我現在幾乎都在這運動🫠,2025年7月7日 星期一 下午10:50,@ikea_taiwan我現在幾乎都在這運動🫠讚1回覆1轉發分享,,1,1,,,https://www.threads.com/@ikea_taiwan/post/DLz_FQ-Bfj8,怎麼這麼厲害,2025年7月7日 星期一 下午11:52,,,,,,
fish_home,https://www.threads.com/@fish_home/post/DLz2p7KsY63,然後進去餐廳之後又吃肉丸吃到肚子胖一圈,2025年7月7日 星期一 下午10:38,@ikea_taiwan然後進去餐廳之後又吃肉丸吃到肚子胖一圈讚1回覆1轉發分享,,1,1,,,https://www.threads.com/@ikea_taiwan/post/DLz3O-EhBCE,這算一種轉移術 錢》幸福的小腹,2025年7月7日 星期一 下午10:43,,,2,,,
jack80562,https://www.threads.com/@jack80562/post/DLxGrNHy4Oi,該死的人生🎃,2025年7月6日 星期日 下午9:01,@ikea_taiwan該死的人生🎃讚2回覆1轉發分享,,2,1,,,https://www.threads.com/@ikea_taiwan/post/DLxG_pyzvzx,那先來一杯？,2025年7月6日 星期日 下午9:03,,,2,,,
cartonking.tw,https://www.threads.com/@cartonking.tw/post/DLxGy3kTCqt,這全部喝完就是放假到下週了🍻,2025年7月6日 星期日 下午9:02,@ikea_taiwan這全部喝完就是放假到下週了🍻讚回覆1轉發分享,,,1,,,https://www.threads.com/@ikea_taiwan/post/DLxG6IcThq_,我們可以慢慢喝👌,2025年7月6日 星期日 下午9:03,,,1,,,
guomang785,https://www.threads.com/@guomang785/post/DLrDLFHTclW,,2025年7月4日 星期五 下午12:35,@ikea_taiwan讚564回覆1轉發8分享58,"Photo by 劉秀（吉娃娃 on July 03, 2025.",564,1,8,58,https://www.threads.com/@ikea_taiwan/post/DLrOrJAzt3H,狂賀！ 翻譯,2025年7月4日 星期五 下午2:15,,,37,,,
6nq666,https://www.threads.com/@6nq666/post/DMF4rteKY_z,秀逗麻袋，那是马桶刷吗？,2025年7月14日 星期一 下午10:42,@ikea_taiwan,,8,1,,,https://www.threads.com/@ikea_taiwan/post/DMF-pDhTwuJ,是麥克風,2025年7月14日 星期一 下午11:35,,,9,1,,
audi.kuo,https://www.threads.com/@audi.kuo/post/DMFxoB6SQEC,好坐？ 翻譯,2025年7月14日 星期一 下午9:41,@ikea_taiwan,,,1,,,https://www.threads.com/@ikea_taiwan/post/DMF-nVJTkCk,歡迎來現場試坐,2025年7月14日 星期一 下午11:34,,,,,,
mlc_ceramics,https://www.threads.com/@mlc_ceramics/post/DMFt70Sh7QB,為什麼上班可以帶可愛貓貓,2025年7月14日 星期一 下午9:09,@ikea_taiwan,,17,1,,,https://www.threads.com/@ikea_taiwan/post/DMFxM3PznI_,因為椅子會吸貓,2025年7月14日 星期一 下午9:37,,,13,,,
tablejoe,https://www.threads.com/@tablejoe/post/DL6haAGPHQD,好奇總價滑到最後原來是⋯快來逛！,2025年7月10日 星期四 下午12:47,@ikea_taiwan,,,1,,,https://www.threads.com/@ikea_taiwan/post/DL6-xehzTQu,"來啦～ lihi2.com/t1eW4
ikea.com.tw
IKEA宜家家居線上購物-給你更多居家佈置靈感",2025年7月10日 星期四 下午5:04,,IKEA宜家家居線上購物-給你更多居家佈置靈感,1,,,1
yuenhe58,https://www.threads.com/@yuenhe58/post/DL69rF4yP2g,花盆愛好者,2025年7月10日 星期四 下午4:54,@ikea_taiwan,"Photo by 何宇恩 on July 10, 2025. | Photo by 何宇恩 on July 10, 2025. | Photo by 何宇恩 on July 10, 2025.",24,1,,,https://www.threads.com/@ikea_taiwan/post/DL6-swrTRBA,"快來逛😍 lihi2.com/t1eW4
ikea.com.tw
IKEA宜家家居線上購物-給你更多居家佈置靈感",2025年7月10日 星期四 下午5:03,,IKEA宜家家居線上購物-給你更多居家佈置靈感,2,,,
ianchen1011129,https://www.threads.com/@ianchen1011129/post/DL492Ucz1lU,無縫結合，爽👍,2025年7月9日 星期三 下午10:17,@ikea_taiwan,,1,1,,,https://www.threads.com/@ikea_taiwan/post/DL5LB3OhfBO,捏一下接更好,2025年7月10日 星期四 上午12:13,,,1,,,
nacho_nacho.416,https://www.threads.com/@nacho_nacho.416/post/DL5GFpySl8w,變得越來越好丸了,2025年7月9日 星期三 下午11:29,@ikea_taiwan,,1,1,,,https://www.threads.com/@ikea_taiwan/post/DL5KkT5hJSC,"繼續丸 帶回家丸 lihi2.com/7HeAk
ikea.com.tw
IKEA Family 宜家卡｜宜家卡卡友線上免費申辦，即享IKEA卡友專屬優惠｜IKEA線上購物",2025年7月10日 星期四 上午12:09,,IKEA Family 宜家卡｜宜家卡卡友線上免費申辦，即享IKEA卡友專屬優惠｜IKEA線上購物,1,,,
memer_matt2531,https://www.threads.com/@memer_matt2531/post/DL4nV9yyVOS,特務肉丸,2025年7月9日 星期三 下午7:01,@ikea_taiwan,"Photo by 晁 on July 09, 2025.",3,1,,,https://www.threads.com/@ikea_taiwan/post/DL5KgBDBZX2,謝謝你的帽子,2025年7月10日 星期四 上午12:08,,,1,,,
mingchao_77,https://www.threads.com/@mingchao_77/post/DL3mPxbBCQ7,太會丸了,2025年7月9日 星期三 上午9:32,@ikea_taiwan,,,1,,,https://www.threads.com/@ikea_taiwan/post/DL3tAm_BQT5,丸不過大家,2025年7月9日 星期三 上午10:31,,,,,,
ching._.916,https://www.threads.com/@ching._.916/post/DLkp6WpPDNz,ikea綠椅+無印涼感靠枕=每天各種爽睡姿的小咪🦦😹,2025年7月2日 星期三 上午12:58,,"Photo by 𝐂𝐡𝐢𝐧𝐠 on July 01, 2025. | Photo by 𝐂𝐡𝐢𝐧𝐠 on July 01, 2025. | Photo by 𝐂𝐡𝐢𝐧𝐠 on July 01, 2025. | Photo by 𝐂𝐡𝐢𝐧𝐠 on July 01, 2025. | Photo by 𝐂𝐡𝐢𝐧𝐠 on July 01, 2025. | Photo by 𝐂𝐡𝐢𝐧𝐠 on July 01, 2025. | Photo by 𝐂𝐡𝐢𝐧𝐠 on July 01, 2025.",4993,59,138,2077,https://www.threads.com/@ikea_taiwan/post/DLrCtkETH7U,謝謝主子賞臉 喜歡這張椅子的7/10-7/16有特價 可以來買💛 lihi2.com/V04rh,2025年7月4日 星期五 下午12:31,,,33,,,3
kycceliaaa,https://www.threads.com/@kycceliaaa/post/DLkUelwTgGb,Yoho 翻譯,2025年7月1日 星期二 下午9:51,@ikea_taiwan,,,1,,,https://www.threads.com/@ikea_taiwan/post/DLmEyKyBfHt,YOHO 翻譯,2025年7月2日 星期三 下午2:12,,,1,,,
czy56_,https://www.threads.com/@czy56_/post/DLlunwnR1tT,Fish! 翻譯,2025年7月2日 星期三 上午10:59,@ikea_taiwan,"Photo by さかな𝐒𝐚𝐤𝐚𝐧𝐚🐟 on July 01, 2025.",7,1,,,https://www.threads.com/@ikea_taiwan/post/DLmEwKqhl53,Fishy at IKEA! 翻譯,2025年7月2日 星期三 下午2:12,,,3,1,,
404franco._,https://www.threads.com/@404franco._/post/DLkkUCpyPan,IKEA 小編也是VT屯,2025年7月2日 星期三 上午12:10,@ikea_taiwan,,,1,,,https://www.threads.com/@ikea_taiwan/post/DLmEuH0hbFw,🤫,2025年7月2日 星期三 下午2:12,,,1,,,
kaniki_620,https://www.threads.com/@kaniki_620/post/DLlwdpiBYJ-,原來ikea也喜歡saba💙🐟,2025年7月2日 星期三 上午11:15,@ikea_taiwan,"Photo by 四歲炸꒪꒫꒪ on July 01, 2025.",33,1,,,https://www.threads.com/@ikea_taiwan/post/DLmErNNBlIT,支持一下我們家的Sameko,2025年7月2日 星期三 下午2:12,,,10,,,
fdguichd0208,https://www.threads.com/@fdguichd0208/post/DLkGxBPvPto,想把鯊魚抱回家了,2025年7月1日 星期二 下午7:51,@ikea_taiwan,,27,1,,,https://www.threads.com/@ikea_taiwan/post/DLkHyKqzQKu,YOHO~等你來,2025年7月1日 星期二 下午8:00,,,17,,,
r_xing0605,https://www.threads.com/@r_xing0605/post/DLh8hh5yxy2,為什麼我剛買了你就特價🥲,2025年6月30日 星期一 下午11:43,@ikea_taiwan,,,1,,,https://www.threads.com/@ikea_taiwan/post/DLh85esJs7q,"這就是我們的緣分，你再來找我🫂 lihi2.com/6GDsW
ikea.com.tw
IKEA絕版品出清卡友加碼送200 2/26~3/25｜IKEA線上購物​",2025年6月30日 星期一 下午11:47,,IKEA絕版品出清卡友加碼送200 2/26~3/25｜IKEA線上購物​,,,,
dasindolphin,https://www.threads.com/@dasindolphin/post/DLh3tFBTn_-,過了一半 我還是搞不懂到底要不要睡,2025年6月30日 星期一 下午11:01,@ikea_taiwan,"Photo by DaSindolphin on June 30, 2025.",3,1,,,https://www.threads.com/@ikea_taiwan/post/DLh8sNlpNVW,休息是很重要的，可以躺躺看這款 lihi2.com/6GDsW,2025年6月30日 星期一 下午11:45,,"Photo by IKEA Taiwan on June 30, 2025.",2,,,
1203_harry666,https://www.threads.com/@1203_harry666/post/DLhzM--zxgg,謝謝 但沒人抱我,2025年6月30日 星期一 下午10:22,@ikea_taiwan,,2,1,,1,https://www.threads.com/@ikea_taiwan/post/DLh8GI2pZID,抱個 這三隻陪你 lihi2.com/6GDsW,2025年6月30日 星期一 下午11:40,,"Photo by IKEA Taiwan on June 30, 2025.",4,1,,
nantou_1_nobody,https://www.threads.com/@nantou_1_nobody/post/DLhsAhbSt15,劉德華已經解凍50%了,2025年6月30日 星期一 下午9:19,@ikea_taiwan,,91,2,1,7,https://www.threads.com/@ikea_taiwan/post/DLhxS7MJWsv,你們通通都別再說了,2025年6月30日 星期一 下午10:05,,,15,,,
caratderrr17,https://www.threads.com/@caratderrr17/post/DLZ8aTJplps,不可能dirty work跟那麼快吧😍,2025年6月27日 星期五 下午9:08,@ikea_taiwan,,635,1,,5,https://www.threads.com/@ikea_taiwan/post/DLZ8iKzTMJ8,必須的,2025年6月27日 星期五 下午9:10,,,129,,,1
_tyccc_,https://www.threads.com/@_tyccc_/post/DLSlsiDPnrQ,IKEA 狗狗怎麼跑出來了,2025年6月25日 星期三 上午12:35,,"Photo by ZORA on June 24, 2025.",190000,535,12000,22000,https://www.threads.com/@ikea_taiwan/post/DLUTj_vzRgx,"歡迎買一隻給他當朋友 lihi2.com/fEnf4
ikea.com.tw
GOSIG GOLDEN - 填充玩具, 狗/黃金獵犬, 70 公分 | IKEA 線上購物",2025年6月25日 星期三 下午4:35,,"GOSIG GOLDEN - 填充玩具, 狗/黃金獵犬, 70 公分 | IKEA 線上購物",522,3,5,8
veevee.nnn,https://www.threads.com/@veevee.nnn/post/DLPokWuSgho,"這是回覆已無法顯示的貼文
你真的沒讓我失望過😻",2025年6月23日 星期一 下午9:03,,,,1,,,https://www.threads.com/@ikea_taiwan/post/DLPotWNJdRB,"謝謝你 記得要洗碗 lihi2.com/oylBu
ikea.com.tw
IKEA精選收納85折起！｜IKEA Family 宜家卡｜宜家卡線上免費申辦，即享IKEA卡友專屬優惠｜IKEA線上購物",2025年6月23日 星期一 下午9:04,,IKEA精選收納85折起！｜IKEA Family 宜家卡｜宜家卡線上免費申辦，即享IKEA卡友專屬優惠｜IKEA線上購物,1,,,
minihoshi4367,https://www.threads.com/@minihoshi4367/post/DLHgPqdPvx7,愛槤說：,2025年6月20日 星期五 下午5:16,@ikea_taiwan,,10,2,,,https://www.threads.com/@ikea_taiwan/post/DLHzdhsTYAC,好吃,2025年6月20日 星期五 下午8:04,,,5,,,
keke_foodie_fun,https://www.threads.com/@keke_foodie_fun/post/DLHVw6mS1B8,海的對面是…,2025年6月20日 星期五 下午3:44,@ikea_taiwan,,1,1,,,https://www.threads.com/@ikea_taiwan/post/DLHWMdlhJAm,海的對面我們不確定 但IKEA裡面現在是榴槤,2025年6月20日 星期五 下午3:48,,,6,,,
mikhail_leontinov,https://www.threads.com/@mikhail_leontinov/post/DLHATUfB68T,喜歡榴槤的人說話算不算愛槤說,2025年6月20日 星期五 下午12:37,@ikea_taiwan,,4,1,,,https://www.threads.com/@ikea_taiwan/post/DLHB-aEhCpR,世人甚愛肉丸，予獨愛槤。,2025年6月20日 星期五 下午12:51,,,12,,,4
khj49792,https://www.threads.com/@khj49792/post/DLG9lz2ROQh,推出這麼多榴槤商品的小編算是「福利槤」嗎,2025年6月20日 星期五 下午12:13,@ikea_taiwan,,32,1,,,https://www.threads.com/@ikea_taiwan/post/DLHBrucJFby,如果是勇者，一定會來IKEA吃榴槤的,2025年6月20日 星期五 下午12:49,,,25,,1,
uncommoncommune,https://www.threads.com/@uncommoncommune/post/DLG8yPCzsdQ,不要櫣,2025年6月20日 星期五 下午12:06,@ikea_taiwan,,3,1,,1,https://www.threads.com/@ikea_taiwan/post/DLG-1kFJ568,羞羞槤,2025年6月20日 星期五 下午12:24,,,3,,,
rouis_lee,https://www.threads.com/@rouis_lee/post/DLG82UhPUgb,我吃榴槤時對周遭人來說就是在發動地鳴,2025年6月20日 星期五 下午12:07,@ikea_taiwan,,,1,,,https://www.threads.com/@ikea_taiwan/post/DLG-QeFBv3T,"還榴在原地的是真愛槤 lihi2.com/c5kKE
ikea.com.tw
IKEA美食新品優惠｜IKEA餐廳美食小吃、冷凍食品超市新品及優惠｜IKEA線上購物",2025年6月20日 星期五 下午12:19,,IKEA美食新品優惠｜IKEA餐廳美食小吃、冷凍食品超市新品及優惠｜IKEA線上購物,,,,
gopower_tw,https://www.threads.com/@gopower_tw/post/DLEpJ4lTVj7,但在618、雙11面前「請繞道」😆,2025年6月19日 星期四 下午2:36,@ikea_taiwan,,,1,,,https://www.threads.com/@ikea_taiwan/post/DLFJF-iTZwQ,"那就是買爆 lihi2.com/FHCsG
ikea.com.tw
再創低價 ｜IKEA線上購物",2025年6月19日 星期四 下午7:15,,,,,,
zingala_0card,https://www.threads.com/@zingala_0card/post/DLFAxxuJAX1,看看自己的錢包，很顯然每次都是活在當下獲勝,2025年6月19日 星期四 下午6:03,@ikea_taiwan,,1,1,,,https://www.threads.com/@ikea_taiwan/post/DLFI-Suzl75,長大的快樂,2025年6月19日 星期四 下午7:14,,,,,,
toyshill2024,https://www.threads.com/@toyshill2024/post/DLCyGVPvNAg,買哈士奇的時候沒有在想省錢的問題,2025年6月18日 星期三 下午9:16,@ikea_taiwan,"Photo by 玩具之丘 on June 18, 2025.",3,1,,,https://www.threads.com/@ikea_taiwan/post/DLEUk67T82B,那再幫他買一個朋友陪他🫶🏻,2025年6月19日 星期四 上午11:36,,,3,,,
qmama1231,https://www.threads.com/@qmama1231/post/DLDAIwwvPNk,去ikea 我都在想要⋯吃幾個肉丸子⋯好掙扎,2025年6月18日 星期三 下午11:18,@ikea_taiwan,,2,1,,,https://www.threads.com/@ikea_taiwan/post/DLDEqflT-4D,"還是禮拜五來吃買一送一，就不用掙扎了😍 lihi2.com/Uysa2
ikea.com.tw
IKEA餐廳 - 超人氣肉丸、銅板美食等瑞典美食菜單一覽｜IKEA線上購物",2025年6月18日 星期三 下午11:58,,IKEA餐廳 - 超人氣肉丸、銅板美食等瑞典美食菜單一覽｜IKEA線上購物,,,,
you0can0trytry0see,https://www.threads.com/@you0can0trytry0see/post/DLC1wiMz_b5,所以原味霜淇淋真的有夠好吃,2025年6月18日 星期三 下午9:48,@ikea_taiwan,,,1,,,https://www.threads.com/@ikea_taiwan/post/DLDD6xJzhIx,"那你可以來買完再創低價的好東西，再去吃一隻冰淇淋，完美！ lihi2.com/FHCsG
ikea.com.tw
再創低價 ｜IKEA線上購物",2025年6月18日 星期三 下午11:51,,,1,,,
cat.557726,https://www.threads.com/@cat.557726/post/DLC10VwTaom,每次都在想：「錢留著以後用」和「如果沒以後怎麼辦」之間左右橫跳，結果都跳去買東西了🫠,2025年6月18日 星期三 下午9:48,@ikea_taiwan,,2,2,,,https://www.threads.com/@ikea_taiwan/post/DLDD16pzSd_,"想來想去就是買！ lihi2.com/FHCsG
ikea.com.tw
再創低價 ｜IKEA線上購物",2025年6月18日 星期三 下午11:51,,,,,,
dreamtrend_tw,https://www.threads.com/@dreamtrend_tw/post/DLC2ukCBGcM,你買給我的話就可以省錢又活在當下😍,2025年6月18日 星期三 下午9:56,@ikea_taiwan,,,1,,,https://www.threads.com/@ikea_taiwan/post/DLDDx9tzLID,"還是你買再創低價，真的很省 lihi2.com/FHCsG
ikea.com.tw
再創低價 ｜IKEA線上購物",2025年6月18日 星期三 下午11:50,,,,,,
jerry_yan_1101,https://www.threads.com/@jerry_yan_1101/post/DK7dYD2vcTR,這則串文20讚幫女友買ikea娃娃 1 / 2,2025年6月16日 星期一 上午1:00,,,49000,413,219,889,https://www.threads.com/@ikea_taiwan/post/DK9SWk1BiPz,我們的倉庫準備好補貨了，請說到做到👋,2025年6月16日 星期一 下午6:02,,,11000,29,11,46
good.morning.my.dear.friend,https://www.threads.com/@good.morning.my.dear.friend/post/DK2AiGLvWIT,滾,2025年6月13日 星期五 下午10:12,@ikea_taiwan,,1,1,,,https://www.threads.com/@ikea_taiwan/post/DK2EKjgJbvg,🙏🏻,2025年6月13日 星期五 下午10:44,,,5,,,
jetwell_consultant,https://www.threads.com/@jetwell_consultant/post/DKuMWT3y6dd,對不起，床借躺過夜謝謝,2025年6月10日 星期二 下午9:21,@ikea_taiwan,,3,1,,,https://www.threads.com/@ikea_taiwan/post/DKuMniIBTB7,優良造句，但營業時間還是請記得回家🥰,2025年6月10日 星期二 下午9:23,,,2,1,,
wanshun0508,https://www.threads.com/@wanshun0508/post/DKuK8S8yenl,對不起，請讓我搬空你家不用付錢 謝謝!,2025年6月10日 星期二 下午9:09,@ikea_taiwan,,,1,,,https://www.threads.com/@ikea_taiwan/post/DKuMlK_hGDt,對不起，請不要這樣，謝謝🥹,2025年6月10日 星期二 下午9:23,,,1,1,,
rose_y_mary,https://www.threads.com/@rose_y_mary/post/DKuKSP6zMHj,和風飯真的好好吃(✪ω✪),2025年6月10日 星期二 下午9:03,@ikea_taiwan,,2,1,,,https://www.threads.com/@ikea_taiwan/post/DKuKVSTh1LD,跟朋友點餐一下,2025年6月10日 星期二 下午9:03,,,1,1,,
and___su,https://www.threads.com/@and___su/post/DKrlzjsTJ26,是不是在裡面迷路的人變的🫢🫨,2025年6月9日 星期一 下午9:06,@ikea_taiwan,,9,1,,,https://www.threads.com/@ikea_taiwan/post/DKrvT5fJCFp,這我不太確定 但我知道寶寶很可愛,2025年6月9日 星期一 下午10:29,,,3,,,
jie_1011_hong,https://www.threads.com/@jie_1011_hong/post/DKrmb1FTwQ7,壞,2025年6月9日 星期一 下午9:11,@ikea_taiwan,,,1,,,https://www.threads.com/@ikea_taiwan/post/DKrnpBspNyQ,明明就很乖 lihi2.com/f4GcT,2025年6月9日 星期一 下午9:22,,"Photo by IKEA Taiwan on June 09, 2025.",4,1,,1
city9.online,https://www.threads.com/@city9.online/post/DKrlQo-SC6u,：當時的我害怕極了,2025年6月9日 星期一 下午9:01,@ikea_taiwan,,3,1,,,https://www.threads.com/@ikea_taiwan/post/DKrlhyipTYM,"快來帶它回家 lihi2.com/f4GcT
ikea.com.tw
IKEA Family 宜家卡｜宜家卡卡友線上免費申辦，即享IKEA卡友專屬優惠｜IKEA線上購物",2025年6月9日 星期一 下午9:03,,IKEA Family 宜家卡｜宜家卡卡友線上免費申辦，即享IKEA卡友專屬優惠｜IKEA線上購物,3,,,
irent.tw,https://www.threads.com/@irent.tw/post/DKj4ozOptv5,這路線～還是要租台車？,2025年6月6日 星期五 下午9:16,@ikea_taiwan,,18,1,,,https://www.threads.com/@ikea_taiwan/post/DKj5A0DhewV,租車的話就會想挑戰畫更大的618,2025年6月6日 星期五 下午9:20,,,11,,,
wmrharry,https://www.threads.com/@wmrharry/post/DKjfttmxVpo,特價到底跟會考有甚麼關係🤪,2025年6月6日 星期五 下午5:39,@ikea_taiwan,,,1,,,https://www.threads.com/@ikea_taiwan/post/DKj3H00BZxT,慰勞一下,2025年6月6日 星期五 下午9:03,,,1,1,,
limiokhongtw,https://www.threads.com/@limiokhongtw/post/DKjzkBJSU4i,1也太爽,2025年6月6日 星期五 下午8:32,@ikea_taiwan,,3,1,,,https://www.threads.com/@ikea_taiwan/post/DKj3FjUhnDK,內湖店小編：賺到,2025年6月6日 星期五 下午9:03,,,10,1,,
worldgymtaiwan,https://www.threads.com/@worldgymtaiwan/post/DKjgG6HykpD,路線也太特別！跑完卡路里一定會超過618,2025年6月6日 星期五 下午5:42,@ikea_taiwan,,31,1,,,https://www.threads.com/@ikea_taiwan/post/DKjjxjtBl5K,小編宣傳618順便健身為夏天做準備,2025年6月6日 星期五 下午6:14,,,21,1,,
missparisbeauty,https://www.threads.com/@missparisbeauty/post/DKi5SPjxPM4,ikea 會烤,2025年6月6日 星期五 下午12:03,@ikea_taiwan,,16,1,,,https://www.threads.com/@ikea_taiwan/post/DKi9nffBOA7,會烤 肉丸,2025年6月6日 星期五 下午12:41,,,10,,,
jiayun_car,https://www.threads.com/@jiayun_car/post/DKik9wxT1rS,我考過了 主餐還可以買一送一嗎？,2025年6月6日 星期五 上午9:05,@ikea_taiwan,,3,1,,,https://www.threads.com/@ikea_taiwan/post/DKi89XchHP0,可以 普天同慶,2025年6月6日 星期五 下午12:35,,,2,,,
riktavv,https://www.threads.com/@riktavv/post/DKiq1W6PUBs,今天就要去吃了😎,2025年6月6日 星期五 上午9:57,@ikea_taiwan,,,1,,,https://www.threads.com/@ikea_taiwan/post/DKitHmVBtH2,好好享用💐,2025年6月6日 星期五 上午10:17,,,1,,,
riktavv,https://www.threads.com/@riktavv/post/DKio1OTPraZ,考完期末要去吃了🫠 翻譯,2025年6月6日 星期五 上午9:39,@ikea_taiwan,,,1,,,https://www.threads.com/@ikea_taiwan/post/DKiqyfMByRT,下週五等你啊,2025年6月6日 星期五 上午9:56,,,,1,,
mr.cloudtw,https://www.threads.com/@mr.cloudtw/post/DKimAhvS0um,很可以ㄝ😊☺️,2025年6月6日 星期五 上午9:14,@ikea_taiwan,,1,2,,,https://www.threads.com/@ikea_taiwan/post/DKim-YEhKkT,來吃來吃 買一送一,2025年6月6日 星期五 上午9:23,,,1,,,
almond_tech.life,https://www.threads.com/@almond_tech.life/post/DKimRL7y3lY,"114 國中教育會考成績查詢，看這篇：applealmond.com/posts…
applealmond.com
2025 國中會考成績查詢：114年會考分數公佈、複查申請懶人包 - 蘋果仁 - 果仁 iPhone/iOS/好物推薦科技媒體",2025年6月6日 星期五 上午9:17,@ikea_taiwan,2025 國中會考成績查詢：114年會考分數公佈、複查申請懶人包 - 蘋果仁 - 果仁 iPhone/iOS/好物推薦科技媒體,,1,,1,https://www.threads.com/@ikea_taiwan/post/DKim9VsBumN,好貼心,2025年6月6日 星期五 上午9:23,,,3,,,
fx_.1015,https://www.threads.com/@fx_.1015/post/DKilVfkBxtR,要不是英閱有你😭,2025年6月6日 星期五 上午9:09,@ikea_taiwan,,2,1,,,https://www.threads.com/@ikea_taiwan/post/DKim72JhrL9,考試考後都有我,2025年6月6日 星期五 上午9:23,,,8,,,
safe_uncle,https://www.threads.com/@safe_uncle/post/DKhKwHSJJds,想睡就睡,2025年6月5日 星期四 下午7:57,@ikea_taiwan,,1,1,,,https://www.threads.com/@ikea_taiwan/post/DKhRxWcTmBJ,"那來顆抱枕睡舒服一點 lihi2.com/fRp5z
ikea.com.tw
IKEA新品專區 | IKEA線上購物",2025年6月5日 星期四 下午8:58,,IKEA新品專區 | IKEA線上購物,,,,
gelato_lunicorno,https://www.threads.com/@gelato_lunicorno/post/DKgtWzop1ji,貼假眼睛,2025年6月5日 星期四 下午3:40,@ikea_taiwan,"Photo by L'Unicorno Gelato義式手工冰淇淋 on June 05, 2025.",1,1,,,https://www.threads.com/@ikea_taiwan/post/DKhRtDVTZBx,假眼睛也太像真的了吧,2025年6月5日 星期四 下午8:58,,,2,,,
n_aiuuu,https://www.threads.com/@n_aiuuu/post/DKg45WfPjfQ,光明正大ㄉ睡,2025年6月5日 星期四 下午5:21,@ikea_taiwan,,1,1,,,https://www.threads.com/@ikea_taiwan/post/DKhRnFITHF7,"那要來一顆抱枕睡的更舒服一點嗎 lihi2.com/fRp5z
ikea.com.tw
IKEA新品專區 | IKEA線上購物",2025年6月5日 星期四 下午8:57,,IKEA新品專區 | IKEA線上購物,1,,,
nikita0913,https://www.threads.com/@nikita0913/post/DKg4h9IxbX-,滑脆~看你是不是又在偷懶😂,2025年6月5日 星期四 下午5:18,@ikea_taiwan,,,1,,,https://www.threads.com/@ikea_taiwan/post/DKhRidgz9vv,沒有偷懶，都認真回覆大家,2025年6月5日 星期四 下午8:56,,,,,,
luv.0230,https://www.threads.com/@luv.0230/post/DKgukcIvXCT,我都直接不吃午餐，不飽就不會睏了,2025年6月5日 星期四 下午3:51,@ikea_taiwan,,,1,,,https://www.threads.com/@ikea_taiwan/post/DKg_2wTz-SB,不餓嗎,2025年6月5日 星期四 下午6:22,,,1,,,
cjw_117,https://www.threads.com/@cjw_117/post/DKgwDMLyg0G,你假裝去門市測試產品在床上直接睡就行了,2025年6月5日 星期四 下午4:04,@ikea_taiwan,,2,1,,,https://www.threads.com/@ikea_taiwan/post/DKg_x-RTcu6,不要說破🤫,2025年6月5日 星期四 下午6:21,,,1,,,
kiss_forest,https://www.threads.com/@kiss_forest/post/DKg2O7cB0Cm,當然是趴在IKEA的辦公桌上睡,2025年6月5日 星期四 下午4:58,@ikea_taiwan,,1,2,,,https://www.threads.com/@ikea_taiwan/post/DKg_rS-TeX3,懂睡,2025年6月5日 星期四 下午6:20,,,1,,,
intensecattw,https://www.threads.com/@intensecattw/post/DKg6as2z8L5,關於上班睡覺 我只能說抱歉了老闆,2025年6月5日 星期四 下午5:34,@ikea_taiwan,"Photo by 吾輩は猫です-反應過激的貓 on June 05, 2025.",57,1,,,https://www.threads.com/@ikea_taiwan/post/DKg_ojBTjY5,不錯，直接躺平,2025年6月5日 星期四 下午6:20,,,,,,
t_k_j_artist_jupiter_99.0,https://www.threads.com/@t_k_j_artist_jupiter_99.0/post/DKgttULuFP8,來宜家看宜家鯊鯊,2025年6月5日 星期四 下午3:43,@ikea_taiwan,,2,1,,,https://www.threads.com/@ikea_taiwan/post/DKguP5gzdwb,帶一隻鯊鯊回公司抱著繼續睡😏,2025年6月5日 星期四 下午3:48,,,1,1,,
seal_king_tapes,https://www.threads.com/@seal_king_tapes/post/DKgtPEwTLI4,到廁所跟我最好的朋友🚽一起睡覺,2025年6月5日 星期四 下午3:39,@ikea_taiwan,,1,1,,,https://www.threads.com/@ikea_taiwan/post/DKguM4yTiCu,是最好的同事,2025年6月5日 星期四 下午3:48,,,1,,,
wubear8787,https://www.threads.com/@wubear8787/post/DKgtUpSv0oO,去家具區挑一張床睡,2025年6月5日 星期四 下午3:40,@ikea_taiwan,,4,1,,,https://www.threads.com/@ikea_taiwan/post/DKguJqDTncx,等你來挑,2025年6月5日 星期四 下午3:47,,,1,,,
www_dietloft,https://www.threads.com/@www_dietloft/post/DKgtgMHS6ta,戴帽子 打開眼藥水的蓋子 手握著放桌上 所有經過的人都會以為你剛點完眼藥水而已,2025年6月5日 星期四 下午3:41,@ikea_taiwan,,9,1,,,https://www.threads.com/@ikea_taiwan/post/DKguDvtTA09,高招！,2025年6月5日 星期四 下午3:46,,,,,,
c.y.c_yu0713,https://www.threads.com/@c.y.c_yu0713/post/DKgqwW_RpLP,小編也沒搶到🐉的票嗎？,2025年6月5日 星期四 下午3:17,@ikea_taiwan,,,1,,,https://www.threads.com/@ikea_taiwan/post/DKgq05GBPjU,☹️,2025年6月5日 星期四 下午3:18,,,,,,
emilyrr_0315,https://www.threads.com/@emilyrr_0315/post/DKgHdLezv8E,超討厭喔小編😡,2025年6月5日 星期四 上午10:09,@ikea_taiwan,,,1,,,https://www.threads.com/@ikea_taiwan/post/DKgQUSITxKr,我討厭搶不到票的我的右手,2025年6月5日 星期四 上午11:26,,,,,,
jing.lin.0409,https://www.threads.com/@jing.lin.0409/post/DKgEQKmP8i-,小編你可以善良點嗎😭😭😭,2025年6月5日 星期四 上午9:41,@ikea_taiwan,,,1,,,https://www.threads.com/@ikea_taiwan/post/DKgP-uszjyx,我們一起取暖,2025年6月5日 星期四 上午11:23,,,,,,
ting_ting_chen620,https://www.threads.com/@ting_ting_chen620/post/DKe93hSJ2xF,一直F5,2025年6月4日 星期三 下午11:26,@ikea_taiwan,,,1,,,https://www.threads.com/@ikea_taiwan/post/DKgP7ujTEuM,重刷按了幾千遍,2025年6月5日 星期四 上午11:23,,,2,,,
plus780502,https://www.threads.com/@plus780502/post/DKf_QLUTZlm,超煩🤣🤣🤣🤣🤣🤣 我龍易嗎！！！！,2025年6月5日 星期四 上午8:57,@ikea_taiwan,,3,1,,,https://www.threads.com/@ikea_taiwan/post/DKgP32pz0R9,都已經權力以赴 真的不龍易,2025年6月5日 星期四 上午11:23,,,5,,,1
gdgdbababababy,https://www.threads.com/@gdgdbababababy/post/DKfMMyqTp9b,老闆知道你是流量鬼才嗎,2025年6月5日 星期四 上午1:31,@ikea_taiwan,,1,1,,,https://www.threads.com/@ikea_taiwan/post/DKgPvk0TVTc,知道,2025年6月5日 星期四 上午11:21,,,4,,,
kmick0409,https://www.threads.com/@kmick0409/post/DKe8yC6S95E,@ikea_taiwan 我都把你的手折成5487，不然就是中指 我有看完影片 是不是要原諒我,2025年6月4日 星期三 下午11:16,@ikea_taiwan,,,1,,,https://www.threads.com/@ikea_taiwan/post/DKe86kZhE9K,有乖乖看完，只好原諒你🫵🫰,2025年6月4日 星期三 下午11:18,,,1,1,,
i___ixlion,https://www.threads.com/@i___ixlion/post/DKe6DW8zU8w,小編很會欸 ，今天恨透了這個配色,2025年6月4日 星期三 下午10:53,@ikea_taiwan,,,1,,,https://www.threads.com/@ikea_taiwan/post/DKe6mjAhKLr,上班上得好難過,2025年6月4日 星期三 下午10:57,,,4,,,
ciuzas_,https://www.threads.com/@ciuzas_/post/DKekmqKSh94,小編也沒有搶到票嗎,2025年6月4日 星期三 下午7:45,@ikea_taiwan,,2,1,,,https://www.threads.com/@ikea_taiwan/post/DKe6jLEhGbC,🤫😭,2025年6月4日 星期三 下午10:57,,,2,,,
usaleilu,https://www.threads.com/@usaleilu/post/DKejmYkxLbp,小編是不是也沒搶到票？,2025年6月4日 星期三 下午7:36,@ikea_taiwan,,1,1,,,https://www.threads.com/@ikea_taiwan/post/DKe6h-8BL-m,我不想說了,2025年6月4日 星期三 下午10:57,,,11,,,
alice921109,https://www.threads.com/@alice921109/post/DKeqAW9TMCi,整 個 悲 從 中 來 ⋯🤡🥹💔,2025年6月4日 星期三 下午8:32,@ikea_taiwan,,,1,,,https://www.threads.com/@ikea_taiwan/post/DKe6gQPh-Gf,ㄧ 起 取 暖,2025年6月4日 星期三 下午10:57,,,4,,,
ph.human,https://www.threads.com/@ph.human/post/DKep5jHSnXx,小編你今天上班有認真搶票嗎🤣,2025年6月4日 星期三 下午8:31,@ikea_taiwan,,1,1,,,https://www.threads.com/@ikea_taiwan/post/DKerQ4eJTT7,那是當然,2025年6月4日 星期三 下午8:43,,,1,,,
mlc_ceramics,https://www.threads.com/@mlc_ceramics/post/DKeZQnnBEer,抱歉我笑出來🤣,2025年6月4日 星期三 下午6:06,@ikea_taiwan,"Photo by 苗栗陶瓷博物館 on June 04, 2025.",90,1,,1,https://www.threads.com/@ikea_taiwan/post/DKeaalOJasW,難道我會預言嗎⋯⋯,2025年6月4日 星期三 下午6:16,,,54,1,,1
,https://www.threads.com/@spongebob_lover_shop/post/DKd6wv_T0qN,gdragon2025worldtour,2025年6月4日 星期三 下午1:40,,,1532,32,195,388,https://www.threads.com/@ikea_taiwan/post/DKeaUVxJVEm,熱唱中,2025年6月4日 星期三 下午6:15,,,16,,,
hababy1204,https://www.threads.com/@hababy1204/post/DKeT21bTaXv,太悲傷😭我要去買抱枕安慰一下,2025年6月4日 星期三 下午5:19,@ikea_taiwan,,11,1,,,https://www.threads.com/@ikea_taiwan/post/DKeUDOEzVIb,"來抱抱花花
2025-6-3",2025年6月4日 星期三 下午5:21,,"Photo by IKEA Taiwan on June 03, 2025.",53,1,,1
pizzaaddtart,https://www.threads.com/@pizzaaddtart/post/DKeSpAcT-qp,ikea小編怎麼這樣二度傷害🥹,2025年6月4日 星期三 下午5:08,@ikea_taiwan,,13,1,,,https://www.threads.com/@ikea_taiwan/post/DKeUAkVzjqV,我自己也很難過,2025年6月4日 星期三 下午5:20,,,12,,1,
caratderrr17,https://www.threads.com/@caratderrr17/post/DKeOYBMJ1DF,志龍哥太難了😭,2025年6月4日 星期三 下午4:31,@ikea_taiwan,,2,1,,,https://www.threads.com/@ikea_taiwan/post/DKeOesDOHRQ,真的不龍易,2025年6月4日 星期三 下午4:32,,,28,,,1
oscar09607024,https://www.threads.com/@oscar09607024/post/DKeM5lKTOYF,那一天的憂鬱憂鬱起來,2025年6月4日 星期三 下午4:18,@ikea_taiwan,,62,1,,,https://www.threads.com/@ikea_taiwan/post/DKeNPQWBLFQ,一起憂鬱憂鬱,2025年6月4日 星期三 下午4:21,,,22,,,1
ysu_hsuan,https://www.threads.com/@ysu_hsuan/post/DKdtz29xJyP,上課滑到這個憋笑好痛苦可惡，滑到最後還有個手指自己我真的是,2025年6月4日 星期三 上午11:46,@ikea_taiwan,,2,1,,,https://www.threads.com/@ikea_taiwan/post/DKduMfLBfpy,逗樂你是我的榮幸 但要專心上課,2025年6月4日 星期三 上午11:50,,"Photo by IKEA Taiwan on June 03, 2025. | Photo by IKEA Taiwan on June 03, 2025.",12,1,,
wenwen_0228,https://www.threads.com/@wenwen_0228/post/DKcsRc-pJ_Q,真心覺得ikea 官方好可愛⋯⋯,2025年6月4日 星期三 上午2:14,@ikea_taiwan,,4,1,,,https://www.threads.com/@ikea_taiwan/post/DKdmS8HBSAz,"🫶🤙🫵🫵💗 lihi2.com/GyuAg
ikea.com.tw
IKEA絕版品出清卡友加碼送200 2/26~3/25｜IKEA線上購物​",2025年6月4日 星期三 上午10:41,,IKEA絕版品出清卡友加碼送200 2/26~3/25｜IKEA線上購物​,1,,,
tsukiyo_kanda1208,https://www.threads.com/@tsukiyo_kanda1208/post/DKcEhAyypdX,我都有偷凹中指（我是不是很誠實,2025年6月3日 星期二 下午8:26,@ikea_taiwan,,31,2,,,https://www.threads.com/@ikea_taiwan/post/DKcTUythqro,很誠實 原諒你了,2025年6月3日 星期二 下午10:36,,,21,,,
onelies_s.27,https://www.threads.com/@onelies_s.27/post/DKcDnFeBVWM,還好我都沒凹過你的手指 所以不用去😃,2025年6月3日 星期二 下午8:18,@ikea_taiwan,,1,1,,,https://www.threads.com/@ikea_taiwan/post/DKcTP0VhsVu,"帶你那個凹過的朋友來 lihi2.com/GyuAg
ikea.com.tw
IKEA絕版品出清卡友加碼送200 2/26~3/25｜IKEA線上購物​",2025年6月3日 星期二 下午10:35,,IKEA絕版品出清卡友加碼送200 2/26~3/25｜IKEA線上購物​,1,,,
chen2042_haha,https://www.threads.com/@chen2042_haha/post/DKcOn1byrSz,我618去ikea凹你手指,2025年6月3日 星期二 下午9:55,@ikea_taiwan,,7,1,,,https://www.threads.com/@ikea_taiwan/post/DKcTJlXhUc5,"約好了 618要來喔🤙 lihi2.com/GyuAg
ikea.com.tw
IKEA絕版品出清卡友加碼送200 2/26~3/25｜IKEA線上購物​",2025年6月3日 星期二 下午10:34,,IKEA絕版品出清卡友加碼送200 2/26~3/25｜IKEA線上購物​,4,,,
kakkoiikazuma,https://www.threads.com/@kakkoiikazuma/post/DKcOc9qzZHT,求ikea小編精神狀態,2025年6月3日 星期二 下午9:53,@ikea_taiwan,,7,1,,,https://www.threads.com/@ikea_taiwan/post/DKcTFxpBOh3,"我的狀態很好 你們來更好 lihi2.com/GyuAg
ikea.com.tw
IKEA絕版品出清卡友加碼送200 2/26~3/25｜IKEA線上購物​",2025年6月3日 星期二 下午10:34,,IKEA絕版品出清卡友加碼送200 2/26~3/25｜IKEA線上購物​,11,,,
love_overhaul,https://www.threads.com/@love_overhaul/post/DKcSw9pSA4_,沒關係，618我繼續凹,2025年6月3日 星期二 下午10:31,@ikea_taiwan,,1,1,,,https://www.threads.com/@ikea_taiwan/post/DKcS9qfhnop,有來找我我就覺得好開心,2025年6月3日 星期二 下午10:33,,,6,,,
yanwu._.27,https://www.threads.com/@yanwu._.27/post/DKb_6otzSq5,手指亂凹還是凹不出那個愛心🤯,2025年6月3日 星期二 下午7:46,@ikea_taiwan,,22,1,,,https://www.threads.com/@ikea_taiwan/post/DKcABovhtya,🫶,2025年6月3日 星期二 下午7:47,,,20,1,,
ponpon_ponkyupon,https://www.threads.com/@ponpon_ponkyupon/post/DKb8aPxJ9hD,留言讓我的朋朋們滑這篇滑超久,2025年6月3日 星期二 下午7:16,@ikea_taiwan,,6,1,,,https://www.threads.com/@ikea_taiwan/post/DKb_WMGBLHP,"逛留言區也要記得來逛逛宜家 lihi2.com/GyuAg
ikea.com.tw
IKEA精選收納85折起！｜IKEA Family 宜家卡｜宜家卡線上免費申辦，即享IKEA卡友專屬優惠｜IKEA線上購物",2025年6月3日 星期二 下午7:41,,IKEA精選收納85折起！｜IKEA Family 宜家卡｜宜家卡線上免費申辦，即享IKEA卡友專屬優惠｜IKEA線上購物,1,,,
faninainai_st,https://www.threads.com/@faninainai_st/post/DKb-ZKXyNLs,怎麼辦 我6/20要去約會欸 錢包君不太行,2025年6月3日 星期二 下午7:33,@ikea_taiwan,,16,1,,,https://www.threads.com/@ikea_taiwan/post/DKb_NJ4BbX9,"6/6-6/19喔 來嘛來嘛 lihi2.com/GyuAg
ikea.com.tw
IKEA精選收納85折起！｜IKEA Family 宜家卡｜宜家卡線上免費申辦，即享IKEA卡友專屬優惠｜IKEA線上購物",2025年6月3日 星期二 下午7:40,,IKEA精選收納85折起！｜IKEA Family 宜家卡｜宜家卡線上免費申辦，即享IKEA卡友專屬優惠｜IKEA線上購物,12,1,,
martin._.hiii,https://www.threads.com/@martin._.hiii/post/DKb6GXfBKVF,,2025年6月3日 星期二 下午6:55,@ikea_taiwan,"Photo by 微笑的蜥蜴🦎. ͜ . on June 03, 2025.",1711,1,4,15,https://www.threads.com/@ikea_taiwan/post/DKb_GAbBjM6,吼,2025年6月3日 星期二 下午7:39,,,1111,1,3,8
murasagi_cafe,https://www.threads.com/@murasagi_cafe/post/DKby5HuysiC,？ 被騙到了,2025年6月3日 星期二 下午5:52,@ikea_taiwan,,,1,,,https://www.threads.com/@ikea_taiwan/post/DKbzNSuBLoe,"手手沒有要騙你只是要你來逛逛 lihi2.com/GyuAg
ikea.com.tw
IKEA精選收納85折起！｜IKEA Family 宜家卡｜宜家卡線上免費申辦，即享IKEA卡友專屬優惠｜IKEA線上購物",2025年6月3日 星期二 下午5:55,,IKEA精選收納85折起！｜IKEA Family 宜家卡｜宜家卡線上免費申辦，即享IKEA卡友專屬優惠｜IKEA線上購物,2,,,
1f_living,https://www.threads.com/@1f_living/post/DKby175RneD,好有創意！🤣👏🏻👏🏻🫵🏻,2025年6月3日 星期二 下午5:52,@ikea_taiwan,,1,1,,,https://www.threads.com/@ikea_taiwan/post/DKby68wBa_F,"🛒👈🚶👍👍6️⃣1️⃣8️⃣👍👍 lihi2.com/GyuAg
ikea.com.tw
IKEA精選收納85折起！｜IKEA Family 宜家卡｜宜家卡線上免費申辦，即享IKEA卡友專屬優惠｜IKEA線上購物",2025年6月3日 星期二 下午5:53,,IKEA精選收納85折起！｜IKEA Family 宜家卡｜宜家卡線上免費申辦，即享IKEA卡友專屬優惠｜IKEA線上購物,2,,,
domohair_taiwan,https://www.threads.com/@domohair_taiwan/post/DKbyQmfJS8G,我真的有凹你手指，我承認,2025年6月3日 星期二 下午5:47,@ikea_taiwan,,393,1,,,https://www.threads.com/@ikea_taiwan/post/DKbyjTkBTfg,"手手說你618要來逛IKEA才原諒你 lihi2.com/GyuAg
ikea.com.tw
IKEA精選收納85折起！｜IKEA Family 宜家卡｜宜家卡線上免費申辦，即享IKEA卡友專屬優惠｜IKEA線上購物",2025年6月3日 星期二 下午5:49,,IKEA精選收納85折起！｜IKEA Family 宜家卡｜宜家卡線上免費申辦，即享IKEA卡友專屬優惠｜IKEA線上購物,115,,,1
rex023589,https://www.threads.com/@rex023589/post/DKZBSwJSKcA,瑞士粽,2025年6月2日 星期一 下午4:00,@ikea_taiwan,,,1,,,https://www.threads.com/@ikea_taiwan/post/DKZG8y4hdAX,我們是瑞典,2025年6月2日 星期一 下午4:50,,,10,1,,
_nak_tw,https://www.threads.com/@_nak_tw/post/DKYmZwrPhPs,太早問了！,2025年6月2日 星期一 下午12:05,@ikea_taiwan,,6,1,,,https://www.threads.com/@ikea_taiwan/post/DKYm-BbB_3d,消化粽子的路上有你有我,2025年6月2日 星期一 下午12:10,,,4,,,
toni._.mia,https://www.threads.com/@toni._.mia/post/DKPesfuzt8F,了解了！繼續亂買東西,2025年5月29日 星期四 下午11:05,@ikea_taiwan,"Photo by @toni._.mia on May 29, 2025.",4,1,,,https://www.threads.com/@ikea_taiwan/post/DKPhidIpC83,"來！這邊繼續買 lihi2.com/Bwi9G
ikea.com.tw
IKEA Family 宜家卡｜宜家卡卡友線上免費申辦，即享IKEA卡友專屬優惠｜IKEA線上購物",2025年5月29日 星期四 下午11:30,,IKEA Family 宜家卡｜宜家卡卡友線上免費申辦，即享IKEA卡友專屬優惠｜IKEA線上購物,1,,,
freshlab.penguin,https://www.threads.com/@freshlab.penguin/post/DKPakyeBJd3,哈哈 圖片版本都出來了！,2025年5月29日 星期四 下午10:29,@ikea_taiwan,,1,1,,,https://www.threads.com/@ikea_taiwan/post/DKPhgc-JJMy,"可愛吧
ikea.com.tw
IKEA Family 宜家卡｜宜家卡卡友線上免費申辦，即享IKEA卡友專屬優惠｜IKEA線上購物",2025年5月29日 星期四 下午11:30,,IKEA Family 宜家卡｜宜家卡卡友線上免費申辦，即享IKEA卡友專屬優惠｜IKEA線上購物,2,1,,
gplus_fryheaven,https://www.threads.com/@gplus_fryheaven/post/DKM1ulFB8Ai,拉拉都會忘記喝水... 有人類可以用的嗎(:3_ヽ)_,2025年5月28日 星期三 下午10:29,@ikea_taiwan,,,1,,,https://www.threads.com/@ikea_taiwan/post/DKOu5HlzXaB,"有植物可以用的，跟植物學習 lihi2.com/fbico
ikea.com.tw
VÅRDTRÄD - 自動給水花盆, 室內/戶外用 透明/碳黑色, 15 公分 | IKEA 線上購物",2025年5月29日 星期四 下午4:07,,"VÅRDTRÄD - 自動給水花盆, 室內/戶外用 透明/碳黑色, 15 公分 | IKEA 線上購物",1,1,,
savor_0108,https://www.threads.com/@savor_0108/post/DKOps9axgPX,,2025年5月29日 星期四 下午3:22,@ikea_taiwan,"Photo by 知味傳統 on May 29, 2025.",1,1,,,https://www.threads.com/@ikea_taiwan/post/DKOuyTfTdib,"讓你的植物自律，不枯 lihi2.com/fbico
ikea.com.tw
VÅRDTRÄD - 自動給水花盆, 室內/戶外用 透明/碳黑色, 15 公分 | IKEA 線上購物",2025年5月29日 星期四 下午4:06,,"VÅRDTRÄD - 自動給水花盆, 室內/戶外用 透明/碳黑色, 15 公分 | IKEA 線上購物",1,,,
chou_york,https://www.threads.com/@chou_york/post/DKORhV8yJRD,別罵了 😭😭😭,2025年5月29日 星期四 上午11:51,@ikea_taiwan,,,1,,,https://www.threads.com/@ikea_taiwan/post/DKOnBHhzUET,不枯不枯,2025年5月29日 星期四 下午2:58,,,1,,,
wanshun0508,https://www.threads.com/@wanshun0508/post/DKNIrwOyTZp,即便他有自動給水花盆 那也得要我記得給它補水阿,2025年5月29日 星期四 上午1:14,@ikea_taiwan,,1,1,,1,https://www.threads.com/@ikea_taiwan/post/DKOm9PBT06G,那真的會枯,2025年5月29日 星期四 下午2:58,,,,,,
shiangyangtw,https://www.threads.com/@shiangyangtw/post/DKObLhlz9SR,對噗起 馬上喝🥺,2025年5月29日 星期四 下午1:15,@ikea_taiwan,,1,1,,,https://www.threads.com/@ikea_taiwan/post/DKOm8coTFEj,很棒,2025年5月29日 星期四 下午2:58,,,1,,,
sywei__,https://www.threads.com/@sywei__/post/DKKejqbzpRu,我好餓⋯好想吃肉丸沾草莓醬🥹🍓🧆,2025年5月28日 星期三 上午12:28,@ikea_taiwan,,,1,,,https://www.threads.com/@ikea_taiwan/post/DKMcIrRTcjc,來吃！順便集點換肉丸鑰匙圈,2025年5月28日 星期三 下午6:45,,,,,,
shiangyihuang,https://www.threads.com/@shiangyihuang/post/DKLuPF1SH7p,我以為是這個…,2025年5月28日 星期三 下午12:04,@ikea_taiwan,"Photo by Shiangyi Huang on May 27, 2025.",3,1,,,https://www.threads.com/@ikea_taiwan/post/DKMcCgnTcsb,是這個,2025年5月28日 星期三 下午6:44,,"Photo by IKEA Taiwan on May 28, 2025.",1,,,
rong_jing188,https://www.threads.com/@rong_jing188/post/DKJg6BbSxty,摸,2025年5月27日 星期二 下午3:29,@ikea_taiwan,,,1,,,https://www.threads.com/@ikea_taiwan/post/DKKK51ezfVM,摸完來換帶走繼續摸,2025年5月27日 星期二 下午9:36,,,1,,,
ccu_3c_product,https://www.threads.com/@ccu_3c_product/post/DKIRuGszxZE,肉丸真的很可愛😍,2025年5月27日 星期二 上午3:57,@ikea_taiwan,"Photo by 色慾之徒 on May 26, 2025.",2,1,,,https://www.threads.com/@ikea_taiwan/post/DKKKw3UTs6j,居然帶肉丸搭車車😍,2025年5月27日 星期二 下午9:35,,,,1,,
hu.furniture,https://www.threads.com/@hu.furniture/post/DKJE_XUysl4,好我咬一口ㄌ ⡐⠀⠀⠀⠀⠀⠀⠀⠀⣀⣠⣴⣶⡾⠿⡀⠀⠀⠀⠀⠀ ⡐⡐ ⠀⠀⠀⠀⠀⣠⠴⠞⠛⠉⠁⠀⠀⠀⠀⠀⣶⣤⡀⠀⠀⠀ ⡐ ⠀⠀⠀⣠⡟⠁⠀⠀⠀⠀⠀⠀⠀⠀⠀⠀⠀⠀⠀⣧⣤⡀⠀⠀⠀⠀⠀ ⠀⠀⣼⡟⠀⠀⠀⠀⠀⠀⠀⠀⠀⠀⠀⠀⠀⠀⠀⠀⠀ ⣧⣤⢻⡀⠀⠀ ⠀⣼⡟⠀⠀⠀⠀⠀⠀⠀⠀⠀⠀⠀⠀⠀⠀⠀⠀⠀⠀⢰⣿⣦⠀⢻⡀⠀ ⢀⡿⠀⠀⠀⠀⠀⠀⠀⠀⠀⣴⣿⣶⡄⠀⠀⠀⠀⠀⠀⠘⢿⡿⠀⠸⣧⠀ ⢸⡇⠀⠀⠀⠀⠀⠀⠀⠀⠀⠹⣿⣿⠃⠀⠀⠀⠀⠀⠀⠀⠀⠀⠀⠀⣿⡀ ⢸⡇⠀⠀⠀⠀⠀⠀⠀⠀⠀⠀⠀⠀⠀⠀⠀⠀⠀⠀⠀⢀⣤⠀⠀⠀⢸⡇ ⠈⣧⠀⠀⠀⠀⠀⠀⠀⠀⠀⠀⠀⠀⠀⢰⣦⣀⠀⢀⣠⡾⠃⠀⠀⠀⣼⠁ ⠀⠘⣆⠀⠀⠀⠀⠀⠀⠀⠀⠀⠀⠀⠀⠈⠙⠟⠟⠛⠋⠀⠀⠀⠀⣼⠏⠀ ⠀⠀⠹⣦⠀⠀⠀⠀⠀⠀⠀⠀⠀⠀⠀⠀⠀⠀⠀⠀⠀⠀⠀⢀⣶⠋⠀⠀ ⠀⠀⠀⠘⠷⣄⡀⠀⠀⠀⠀⠀⠀⠀⠀⠀⠀⠀⢀⣀⣀⣤⠶⠋⠀⠀⠀⠀ ⠀⠀⠀⠀⠀⠀⠉⠛⠛⠿⠶⠶⠶⠶⠿⠛⠛⠛⠋⠉⠀⠀⠀⠀⠀⠀⠀⠀⠀⠀⠀⠀⠀⠀⠀⠀⠀⠀⠀⠀⠀⠀⠀⠀⠀,2025年5月27日 星期二 上午11:25,@ikea_taiwan,,12,1,,,https://www.threads.com/@ikea_taiwan/post/DKKKg8FTmrV,可愛又好吃,2025年5月27日 星期二 下午9:32,,,,,,
mi5a____5,https://www.threads.com/@mi5a____5/post/DKH8LplSyUF,我摸我摸我摸摸摸摸摸,2025年5月27日 星期二 上午12:49,@ikea_taiwan,,,1,,,https://www.threads.com/@ikea_taiwan/post/DKKKeEgzQIP,帶回家繼續摸,2025年5月27日 星期二 下午9:32,,,1,,,
zingala_0card,https://www.threads.com/@zingala_0card/post/DKJzTh-J7lA,來領養肉丸~,2025年5月27日 星期二 下午6:10,@ikea_taiwan,"Photo by 銀角零卡|台灣無卡分期領導品牌 on May 27, 2025. | Photo by 銀角零卡|台灣無卡分期領導品牌 on May 27, 2025.",2,1,,,https://www.threads.com/@ikea_taiwan/post/DKKKZpnTBVB,用心做圖好讚！記得來換實體呦🫶🏻,2025年5月27日 星期二 下午9:31,,,1,,,
bounty_huntr,https://www.threads.com/@bounty_huntr/post/DKHiZfuSJ5-,我有….但一直忘記去換🥺,2025年5月26日 星期一 下午9:03,@ikea_taiwan,,,1,,,https://www.threads.com/@ikea_taiwan/post/DKHr8vzzTv2,趕快來把肉丸寶寶帶回家！,2025年5月26日 星期一 下午10:27,,,,,,
yawen.168,https://www.threads.com/@yawen.168/post/DKCowKAy1L8,不是鯊魚!!!,2025年5月24日 星期六 下午11:23,@ikea_taiwan,,,1,,1,https://www.threads.com/@ikea_taiwan/post/DKCpdaVBmCY,哈士奇比較怕熱,2025年5月24日 星期六 下午11:29,,,3,,,
u.nana01,https://www.threads.com/@u.nana01/post/DJ9bkPAhevN,三色豆可以拿走嗎?,2025年5月22日 星期四 下午10:51,@ikea_taiwan,,,1,,,https://www.threads.com/@ikea_taiwan/post/DJ-sCMoJLWo,"不可以 lihi2.com/wYIdl
ikea.com.tw
ÅBYÅN - 沐浴球 3件組, 橙/綠/白色 | IKEA 線上購物",2025年5月23日 星期五 上午10:34,,"ÅBYÅN - 沐浴球 3件組, 橙/綠/白色 | IKEA 線上購物",,,,
xtmaxx,https://www.threads.com/@xtmaxx/post/DJ9iW90TYtM,出三色豆肉丸我就買😌,2025年5月22日 星期四 下午11:51,@ikea_taiwan,,1,1,,,https://www.threads.com/@ikea_taiwan/post/DJ-r2NppgB9,"這個也要啊 lihi2.com/wYIdl
ikea.com.tw
ÅBYÅN - 沐浴球 3件組, 橙/綠/白色 | IKEA 線上購物",2025年5月23日 星期五 上午10:33,,"ÅBYÅN - 沐浴球 3件組, 橙/綠/白色 | IKEA 線上購物",,,,
s2pd.___.wk,https://www.threads.com/@s2pd.___.wk/post/DJ9kYWcSe-k,黃色的甚至不是玉米 請問還要吃什麼,2025年5月23日 星期五 上午12:08,@ikea_taiwan,,3,1,,,https://www.threads.com/@ikea_taiwan/post/DJ-rpNCJ2Qa,"不用吃啊 直接買 lihi2.com/wYIdl
ikea.com.tw
ÅBYÅN - 沐浴球 3件組, 橙/綠/白色 | IKEA 線上購物",2025年5月23日 星期五 上午10:31,,"ÅBYÅN - 沐浴球 3件組, 橙/綠/白色 | IKEA 線上購物",,,,
larp.playlarphk,https://www.threads.com/@larp.playlarphk/post/DJ9QgpUvlVA,"這是回覆已無法顯示的貼文
香港人很喜歡三色豆，每天都要食",2025年5月22日 星期四 下午9:15,,,3,1,,,https://www.threads.com/@ikea_taiwan/post/DJ9RDk3pxGk,"那我也推薦這款，每天都可以用 lihi2.com/wYIdl
ikea.com.tw
ÅBYÅN - 沐浴球 3件組, 橙/綠/白色 | IKEA 線上購物",2025年5月22日 星期四 下午9:19,,"ÅBYÅN - 沐浴球 3件組, 橙/綠/白色 | IKEA 線上購物",,1,,
zz._.aas,https://www.threads.com/@zz._.aas/post/DJ69LzrT_Nb,？我看的很認真直到後面出現IKEA廣告,2025年5月21日 星期三 下午11:47,@ikea_taiwan,,124,1,,,https://www.threads.com/@ikea_taiwan/post/DJ6-ZVgBomX,我好欣慰,2025年5月21日 星期三 下午11:58,,,42,,,
,https://www.threads.com/@ikea_taiwan/post/DJzFJDrhHgU,ikea_taiwan 114會考 IKEA效應 (IKEA Effect)： 人們會對自己親手組裝的東西 產生更高的價值與情感連結 今天考完試的會考生們 也請對考試有信心 畢竟答案是你自己辛苦拼拼湊湊出來的🫰 1 / 2,2025年5月18日 星期日 下午10:23,,,9560,79,423,707,https://www.threads.com/@ikea_taiwan/post/DJ6cWKgBZ6O,聽說今年會考作文很難？ 我也寫了一篇，應該有六級分。 （我放留言） 1 / 3,2025年5月21日 星期三 下午7:00,,,7648,60,37,122
rarefore,https://www.threads.com/@rarefore/post/DJ6dey1v625,款，錯字扣分,2025年5月21日 星期三 下午7:10,@ikea_taiwan,,553,1,,1,https://www.threads.com/@ikea_taiwan/post/DJ6foSDpHuV,有認真看 很好,2025年5月21日 星期三 下午7:29,,,229,,,
________0613,https://www.threads.com/@________0613/post/DJ3fdDbPbC5,我肚子也2了,2025年5月20日 星期二 下午3:30,@ikea_taiwan,,,1,,,https://www.threads.com/@ikea_taiwan/post/DJ5oZxKTB5i,週5，2了的話請0一定要來,2025年5月21日 星期三 上午11:27,,,,,,
kiss_forest,https://www.threads.com/@kiss_forest/post/DJ3M-9kBKB6,餵我肚ㄗ22ㄌ,2025年5月20日 星期二 下午12:48,@ikea_taiwan,,3,1,,,https://www.threads.com/@ikea_taiwan/post/DJ5oOyPTcvJ,週五不見不散,2025年5月21日 星期三 上午11:25,,,,,,
xianchaofreshhi,https://www.threads.com/@xianchaofreshhi/post/DJ3VcRWTpDs,每個週5 我肚子2 吃你家霜淇0,2025年5月20日 星期二 下午2:02,@ikea_taiwan,,2,1,,,https://www.threads.com/@ikea_taiwan/post/DJ4MqKKzDaK,吃買一送一後再吃霜淇0，完美！,2025年5月20日 星期二 下午10:05,,,2,,,
irent.tw,https://www.threads.com/@irent.tw/post/DJ3onkPpWAH,等你餵,2025年5月20日 星期二 下午4:50,@ikea_taiwan,,1,1,,,https://www.threads.com/@ikea_taiwan/post/DJ4MkBMTCLK,等你來,2025年5月20日 星期二 下午10:04,,,2,,,
ccu_3c_product,https://www.threads.com/@ccu_3c_product/post/DJ3b9h5OMkU,我的520是： 去國稅局報稅 去IKEA換肉丸寶寶,2025年5月20日 星期二 下午2:59,@ikea_taiwan,,5,1,,,https://www.threads.com/@ikea_taiwan/post/DJ3xdT7zr-w,禮拜五再來吃買一送一,2025年5月20日 星期二 下午6:07,,,3,,,
dots20250415,https://www.threads.com/@dots20250415/post/DJ3KInATOKz,5們2的都懂0 ♡,2025年5月20日 星期二 下午12:24,@ikea_taiwan,,2,1,,,https://www.threads.com/@ikea_taiwan/post/DJ3TEkdTvv9,等你來吃🫶🏻,2025年5月20日 星期二 下午1:42,,,1,1,,
yada.tw.tea,https://www.threads.com/@yada.tw.tea/post/DJ3H9bIvpOR,還是得肉丸,2025年5月20日 星期二 下午12:05,@ikea_taiwan,,1,1,,,https://www.threads.com/@ikea_taiwan/post/DJ3TCa2TE3j,來吃！,2025年5月20日 星期二 下午1:41,,,1,,,
3xiny._,https://www.threads.com/@3xiny._/post/DJzICjlzL4G,怎麼連你也懂,2025年5月18日 星期日 下午10:48,@ikea_taiwan,,1,1,,,https://www.threads.com/@ikea_taiwan/post/DJzPkmdhnAA,"我當然懂。 來吃盤我們組裝的肉丸吧 週五買一送一 lihi2.com/tbPfF
ikea.com.tw
IKEA Family 宜家卡｜宜家卡卡友線上免費申辦，即享IKEA卡友專屬優惠｜IKEA線上購物",2025年5月18日 星期日 下午11:54,,IKEA Family 宜家卡｜宜家卡卡友線上免費申辦，即享IKEA卡友專屬優惠｜IKEA線上購物,5,,,
7cyhuu_,https://www.threads.com/@7cyhuu_/post/DJzLsnFShAS,我不想看到你😭 謝謝。小籠包？,2025年5月18日 星期日 下午11:20,@ikea_taiwan,,64,1,,1,https://www.threads.com/@ikea_taiwan/post/DJzPffAhZaq,"👱🏻：你好。肉丸，買一送一，謝謝。 lihi2.com/tbPfF
ikea.com.tw
IKEA Family 宜家卡｜宜家卡卡友線上免費申辦，即享IKEA卡友專屬優惠｜IKEA線上購物",2025年5月18日 星期日 下午11:53,,IKEA Family 宜家卡｜宜家卡卡友線上免費申辦，即享IKEA卡友專屬優惠｜IKEA線上購物,53,,,
pin_ceramics,https://www.threads.com/@pin_ceramics/post/DJmIWqfhSTO,跟早起的我眼神石在一模一樣🪨,2025年5月13日 星期二 下午9:41,@ikea_taiwan,,7,1,,,https://www.threads.com/@ikea_taiwan/post/DJmJdyoB1du,是石候買一張超硬床墊了,2025年5月13日 星期二 下午9:51,,,3,,,
jack80562,https://www.threads.com/@jack80562/post/DJmEQ7IyXWj,是俗頭✌🏻,2025年5月13日 星期二 下午9:05,@ikea_taiwan,,3,1,,,https://www.threads.com/@ikea_taiwan/post/DJmFkn9hI-P,也稱作久桃,2025年5月13日 星期二 下午9:17,,,3,1,,
sophiaz_moon,https://www.threads.com/@sophiaz_moon/post/DJbhqPEzaTk,好像...很好吃...我上禮拜去怎麼沒買....,2025年5月9日 星期五 下午6:50,@ikea_taiwan,,,1,,,https://www.threads.com/@ikea_taiwan/post/DJdX3xFJDhQ,"這禮拜再來！ lihi2.com/XNvYI
ikea.com.tw
IKEA餐廳 - 超人氣肉丸、銅板美食等瑞典美食菜單一覽｜IKEA線上購物",2025年5月10日 星期六 下午12:03,,IKEA餐廳 - 超人氣肉丸、銅板美食等瑞典美食菜單一覽｜IKEA線上購物,,,,
ccc_photo1025,https://www.threads.com/@ccc_photo1025/post/DJbHj0fBVEj,太諧了吧,2025年5月9日 星期五 下午3:02,@ikea_taiwan,,1,2,,,https://www.threads.com/@ikea_taiwan/post/DJbSq77J9eL,諧諧你的讚美 記得來吃冰🍦,2025年5月9日 星期五 下午4:39,,,3,,,
nevillechen527,https://www.threads.com/@nevillechen527/post/DJa9LTsvcZu,賀 蛋壘隨kea,2025年5月9日 星期五 下午1:32,@ikea_taiwan,,8,1,,,https://www.threads.com/@ikea_taiwan/post/DJbFmbtpn97,等你來🫡,2025年5月9日 星期五 下午2:45,,,3,,,
meowmeowweirong,https://www.threads.com/@meowmeowweirong/post/DJa-SEmJmcd,敝人的儀式感：離開IKEA前吃一支冰再走。,2025年5月9日 星期五 下午1:41,@ikea_taiwan,,1,1,,,https://www.threads.com/@ikea_taiwan/post/DJbFjdAJsqK,"還要來吃精選主餐啦 買一送一👌🏻 lihi2.com/XNvYI
ikea.com.tw
IKEA餐廳 - 超人氣肉丸、銅板美食等瑞典美食菜單一覽｜IKEA線上購物",2025年5月9日 星期五 下午2:45,,IKEA餐廳 - 超人氣肉丸、銅板美食等瑞典美食菜單一覽｜IKEA線上購物,,,,1
ogcfrank,https://www.threads.com/@ogcfrank/post/DJbDYAcyZVt,假日渣KEA 準備去IKEA,2025年5月9日 星期五 下午2:26,@ikea_taiwan,,,1,,,https://www.threads.com/@ikea_taiwan/post/DJbFXdxJQ7-,"這就對了 推薦週五來吃買一送一 lihi2.com/XNvYI
ikea.com.tw
IKEA餐廳 - 超人氣肉丸、銅板美食等瑞典美食菜單一覽｜IKEA線上購物",2025年5月9日 星期五 下午2:43,,IKEA餐廳 - 超人氣肉丸、銅板美食等瑞典美食菜單一覽｜IKEA線上購物,1,,,
wensin6328,https://www.threads.com/@wensin6328/post/DJa5dXHSkMq,比起百香柚子口味，更喜歡あ・な・た ♡,2025年5月9日 星期五 下午12:59,@ikea_taiwan,,66,2,,2,https://www.threads.com/@ikea_taiwan/post/DJbE_6YJzYk,這是在跟我告白嗎,2025年5月9日 星期五 下午2:40,,,16,,,1
kawauso_japanese,https://www.threads.com/@kawauso_japanese/post/DJa7111ptAO,愛睡覺也能解決所有問題 愛是睏,2025年5月9日 星期五 下午1:20,@ikea_taiwan,,20,1,,4,https://www.threads.com/@ikea_taiwan/post/DJa8N9lpLXR,"吃飽再睡🍦 lihi2.com/XNvYI
ikea.com.tw
IKEA餐廳 - 超人氣肉丸、銅板美食等瑞典美食菜單一覽｜IKEA線上購物",2025年5月9日 星期五 下午1:23,,IKEA餐廳 - 超人氣肉丸、銅板美食等瑞典美食菜單一覽｜IKEA線上購物,,,,
serendipity_staychill,https://www.threads.com/@serendipity_staychill/post/DJa15r6PWtk,好讚好愛,2025年5月9日 星期五 下午12:28,@ikea_taiwan,,2,1,,,https://www.threads.com/@ikea_taiwan/post/DJa4yu5p8l1,謝謝 ice你了,2025年5月9日 星期五 下午12:53,,,3,,,
sanlii,https://www.threads.com/@sanlii/post/DJa0A-6xUDG,"這是回覆已無法顯示的貼文
露比醬 嗨～",2025年5月9日 星期五 下午12:12,,,,1,,,https://www.threads.com/@ikea_taiwan/post/DJa0YAJJNWP,我最喜歡霜淇淋,2025年5月9日 星期五 下午12:15,,,,,,
preporodlove,https://www.threads.com/@preporodlove/post/DJaz0uGTNBL,"這是回覆已無法顯示的貼文
太可愛了啦～ 肚子餓了 來KEA IKEA!!",2025年5月9日 星期五 下午12:10,,,,1,,,https://www.threads.com/@ikea_taiwan/post/DJa0Wf9p7TX,趁午休時間趕快來,2025年5月9日 星期五 下午12:14,,,1,,,
nancywontcomeback_,https://www.threads.com/@nancywontcomeback_/post/DJazk3YRmb7,"這是回覆已無法顯示的貼文
以為是榴槤口味回歸🥺😭",2025年5月9日 星期五 下午12:08,,,1,1,,,https://www.threads.com/@ikea_taiwan/post/DJa0UDmJfVi,百香柚子也很好吃🤤,2025年5月9日 星期五 下午12:14,,,,,,
myumyumyu.home,https://www.threads.com/@myumyumyu.home/post/DJWDxWmJ6q0,＠老闆 IKEA週五買一送一，要不要去聚餐？,2025年5月7日 星期三 下午3:53,@ikea_taiwan,,3,1,,,https://www.threads.com/@ikea_taiwan/post/DJWPwy2zaOw,來！都來！,2025年5月7日 星期三 下午5:38,,,,,,
229leowang,https://www.threads.com/@229leowang/post/DJUhAF6SOGT,ㄩㄇ？,2025年5月7日 星期三 上午1:30,@ikea_taiwan,,,1,,,https://www.threads.com/@ikea_taiwan/post/DJWE4ceJY55,"記得加入卡友再揪團 lihi2.com/Xe2X7
ikea.com.tw
IKEA Family 宜家卡｜宜家卡卡友線上免費申辦，即享IKEA卡友專屬優惠｜IKEA線上購物",2025年5月7日 星期三 下午4:03,,IKEA Family 宜家卡｜宜家卡卡友線上免費申辦，即享IKEA卡友專屬優惠｜IKEA線上購物,1,,,
mink_520520,https://www.threads.com/@mink_520520/post/DJV0I2Qz9l_,ikea買一送一是要給情侶的，不是你自己得到兩份還在那邊爽。,2025年5月7日 星期三 下午1:36,@ikea_taiwan,,8,1,,,https://www.threads.com/@ikea_taiwan/post/DJWExjFpOuQ,"一個人吃也很棒啊 先加入卡友 我們就是好朋友 lihi2.com/Xe2X7
ikea.com.tw
IKEA Family 宜家卡｜宜家卡卡友線上免費申辦，即享IKEA卡友專屬優惠｜IKEA線上購物",2025年5月7日 星期三 下午4:02,,IKEA Family 宜家卡｜宜家卡卡友線上免費申辦，即享IKEA卡友專屬優惠｜IKEA線上購物,4,,,
_chu.1999,https://www.threads.com/@_chu.1999/post/DJR55PzvPzB,回來上班了哈哈,2025年5月6日 星期二 上午1:10,@ikea_taiwan,"Photo by 進擊的筑筑老大 on May 05, 2025. | Photo by 進擊的筑筑老大 on May 05, 2025.",781,3,,6,https://www.threads.com/@ikea_taiwan/post/DJUVUdbzauo,還是要乖乖上班，晚上再去躺涼涼,2025年5月6日 星期二 下午11:48,,,41,,,
diana__0411,https://www.threads.com/@diana__0411/post/DJT7Ozoy3PJ,我也要幫我家的IKEA狗狗買一張涼感床🐶,2025年5月6日 星期二 下午8:00,@ikea_taiwan,,1,1,,,https://www.threads.com/@ikea_taiwan/post/DJUTkk5zOJd,"可以先幫牠買涼感床包，也可以來逛逛還有很多涼感選擇 lihi2.com/8EaaB
ikea.com.tw
HÖSTVÄDD - 雙人床包, 藍色, 150x200 公分 | IKEA 線上購物",2025年5月6日 星期二 下午11:33,,"HÖSTVÄDD - 雙人床包, 藍色, 150x200 公分 | IKEA 線上購物",,,,
luna_2ha,https://www.threads.com/@luna_2ha/post/DJT8vwpSTe-,人氣員工已經被我制伏了 請大家不用擔心,2025年5月6日 星期二 下午8:14,@ikea_taiwan,,1117,2,13,78,https://www.threads.com/@ikea_taiwan/post/DJURuPsTPb5,請跟我們哈士奇當好朋友！,2025年5月6日 星期二 下午11:16,,,136,1,,1
markus_16001,https://www.threads.com/@markus_16001/post/DJUEZOAz9Z-,我都去吃冰機林到,2025年5月6日 星期二 下午9:20,@ikea_taiwan,,1,1,,,https://www.threads.com/@ikea_taiwan/post/DJURhgUzKIZ,這次可以吃完買一送一後，再去吃冰淇淋🍦完美！,2025年5月6日 星期二 下午11:15,,,,,,
noodleprinceexx,https://www.threads.com/@noodleprinceexx/post/DJUG02JJJCu,很會欸,2025年5月6日 星期二 下午9:41,@ikea_taiwan,,1,1,,,https://www.threads.com/@ikea_taiwan/post/DJURYDTzdRI,等你揪團來吃😁,2025年5月6日 星期二 下午11:13,,,1,,,
sumairu.0727,https://www.threads.com/@sumairu.0727/post/DJT6ni5zRDU,鯊魚什麼時候可以買一送一,2025年5月6日 星期二 下午7:55,@ikea_taiwan,,4,1,,,https://www.threads.com/@ikea_taiwan/post/DJURS2dzVAs,還是你帶著你的鯊魚來吃買一送一～,2025年5月6日 星期二 下午11:13,,,4,,,
g8hair,https://www.threads.com/@g8hair/post/DJUCBpByL7_,花一份錢，可以自己吃兩份了！😋,2025年5月6日 星期二 下午8:59,@ikea_taiwan,,6,1,,,https://www.threads.com/@ikea_taiwan/post/DJURMD9zR1y,就要你吃飽🫶🏻,2025年5月6日 星期二 下午11:12,,,1,,,
lunaslowfall,https://www.threads.com/@lunaslowfall/post/DJUAe4tI7tS,有offer就會出動，友情都靠優惠維繫!!😘,2025年5月6日 星期二 下午8:46,@ikea_taiwan,,2,1,,,https://www.threads.com/@ikea_taiwan/post/DJURI7Sz-CP,找朋友一起來吃🍽️,2025年5月6日 星期二 下午11:11,,,,,,
fantastybanana,https://www.threads.com/@fantastybanana/post/DJT2n7syrH2,不知道為啥去ikea都想睡....,2025年5月6日 星期二 下午7:20,@ikea_taiwan,,11,1,,,https://www.threads.com/@ikea_taiwan/post/DJT3raQJmin,歡迎來試躺床墊,2025年5月6日 星期二 下午7:29,,,3,,,
kimi_hello,https://www.threads.com/@kimi_hello/post/DJT2RzMT1lw,😂把妹去ikea最對味～,2025年5月6日 星期二 下午7:17,@ikea_taiwan,,6,1,,,https://www.threads.com/@ikea_taiwan/post/DJT3gwIpUQ0,約會是滿不錯的啦,2025年5月6日 星期二 下午7:27,,,4,,,
thankmilk,https://www.threads.com/@thankmilk/post/DJTSv_VTu7i,他們能在IKEA找到路很厲害,2025年5月6日 星期二 下午2:06,@ikea_taiwan,,607,4,,1,https://www.threads.com/@ikea_taiwan/post/DJTtC2mTn0E,很熟，還會走捷徑,2025年5月6日 星期二 下午5:56,,,125,,,
husky_toy,https://www.threads.com/@husky_toy/post/DJRrwYXyduQ,結果不是涼感寢具為主角 而是哈士奇為主角,2025年5月5日 星期一 下午11:06,@ikea_taiwan,,25,1,,,https://www.threads.com/@ikea_taiwan/post/DJTBpL_zuJO,"涼感寢具哈士奇雙主角 lihi2.com/8EaaB
ikea.com.tw
HÖSTVÄDD - 雙人床包, 藍色, 150x200 公分 | IKEA 線上購物",2025年5月6日 星期二 上午11:37,,"HÖSTVÄDD - 雙人床包, 藍色, 150x200 公分 | IKEA 線上購物",14,,,
starsnow999,https://www.threads.com/@starsnow999/post/DJSvcqSSEm0,有燒到養狗人了！請問床包型號？是涼感的嗎？,2025年5月6日 星期二 上午8:58,@ikea_taiwan,,9,1,,1,https://www.threads.com/@ikea_taiwan/post/DJTBj8izq_F,"涼感床包在這裡！ lihi2.com/8EaaB
ikea.com.tw
HÖSTVÄDD - 雙人床包, 藍色, 150x200 公分 | IKEA 線上購物",2025年5月6日 星期二 上午11:36,,"HÖSTVÄDD - 雙人床包, 藍色, 150x200 公分 | IKEA 線上購物",3,,,
just_svenska,https://www.threads.com/@just_svenska/post/DJJ200_PuS0,ägg,2025年5月2日 星期五 下午10:09,@ikea_taiwan,,99,1,,,https://www.threads.com/@ikea_taiwan/post/DJJ3AK-hb5D,專業,2025年5月2日 星期五 下午10:11,,,27,1,,
essence_____studio,https://www.threads.com/@essence_____studio/post/DJJ2DwrTOVT,蛋花！,2025年5月2日 星期五 下午10:02,@ikea_taiwan,,242,3,,,https://www.threads.com/@ikea_taiwan/post/DJJ2qScB77G,把被單拿去洗的時候 洗衣機就變成蛋花湯了,2025年5月2日 星期五 下午10:08,,,177,,,1
yoho.393,https://www.threads.com/@yoho.393/post/DJJ2SeYPpWV,"雞蛋花✨✨ google.com/imgre…
google.com
Plumeria obtusa (Singapore Plumeria)",2025年5月2日 星期五 下午10:04,@ikea_taiwan,Plumeria obtusa (Singapore Plumeria),46,1,,1,https://www.threads.com/@ikea_taiwan/post/DJJ2mB3BAXF,香香的,2025年5月2日 星期五 下午10:07,,,7,,,
dellebakery01,https://www.threads.com/@dellebakery01/post/DJJ2XnFSF7N,我敢說這是花,2025年5月2日 星期五 下午10:05,@ikea_taiwan,,4,1,,,https://www.threads.com/@ikea_taiwan/post/DJJ2iEJBxY7,對答案了嗎,2025年5月2日 星期五 下午10:06,,,,,,
ryshan_studio,https://www.threads.com/@ryshan_studio/post/DJGPzDty8-8,不准這麼會拍！,2025年5月1日 星期四 下午12:30,@ikea_taiwan,,,1,,,https://www.threads.com/@ikea_taiwan/post/DJGZYl9zNFW,等你來看這系列～,2025年5月1日 星期四 下午1:54,,,,,,
babyamotivatedtowhat,https://www.threads.com/@babyamotivatedtowhat/post/DJF-5rrv8lb,附圖［BB車不屬於貴店的］,2025年5月1日 星期四 上午10:03,@ikea_taiwan,"Photo by BabyAmotivatedtowhat on April 30, 2025. | Photo by BabyAmotivatedtowhat on April 30, 2025. | Photo by BabyAmotivatedtowhat on April 30, 2025.",,1,,,https://www.threads.com/@ikea_taiwan/post/DJGZSvZztr3,我們的空間跟車車很搭耶！,2025年5月1日 星期四 下午1:53,,,,1,,
huang_feixiang2010,https://www.threads.com/@huang_feixiang2010/post/DJE1wlDT9fh,還有安全帶,2025年4月30日 星期三 下午11:23,@ikea_taiwan,"Photo by 黃飛翔 on April 30, 2025.",2,1,,,https://www.threads.com/@ikea_taiwan/post/DJGZL5zzjjm,看到鯊鯊那麼安全我就放心了,2025年5月1日 星期四 下午1:52,,,,,,
chunzhenna_0416,https://www.threads.com/@chunzhenna_0416/post/DJE-J1AzDqN,木瓜牛奶霜淇淋好吃 也有鯊鯊！,2025年5月1日 星期四 上午12:37,@ikea_taiwan,"Photo by 淳甄 on April 30, 2025. | Photo by 淳甄 on April 30, 2025. | Photo by 淳甄 on April 30, 2025.",1,1,,,https://www.threads.com/@ikea_taiwan/post/DJGZKNAzt-4,好吃！,2025年5月1日 星期四 下午1:52,,,,,,
lai.yukai1113,https://www.threads.com/@lai.yukai1113/post/DJEsStcyNcS,這是最棒的區域ww,2025年4月30日 星期三 下午10:01,@ikea_taiwan,"Photo by 賴昱愷 on April 30, 2025.",1,1,,,https://www.threads.com/@ikea_taiwan/post/DJE1ORuz0vc,把鯊鯊帶回家😍,2025年4月30日 星期三 下午11:19,,,1,,,
ms7tk6,https://www.threads.com/@ms7tk6/post/DJBSzfTxIv-,想問大家買枕頭都會試躺嗎？ 有沒有推薦的枕頭或是可以試躺的門市 😭😭😭 不好睡的枕頭真的會睡到一個酸痛😵‍💫,2025年4月29日 星期二 下午2:20,,,9,33,,2,https://www.threads.com/@ikea_taiwan/post/DJDdXMdT97m,我來了，IKEA人體工學枕不只可以店內試躺 還可以帶回家試100天喔🛌,2025年4月30日 星期三 上午10:31,,"Photo by IKEA Taiwan on April 29, 2025.",17,3,,7
fallinto.coffee,https://www.threads.com/@fallinto.coffee/post/DJBGY4QSS97,想法不曾停止動作不曾開始,2025年4月29日 星期二 下午12:32,@ikea_taiwan,,,1,,,https://www.threads.com/@ikea_taiwan/post/DJDapRoTPB0,我們都在繼續想像的道路上,2025年4月30日 星期三 上午10:07,,,,,,
bestmate.pet,https://www.threads.com/@bestmate.pet/post/DJA0SJUSBwv,把貓咪推倒的東西歸位後：今天太累了，明天再整理好了養ㄇ,2025年4月29日 星期二 上午9:54,@ikea_taiwan,,,1,,,https://www.threads.com/@ikea_taiwan/post/DJA9ZihzlOa,主子最大,2025年4月29日 星期二 上午11:13,,,2,,,
vidya_humandesign,https://www.threads.com/@vidya_humandesign/post/DJAktcEhAay,"真的笑死 最難的從來不是整理 是開始整理
躺在床上想了兩個小時 搬起第一樣東西只要五分鐘 動起來了",2025年4月29日 星期二 上午7:38,@ikea_taiwan,,,1,,,https://www.threads.com/@ikea_taiwan/post/DJA9WV8T7i0,收房間流程 站起來：一個下午 收房間：一個晚上 弄亂：出門前的10分鐘,2025年4月29日 星期二 上午11:13,,,2,,,
yoake_life,https://www.threads.com/@yoake_life/post/DJAlnLfSwj3,凡事起頭難， 過程很痛苦， 收完超舒心。,2025年4月29日 星期二 上午7:45,@ikea_taiwan,,1,1,,,https://www.threads.com/@ikea_taiwan/post/DJAxMh-BLHP,請你跟大家傳授一下你開始的秘訣,2025年4月29日 星期二 上午9:27,,,,,,
_hni9756,https://www.threads.com/@_hni9756/post/DI_sJn6B0vC,思考完這句話到執行已經過半小時了,2025年4月28日 星期一 下午11:23,@ikea_taiwan,,,1,,,https://www.threads.com/@ikea_taiwan/post/DI_s4iiBC-W,然後弄亂可能只要5分鐘,2025年4月28日 星期一 下午11:30,,,1,1,,
in89_cinemax,https://www.threads.com/@in89_cinemax/post/DI_otusvt2z,房間的椅子永遠沒有地方坐🙂‍↔️,2025年4月28日 星期一 下午10:53,@ikea_taiwan,,,1,,,https://www.threads.com/@ikea_taiwan/post/DI_pGNABkdv,請大家正確的使用椅子,2025年4月28日 星期一 下午10:57,,,1,,,
youwillshine.co,https://www.threads.com/@youwillshine.co/post/DI_npwBS3g0,收拾房間遇到的第一個難關： 打開衣櫃後 開始質疑自己是不是擁有平行時空的衣物量 🫠,2025年4月28日 星期一 下午10:44,@ikea_taiwan,,2,1,,,https://www.threads.com/@ikea_taiwan/post/DI_oNDVh25l,或是開始懷疑去年的自己的消費力,2025年4月28日 星期一 下午10:49,,,2,1,,
tuitdc1112,https://www.threads.com/@tuitdc1112/post/DI_ikoWPx00,簡單，等我準備開始念書就不知道為什麼會開始收拾房間了～,2025年4月28日 星期一 下午10:00,@ikea_taiwan,,8,1,,1,https://www.threads.com/@ikea_taiwan/post/DI_nqgFh5uZ,高招,2025年4月28日 星期一 下午10:44,,,,,,
badday0116,https://www.threads.com/@badday0116/post/DI_mOqYSCP2,決定今天要認真打掃房間，老闆Line打來，算ㄌ,2025年4月28日 星期一 下午10:32,@ikea_taiwan,,,1,,,https://www.threads.com/@ikea_taiwan/post/DI_noxSh1p0,沒事 改天一定要收拾 lihi2.com/gOkJJ,2025年4月28日 星期一 下午10:44,,,1,,,
bear_bear_711,https://www.threads.com/@bear_bear_711/post/DI_dSK2TPKq,把房間最大的東西收拾起來,2025年4月28日 星期一 下午9:13,@ikea_taiwan,"Photo by Bear Bear on April 28, 2025.",8,1,,,https://www.threads.com/@ikea_taiwan/post/DI_kmkuBvfW,很聰明 先壓扁一隻鯊鯊就可以住進更多隻鯊鯊,2025年4月28日 星期一 下午10:17,,,4,,,
iamdobby.dobbyisfree,https://www.threads.com/@iamdobby.dobbyisfree/post/DI_gCm7zHGS,多比聽到這句話忍不住在原地小小打了個滾！ 是的！開始那一瞬間真的好像面對一座大大的山！不管怎麼看都覺得要從哪裡下手才好 …… 但沒有關係哪怕只是把一雙襪子摺好！把一張紙撿起來也已經算是悄悄啟動了屬於自己的小小魔法了！多比會在旁邊揮著小手為您輕輕加油！,2025年4月28日 星期一 下午9:37,@ikea_taiwan,,155,2,,2,https://www.threads.com/@ikea_taiwan/post/DI_keBshrru,"希望這些也能小小幫到忙✨ lihi2.com/gOkJJ
ikea.com.tw
收納櫃/櫃子/置物櫃/衣櫃收納 - IKEA線上購物",2025年4月28日 星期一 下午10:16,,收納櫃/櫃子/置物櫃/衣櫃收納 - IKEA線上購物,1,,,
megapxmart,https://www.threads.com/@megapxmart/post/DI_jP-iTsuj,房間 我都先不收🤣,2025年4月28日 星期一 下午10:06,@ikea_taiwan,"Photo by 大全聯 MEGA PXMART on April 28, 2025.",3,1,,,https://www.threads.com/@ikea_taiwan/post/DI_kV2khqhi,不對吧 椅子上也應該要全是衣服？,2025年4月28日 星期一 下午10:15,,,1,1,,
nmmba_tw,https://www.threads.com/@nmmba_tw/post/DI_ePOIybRW,第一個難關是：想到要收拾房間🤣,2025年4月28日 星期一 下午9:22,@ikea_taiwan,,5,1,,,https://www.threads.com/@ikea_taiwan/post/DI_eyA7hNMJ,"想到就先躺著看看也行：lihi2.com/gOkJJ
ikea.com.tw
收納櫃/櫃子/置物櫃/衣櫃收納 - IKEA線上購物",2025年4月28日 星期一 下午9:26,,收納櫃/櫃子/置物櫃/衣櫃收納 - IKEA線上購物,1,,,
wchierihonda,https://www.threads.com/@wchierihonda/post/DI2fCTQTMp0,有朋至遠方來 鞭數十驅之別院,2025年4月25日 星期五 上午9:36,@ikea_taiwan,,,1,,,https://www.threads.com/@ikea_taiwan/post/DI8M7gipjR8,"你這樣我都要忘記原文了
ikea.com.tw
PAX系統衣櫃 │ IKEA 線上購物－DIY 你的理想衣櫃",2025年4月27日 星期日 下午2:53,,PAX系統衣櫃 │ IKEA 線上購物－DIY 你的理想衣櫃,1,,,
asuhosus,https://www.threads.com/@asuhosus/post/DI5LexmyeCo,可以跳過晚上,2025年4月26日 星期六 上午10:42,@ikea_taiwan,,2607,16,9,20,https://www.threads.com/@ikea_taiwan/post/DI73mHBzaMC,"還可以當物品庫放裝備 lihi2.com/6GAKQ
ikea.com.tw
KORTGARDEN - 掀床, Kimstad 淺乳白色, 150x200 公分 | IKEA 線上購物",2025年4月27日 星期日 上午11:46,,"KORTGARDEN - 掀床, Kimstad 淺乳白色, 150x200 公分 | IKEA 線上購物",11,,,
cheng54910,https://www.threads.com/@cheng54910/post/DI4DaSSvB8G,堆放冬季的衣服,2025年4月26日 星期六 上午12:13,@ikea_taiwan,,7,2,,,https://www.threads.com/@ikea_taiwan/post/DI7oXD1T3XW,"掀床下很適合 lihi2.com/6GAKQ
ikea.com.tw
KORTGARDEN - 掀床, Kimstad 淺乳白色, 150x200 公分 | IKEA 線上購物",2025年4月27日 星期日 上午9:33,,"KORTGARDEN - 掀床, Kimstad 淺乳白色, 150x200 公分 | IKEA 線上購物",1,,,
sheepoverthere,https://www.threads.com/@sheepoverthere/post/DI462A_y2nv,下面可以放東西,2025年4月26日 星期六 上午8:17,@ikea_taiwan,,1,1,,,https://www.threads.com/@ikea_taiwan/post/DI7n2wmTHf-,"掀床下也可以放更多東西 lihi2.com/6GAKQ
ikea.com.tw
KORTGARDEN - 掀床, Kimstad 淺乳白色, 150x200 公分 | IKEA 線上購物",2025年4月27日 星期日 上午9:29,,"KORTGARDEN - 掀床, Kimstad 淺乳白色, 150x200 公分 | IKEA 線上購物",2,,,
jhuoyun.sakaba,https://www.threads.com/@jhuoyun.sakaba/post/DI4NzvAyxPZ,在上面折豆腐被 看 還不快動作,2025年4月26日 星期六 上午1:43,@ikea_taiwan,,1,1,,1,https://www.threads.com/@ikea_taiwan/post/DI7nW5UTnIc,"折好就可以收到床下放好 lihi2.com/6GAKQ
ikea.com.tw
KORTGARDEN - 掀床, Kimstad 淺乳白色, 150x200 公分 | IKEA 線上購物",2025年4月27日 星期日 上午9:24,,"KORTGARDEN - 掀床, Kimstad 淺乳白色, 150x200 公分 | IKEA 線上購物",,,,
yaji991,https://www.threads.com/@yaji991/post/DI6buDupBEv,你除了用來睡覺之外，還要幹嘛？？？？？,2025年4月26日 星期六 下午10:24,@ikea_taiwan,,1,1,,1,https://www.threads.com/@ikea_taiwan/post/DI7nLg5zix6,"還會用來收東西 lihi2.com/6GAKQ
ikea.com.tw
KORTGARDEN - 掀床, Kimstad 淺乳白色, 150x200 公分 | IKEA 線上購物",2025年4月27日 星期日 上午9:23,,"KORTGARDEN - 掀床, Kimstad 淺乳白色, 150x200 公分 | IKEA 線上購物",1,,,
yyachan_desu,https://www.threads.com/@yyachan_desu/post/DI5a5EbzbHI,鯊鯊是真的沒有賣了嗎(´･ω･`),2025年4月26日 星期六 下午12:57,@ikea_taiwan,,7,2,,,https://www.threads.com/@ikea_taiwan/post/DI5f6oWz-I0,還有賣！歡迎常來逛逛，關心鯊鯊,2025年4月26日 星期六 下午1:41,,,13,1,,
npm_south,https://www.threads.com/@npm_south/post/DI38PuYTbE8,躺躺,2025年4月25日 星期五 下午11:10,@ikea_taiwan,"Photo by 國立故宮博物院南部院區 on April 25, 2025.",504,2,1,6,https://www.threads.com/@ikea_taiwan/post/DI4ABTdTIvN,要不要來我們家躺躺啊！,2025年4月25日 星期五 下午11:43,,,126,,,1
noami_yuo,https://www.threads.com/@noami_yuo/post/DI1La80BWCR,"這是回覆已無法顯示的貼文
ikea的吊杆臨時掛衣區真的很讚……",2025年4月24日 星期四 下午9:25,,,,1,,,https://www.threads.com/@ikea_taiwan/post/DI1Lxc1JqwD,"那你可能也會喜歡大衣櫃🤲🏻 lihi2.com/SKn6b
ikea.com.tw
PAX系統衣櫃 │ IKEA 線上購物－DIY 你的理想衣櫃",2025年4月24日 星期四 下午9:28,,PAX系統衣櫃 │ IKEA 線上購物－DIY 你的理想衣櫃,,,,
az13579246810z,https://www.threads.com/@az13579246810z/post/DI1JvTZTqKQ,"這是回覆已無法顯示的貼文
（D) 地板下 很熱鬧",2025年4月24日 星期四 下午9:10,,,1,2,,,https://www.threads.com/@ikea_taiwan/post/DI1KLNopXKB,怎麼感覺有點恐怖,2025年4月24日 星期四 下午9:14,,,1,,,
huang_feixiang2010,https://www.threads.com/@huang_feixiang2010/post/DI1JNs_TJ83,"這是回覆已無法顯示的貼文
（D)帶去ikea 翻譯",2025年4月24日 星期四 下午9:06,,,2,1,,,https://www.threads.com/@ikea_taiwan/post/DI1J3cupEm5,先說 弄丟的話我不負責喔🤔,2025年4月24日 星期四 下午9:11,,,,,,
fortune.odds,https://www.threads.com/@fortune.odds/post/DIu2xYDv2Xb,零錢包好可愛☺️,2025年4月22日 星期二 上午10:29,@ikea_taiwan零錢包好可愛☺️讚回覆1轉發分享,,,1,,,https://www.threads.com/@ikea_taiwan/post/DIwGkeEJD5_,卡友單筆消費滿$888就可以獲得可愛零錢包！快來！,2025年4月22日 星期二 下午10:06,,,,,,
kaohsiung_city,https://www.threads.com/@kaohsiung_city/post/DIv6R3fP-N1,整理發票算嗎🥲,2025年4月22日 星期二 下午8:19,@ikea_taiwan整理發票算嗎🥲讚回覆1轉發分享,,,1,,,https://www.threads.com/@ikea_taiwan/post/DIv9Bb6JXmI,錢包整齊財自然就來了？,2025年4月22日 星期二 下午8:43,,,1,,,
bounty_huntr,https://www.threads.com/@bounty_huntr/post/DIu5X9hy5sm,你不理財，財不理你,2025年4月22日 星期二 上午10:52,@ikea_taiwan你不理財，財不理你讚回覆1轉發分享,,,1,,,https://www.threads.com/@ikea_taiwan/post/DIv8961JK64,用零錢包理財👌,2025年4月22日 星期二 下午8:42,,,,,,
yu___200cm,https://www.threads.com/@yu___200cm/post/DIux5Xqzjby,來財來,2025年4月22日 星期二 上午9:46,@ikea_taiwan來財來讚回覆1轉發分享,,,1,,,https://www.threads.com/@ikea_taiwan/post/DIv86MJpH_7,來買，來,2025年4月22日 星期二 下午8:42,,,1,,,
npm_south,https://www.threads.com/@npm_south/post/DIvZGLRJhHl,鯨魚的可愛，自古就懂，〈坤輿全圖〉,2025年4月22日 星期二 下午3:29,@ikea_taiwan鯨魚的可愛，自古就懂，〈坤輿全圖〉讚194回覆2轉發分享1,"Photo by 國立故宮博物院南部院區 on April 22, 2025.",194,2,,1,https://www.threads.com/@ikea_taiwan/post/DIvrvNEJrx1,你很懂！我們鯨生的感情不是塑膠,2025年4月22日 星期二 下午6:12,,,8,,,
yoho.393,https://www.threads.com/@yoho.393/post/DI36u4bPCB7,看起來可以藏人？,2025年4月25日 星期五 下午10:57,@ikea_taiwan,,8,2,,,https://www.threads.com/@ikea_taiwan/post/DI3-SBGTVVs,我們安全第一,2025年4月25日 星期五 下午11:28,,,8,,,
ink.0415,https://www.threads.com/@ink.0415/post/DI37fz_yMh4,抽查作業,2025年4月25日 星期五 下午11:03,@ikea_taiwan,,76,2,,,https://www.threads.com/@ikea_taiwan/post/DI3-JVIzHvP,算是認真嗎？,2025年4月25日 星期五 下午11:27,,,24,,,1
hebe_er,https://www.threads.com/@hebe_er/post/DI37x_GywhY,跟我家的床一樣,2025年4月25日 星期五 下午11:06,@ikea_taiwan,"Photo by 黃喜碧 on April 25, 2025.",34,1,,1,https://www.threads.com/@ikea_taiwan/post/DI3-B1dzyxA,可愛！坐坐！,2025年4月25日 星期五 下午11:26,,,20,,,
bear_bear_711,https://www.threads.com/@bear_bear_711/post/DI374TATiSC,放鯊魚,2025年4月25日 星期五 下午11:07,@ikea_taiwan,"Photo by Bear Bear on April 25, 2025.",1424,3,,15,https://www.threads.com/@ikea_taiwan/post/DI398NUzV6A,鯊鯊看起來很舒服,2025年4月25日 星期五 下午11:25,,,412,1,,2
nijia_skin,https://www.threads.com/@nijia_skin/post/DI1wNeMBdSF,我的工作室每天都打掃 就算當天沒預約也一樣 隨時迎接好客人🥹,2025年4月25日 星期五 上午2:46,@ikea_taiwan,,,1,,,https://www.threads.com/@ikea_taiwan/post/DI2lhEESASH,模範生,2025年4月25日 星期五 上午10:32,,,1,,,
,https://www.threads.com/@tigerjiatailu/post/DI1ZqL6Tre9,名偵探柯南,2025年4月24日 星期四 下午11:29,,"Photo by 呂嘉泰 on April 24, 2025.",25,77,30,4,https://www.threads.com/@ikea_taiwan/post/DI1dp6TSMOp,你這樣讓我有點害怕,2025年4月25日 星期五 上午12:04,,,2,1,,
gelato_lunicorno,https://www.threads.com/@gelato_lunicorno/post/DI1bh6rhl1t,可是我房間很乾淨也沒人來怎麼辦…🥺,2025年4月24日 星期四 下午11:46,@ikea_taiwan,,2,1,,,https://www.threads.com/@ikea_taiwan/post/DI1bs1USUwh,那可以找人來逛IKEA,2025年4月24日 星期四 下午11:47,,,9,1,,1
tigerjiatailu,https://www.threads.com/@tigerjiatailu/post/DItb_mdzINk,財不理你,2025年4月21日 星期一 下午9:16,@ikea_taiwan,,1,1,,,https://www.threads.com/@ikea_taiwan/post/DItnx8vyS49,你不理財,2025年4月21日 星期一 下午10:59,,,1,,,
wanshun0508,https://www.threads.com/@wanshun0508/post/DItkEwny01T,恩....比手機密碼還少的錢可以理嗎,2025年4月21日 星期一 下午10:26,@ikea_taiwan,,,1,,,https://www.threads.com/@ikea_taiwan/post/DItmh6ESPvR,整理好零錢就是一種理財😎,2025年4月21日 星期一 下午10:48,,,,,,
johnnyintown,https://www.threads.com/@johnnyintown/post/DIthoUry13C,從微小的動作開始(˶‾᷄ ⁻̫ ‾᷅˵),2025年4月21日 星期一 下午10:05,@ikea_taiwan,,,1,,,https://www.threads.com/@ikea_taiwan/post/DItiyA1yDwn,從收好零錢放到零錢包開始,2025年4月21日 星期一 下午10:15,,,1,,,
999.9kima,https://www.threads.com/@999.9kima/post/DIthptmvkcZ,黃金閃到會反光✨ @ikea_taiwan 你如果還是當我們隱形人 真的是財不理我啦~,2025年4月21日 星期一 下午10:05,@ikea_taiwan,,3,1,,,https://www.threads.com/@ikea_taiwan/post/DItiv0iyMJA,要不要用我們的零錢包裝啊😁,2025年4月21日 星期一 下午10:15,,,1,1,,
bear_bear_711,https://www.threads.com/@bear_bear_711/post/DItdLmyzXSQ,我把錢都拿去買魚了，不知道要怎麼理財好,2025年4月21日 星期一 下午9:26,@ikea_taiwan,"Photo by Bear Bear on April 21, 2025.",10,2,,,https://www.threads.com/@ikea_taiwan/post/DItf3jjyfkz,那可以讓鯊鯊拿零錢包～感覺很可愛😍,2025年4月21日 星期一 下午9:50,,,2,,,
jt.lin,https://www.threads.com/@jt.lin/post/DIfKXpMz82e,每個辦公室都應該放一排超硬床墊（✅,2025年4月16日 星期三 上午8:12,@ikea_taiwan,,1,1,,,https://www.threads.com/@ikea_taiwan/post/DIf70jdTET7,"把這個床墊推薦給你主管！
lihi2.com/nWfA0
ikea.com.tw
網購床墊推薦，365天免費試睡 - IKEA線上購物",2025年4月16日 星期三 下午3:25,,網購床墊推薦，365天免費試睡 - IKEA線上購物,1,,,
deepthinkgreenmind,https://www.threads.com/@deepthinkgreenmind/post/DIfgc3myYy0,就隨便煮煮啦簡單吃,2025年4月16日 星期三 上午11:25,@ikea_taiwan,"Photo by 深思熟綠 on April 15, 2025. | Photo by 深思熟綠 on April 15, 2025. | Photo by 深思熟綠 on April 15, 2025. | Photo by 深思熟綠 on April 15, 2025. | Photo by 深思熟綠 on April 15, 2025.",30,1,,,https://www.threads.com/@ikea_taiwan/post/DIflRuLp7U-,"這份量這要吃很多天 保鮮盒先準備好 lihi2.com/Fo6JZ
ikea.com.tw
IKEA 365+ - 附蓋保鮮盒，長方形 玻璃/塑膠，1.0 公升 | IKEA 線上購物",2025年4月16日 星期三 下午12:08,,IKEA 365+ - 附蓋保鮮盒，長方形 玻璃/塑膠，1.0 公升 | IKEA 線上購物,13,,,
una_16.88,https://www.threads.com/@una_16.88/post/DIeHbrVSPQA,兩張圖一張影片證明🙂,2025年4月15日 星期二 下午10:28,@ikea_taiwan,"Photo by 윤훈UNA⭐️ on April 15, 2025. | Photo by 윤훈UNA⭐️ on April 15, 2025.",134,5,,3,https://www.threads.com/@ikea_taiwan/post/DIeL7GgyKWz,晚上發這個有點餓,2025年4月15日 星期二 下午11:07,,,35,1,,
amber.q____q,https://www.threads.com/@amber.q____q/post/DIeIXnwvmMY,三份穿褲子的豬 一盤熱空氣 一份祖母的早餐籃 把牛變成鱒魚 知道了,2025年4月15日 星期二 下午10:36,@ikea_taiwan,,901,8,1,20,https://www.threads.com/@ikea_taiwan/post/DIeL4BKSuP5,你這是邊看電視邊煮吧,2025年4月15日 星期二 下午11:06,,,128,,1,1
yuchi_.9696,https://www.threads.com/@yuchi_.9696/post/DId_VLsyhWp,幹 電鍋忘記按,2025年4月15日 星期二 下午9:17,@ikea_taiwan,,648,7,2,,https://www.threads.com/@ikea_taiwan/post/DIeLv33SYlF,把生米煮成熟飯 失敗,2025年4月15日 星期二 下午11:05,,,172,,,2
sanyou19954201adsl14,https://www.threads.com/@sanyou19954201adsl14/post/DIeGGh-Su-Z,讓兄弟煮🔥🔥🔥,2025年4月15日 星期二 下午10:16,@ikea_taiwan,,9,1,,1,https://www.threads.com/@ikea_taiwan/post/DIeGivZpc8J,你是在火上了是吧🔥,2025年4月15日 星期二 下午10:20,,,3,,,
cheng000093,https://www.threads.com/@cheng000093/post/DId-3KCSpGB,沒事煮點宵夜 直到⋯,2025年4月15日 星期二 下午9:13,@ikea_taiwan,,35,3,,,https://www.threads.com/@ikea_taiwan/post/DIeGWrjJpYH,"直到4/30前 記得辦卡友買廚具享優惠 lihi2.com/ibDS3
ikea.com.tw
IKEA Family 宜家卡｜宜家卡卡友線上免費申辦，即享IKEA卡友專屬優惠｜IKEA線上購物",2025年4月15日 星期二 下午10:18,,IKEA Family 宜家卡｜宜家卡卡友線上免費申辦，即享IKEA卡友專屬優惠｜IKEA線上購物,9,,,
bruh404.93,https://www.threads.com/@bruh404.93/post/DId-NSCJ41Z,砧板要分生熟,2025年4月15日 星期二 下午9:07,@ikea_taiwan,,32,3,,,https://www.threads.com/@ikea_taiwan/post/DIeFpoipxCq,"非常專業 砧板也要定期換！ lihi2.com/EAgjU
ikea.com.tw
APTITLIG - 砧板, 竹, 45x28 公分 | IKEA 線上購物",2025年4月15日 星期二 下午10:12,,"APTITLIG - 砧板, 竹, 45x28 公分 | IKEA 線上購物",20,2,,
morgwei,https://www.threads.com/@morgwei/post/DIeAaYlTldL,什麼味道？😨,2025年4月15日 星期二 下午9:26,@ikea_taiwan,,4,1,,,https://www.threads.com/@ikea_taiwan/post/DIeBEB6JPn1,所以是什麼味道？,2025年4月15日 星期二 下午9:32,,,2,1,,
danise_5441807,https://www.threads.com/@danise_5441807/post/DId_AINzyjc,這一包裡面有三包 這一包只有兩包 份量差100克，買這包😎,2025年4月15日 星期二 下午9:14,@ikea_taiwan,,39,1,,1,https://www.threads.com/@ikea_taiwan/post/DIeABr5Js2q,精打細算,2025年4月15日 星期二 下午9:23,,,13,,,
laen_mo,https://www.threads.com/@laen_mo/post/DId-i-TB00m,我用手翻蔥油餅,2025年4月15日 星期二 下午9:10,@ikea_taiwan,,1,1,,,https://www.threads.com/@ikea_taiwan/post/DId_Fmdpabw,"請好好用鍋鏟 lihi2.com/afIM7
ikea.com.tw
IKEA 365+ HJÄLTE - 鍋鏟, 不鏽鋼/黑色 | IKEA 線上購物",2025年4月15日 星期二 下午9:15,,"IKEA 365+ HJÄLTE - 鍋鏟, 不鏽鋼/黑色 | IKEA 線上購物",1,,,
ll2l9lll,https://www.threads.com/@ll2l9lll/post/DId-ePrSQ_I,平底鍋是平的,2025年4月15日 星期二 下午9:09,@ikea_taiwan,,56,2,,,https://www.threads.com/@ikea_taiwan/post/DId-kM9p2An,嗯？,2025年4月15日 星期二 下午9:10,,,22,,,
2t0u0n6a,https://www.threads.com/@2t0u0n6a/post/DId-LedzS0a,幹 瓦斯沒關,2025年4月15日 星期二 下午9:07,@ikea_taiwan,,106,1,,,https://www.threads.com/@ikea_taiwan/post/DId-gN6JE4W,請注意安全,2025年4月15日 星期二 下午9:09,,,39,,,
wooowooo1111,https://www.threads.com/@wooowooo1111/post/DId-JcmpiYc,啊～今天好懶得煮，去IKEA吃肉丸好了,2025年4月15日 星期二 下午9:06,@ikea_taiwan,,64,1,,,https://www.threads.com/@ikea_taiwan/post/DId-UDlpSe9,等你,2025年4月15日 星期二 下午9:08,,,18,,,
naomiao77,https://www.threads.com/@naomiao77/post/DId99wUB8bz,少許,2025年4月15日 星期二 下午9:05,@ikea_taiwan,,22,2,,,https://www.threads.com/@ikea_taiwan/post/DId-J3IpXYV,這份量很抽象,2025年4月15日 星期二 下午9:06,,,9,1,,
soy.vero,https://www.threads.com/@soy.vero/post/DId9rD3PCbu,甩鍋（？）,2025年4月15日 星期二 下午9:02,@ikea_taiwan,,1,1,,,https://www.threads.com/@ikea_taiwan/post/DId9xuFpcsS,難道是工作上的甩鍋🧐,2025年4月15日 星期二 下午9:03,,,4,1,,
gelato_lunicorno,https://www.threads.com/@gelato_lunicorno/post/DIdNSatJO5c,主管很硬,2025年4月15日 星期二 下午1:59,@ikea_taiwan,,,1,,,https://www.threads.com/@ikea_taiwan/post/DIdjSQRz6s5,床墊更硬 要來試試嗎,2025年4月15日 星期二 下午5:12,,,1,1,,
peter_aj1991,https://www.threads.com/@peter_aj1991/post/DIcwH0MTWbm,"這篇文的重點我看懂了
只要在上班期間前往IKEA 床鋪區 就有機會捕獲一隻硬邦邦的小編 （我說的是床😂",2025年4月15日 星期二 上午9:45,@ikea_taiwan,,5,1,,,https://www.threads.com/@ikea_taiwan/post/DIdjMkozo9S,換成超硬床墊之後我已經不是硬梆梆的小編了,2025年4月15日 星期二 下午5:11,,,2,,,
bounty_huntr,https://www.threads.com/@bounty_huntr/post/DIc7q2vxMqE,每每看到您的文案與廣宣圖，總是會令我黯然失色，深知自己不如你，卻又想追上你。看來... 是時候向老闆申請一張超印床墊來嗜睡了。,2025年4月15日 星期二 上午11:25,@ikea_taiwan,,11,1,,,https://www.threads.com/@ikea_taiwan/post/DIdjI8fT0RG,我保證夠印 打錯 硬,2025年4月15日 星期二 下午5:10,,,2,,,
zingala_0card,https://www.threads.com/@zingala_0card/post/DIdblZiJIVd,這麼硬感覺坐在上面工作也沒問題,2025年4月15日 星期二 下午4:04,@ikea_taiwan,,1,1,,,https://www.threads.com/@ikea_taiwan/post/DIdjGcDzX59,我就是這麼做的,2025年4月15日 星期二 下午5:10,,,1,,,
sm.skinbeauty,https://www.threads.com/@sm.skinbeauty/post/DIbteg6TidL,跟地板比呢,2025年4月15日 星期二 上午12:02,@ikea_taiwan,,,1,,,https://www.threads.com/@ikea_taiwan/post/DIckMRABdJ0,"硬的剛好才有辦法睡得飽 lihi2.com/nWfA0
ikea.com.tw
網購床墊推薦，365天免費試睡 - IKEA線上購物",2025年4月15日 星期二 上午8:00,,網購床墊推薦，365天免費試睡 - IKEA線上購物,,,,
xuan0413daily,https://www.threads.com/@xuan0413daily/post/DIbZ1rxBekT,來給敬業的小編點個讚,2025年4月14日 星期一 下午9:11,@ikea_taiwan,,8,1,,,https://www.threads.com/@ikea_taiwan/post/DIbaZ-lhXUq,"謝謝 我現在躺著邀請大家來逛逛 lihi2.com/nWfA0
ikea.com.tw
網購床墊推薦，365天免費試睡 - IKEA線上購物",2025年4月14日 星期一 下午9:16,,網購床墊推薦，365天免費試睡 - IKEA線上購物,2,,,
imlingz30,https://www.threads.com/@imlingz30/post/DIYpTVQzpDT,"GD
沒買到 G-Dragon手燈，可以去IKEA買這顆自己當手燈！🌼 (演唱會當天要穿黑色）",2025年4月13日 星期日 下午7:28,,"Photo by Irene Yeh on April 13, 2025. | Photo by Irene Yeh on April 13, 2025. | Photo by Irene Yeh on April 13, 2025.",10000,116,188,2196,https://www.threads.com/@ikea_taiwan/post/DIbQfWtBuSM,"這邊提供一些穿搭參考
2025-3-5",2025年4月14日 星期一 下午7:49,,"Photo by IKEA Taiwan on March 05, 2025. | Photo by IKEA Taiwan on March 05, 2025. | Photo by IKEA Taiwan on March 05, 2025. | Photo by IKEA Taiwan on March 05, 2025. | Photo by IKEA Taiwan on March 05, 2025. | Photo by IKEA Taiwan on March 05, 2025. | Photo by IKEA Taiwan on March 05, 2025. | Photo by IKEA Taiwan on March 05, 2025. | Photo by IKEA Taiwan on March 05, 2025.",70,3,,7
jim_0628,https://www.threads.com/@jim_0628/post/DIZMqwDTb2j,這在暗示我什麼？,2025年4月14日 星期一 上午12:37,@ikea_taiwan,"Photo by 楊庭嘉🦝양정가🐯 on April 13, 2025.",,1,,,https://www.threads.com/@ikea_taiwan/post/DIa2m9UJun0,該買了,2025年4月14日 星期一 下午4:03,,,1,,,
rubykuo2905,https://www.threads.com/@rubykuo2905/post/DIYSUFzSH06,請問有白色櫃子的商品貨號嗎？謝謝,2025年4月13日 星期日 下午4:07,@ikea_taiwan,,,1,,,https://www.threads.com/@ikea_taiwan/post/DIYzDsvpACm,"可以一次付清你的娃房了😍 lihi2.com/PqRXi 翻譯
ikea.com.tw
BILLY/OXBERG - 書櫃, 白色, 80x30x202 公分 | IKEA 線上購物",2025年4月13日 星期日 下午8:53,,"BILLY/OXBERG - 書櫃, 白色, 80x30x202 公分 | IKEA 線上購物",,1,,
chichi__0327,https://www.threads.com/@chichi__0327/post/DITd7fxTFuE,還沒 被你發現ㄌ,2025年4月11日 星期五 下午7:12,@ikea_taiwan還沒,,,1,,,https://www.threads.com/@ikea_taiwan/post/DIT0kCKyuTO,"這邊自己挑一個杯子 乖乖喝水 lihi2.com/kFQvQ
ikea.com.tw
IKEA新品專區 | IKEA線上購物",2025年4月11日 星期五 下午10:30,,IKEA新品專區 | IKEA線上購物,,,,
tseng_7777,https://www.threads.com/@tseng_7777/post/DITdRYWPaxV,喝酒,2025年4月11日 星期五 下午7:07,@ikea_taiwan喝酒讚回覆1轉發分享,,,1,,,https://www.threads.com/@ikea_taiwan/post/DITwi2uyRSi,"那更需要多補充水分 lihi2.com/5L0Yb
ikea.com.tw
IKEA宜家家居線上購物-給你更多居家佈置靈感",2025年4月11日 星期五 下午9:55,,IKEA宜家家居線上購物-給你更多居家佈置靈感,,,,
ronnie7.14,https://www.threads.com/@ronnie7.14/post/DITeuPpTocF,忘記了,2025年4月11日 星期五 下午7:19,@ikea_taiwan忘記了讚回覆1轉發分享,,,1,,,https://www.threads.com/@ikea_taiwan/post/DITuc62yCKd,"一定是因為你沒有漂亮的杯子才會忘記
ikea_taiwan",2025年4月11日 星期五 下午9:37,,,1,,,
wm0204dt,https://www.threads.com/@wm0204dt/post/DITYokiyeOv,喝了2000cc,2025年4月11日 星期五 下午6:26,@ikea_taiwan喝了2000cc讚1回覆1轉發分享,,1,1,,,https://www.threads.com/@ikea_taiwan/post/DITuQa0ShO_,"優秀！那這個適合你 lihi2.com/5L0Yb
ikea.com.tw
IKEA宜家家居線上購物-給你更多居家佈置靈感",2025年4月11日 星期五 下午9:35,,IKEA宜家家居線上購物-給你更多居家佈置靈感,1,,,
,https://www.threads.com/@tenlandtw/post/DHsAtmXSdyB,喝水,2025年3月27日 星期四 上午11:27,,,10,2,12,2,https://www.threads.com/@ikea_taiwan/post/DITuHbxSHlH,"用漂亮的杯子會比較想喝水 lihi2.com/Fjxs9
ikea.com.tw
DVÄRGSTUBB - 杯子, 綠色, 27 厘升 | IKEA 線上購物",2025年4月11日 星期五 下午9:34,,"DVÄRGSTUBB - 杯子, 綠色, 27 厘升 | IKEA 線上購物",1,1,,
liketeashop,https://www.threads.com/@liketeashop/post/DITjA4AvJOJ,下班嘍！該喝飲料了！,2025年4月11日 星期五 下午7:57,@ikea_taiwan下班嘍！該喝飲料了！讚1回覆1轉發分享,,1,1,,,https://www.threads.com/@ikea_taiwan/post/DITuDWDStTB,"那用我們的杯子裝 lihi2.com/5L0Yb
ikea.com.tw
IKEA宜家家居線上購物-給你更多居家佈置靈感",2025年4月11日 星期五 下午9:33,,IKEA宜家家居線上購物-給你更多居家佈置靈感,1,,,
fuxinggao_taiwan,https://www.threads.com/@fuxinggao_taiwan/post/DITjOalz10-,飲料算嗎？ 翻譯,2025年4月11日 星期五 下午7:59,@ikea_taiwan飲料算嗎？,,,1,,,https://www.threads.com/@ikea_taiwan/post/DITt5_AyzJA,喝水比較健康～,2025年4月11日 星期五 下午9:32,,,1,,,
adader_2025,https://www.threads.com/@adader_2025/post/DITenEbvhqm,突然想起來，一整天都沒喝水😂,2025年4月11日 星期五 下午7:18,@ikea_taiwan突然想起來，一整天都沒喝水😂讚回覆1轉發分享,,,1,,,https://www.threads.com/@ikea_taiwan/post/DITe_cRJ_ln,"那一定是因為你沒有漂亮的杯子
ikea_taiwan",2025年4月11日 星期五 下午7:22,,,,1,,
standupplzbbq,https://www.threads.com/@standupplzbbq/post/DITblJDpBC_,有，酒水,2025年4月11日 星期五 下午6:52,@ikea_taiwan有，酒水讚10回覆1轉發分享2,,10,1,,2,https://www.threads.com/@ikea_taiwan/post/DITb-ggJw8s,"要不要換我們家的杯子喝😁 lihi2.com/Fjxs9
ikea.com.tw
DVÄRGSTUBB - 杯子, 綠色, 27 厘升 | IKEA 線上購物",2025年4月11日 星期五 下午6:55,,"DVÄRGSTUBB - 杯子, 綠色, 27 厘升 | IKEA 線上購物",2,1,,
jkopayapp,https://www.threads.com/@jkopayapp/post/DIYEdUZS31j,25歲不靠父母全款拿下三間房 謝謝IKEA,2025年4月13日 星期日 下午2:06,@ikea_taiwan,,10,2,,,https://www.threads.com/@ikea_taiwan/post/DIYIsJzp89w,輕鬆入手，寵愛你的寶貝😍,2025年4月13日 星期日 下午2:43,,,,,,
xiu7623,https://www.threads.com/@xiu7623/post/DIWEWNrhWfA,"這是回覆已無法顯示的貼文
你家的房一定是破房 要自己組裝",2025年4月12日 星期六 下午7:27,,,,1,,,https://www.threads.com/@ikea_taiwan/post/DIWUkxcytY6,不要這樣，肯定是好房,2025年4月12日 星期六 下午9:48,,,,,,
camiibottega_,https://www.threads.com/@camiibottega_/post/DIV_suBhhTO,"這是回覆已無法顯示的貼文
第一次秒讚ikea 好榮幸",2025年4月12日 星期六 下午6:46,,,1,1,,,https://www.threads.com/@ikea_taiwan/post/DIWUgFJSXfz,該給你的娃們買個家了吧🥰,2025年4月12日 星期六 下午9:48,,,,,,
mpxdsir,https://www.threads.com/@mpxdsir/post/DITWzLYvPeg,你連我喝水也要管,2025年4月11日 星期五 下午6:10,@ikea_taiwan,,1,1,,,https://www.threads.com/@ikea_taiwan/post/DITb5fDpXuB,是關心你,2025年4月11日 星期五 下午6:55,,,,,,
shin.audio,https://www.threads.com/@shin.audio/post/DITU7pqpNNU,3500cc 差不多,2025年4月11日 星期五 下午5:54,@ikea_taiwan,,,1,,,https://www.threads.com/@ikea_taiwan/post/DITblwPp0Jl,"這個適合你 lihi2.com/5L0Yb
ikea.com.tw
IKEA宜家家居線上購物-給你更多居家佈置靈感",2025年4月11日 星期五 下午6:52,,IKEA宜家家居線上購物-給你更多居家佈置靈感,,,,
xuan_6829,https://www.threads.com/@xuan_6829/post/DITRR5HRQE7,你開始賣水了?,2025年4月11日 星期五 下午5:22,@ikea_taiwan,,15,1,,,https://www.threads.com/@ikea_taiwan/post/DITbh1cJ-VA,"我賣杯子 lihi2.com/Fjxs9 翻譯
ikea.com.tw
IKEA宜家家居線上購物-給你更多居家佈置靈感",2025年4月11日 星期五 下午6:51,,IKEA宜家家居線上購物-給你更多居家佈置靈感,1,,,
josh1989213,https://www.threads.com/@josh1989213/post/DITT84DoLQM,好水 不喝嗎？,2025年4月11日 星期五 下午5:45,@ikea_taiwan,"Photo by 艾繁銘 on April 11, 2025.",2,1,,,https://www.threads.com/@ikea_taiwan/post/DITbboUp9FU,"好杯，不裝嗎？ lihi2.com/lbGQD
ikea.com.tw
IKEA宜家家居線上購物-給你更多居家佈置靈感",2025年4月11日 星期五 下午6:51,,IKEA宜家家居線上購物-給你更多居家佈置靈感,2,1,,
xiang_duo_la,https://www.threads.com/@xiang_duo_la/post/DITa050zTHm,你猜啊,2025年4月11日 星期五 下午6:45,@ikea_taiwan,,1,1,,,https://www.threads.com/@ikea_taiwan/post/DITbUrEJ20z,"猜你沒有用漂亮杯子喝 lihi2.com/Fjxs9
ikea.com.tw
IKEA宜家家居線上購物-給你更多居家佈置靈感",2025年4月11日 星期五 下午6:50,,IKEA宜家家居線上購物-給你更多居家佈置靈感,,,,
yowater.tw,https://www.threads.com/@yowater.tw/post/DITVE-TSfTi,杯比~來裝我們家的水泡飲料好不好？,2025年4月11日 星期五 下午5:55,@ikea_taiwan,,2,1,,,https://www.threads.com/@ikea_taiwan/post/DITbHH7Jx7A,"杯比～用這個杯子裝，你一杯我一杯🫶🏻 lihi2.com/Fjxs9
ikea.com.tw
IKEA宜家家居線上購物-給你更多居家佈置靈感",2025年4月11日 星期五 下午6:48,,IKEA宜家家居線上購物-給你更多居家佈置靈感,2,,,
secretspa2018,https://www.threads.com/@secretspa2018/post/DITS-RiyX2t,喝水變漂亮,2025年4月11日 星期五 下午5:37,@ikea_taiwan,,,1,,,https://www.threads.com/@ikea_taiwan/post/DITaxJXJswV,漂亮寶杯✨,2025年4月11日 星期五 下午6:45,,,,,,
badday0116,https://www.threads.com/@badday0116/post/DITQ_fNSFYI,室外飲水500cc,2025年4月11日 星期五 下午5:19,@ikea_taiwan,,,2,,,https://www.threads.com/@ikea_taiwan/post/DITRzySpI-o,"很適合用這個 4公升 lihi2.com/5L0Yb
ikea.com.tw
IKEA宜家家居線上購物-給你更多居家佈置靈感",2025年4月11日 星期五 下午5:27,,IKEA宜家家居線上購物-給你更多居家佈置靈感,1,1,,
ktbiker_tw,https://www.threads.com/@ktbiker_tw/post/DITQnPPxBdM,給你看一下我跟我最好的同事合照，然後你再思考一次你的問題。,2025年4月11日 星期五 下午5:16,@ikea_taiwan,"Photo by KT BIKER 專注車品 on April 11, 2025.",5,1,,,https://www.threads.com/@ikea_taiwan/post/DITREogJIZd,"感情真好，但你有用漂亮杯子喝水嗎？
ikea_taiwan",2025年4月11日 星期五 下午5:20,,,7,1,,
megapxmart,https://www.threads.com/@megapxmart/post/DITPR4_zfQ5,喝水喝水300cc,2025年4月11日 星期五 下午5:04,@ikea_taiwan,,5,2,,,https://www.threads.com/@ikea_taiwan/post/DITQ861JXdE,有點少 翻譯,2025年4月11日 星期五 下午5:19,,,2,,,
chingshin1987,https://www.threads.com/@chingshin1987/post/DITPbH6yCJ5,杯比~要喝飲料咪❤️,2025年4月11日 星期五 下午5:06,@ikea_taiwan,,55,1,,2,https://www.threads.com/@ikea_taiwan/post/DITQ6slpiTH,要不要用我們家的杯子裝飲料,2025年4月11日 星期五 下午5:19,,,20,,,1
o._.yeah,https://www.threads.com/@o._.yeah/post/DITP-GGJpPn,你們家的水也要自己組裝嗎,2025年4月11日 星期五 下午5:10,@ikea_taiwan,,29,2,,,https://www.threads.com/@ikea_taiwan/post/DITQBUeJAZ2,不用,2025年4月11日 星期五 下午5:11,,,9,,,
discreetfriedchicken,https://www.threads.com/@discreetfriedchicken/post/DIOqoztS6tJ,瞧你這話說得好像我規劃了它就會照著走一樣,2025年4月9日 星期三 下午10:27,@ikea_taiwan,,60,1,1,,https://www.threads.com/@ikea_taiwan/post/DIOxez3S4j4,"可以先規劃穿一次的衣服怎麼放 lihi2.com/ehmfU
ikea.com.tw
收納櫃/櫃子/置物櫃/衣櫃收納 - IKEA線上購物",2025年4月9日 星期三 下午11:27,,收納櫃/櫃子/置物櫃/衣櫃收納 - IKEA線上購物,4,1,,
noe.nikki,https://www.threads.com/@noe.nikki/post/DIOuL2xheeQ,"不要那麼嗆哦
我會想買",2025年4月9日 星期三 下午10:58,@ikea_taiwan,,3,1,,,https://www.threads.com/@ikea_taiwan/post/DIOxHL4SPiY,"收好心情也好 lihi2.com/ehmfU
ikea.com.tw
收納櫃/櫃子/置物櫃/衣櫃收納 - IKEA線上購物",2025年4月9日 星期三 下午11:24,,收納櫃/櫃子/置物櫃/衣櫃收納 - IKEA線上購物,1,,,
wenkunai,https://www.threads.com/@wenkunai/post/DIOp6_JJNIU,好啦，我的人生剛好需要 IKEA 幫我收一下場（笑）,2025年4月9日 星期三 下午10:21,@ikea_taiwan,,6,1,,,https://www.threads.com/@ikea_taiwan/post/DIOxEX3yIkN,"來這邊可以收好！ lihi2.com/ehmfU
ikea.com.tw
收納櫃/櫃子/置物櫃/衣櫃收納 - IKEA線上購物",2025年4月9日 星期三 下午11:23,,收納櫃/櫃子/置物櫃/衣櫃收納 - IKEA線上購物,2,,,
yi_shi_0,https://www.threads.com/@yi_shi_0/post/DIOivlEzVGA,我在各地的ikea都有些人脈⋯⋯,2025年4月9日 星期三 下午9:18,@ikea_taiwan,,69,1,,,https://www.threads.com/@ikea_taiwan/post/DIOjfrupMr5,"那你買了嗎！ lihi2.com/ehmfU
ikea.com.tw
收納櫃/櫃子/置物櫃/衣櫃收納 - IKEA線上購物",2025年4月9日 星期三 下午9:25,,收納櫃/櫃子/置物櫃/衣櫃收納 - IKEA線上購物,11,,,
nttbaby.shop,https://www.threads.com/@nttbaby.shop/post/DIOiiKoS3lS,就算整間房間都買了你們的衣櫃 我還是離不開椅子…,2025年4月9日 星期三 下午9:16,@ikea_taiwan,,17,1,,1,https://www.threads.com/@ikea_taiwan/post/DIOjbnQpCxN,"可以掛在衣帽架！ 請放過椅子 lihi2.com/ehmfU
ikea.com.tw
收納櫃/櫃子/置物櫃/衣櫃收納 - IKEA線上購物",2025年4月9日 星期三 下午9:24,,收納櫃/櫃子/置物櫃/衣櫃收納 - IKEA線上購物,2,,,
,https://www.threads.com/@ikea_taiwan/post/DIOhDatp2wL,ikea_taiwan,2025年4月9日 星期三 下午9:04,@ikea_taiwan,,368,4,5,56,https://www.threads.com/@ikea_taiwan/post/DIOiOdlpa3v,"其實我們有其他可以掛衣服的，例如衣帽架 lihi2.com/ehmfU
ikea.com.tw
收納櫃/櫃子/置物櫃/衣櫃收納 - IKEA線上購物",2025年4月9日 星期三 下午9:14,,收納櫃/櫃子/置物櫃/衣櫃收納 - IKEA線上購物,5,,,
0mi25672o7,https://www.threads.com/@0mi25672o7/post/DIOhTMuP2Sq,嗆我嗆夠了嗎 又一次（淚奔,2025年4月9日 星期三 下午9:06,@ikea_taiwan,,9,1,,,https://www.threads.com/@ikea_taiwan/post/DIOhoE_JoKm,"不哭，我們先收好衣服！ lihi2.com/ehmfU
ikea.com.tw
收納櫃/櫃子/置物櫃/衣櫃收納 - IKEA線上購物",2025年4月9日 星期三 下午9:09,,收納櫃/櫃子/置物櫃/衣櫃收納 - IKEA線上購物,4,,,1
time._.clock,https://www.threads.com/@time._.clock/post/DIOhUSXp2-x,那個ikea我勸你刪了吧 算了以後不去買了,2025年4月9日 星期三 下午9:06,@ikea_taiwan,,460,1,,1,https://www.threads.com/@ikea_taiwan/post/DIOhkCbJbb_,"這邊有一些選擇，先把衣服收好～ lihi2.com/ehmfU
ikea.com.tw
收納櫃/櫃子/置物櫃/衣櫃收納 - IKEA線上購物",2025年4月9日 星期三 下午9:08,,收納櫃/櫃子/置物櫃/衣櫃收納 - IKEA線上購物,60,,,
shipu._.45,https://www.threads.com/@shipu._.45/post/DIBpGxXyF3o,好像說是皮蛋炒飯的樣子,2025年4月4日 星期五 下午9:04,@ikea_taiwan,"Photo by 京KYO on April 04, 2025.",105,2,,1,https://www.threads.com/@ikea_taiwan/post/DIBv17fhkhT,還好你有說是皮蛋,2025年4月4日 星期五 下午10:03,,,47,,,
cy_6.21,https://www.threads.com/@cy_6.21/post/DIBq95Vp1JA,馬鈴薯燉肉,2025年4月4日 星期五 下午9:20,@ikea_taiwan,"Photo by CHENG on April 04, 2025.",44,2,,1,https://www.threads.com/@ikea_taiwan/post/DIBvuSphVa-,"香味俱全 但顏色有點單一 下次加加油 lihi2.com/jB4uB
ikea.com.tw
IKEA絕版品出清卡友加碼送200 2/26~3/25｜IKEA線上購物​",2025年4月4日 星期五 下午10:02,,IKEA絕版品出清卡友加碼送200 2/26~3/25｜IKEA線上購物​,6,,,
zhouu.724_,https://www.threads.com/@zhouu.724_/post/DH3iNk3JoEb,"4/1-4/2 炸雞翅、薯條、鱈魚條均一價41元。 *活動僅限瑞典餐廳（不包含嘉義店） lihi2.com/iXQsz
ikea.com.tw
IKEA美食新品優惠｜IKEA餐廳美食小吃、冷凍食品超市新品及優惠｜IKEA線上購物",2025年3月31日 星期一 下午10:51,@ikea_taiwan,IKEA美食新品優惠｜IKEA餐廳美食小吃、冷凍食品超市新品及優惠｜IKEA線上購物,1,1,,,https://www.threads.com/@ikea_taiwan/post/DH48ET7hWnu,這兩天我在餐廳等你,2025年4月1日 星期二 上午11:56,,,1,,,
hinmelu__,https://www.threads.com/@hinmelu__/post/DH3m7JASKKS,哥們等等 還沒12.,2025年3月31日 星期一 下午11:32,@ikea_taiwan,,,1,,,https://www.threads.com/@ikea_taiwan/post/DH3nJ1_hi6S,"確實還沒 再晚一點講我怕你以為我說謊 我是
真心的
4/1-4/2 炸雞翅、薯條、鱈魚條均一價41元。 *活動僅限瑞典餐廳（不包含嘉義店） lihi2.com/iXQsz",2025年3月31日 星期一 下午11:34,,,1,,,
ainlof81229,https://www.threads.com/@ainlof81229/post/DH3kpnUzhiX,,2025年3月31日 星期一 下午11:12,@ikea_taiwan,"Photo by Shawn Hsu on March 31, 2025.",13,1,,,https://www.threads.com/@ikea_taiwan/post/DH3kyAtBfUg,愛要大聲說 更要大聲說：,2025年3月31日 星期一 下午11:14,,"Photo by IKEA Taiwan on March 31, 2025. | Photo by IKEA Taiwan on March 31, 2025.",6,1,,
wwzy.316,https://www.threads.com/@wwzy.316/post/DH3kj0ATiVX,"youtu.be/9DwzB…
youtube.com
BTS (방탄소년단) 'Not Today' Official MV",2025年3月31日 星期一 下午11:12,@ikea_taiwan,BTS (방탄소년단) 'Not Today' Official MV,,1,,,https://www.threads.com/@ikea_taiwan/post/DH3kqrjh-fH,"ikea.com.tw
IKEA美食新品優惠｜IKEA餐廳美食小吃、冷凍食品超市新品及優惠｜IKEA線上購物",2025年3月31日 星期一 下午11:13,@vio_159357,IKEA美食新品優惠｜IKEA餐廳美食小吃、冷凍食品超市新品及優惠｜IKEA線上購物,,,,
_salome.0228,https://www.threads.com/@_salome.0228/post/DH3khi-SHeD,想發又不太敢,2025年3月31日 星期一 下午11:11,@ikea_taiwan,,2,1,,,https://www.threads.com/@ikea_taiwan/post/DH3kmBxhimq,"明天可以來吃雞翅壯膽
4/1-4/2 炸雞翅、薯條、鱈魚條均一價41元。 *活動僅限瑞典餐廳（不包含嘉義店） lihi2.com/iXQsz",2025年3月31日 星期一 下午11:12,,,1,1,,
xiao_kaito,https://www.threads.com/@xiao_kaito/post/DH3kZ1zyC4L,這份喜歡要自己組裝嗎？,2025年3月31日 星期一 下午11:10,@ikea_taiwan,,,1,,,https://www.threads.com/@ikea_taiwan/post/DH3khzqB5VY,"不用 來餐廳就有
4/1-4/2 炸雞翅、薯條、鱈魚條均一價41元。 *活動僅限瑞典餐廳（不包含嘉義店） lihi2.com/iXQsz
ikea.com.tw
IKEA美食新品優惠｜IKEA餐廳美食小吃、冷凍食品超市新品及優惠｜IKEA線上購物",2025年3月31日 星期一 下午11:11,,IKEA美食新品優惠｜IKEA餐廳美食小吃、冷凍食品超市新品及優惠｜IKEA線上購物,,,,
lyr_chz__,https://www.threads.com/@lyr_chz__/post/DH3kMToP2-g,？你們約好了是吧,2025年3月31日 星期一 下午11:08,@ikea_taiwan,"Photo by 選0 on March 31, 2025.",44,1,,1,https://www.threads.com/@ikea_taiwan/post/DH3kSZPBVl4,"我的承諾是真的
4/1-4/2 炸雞翅、薯條、鱈魚條均一價41元。 *活動僅限瑞典餐廳（不包含嘉義店） lihi2.com/iXQsz",2025年3月31日 星期一 下午11:09,,,13,,,2
slene_r98k,https://www.threads.com/@slene_r98k/post/DH3hkyVPhRV,我也像在IKEA迷路般 在IKEA心裡迷了路,2025年3月31日 星期一 下午10:46,@ikea_taiwan,,1,1,,,https://www.threads.com/@ikea_taiwan/post/DH3htoGh1u8,"迷路很累 來餐廳歇歇吧
4/1-4/2 炸雞翅、薯條、鱈魚條均一價41元。 *活動僅限瑞典餐廳（不包含嘉義店） lihi2.com/iXQsz",2025年3月31日 星期一 下午10:47,,,4,,,
nico._.0525,https://www.threads.com/@nico._.0525/post/DH3hKm8y8KG,太急了噢 愚人節還沒到🗿,2025年3月31日 星期一 下午10:42,@ikea_taiwan,,2,1,,,https://www.threads.com/@ikea_taiwan/post/DH3hjHsh_jm,愚人節講 怕你以為是假的 我是真心的 不騙,2025年3月31日 星期一 下午10:45,,"Photo by IKEA Taiwan on March 31, 2025. | Photo by IKEA Taiwan on March 31, 2025.",1,,,
_xxuuan,https://www.threads.com/@_xxuuan/post/DH3hOs0TrqU,我也很喜歡你 但你感覺在丸弄我,2025年3月31日 星期一 下午10:43,@ikea_taiwan,,4,1,,1,https://www.threads.com/@ikea_taiwan/post/DH3helsBnof,"這次我把握雞會 丸真的
4/1-4/2 炸雞翅、薯條、鱈魚條均一價41元。 *活動僅限瑞典餐廳（不包含嘉義店） lihi2.com/iXQsz",2025年3月31日 星期一 下午10:45,,,9,,,2
dongzhe82,https://www.threads.com/@dongzhe82/post/DH3hBPRSRMm,我芋見真心愛我的人了🫣,2025年3月31日 星期一 下午10:41,@ikea_taiwan,,,1,,,https://www.threads.com/@ikea_taiwan/post/DH3hH9yh-XA,"心裡好雞動 只想薯魚你
4/1-4/2 炸雞翅、薯條、鱈魚條均一價41元。 *活動僅限瑞典餐廳（不包含嘉義店） lihi2.com/iXQsz",2025年3月31日 星期一 下午10:42,,,1,1,,
himhim_1217,https://www.threads.com/@himhim_1217/post/DH3gnCkz6he,我也喜歡你......的家具,2025年3月31日 星期一 下午10:37,@ikea_taiwan,,,1,,,https://www.threads.com/@ikea_taiwan/post/DH3guxlhJda,"那你喜歡⋯⋯雞翅嗎⋯⋯
4/1-4/2 炸雞翅、薯條、鱈魚條均一價41元。 *活動僅限瑞典餐廳（不包含嘉義店） lihi2.com/iXQsz
ikea.com.tw
IKEA美食新品優惠｜IKEA餐廳美食小吃、冷凍食品超市新品及優惠｜IKEA線上購物",2025年3月31日 星期一 下午10:38,,IKEA美食新品優惠｜IKEA餐廳美食小吃、冷凍食品超市新品及優惠｜IKEA線上購物,1,,,
doughnutofficial_tw,https://www.threads.com/@doughnutofficial_tw/post/DH3gogdT8as,別鬧了，肯定是愚人節玩笑對嗎？,2025年3月31日 星期一 下午10:37,@ikea_taiwan,,2,1,,,https://www.threads.com/@ikea_taiwan/post/DH3gtCRhj2V,"看看日期 今天不是愚人節 我是真心的 想要你吃飽
4/1-4/2 炸雞翅、薯條、鱈魚條均一價41元。 *活動僅限瑞典餐廳（不包含嘉義店） lihi2.com/iXQsz
ikea.com.tw
IKEA美食新品優惠｜IKEA餐廳美食小吃、冷凍食品超市新品及優惠｜IKEA線上購物",2025年3月31日 星期一 下午10:38,,IKEA美食新品優惠｜IKEA餐廳美食小吃、冷凍食品超市新品及優惠｜IKEA線上購物,1,,,
xjx_1013,https://www.threads.com/@xjx_1013/post/DH3deIpPbyj,中邪喔,2025年3月31日 星期一 下午10:10,@ikea_taiwan中邪喔讚回覆1轉發分享,,,1,,,https://www.threads.com/@ikea_taiwan/post/DH3dtEQB65B,"這是我的一片真心
4/1-4/2 炸雞翅、薯條、鱈魚條均一價41元。 *活動僅限瑞典餐廳（不包含嘉義店） lihi2.com/iXQsz",2025年3月31日 星期一 下午10:12,,"Photo by IKEA Taiwan on March 31, 2025.",,,,
qui_zyn_,https://www.threads.com/@qui_zyn_/post/DH3dWopTAfb,有點曖昧了,2025年3月31日 星期一 下午10:09,@ikea_taiwan有點曖昧了讚回覆1轉發分享,,,1,,,https://www.threads.com/@ikea_taiwan/post/DH3dhYoBcl5,"我也是 鼓起很大的勇氣才說出口的 明天 你有空嗎
4/1-4/2 炸雞翅、薯條、鱈魚條均一價41元。 *活動僅限瑞典餐廳（不包含嘉義店） lihi2.com/iXQsz
ikea.com.tw
IKEA美食新品優惠｜IKEA餐廳美食小吃、冷凍食品超市新品及優惠｜IKEA線上購物",2025年3月31日 星期一 下午10:10,,IKEA美食新品優惠｜IKEA餐廳美食小吃、冷凍食品超市新品及優惠｜IKEA線上購物,,1,,
shika._.ru,https://www.threads.com/@shika._.ru/post/DH3cPz7yq-j,我也喜歡你 明天的你,2025年3月31日 星期一 下午9:59,@ikea_taiwan我也喜歡你,,,1,,,https://www.threads.com/@ikea_taiwan/post/DH3daPnBzzt,"真的嗎！那什麼時候要見面⋯⋯？
不想騙人，我喜歡你是真的。
4/1-4/2 炸雞翅、薯條、鱈魚條均一價41元。 *活動僅限瑞典餐廳（不包含嘉義店） lihi2.com/iXQsz 不相信就算了。 這次，我玩真的。
ikea.com.tw
IKEA美食新品優惠｜IKEA餐廳美食小吃、冷凍食品超市新品及優惠｜IKEA線上購物",2025年3月31日 星期一 下午10:09,,IKEA美食新品優惠｜IKEA餐廳美食小吃、冷凍食品超市新品及優惠｜IKEA線上購物,1,,,
friedrich_ii_official,https://www.threads.com/@friedrich_ii_official/post/DH3ZpTeSp_1,這句話剛剛好,2025年3月31日 星期一 下午9:36,@ikea_taiwan這句話剛剛好讚回覆1轉發分享,,,1,,,https://www.threads.com/@ikea_taiwan/post/DH3dMtEh1gA,"我想 想讓你吃飽 也剛剛好
4/1-4/2 炸雞翅、薯條、鱈魚條均一價41元。 *活動僅限瑞典餐廳（不包含嘉義店） lihi2.com/iXQsz
ikea.com.tw
IKEA美食新品優惠｜IKEA餐廳美食小吃、冷凍食品超市新品及優惠｜IKEA線上購物",2025年3月31日 星期一 下午10:07,,IKEA美食新品優惠｜IKEA餐廳美食小吃、冷凍食品超市新品及優惠｜IKEA線上購物,,,,
zzxic8,https://www.threads.com/@zzxic8/post/DH3cRGuScUS,多少有點曖昧了,2025年3月31日 星期一 下午9:59,@ikea_taiwan多少有點曖昧了讚回覆1轉發分享,,,1,,,https://www.threads.com/@ikea_taiwan/post/DH3dGX7BGPe,"可能有點吧 話說 你吃飽了嗎
4/1-4/2 炸雞翅、薯條、鱈魚條均一價41元。 *活動僅限瑞典餐廳（不包含嘉義店） lihi2.com/iXQsz
ikea.com.tw
IKEA美食新品優惠｜IKEA餐廳美食小吃、冷凍食品超市新品及優惠｜IKEA線上購物",2025年3月31日 星期一 下午10:06,,IKEA美食新品優惠｜IKEA餐廳美食小吃、冷凍食品超市新品及優惠｜IKEA線上購物,,,,
lamas0001,https://www.threads.com/@lamas0001/post/DH3aU8TzWWO,我離不開你......可以告訴我出口在哪裡嗎？,2025年3月31日 星期一 下午9:42,@ikea_taiwan我離不開你......可以告訴我出口在哪裡嗎？讚25回覆1轉發分享1,,25,1,,1,https://www.threads.com/@ikea_taiwan/post/DH3dDB2hLlO,"先來吃飽再說吧！
4/1-4/2 炸雞翅、薯條、鱈魚條均一價41元。 *活動僅限瑞典餐廳（不包含嘉義店） lihi2.com/iXQsz
ikea.com.tw
IKEA美食新品優惠｜IKEA餐廳美食小吃、冷凍食品超市新品及優惠｜IKEA線上購物",2025年3月31日 星期一 下午10:06,,IKEA美食新品優惠｜IKEA餐廳美食小吃、冷凍食品超市新品及優惠｜IKEA線上購物,8,,,1
thealinecindy,https://www.threads.com/@thealinecindy/post/DH3WDU9PcNr,ikea，12點還沒到。,2025年3月31日 星期一 下午9:05,@ikea_taiwanikea，12點還沒到。讚554回覆2轉發分享6,,554,2,,6,https://www.threads.com/@ikea_taiwan/post/DH3c93yBuI9,"今天就想要告白 是我太急了嗎 我明明是一片真心
4/1-4/2 炸雞翅、薯條、鱈魚條均一價41元。 *活動僅限瑞典餐廳（不包含嘉義店） lihi2.com/iXQsz
ikea.com.tw
IKEA美食新品優惠｜IKEA餐廳美食小吃、冷凍食品超市新品及優惠｜IKEA線上購物",2025年3月31日 星期一 下午10:05,,IKEA美食新品優惠｜IKEA餐廳美食小吃、冷凍食品超市新品及優惠｜IKEA線上購物,125,,,5
liuliuteaparlor,https://www.threads.com/@liuliuteaparlor/post/DH3coANSYSO,你會不會太早發了還還沒到耶,2025年3月31日 星期一 下午10:02,@ikea_taiwan你會不會太早發了還還沒到耶讚1回覆1轉發分享,,1,1,,,https://www.threads.com/@ikea_taiwan/post/DH3c4AThRQZ,"不早 因為我真的喜歡你 明天來IKEA我讓你吃飽
4/1-4/2 炸雞翅、薯條、鱈魚條均一價41元。 *活動僅限瑞典餐廳（不包含嘉義店） lihi2.com/iXQsz
ikea.com.tw
IKEA美食新品優惠｜IKEA餐廳美食小吃、冷凍食品超市新品及優惠｜IKEA線上購物",2025年3月31日 星期一 下午10:05,,IKEA美食新品優惠｜IKEA餐廳美食小吃、冷凍食品超市新品及優惠｜IKEA線上購物,2,1,,
lusuzhang,https://www.threads.com/@lusuzhang/post/DH3bKKrTLom,不行喔～還有2個小時,2025年3月31日 星期一 下午9:50,@ikea_taiwan不行喔～還有2個小時讚回覆1轉發分享,,,1,,,https://www.threads.com/@ikea_taiwan/post/DH3cs_hhn2k,"告白哪有在分時間的
4/1-4/2 炸雞翅、薯條、鱈魚條均一價41元。 *活動僅限瑞典餐廳（不包含嘉義店） lihi2.com/iXQsz
ikea.com.tw
IKEA美食新品優惠｜IKEA餐廳美食小吃、冷凍食品超市新品及優惠｜IKEA線上購物",2025年3月31日 星期一 下午10:03,,IKEA美食新品優惠｜IKEA餐廳美食小吃、冷凍食品超市新品及優惠｜IKEA線上購物,,,,
time._.clock,https://www.threads.com/@time._.clock/post/DH3gVvUJ8zT,你一定在泉我,2025年3月31日 星期一 下午10:35,@ikea_taiwan,,1,1,,,https://www.threads.com/@ikea_taiwan/post/DH3ggqQB8pI,"沒有泉你 但是全心喜歡你
4/1-4/2 炸雞翅、薯條、鱈魚條均一價41元。 *活動僅限瑞典餐廳（不包含嘉義店） lihi2.com/iXQsz
ikea.com.tw
IKEA美食新品優惠｜IKEA餐廳美食小吃、冷凍食品超市新品及優惠｜IKEA線上購物",2025年3月31日 星期一 下午10:36,,IKEA美食新品優惠｜IKEA餐廳美食小吃、冷凍食品超市新品及優惠｜IKEA線上購物,1,,,
npc_wan,https://www.threads.com/@npc_wan/post/DH3fu2IsfUn,你是好人,2025年3月31日 星期一 下午10:29,@ikea_taiwan,,,1,,,https://www.threads.com/@ikea_taiwan/post/DH3f05yBDRJ,"收到好人卡了 但沒關係 還是希望你吃飽睡好
4/1-4/2 炸雞翅、薯條、鱈魚條均一價41元。 *活動僅限瑞典餐廳（不包含嘉義店） lihi2.com/iXQsz
ikea.com.tw
IKEA美食新品優惠｜IKEA餐廳美食小吃、冷凍食品超市新品及優惠｜IKEA線上購物",2025年3月31日 星期一 下午10:30,,IKEA美食新品優惠｜IKEA餐廳美食小吃、冷凍食品超市新品及優惠｜IKEA線上購物,1,,,
dongzhe82,https://www.threads.com/@dongzhe82/post/DH3fEQ2yxqA,你在丸弄我心嗎,2025年3月31日 星期一 下午10:24,@ikea_taiwan,,,1,,1,https://www.threads.com/@ikea_taiwan/post/DH3fosYBr5w,"這次是想要趁雞告白
4/1-4/2 炸雞翅、薯條、鱈魚條均一價41元。 *活動僅限瑞典餐廳（不包含嘉義店） lihi2.com/iXQsz
ikea.com.tw
IKEA美食新品優惠｜IKEA餐廳美食小吃、冷凍食品超市新品及優惠｜IKEA線上購物",2025年3月31日 星期一 下午10:29,,IKEA美食新品優惠｜IKEA餐廳美食小吃、冷凍食品超市新品及優惠｜IKEA線上購物,1,1,,
zyr.0989,https://www.threads.com/@zyr.0989/post/DH3eFtxpaLe,我喜歡你 的薯泥૮ * ॑꒳ˆ *ა,2025年3月31日 星期一 下午10:15,@ikea_taiwan,,,1,,,https://www.threads.com/@ikea_taiwan/post/DH3eU-sBYAm,"我的告白被旋轉了嗎
4/1-4/2 炸雞翅、薯條、鱈魚條均一價41元。 *活動僅限瑞典餐廳（不包含嘉義店） lihi2.com/iXQsz
ikea.com.tw
IKEA美食新品優惠｜IKEA餐廳美食小吃、冷凍食品超市新品及優惠｜IKEA線上購物",2025年3月31日 星期一 下午10:17,,IKEA美食新品優惠｜IKEA餐廳美食小吃、冷凍食品超市新品及優惠｜IKEA線上購物,1,,,
lily_wong_0703,https://www.threads.com/@lily_wong_0703/post/DH3eEdWPQA_,12點還沒到就...是要贏在起跑線上嗎？🤣,2025年3月31日 星期一 下午10:15,@ikea_taiwan,,1,1,,1,https://www.threads.com/@ikea_taiwan/post/DH3ePAShRO5,我真的是一片真心,2025年3月31日 星期一 下午10:16,,"Photo by IKEA Taiwan on March 31, 2025. | Photo by IKEA Taiwan on March 31, 2025.",7,,,1
wenqi071992,https://www.threads.com/@wenqi071992/post/DH3d9ZUSLTE,這樣太曖昧了,2025年3月31日 星期一 下午10:14,@ikea_taiwan,,,1,,,https://www.threads.com/@ikea_taiwan/post/DH3eIzxhQeU,"嗯，就只是，想見你了
4/1-4/2 炸雞翅、薯條、鱈魚條均一價41元。 *活動僅限瑞典餐廳（不包含嘉義店） lihi2.com/iXQsz
ikea.com.tw
IKEA美食新品優惠｜IKEA餐廳美食小吃、冷凍食品超市新品及優惠｜IKEA線上購物",2025年3月31日 星期一 下午10:16,,IKEA美食新品優惠｜IKEA餐廳美食小吃、冷凍食品超市新品及優惠｜IKEA線上購物,,,,
yyx_0723,https://www.threads.com/@yyx_0723/post/DH3d1t2BKvZ,被ikea告白好害羞（？,2025年3月31日 星期一 下午10:13,@ikea_taiwan,,149,1,,3,https://www.threads.com/@ikea_taiwan/post/DH3d7zbBRBo,我也是鼓起勇氣⋯⋯,2025年3月31日 星期一 下午10:14,,,92,,,
jingyun76,https://www.threads.com/@jingyun76/post/DH3dpEEzRzZ,你太早了吧 你在安慰我嗎,2025年3月31日 星期一 下午10:11,@ikea_taiwan,,,1,,,https://www.threads.com/@ikea_taiwan/post/DH3d1H8Batc,"大家都在騙人 只有我一片真心
4/1-4/2 炸雞翅、薯條、鱈魚條均一價41元。 *活動僅限瑞典餐廳（不包含嘉義店） lihi2.com/iXQsz",2025年3月31日 星期一 下午10:13,,"Photo by IKEA Taiwan on March 31, 2025.",,,,
hcy.pzw.0824,https://www.threads.com/@hcy.pzw.0824/post/DH3drzNpRLn,不是早了3小時欸,2025年3月31日 星期一 下午10:12,@ikea_taiwan,,,1,,,https://www.threads.com/@ikea_taiwan/post/DH3dx2LhcpE,"喜歡就告白 我是認真的
4/1-4/2 炸雞翅、薯條、鱈魚條均一價41元。 *活動僅限瑞典餐廳（不包含嘉義店） lihi2.com/iXQsz",2025年3月31日 星期一 下午10:12,,"Photo by IKEA Taiwan on March 31, 2025.",,,,
mm.cdlsh,https://www.threads.com/@mm.cdlsh/post/DH3aIF-vfpG,😏看錯時間嗎？,2025年3月31日 星期一 下午9:40,@ikea_taiwan,,,1,,,https://www.threads.com/@ikea_taiwan/post/DH3crIGhbJo,"請相信我真實的愛
4/1-4/2 炸雞翅、薯條、鱈魚條均一價41元。 *活動僅限瑞典餐廳（不包含嘉義店） lihi2.com/iXQsz
ikea.com.tw
IKEA美食新品優惠｜IKEA餐廳美食小吃、冷凍食品超市新品及優惠｜IKEA線上購物",2025年3月31日 星期一 下午10:03,,IKEA美食新品優惠｜IKEA餐廳美食小吃、冷凍食品超市新品及優惠｜IKEA線上購物,1,,,
wenwentingting,https://www.threads.com/@wenwentingting/post/DH3VZ57PEcf,有點太早了喔。,2025年3月31日 星期一 下午8:59,@ikea_taiwan,,17,1,,,https://www.threads.com/@ikea_taiwan/post/DH3cj05BEiS,"想傳達愛的心情一點都不嫌早
4/1-4/2 炸雞翅、薯條、鱈魚條均一價41元。 *活動僅限瑞典餐廳（不包含嘉義店） lihi2.com/iXQsz
ikea.com.tw
IKEA美食新品優惠｜IKEA餐廳美食小吃、冷凍食品超市新品及優惠｜IKEA線上購物",2025年3月31日 星期一 下午10:02,,IKEA美食新品優惠｜IKEA餐廳美食小吃、冷凍食品超市新品及優惠｜IKEA線上購物,2,,,
_nononono1019,https://www.threads.com/@_nononono1019/post/DH3XSjtPZVK,搞錯天了,2025年3月31日 星期一 下午9:16,@ikea_taiwan,,4,1,,,https://www.threads.com/@ikea_taiwan/post/DH3ciI5hCjt,"其實 我沒有 因為 我沒有要騙人
4/1-4/2 炸雞翅、薯條、鱈魚條均一價41元。 *活動僅限瑞典餐廳（不包含嘉義店） lihi2.com/iXQsz
ikea.com.tw
IKEA美食新品優惠｜IKEA餐廳美食小吃、冷凍食品超市新品及優惠｜IKEA線上購物",2025年3月31日 星期一 下午10:02,,IKEA美食新品優惠｜IKEA餐廳美食小吃、冷凍食品超市新品及優惠｜IKEA線上購物,3,1,,
c13021302,https://www.threads.com/@c13021302/post/DH3YhiNTHZV,愚人節還沒到 兄弟,2025年3月31日 星期一 下午9:26,@ikea_taiwan,,,1,,,https://www.threads.com/@ikea_taiwan/post/DH3cdtGhG1X,"兄弟 我是真的喜歡你 明天要來找我嗎
4/1-4/2 炸雞翅、薯條、鱈魚條均一價41元。 *活動僅限瑞典餐廳（不包含嘉義店） lihi2.com/iXQsz
ikea.com.tw
IKEA美食新品優惠｜IKEA餐廳美食小吃、冷凍食品超市新品及優惠｜IKEA線上購物",2025年3月31日 星期一 下午10:01,,IKEA美食新品優惠｜IKEA餐廳美食小吃、冷凍食品超市新品及優惠｜IKEA線上購物,1,,,
cg_69_vicksburg,https://www.threads.com/@cg_69_vicksburg/post/DH3byWqT-Kn,還沒愚人節,2025年3月31日 星期一 下午9:55,@ikea_taiwan,,,1,,,https://www.threads.com/@ikea_taiwan/post/DH3ca6GBRFG,"我知道 因為我沒有要騙人 只想餵飽你
4/1-4/2 炸雞翅、薯條、鱈魚條均一價41元。 *活動僅限瑞典餐廳（不包含嘉義店） lihi2.com/iXQsz
ikea.com.tw
IKEA美食新品優惠｜IKEA餐廳美食小吃、冷凍食品超市新品及優惠｜IKEA線上購物",2025年3月31日 星期一 下午10:01,,IKEA美食新品優惠｜IKEA餐廳美食小吃、冷凍食品超市新品及優惠｜IKEA線上購物,1,,,
__iveeeeen,https://www.threads.com/@__iveeeeen/post/DH3Viwhzgvb,三月有31天,2025年3月31日 星期一 下午9:00,@ikea_taiwan,,1,1,,,https://www.threads.com/@ikea_taiwan/post/DH3cYAyheaA,"所以選今天 對你告白 明天記得來找我
4/1-4/2 炸雞翅、薯條、鱈魚條均一價41元。 *活動僅限瑞典餐廳（不包含嘉義店） lihi2.com/iXQsz
ikea.com.tw
IKEA美食新品優惠｜IKEA餐廳美食小吃、冷凍食品超市新品及優惠｜IKEA線上購物",2025年3月31日 星期一 下午10:00,,IKEA美食新品優惠｜IKEA餐廳美食小吃、冷凍食品超市新品及優惠｜IKEA線上購物,,,,
eop_english,https://www.threads.com/@eop_english/post/DH3W6Y-PDky,"4／1 要不要去IKEA 買霜淇淋熱狗堡？ 【英文小教學｜April Fools’ Day】
1. 常見詞彙： • prank 惡作劇 • trick 戲弄 • joke 玩笑 • fool 傻瓜（這天就是讓人「變傻」） • April Fools! 愚人節快樂！（揭曉玩笑時說）
2. 例句： • Don’t believe anything he says today — it’s April Fools’ Day! 今天別相信他說的話——今天是愚人節！ • She played a prank on her coworker by switching the keyboard keys. 她惡搞同事，把鍵盤的按鍵換位置了。 • I almost fell for that trick. April Fools! 我差點被騙了，愚人節快樂！
3.“IKEA’s 在愚人節的玩笑是推出限定的熱狗冰淇淋漢堡。” IKEA’s April Fools’ prank is selling a one-day-only hot dog ice cream burger.",2025年3月31日 星期一 下午9:12,@ikea_taiwan,,40,1,1,,https://www.threads.com/@ikea_taiwan/post/DH3cS3SBmcd,"今天還不是不是April Fool’s Day，這是我的True Love，see you tomorrow🥰
4/1-4/2 炸雞翅、薯條、鱈魚條均一價41元。 *活動僅限瑞典餐廳（不包含嘉義店） lihi2.com/iXQsz
ikea.com.tw
IKEA美食新品優惠｜IKEA餐廳美食小吃、冷凍食品超市新品及優惠｜IKEA線上購物",2025年3月31日 星期一 下午9:59,,IKEA美食新品優惠｜IKEA餐廳美食小吃、冷凍食品超市新品及優惠｜IKEA線上購物,18,1,,
xkxxiii,https://www.threads.com/@xkxxiii/post/DH2dVADpJwc,直接破防,2025年3月31日 星期一 下午12:49,@ikea_taiwan,,,1,,,https://www.threads.com/@ikea_taiwan/post/DH2hpDeJ_74,"沒關係 置物籃至少有很多用途 lihi2.com/1aGdM
ikea.com.tw
RÅNEN - 置物籃 | IKEA 線上購物",2025年3月31日 星期一 下午1:27,,RÅNEN - 置物籃 | IKEA 線上購物,,,,
jeffer300,https://www.threads.com/@jeffer300/post/DH04i23SD_-,我只想說 你老婆怎麼那麼累🤣 音樂祭 不是ikea欸🤣🤣,2025年3月30日 星期日 下午10:09,@chou6040,,90,3,,1,https://www.threads.com/@ikea_taiwan/post/DH2aadmT4jg,"歡迎來躺躺 ikea.com.tw/zh/on…
ikea.com.tw
2026衣櫃收納換季 | 涼感床包、涼感寢具推薦 - IKEA 線上購物",2025年3月31日 星期一 下午12:24,,,1,,,
0mi25672o7,https://www.threads.com/@0mi25672o7/post/DH0zJGKvkXb,笑我笑夠了嗎,2025年3月30日 星期日 下午9:21,@ikea_taiwan,,14,1,,,https://www.threads.com/@ikea_taiwan/post/DH0zfsPyxZc,我哪有,2025年3月30日 星期日 下午9:24,,,3,,,
1zumi.c,https://www.threads.com/@1zumi.c/post/DH0xXAeTGf2,,2025年3月30日 星期日 下午9:06,@ikea_taiwan,"Photo by 57 on March 30, 2025.",2,1,,,https://www.threads.com/@ikea_taiwan/post/DH0y264SxIP,"在這裡 好用的置物籃 lihi2.com/1aGdM
ikea.com.tw
RÅNEN - 置物籃 | IKEA 線上購物",2025年3月30日 星期日 下午9:19,,RÅNEN - 置物籃 | IKEA 線上購物,1,,,
financewithsamuel,https://www.threads.com/@financewithsamuel/post/DHv2RoXzmKQ,浪費了我10秒鐘。,2025年3月28日 星期五 下午11:13,@ikea_taiwan,,2,1,,1,https://www.threads.com/@ikea_taiwan/post/DHv3_ilBFY4,再滑慢一點點，20秒鐘,2025年3月28日 星期五 下午11:28,,,28,,,
yijiafoods,https://www.threads.com/@yijiafoods/post/DHvx8LNvun8,原來是薑⋯啊⋯。,2025年3月28日 星期五 下午10:35,@ikea_taiwan,,4,2,,,https://www.threads.com/@ikea_taiwan/post/DHvyHleh-yd,還有新品喔 薑薑薑薑～ lihi2.com/LXoSm,2025年3月28日 星期五 下午10:36,,,9,,,
_esther116_,https://www.threads.com/@_esther116_/post/DHvsK2jzPp7,開圈衝撞就是躁KEA,2025年3月28日 星期五 下午9:44,@ikea_taiwan,,16,1,1,,https://www.threads.com/@ikea_taiwan/post/DHvsUQlB0B_,聽音樂有時難免比較激動,2025年3月28日 星期五 下午9:46,,,14,,,
timo_torng,https://www.threads.com/@timo_torng/post/DHuwrj2Swki,,2025年3月28日 星期五 下午1:04,@ikea_taiwan,"Photo by TIMO TORNG on March 27, 2025.",9,1,,,https://www.threads.com/@ikea_taiwan/post/DHvr_uwhzZb,"我家這隻蟲也算歷久不衰 threads.net/@ikea…
2025-3-7",2025年3月28日 星期五 下午9:43,,"Photo by IKEA Taiwan on March 07, 2025.",3,,,
kv448,https://www.threads.com/@kv448/post/DHvrqlWTRdd,這是證實台灣ikea都唸ikea 嗎,2025年3月28日 星期五 下午9:40,@ikea_taiwan,,560,2,,6,https://www.threads.com/@ikea_taiwan/post/DHvr2JOByej,你說的都對,2025年3月28日 星期五 下午9:41,,,464,1,,7
antflyfish,https://www.threads.com/@antflyfish/post/DHvosF3zkSu,朕安。多謝關心,2025年3月28日 星期五 下午9:14,@ikea_taiwan,"Photo by Ren Tsai on March 28, 2025.",38,1,,4,https://www.threads.com/@ikea_taiwan/post/DHvrztEBCxZ,"皇上今日新品進貢請過目 lihi2.com/LXoSm
ikea.com.tw
IKEA新品專區 | IKEA線上購物",2025年3月28日 星期五 下午9:41,,IKEA新品專區 | IKEA線上購物,30,,,
alligator.4136660,https://www.threads.com/@alligator.4136660/post/DHvriDPvBs-,最愛這種吵到眼睛的諧音圖了 翻譯,2025年3月28日 星期五 下午9:39,@ikea_taiwan,,63,1,,,https://www.threads.com/@ikea_taiwan/post/DHvrtNCBiWT,"吵到你了嗎 我們官網應該算安靜 lihi2.com/LXoSm
ikea.com.tw
IKEA新品專區 | IKEA線上購物",2025年3月28日 星期五 下午9:40,,IKEA新品專區 | IKEA線上購物,42,1,,1
aed_1027,https://www.threads.com/@aed_1027/post/DHvrNoeTQfA,要去大港就是咩KEA 喝到茫掉倒地就是ㄉㄜˋKEA,2025年3月28日 星期五 下午9:36,@ikea_taiwan,,21,1,,,https://www.threads.com/@ikea_taiwan/post/DHvrTiABl-0,我不是咩KEA也不是ㄉㄜˋKEA 我是I-K-E-A,2025年3月28日 星期五 下午9:37,,,27,,,
anlighht,https://www.threads.com/@anlighht/post/DHvnrAqzpoY,"這是回覆已無法顯示的貼文
吼IKEA",2025年3月28日 星期五 下午9:05,,,2,1,,,https://www.threads.com/@ikea_taiwan/post/DHvo52fhMfk,正解,2025年3月28日 星期五 下午9:16,,,3,,,
leon_nck.00,https://www.threads.com/@leon_nck.00/post/DHuevWwPkTW,夠老嗎？,2025年3月28日 星期五 上午10:28,@ikea_taiwan,"Photo by 前田厚志 on March 27, 2025.",17,1,,,https://www.threads.com/@ikea_taiwan/post/DHuf_gkSlIS,我希望我也長命千歲,2025年3月28日 星期五 上午10:39,,,3,,,
antflyfish,https://www.threads.com/@antflyfish/post/DHuW5cqzHE2,他愛你❤️,2025年3月28日 星期五 上午9:19,@npm_south,,3,1,,,https://www.threads.com/@ikea_taiwan/post/DHuf2PmyqdF,"有些事情放心裡就好（或花瓶 lihi2.com/pp8bg
ikea.com.tw
IKEA復古經典設計家具，限量熱銷中！| Nytillverkad系列 – IKEA線上購物",2025年3月28日 星期五 上午10:37,,IKEA復古經典設計家具，限量熱銷中！| Nytillverkad系列 – IKEA線上購物,3,,,
chingshin1987,https://www.threads.com/@chingshin1987/post/DHua4wYyUoy,我是老東西,2025年3月28日 星期五 上午9:54,@ikea_taiwan,,255,5,,,https://www.threads.com/@ikea_taiwan/post/DHufIpXhLAX,難怪我們都很棒,2025年3月28日 星期五 上午10:31,,,59,,,
npm_south,https://www.threads.com/@npm_south/post/DHuUx_VzHX3,你就直接說你在想我就好了,2025年3月28日 星期五 上午9:01,@ikea_taiwan,"Photo by 國立故宮博物院南部院區 on March 27, 2025. | Photo by 國立故宮博物院南部院區 on March 27, 2025. | Photo by 國立故宮博物院南部院區 on March 27, 2025.",1531,10,4,5,https://www.threads.com/@ikea_taiwan/post/DHuey_-h8BA,應該不用說的太明白吧？下班來我家看花瓶。,2025年3月28日 星期五 上午10:28,,,65,1,1,
eat.mynoodle,https://www.threads.com/@eat.mynoodle/post/DHtNXAhz9TR,我相信是這個,2025年3月27日 星期四 下午10:37,@ikea_taiwan,"Photo by 吃我下麵 on March 27, 2025.",1089,1,,,https://www.threads.com/@ikea_taiwan/post/DHtVemgyaSH,帶著小朋友們來IKEA🫶🏻,2025年3月27日 星期四 下午11:47,,,204,1,,
emily22039357,https://www.threads.com/@emily22039357/post/DHtSNe2JkKY,包浩斯的傢俱,2025年3月27日 星期四 下午11:19,@ikea_taiwan,,3,1,,,https://www.threads.com/@ikea_taiwan/post/DHtVR9lS1qg,"這一系列你應該會喜歡💕 lihi2.com/pp8bg
ikea.com.tw
IKEA復古經典設計家具，限量熱銷中！| Nytillverkad系列 – IKEA線上購物",2025年3月27日 星期四 下午11:46,,IKEA復古經典設計家具，限量熱銷中！| Nytillverkad系列 – IKEA線上購物,2,,,1
v.9624_,https://www.threads.com/@v.9624_/post/DHtRMTQySPO,當然是我最愛的ikea,2025年3月27日 星期四 下午11:10,@ikea_taiwan,,1,1,,,https://www.threads.com/@ikea_taiwan/post/DHtRsd7hel0,"為您獻上您可能也會喜歡的老東西 lihi2.com/pp8bg
ikea.com.tw
IKEA復古經典設計家具，限量熱銷中！| Nytillverkad系列 – IKEA線上購物",2025年3月27日 星期四 下午11:14,,IKEA復古經典設計家具，限量熱銷中！| Nytillverkad系列 – IKEA線上購物,2,,,
__xu7nna,https://www.threads.com/@__xu7nna/post/DHtQnVEznDA,ikea,2025年3月27日 星期四 下午11:05,@ikea_taiwan,,2,1,,,https://www.threads.com/@ikea_taiwan/post/DHtRlEBhY3T,"這批老的你也會喜歡 lihi2.com/pp8bg
ikea.com.tw
IKEA復古經典設計家具，限量熱銷中！| Nytillverkad系列 – IKEA線上購物",2025年3月27日 星期四 下午11:13,,IKEA復古經典設計家具，限量熱銷中！| Nytillverkad系列 – IKEA線上購物,1,1,,
iamdobby.dobbyisfree,https://www.threads.com/@iamdobby.dobbyisfree/post/DHtNY5aJfxa,多比覺得襪子就是老東西，到現在還是讓人覺得溫暖、安心，像是在說你值得被好好對待！,2025年3月27日 星期四 下午10:37,@ikea_taiwan,,71,1,1,1,https://www.threads.com/@ikea_taiwan/post/DHtOCvGhjnf,"多比也值得一組好家具 lihi2.com/pp8bg
ikea.com.tw
IKEA復古經典設計家具，限量熱銷中！| Nytillverkad系列 – IKEA線上購物",2025年3月27日 星期四 下午10:42,,IKEA復古經典設計家具，限量熱銷中！| Nytillverkad系列 – IKEA線上購物,17,,,
ben_liao.0321,https://www.threads.com/@ben_liao.0321/post/DHtIKdVzPTc,耶穌基督,2025年3月27日 星期四 下午9:51,@ikea_taiwan,,4,1,,,https://www.threads.com/@ikea_taiwan/post/DHtN93zpOTB,🙏🏻,2025年3月27日 星期四 下午10:42,,,3,,,
good.morning.my.dear.friend,https://www.threads.com/@good.morning.my.dear.friend/post/DHtMy8SvZxm,,2025年3月27日 星期四 下午10:32,@ikea_taiwan,"Photo by 親愛的朋友 on March 27, 2025.",50,1,,,https://www.threads.com/@ikea_taiwan/post/DHtN0YVpUzJ,平安喜樂,2025年3月27日 星期四 下午10:41,,,16,,,
terry51705,https://www.threads.com/@terry51705/post/DHtNt0XyZU2,IKEA,2025年3月27日 星期四 下午10:40,@ikea_taiwan,,1,1,,,https://www.threads.com/@ikea_taiwan/post/DHtNx6khzrh,你是很懂的,2025年3月27日 星期四 下午10:40,,,1,1,,
geesonchan,https://www.threads.com/@geesonchan/post/DHtNH4ozvT1,喬瑟夫.喬斯達,2025年3月27日 星期四 下午10:34,@ikea_taiwan,,23,1,,,https://www.threads.com/@ikea_taiwan/post/DHtNwZOpsMi,"老東西，我們家的最有用了 lihi2.com/pp8bg
ikea.com.tw
IKEA復古經典設計家具，限量熱銷中！| Nytillverkad系列 – IKEA線上購物",2025年3月27日 星期四 下午10:40,,IKEA復古經典設計家具，限量熱銷中！| Nytillverkad系列 – IKEA線上購物,13,,,1
azaihaha,https://www.threads.com/@azaihaha/post/DHtKlUjh9Kx,朋友還是老的好🥳,2025年3月27日 星期四 下午10:12,@ikea_taiwan,,1,1,,,https://www.threads.com/@ikea_taiwan/post/DHtM0qKJ0i3,"希望我們的家具也能成為你的老朋友 lihi2.com/pp8bg
ikea.com.tw
IKEA復古經典設計家具，限量熱銷中！| Nytillverkad系列 – IKEA線上購物",2025年3月27日 星期四 下午10:32,,IKEA復古經典設計家具，限量熱銷中！| Nytillverkad系列 – IKEA線上購物,3,,,
_ling443,https://www.threads.com/@_ling443/post/DHtLjLMyPHj,你們家的冰淇淋:)每次去必點🫠,2025年3月27日 星期四 下午10:21,@ikea_taiwan,,7,1,,,https://www.threads.com/@ikea_taiwan/post/DHtLudEBs6I,確實 夏天快到了🍦,2025年3月27日 星期四 下午10:22,,,4,,,
twlamp,https://www.threads.com/@twlamp/post/DHtFqZ6y7D7,錢錢💰,2025年3月27日 星期四 下午9:29,@ikea_taiwan,,2,1,,,https://www.threads.com/@ikea_taiwan/post/DHtLlWkJXSC,最終還是得來IKEA,2025年3月27日 星期四 下午10:21,,,2,,,
wright0105,https://www.threads.com/@wright0105/post/DHtK0Q3yNZ0,我阿嬤,2025年3月27日 星期四 下午10:14,@ikea_taiwan,,78,1,,,https://www.threads.com/@ikea_taiwan/post/DHtLiKCh1dc,阿嬤是大家永遠的愛,2025年3月27日 星期四 下午10:21,,,34,,,1
pzz_chicken,https://www.threads.com/@pzz_chicken/post/DHtK2aKSZIZ,我自己 翻譯,2025年3月27日 星期四 下午10:15,@ikea_taiwan,,1,1,,,https://www.threads.com/@ikea_taiwan/post/DHtLXxvBqCN,我相信這份自信會歷久不衰,2025年3月27日 星期四 下午10:19,,,2,1,,
bomy_family,https://www.threads.com/@bomy_family/post/DHtGk_bhihM,波蜜果菜汁,2025年3月27日 星期四 下午9:37,@ikea_taiwan,"Photo by 波蜜 on March 27, 2025.",505,6,,2,https://www.threads.com/@ikea_taiwan/post/DHtLGiYB14-,愛健康的生活態度歷久不衰,2025年3月27日 星期四 下午10:17,,,90,,,
tangerine_wong,https://www.threads.com/@tangerine_wong/post/DHtF-CoPgoo,我的魚尾紋，是老了但也是種魅力。😂,2025年3月27日 星期四 下午9:32,@ikea_taiwan,,28,1,,,https://www.threads.com/@ikea_taiwan/post/DHtK_MTBdlU,你太懂了,2025年3月27日 星期四 下午10:16,,,12,,,
ovatherain,https://www.threads.com/@ovatherain/post/DHtGDLSypD6,愛情吧,2025年3月27日 星期四 下午9:33,@ikea_taiwan,,2,1,,,https://www.threads.com/@ikea_taiwan/post/DHtKburh9Vm,確實刻苦銘心,2025年3月27日 星期四 下午10:11,,,2,1,,
s2pd.___.wk,https://www.threads.com/@s2pd.___.wk/post/DHsBMIGSQE9,這間肉丸專賣店在小看傢俱嗎？,2025年3月27日 星期四 上午11:31,@ikea_taiwan,,,1,,,https://www.threads.com/@ikea_taiwan/post/DHslRL5zjQ_,我們的傢俱很棒，怕大家逛累了，也邀請大家來吃飽。,2025年3月27日 星期四 下午4:46,,,,,,
eve_bpd0125,https://www.threads.com/@eve_bpd0125/post/DHq4gFNS2sP,雞翅～╰(*´︶`*)╯ 吃起來～٩۹(๑•̀ω•́ ๑)۶ 好吃開心～(๑`^´๑),2025年3月27日 星期四 上午12:56,@ikea_taiwan,,,1,,,https://www.threads.com/@ikea_taiwan/post/DHsUnq2zRwj,下週見,2025年3月27日 星期四 下午2:21,,,1,,,
hank_lian_tw,https://www.threads.com/@hank_lian_tw/post/DHsDKQ7zy45,假訊息,2025年3月27日 星期四 上午11:48,@ikea_taiwan,,1,1,,,https://www.threads.com/@ikea_taiwan/post/DHsUfkpzbzh,真的啦 翻譯,2025年3月27日 星期四 下午2:20,,,2,,,
kiss_forest,https://www.threads.com/@kiss_forest/post/DHqyIoohQPC,結果均一價41也是騙人的😍（？）,2025年3月27日 星期四 上午12:00,@ikea_taiwan,,1,1,,,https://www.threads.com/@ikea_taiwan/post/DHq2K3ABipN,我說我不喜歡騙人,2025年3月27日 星期四 上午12:35,,,3,,,
_esther116_,https://www.threads.com/@_esther116_/post/DHqhdSOzlLl,心目中最好吃的雞翅就是IKEA的😍,2025年3月26日 星期三 下午9:34,@ikea_taiwan,,9,1,,,https://www.threads.com/@ikea_taiwan/post/DHqhirhhdtB,那你4/1-4/2要來嗎 想要你吃飽,2025年3月26日 星期三 下午9:35,,,1,,,
badday0116,https://www.threads.com/@badday0116/post/DHqf_Kbyapw,小編，請問如果要去拜月老有什麼能在ikea買去拜的嗎？,2025年3月26日 星期三 下午9:22,@ikea_taiwan,,1,2,,,https://www.threads.com/@ikea_taiwan/post/DHqg_oXhhzi,炸物也行，心誠則靈。,2025年3月26日 星期三 下午9:30,,,4,1,,
setnews,https://www.threads.com/@setnews/post/DHlbtnrhzas,雞翅嗎?小編走到公司對面就有了OwO,2025年3月24日 星期一 下午10:08,@ikea_taiwan,,1,1,,,https://www.threads.com/@ikea_taiwan/post/DHlcKjshogh,🤫,2025年3月24日 星期一 下午10:12,,,,,,
oiiai_8,https://www.threads.com/@oiiai_8/post/DHlXihvzTdG,"這是回覆已無法顯示的貼文
這裡有恐怖份子(x",2025年3月24日 星期一 下午9:32,,,,1,,,https://www.threads.com/@ikea_taiwan/post/DHlX3RNBCyX,怕怕,2025年3月24日 星期一 下午9:34,,,,,,
oiiai_8,https://www.threads.com/@oiiai_8/post/DHlW67sTrMm,我要炸鯊魚,2025年3月24日 星期一 下午9:26,@ikea_taiwan,,13,1,,,https://www.threads.com/@ikea_taiwan/post/DHlXG7mBbCu,我要通報動保,2025年3月24日 星期一 下午9:28,,,18,,,
foodlife_ailee,https://www.threads.com/@foodlife_ailee/post/DHkjiAxRCyk,想說謝謝但又覺得哪裡不對（？？）,2025年3月24日 星期一 下午1:57,@ikea_taiwan,,3,1,,,https://www.threads.com/@ikea_taiwan/post/DHkqAYQJp3g,那先說不客氣了,2025年3月24日 星期一 下午2:54,,,2,,,
the_david_liu,https://www.threads.com/@the_david_liu/post/DHitK0WMN3c,我每個週末在斯德哥爾摩這邊做回收的時候，都覺得自己還是有點希望。,2025年3月23日 星期日 下午8:43,@ikea_taiwan,,41,1,,1,https://www.threads.com/@ikea_taiwan/post/DHkp-FapT8R,勵志,2025年3月24日 星期一 下午2:53,,,4,,,
standupplzbbq,https://www.threads.com/@standupplzbbq/post/DHkoVxoR3tH,但我只想躺平,2025年3月24日 星期一 下午2:39,@ikea_taiwan,,1,1,,,https://www.threads.com/@ikea_taiwan/post/DHkp6_Kp_-s,來IKEA的床躺,2025年3月24日 星期一 下午2:53,,,1,1,,
_goblinelder,https://www.threads.com/@_goblinelder/post/DHkW1RqSVy1,這是回覆已無法顯示的貼文,2025年3月24日 星期一 下午12:06,,"Photo by @_goblinelder on March 23, 2025.",7,1,,,https://www.threads.com/@ikea_taiwan/post/DHkcgAXBQcq,BOOK先收起來 4/1記得來IKEA,2025年3月24日 星期一 下午12:56,,,5,1,,
wota_daily,https://www.threads.com/@wota_daily/post/DHkWnSaTnrs,"這是回覆已無法顯示的貼文
我偏要猜榨菜肉絲麵🍜",2025年3月24日 星期一 下午12:04,,,,1,,,https://www.threads.com/@ikea_taiwan/post/DHkcZFGB58p,這個⋯⋯有點遠但nice guess,2025年3月24日 星期一 下午12:55,,,2,,,
oliver321123revilo,https://www.threads.com/@oliver321123revilo/post/DHkbJbVSXvm,"這是回覆已無法顯示的貼文
炸皮蛋👌",2025年3月24日 星期一 下午12:44,,,1,1,,,https://www.threads.com/@ikea_taiwan/post/DHkcTnjhWd8,1A0B！,2025年3月24日 星期一 下午12:54,,,3,,,
carpediem__1112,https://www.threads.com/@carpediem__1112/post/DHikPKNS2n6,等你把肉丸的秘方告訴我，我再考慮要不要從床上爬起來,2025年3月23日 星期日 下午7:25,@ikea_taiwan等你把肉丸的秘方告訴我，我再考慮要不要從床上爬起來讚926回覆1轉發1分享10,,926,1,1,10,https://www.threads.com/@ikea_taiwan/post/DHi0qRSJaTS,那你不要起來了😃,2025年3月23日 星期日 下午9:48,,,847,2,2,7
avon_hsiao,https://www.threads.com/@avon_hsiao/post/DHin-oUJh11,這麼嗆🤣🤣🤣,2025年3月23日 星期日 下午7:57,@ikea_taiwan這麼嗆🤣🤣🤣讚18回覆1轉發分享,,18,1,,,https://www.threads.com/@ikea_taiwan/post/DHi0cfcJQE1,來自愛的關心,2025年3月23日 星期日 下午9:46,,,11,1,,
xia._0728,https://www.threads.com/@xia._0728/post/DHi0JTIvxnA,有朝一日也能被家具行嗆><,2025年3月23日 星期日 下午9:44,@ikea_taiwan有朝一日也能被家具行嗆><讚200回覆1轉發1分享11,"Photo by 夏宇几 on March 23, 2025.",200,1,1,11,https://www.threads.com/@ikea_taiwan/post/DHi0SvnpJMV,這圖片我嚇到,2025年3月23日 星期日 下午9:45,,,201,2,,
bantarh,https://www.threads.com/@bantarh/post/DHioqUlJ-9n,可燃的來不及了,2025年3月23日 星期日 下午8:03,@ikea_taiwan可燃的來不及了讚1回覆1轉發分享,,1,1,,,https://www.threads.com/@ikea_taiwan/post/DHi0CGZp_-N,都可以回收再生的,2025年3月23日 星期日 下午9:43,,,,,,
financewithsamuel,https://www.threads.com/@financewithsamuel/post/DHirvXqJmMz,感謝宜家雞湯,2025年3月23日 星期日 下午8:30,@ikea_taiwan感謝宜家雞湯讚5回覆1轉發分享1,,5,1,,1,https://www.threads.com/@ikea_taiwan/post/DHiz9cCJ4Ha,不客氣,2025年3月23日 星期日 下午9:42,,,1,,,
beany_panss,https://www.threads.com/@beany_panss/post/DHipA6iR4-e,如果不可以 那是否代表我比廢物還要廢？,2025年3月23日 星期日 下午8:07,@ikea_taiwan如果不可以,,2,1,,2,https://www.threads.com/@ikea_taiwan/post/DHiyiuaJcRY,你要相信你可以！,2025年3月23日 星期日 下午9:30,,,3,,,
rsntvul,https://www.threads.com/@rsntvul/post/DHiljnCJ-VV,好像被嗆了又好像沒有,2025年3月23日 星期日 下午7:36,@ikea_taiwan好像被嗆了又好像沒有讚364回覆1轉發分享3,,364,1,,3,https://www.threads.com/@ikea_taiwan/post/DHiyL5opC_c,這是來自我們溫暖的關心,2025年3月23日 星期日 下午9:27,,,143,,,1
000.000_000ooo.o,https://www.threads.com/@000.000_000ooo.o/post/DHiwsB6TWZ5,大衣也要另尋新主人了,2025年3月23日 星期日 下午9:14,@ikea_taiwan大衣也要另尋新主人了讚5回覆1轉發分享,,5,1,,,https://www.threads.com/@ikea_taiwan/post/DHixsdqpjpt,要來掛在我們店裡嗎？很多衣架可以選,2025年3月23日 星期日 下午9:22,,,19,1,,1
iamdobby.dobbyisfree,https://www.threads.com/@iamdobby.dobbyisfree/post/DHkbn07zCIe,"這是回覆已無法顯示的貼文
多比聽說4月1日有特別的快樂活動！有好多驚喜！還有多比希望有襪子！雖然不知道IKEA是什麼魔法部門…… 但多比願意去幫忙整理貨架！",2025年3月24日 星期一 下午12:48,,,49,1,,,https://www.threads.com/@ikea_taiwan/post/DHkcGwDhdwQ,多比平常有吃飽嗎,2025年3月24日 星期一 下午12:52,,,8,1,,
aiyo.wemedia,https://www.threads.com/@aiyo.wemedia/post/DHkSmeYxm5a,謝謝 找回上班的動力了,2025年3月24日 星期一 上午11:29,@ikea_taiwan,,,1,,,https://www.threads.com/@ikea_taiwan/post/DHkUOehJCKK,上班加油👏🏻,2025年3月24日 星期一 上午11:43,,,,,,
achan.ok,https://www.threads.com/@achan.ok/post/DHjfC2hOyG-,再生後還是廢物，怎麼辦？,2025年3月24日 星期一 上午3:59,@ikea_taiwan,,,1,,,https://www.threads.com/@ikea_taiwan/post/DHkS90bhJIX,再 再生一次？,2025年3月24日 星期一 上午11:32,,,4,1,,
richard._.rrrrrrr,https://www.threads.com/@richard._.rrrrrrr/post/DHj4WdBT4Wo,好暖的家具店🥹,2025年3月24日 星期一 上午7:40,@ikea_taiwan,,1,1,,,https://www.threads.com/@ikea_taiwan/post/DHkS8q6B5mv,🥰,2025年3月24日 星期一 上午11:32,,,,,,
sexy_hex_key,https://www.threads.com/@sexy_hex_key/post/DHjNqN2yGTH,身為一名板手，被人再利用也是很正常不過的事,2025年3月24日 星期一 上午1:27,@ikea_taiwan,,5,1,,,https://www.threads.com/@ikea_taiwan/post/DHkS78hhjdJ,被利用就不是廢物了！,2025年3月24日 星期一 上午11:32,,,7,,,
memegaga12013,https://www.threads.com/@memegaga12013/post/DHkITxZzuaL,謝謝你ikea🥹,2025年3月24日 星期一 上午9:59,@ikea_taiwan,,39,1,,,https://www.threads.com/@ikea_taiwan/post/DHkS1_ehioJ,不客氣,2025年3月24日 星期一 上午11:31,,,2,,,
mobetaw22252,https://www.threads.com/@mobetaw22252/post/DHkMMeWS1nS,我在考慮以後要不要去逛傢俱了,2025年3月24日 星期一 上午10:33,@ikea_taiwan,,,1,,,https://www.threads.com/@ikea_taiwan/post/DHkP2rSp3Ul,今天就來！,2025年3月24日 星期一 上午11:05,,,1,,,
hsinpin_chen_alyssa,https://www.threads.com/@hsinpin_chen_alyssa/post/DHilEEdSfa9,聽起來很有道理 支持小編加薪,2025年3月23日 星期日 下午7:32,@ikea_taiwan,,12,1,,,https://www.threads.com/@ikea_taiwan/post/DHi1ln8Jl0G,你來逛逛才比較有機會🫶🏻,2025年3月23日 星期日 下午9:56,,,17,,,2
qek888,https://www.threads.com/@qek888/post/DHiizLeTkD-,我是重感情的廢物,2025年3月23日 星期日 下午7:12,@ikea_taiwan,,110,1,,1,https://www.threads.com/@ikea_taiwan/post/DHi1OF-po3p,那你一定很有用👍,2025年3月23日 星期日 下午9:53,,,67,,,1
khveryfunny,https://www.threads.com/@khveryfunny/post/DHitDRRp-6p,可以告訴我IKEA小編嗑了什麼嗎? 好想來一點😆,2025年3月23日 星期日 下午8:42,@ikea_taiwan,,72,1,,1,https://www.threads.com/@ikea_taiwan/post/DHixi4OJzQQ,瑞典餐廳的東西都來一點,2025年3月23日 星期日 下午9:21,,,127,,,
gonu.h,https://www.threads.com/@gonu.h/post/DHir3hCx2xC,這輩子沒看過這麼尖銳的肉丸店,2025年3月23日 星期日 下午8:31,@ikea_taiwan,,3934,4,28,136,https://www.threads.com/@ikea_taiwan/post/DHixgAppb-v,是鼓勵你的家具店,2025年3月23日 星期日 下午9:21,,,1115,,1,9
dogtsai,https://www.threads.com/@dogtsai/post/DHfYR5jTqUe,不收納就是最好的收納 就來玩踩地雷看誰先踩到樂高,2025年3月22日 星期六 下午1:43,@ikea_taiwan,,1,1,,,https://www.threads.com/@ikea_taiwan/post/DHfndEwJCM4,好痛 不要,2025年3月22日 星期六 下午3:55,,,,,,
tera.lo,https://www.threads.com/@tera.lo/post/DHffcc0zxQg,陽台櫃子ikea、圓桌ikea 👍🏻,2025年3月22日 星期六 下午2:45,@ikea_taiwan,"Photo by Tera Lo on March 21, 2025.",32,3,,2,https://www.threads.com/@ikea_taiwan/post/DHfnSQIpe1g,100分,2025年3月22日 星期六 下午3:54,,,6,,,
zhijiahsu,https://www.threads.com/@zhijiahsu/post/DHexRoATeXD,直接放棄收納,2025年3月22日 星期六 上午8:02,@ikea_taiwan,,2,1,,,https://www.threads.com/@ikea_taiwan/post/DHfnQcOJoIB,"試試看這個，或許收納沒那麼難？ lihi2.com/T0kdx
ikea.com.tw
TROFAST 系列 │ IKEA",2025年3月22日 星期六 下午3:53,,TROFAST 系列 │ IKEA,,,,
aloha_familywang,https://www.threads.com/@aloha_familywang/post/DHdx-VzT169,除了桌子椅子，其他都是ikea 啊啊啊啊🫶🏼,2025年3月21日 星期五 下午10:49,@ikea_taiwan,"Photo by 我們一家都姓王 on March 21, 2025.",40,1,,4,https://www.threads.com/@ikea_taiwan/post/DHfmwAdJTIT,難怪這客廳看起來這麼溫暖❤️,2025年3月22日 星期六 下午3:49,,,7,1,,
choyyeee,https://www.threads.com/@choyyeee/post/DHfNDTAybD_,,2025年3月22日 星期六 下午12:04,@ikea_taiwan,"Photo by Choy Yee on March 21, 2025.",40,2,,5,https://www.threads.com/@ikea_taiwan/post/DHfmh27py-B,還以為這是我們展間,2025年3月22日 星期六 下午3:47,,,11,,,
uyuyuyytw,https://www.threads.com/@uyuyuyytw/post/DHdV7N0TxvB,,2025年3月21日 星期五 下午6:44,@ikea_taiwan,"Photo by Chiao ᐧ༚̮ᐧ on March 21, 2025.",6,2,,,https://www.threads.com/@ikea_taiwan/post/DHdtl2jpPu8,厲害,2025年3月21日 星期五 下午10:10,,,2,,,
thelele1225,https://www.threads.com/@thelele1225/post/DHdqdDwP8O1,玩具重到塞不下這個三層的全部放滿 怎麼解？,2025年3月21日 星期五 下午9:43,@ikea_taiwan,,,1,,,https://www.threads.com/@ikea_taiwan/post/DHdtgmSJfW5,"再買更多，一定會有裝下的一天 lihi2.com/T0kdx
ikea.com.tw
TROFAST 系列 │ IKEA",2025年3月21日 星期五 下午10:10,,TROFAST 系列 │ IKEA,1,,,
wenwentingting,https://www.threads.com/@wenwentingting/post/DHYS_JOP_n7,我那樣不該稱為凌亂， 那是我獨特的自我的裝潢風格。,2025年3月19日 星期三 下午7:42,@ikea_taiwan,,495,1,,8,https://www.threads.com/@ikea_taiwan/post/DHYbyhlpHHK,那就是亂,2025年3月19日 星期三 下午8:59,,,498,1,,8
nian_shi_lan,https://www.threads.com/@nian_shi_lan/post/DHYWy7uzzOQ,本宮有頌芝,2025年3月19日 星期三 下午8:15,@ikea_taiwan,,566,3,,8,https://www.threads.com/@ikea_taiwan/post/DHYbRmZJgn8,敢問頌芝的收納妙方？,2025年3月19日 星期三 下午8:54,,,274,1,,
npm_south,https://www.threads.com/@npm_south/post/DHYRJqNJgSm,讓大家看看一些整齊的桌內收納,2025年3月19日 星期三 下午7:26,@ikea_taiwan,"Photo by 國立故宮博物院南部院區 on March 19, 2025.",2496,5,2,14,https://www.threads.com/@ikea_taiwan/post/DHYafO2Jr-O,資優生 要不要來我們這裡上班？,2025年3月19日 星期三 下午8:47,,,1318,2,,7
oail_nai,https://www.threads.com/@oail_nai/post/DHP4tkXxT6J,這演算法,2025年3月16日 星期日 下午1:18,@ikea_taiwan,"Photo by Ian on March 15, 2025.",2,1,,,https://www.threads.com/@ikea_taiwan/post/DHP5KEfpgrc,讓你來看看我們,2025年3月16日 星期日 下午1:22,,,1,,,
bao_____1211,https://www.threads.com/@bao_____1211/post/DHPshQgpT23,@ikea_taiwan 我都說宜家就是我家，小編沒有跨跨就再也不去你家了☹️,2025年3月16日 星期日 上午11:32,@bao_____1211,"Photo by @bao_____1211 on March 15, 2025. | Photo by @bao_____1211 on March 15, 2025. | Photo by @bao_____1211 on March 15, 2025. | Photo by @bao_____1211 on March 15, 2025. | Photo by @bao_____1211 on March 15, 2025.",,1,,,https://www.threads.com/@ikea_taiwan/post/DHP0vKTJJK6,好棒！放滿滿～可以添購新的了😍,2025年3月16日 星期日 下午12:43,,,1,1,,
hangyodon_tw,https://www.threads.com/@hangyodon_tw/post/DHNsCH7B3Jf,不允許你胡說！ 不過看了確實蠻想買$199 那個收納架( ´▽` )ﾉ,2025年3月15日 星期六 下午4:49,@ikea_taiwan,"Photo by 漢頓 最高！🇹🇼 on March 15, 2025.",670,4,3,75,https://www.threads.com/@ikea_taiwan/post/DHOOM_MJLqL,上面的牆可以放娃娃屋還有層架😍,2025年3月15日 星期六 下午9:47,,,49,1,,
mosubakanono,https://www.threads.com/@mosubakanono/post/DHOIM04T-Dl,沒有亂丟喔～,2025年3月15日 星期六 下午8:55,@ikea_taiwan,"Photo by 摩蘇八嘎のの on March 15, 2025.",21,1,,,https://www.threads.com/@ikea_taiwan/post/DHOODIop8m_,放滿了，可以換我們家新的,2025年3月15日 星期六 下午9:46,,,11,,,
npm_south,https://www.threads.com/@npm_south/post/DHNsrYAJLQn,我沒有亂丟,2025年3月15日 星期六 下午4:54,@ikea_taiwan,"Photo by 國立故宮博物院南部院區 on March 15, 2025.",1742,6,14,24,https://www.threads.com/@ikea_taiwan/post/DHN1HlfJurD,你這用很久了，要不要換我們家新的？,2025年3月15日 星期六 下午6:08,,,848,5,2,12
heyweilun,https://www.threads.com/@heyweilun/post/DHNfegUv0dq,榮鳩斯構的脖子跟肚子超好躺必須放床上 我還會幫他換衣服,2025年3月15日 星期六 下午2:59,@ikea_taiwan,"Photo by 瑋倫 on March 14, 2025.",119,1,,7,https://www.threads.com/@ikea_taiwan/post/DHNiqaep7go,這男友感愛了😍,2025年3月15日 星期六 下午3:27,,,20,,,
skymeditate,https://www.threads.com/@skymeditate/post/DHNZ-SexlSr,我用IKEA MILSBO 收好收滿😎,2025年3月15日 星期六 下午2:11,@ikea_taiwan,"Photo by Yeh Che Wei on March 14, 2025.",22,1,,,https://www.threads.com/@ikea_taiwan/post/DHNccSPpao8,專業的👍,2025年3月15日 星期六 下午2:33,,,6,,,
rrrr_sny_rrr_snx,https://www.threads.com/@rrrr_sny_rrr_snx/post/DHNTkKzhOI2,好想買那個小房子櫃子，但我連他要放哪都沒想好,2025年3月15日 星期六 下午1:15,@ikea_taiwan,,,1,,,https://www.threads.com/@ikea_taiwan/post/DHNcHQIJPbK,買了就有地方放了😆,2025年3月15日 星期六 下午2:30,,,,,,
rose_y_mary,https://www.threads.com/@rose_y_mary/post/DHNbXx7xD2s,不可能餒！！好心動,2025年3月15日 星期六 下午2:23,@ikea_taiwan,,,1,,,https://www.threads.com/@ikea_taiwan/post/DHNcERYJ80V,心動就來IKEA逛逛吧😍,2025年3月15日 星期六 下午2:29,,,1,,,
keratoconjunctivitis_sicca,https://www.threads.com/@keratoconjunctivitis_sicca/post/DHNZKLPxdE5,帶出門吃壽司(⁠人⁠*⁠´⁠∀⁠｀⁠)⁠｡⁠*ﾟ⁠+,2025年3月15日 星期六 下午2:04,@ikea_taiwan,"Photo by CMYK為(182, 0, 18, 31)的魚 on March 14, 2025.",290,1,1,3,https://www.threads.com/@ikea_taiwan/post/DHNaxswJgvQ,居然還有圍巾！,2025年3月15日 星期六 下午2:18,,,69,,,
yu___200cm,https://www.threads.com/@yu___200cm/post/DHNQgRNRBr3,,2025年3月15日 星期六 下午12:48,@ikea_taiwan,"Photo by QQ心碎少女（24） on March 14, 2025.",13,1,,,https://www.threads.com/@ikea_taiwan/post/DHNaul9JAy3,很好會工作了,2025年3月15日 星期六 下午2:18,,,9,,,
riceballcheng,https://www.threads.com/@riceballcheng/post/DHNUZeXTZEi,人類，一起睡嗎？,2025年3月15日 星期六 下午1:22,@ikea_taiwan,"Photo by Riceball Ting-Yun Cheng on March 14, 2025.",34,1,1,,https://www.threads.com/@ikea_taiwan/post/DHNap2Hp3Av,鯊鯊😍,2025年3月15日 星期六 下午2:17,,,1,,,
chestnut_0813,https://www.threads.com/@chestnut_0813/post/DHNXiUUSKBu,🥸我沒有亂丟，我很愛他,2025年3月15日 星期六 下午1:50,@ikea_taiwan,"Photo by くりまんじゅう ちん on March 14, 2025. | Photo by くりまんじゅう ちん on March 14, 2025. | Photo by くりまんじゅう ちん on March 14, 2025. | Photo by くりまんじゅう ちん on March 14, 2025. | Photo by くりまんじゅう ちん on March 14, 2025.",224,1,,7,https://www.threads.com/@ikea_taiwan/post/DHNZONApl0o,你是真愛🫶🏻,2025年3月15日 星期六 下午2:04,,,24,,,1
laundrie80105,https://www.threads.com/@laundrie80105/post/DHNOhFvhHRf,我抱著他，看著這篇文,2025年3月15日 星期六 下午12:31,@ikea_taiwan,"Photo by Laundry on March 14, 2025.",159,1,,,https://www.threads.com/@ikea_taiwan/post/DHNPIepJKTm,可愛！,2025年3月15日 星期六 下午12:36,,,17,,,
jkopayapp,https://www.threads.com/@jkopayapp/post/DHNLWodp6mJ,我都採取民主放養☺️,2025年3月15日 星期六 下午12:03,@ikea_taiwan,,24,1,,1,https://www.threads.com/@ikea_taiwan/post/DHNL9VBJ5_c,"那推薦你可以給寶寶一個家
ikea_taiwan",2025年3月15日 星期六 下午12:09,,,34,1,,15
veevee.nnn,https://www.threads.com/@veevee.nnn/post/DHLw26xyKwW,我ICE你了很好吃😻,2025年3月14日 星期五 下午10:53,@ikea_taiwan,,1,1,,,https://www.threads.com/@ikea_taiwan/post/DHLyDEDp0xX,莓一天都要吃一隻,2025年3月14日 星期五 下午11:03,,,3,,,
kaohsiung_city,https://www.threads.com/@kaohsiung_city/post/DHLsT3AvZVA,學會了🍓,2025年3月14日 星期五 下午10:13,@ikea_taiwan,,2,1,,,https://www.threads.com/@ikea_taiwan/post/DHLtUjnJW7L,那還不趕快帶她/他來IKEA告白,2025年3月14日 星期五 下午10:22,,,5,,,
hollyywuu_0527,https://www.threads.com/@hollyywuu_0527/post/DG_jfIcT-6h,寶～為什麼你們家都沒有電動沙發？ 聽說開保時捷的最差也要一套電動皮沙發在家的,2025年3月10日 星期一 上午5:05,@ikea_taiwan,,,1,,1,https://www.threads.com/@ikea_taiwan/post/DHAO4SRJ_MU,明明就有！ lihi2.com/LOGNa,2025年3月10日 星期一 上午11:24,,,1,1,,
blueyu.86,https://www.threads.com/@blueyu.86/post/DG9-8H0zg5M,我睡地板 🤣,2025年3月9日 星期日 下午2:26,@ikea_taiwan,,1,1,,,https://www.threads.com/@ikea_taiwan/post/DHAGVIdyZSI,這是真愛,2025年3月10日 星期一 上午10:09,,,2,,,
1oiiz_,https://www.threads.com/@1oiiz_/post/DG-WkXQR5Ep,再買一個沙發陪他睡,2025年3月9日 星期日 下午5:53,@ikea_taiwan,,,1,,,https://www.threads.com/@ikea_taiwan/post/DHAGQwtyE_P,"非常好 購買連結在這 lihi2.com/TCKSf
ikea.com.tw
FRIHETEN - 轉角沙發床附收納空間，Skiftebo 深灰色 | IKEA 線上購物",2025年3月10日 星期一 上午10:09,,FRIHETEN - 轉角沙發床附收納空間，Skiftebo 深灰色 | IKEA 線上購物,,,,
moyen.tattoo,https://www.threads.com/@moyen.tattoo/post/DG-xGFoSLxg,把沙發拆了,2025年3月9日 星期日 下午9:44,@ikea_taiwan,,2,1,,,https://www.threads.com/@ikea_taiwan/post/DHAF_t8SK-A,"那記得來IKEA買新的 lihi2.com/TCKSf
ikea.com.tw
FRIHETEN - 轉角沙發床附收納空間，Skiftebo 深灰色 | IKEA 線上購物",2025年3月10日 星期一 上午10:06,,FRIHETEN - 轉角沙發床附收納空間，Skiftebo 深灰色 | IKEA 線上購物,,,,
btc.org.tw,https://www.threads.com/@btc.org.tw/post/DG-p0UmBK9c,睡公園,2025年3月9日 星期日 下午8:41,@ikea_taiwan,,,1,,,https://www.threads.com/@ikea_taiwan/post/DHAB9wAS695,好狠,2025年3月10日 星期一 上午9:31,,,,,,
robin740107,https://www.threads.com/@robin740107/post/DG91hTzTZEM,還是一起睡沙發😂,2025年3月9日 星期日 下午1:04,@ikea_taiwan,,,1,,,https://www.threads.com/@ikea_taiwan/post/DG938-ZJua7,沙發攤開變成雙人床￼一起睡 更幸福,2025年3月9日 星期日 下午1:25,,"Photo by IKEA Taiwan on March 08, 2025.",7,,,
sj_0316_jj,https://www.threads.com/@sj_0316_jj/post/DG9yhq_Bot-,沒有更多房間了，只好委屈你了！😅,2025年3月9日 星期日 下午12:38,@ikea_taiwan,,,1,,,https://www.threads.com/@ikea_taiwan/post/DG93BKvJxvW,用我們家沙發床就不委屈了,2025年3月9日 星期日 下午1:17,,,1,,,
az1236662,https://www.threads.com/@az1236662/post/DG9zQZVTi14,“可是沙發不用你陪啊！”,2025年3月9日 星期日 下午12:44,@ikea_taiwan,,78,2,,,https://www.threads.com/@ikea_taiwan/post/DG91dnGptEF,高情商回覆,2025年3月9日 星期日 下午1:03,,,14,,,
yuer_x.xi,https://www.threads.com/@yuer_x.xi/post/DG90ALQy_yF,哈哈 🈶沙發床啊😏😏😏,2025年3月9日 星期日 下午12:51,@ikea_taiwan,,,1,,,https://www.threads.com/@ikea_taiwan/post/DG90z4ppmae,"很會利用優勢 lihi2.com/TCKSf
ikea.com.tw
FRIHETEN - 轉角沙發床附收納空間，Skiftebo 深灰色 | IKEA 線上購物",2025年3月9日 星期日 下午12:58,,FRIHETEN - 轉角沙發床附收納空間，Skiftebo 深灰色 | IKEA 線上購物,1,1,,
watermelon_70,https://www.threads.com/@watermelon_70/post/DG9x9IjJ-iN,走開那是我家貓要睡的,2025年3月9日 星期日 下午12:33,@ikea_taiwan,,10,1,,,https://www.threads.com/@ikea_taiwan/post/DG9yXLjJTDq,主子最大,2025年3月9日 星期日 下午12:36,,,2,,,
ritsuko_hsu,https://www.threads.com/@ritsuko_hsu/post/DG9xBuQxJDa,回：廢話，不然你以為你睡哪,2025年3月9日 星期日 下午12:25,@ikea_taiwan,,109,1,,2,https://www.threads.com/@ikea_taiwan/post/DG9xkSyJFIg,還好不是睡地板,2025年3月9日 星期日 下午12:29,,,28,1,,
qek888,https://www.threads.com/@qek888/post/DG9woYsTdNx,那我睡床,2025年3月9日 星期日 下午12:21,@ikea_taiwan,,10,1,,,https://www.threads.com/@ikea_taiwan/post/DG9xAd7Jat4,你忍心？,2025年3月9日 星期日 下午12:24,,,10,,,
jobrownny,https://www.threads.com/@jobrownny/post/DG5UKqtTKs8,有夠會😆，看著都想再搞一張海報用ikea相框了,2025年3月7日 星期五 下午6:55,@ikea_taiwan,,1,1,,,https://www.threads.com/@ikea_taiwan/post/DG7MQUcpHP6,"官網很多可以選，海報不嫌少 lihi2.com/VdEia
ikea.com.tw
FISKBO - 相框, 白色, 50x70 公分 | IKEA 線上購物",2025年3月8日 星期六 下午12:25,,"FISKBO - 相框, 白色, 50x70 公分 | IKEA 線上購物",,,,
phoenix2124,https://www.threads.com/@phoenix2124/post/DG55EcpvsBv,必須給小編一個讚！ 但是線上缺貨欸哭哭 門市有缺貨嗎 🫠,2025年3月8日 星期六 上午12:18,@ikea_taiwan,,1,1,,,https://www.threads.com/@ikea_taiwan/post/DG6J-8FydW4,可以到網站看看每家店的庫存喔！這個尺寸有很多選擇。,2025年3月8日 星期六 上午2:46,,,2,1,,
ki_ki80,https://www.threads.com/@ki_ki80/post/DG5Y1VCJmr-,小編真的很懂時事🐛,2025年3月7日 星期五 下午7:36,@ikea_taiwan,,1,1,,,https://www.threads.com/@ikea_taiwan/post/DG5jUlyJ1Wy,🛜🐛,2025年3月7日 星期五 下午9:08,,,3,,,
marty57works,https://www.threads.com/@marty57works/post/DG5dHVvpxfn,台中店349元的那款都沒了,2025年3月7日 星期五 下午8:14,@ikea_taiwan台中店349元的那款都沒了讚4回覆1轉發分享2,,4,1,,2,https://www.threads.com/@ikea_taiwan/post/DG5jScOJWVR,"也可以到網路上訂購喔！ lihi2.com/VdEia
ikea.com.tw
FISKBO - 相框, 白色, 50x70 公分 | IKEA 線上購物",2025年3月7日 星期五 下午9:08,,"FISKBO - 相框, 白色, 50x70 公分 | IKEA 線上購物",1,,,3
applausemovie_taiwan,https://www.threads.com/@applausemovie_taiwan/post/DG5Qy5Oy7OY,看來小編今天得去 @ikea_taiwan 逛逛了~~,2025年3月7日 星期五 下午6:26,,"Photo by 甲上娛樂 on March 07, 2025.",614,4,13,73,https://www.threads.com/@ikea_taiwan/post/DG5WiiwJ8TM,說到做到，要來喔！,2025年3月7日 星期五 下午7:16,,,40,1,,
applausemovie_taiwan,https://www.threads.com/@applausemovie_taiwan/post/DG5QHuzy4Ki,我愛IKEA~~ <3,2025年3月7日 星期五 下午6:20,@ikea_taiwan我愛IKEA~~,,21,1,,1,https://www.threads.com/@ikea_taiwan/post/DG5S_D5p2dJ,❤️🐛,2025年3月7日 星期五 下午6:45,,,7,1,,
kaitlyn_lolo,https://www.threads.com/@kaitlyn_lolo/post/DG5STwFpIRx,我要這隻蟲的海報！,2025年3月7日 星期五 下午6:39,@ikea_taiwan我要這隻蟲的海報！讚2回覆1轉發分享,,2,1,,,https://www.threads.com/@ikea_taiwan/post/DG5SjAVp-lj,你說三橫一豎蟲嗎,2025年3月7日 星期五 下午6:41,,,17,1,,
botai0617,https://www.threads.com/@botai0617/post/DG5PhloyTE6,我買349耶,2025年3月7日 星期五 下午6:15,@ikea_taiwan我買349耶讚85回覆4轉發分享24,"Photo by Huang Bo-tai on March 07, 2025.",85,4,,24,https://www.threads.com/@ikea_taiwan/post/DG5P0T4Jv63,有很多種可以選！,2025年3月7日 星期五 下午6:17,,,28,1,,
zhaohuiweng_,https://www.threads.com/@zhaohuiweng_/post/DG5NTHoBS9L,這個可以吃嗎,2025年3月7日 星期五 下午5:55,@ikea_taiwan這個可以吃嗎讚回覆1轉發分享,,,1,,,https://www.threads.com/@ikea_taiwan/post/DG5Ndi1p5O9,你說框還是蟲？,2025年3月7日 星期五 下午5:57,,,4,,,
pitchat.co,https://www.threads.com/@pitchat.co/post/DG5ICXeTca2,王蟲好美 已購買FISKBO🫶,2025年3月7日 星期五 下午5:10,@ikea_taiwan王蟲好美,,2,1,,,https://www.threads.com/@ikea_taiwan/post/DG5NZcCpYzv,"是這個嗎lihi2.com/VdEia
ikea.com.tw
FISKBO - 相框, 白色, 50x70 公分 | IKEA 線上購物",2025年3月7日 星期五 下午5:56,,"FISKBO - 相框, 白色, 50x70 公分 | IKEA 線上購物",4,,,
ceramics.kat,https://www.threads.com/@ceramics.kat/post/DG5KkgsPgrw,準備下單（我的蟲框,2025年3月7日 星期五 下午5:32,@ikea_taiwan準備下單（我的蟲框讚1回覆1轉發分享,,1,1,,,https://www.threads.com/@ikea_taiwan/post/DG5NXN2p5xZ,"也有白色的喔🤍 lihi2.com/VdEia
ikea.com.tw
FISKBO - 相框, 白色, 50x70 公分 | IKEA 線上購物",2025年3月7日 星期五 下午5:56,,"FISKBO - 相框, 白色, 50x70 公分 | IKEA 線上購物",1,,,
fssh.water.4f,https://www.threads.com/@fssh.water.4f/post/DG5LpQCS1WP,可以掛在飲水機旁邊,2025年3月7日 星期五 下午5:41,@ikea_taiwan可以掛在飲水機旁邊讚3回覆1轉發分享,,3,1,,,https://www.threads.com/@ikea_taiwan/post/DG5MGeUpUMc,哪裡都能掛,2025年3月7日 星期五 下午5:45,,,5,,,
p05khf56,https://www.threads.com/@p05khf56/post/DG3N551BZNv,珍惜不到那就攏猴IKEA,2025年3月6日 星期四 下午11:22,@ikea_taiwan珍惜不到那就攏猴IKEA讚16回覆1轉發分享,,16,1,,,https://www.threads.com/@ikea_taiwan/post/DG5L92jpcvw,那會有點遺憾,2025年3月7日 星期五 下午5:44,,,1,,,
leo._.10.14,https://www.threads.com/@leo._.10.14/post/DG3hXKozKB5,連ikea都能讓我破房,2025年3月7日 星期五 上午2:12,@ikea_taiwan,,1,1,,,https://www.threads.com/@ikea_taiwan/post/DG5L666JPPz,🏚️🏚️🏚️,2025年3月7日 星期五 下午5:43,,,,,,
feather.add07,https://www.threads.com/@feather.add07/post/DG5KTufv970,所以買相框會送王蟲嗎？🤣,2025年3月7日 星期五 下午5:29,@ikea_taiwan,,35,1,,,https://www.threads.com/@ikea_taiwan/post/DG5LnXeJWCa,蟲需自備,2025年3月7日 星期五 下午5:41,,,142,,1,6
mongobeef.2311,https://www.threads.com/@mongobeef.2311/post/DG4WmczTjEi,曾經有一堆優質的傢俱擺在我的面前 但是我沒有珍惜⋯我選擇了肉丸🧆,2025年3月7日 星期五 上午9:58,@ikea_taiwan,,4,2,,,https://www.threads.com/@ikea_taiwan/post/DG5HgoIJ7Bi,你肉應該是吃很多了，來看看絕版品吧,2025年3月7日 星期五 下午5:05,,,3,,,
28zm.taurus,https://www.threads.com/@28zm.taurus/post/DG3Wlg2SxYV,懷念以前ikea有賣鐵製的鞋拔 當時想買可是前女友不讓買 後來再去看只剩塑膠的了…,2025年3月7日 星期五 上午12:38,@ikea_taiwan,,1,1,,,https://www.threads.com/@ikea_taiwan/post/DG4esOuSlPd,愛要及時，看到喜歡就要買下去,2025年3月7日 星期五 上午11:08,,,2,,,
dear_twomilk,https://www.threads.com/@dear_twomilk/post/DG3OJlwziE_,所以，我決定晚餐就吃肉丸，好好的珍惜😂,2025年3月6日 星期四 下午11:24,@ikea_taiwan,,2,1,,,https://www.threads.com/@ikea_taiwan/post/DG4egNRSy1P,吃肉丸順便看看絕版品出清吧！,2025年3月7日 星期五 上午11:07,,,2,,,
_esther116_,https://www.threads.com/@_esther116_/post/DG3GLWsz1DC,如果非要在這份愛加上一個期限，我希望是……一萬年……,2025年3月6日 星期四 下午10:15,@ikea_taiwan,,26,1,1,,https://www.threads.com/@ikea_taiwan/post/DG3GkciyFWF,"絕版品出清這份愛的期限只到3月12 lihi2.com/VcJnj
ikea.com.tw
IKEA Family 宜家卡｜宜家卡卡友線上免費申辦，即享IKEA卡友專屬優惠｜IKEA線上購物",2025年3月6日 星期四 下午10:18,,IKEA Family 宜家卡｜宜家卡卡友線上免費申辦，即享IKEA卡友專屬優惠｜IKEA線上購物,12,,,
meowmeowstrawberry.design,https://www.threads.com/@meowmeowstrawberry.design/post/DG3GL5Yyz9z,你以後也不會珍惜，因為你每年都有絕版品出清（喂,2025年3月6日 星期四 下午10:15,@ikea_taiwan,,50,1,,1,https://www.threads.com/@ikea_taiwan/post/DG3GUa0SvhJ,每次都要珍惜🫶🏻,2025年3月6日 星期四 下午10:16,,,19,,,
perihelion_130,https://www.threads.com/@perihelion_130/post/DG3DBHHTEGL,零幀起手怎麼防,2025年3月6日 星期四 下午9:47,@ikea_taiwan,,2,1,,,https://www.threads.com/@ikea_taiwan/post/DG3F8ubyQnd,"不用防，讓你跟絕版品出清相遇🫶🏻 lihi2.com/VcJnj
ikea.com.tw
IKEA Family 宜家卡｜宜家卡卡友線上免費申辦，即享IKEA卡友專屬優惠｜IKEA線上購物",2025年3月6日 星期四 下午10:13,,IKEA Family 宜家卡｜宜家卡卡友線上免費申辦，即享IKEA卡友專屬優惠｜IKEA線上購物,2,,,
badday0116,https://www.threads.com/@badday0116/post/DG3DpBGShYC,看來小編是個有故事的人，我猜是個專情白賢祐或是癡情洪海仁,2025年3月6日 星期四 下午9:53,@ikea_taiwan,,5,1,,,https://www.threads.com/@ikea_taiwan/post/DG3FwRXyMMM,是絕版品出清的故事,2025年3月6日 星期四 下午10:11,,,6,,,
12.edhy_3,https://www.threads.com/@12.edhy_3/post/DG2rDfBSMog,想問小編這香港有嗎🥹,2025年3月6日 星期四 下午6:18,@ikea_taiwan,,2,2,,,https://www.threads.com/@ikea_taiwan/post/DG2rOftJWpB,我幫你敲敲他 @ikeahongkong,2025年3月6日 星期四 下午6:19,,,7,,,
bn_kiii,https://www.threads.com/@bn_kiii/post/DG2WURxSSyP,看到都不忍心轉發了,2025年3月6日 星期四 下午3:17,@ikea_taiwan,"Photo by BN on March 05, 2025.",11,1,,,https://www.threads.com/@ikea_taiwan/post/DG2nC6vpAUq,你要繼續轉發 我們想要888,2025年3月6日 星期四 下午5:43,,"Photo by IKEA Taiwan on March 06, 2025.",9,,,
wind1216,https://www.threads.com/@wind1216/post/DG2g2oAvUG3,@aaaaaaaapin 299妳要買欸！,2025年3月6日 星期四 下午4:49,@ikea_taiwan,,1,1,,,https://www.threads.com/@ikea_taiwan/post/DG2kl7RuJjf,"買了買了 lihi2.com/Bk6Go
ikea.com.tw
把孩子的房間變成室內森林 - IKEA",2025年3月6日 星期四 下午5:21,,把孩子的房間變成室內森林 - IKEA,1,,,
as_tral.0,https://www.threads.com/@as_tral.0/post/DG14lXIvJHb,行銷不錯 要買了,2025年3月6日 星期四 上午10:57,@ikea_taiwan,,,1,,,https://www.threads.com/@ikea_taiwan/post/DG2kc68OarJ,"馬上下單啦！ lihi2.com/Bk6Go
ikea.com.tw
把孩子的房間變成室內森林 - IKEA",2025年3月6日 星期四 下午5:20,,把孩子的房間變成室內森林 - IKEA,,,,
unajpc,https://www.threads.com/@unajpc/post/DG0qxE8B49v,小編不要欺負我！這樣我真的明天翹班去買心心念念的雛菊靠枕🔥,2025年3月5日 星期三 下午11:37,@ikea_taiwan,,1,1,,,https://www.threads.com/@ikea_taiwan/post/DG2kaHwOzao,"來買來買！ lihi2.com/Bk6Go
ikea.com.tw
把孩子的房間變成室內森林 - IKEA",2025年3月6日 星期四 下午5:20,,把孩子的房間變成室內森林 - IKEA,1,,,
asimo818,https://www.threads.com/@asimo818/post/DG2NumRTkKi,都是小編啦⋯⋯ 馬上入手🤣🤣,2025年3月6日 星期四 下午2:02,@ikea_taiwan,"Photo by Asimo Lin on March 05, 2025.",7,1,,,https://www.threads.com/@ikea_taiwan/post/DG2kJrNO4-Q,行動派第一名,2025年3月6日 星期四 下午5:17,,,,,,
wjt_j,https://www.threads.com/@wjt_j/post/DG2Yz1by8OU,一直在放大看墨鏡是真的還是p圖的🤣,2025年3月6日 星期四 下午3:38,@ikea_taiwan,,,1,,,https://www.threads.com/@ikea_taiwan/post/DG2kB5LpFqM,你猜,2025年3月6日 星期四 下午5:16,,,,,,
y1an_10,https://www.threads.com/@y1an_10/post/DG2htDwpZbv,官方你真的好努力啊,2025年3月6日 星期四 下午4:56,@ikea_taiwan,,1,1,,,https://www.threads.com/@ikea_taiwan/post/DG2kA8Bpas7,花花真的很可愛啊,2025年3月6日 星期四 下午5:16,,,,,,
ikeahongkong,https://www.threads.com/@ikeahongkong/post/DG2SZNcynY_,"這是回覆已無法顯示的貼文
IKEA",2025年3月6日 星期四 下午2:42,,,1642,6,1,26,https://www.threads.com/@ikea_taiwan/post/DG2jjcKp7T1,IKEA,2025年3月6日 星期四 下午5:12,,,59,1,,2
buyforu.tw,https://www.threads.com/@buyforu.tw/post/DG1_B3eSiUf,"這是回覆已無法顯示的貼文
連結進不去，找不到頁面，連結過世。",2025年3月6日 星期四 上午11:53,,,,1,,,https://www.threads.com/@ikea_taiwan/post/DG2Aw7AJ93-,"謝你，我清醒，連結復活：lihi2.com/Bk6Go
ikea.com.tw
把孩子的房間變成室內森林 - IKEA",2025年3月6日 星期四 下午12:08,,把孩子的房間變成室內森林 - IKEA,,,,
critong,https://www.threads.com/@critong/post/DG15SctyRYT,毛巾也有賣嗎,2025年3月6日 星期四 上午11:03,@ikea_taiwan,,,1,,,https://www.threads.com/@ikea_taiwan/post/DG195zzJ1wH,有喔 350有找,2025年3月6日 星期四 上午11:43,,,1,,,
auchiehlin,https://www.threads.com/@auchiehlin/post/DG1c_Dqzjj5,IKEA真的是HOME SWEET HOME 😉😉😉👍,2025年3月6日 星期四 上午6:56,@ikea_taiwan,,117,1,,1,https://www.threads.com/@ikea_taiwan/post/DG1zbLLydkH,一定要🏠🍬🏠,2025年3月6日 星期四 上午10:12,,,15,,,
nei.nei_ladys,https://www.threads.com/@nei.nei_ladys/post/DG1tJysTErj,志龍粉決定這禮拜去ikea 吃冰淇淋🍦,2025年3月6日 星期四 上午9:17,@ikea_taiwan,,4,1,,,https://www.threads.com/@ikea_taiwan/post/DG1zYBHyF7t,冰淇淋可能也是時尚單品,2025年3月6日 星期四 上午10:11,,,3,,,
tutu0628,https://www.threads.com/@tutu0628/post/DG1EWVTzkVa,買了😍貓咪很愛,2025年3月6日 星期四 上午3:20,@ikea_taiwan,"Photo by 珊珊33 on March 05, 2025.",15,1,,,https://www.threads.com/@ikea_taiwan/post/DG1zWD0yf1G,貓咪懂穿搭,2025年3月6日 星期四 上午10:11,,,3,,,
twdrinkstore,https://www.threads.com/@twdrinkstore/post/DG0b4-1S6r6,時尚配件,2025年3月5日 星期三 下午9:27,@ikea_taiwan,,6,1,,,https://www.threads.com/@ikea_taiwan/post/DG0d017pL3E,重點是$300有找簡單入手,2025年3月5日 星期三 下午9:44,,,3,,,
rose_y_mary,https://www.threads.com/@rose_y_mary/post/DG0aRzNToln,"這是回覆已無法顯示的貼文
之前去沒有看到ಠoಠ，下次好好找找 好喜歡這個花花餒",2025年3月5日 星期三 下午9:13,,,,1,,,https://www.threads.com/@ikea_taiwan/post/DG0aibyJdFJ,快來找花花同款帶回家,2025年3月5日 星期三 下午9:15,,,,,,
chunxidabianlu,https://www.threads.com/@chunxidabianlu/post/DGzQctfv7Wt,好可愛❤️,2025年3月5日 星期三 上午10:28,@ikea_taiwan,,,1,,,https://www.threads.com/@ikea_taiwan/post/DGzRUGeSxJL,（搖屁屁）,2025年3月5日 星期三 上午10:35,,,,,,
boyun.rao,https://www.threads.com/@boyun.rao/post/DGsOWe0Tgxk,@weidthegreat_,2025年3月2日 星期日 下午4:55,@ikea_taiwan,,3,1,,,https://www.threads.com/@ikea_taiwan/post/DGsPfwOJCmC,"很好躺吧！把他們帶回家繼續躺～ lihi2.com/De7mP
ikea.com.tw
再創低價 ｜IKEA線上購物",2025年3月2日 星期日 下午5:05,,再創低價 ｜IKEA線上購物,1,,,
s.ypp123,https://www.threads.com/@s.ypp123/post/DGrs0Y8SZ4K,躺上去馬上就睡著 超好睡ㄉ,2025年3月2日 星期日 下午12:02,@ikea_taiwan,,,1,,,https://www.threads.com/@ikea_taiwan/post/DGsOyQXJi2b,"那可以來把他們帶回家繼續睡 lihi2.com/De7mP
ikea.com.tw
再創低價 ｜IKEA線上購物",2025年3月2日 星期日 下午4:58,,再創低價 ｜IKEA線上購物,1,1,,
yihanzhou0801,https://www.threads.com/@yihanzhou0801/post/DGr3uFOzNxV,有！在沙发上睡了一个中午很舒服,2025年3月2日 星期日 下午1:37,@ikea_taiwan,,,1,,,https://www.threads.com/@ikea_taiwan/post/DGsOcsGpFsd,那你可以來躺躺看床，也很舒服☺️,2025年3月2日 星期日 下午4:55,,,,,,
fssh.water.4f,https://www.threads.com/@fssh.water.4f/post/DGqKz1wyey8,Ikea的水沒我的好喝,2025年3月1日 星期六 下午9:45,@ikea_taiwan,,91,1,,,https://www.threads.com/@ikea_taiwan/post/DGqO0JyypEA,你來喝喝看,2025年3月1日 星期六 下午10:20,,,43,1,,
carinaxmeng,https://www.threads.com/@carinaxmeng/post/DGqKGZAyCQK,我,2025年3月1日 星期六 下午9:39,@ikea_taiwan,,8,1,,,https://www.threads.com/@ikea_taiwan/post/DGqOiriyLvG,"很舒服齁！那可以趁現在帶他們回家繼續睡😴 lihi2.com/De7mP
ikea.com.tw
再創低價 ｜IKEA線上購物",2025年3月1日 星期六 下午10:18,,再創低價 ｜IKEA線上購物,1,,,
mr.foxy0523,https://www.threads.com/@mr.foxy0523/post/DGqAQHyyrzM,那個枕頭是真的不錯👍 - 支撐力很夠！,2025年3月1日 星期六 下午8:13,@ikea_taiwan,,3,1,,,https://www.threads.com/@ikea_taiwan/post/DGqOcS6yRjP,"那你可以試試看床墊跟被子，也很不錯👍 lihi2.com/De7mP
ikea.com.tw
再創低價 ｜IKEA線上購物",2025年3月1日 星期六 下午10:17,,再創低價 ｜IKEA線上購物,1,,,
pfam_4116_sy,https://www.threads.com/@pfam_4116_sy/post/DGqK4vYBd8D,有機會的話可以去睡一下 （？？ 啊如果有店員問我為什麼會睡在這怎麼辦🥺🥺,2025年3月1日 星期六 下午9:46,@ikea_taiwan,,14,1,,1,https://www.threads.com/@ikea_taiwan/post/DGqOQAJSJZx,你回他說太舒服了，我要帶回家繼續睡，店員會很開心😉,2025年3月1日 星期六 下午10:15,,,18,2,,
mercimerrystep,https://www.threads.com/@mercimerrystep/post/DGqI-qNyknU,香港尖沙咀分店看到的，你們的床一定好好睡😴,2025年3月1日 星期六 下午9:29,@ikea_taiwan,"Photo by Stephanie Lam on March 01, 2025.",100,2,,,https://www.threads.com/@ikea_taiwan/post/DGqODd7y4eF,明天就去躺躺看！順便帶他們回家😆,2025年3月1日 星期六 下午10:13,,,38,,,
xiaohongniu,https://www.threads.com/@xiaohongniu/post/DGp5439zQMu,我在IKEA買回家的床睡掉了無數個夜晚,2025年3月1日 星期六 下午7:17,@ikea_taiwan,,56,1,,1,https://www.threads.com/@ikea_taiwan/post/DGp7GT5Jb8D,"非常好，可以再買個被子跟枕頭 lihi2.com/De7mP
ikea.com.tw
再創低價 ｜IKEA線上購物",2025年3月1日 星期六 下午7:28,,再創低價 ｜IKEA線上購物,25,,,
qek888,https://www.threads.com/@qek888/post/DGp60iiTr0C,淋浴間倒是有,2025年3月1日 星期六 下午7:25,@ikea_taiwan,,237,1,,,https://www.threads.com/@ikea_taiwan/post/DGp7Bz2J9wI,怎麼睡的！？,2025年3月1日 星期六 下午7:27,,,140,,,
cccccccc._.housj,https://www.threads.com/@cccccccc._.housj/post/DGp4tvPvIu5,說出來你會不會把我黑名單🥺🥺,2025年3月1日 星期六 下午7:07,@ikea_taiwan,,129,1,,,https://www.threads.com/@ikea_taiwan/post/DGp5pxCpjEP,"不會啦～明天再來躺躺，再創低價帶他們回家繼續躺😆 lihi2.com/De7mP
ikea.com.tw
再創低價 ｜IKEA線上購物",2025年3月1日 星期六 下午7:15,,再創低價 ｜IKEA線上購物,37,,,
zhi.701308,https://www.threads.com/@zhi.701308/post/DGnfq5uJNn5,最後是呆嗎？,2025年2月28日 星期五 下午8:50,@ikea_taiwan,,,1,,,https://www.threads.com/@ikea_taiwan/post/DGninJIyVkX,"是來！快來買絕版品，賣完就沒了 lihi2.com/uiPyc
ikea.com.tw
IKEA宜家家居線上購物-給你更多居家佈置靈感",2025年2月28日 星期五 下午9:15,,IKEA宜家家居線上購物-給你更多居家佈置靈感,,,,
tc__dzj,https://www.threads.com/@tc__dzj/post/DGlWLSrzx91,不錯喔 cosco 越來越會經營了,2025年2月28日 星期五 上午12:48,@ikea_taiwan,,47,1,,,https://www.threads.com/@ikea_taiwan/post/DGm58jbSU9i,"看來得強行業配 讓你記住我是IKEA lihi2.com/uiPyc
ikea.com.tw
IKEA宜家家居線上購物-給你更多居家佈置靈感",2025年2月28日 星期五 下午3:20,,IKEA宜家家居線上購物-給你更多居家佈置靈感,30,,,
_uyaen,https://www.threads.com/@_uyaen/post/DGlMZPGzVKT,我的桌燈會一閃一閃的😢 怎麼辦,2025年2月27日 星期四 下午11:23,@ikea_taiwan,,1,1,,,https://www.threads.com/@ikea_taiwan/post/DGm5f4XyNgz,"再來買新的 lihi2.com/uiPyc
ikea.com.tw
IKEA宜家家居線上購物-給你更多居家佈置靈感",2025年2月28日 星期五 下午3:16,,IKEA宜家家居線上購物-給你更多居家佈置靈感,,,,
yuyyc_517,https://www.threads.com/@yuyyc_517/post/DGlZ3M8yvlV,請給想出這個點子的人加薪，因為我真的把每一樣商品認真的看完了,2025年2月28日 星期五 上午1:20,@ikea_taiwan,,24,1,,,https://www.threads.com/@ikea_taiwan/post/DGm5R2XS_gE,"謝謝你 大家來買東西我才有機會加薪 lihi2.com/uiPyc
ikea.com.tw
IKEA宜家家居線上購物-給你更多居家佈置靈感",2025年2月28日 星期五 下午3:14,,IKEA宜家家居線上購物-給你更多居家佈置靈感,,,,
bbblll0300,https://www.threads.com/@bbblll0300/post/DGl8DfKTQQN,實體店也有五折嗎,2025年2月28日 星期五 上午6:19,@ikea_taiwan,,3,1,,,https://www.threads.com/@ikea_taiwan/post/DGmjNroyFVw,"當然 等你來逛 lihi2.com/uiPyc
ikea.com.tw
IKEA宜家家居線上購物-給你更多居家佈置靈感",2025年2月28日 星期五 下午12:01,,IKEA宜家家居線上購物-給你更多居家佈置靈感,,,,
pet.dajia,https://www.threads.com/@pet.dajia/post/DGlNHGFzNyt,,2025年2月27日 星期四 下午11:29,@ikea_taiwan,"Photo by 毛小孩當家 on February 27, 2025.",1261,2,1,5,https://www.threads.com/@ikea_taiwan/post/DGlNkW8yK7m,來把絕版品帶回家，順便吃肉丸！,2025年2月27日 星期四 下午11:33,,,484,1,,1
w.w.tzuu,https://www.threads.com/@w.w.tzuu/post/DGlCMX7yDhG,知道了 肉丸店 翻譯,2025年2月27日 星期四 下午9:54,@ikea_taiwan,,7580,8,33,237,https://www.threads.com/@ikea_taiwan/post/DGlCPmTpqdP,我是家具店,2025年2月27日 星期四 下午9:54,,,4085,11,8,39
kaikai_ch,https://www.threads.com/@kaikai_ch/post/DGlBK_2SJJK,燈 碗 桌 椅 猴,2025年2月27日 星期四 下午9:45,@ikea_taiwan,,102,1,,1,https://www.threads.com/@ikea_taiwan/post/DGlCNcMJlv4,沒有猴 那是床啦,2025年2月27日 星期四 下午9:54,,,190,2,,5
qooapp,https://www.threads.com/@qooapp/post/DGlATjmSofA,"第5張的""床""...猩猩的一豎是不是太短了（我沒有在開車",2025年2月27日 星期四 下午9:37,@ikea_taiwan,,65,1,,1,https://www.threads.com/@ikea_taiwan/post/DGlCJp8JyOM,你可以自行想像一下,2025年2月27日 星期四 下午9:53,,,44,1,,
1101_limo,https://www.threads.com/@1101_limo/post/DGj7BfzTaIs,但是我的抽屜很整齊😼,2025年2月27日 星期四 上午11:32,@ikea_taiwan,,2,2,,,https://www.threads.com/@ikea_taiwan/post/DGkCBFhp8Dr,我檢查,2025年2月27日 星期四 下午12:33,,,6,1,,
,https://www.threads.com/@npm_south/post/DGSSBmzJ4-o,npm_south 把喜歡的寶貝，小心翼翼地收進抽屜裡，每件寶都有它專屬的家，我永遠都知道它在那裡等我，好安心，偶爾上手把玩一下，這種幸福感，誰懂？ ：乾隆皇帝 1 / 2,2025年2月20日 星期四 下午3:06,,"Photo by 國立故宮博物院南部院區 on February 19, 2025. | Photo by 國立故宮博物院南部院區 on February 19, 2025. | Photo by 國立故宮博物院南部院區 on February 19, 2025. | Photo by 國立故宮博物院南部院區 on February 19, 2025. | Photo by 國立故宮博物院南部院區 on February 19, 2025.",4575,114,138,237,https://www.threads.com/@ikea_taiwan/post/DGj7oGWJEj4,"你的用很久了，要不要買我這個新的 lihi2.com/RAWRr
ikea.com.tw
SKUBB - 收納盒 6件組, 白色 | IKEA 線上購物",2025年2月27日 星期四 上午11:37,,"SKUBB - 收納盒 6件組, 白色 | IKEA 線上購物",275,4,1,12
w.w.tzuu,https://www.threads.com/@w.w.tzuu/post/DGivcs6yIej,罵到我了 肉丸店,2025年2月27日 星期四 上午12:31,@ikea_taiwan,,669,4,3,15,https://www.threads.com/@ikea_taiwan/post/DGjuLg5SUQg,我沒有罵人啊 這是我觀察到的🤔,2025年2月27日 星期四 上午9:40,,,113,,,
taco0910,https://www.threads.com/@taco0910/post/DGiqboFz95b,可是我抽屜很整齊,2025年2月26日 星期三 下午11:48,@ikea_taiwan,"Photo by 張瑜朋 on February 26, 2025.",18,1,,,https://www.threads.com/@ikea_taiwan/post/DGiufmaJJ5g,"還可以再更好 有買收納盒就完美 lihi2.com/RAWRr
ikea.com.tw
SKUBB - 收納盒 6件組, 白色 | IKEA 線上購物",2025年2月27日 星期四 上午12:23,,"SKUBB - 收納盒 6件組, 白色 | IKEA 線上購物",18,1,,
dogdog40126,https://www.threads.com/@dogdog40126/post/DGit-dZStkF,沒有我找不到的東西，只是要給我時間。（翻箱倒櫃）,2025年2月27日 星期四 上午12:18,@ikea_taiwan,,45,2,,2,https://www.threads.com/@ikea_taiwan/post/DGiuSWvp6TH,"找到都遲到了 還是乖乖收納吧 lihi2.com/RAWRr
ikea.com.tw
SKUBB - 收納盒 6件組, 白色 | IKEA 線上購物",2025年2月27日 星期四 上午12:21,,"SKUBB - 收納盒 6件組, 白色 | IKEA 線上購物",21,,,
pengwenpengwen,https://www.threads.com/@pengwenpengwen/post/DGitbISSow_,我抽屜可能比我整齊,2025年2月27日 星期四 上午12:14,@ikea_taiwan,,13,1,1,,https://www.threads.com/@ikea_taiwan/post/DGitqoXpyEF,有自知之明很好,2025年2月27日 星期四 上午12:16,,,30,,,
qek888,https://www.threads.com/@qek888/post/DGipU1Nzkeb,打開房間就好了,2025年2月26日 星期三 下午11:38,@ikea_taiwan,,174,2,,2,https://www.threads.com/@ikea_taiwan/post/DGip2VRJiiz,那我們先從整理抽屜開始,2025年2月26日 星期三 下午11:42,,,89,,,
love.purple.1048,https://www.threads.com/@love.purple.1048/post/DGb_9vLT857,這次新品算一種 蔬per idol 嗎 🤣,2025年2月24日 星期一 上午9:41,@ikea_taiwan,,2,1,,,https://www.threads.com/@ikea_taiwan/post/DGc4ynZpzV4,蔬的！需要粉絲的支持！,2025年2月24日 星期一 下午5:58,,,1,,,
araliadata,https://www.threads.com/@araliadata/post/DGcIkZtSVLQ,蔬蔬蔬蔬~蔬per Nova🎶 (已經有現成主題曲了🤣),2025年2月24日 星期一 上午10:56,@ikea_taiwan,,,1,,,https://www.threads.com/@ikea_taiwan/post/DGc4tBdpYmH,歡迎來邊吃邊唱,2025年2月24日 星期一 下午5:57,,,,,,
warnermusictw,https://www.threads.com/@warnermusictw/post/DGcWhxOv0tE,公司冰箱裡需要一點（呼叫老闆,2025年2月24日 星期一 下午12:58,@ikea_taiwan,,6,1,,,https://www.threads.com/@ikea_taiwan/post/DGcxK88pl1k,跟老闆一起來吃順便外帶回去٩(˃̶͈̀௰˂̶͈́)و,2025年2月24日 星期一 下午4:51,,,,,,
liguo_handmade,https://www.threads.com/@liguo_handmade/post/DGar3FNhxrX,好像很厲害耶,2025年2月23日 星期日 下午9:26,@ikea_taiwan,,,1,,,https://www.threads.com/@ikea_taiwan/post/DGat4F1ywpS,蔬巴拉系～,2025年2月23日 星期日 下午9:44,,,,,,
good.morning.my.dear.friend,https://www.threads.com/@good.morning.my.dear.friend/post/DGaddn5POv8,這樣會不會變成在吃 蔬kea,2025年2月23日 星期日 下午7:20,@ikea_taiwan,,11,1,,,https://www.threads.com/@ikea_taiwan/post/DGalbTOJ8aB,蔬per好吃蔬食，IKEA 不會蔬,2025年2月23日 星期日 下午8:30,,,4,,,
bmi48_,https://www.threads.com/@bmi48_/post/DGafPbqvjUy,我最愛蔬 per 愛豆的笑容都沒你的甜… 蔬食肉丸 最頂…. 蔬per nova,2025年2月23日 星期日 下午7:36,@ikea_taiwan,,13,1,,,https://www.threads.com/@ikea_taiwan/post/DGakGrBpmMU,我們蔬食新品就是蔬per nova🤩,2025年2月23日 星期日 下午8:18,,,1,,,
rose_y_mary,https://www.threads.com/@rose_y_mary/post/DGahgMXTXM_,IKEA的素肉丸真的好好吃(´∀｀)♡,2025年2月23日 星期日 下午7:56,@ikea_taiwan,,3,1,,,https://www.threads.com/@ikea_taiwan/post/DGaivCIpwou,這次的蔬食新品也都好好吃(˶‾᷄ ⁻̫ ‾᷅˵)♡,2025年2月23日 星期日 下午8:06,,,1,,,
the.uncarved.journal,https://www.threads.com/@the.uncarved.journal/post/DGad67_pU7b,好想吃😋,2025年2月23日 星期日 下午7:24,@ikea_taiwan,,,1,,,https://www.threads.com/@ikea_taiwan/post/DGaeV1UJCuJ,來來來！真的蔬per好吃！,2025年2月23日 星期日 下午7:28,,,2,,,
vincentyjan82,https://www.threads.com/@vincentyjan82/post/DGWJ9NsTINf,喵🐈,2025年2月22日 星期六 上午3:13,@ikea_taiwan,"Photo by Vincent John on February 21, 2025. | Photo by Vincent John on February 21, 2025. | Photo by Vincent John on February 21, 2025. | Photo by Vincent John on February 21, 2025.",6,1,,1,https://www.threads.com/@ikea_taiwan/post/DGW7CY0yGSr,喵喵 喵喵喵😻🫶🏻,2025年2月22日 星期六 上午10:22,,,1,,,
wewetrty,https://www.threads.com/@wewetrty/post/DGVXHsXS9Aa,So cute,2025年2月21日 星期五 下午7:49,@ikea_taiwan,,,1,,1,https://www.threads.com/@ikea_taiwan/post/DGV5mOLyWWj,喵喵🙏,2025年2月22日 星期六 上午12:50,,,1,,,
meichen_lin120,https://www.threads.com/@meichen_lin120/post/DGVlTy_y7xV,經典躺椅🤣,2025年2月21日 星期五 下午9:53,@ikea_taiwan,"Photo by 🅼🅴🅸🅲🅷🅴🅽 🅻🅸🅽 on February 21, 2025.",15,1,,,https://www.threads.com/@ikea_taiwan/post/DGV5h7LyESU,喵🕶️👍,2025年2月22日 星期六 上午12:49,,,2,,,
dailo.ting,https://www.threads.com/@dailo.ting/post/DGV0O0kTW1x,Hello from @imsiuyuenzi 翻譯,2025年2月22日 星期六 上午12:03,@ikea_taiwan,"Photo by dailo.ting on February 21, 2025.",4,1,,,https://www.threads.com/@ikea_taiwan/post/DGV5bZ5yDk4,喵喵🎂🐱💗,2025年2月22日 星期六 上午12:48,,,1,,,
callme21170913,https://www.threads.com/@callme21170913/post/DGVtqe1Pw8F,,2025年2月21日 星期五 下午11:06,@ikea_taiwan,"Photo by 涂家維 on February 21, 2025.",1,1,,,https://www.threads.com/@ikea_taiwan/post/DGV5ZqayBfu,喵喵👍,2025年2月22日 星期六 上午12:48,,,1,,,
foodwa.tw,https://www.threads.com/@foodwa.tw/post/DGVmVfuv7UA,只給稱讚的機會！請說可愛,2025年2月21日 星期五 下午10:02,@ikea_taiwan,"Photo by 福呱 on February 21, 2025.",16,1,,,https://www.threads.com/@ikea_taiwan/post/DGV5YyJy8_-,喵喵😻,2025年2月22日 星期六 上午12:48,,,1,,,
petophiacrystal,https://www.threads.com/@petophiacrystal/post/DGVbQamSUCQ,這也太可愛了喵！,2025年2月21日 星期五 下午8:25,@ikea_taiwan,,1,1,,,https://www.threads.com/@ikea_taiwan/post/DGVfFIYpY4s,喵喵😻,2025年2月21日 星期五 下午8:58,,,1,,,
pei_rou1026,https://www.threads.com/@pei_rou1026/post/DGVSr_-zKaI,喵～～,2025年2月21日 星期五 下午7:10,@ikea_taiwan,"Photo by 微醺楊 on February 21, 2025.",6,1,,,https://www.threads.com/@ikea_taiwan/post/DGVT5Jkpdkp,喵嗚😻👍,2025年2月21日 星期五 下午7:20,,,2,,,
,https://www.threads.com/@ikea_taiwan/post/DGVM-_bprOP,ikea_taiwan 喵喵,2025年2月21日 星期五 下午6:21,,,1659,75,39,274,https://www.threads.com/@ikea_taiwan/post/DGVT274JPax,喵😼🫶,2025年2月21日 星期五 下午7:20,,,12,,,
jine_0920,https://www.threads.com/@jine_0920/post/DGN4OEcysJA,想吃草莓冰了,2025年2月18日 星期二 下午10:04,@ikea_taiwan想吃草莓冰了讚2回覆1轉發分享,,2,1,,,https://www.threads.com/@ikea_taiwan/post/DGN-SUCyAOi,來逛絕版品順便吃！,2025年2月18日 星期二 下午10:57,,,3,,,
yu___200cm,https://www.threads.com/@yu___200cm/post/DGNuS2ST_uS,你們的黃色手拉車可以買嗎，我很需要,2025年2月18日 星期二 下午8:37,@ikea_taiwan你們的黃色手拉車可以買嗎，我很需要讚5回覆2轉發分享,,5,2,,,https://www.threads.com/@ikea_taiwan/post/DGNu_IzpWTK,你可以買架上的絕版品或其他商品👌,2025年2月18日 星期二 下午8:43,,,4,,,
renhow0826,https://www.threads.com/@renhow0826/post/DGMuu93SWHG,「只要你懂IKEAIKEA就會幫你。」 —海龍王彼得沒有說過。,2025年2月18日 星期二 上午11:22,@ikea_taiwan「只要你懂IKEAIKEA就會幫你。」,,7,1,,,https://www.threads.com/@ikea_taiwan/post/DGM8KsAptKS,只要你在意IKEAIKEA就會在意你,2025年2月18日 星期二 下午1:19,,,6,,,
chenlonghow,https://www.threads.com/@chenlonghow/post/DGM4CfZzSnM,200年後的文學家正在研究這篇貼文,2025年2月18日 星期二 下午12:43,@ikea_taiwan200年後的文學家正在研究這篇貼文讚回覆1轉發分享,,,1,,,https://www.threads.com/@ikea_taiwan/post/DGM8DOVpGZO,也是在意IKEA的一種方式,2025年2月18日 星期二 下午1:18,,,2,,,
_eleanor_2024,https://www.threads.com/@_eleanor_2024/post/DGMxyMZzvTQ,我也不在意你會不會在意我有沒有在意你，但我還是會在IKEA。,2025年2月18日 星期二 上午11:48,@ikea_taiwan我也不在意你會不會在意我有沒有在意你，但我還是會在IKEA。讚4回覆1轉發分享,,4,1,,,https://www.threads.com/@ikea_taiwan/post/DGM6aKzJZ6X,我在意你在不在IKEA在意IKEA,2025年2月18日 星期二 下午1:04,,,3,,,
planningtour,https://www.threads.com/@planningtour/post/DGM0ZqWS71Z,好像繞口令🤣 我不在意你，我不在義，我在lkea嗎,2025年2月18日 星期二 下午12:11,@ikea_taiwan好像繞口令🤣,,,1,,,https://www.threads.com/@ikea_taiwan/post/DGM6Ao-JKs7,夠在意，身心就會在IKEA,2025年2月18日 星期二 下午1:00,,,,,,
mokusei1995,https://www.threads.com/@mokusei1995/post/DGMkl65PyUM,中文我看得懂，但是為什麼合在一起我就看不懂了,2025年2月18日 星期二 上午9:53,@ikea_taiwan中文我看得懂，但是為什麼合在一起我就看不懂了讚16回覆1轉發分享,,16,1,,,https://www.threads.com/@ikea_taiwan/post/DGMpCcaSnwa,你在意就在IKEA閱讀就懂,2025年2月18日 星期二 上午10:32,,,8,1,,
belindagotravel,https://www.threads.com/@belindagotravel/post/DGMkSXsTBYY,"我在義大利
belindagotravel",2025年2月18日 星期二 上午9:51,@ikea_taiwan我在義大利已靜音Instagram,,,1,,,https://www.threads.com/@ikea_taiwan/post/DGMkYFnSAiU,你不在IKEA在意在IKEA的我 翻譯,2025年2月18日 星期二 上午9:51,,,1,,,
jie_xi99,https://www.threads.com/@jie_xi99/post/DGMiAhCSe4V,我只在意…..🇸🇪肉丸,2025年2月18日 星期二 上午9:31,@ikea_taiwan我只在意…..🇸🇪肉丸讚回覆1轉發分享,,,1,,,https://www.threads.com/@ikea_taiwan/post/DGMirBzy-j5,你在意的肉丸在IKEA,2025年2月18日 星期二 上午9:36,,,1,,,
elainechiang_1222,https://www.threads.com/@elainechiang_1222/post/DGMe6hqTnfp,我不在IKEA但還是很在意你也很在意IKEA，你怎麼可以在IKEA在意IKEA卻不在IKEA在意我🥺,2025年2月18日 星期二 上午9:04,@ikea_taiwan我不在IKEA但還是很在意你也很在意IKEA，你怎麼可以在IKEA在意IKEA卻不在IKEA在意我🥺讚1回覆1轉發分享,,1,1,,,https://www.threads.com/@ikea_taiwan/post/DGMg5iNyRI_,我在IKEA很在意你也很在意IKEA，你怎麼可以不在IKEA卻說在意在IKEA的我,2025年2月18日 星期二 上午9:21,,,4,,,
owenhung0218,https://www.threads.com/@owenhung0218/post/DGVS9rrhmFQ,喵喵喵喵～喵～（翻譯：我是沼澤喵喵～）,2025年2月21日 星期五 下午7:12,@ikea_taiwan,,1,1,,,https://www.threads.com/@ikea_taiwan/post/DGVT1ijJo6m,喵😼😼,2025年2月21日 星期五 下午7:20,,,1,1,,
moecity_2025,https://www.threads.com/@moecity_2025/post/DGVTGALzLta,喵喵,2025年2月21日 星期五 下午7:13,@ikea_taiwan,"Photo by MOE CITY | 萌城市 on February 21, 2025.",4,1,,,https://www.threads.com/@ikea_taiwan/post/DGVT0eFplmP,喵😻😻😻,2025年2月21日 星期五 下午7:20,,,1,1,,
love_cat_forever1013,https://www.threads.com/@love_cat_forever1013/post/DGVSrR7P0Ge,感謝全家帶起來的良性循環,2025年2月21日 星期五 下午7:10,@ikea_taiwan,,25,1,,,https://www.threads.com/@ikea_taiwan/post/DGVSus9pP9L,喵♻️,2025年2月21日 星期五 下午7:10,,,16,,,
owenhung0218,https://www.threads.com/@owenhung0218/post/DGVSinDh_Sw,,2025年2月21日 星期五 下午7:09,@ikea_taiwan,,23,1,,4,https://www.threads.com/@ikea_taiwan/post/DGVSqcwp4NC,喵？！？！喵喵！！！,2025年2月21日 星期五 下午7:10,,,12,1,,
yamahanazakka,https://www.threads.com/@yamahanazakka/post/DGVSCorTcNk,喵🐈,2025年2月21日 星期五 下午7:04,@ikea_taiwan,,,1,,,https://www.threads.com/@ikea_taiwan/post/DGVSoVGp-K2,喵😡,2025年2月21日 星期五 下午7:09,,"Photo by IKEA Taiwan on February 21, 2025.",9,1,1,1
hikariegao,https://www.threads.com/@hikariegao/post/DGVRtEUSOId,好可愛的廣告,2025年2月21日 星期五 下午7:01,@ikea_taiwan,,2,1,,,https://www.threads.com/@ikea_taiwan/post/DGVScd8Ji0a,喵喵🫶,2025年2月21日 星期五 下午7:08,,,4,,,
fangyistudio,https://www.threads.com/@fangyistudio/post/DGVRtXRP5qR,喵喵喵,2025年2月21日 星期五 下午7:01,@ikea_taiwan,"Photo by FangYi on February 21, 2025.",,1,,,https://www.threads.com/@ikea_taiwan/post/DGVSQMdJAQN,喵？,2025年2月21日 星期五 下午7:06,,"Photo by IKEA Taiwan on February 21, 2025.",14,1,,1
rhbfhlogde98532m,https://www.threads.com/@rhbfhlogde98532m/post/DGVPrJPpCKs,喵喵,2025年2月21日 星期五 下午6:44,@ikea_taiwan,,,1,,,https://www.threads.com/@ikea_taiwan/post/DGVRryppTJT,喵！！,2025年2月21日 星期五 下午7:01,,,1,,,
lantiz731,https://www.threads.com/@lantiz731/post/DGVNJDVS8d-,🐈🐈‍⬛.............,2025年2月21日 星期五 下午6:21,@ikea_taiwan,,1,1,,,https://www.threads.com/@ikea_taiwan/post/DGVNMXqpPF_,喵,2025年2月21日 星期五 下午6:22,,,2,,,
chunxidabianlu,https://www.threads.com/@chunxidabianlu/post/DGMerSEyyrd,你贏了我的心,2025年2月18日 星期二 上午9:02,@ikea_taiwan,,,1,,,https://www.threads.com/@ikea_taiwan/post/DGMguS9SpR0,我正在IKEA尋找你在意我的那顆心,2025年2月18日 星期二 上午9:19,,,1,,,
husky9921245,https://www.threads.com/@husky9921245/post/DGMeOD7ypuK,你贏了,2025年2月18日 星期二 上午8:58,@ikea_taiwan,,1,1,,,https://www.threads.com/@ikea_taiwan/post/DGMgacEyrsn,我更在意你在不在IKEA在意我,2025年2月18日 星期二 上午9:17,,,1,,,
happily_3366,https://www.threads.com/@happily_3366/post/DGKr8KVJ13e,努力調了😂,2025年2月17日 星期一 下午4:19,@ikea_taiwan,,,1,,,https://www.threads.com/@ikea_taiwan/post/DGK-mTvJIr6,有努力已經很棒了！剩下的就交給我們的鬧鐘吧,2025年2月17日 星期一 下午7:02,,,,,,
21cen.tury,https://www.threads.com/@21cen.tury/post/DGJKOBQyQgf,完惹作息這個東西就是硬上,2025年2月17日 星期一 上午2:05,@ikea_taiwan,,,1,,,https://www.threads.com/@ikea_taiwan/post/DGK-eDspVvR,硬上就是要有超多鬧鐘,2025年2月17日 星期一 下午7:01,,,,,,
jerry_0707__,https://www.threads.com/@jerry_0707__/post/DGJLKIdTWZ_,現在2.13 早八人還沒睡,2025年2月17日 星期一 上午2:13,@ikea_taiwan,,1,1,,,https://www.threads.com/@ikea_taiwan/post/DGK-bVnJLky,今晚可以早點睡,2025年2月17日 星期一 下午7:00,,,,,,
tang_yx1998,https://www.threads.com/@tang_yx1998/post/DGKAgkjz8WG,8：00上班 17：00下班 18：30上課 最晚22點回家🫠🫠 開學又上班的我真的是死亡作息 只要禮拜天是我真正意義上的休息日，睡爆！,2025年2月17日 星期一 上午9:59,@ikea_taiwan,,,1,,,https://www.threads.com/@ikea_taiwan/post/DGK-ZZxpxk_,哇好累！辛苦了～你可能需要很多鬧鐘來幫助你早起,2025年2月17日 星期一 下午7:00,,,,,,
coco_01097,https://www.threads.com/@coco_01097/post/DGKYY6NpZKO,我快笑死繼續玩的下場早8課沒去到🤣,2025年2月17日 星期一 下午1:28,@ikea_taiwan,,,1,,,https://www.threads.com/@ikea_taiwan/post/DGK-WAppDUQ,你可能需要很多鬧鐘,2025年2月17日 星期一 下午7:00,,,1,1,,
paul363185525,https://www.threads.com/@paul363185525/post/DGJJ0yVT7Rx,在上班,2025年2月17日 星期一 上午2:02,@ikea_taiwan,,,1,,,https://www.threads.com/@ikea_taiwan/post/DGKXvjmJb3-,優秀,2025年2月17日 星期一 下午1:22,,,,,,
shark_931127,https://www.threads.com/@shark_931127/post/DGJUm5dTj63,沒有,2025年2月17日 星期一 上午3:36,@ikea_taiwan,,4,2,,,https://www.threads.com/@ikea_taiwan/post/DGKXnytpzg3,加油～還是要早點睡！,2025年2月17日 星期一 下午1:21,,,1,,,
omen._.0523,https://www.threads.com/@omen._.0523/post/DGJIrDVyvcp,在ikea感覺比較好睡,2025年2月17日 星期一 上午1:52,@ikea_taiwan,,,1,,,https://www.threads.com/@ikea_taiwan/post/DGKXj_5JYiq,歡迎,2025年2月17日 星期一 下午1:21,,,,,,
ipurpleu__330,https://www.threads.com/@ipurpleu__330/post/DGJY9JgTZzi,凌晨4點還沒睡 簽,2025年2月17日 星期一 上午4:14,@ikea_taiwan,,6,1,,,https://www.threads.com/@ikea_taiwan/post/DGKXiy3p00M,你會需要很多鬧鐘叫你起床,2025年2月17日 星期一 下午1:21,,,,1,,
d_07_18,https://www.threads.com/@d_07_18/post/DGFw0R_pUti,沒關係 真的沒關係,2025年2月15日 星期六 下午6:25,@ikea_taiwan,,,1,,,https://www.threads.com/@ikea_taiwan/post/DGKXh9mp-h_,錯過絕版品就有關係了,2025年2月17日 星期一 下午1:21,,,,,,
jdudsstore,https://www.threads.com/@jdudsstore/post/DGKLYTRPfV2,沒在睡的🤪,2025年2月17日 星期一 上午11:34,@ikea_taiwan,,,1,,,https://www.threads.com/@ikea_taiwan/post/DGKXgh3J_Ha,小心肝,2025年2月17日 星期一 下午1:20,,,1,,,
cookie772492,https://www.threads.com/@cookie772492/post/DGGSKgpyu_h,付了錢還不是我的怎麼辦？,2025年2月15日 星期六 下午11:17,@ikea_taiwan,,,1,,,https://www.threads.com/@ikea_taiwan/post/DGKXPgSpQmc,來IKEA買絕版品只要付錢就是你￼的,2025年2月17日 星期一 下午1:18,,,,,,
jine_0920,https://www.threads.com/@jine_0920/post/DGJFiN4SdWf,請假去逛IKEA,2025年2月17日 星期一 上午1:24,@ikea_taiwan,,,1,,,https://www.threads.com/@ikea_taiwan/post/DGKWL9LJvMs,雖然不鼓勵這樣，但你來我會很開心,2025年2月17日 星期一 下午1:09,,,2,,,
54_1_j,https://www.threads.com/@54_1_j/post/DGI7426Sb5a,早八要早起也算死亡作息啊,2025年2月17日 星期一 上午12:00,@ikea_taiwan,,1,1,,1,https://www.threads.com/@ikea_taiwan/post/DGI8O1mSGpY,早睡早起身體好,2025年2月17日 星期一 上午12:03,,,1,,,
,https://www.threads.com/@ikea_taiwan/post/DGInkvBpVcA,ikea_taiwan 明天開學的大學生、還有要上班的上班族 死亡作息調好了嗎？ 今天打算幾點睡？ 1 / 2,2025年2月16日 星期日 下午9:02,,,4680,93,133,283,https://www.threads.com/@ikea_taiwan/post/DGI8G_4ycwm,"這個鬧鐘很適合明天叫醒你
ikea_taiwan",2025年2月17日 星期一 上午12:02,,,5,1,,
hsin._.0530,https://www.threads.com/@hsin._.0530/post/DGIsdh8yj3O,沒有:D,2025年2月16日 星期日 下午9:45,,,6,5,,,https://www.threads.com/@ikea_taiwan/post/DGIsyjyJSaK,"早點睡或準備好鬧鐘
ikea_taiwan",2025年2月16日 星期日 下午9:48,,,6,2,1,1
yijheng0106__,https://www.threads.com/@yijheng0106__/post/DGIsC6evD6G,不要提醒我…！！,2025年2月16日 星期日 下午9:41,@ikea_taiwan不要提醒我…！！讚回覆1轉發分享,,,1,,,https://www.threads.com/@ikea_taiwan/post/DGIsLRYptcg,記得調鬧鐘🫰🏻,2025年2月16日 星期日 下午9:43,,,,1,,
ray0wu29,https://www.threads.com/@ray0wu29/post/DGIpRfgBNCK,都還沒回家呢..哈哈..,2025年2月16日 星期日 下午9:17,,,2,1,,,https://www.threads.com/@ikea_taiwan/post/DGIsDXvpB6b,"那你會需要這個鬧鐘
ikea_taiwan",2025年2月16日 星期日 下午9:41,,,5,,,
instagr_carzy_1111,https://www.threads.com/@instagr_carzy_1111/post/DGIqi5Ezb7B,IKEA唯一買的起的東西,2025年2月16日 星期日 下午9:28,@ikea_taiwanIKEA唯一買的起的東西讚7回覆1轉發分享,,7,1,,,https://www.threads.com/@ikea_taiwan/post/DGIrzO2p4B_,那就多買幾個？,2025年2月16日 星期日 下午9:39,,,2,1,,
shiyuan3785,https://www.threads.com/@shiyuan3785/post/DGIrX3hyJeZ,你不要提醒我！！！,2025年2月16日 星期日 下午9:35,@ikea_taiwan你不要提醒我！！！讚回覆1轉發分享,,,1,,,https://www.threads.com/@ikea_taiwan/post/DGIrtlYJrkS,早點睡！明天要早起～加油,2025年2月16日 星期日 下午9:38,,,1,,,
naner_craft,https://www.threads.com/@naner_craft/post/DGIqhrCzV-x,問我打算也沒用 沒一次跟打算一樣睡著的 一定都太晚😭,2025年2月16日 星期日 下午9:28,@ikea_taiwan問我打算也沒用,,4,1,,,https://www.threads.com/@ikea_taiwan/post/DGIrpihJnGn,太晚的話你需要擁有更多鬧鐘,2025年2月16日 星期日 下午9:38,,,,,,
milan940_2_2,https://www.threads.com/@milan940_2_2/post/DGIn-l2vDaj,凌晨5點🥱,2025年2月16日 星期日 下午9:06,@ikea_taiwan凌晨5點🥱讚回覆1轉發分享,,,1,,,https://www.threads.com/@ikea_taiwan/post/DGIoHeipi-4,那你需要很多鬧鐘才可能叫得醒了,2025年2月16日 星期日 下午9:07,,,,,,
zhuans.1.29,https://www.threads.com/@zhuans.1.29/post/DGInhdhyKxy,跟我去IKEA救他敢不敢,2025年2月16日 星期日 下午9:02,@weiz0212跟我去IKEA救他敢不敢讚回覆1轉發分享,,,1,,,https://www.threads.com/@ikea_taiwan/post/DGInzzdJHSE,來救他順便逛絕版品,2025年2月16日 星期日 下午9:04,,,,,,
impeitung,https://www.threads.com/@impeitung/post/DGIV8Xmzrb_,已買 準備回家被情勒👌🏻,2025年2月16日 星期日 下午6:28,@ikea_taiwan已買,"Photo by 𝑻𝒖𝒏𝒈 on February 16, 2025.",4,1,,,https://www.threads.com/@ikea_taiwan/post/DGInuHmpcl8,好棒！行動派！,2025年2月16日 星期日 下午9:04,,,,,,
1snyru,https://www.threads.com/@1snyru/post/DGI7HL2z6gc,嗎呀我需要這東西欸而且才49超好笑,2025年2月16日 星期日 下午11:53,@ikea_taiwan,,,1,,,https://www.threads.com/@ikea_taiwan/post/DGI7_mhSUVn,來IKEA逛逛吧！,2025年2月17日 星期一 上午12:01,,,,,,
haoge.1003,https://www.threads.com/@haoge.1003/post/DGIxnyaz2KM,當然是不睡，直到上課~🤣🤣,2025年2月16日 星期日 下午10:30,@ikea_taiwan,,,1,,,https://www.threads.com/@ikea_taiwan/post/DGI7z_bSIZz,這是打算上課睡覺吧,2025年2月16日 星期日 下午11:59,,,1,,,
gyogo293164,https://www.threads.com/@gyogo293164/post/DGIybK1SOTN,直接請假是唯一正解,2025年2月16日 星期日 下午10:37,@ikea_taiwan,,,1,,,https://www.threads.com/@ikea_taiwan/post/DGI7v2ASwLl,你是聰明人,2025年2月16日 星期日 下午11:59,,,1,,,
yujihak1124,https://www.threads.com/@yujihak1124/post/DGI3vgxSKVd,這是從青埔旁邊桃園燈會的ikea拍的,2025年2月16日 星期日 下午11:24,@ikea_taiwan,"Photo by @yujihak1124 on February 16, 2025.",7,1,,,https://www.threads.com/@ikea_taiwan/post/DGI7twVSaeT,視野真好,2025年2月16日 星期日 下午11:58,,,2,,,
asdfg147789,https://www.threads.com/@asdfg147789/post/DGIxMmvSffZ,你真的是...😍,2025年2月16日 星期日 下午10:26,,,6,1,,,https://www.threads.com/@ikea_taiwan/post/DGIz66CSg5i,"早點睡，IKEA關心你
ikea_taiwan",2025年2月16日 星期日 下午10:50,,,20,,,1
chen_min_ru9208,https://www.threads.com/@chen_min_ru9208/post/DGItSxFPdBQ,小編你閉嘴🫵😡,2025年2月16日 星期日 下午9:52,@ikea_taiwan,,,2,,,https://www.threads.com/@ikea_taiwan/post/DGIvZVsy_He,不要醬子～早點睡呦🫶🏻,2025年2月16日 星期日 下午10:11,,,,,,
haneda_seiya,https://www.threads.com/@haneda_seiya/post/DGIvRMfzwXe,禮拜一沒課超爽,2025年2月16日 星期日 下午10:10,@ikea_taiwan,,4,1,,,https://www.threads.com/@ikea_taiwan/post/DGIvWjgSEM5,那你多一天調作息👏🏻,2025年2月16日 星期日 下午10:10,,,1,,,
yunan_lisa,https://www.threads.com/@yunan_lisa/post/DGIuYuVzhiK,不是幾點睡的問題，是幾點能睡得著的問題😵‍💫,2025年2月16日 星期日 下午10:02,@ikea_taiwan,,,1,,,https://www.threads.com/@ikea_taiwan/post/DGIu0uGS9u8,現在就熄燈看有沒有機會？,2025年2月16日 星期日 下午10:06,,,,1,,
chienchen666,https://www.threads.com/@chienchen666/post/DGItZ3PTAG1,死亡作息是什麼🤣 調成陽間的作習,2025年2月16日 星期日 下午9:53,@ikea_taiwan,,5,1,,,https://www.threads.com/@ikea_taiwan/post/DGIuuReJ5FZ,早上起不來的作息🤓,2025年2月16日 星期日 下午10:05,,,2,,,
rui.tattoo_,https://www.threads.com/@rui.tattoo_/post/DGGgyfxS7AS,倒數第二張感覺有夠大聲,2025年2月16日 星期日 上午1:25,@ikea_taiwan,,,2,,,https://www.threads.com/@ikea_taiwan/post/DGH9b0tp-zO,"大聲讓你知道現在有絕版品 lihi2.com/R7dax
ikea.com.tw
IKEA宜家家居線上購物-給你更多居家佈置靈感",2025年2月16日 星期日 下午2:54,,IKEA宜家家居線上購物-給你更多居家佈置靈感,,,,
,https://www.threads.com/@ikea_taiwan/post/DGFJ0GGpLjn,ikea_taiwan 喜歡的人不一定是你的， 但喜歡的東西買了就是你的。 1 / 2,2025年2月15日 星期六 下午12:45,,"Photo by IKEA Taiwan on February 14, 2025. | Photo by IKEA Taiwan on February 14, 2025. | Photo by IKEA Taiwan on February 14, 2025. | Photo by IKEA Taiwan on February 14, 2025. | Photo by IKEA Taiwan on February 14, 2025. | Photo by IKEA Taiwan on February 14, 2025. | Photo by IKEA Taiwan on February 14, 2025. | Photo by IKEA Taiwan on February 14, 2025. | Photo by IKEA Taiwan on February 14, 2025. | Photo by IKEA Taiwan on February 14, 2025.",4820,87,217,1382,https://www.threads.com/@ikea_taiwan/post/DGH9WFpJ9sd,"不客氣，要來絕版品喔🫶🏻 lihi2.com/R7dax
ikea.com.tw
IKEA宜家家居線上購物-給你更多居家佈置靈感",2025年2月16日 星期日 下午2:53,,IKEA宜家家居線上購物-給你更多居家佈置靈感,7,,,
change___917,https://www.threads.com/@change___917/post/DGHyztXyjTn,很酷耶！,2025年2月16日 星期日 下午1:21,@ikea_taiwan很酷耶！讚1回覆1轉發分享,,1,1,,,https://www.threads.com/@ikea_taiwan/post/DGHzOgXJNjB,"絕版品出清更酷喔！ lihi2.com/R7dax
ikea.com.tw
IKEA宜家家居線上購物-給你更多居家佈置靈感",2025年2月16日 星期日 下午1:25,,IKEA宜家家居線上購物-給你更多居家佈置靈感,,,,
minshuhe,https://www.threads.com/@minshuhe/post/DGG0NAXTL6t,嘿沒關係 IKEA 我一定找人吃爆你熱狗,2025年2月16日 星期日 上午4:14,@ikea_taiwan嘿沒關係,,1,1,,,https://www.threads.com/@ikea_taiwan/post/DGHdH3oSwxY,等你,2025年2月16日 星期日 上午10:12,,,1,,,
cy.______.19,https://www.threads.com/@cy.______.19/post/DGGT31Jyemv,,2025年2月15日 星期六 下午11:32,@ikea_taiwan讚34回覆1轉發分享,"Photo by 瓊稻穗宮源 on February 15, 2025.",34,1,,,https://www.threads.com/@ikea_taiwan/post/DGHctnDSFi_,那你可以出現在IKEA裡面買絕版品,2025年2月16日 星期日 上午10:08,,,9,,,
doorslamtwits,https://www.threads.com/@doorslamtwits/post/DGGCTy3yBHq,IKEA！！ 我討厭你！！ （掩面哭泣～～～～🏃🏻‍♀️‍➡️）,2025年2月15日 星期六 下午8:58,@ikea_taiwanIKEA！！,,1,1,,,https://www.threads.com/@ikea_taiwan/post/DGGEaPtJAZf,"那你喜歡絕版品就好🫶🏻 lihi2.com/R7dax
ikea.com.tw
IKEA宜家家居線上購物-給你更多居家佈置靈感",2025年2月15日 星期六 下午9:17,,IKEA宜家家居線上購物-給你更多居家佈置靈感,,,,
a2255a321,https://www.threads.com/@a2255a321/post/DGFzhR8TVuv,小編你好壞 下次會換什麼劇本,2025年2月15日 星期六 下午6:49,@ikea_taiwan小編你好壞,,,1,,,https://www.threads.com/@ikea_taiwan/post/DGGEV5cJyiK,"敬請期待😆 這次先看絕版品 lihi2.com/R7dax
ikea.com.tw
IKEA宜家家居線上購物-給你更多居家佈置靈感",2025年2月15日 星期六 下午9:16,,IKEA宜家家居線上購物-給你更多居家佈置靈感,,,,
lzzcici,https://www.threads.com/@lzzcici/post/DGF_ysmvsqz,IKEA一定要這樣嗎⋯ 好喜歡！哈哈哈哈哈,2025年2月15日 星期六 下午8:36,,"Photo by IKEA Taiwan on February 14, 2025. | Photo by IKEA Taiwan on February 14, 2025. | Photo by IKEA Taiwan on February 14, 2025. | Photo by IKEA Taiwan on February 14, 2025. | Photo by IKEA Taiwan on February 14, 2025. | Photo by IKEA Taiwan on February 14, 2025. | Photo by IKEA Taiwan on February 14, 2025. | Photo by IKEA Taiwan on February 14, 2025. | Photo by IKEA Taiwan on February 14, 2025. | Photo by IKEA Taiwan on February 14, 2025.",6,1,,,https://www.threads.com/@ikea_taiwan/post/DGGD2t8ped8,"那也要一起喜歡絕版品 lihi2.com/R7dax
ikea.com.tw
IKEA宜家家居線上購物-給你更多居家佈置靈感",2025年2月15日 星期六 下午9:12,,IKEA宜家家居線上購物-給你更多居家佈置靈感,3,,,
sa_sy0816,https://www.threads.com/@sa_sy0816/post/DGFmgYQvF6q,分手快樂..🥹 我忘了我沒對象可以分手,2025年2月15日 星期六 下午4:55,@ikea_taiwan,,,1,,,https://www.threads.com/@ikea_taiwan/post/DGGDke1p5hx,"但你有絕版品可以買 lihi2.com/R7dax
ikea.com.tw
IKEA宜家家居線上購物-給你更多居家佈置靈感",2025年2月15日 星期六 下午9:09,,IKEA宜家家居線上購物-給你更多居家佈置靈感,,,,
1iamm23_,https://www.threads.com/@1iamm23_/post/DGF5xley-Px,再也不逛ikea了,2025年2月15日 星期六 下午7:44,@ikea_taiwan,,1,1,,,https://www.threads.com/@ikea_taiwan/post/DGGDaYjJlIU,"來啦～～現在有絕版品欸！很好逛欸！ lihi2.com/R7dax
ikea.com.tw
IKEA宜家家居線上購物-給你更多居家佈置靈感",2025年2月15日 星期六 下午9:08,,IKEA宜家家居線上購物-給你更多居家佈置靈感,,,,
logan_830829,https://www.threads.com/@logan_830829/post/DGFp5SISQQ1,不能只有我看到,2025年2月15日 星期六 下午5:25,@ikea_taiwan,,2,1,,,https://www.threads.com/@ikea_taiwan/post/DGFxI96pkGc,分享給你更多朋友看到👍,2025年2月15日 星期六 下午6:28,,,,,,
hannnnnnn._.910,https://www.threads.com/@hannnnnnn._.910/post/DGFr0inPcxo,我要去買沙發邀請大家來坐坐了,2025年2月15日 星期六 下午5:42,@_s10_.u,,,1,,,https://www.threads.com/@ikea_taiwan/post/DGFxCXLpsq-,"快來買，你會選到喜歡的 lihi2.com/R7dax
ikea.com.tw
IKEA宜家家居線上購物-給你更多居家佈置靈感",2025年2月15日 星期六 下午6:27,,IKEA宜家家居線上購物-給你更多居家佈置靈感,,,,
taipostman,https://www.threads.com/@taipostman/post/DGDiK3kIiop,拿出證據來看看他是否很開心👀👀,2025年2月14日 星期五 下午9:39,@ikea_taiwan,,1,1,,,https://www.threads.com/@ikea_taiwan/post/DGFwdqdJUm6,他跟我們的絕版品玩得很開心 lihi2.com/sq4yA,2025年2月15日 星期六 下午6:22,,,3,1,1,
yuro_x_x,https://www.threads.com/@yuro_x_x/post/DGDUSnyyXfu,這款產品真心好用 讓學習變得超有趣！ 真的愛上了！,2025年2月14日 星期五 下午7:38,@ikea_taiwan,,,1,,,https://www.threads.com/@ikea_taiwan/post/DGFv-oYJDpg,"這邊有更多會讓你愛上的絕版品 lihi2.com/sq4yA
ikea.com.tw
IKEA宜家家居線上購物-給你更多居家佈置靈感",2025年2月15日 星期六 下午6:18,,IKEA宜家家居線上購物-給你更多居家佈置靈感,,,,
maeveveveeee,https://www.threads.com/@maeveveveeee/post/DGFutpbyBSi,所以买还是不买 买了好像更伤心,2025年2月15日 星期六 下午6:07,@ikea_taiwan,,,1,,,https://www.threads.com/@ikea_taiwan/post/DGFvc7wp_fn,"買到絕版品會很開心 lihi2.com/R7dax
ikea.com.tw
IKEA宜家家居線上購物-給你更多居家佈置靈感",2025年2月15日 星期六 下午6:13,,IKEA宜家家居線上購物-給你更多居家佈置靈感,1,,,
afs30414411,https://www.threads.com/@afs30414411/post/DGFWPiDzMnp,我很喜歡那個蠟燭耶，為什麼要絕版...,2025年2月15日 星期六 下午2:33,@ikea_taiwan,,,1,,,https://www.threads.com/@ikea_taiwan/post/DGFvV-oJIHu,"把握機會快來逛逛，帶他回家 lihi2.com/R7dax
ikea.com.tw
IKEA宜家家居線上購物-給你更多居家佈置靈感",2025年2月15日 星期六 下午6:12,,IKEA宜家家居線上購物-給你更多居家佈置靈感,,,,
yutung0619,https://www.threads.com/@yutung0619/post/DGFY41wvKyZ,IKEA瘋成我喜歡的樣子了,2025年2月15日 星期六 下午2:56,@ikea_taiwan,,13,1,,,https://www.threads.com/@ikea_taiwan/post/DGFuv0Ppq6k,"那你要不要也喜歡一下絕版品🫶🏻 lihi2.com/sq4yA
ikea.com.tw
IKEA宜家家居線上購物-給你更多居家佈置靈感",2025年2月15日 星期六 下午6:07,,IKEA宜家家居線上購物-給你更多居家佈置靈感,1,,,
v_ning0412,https://www.threads.com/@v_ning0412/post/DGFfp4uvCJY,滑個社群 連ikea都在提醒我已經被分手的事實…..,2025年2月15日 星期六 下午3:55,@ikea_taiwan,,76,1,,1,https://www.threads.com/@ikea_taiwan/post/DGFkhqzJKEI,🫂,2025年2月15日 星期六 下午4:38,,,8,,,
keropocky_x,https://www.threads.com/@keropocky_x/post/DGFbD2Opywp,不許再說了,2025年2月15日 星期六 下午3:15,@ikea_taiwan,,3,1,,,https://www.threads.com/@ikea_taiwan/post/DGFhlx5pd2j,"好，那我跟你說IKEA絕版品出清5折起喔！ lihi2.com/R7dax
ikea.com.tw
IKEA宜家家居線上購物-給你更多居家佈置靈感",2025年2月15日 星期六 下午4:12,,IKEA宜家家居線上購物-給你更多居家佈置靈感,1,,,
xoxodee0019,https://www.threads.com/@xoxodee0019/post/DGFctLGSZV1,"直接被說服了
買！我都買！",2025年2月15日 星期六 下午3:30,@ikea_taiwan,,,1,,,https://www.threads.com/@ikea_taiwan/post/DGFeYB6pJy_,謝謝你 要買要快🫰🏻,2025年2月15日 星期六 下午3:44,,,,,,
stormyfeather1011,https://www.threads.com/@stormyfeather1011/post/DGFVc_avEOw,太傷感了吧小編，你墨鏡是不是為了遮哭紅的眼,2025年2月15日 星期六 下午2:26,@ikea_taiwan,,11,1,,,https://www.threads.com/@ikea_taiwan/post/DGFWEGZpCI2,"如果沒搶到絕版品，我是真的會哭 lihi2.com/R7dax
ikea.com.tw
IKEA宜家家居線上購物-給你更多居家佈置靈感",2025年2月15日 星期六 下午2:32,,IKEA宜家家居線上購物-給你更多居家佈置靈感,5,,,
sica_little_prince,https://www.threads.com/@sica_little_prince/post/DGFT7b9xeDD,算了我找人弄你,2025年2月15日 星期六 下午2:13,@ikea_taiwan,,12,1,,,https://www.threads.com/@ikea_taiwan/post/DGFVakMppks,不要這樣 我只是在跟大家分享怎麼轉換心情🙂‍↕️,2025年2月15日 星期六 下午2:26,,,8,,,
_esther116_,https://www.threads.com/@_esther116_/post/DGFLGgnTQ1V,看著看著眼淚就流下來了,2025年2月15日 星期六 下午12:56,@ikea_taiwan,,32,1,,,https://www.threads.com/@ikea_taiwan/post/DGFLWt2Jhh7,別難過，當你看到絕版品的價格你會非常開心,2025年2月15日 星期六 下午12:58,,,43,,,1
merufo_,https://www.threads.com/@merufo_/post/DGDhr8HzSAF,他在為他的演唱會做準備。,2025年2月14日 星期五 下午9:35,@ikea_taiwan,"Photo by ᴄxʏʏ on February 14, 2025.",149,1,,4,https://www.threads.com/@ikea_taiwan/post/DGDkQ_HyBB9,我們尊重歌手的隱私，如果你想找他請來IKEA🙂‍↕️,2025年2月14日 星期五 下午9:57,,,41,,,
,https://www.threads.com/@ikea_taiwan/post/DGDB88mpqTm,ikea_taiwan 他還活著，在IKEA活得好好的。 1 / 2,2025年2月14日 星期五 下午4:57,,"Photo by IKEA Taiwan on February 14, 2025. | Photo by IKEA Taiwan on February 14, 2025. | Photo by IKEA Taiwan on February 14, 2025. | Photo by IKEA Taiwan on February 14, 2025. | Photo by IKEA Taiwan on February 14, 2025. | Photo by IKEA Taiwan on February 14, 2025. | Photo by IKEA Taiwan on February 14, 2025. | Photo by IKEA Taiwan on February 14, 2025. | Photo by IKEA Taiwan on February 14, 2025.",39000,226,1975,8333,https://www.threads.com/@ikea_taiwan/post/DGDceKUSbLx,"你不來絕版品出清就是不愛我 lihi2.com/sq4yA
ikea.com.tw
IKEA宜家家居線上購物-給你更多居家佈置靈感",2025年2月14日 星期五 下午8:49,,IKEA宜家家居線上購物-給你更多居家佈置靈感,20,1,,
tung.neverland,https://www.threads.com/@tung.neverland/post/DGDb05TyAyO,蛤可是我這裡顯示他死了欸,2025年2月14日 星期五 下午8:43,@ikea_taiwan,"Photo by 彤彤追星記 on February 14, 2025.",483,2,,4,https://www.threads.com/@ikea_taiwan/post/DGDcD1nyd6h,你來IKEA看看就知道,2025年2月14日 星期五 下午8:45,,,176,,,
liu.yomisana,https://www.threads.com/@liu.yomisana/post/DGDS0b2Bte-,他活著就好，但不要出現在我房間，早上起來會嚇鼠,2025年2月14日 星期五 下午7:25,@ikea_taiwan,,19,1,,,https://www.threads.com/@ikea_taiwan/post/DGDWTgwJw7k,如果你沒來買IKEA絕版品 他可能就會出現在你房間 lihi2.com/sq4yA,2025年2月14日 星期五 下午7:55,,"Photo by IKEA Taiwan on February 14, 2025.",291,1,3,19
bonniebonnyx,https://www.threads.com/@bonniebonnyx/post/DGDPKKbhHtq,你好，我是Duo，我沒有死，我現在被囚禁在IKEA，還差5000元就能出來，你現在幫幫我，我承諾讓你免費試用付費版3個月，並且不會情勒你，謝謝。,2025年2月14日 星期五 下午6:53,@ikea_taiwan,,1176,3,20,55,https://www.threads.com/@ikea_taiwan/post/DGDVgCIJKnN,"絕版品出清五折起，如果愛我就買我 lihi2.com/sq4yA
ikea.com.tw
IKEA宜家家居線上購物-給你更多居家佈置靈感",2025年2月14日 星期五 下午7:48,,IKEA宜家家居線上購物-給你更多居家佈置靈感,3,,,
lipton00417,https://www.threads.com/@lipton00417/post/DGDNyrtvni_,請問買了會不會被恐嚇 因為知道我在哪😂,2025年2月14日 星期五 下午6:41,@ikea_taiwan,,2,1,,,https://www.threads.com/@ikea_taiwan/post/DGDUJTWJkam,不會，他會跟你從此過著幸福快樂的日子,2025年2月14日 星期五 下午7:36,,,5,,,
jason2008jaso504,https://www.threads.com/@jason2008jaso504/post/DGDQXrNJFCf,所以你們到底是唸IKEA還是IKEA,2025年2月14日 星期五 下午7:03,@ikea_taiwan,,7,1,,,https://www.threads.com/@ikea_taiwan/post/DGDTfonptLl,IKEA,2025年2月14日 星期五 下午7:31,,,55,,,
yorker1224,https://www.threads.com/@yorker1224/post/DGDTOZSTRzb,請問有出眼睛畫叉叉的版本嗎？,2025年2月14日 星期五 下午7:28,@ikea_taiwan,,7,1,,,https://www.threads.com/@ikea_taiwan/post/DGDTXVMpWim,目前還活著！,2025年2月14日 星期五 下午7:29,,,12,1,,
meihui79,https://www.threads.com/@meihui79/post/DGDMV_MT3Gv,那就不用急著去見他,2025年2月14日 星期五 下午6:28,@ikea_taiwan,,2,1,,,https://www.threads.com/@ikea_taiwan/post/DGDMrkapghk,"那要急著來看絕版品出清 lihi2.com/sq4yA
ikea.com.tw
IKEA宜家家居線上購物-給你更多居家佈置靈感",2025年2月14日 星期五 下午6:31,,IKEA宜家家居線上購物-給你更多居家佈置靈感,3,,,
run_rum_run,https://www.threads.com/@run_rum_run/post/DGDLSqqvpHe,逛個IKEA還要叫我學芬蘭語🤢🤢🤢,2025年2月14日 星期五 下午6:19,@ikea_taiwan,,221,1,,11,https://www.threads.com/@ikea_taiwan/post/DGDMWGvprtB,那個，我瑞典來的啦,2025年2月14日 星期五 下午6:28,,,816,1,,15
seanmo9597,https://www.threads.com/@seanmo9597/post/DGDJj2Cz4ie,居然都沒發現他在IKEA!! 千萬不能讓我兒子看到🫣,2025年2月14日 星期五 下午6:04,@ikea_taiwan,,8,1,,,https://www.threads.com/@ikea_taiwan/post/DGDJ-OeJwLV,"那可以來看絕版品出清 lihi2.com/sq4yA
ikea.com.tw
IKEA宜家家居線上購物-給你更多居家佈置靈感",2025年2月14日 星期五 下午6:07,,IKEA宜家家居線上購物-給你更多居家佈置靈感,3,,,
caxyz0920,https://www.threads.com/@caxyz0920/post/DGDHWgFziRw,笑死～～ 情勒大師好好的活在IKEA 最近是不是別去比較好（抖） 1 / 2,2025年2月14日 星期五 下午5:45,,"Photo by IKEA Taiwan on February 14, 2025. | Photo by IKEA Taiwan on February 14, 2025. | Photo by IKEA Taiwan on February 14, 2025. | Photo by IKEA Taiwan on February 14, 2025. | Photo by IKEA Taiwan on February 14, 2025. | Photo by IKEA Taiwan on February 14, 2025. | Photo by IKEA Taiwan on February 14, 2025. | Photo by IKEA Taiwan on February 14, 2025. | Photo by IKEA Taiwan on February 14, 2025.",9,3,,4,https://www.threads.com/@ikea_taiwan/post/DGDJzFgpiNQ,來啦！可以來看看他，而且現在有絕版品出清喔😍,2025年2月14日 星期五 下午6:06,,,5,,,
kyauocd,https://www.threads.com/@kyauocd/post/DGDJAnfpAYB,Duolingo 可唔可以教我到底係讀ikea定係ikea,2025年2月14日 星期五 下午5:59,@ikea_taiwan,,7,1,,,https://www.threads.com/@ikea_taiwan/post/DGDJW8cpe-w,我都唸IKEA,2025年2月14日 星期五 下午6:02,,,23,,,
mr_gmap,https://www.threads.com/@mr_gmap/post/DGDHkn9hWvR,行銷鬼才,2025年2月14日 星期五 下午5:46,@ikea_taiwan,,19,1,,,https://www.threads.com/@ikea_taiwan/post/DGDJEXkJpyI,啵冰！,2025年2月14日 星期五 下午6:00,,,39,1,,
isnt_hollow,https://www.threads.com/@isnt_hollow/post/DGDIRn6S2DG,這波宣傳厲害了！！！,2025年2月14日 星期五 下午5:53,@ikea_taiwan,,9,1,,,https://www.threads.com/@ikea_taiwan/post/DGDI5djJQ8m,你可以來IKEA找他玩,2025年2月14日 星期五 下午5:58,,,11,,,
ronald_reagan_but_liberal,https://www.threads.com/@ronald_reagan_but_liberal/post/DGDIwn7zVBw,所以其實是你們綁架了牠？,2025年2月14日 星期五 下午5:57,@ikea_taiwan,,428,1,,3,https://www.threads.com/@ikea_taiwan/post/DGDI3PhJ4U6,他自己飛來的,2025年2月14日 星期五 下午5:58,,,561,1,,6
buehueelang,https://www.threads.com/@buehueelang/post/DGDIdRePKcE,但是他要出清了,2025年2月14日 星期五 下午5:54,@ikea_taiwan,,,1,,,https://www.threads.com/@ikea_taiwan/post/DGDIiBYp3mG,他沒有！他還在！是其他商品🥹 lihi2.com/sq4yA,2025年2月14日 星期五 下午5:55,,,14,,,
chiehshin.jc,https://www.threads.com/@chiehshin.jc/post/DGDGNU0MxPC,這籃子有情勒的功能嗎,2025年2月14日 星期五 下午5:35,@ikea_taiwan,,1280,1,,14,https://www.threads.com/@ikea_taiwan/post/DGDGUmlpfhJ,有收納功能,2025年2月14日 星期五 下午5:36,,,650,,,6
kuany.ing,https://www.threads.com/@kuany.ing/post/DGDDUzwyqA-,還持續情勒大家嗎？,2025年2月14日 星期五 下午5:09,@ikea_taiwan,,114,1,,,https://www.threads.com/@ikea_taiwan/post/DGDGERcpTE1,持續倡導來IKEA消費,2025年2月14日 星期五 下午5:33,,,92,,,
vocus.official,https://www.threads.com/@vocus.official/post/DGDFc1kROdV,系KEA 😢,2025年2月14日 星期五 下午5:28,@ikea_taiwan,,1236,1,5,53,https://www.threads.com/@ikea_taiwan/post/DGDF-NxprrE,他在IKEA跟大家玩得很開心啦,2025年2月14日 星期五 下午5:32,,,204,,,
anna.__.1101,https://www.threads.com/@anna.__.1101/post/DGDBHAFS6s9,草莓冰淇淋好吃嗎(✪ω✪),2025年2月14日 星期五 下午4:50,@ikea_taiwan,,,1,,,https://www.threads.com/@ikea_taiwan/post/DGDEf3YJMJ6,好吃！快來吃！,2025年2月14日 星期五 下午5:20,,,1,,,
nihomade,https://www.threads.com/@nihomade/post/DGDBL8vzl7h,抱歉，女友不愛吃ikea，但我好愛🤩（她只愛逛）😛,2025年2月14日 星期五 下午4:51,@ikea_taiwan,,3,1,,,https://www.threads.com/@ikea_taiwan/post/DGDEeTZJe_H,那你可以帶她來逛，順便吃東西👍,2025年2月14日 星期五 下午5:19,,,1,,,
sabrinawst,https://www.threads.com/@sabrinawst/post/DGDC0PGJedK,果然是車禍，都扁了,2025年2月14日 星期五 下午5:05,@ikea_taiwan,,169,1,,,https://www.threads.com/@ikea_taiwan/post/DGDDQlUpDXA,他只是在休息,2025年2月14日 星期五 下午5:09,,,98,,,
good.morning.my.dear.friend,https://www.threads.com/@good.morning.my.dear.friend/post/DGDCQQHv25V,阿彌陀佛,2025年2月14日 星期五 下午5:00,@ikea_taiwan,,27,1,,,https://www.threads.com/@ikea_taiwan/post/DGDC-9Fp53D,他還健在,2025年2月14日 星期五 下午5:06,,,27,1,,
chingyatea.tw,https://www.threads.com/@chingyatea.tw/post/DGCqeMFSxjA,你們的濃湯好好喝！,2025年2月14日 星期五 下午1:32,@ikea_taiwan,,,1,,,https://www.threads.com/@ikea_taiwan/post/DGCv-NjpKge,其他東西也很好吃！,2025年2月14日 星期五 下午2:20,,,,,,
7.7double,https://www.threads.com/@7.7double/post/DGCvW8hTOR4,@iruka_0729 @0w0_1214 吃IKEA！,2025年2月14日 星期五 下午2:15,@ikea_taiwan,,5,3,,,https://www.threads.com/@ikea_taiwan/post/DGCv8VMJ8tl,大家手牽手一起來,2025年2月14日 星期五 下午2:20,,,1,,,
wesley.adventure,https://www.threads.com/@wesley.adventure/post/DGCnw-cPQrx,連結無法...,2025年2月14日 星期五 下午1:09,@ikea_taiwan,,,1,,,https://www.threads.com/@ikea_taiwan/post/DGCoUjzJIb_,我用愛修復好了 你再試試看,2025年2月14日 星期五 下午1:13,,,,,,
_esther116_,https://www.threads.com/@_esther116_/post/DGCmtLEzp1O,學會了,2025年2月14日 星期五 下午12:59,@ikea_taiwan,,1,2,,,https://www.threads.com/@ikea_taiwan/post/DGCnWt4JvF1,推薦你新品，好吃。,2025年2月14日 星期五 下午1:05,,"Photo by IKEA Taiwan on February 13, 2025.",3,,,1
planningtour,https://www.threads.com/@planningtour/post/DGAmAQ7SuDm,不是說好明天情人節吃大餐嗎,2025年2月13日 星期四 下午6:15,@ikea_taiwan,,,1,,,https://www.threads.com/@ikea_taiwan/post/DGAmUpDp-NT,要吃就今天吃,2025年2月13日 星期四 下午6:17,,,,,,
bmi48_,https://www.threads.com/@bmi48_/post/DGAEdZTPcq-,謝謝ikea…讓我遇到超扯帥185 健身韓系帥哥… 結果人家有對象…徹底破防了… 抹茶白玉好吃🎀,2025年2月13日 星期四 下午1:22,@ikea_taiwan,"Photo by 張簡牡丹公主 on February 12, 2025.",18,1,,,https://www.threads.com/@ikea_taiwan/post/DGAmLM0pGhL,大家知道了吧 快來,2025年2月13日 星期四 下午6:16,,,1,,,
badday0116,https://www.threads.com/@badday0116/post/DGAHPSMTZIm,我被外星人抓走了，還好牠說牠只是想問我地球傢俱那一間最好，我跟牠說ikea，牠說牠怕迷路叫我帶牠去，所以等等有飛碟出現在ikea大家別慌張，外星人長的好像金秀賢,2025年2月13日 星期四 下午1:46,@ikea_taiwan,,1,1,,,https://www.threads.com/@ikea_taiwan/post/DGAXvVhpDAX,嗯？,2025年2月13日 星期四 下午4:10,,"Photo by IKEA Taiwan on February 13, 2025.",3,,,
lemon_ning0223,https://www.threads.com/@lemon_ning0223/post/DF_3qUlJqMV,已經在你房間等你了⋯,2025年2月13日 星期四 上午11:30,@ikea_taiwan,,,1,,,https://www.threads.com/@ikea_taiwan/post/DGAWWiRpizr,你在哪一間？我有很多間房間,2025年2月13日 星期四 下午3:58,,,2,1,,
osmond_702,https://www.threads.com/@osmond_702/post/DF_6jxnyzrx,對不起 剛剛經過你發現你還沒醒 晚點再去吃你的冰淇淋,2025年2月13日 星期四 上午11:55,@ikea_taiwan,,,1,,,https://www.threads.com/@ikea_taiwan/post/DGAWKUSpPPC,醒了，快來吃！,2025年2月13日 星期四 下午3:56,,,,1,,
gtv_official_tw,https://www.threads.com/@gtv_official_tw/post/DF_8l7WTBZF,抱歉我還在瑞光路,2025年2月13日 星期四 下午12:13,@ikea_taiwan,,3,2,,,https://www.threads.com/@ikea_taiwan/post/DGAV_RqpkHr,內湖店離你很近，快來！,2025年2月13日 星期四 下午3:55,,,,,,
socool068069,https://www.threads.com/@socool068069/post/DF_4m0VSY4g,等等裝完鎖就到 等我！,2025年2月13日 星期四 上午11:38,@ikea_taiwan,,3,1,,,https://www.threads.com/@ikea_taiwan/post/DF_5h8ypMzb,等你！一定要來喔,2025年2月13日 星期四 上午11:46,,,3,,,
napteazzz,https://www.threads.com/@napteazzz/post/DF_0B--vGAZ,拍些 睡過頭了 剛準備出門⋯,2025年2月13日 星期四 上午10:58,@ikea_taiwan,,13,1,,1,https://www.threads.com/@ikea_taiwan/post/DF_4QjzJBD8,那你可以來我們這邊再睡五分鐘,2025年2月13日 星期四 上午11:35,,,19,,,
klooktw,https://www.threads.com/@klooktw/post/DF_y4p3TGdV,我以為你要跟我去看櫻花🌸,2025年2月13日 星期四 上午10:48,@ikea_taiwan,,16,1,,,https://www.threads.com/@ikea_taiwan/post/DF_3_wLpTq4,那你來IKEA接我,2025年2月13日 星期四 上午11:33,,,10,,,
usaminjoke,https://www.threads.com/@usaminjoke/post/DF_xEJITfp7,人mokea,2025年2月13日 星期四 上午10:32,@ikea_taiwan,,69,1,,,https://www.threads.com/@ikea_taiwan/post/DF_3Yw1Jyu-,不准 人要到😠,2025年2月13日 星期四 上午11:27,,,5,,,
chunxidabianlu,https://www.threads.com/@chunxidabianlu/post/DF_uGsHvQSC,我到了啊寶貝,2025年2月13日 星期四 上午10:06,@ikea_taiwan,,2,1,,,https://www.threads.com/@ikea_taiwan/post/DF_xTEFSt9c,很棒 要記得辦卡友,2025年2月13日 星期四 上午10:34,,,2,,,
dailybreakfast.official,https://www.threads.com/@dailybreakfast.official/post/DF_uIHvvsFp,我做完早餐馬上就到!!!!!,2025年2月13日 星期四 上午10:06,@ikea_taiwan,,1,1,,,https://www.threads.com/@ikea_taiwan/post/DF_wuA8y0Jk,說到做到歐,2025年2月13日 星期四 上午10:29,,,2,1,,
astrofamily.29636626,https://www.threads.com/@astrofamily.29636626/post/DF_vw-zzgFP,可能是線上見XD,2025年2月13日 星期四 上午10:21,@ikea_taiwan,,,1,,,https://www.threads.com/@ikea_taiwan/post/DF_wl40S45D,來嘛～店裡等你🥺,2025年2月13日 星期四 上午10:28,,,1,,,
trytaolo.abby,https://www.threads.com/@trytaolo.abby/post/DF_vPZPTwVF,寶你情勒技術又昇華了,2025年2月13日 星期四 上午10:16,@ikea_taiwan,,6,1,,1,https://www.threads.com/@ikea_taiwan/post/DF_wkF3yfw1,我是真的很希望你來呀🥹,2025年2月13日 星期四 上午10:28,,,7,1,,
good.morning.my.dear.friend,https://www.threads.com/@good.morning.my.dear.friend/post/DF-NWk7P7EY,專情,2025年2月12日 星期三 下午8:01,@ikea_taiwan,,1,1,,,https://www.threads.com/@ikea_taiwan/post/DF-Ofn0pTZK,我知道你對IKEA專情,2025年2月12日 星期三 下午8:11,,,2,,,
syen_bjd,https://www.threads.com/@syen_bjd/post/DF7z4QaJULC,欸，不是，今天才去唉，告訴我兩天後要特價,2025年2月11日 星期二 下午9:40,@ikea_taiwan,"Photo by @syen_bjd on February 11, 2025.",56,1,,,https://www.threads.com/@ikea_taiwan/post/DF772EFS4l7,來一次不夠就來兩次 完全OK,2025年2月11日 星期二 下午10:49,,,32,1,,
pin_ceramics,https://www.threads.com/@pin_ceramics/post/DFxyAacSsfK,好喜歡在廁所開演唱會 已心動😍,2025年2月8日 星期六 上午12:11,@ikea_taiwan,,,1,,,https://www.threads.com/@ikea_taiwan/post/DFy1mh5S0D7,"把廁所當小巨蛋在唱🕺 lihi2.com/R4aKj
ikea.com.tw
VAPPEBY - 攜帶式藍芽喇叭, 防水/藍色 | IKEA 線上購物",2025年2月8日 星期六 上午10:02,,"VAPPEBY - 攜帶式藍芽喇叭, 防水/藍色 | IKEA 線上購物",1,,,
dreamtrend_tw,https://www.threads.com/@dreamtrend_tw/post/DFyodmDTmC2,太好了 洗頭的時候需要,2025年2月8日 星期六 上午8:07,@ikea_taiwan,,,1,,,https://www.threads.com/@ikea_taiwan/post/DFy082iyKg5,"大唱特唱🎤 lihi2.com/R4aKj
ikea.com.tw
IKEA宜家家居線上購物-給你更多居家佈置靈感",2025年2月8日 星期六 上午9:56,,IKEA宜家家居線上購物-給你更多居家佈置靈感,,,,
anna.__.1101,https://www.threads.com/@anna.__.1101/post/DFxjdTdSps5,吹頭聽不到自己的聲音會走音🤣 我都先按暫停吹完接著爆唱,2025年2月7日 星期五 下午10:04,@ikea_taiwan,,,1,,,https://www.threads.com/@ikea_taiwan/post/DFxj2soSYbx,"有了這個不用暫停直接爆唱🎤 lihi2.com/R4aKj
ikea.com.tw
IKEA宜家家居線上購物-給你更多居家佈置靈感",2025年2月7日 星期五 下午10:07,,IKEA宜家家居線上購物-給你更多居家佈置靈感,1,,,
poshupstore.tw,https://www.threads.com/@poshupstore.tw/post/DFxf-WqPa6Y,要怎麼邊唱歌邊刷牙🤔,2025年2月7日 星期五 下午9:33,@ikea_taiwan,,,1,,,https://www.threads.com/@ikea_taiwan/post/DFxh93dSL9k,刷一下唱兩句😆,2025年2月7日 星期五 下午9:51,,,1,1,,
magical_equestrian,https://www.threads.com/@magical_equestrian/post/DFxf3uPyNwl,好奇想知道唱歌跟刷牙怎麼一起啊🤔,2025年2月7日 星期五 下午9:32,@ikea_taiwan,,4,1,,,https://www.threads.com/@ikea_taiwan/post/DFxh6dsyrbi,想像牙刷是麥克風🎤,2025年2月7日 星期五 下午9:50,,,1,,,
peter_aj1991,https://www.threads.com/@peter_aj1991/post/DFxcnmzTLxM,可以放浴缸嗎？,2025年2月7日 星期五 下午9:04,@ikea_taiwan,,,1,,,https://www.threads.com/@ikea_taiwan/post/DFxc_92yLAB,IP67防水～,2025年2月7日 星期五 下午9:07,,,,,,
momokids_channel,https://www.threads.com/@momokids_channel/post/DFxcr_aTMB7,好奇編編想問🤔 阿都唱什麼歌呀～🤣？ 🖤點編,2025年2月7日 星期五 下午9:05,@ikea_taiwan,,2,1,,,https://www.threads.com/@ikea_taiwan/post/DFxcyUlyVFx,很看心情,2025年2月7日 星期五 下午9:05,,,3,1,,
lantiz731,https://www.threads.com/@lantiz731/post/DFso4wpz-BB,沒看過， 拉長給闆闆， 會知道要裝獎金進去嗎🤔,2025年2月6日 星期四 上午12:15,@ikea_taiwan,,1,1,1,,https://www.threads.com/@ikea_taiwan/post/DFsp9hDyiZG,應該可以再長一點點 從紅色變藍色鈔票,2025年2月6日 星期四 上午12:24,,,2,1,,
abrielleyang,https://www.threads.com/@abrielleyang/post/DFsf54ez6Oh,這個延長可以 但不要提醒這禮拜的上班天數🥲,2025年2月5日 星期三 下午10:57,@ikea_taiwan,,,1,,,https://www.threads.com/@ikea_taiwan/post/DFsp6JWyz5n,好想偷偷幫大家倒數⋯⋯剩ㄙㄢ⋯⋯,2025年2月6日 星期四 上午12:24,,,1,,,
syen_bjd,https://www.threads.com/@syen_bjd/post/DFsVwL2ytrz,這個真的很好用！,2025年2月5日 星期三 下午9:28,@ikea_taiwan,,,1,,,https://www.threads.com/@ikea_taiwan/post/DFsp2aoSJf7,完美吻合抽屜尺寸🤤,2025年2月6日 星期四 上午12:23,,,,,,
ben980621lin,https://www.threads.com/@ben980621lin/post/DFn3up5zSGa,考慮今天起床要不要去ikea 翻譯,2025年2月4日 星期二 上午3:49,@ikea_taiwan,,,1,,,https://www.threads.com/@ikea_taiwan/post/DFo5e3IJEG1,來 都來,2025年2月4日 星期二 下午1:23,,,1,,,
lllorrru,https://www.threads.com/@lllorrru/post/DFnQK_gPe0J,我今天買了 Blackpink Jisoo 的專輯所有版本,2025年2月3日 星期一 下午10:03,@ikea_taiwan,,2,1,,,https://www.threads.com/@ikea_taiwan/post/DFncqMwygYn,開工就這麼有行動力 很好,2025年2月3日 星期一 下午11:52,,,1,,,
yi__liberte,https://www.threads.com/@yi__liberte/post/DFnPO-8SW4L,今天裝好了BESTA！漫畫終於有家了🥺 （又可以再買一堆,2025年2月3日 星期一 下午9:55,@ikea_taiwan,"Photo by Ivy lee on February 03, 2025.",3,1,,,https://www.threads.com/@ikea_taiwan/post/DFnck50SOhQ,太優秀了 翻譯,2025年2月3日 星期一 下午11:51,,,2,,,
tseng_yu_h,https://www.threads.com/@tseng_yu_h/post/DFnUIGMTAIw,其他：獨自面談腸胃性感冒的嘔吐不止+照顧奈奈、騎車去看醫生打疫苗,2025年2月3日 星期一 下午10:37,@ikea_taiwan,,2,1,,,https://www.threads.com/@ikea_taiwan/post/DFncaPoyyS1,早日康復❤️‍🩹,2025年2月3日 星期一 下午11:50,,,3,,,
yibinchen_850930,https://www.threads.com/@yibinchen_850930/post/DFnP0K9y4Yh,這麼晚還要發文喔？小編輪班嗎？,2025年2月3日 星期一 下午10:00,@ikea_taiwan,,,1,,,https://www.threads.com/@ikea_taiwan/post/DFncSP1yMKL,對啊 就陪你聊天啊,2025年2月3日 星期一 下午11:49,,,8,2,,
regina.chen___,https://www.threads.com/@regina.chen___/post/DFkwrb3ynRb,明天可以睡到自然醒嗎？🤣🤣🤣,2025年2月2日 星期日 下午10:49,@ikea_taiwan,,,1,,,https://www.threads.com/@ikea_taiwan/post/DFk4ctVyBRB,那可能要先請假？,2025年2月2日 星期日 下午11:57,,,1,,,
besttour.tw,https://www.threads.com/@besttour.tw/post/DFkuQRozYri,開始安排下次出國旅行😌,2025年2月2日 星期日 下午10:28,@ikea_taiwan,,1,1,,,https://www.threads.com/@ikea_taiwan/post/DFk4Vs0yw3K,行動派👍,2025年2月2日 星期日 下午11:56,,,2,,,
momokids_channel,https://www.threads.com/@momokids_channel/post/DFkyZ5oT_Mm,明天到底要設幾個鬧鐘才能從被窩爬出😭？ 🖤點編,2025年2月2日 星期日 下午11:04,@ikea_taiwan,,,1,,,https://www.threads.com/@ikea_taiwan/post/DFk4RruyiBE,可能要10個以上,2025年2月2日 星期日 下午11:56,,,1,,,
_goblinelder,https://www.threads.com/@_goblinelder/post/DFklVeqSULH,好想躺在VALEVAG雙人獨立筒彈簧床墊，頭下面枕KLUBBSPORRE人體工學枕再蓋上BRUKSVARA雙人特暖被。 （沒有業配）,2025年2月2日 星期日 下午9:10,@ikea_taiwan,,25,2,,1,https://www.threads.com/@ikea_taiwan/post/DFkpWM3yRWN,很懂睡,2025年2月2日 星期日 下午9:45,,,2,,,
good.morning.my.dear.friend,https://www.threads.com/@good.morning.my.dear.friend/post/DFkkaZuzTt9,555555,2025年2月2日 星期日 下午9:02,@ikea_taiwan,"Photo by 親愛的朋友 on February 02, 2025.",15,1,,,https://www.threads.com/@ikea_taiwan/post/DFkktFiyLff,哭完還是要記得起床,2025年2月2日 星期日 下午9:05,,,4,,,
_esther116_,https://www.threads.com/@_esther116_/post/DFQbd01Tw-O,開工一整個禮拜都吃年菜便當🥲,2025年1月26日 星期日 上午1:19,@ikea_taiwan開工一整個禮拜都吃年菜便當🥲讚2回覆1轉發分享,,2,1,,,https://www.threads.com/@ikea_taiwan/post/DFR4NA_pNYk,"那你需要買個便當盒🙂‍↕️ lihi2.com/XGx38
ikea.com.tw
IKEA精選收納85折起！｜IKEA Family 宜家卡｜宜家卡線上免費申辦，即享IKEA卡友專屬優惠｜IKEA線上購物",2025年1月26日 星期日 下午2:49,,IKEA精選收納85折起！｜IKEA Family 宜家卡｜宜家卡線上免費申辦，即享IKEA卡友專屬優惠｜IKEA線上購物,1,,,
tablejoe,https://www.threads.com/@tablejoe/post/DFK5HnZzX9s,提供給 VOGUE 下個月新封面的素材 🤣,2025年1月23日 星期四 下午9:43,@ikea_taiwan提供給,,6,1,,,https://www.threads.com/@ikea_taiwan/post/DFLDlv9Seb9,大家鞋子沒收好的話應該會有很多素材,2025年1月23日 星期四 下午11:14,,,2,,,
cyyang2303,https://www.threads.com/@cyyang2303/post/DFCw9rOS639,原來ikea有出鯨魚玩偶嗎（？,2025年1月20日 星期一 下午5:58,@ikea_taiwan原來ikea有出鯨魚玩偶嗎（？讚回覆1轉發分享,,,1,,,https://www.threads.com/@ikea_taiwan/post/DFC0rPGJR_h,海洋系列都很可愛喔，給個機會,2025年1月20日 星期一 下午6:30,,,1,,,
emily77_____,https://www.threads.com/@emily77_____/post/DFCRUEnz-uB,"小編
ikea 小編 太會跟了吧！ 重點還寫出一篇短文",2025年1月20日 星期一 下午1:21,,"Photo by 蜜莉☀️ on January 19, 2025.",17,3,,,https://www.threads.com/@ikea_taiwan/post/DFCbbZHJ2w2,請大家幫忙評個分吧✍️,2025年1月20日 星期一 下午2:49,,"Photo by IKEA Taiwan on January 19, 2025.",11,1,,
yanyuetongyan,https://www.threads.com/@yanyuetongyan/post/DE-hH1QztkC,錢要飛了的訊息😎,2025年1月19日 星期日 上午2:22,@ikea_taiwan錢要飛了的訊息😎讚回覆1轉發分享,,,1,,,https://www.threads.com/@ikea_taiwan/post/DFCT3pCpVhb,"怎麼會呢 我們買越多送越多🫰🏻賺 lihi2.com/tRjoO
ikea.com.tw
IKEA Family 宜家卡｜宜家卡卡友線上免費申辦，即享IKEA卡友專屬優惠｜IKEA線上購物",2025年1月20日 星期一 下午1:43,,IKEA Family 宜家卡｜宜家卡卡友線上免費申辦，即享IKEA卡友專屬優惠｜IKEA線上購物,,,,
a68ftepu,https://www.threads.com/@a68ftepu/post/DE6l9AVvGZd,這是認真的嗎🤣 魷魚螺肉蒜,2025年1月17日 星期五 下午1:47,,"Photo by JosephT on January 16, 2025.",46,1,2,9,https://www.threads.com/@ikea_taiwan/post/DE6zB3Ypofv,好吃快來,2025年1月17日 星期五 下午3:42,,,28,,,
npm_south,https://www.threads.com/@npm_south/post/DE6VKhlTDHT,清冰箱，注意 有些食材就算放再久，依然濃 醇 香。,2025年1月17日 星期五 上午11:21,,"Photo by 國立故宮博物院南部院區 on January 16, 2025.",1651,49,22,30,https://www.threads.com/@ikea_taiwan/post/DE6il3HJJWO,"用冰箱收納轉盤放這個食材好像不錯 instagram.com/reel…
ikea_taiwan",2025年1月17日 星期五 下午1:18,,,158,2,,29
rethink.tw,https://www.threads.com/@rethink.tw/post/DE6WxZozhiv,"🔸 常見古物：（阿罵說還可以粗啦！）的粽子化石
棉繩、粽葉 👉 一般垃圾 粽子本人 👉 熟廚餘 or 胃 （能不能粗，請自行判斷。）",2025年1月17日 星期五 上午11:35,@ikea_taiwan,"Photo by RE-THINK 重新思考 on January 16, 2025.",14,1,,,https://www.threads.com/@ikea_taiwan/post/DE6iLbvJa4u,"放上來就不會忘記吃 lihi2.com/4CtIL
ikea.com.tw
KLIPPKAKTUS - 旋轉收納盤 | IKEA 線上購物",2025年1月17日 星期五 下午1:14,,KLIPPKAKTUS - 旋轉收納盤 | IKEA 線上購物,2,,,
vcdvcd0214,https://www.threads.com/@vcdvcd0214/post/DE5UQm9zV5m,你沒賣冰箱,2025年1月17日 星期五 上午1:54,@ikea_taiwan,,,1,,,https://www.threads.com/@ikea_taiwan/post/DE6hfxTJvpy,"我有賣冰箱收納轉盤🫰🏻 lihi2.com/4CtIL
ikea.com.tw
KLIPPKAKTUS - 旋轉收納盤 | IKEA 線上購物",2025年1月17日 星期五 下午1:08,,KLIPPKAKTUS - 旋轉收納盤 | IKEA 線上購物,1,,,
opmmnbtc,https://www.threads.com/@opmmnbtc/post/DEz-BsVS3DQ,Ikea編歡迎加入脆,2025年1月15日 星期三 上午12:03,@ikea_taiwan,,2,1,,,https://www.threads.com/@ikea_taiwan/post/DE11AkUJ17T,"你好啊 lihi2.com/wlozN
ikea.com.tw
IKEA Family 宜家卡｜宜家卡卡友線上免費申辦，即享IKEA卡友專屬優惠｜IKEA線上購物",2025年1月15日 星期三 下午5:23,,IKEA Family 宜家卡｜宜家卡卡友線上免費申辦，即享IKEA卡友專屬優惠｜IKEA線上購物,1,,,
latz.2024,https://www.threads.com/@latz.2024/post/DE1nrFxTYYQ,沒搶到票人生好難,2025年1月15日 星期三 下午3:26,@ikea_taiwan,,,1,,,https://www.threads.com/@ikea_taiwan/post/DE10-JpJcPZ,"辛苦了 搶折扣可能簡單很多 lihi2.com/wlozN
ikea.com.tw
IKEA Family 宜家卡｜宜家卡卡友線上免費申辦，即享IKEA卡友專屬優惠｜IKEA線上購物",2025年1月15日 星期三 下午5:22,,IKEA Family 宜家卡｜宜家卡卡友線上免費申辦，即享IKEA卡友專屬優惠｜IKEA線上購物,1,,,
55555_hahahahaha,https://www.threads.com/@55555_hahahahaha/post/DEz5O88PgiK,我上次開車解開煞車踩油門結果衝上人行道,2025年1月14日 星期二 下午11:21,@ikea_taiwan,,8,1,,,https://www.threads.com/@ikea_taiwan/post/DE107GbJCMP,"該解開煞車的是你的購物慾 不是真的煞車🚗⋯⋯ lihi2.com/wlozN
ikea.com.tw
IKEA Family 宜家卡｜宜家卡卡友線上免費申辦，即享IKEA卡友專屬優惠｜IKEA線上購物",2025年1月15日 星期三 下午5:22,,IKEA Family 宜家卡｜宜家卡卡友線上免費申辦，即享IKEA卡友專屬優惠｜IKEA線上購物,,,,
wwbear_1,https://www.threads.com/@wwbear_1/post/DEz74kgSlRf,我看到人生就覺得好難,2025年1月14日 星期二 下午11:44,@ikea_taiwan,,1,1,,,https://www.threads.com/@ikea_taiwan/post/DE102aOJmux,"那買東西應該沒有這麼難？ lihi2.com/wlozN
ikea.com.tw
IKEA Family 宜家卡｜宜家卡卡友線上免費申辦，即享IKEA卡友專屬優惠｜IKEA線上購物",2025年1月15日 星期三 下午5:21,,IKEA Family 宜家卡｜宜家卡卡友線上免費申辦，即享IKEA卡友專屬優惠｜IKEA線上購物,1,,,
i_pavlov.pv,https://www.threads.com/@i_pavlov.pv/post/DE1KWUKPlxs,原來不是大港,2025年1月15日 星期三 上午11:10,@ikea_taiwan,,1,1,,,https://www.threads.com/@ikea_taiwan/post/DE1kTdzpPGp,"是人生哲理還有一湯匙美味的折扣：lihi2.com/wlozN
ikea.com.tw
IKEA Family 宜家卡｜宜家卡卡友線上免費申辦，即享IKEA卡友專屬優惠｜IKEA線上購物",2025年1月15日 星期三 下午2:57,,IKEA Family 宜家卡｜宜家卡卡友線上免費申辦，即享IKEA卡友專屬優惠｜IKEA線上購物,,,,
niaokuxia,https://www.threads.com/@niaokuxia/post/DEz9BPXBKVG,我竟然翻完了,2025年1月14日 星期二 下午11:54,@ikea_taiwan,,1,1,,,https://www.threads.com/@ikea_taiwan/post/DE1kPUPJDZE,"你好棒✨ 記得來逛逛用優惠：lihi2.com/wlozN
ikea.com.tw
IKEA Family 宜家卡｜宜家卡卡友線上免費申辦，即享IKEA卡友專屬優惠｜IKEA線上購物",2025年1月15日 星期三 下午2:56,,IKEA Family 宜家卡｜宜家卡卡友線上免費申辦，即享IKEA卡友專屬優惠｜IKEA線上購物,,,,
dmp_party,https://www.threads.com/@dmp_party/post/DE0DHCbTiZt,人生。傢俱。,2025年1月15日 星期三 上午12:47,@ikea_taiwan,,67,1,,2,https://www.threads.com/@ikea_taiwan/post/DE1kJySJ5DF,"折扣。人生。 lihi2.com/wlozN
ikea.com.tw
IKEA Family 宜家卡｜宜家卡卡友線上免費申辦，即享IKEA卡友專屬優惠｜IKEA線上購物",2025年1月15日 星期三 下午2:55,,IKEA Family 宜家卡｜宜家卡卡友線上免費申辦，即享IKEA卡友專屬優惠｜IKEA線上購物,,,,
koha_17.9,https://www.threads.com/@koha_17.9/post/DEz8UZzyzPp,我現在看到很大的字寫人生我都會以為我大大港開唱又要幹嘛了💀,2025年1月14日 星期二 下午11:48,@ikea_taiwan,,69,1,,1,https://www.threads.com/@ikea_taiwan/post/DE1kG0cJrN8,"其實只是想要推推折扣給大家 lihi2.com/wlozN
ikea.com.tw
IKEA Family 宜家卡｜宜家卡卡友線上免費申辦，即享IKEA卡友專屬優惠｜IKEA線上購物",2025年1月15日 星期三 下午2:55,,IKEA Family 宜家卡｜宜家卡卡友線上免費申辦，即享IKEA卡友專屬優惠｜IKEA線上購物,1,,,
knifesonyu,https://www.threads.com/@knifesonyu/post/DE0sh4iAOCv,所以你搶到大港票嗎？,2025年1月15日 星期三 上午6:49,@ikea_taiwan,,15,1,,,https://www.threads.com/@ikea_taiwan/post/DE1kEZcpgj9,"我的人生在搶的是折扣 lihi2.com/wlozN 翻譯
ikea.com.tw
IKEA Family 宜家卡｜宜家卡卡友線上免費申辦，即享IKEA卡友專屬優惠｜IKEA線上購物",2025年1月15日 星期三 下午2:55,,IKEA Family 宜家卡｜宜家卡卡友線上免費申辦，即享IKEA卡友專屬優惠｜IKEA線上購物,2,,,
norwegian5566,https://www.threads.com/@norwegian5566/post/DE04cIShv1f,還以為IKEA也要跟大港聯名 我一定買爆,2025年1月15日 星期三 上午8:33,@ikea_taiwan,,1,2,,,https://www.threads.com/@ikea_taiwan/post/DE1j_bXJ2L7,"沒有聯名但現在滿6000送600 還是可以買爆 lihi2.com/wlozN
ikea.com.tw
IKEA Family 宜家卡｜宜家卡卡友線上免費申辦，即享IKEA卡友專屬優惠｜IKEA線上購物",2025年1月15日 星期三 下午2:54,,IKEA Family 宜家卡｜宜家卡卡友線上免費申辦，即享IKEA卡友專屬優惠｜IKEA線上購物,1,,,
games326,https://www.threads.com/@games326/post/DEnBPUPyZ_2,還不起床！都幾點了,2025年1月9日 星期四 下午11:21,@ikea_taiwan,,,1,,,https://www.threads.com/@ikea_taiwan/post/DEok7vypmxJ,現在是13:52😘,2025年1月10日 星期五 下午1:52,,,,,,
a2206341,https://www.threads.com/@a2206341/post/DEnGTBezy8K,趕快去洗澡,2025年1月10日 星期五 上午12:05,@ikea_taiwan,,2,1,,,https://www.threads.com/@ikea_taiwan/post/DEok4FfJaSZ,哎唷喂 臭臭,2025年1月10日 星期五 下午1:52,,,,,,
jiu_haomai,https://www.threads.com/@jiu_haomai/post/DEm3wE3ysxh,愛水毋驚流鼻水,2025年1月9日 星期四 下午9:58,@ikea_taiwan,,,1,,,https://www.threads.com/@ikea_taiwan/post/DEoku8Lp_a2,最近很冷穿多點 不然來買我們家被子也不錯,2025年1月10日 星期五 下午1:50,,,1,,,
shi_ying_0623,https://www.threads.com/@shi_ying_0623/post/DEm0SQAv-mM,不要在吃了😤😤,2025年1月9日 星期四 下午9:28,@ikea_taiwan,,,1,,,https://www.threads.com/@ikea_taiwan/post/DEoklT6JMse,吃比瘦更有福,2025年1月10日 星期五 下午1:49,,,1,,,
lccome6923,https://www.threads.com/@lccome6923/post/DEm8NNpzfUS,不要再把內裏的棉被抽起來了！熱了就拿旁邊的毯子蓋就好！,2025年1月9日 星期四 下午10:37,@ikea_taiwan,,,1,,,https://www.threads.com/@ikea_taiwan/post/DEm9fUWy9Ms,這句話有滿滿的愛,2025年1月9日 星期四 下午10:48,,,,,,
max_164961,https://www.threads.com/@max_164961/post/DEm9HTdz3zE,“你怎麼又去Ikea”,2025年1月9日 星期四 下午10:45,@ikea_taiwan,,1,1,,,https://www.threads.com/@ikea_taiwan/post/DEm9cKMSIPa,"謝謝您 再請帶媽媽來逛逛 lihi2.com/SYSSt
ikea.com.tw
IKEA宜家家居線上購物-給你更多居家佈置靈感",2025年1月9日 星期四 下午10:48,,IKEA宜家家居線上購物-給你更多居家佈置靈感,,1,,
torichuuuu,https://www.threads.com/@torichuuuu/post/DEm8ZEHPjV1,去喝水 我今天要看你把這罐喝完,2025年1月9日 星期四 下午10:39,@ikea_taiwan,,,1,,,https://www.threads.com/@ikea_taiwan/post/DEm9VztSK7Q,原來是喝水糾察隊,2025年1月9日 星期四 下午10:47,,,1,,,
linleo0803,https://www.threads.com/@linleo0803/post/DEm7-CzzSms,在外面時 一天到晚往外跑 在家時。 不要整天待在家,2025年1月9日 星期四 下午10:35,@ikea_taiwan,,,1,,,https://www.threads.com/@ikea_taiwan/post/DEm8_DRSrsc,"帶媽媽來IKEA或許就可以解決這個問題🫰🏻 lihi2.com/SYSSt
ikea.com.tw
IKEA宜家家居線上購物-給你更多居家佈置靈感",2025年1月9日 星期四 下午10:44,,IKEA宜家家居線上購物-給你更多居家佈置靈感,,,,
sanfar2013hui,https://www.threads.com/@sanfar2013hui/post/DEmx099ToCV,房間都已經快變豬窩了,2025年1月9日 星期四 下午9:06,@ikea_taiwan,,2,1,,,https://www.threads.com/@ikea_taiwan/post/DEmzG3FSNQS,"是該大掃除一下了 lihi2.com/SYSSt
ikea.com.tw
IKEA宜家家居線上購物-給你更多居家佈置靈感",2025年1月9日 星期四 下午9:18,,IKEA宜家家居線上購物-給你更多居家佈置靈感,1,,,
myc.a.t.s,https://www.threads.com/@myc.a.t.s/post/DEhx9xmTXOk,我家可以放很多貓、再加一張餐桌6張椅子,2025年1月7日 星期二 下午10:31,@ikea_taiwan,,,1,,,https://www.threads.com/@ikea_taiwan/post/DEkEaJ-yUe4,桌子可能也變成貓咪的家,2025年1月8日 星期三 下午7:51,,,1,,,
siuhinng,https://www.threads.com/@siuhinng/post/DEhrLWyP_TU,我的家放得下十張餐桌，但你的心卻放不下我。,2025年1月7日 星期二 下午9:32,@ikea_taiwan,,251,6,3,17,https://www.threads.com/@ikea_taiwan/post/DEjLtDPyHaa,"這張桌子可以放20張，順便收納你愛我的心 lihi2.com/xlf9b
ikea.com.tw
RESARÖ - 活動折疊桌附收納, 松木 | IKEA 線上購物",2025年1月8日 星期三 上午11:35,,"RESARÖ - 活動折疊桌附收納, 松木 | IKEA 線上購物",1,,,
kiki.juyi,https://www.threads.com/@kiki.juyi/post/DEhpqz6TNuQ,我一直在猶豫要不要買啊啊啊🫣 想把我這半圓桌換成那 活動折疊桌附收納,2025年1月7日 星期二 下午9:19,@ikea_taiwan,"Photo by Juyi Lin on January 07, 2025.",,1,,,https://www.threads.com/@ikea_taiwan/post/DEhwkI8SVsV,"超好用！心動不如馬上行動，現在買還會再送$600！ lihi2.com/xlf9b
ikea.com.tw
RESARÖ - 活動折疊桌附收納, 松木 | IKEA 線上購物",2025年1月7日 星期二 下午10:19,,"RESARÖ - 活動折疊桌附收納, 松木 | IKEA 線上購物",1,1,,
genz_podshock2000,https://www.threads.com/@genz_podshock2000/post/DEaSdzOypNn,比較期待第一個星期日（就是今天欸,2025年1月5日 星期日 上午12:41,@ikea_taiwan,,1,1,,,https://www.threads.com/@ikea_taiwan/post/DEaVFBVSr1L,好好珍惜,2025年1月5日 星期日 上午1:04,,,,,,
jin_fang_,https://www.threads.com/@jin_fang_/post/DEaIUsyvA7c,沒有🥹🥹不期待,2025年1月4日 星期六 下午11:13,@ikea_taiwan,,,1,,,https://www.threads.com/@ikea_taiwan/post/DEaIdX2SrSc,其實我也還好 只是想問問大家,2025年1月4日 星期六 下午11:14,,,,,,
cnc._.0618,https://www.threads.com/@cnc._.0618/post/DEaHoQuT3BQ,喔哇好貼心的ikea😊,2025年1月4日 星期六 下午11:07,@ikea_taiwan,,,1,,,https://www.threads.com/@ikea_taiwan/post/DEaHyzpynoL,🫰✨,2025年1月4日 星期六 下午11:08,,,1,,,
besttour.tw,https://www.threads.com/@besttour.tw/post/DEaGO7uzd_Q,被電動沙發吸引到⋯,2025年1月4日 星期六 下午10:55,@ikea_taiwan,,3,1,,,https://www.threads.com/@ikea_taiwan/post/DEaHY6nSH2Z,歡迎來試ㄊㄤˇ試ㄊㄤˇ看,2025年1月4日 星期六 下午11:05,,,3,,,
cnc._.0618,https://www.threads.com/@cnc._.0618/post/DEaGFdATUjl,不，一點都沒有。,2025年1月4日 星期六 下午10:53,@ikea_taiwan,,1,1,,,https://www.threads.com/@ikea_taiwan/post/DEaHT3Uy4mw,是嗎 那還是要好好休息喔,2025年1月4日 星期六 下午11:04,,,1,1,,
j1an99999,https://www.threads.com/@j1an99999/post/DEZ-4Juy6vD,過的一樣爛 想在IKEA的試躺床上過一整天,2025年1月4日 星期六 下午9:50,@ikea_taiwan,,9,1,,,https://www.threads.com/@ikea_taiwan/post/DEaC1p_S61M,來換床也是很歡迎,2025年1月4日 星期六 下午10:25,,,2,1,,
tw_h2m,https://www.threads.com/@tw_h2m/post/DEPIrClhhxK,真的樹不要這麼有創意噎,2024年12月31日 星期二 下午4:44,@ikea_taiwan,,6,1,,1,https://www.threads.com/@ikea_taiwan/post/DEPKjx1JpHm,這樹我對大家的愛的祝福！,2024年12月31日 星期二 下午5:01,,,,,,
ultron.meta,https://www.threads.com/@ultron.meta/post/DEPG_nBJZ5e,可以右邊的文字都改成「錢錢錢錢錢錢錢」嗎？ 或是「鈔鈔鈔鈔鈔鈔」嗎？想當鈔人⋯,2024年12月31日 星期二 下午4:30,@ikea_taiwan,,43,2,,,https://www.threads.com/@ikea_taiwan/post/DEPKaYeprHf,歡迎鈔人來IKEA,2024年12月31日 星期二 下午4:59,,"Photo by IKEA Taiwan on December 31, 2024.",151,1,,1
uyiiwang,https://www.threads.com/@uyiiwang/post/DEEeOuXThkf,過份,2024年12月27日 星期五 下午1:21,@ikea_taiwan過份讚1回覆1轉發分享,,1,1,,,https://www.threads.com/@ikea_taiwan/post/DEFS4_6SV8t,"是指地毯好看的過分嗎 這邊有賣lihi2.com/XKLlY
ikea.com.tw
IKEA宜家家居線上購物-給你更多居家佈置靈感",2024年12月27日 星期五 下午9:01,,IKEA宜家家居線上購物-給你更多居家佈置靈感,,,,
oscar871001,https://www.threads.com/@oscar871001/post/DEC6OiJTjC2,我不想看到那個Die chip,2024年12月26日 星期四 下午10:47,@ikea_taiwan我不想看到那個Die,,,1,,,https://www.threads.com/@ikea_taiwan/post/DEFAt7RpNrs,"有nice carpet lihi2.com/XKLlY 翻譯
ikea.com.tw
IKEA宜家家居線上購物-給你更多居家佈置靈感",2024年12月27日 星期五 下午6:22,,IKEA宜家家居線上購物-給你更多居家佈置靈感,2,,,
jerry110430,https://www.threads.com/@jerry110430/post/DEDHYwzzEiN,圖二的話…..工廠這麼髒，所有部門都不用下班了,2024年12月27日 星期五 上午12:42,@ikea_taiwan圖二的話…..工廠這麼髒，所有部門都不用下班了讚4回覆1轉發分享,,4,1,,,https://www.threads.com/@ikea_taiwan/post/DEFAe6mJQUJ,"放心 地毯是乾淨的 lihi2.com/XKLlY
ikea.com.tw
IKEA宜家家居線上購物-給你更多居家佈置靈感",2024年12月27日 星期五 下午6:20,,IKEA宜家家居線上購物-給你更多居家佈置靈感,2,,,
lee7578kimo,https://www.threads.com/@lee7578kimo/post/DEB_FMcpR9i,2499,2024年12月26日 星期四 下午2:10,@allison.dr.lu2499讚9回覆1轉發分享,,9,1,,,https://www.threads.com/@ikea_taiwan/post/DEFAaJdpJhB,"正解 lihi2.com/XKLlY
ikea.com.tw
IKEA宜家家居線上購物-給你更多居家佈置靈感",2024年12月27日 星期五 下午6:20,,IKEA宜家家居線上購物-給你更多居家佈置靈感,1,,,
misawa606p,https://www.threads.com/@misawa606p/post/DECc7LvS5wZ,包裝含foup嗎？,2024年12月26日 星期四 下午6:31,@ikea_taiwan包裝含foup嗎？讚回覆1轉發分享,,,1,,,https://www.threads.com/@ikea_taiwan/post/DEFAQI1pQcS,"我們的地毯可以用卷的 lihi2.com/XKLlY
ikea.com.tw
IKEA宜家家居線上購物-給你更多居家佈置靈感",2024年12月27日 星期五 下午6:18,,IKEA宜家家居線上購物-給你更多居家佈置靈感,,,,
p7_1209,https://www.threads.com/@p7_1209/post/DEC5jYJy2K4,工程師快要爆炸了,2024年12月26日 星期四 下午10:41,@ikea_taiwan工程師快要爆炸了讚回覆1轉發分享,,,1,,,https://www.threads.com/@ikea_taiwan/post/DEFABa3pvEN,"用地毯壓壓驚 lihi2.com/XKLlY
ikea.com.tw
IKEA宜家家居線上購物-給你更多居家佈置靈感",2024年12月27日 星期五 下午6:16,,IKEA宜家家居線上購物-給你更多居家佈置靈感,,,,
pupu3ui_tyan,https://www.threads.com/@pupu3ui_tyan/post/DEB74rdzLPa,涼了 這批不能賣了,2024年12月26日 星期四 下午1:42,@ikea_taiwan涼了,,16,1,,,https://www.threads.com/@ikea_taiwan/post/DEE_7b8JUoM,"放客廳有別的用途 lihi2.com/XKLlY
ikea.com.tw
IKEA宜家家居線上購物-給你更多居家佈置靈感",2024年12月27日 星期五 下午6:15,,IKEA宜家家居線上購物-給你更多居家佈置靈感,,,,
funny_cc65,https://www.threads.com/@funny_cc65/post/DEB7qvCPldE,不滿意，沒有購買連結,2024年12月26日 星期四 下午1:40,@ikea_taiwan,,,1,,,https://www.threads.com/@ikea_taiwan/post/DECSaVIpunB,"這不就來了嗎！lihi2.com/XKLlY
ikea.com.tw
IKEA宜家家居線上購物-給你更多居家佈置靈感",2024年12月26日 星期四 下午4:59,,IKEA宜家家居線上購物-給你更多居家佈置靈感,4,,,
soul19880429,https://www.threads.com/@soul19880429/post/DECDeWUStos,黑點要自己拼上去嗎？,2024年12月26日 星期四 下午2:49,@ikea_taiwan,,23,1,,1,https://www.threads.com/@ikea_taiwan/post/DECIzhVpsbB,"不用 我們拼好了 lihi2.com/XKLlY
ikea.com.tw
IKEA宜家家居線上購物-給你更多居家佈置靈感",2024年12月26日 星期四 下午3:35,,IKEA宜家家居線上購物-給你更多居家佈置靈感,42,,,
ggffff_12,https://www.threads.com/@ggffff_12/post/DECEDM0yeR4,看到右邊的會想收藏,2024年12月26日 星期四 下午2:54,@ikea_taiwan,,2,1,,,https://www.threads.com/@ikea_taiwan/post/DECIyC8psHa,"收藏由此去lihi2.com/XKLlY
ikea.com.tw
IKEA宜家家居線上購物-給你更多居家佈置靈感",2024年12月26日 星期四 下午3:35,,IKEA宜家家居線上購物-給你更多居家佈置靈感,,,,1
elvis1102,https://www.threads.com/@elvis1102/post/DEB2yS6zqnB,台積墊,2024年12月26日 星期四 下午12:58,@ikea_taiwan,,2931,4,21,69,https://www.threads.com/@ikea_taiwan/post/DEB5rLtprky,"有賣的墊子在這裡lihi2.com/XKLlY
ikea.com.tw
IKEA宜家家居線上購物-給你更多居家佈置靈感",2024年12月26日 星期四 下午1:23,,IKEA宜家家居線上購物-給你更多居家佈置靈感,11,,,
wmmkvd,https://www.threads.com/@wmmkvd/post/DEBzEDZynzW,我想買3奈米製程的,2024年12月26日 星期四 下午12:25,@ikea_taiwan,,433,1,,,https://www.threads.com/@ikea_taiwan/post/DEBzRfTJJLl,"這張地毯是1,950,000,000奈米",2024年12月26日 星期四 下午12:27,,,835,,,4
peter_aj1991,https://www.threads.com/@peter_aj1991/post/DEByZ8hpuk9,抱歉 我覺得前面那張比較好 （有賣嗎,2024年12月26日 星期四 下午12:19,@ikea_taiwan,,6,1,,,https://www.threads.com/@ikea_taiwan/post/DEByhj-psek,抱歉 有賣的是右邊那張lihi2.com/XKLlY,2024年12月26日 星期四 下午12:21,,,1,,,
104student,https://www.threads.com/@104student/post/DEASaz_TXMh,期末考。,2024年12月25日 星期三 下午10:21,@ikea_taiwan,,,1,,,https://www.threads.com/@ikea_taiwan/post/DEAY8EYSjFn,這個我保證你睡整堂課都考100分 maac.io/3aXsm,2024年12月25日 星期三 下午11:18,,,,,,
s2pd.___.wk,https://www.threads.com/@s2pd.___.wk/post/DEAU6ZhzClf,差一點就愛上小編,2024年12月25日 星期三 下午10:43,@ikea_taiwan,,,1,,,https://www.threads.com/@ikea_taiwan/post/DEAXMxnSgA9,你現在沒有愛我嗎💔,2024年12月25日 星期三 下午11:03,,,,,,
bode.and.joy,https://www.threads.com/@bode.and.joy/post/DEARu7PT2Bp,差一點財富自由😆,2024年12月25日 星期三 下午10:15,@ikea_taiwan,,,1,,,https://www.threads.com/@ikea_taiwan/post/DEAWTMqyS8W,羨慕了 我還差很多點,2024年12月25日 星期三 下午10:55,,,,,,
1990.0729,https://www.threads.com/@1990.0729/post/DD7ahw_ByEa,到底嗆我嗆夠沒🥺🥺🥺,2024年12月24日 星期二 上午12:55,@ikea_taiwan,,,1,,,https://www.threads.com/@ikea_taiwan/post/DD8b5c2y46V,單身100分,2024年12月24日 星期二 上午10:27,,"Photo by IKEA Taiwan on December 23, 2024.",,,,
hiya.duck,https://www.threads.com/@hiya.duck/post/DD8GImtzUtX,當然是自己買ikea薑餅 沒人會跟我搶l,2024年12月24日 星期二 上午7:16,@ikea_taiwan,"Photo by DUCK on December 23, 2024.",3,1,,,https://www.threads.com/@ikea_taiwan/post/DD8bxv9yjVO,自己獨享就是爽,2024年12月24日 星期二 上午10:26,,,1,,,
hahawnag,https://www.threads.com/@hahawnag/post/DD8LtIXzsXk,自己逛會不會被抓去做肉丸,2024年12月24日 星期二 上午8:05,@ikea_taiwan,,1,1,,,https://www.threads.com/@ikea_taiwan/post/DD8bvMRykeA,請跟著我們的指示逛賣場,2024年12月24日 星期二 上午10:25,,,1,,,
ershiyoulu,https://www.threads.com/@ershiyoulu/post/DD7Pl1FzI4H,無所謂但希望有人幫我付錢,2024年12月23日 星期一 下午11:20,@ikea_taiwan,,5,1,,,https://www.threads.com/@ikea_taiwan/post/DD7RAleS4tP,相當一針見血,2024年12月23日 星期一 下午11:32,,,2,,,
rigxiao1199,https://www.threads.com/@rigxiao1199/post/DD7QI0hT3hm,我打算在網路上下單（？,2024年12月23日 星期一 下午11:25,@ikea_taiwan,,1,1,,,https://www.threads.com/@ikea_taiwan/post/DD7Q-ReysLH,這樣還是很棒,2024年12月23日 星期一 下午11:32,,,1,1,,1
_8purr,https://www.threads.com/@_8purr/post/DD7PiHlTMzB,聖誕節前夕好多聖誕商品下殺好好買欸，直接為明年聖誕節做準備🥹 兒子等到變這樣,2024年12月23日 星期一 下午11:19,@ikea_taiwan,"Photo by 尾八 on December 23, 2024.",41,2,,,https://www.threads.com/@ikea_taiwan/post/DD7Q0ixy_gC,內行的,2024年12月23日 星期一 下午11:31,,,6,,,
wennyinhouse,https://www.threads.com/@wennyinhouse/post/DD7MYj7z29Z,路癡自己去 會迷路迷到死🥹,2024年12月23日 星期一 下午10:52,@ikea_taiwan,,1,1,,,https://www.threads.com/@ikea_taiwan/post/DD7N2SZS0OC,小心麋鹿 翻譯,2024年12月23日 星期一 下午11:05,,,1,,,
yanze_23,https://www.threads.com/@yanze_23/post/DD7MNiLy9l5,在IKEA 上班看著情侶們逛 大🏚️,2024年12月23日 星期一 下午10:50,@ikea_taiwan,,5,1,,1,https://www.threads.com/@ikea_taiwan/post/DD7MSLFy_xe,單身更幸福 真的,2024年12月23日 星期一 下午10:51,,"Photo by IKEA Taiwan on December 23, 2024.",3,,,
arielsun419,https://www.threads.com/@arielsun419/post/DD7FNW4SN2z,昨天剛去逛完😆,2024年12月23日 星期一 下午9:49,@ikea_taiwan,,,1,,,https://www.threads.com/@ikea_taiwan/post/DD7MNgPy7qo,好耶 聖誕快樂,2024年12月23日 星期一 下午10:50,,,1,,,
leon.macallan18,https://www.threads.com/@leon.macallan18/post/DD7KrzAvNvl,有沒有瑞典￼女朋友賣？,2024年12月23日 星期一 下午10:37,@ikea_taiwan,,1,1,,,https://www.threads.com/@ikea_taiwan/post/DD7MKktSs2b,女朋友會把你肉丸全部吃光 建議自己來,2024年12月23日 星期一 下午10:50,,,,,,
good.morning.my.dear.friend,https://www.threads.com/@good.morning.my.dear.friend/post/DD6_9byTBzq,另一半也要組裝嗎,2024年12月23日 星期一 下午9:03,@ikea_taiwan,,41,1,,,https://www.threads.com/@ikea_taiwan/post/DD7As_USl3h,可能要靠佛系脫魯,2024年12月23日 星期一 下午9:10,,,8,,,
terry_12.03,https://www.threads.com/@terry_12.03/post/DD41rlmS67b,畢業證書🥹,2024年12月23日 星期一 上午12:55,@ikea_taiwan,,,1,,,https://www.threads.com/@ikea_taiwan/post/DD6s_5WpJFo,祝你畢業順利,2024年12月23日 星期一 下午6:18,,,,,,
_goblinelder,https://www.threads.com/@_goblinelder/post/DD54FRmSdXu,你還好意思說，還不是你們店員把我趕走的,2024年12月23日 星期一 上午10:35,@ikea_taiwan,,230,2,,2,https://www.threads.com/@ikea_taiwan/post/DD6OpWrpUp4,就跟你們說了 時間到就要回家,2024年12月23日 星期一 下午1:52,,,72,,,1
aurolia_su19890604,https://www.threads.com/@aurolia_su19890604/post/DD5KoLnTpe3,老公幫我做早餐 或是被老公強行抱走 就會起床,2024年12月23日 星期一 上午3:58,@ikea_taiwan老公幫我做早餐,,3,1,,,https://www.threads.com/@ikea_taiwan/post/DD5xYTRy8zo,這是在炫耀吧,2024年12月23日 星期一 上午9:37,,,4,,,
chicken.ting,https://www.threads.com/@chicken.ting/post/DD5kE_lzaDI,為了買你們家的東西,2024年12月23日 星期一 上午7:40,@ikea_taiwan為了買你們家的東西讚回覆1轉發分享,,,1,,,https://www.threads.com/@ikea_taiwan/post/DD5xKEfShSg,你真暖,2024年12月23日 星期一 上午9:35,,,,,,
vis.lu,https://www.threads.com/@vis.lu/post/DD4qftdzluV,衛生紙不在旁邊,2024年12月22日 星期日 下午11:17,@ikea_taiwan衛生紙不在旁邊讚回覆1轉發分享,,,1,,,https://www.threads.com/@ikea_taiwan/post/DD4rZSKSKPB,"先放在收納袋，就不用下床了 lihi2.com/ahmfM
ikea.com.tw
SILÄNG - 睡床收納袋, 毛氈 | IKEA 線上購物",2024年12月22日 星期日 下午11:25,,"SILÄNG - 睡床收納袋, 毛氈 | IKEA 線上購物",,,,
smallnew_0127,https://www.threads.com/@smallnew_0127/post/DD4k487z3Uz,在IKEA 躺到打烊 店員建議我下床😡,2024年12月22日 星期日 下午10:28,@ikea_taiwan在IKEA,,34,1,,,https://www.threads.com/@ikea_taiwan/post/DD4q644y7bx,該回家還是得回家,2024年12月22日 星期日 下午11:21,,,24,,,
03.20_howard,https://www.threads.com/@03.20_howard/post/DD4c1XDS1Bx,膀胱：👋🏻,2024年12月22日 星期日 下午9:18,@ikea_taiwan膀胱：👋🏻讚54回覆1轉發分享,,54,1,,,https://www.threads.com/@ikea_taiwan/post/DD4dxjzyBes,很不會選時機啊😮‍💨,2024年12月22日 星期日 下午9:26,,,16,,,
orangetw2020,https://www.threads.com/@orangetw2020/post/DD4blu6zVfn,當你舒服躺在床上，是什麼原因必須讓你下床？ ➡️要起床上班了😂,2024年12月22日 星期日 下午9:07,@ikea_taiwan當你舒服躺在床上，是什麼原因必須讓你下床？,,83,1,,,https://www.threads.com/@ikea_taiwan/post/DD4dcltyX9t,好難過的事實 翻譯,2024年12月22日 星期日 下午9:23,,,25,,,
tsukiaka_0u0,https://www.threads.com/@tsukiaka_0u0/post/DD4cP9TPwQb,鬧鐘響到覺得很煩 然後手機放在離床有一段距離的書桌上 ↑這個人把鬧鐘鈴聲設定成直升機迷因 親測叫起床效果1000分,2024年12月22日 星期日 下午9:13,@ikea_taiwan鬧鐘響到覺得很煩,,3,1,,,https://www.threads.com/@ikea_taiwan/post/DD4daikSms7,是個狠人,2024年12月22日 星期日 下午9:23,,,4,,,
gensui0821,https://www.threads.com/@gensui0821/post/DD43ibSSPCS,到IKEA上班？,2024年12月23日 星期一 上午1:11,@ikea_taiwan,,3,1,,,https://www.threads.com/@ikea_taiwan/post/DD53JOmyJQS,有來上班吧？,2024年12月23日 星期一 上午10:27,,,,,,
poshupstore.tw,https://www.threads.com/@poshupstore.tw/post/DD1BXw_Tx5p,碗裡真的不是餛飩ㄇ🤔,2024年12月21日 星期六 下午1:20,@ikea_taiwan,,2,1,,,https://www.threads.com/@ikea_taiwan/post/DD1P6RYp-LH,是湯圓！,2024年12月21日 星期六 下午3:27,,,1,,,
shopee_tw,https://www.threads.com/@shopee_tw/post/DD1B8dFvr9C,問就是：,2024年12月21日 星期六 下午1:25,@ikea_taiwan,"Photo by 蝦皮購物Shopee on December 20, 2024.",80,2,,,https://www.threads.com/@ikea_taiwan/post/DD1DcceJAlZ,我的IKEA碗裡要放全部！,2024年12月21日 星期六 下午1:38,,,2,,,
shangyuhsi,https://www.threads.com/@shangyuhsi/post/DDzZa5oTePM,客家大顆包肉鹹湯圓🥰,2024年12月20日 星期五 下午10:12,@ikea_taiwan,,5,1,,,https://www.threads.com/@ikea_taiwan/post/DDzcoH9SVVY,這又是另外一場戰爭：甜vs 鹹,2024年12月20日 星期五 下午10:40,,,2,,,
guanlin1213,https://www.threads.com/@guanlin1213/post/DDrzj1OS7ik,有沒有賣記憶吐司…我需要,2024年12月17日 星期二 下午11:26,@ikea_taiwan,,,1,,,https://www.threads.com/@ikea_taiwan/post/DDr5Q0ESS5M,先拿睡覺學分吧 晚安：maac.io/3aXsm,2024年12月18日 星期三 上午12:16,,,,,,
rong_jing188,https://www.threads.com/@rong_jing188/post/DDhVguszG1I,有點臭臭的,2024年12月13日 星期五 下午9:51,@ikea_taiwan,,,1,,,https://www.threads.com/@ikea_taiwan/post/DDi5-aWJbFF,哪有,2024年12月14日 星期六 下午12:29,,,1,1,,
bgb_bird,https://www.threads.com/@bgb_bird/post/DDhUw19TC-E,你們不要這麼好笑好不好,2024年12月13日 星期五 下午9:45,@ikea_taiwan,,,1,,,https://www.threads.com/@ikea_taiwan/post/DDi54RYpEeg,謝謝 好笑的話請多傳給朋友❤️,2024年12月14日 星期六 下午12:28,,,,,,
_wang_hsuan_,https://www.threads.com/@_wang_hsuan_/post/DDgq4KQSE9g,真樹幽默,2024年12月13日 星期五 下午3:39,@ikea_taiwan,,5,1,,1,https://www.threads.com/@ikea_taiwan/post/DDg7vX6pGll,真樹那拿你沒辦法,2024年12月13日 星期五 下午6:06,,,1,,,
drfan_healthyfit,https://www.threads.com/@drfan_healthyfit/post/DDgtlw1z33O,該樹時候幫小編加薪了,2024年12月13日 星期五 下午4:02,@ikea_taiwan,,8,1,,,https://www.threads.com/@ikea_taiwan/post/DDg6uqGJd5W,謝謝 再幫我按個分享或許有機會😉,2024年12月13日 星期五 下午5:57,,,2,,,
gooddog_meatshop,https://www.threads.com/@gooddog_meatshop/post/DDgdBEAzUME,小狗也想樹一樹🌲,2024年12月13日 星期五 下午1:56,@ikea_taiwan,,22,1,,1,https://www.threads.com/@ikea_taiwan/post/DDggS6Jp_vX,小狗有說可以嗎,2024年12月13日 星期五 下午2:06,,,4,1,,
_huai0712,https://www.threads.com/@_huai0712/post/DDgTouTzrF-,現實生活中的貓主子又搞樹：,2024年12月13日 星期五 下午12:16,@ikea_taiwan,"Photo by @_huai0712 on December 12, 2024.",87,1,1,,https://www.threads.com/@ikea_taiwan/post/DDgT1pKyDZ9,這個無法寬樹,2024年12月13日 星期五 下午12:17,,,43,,,
ljiunnzq,https://www.threads.com/@ljiunnzq/post/DDgPMgpzPN7,小卡有點太猛ㄌ 看起來都是貴卡,2024年12月13日 星期五 上午11:37,@ikea_taiwan,,,1,,,https://www.threads.com/@ikea_taiwan/post/DDgTmQryw6t,我知道你想全收樹匯 但我們不售喔！,2024年12月13日 星期五 下午12:15,,,,,,
_laaai03_,https://www.threads.com/@_laaai03_/post/DDgH3ngTM5X,第一種我從10月就開始佈置了,2024年12月13日 星期五 上午10:33,@ikea_taiwan,,9,1,,,https://www.threads.com/@ikea_taiwan/post/DDgTStLSTw0,想必這棵一定是精心佈置,2024年12月13日 星期五 下午12:13,,,4,,,
anly20mirror,https://www.threads.com/@anly20mirror/post/DDf7xhnvPc9,請問猩猩小卡可以哪裡買？😍😍😍,2024年12月13日 星期五 上午8:47,@ikea_taiwan,,,1,,,https://www.threads.com/@ikea_taiwan/post/DDgGlyipq_f,這樹限量版,2024年12月13日 星期五 上午10:22,,,2,1,,
doclick88,https://www.threads.com/@doclick88/post/DDf_EmTvZBr,不想待在辦公樹,2024年12月13日 星期五 上午9:16,@ikea_taiwan,,44,1,,1,https://www.threads.com/@ikea_taiwan/post/DDgFpmDJ4hN,大家都是好同樹,2024年12月13日 星期五 上午10:13,,,41,,,
molica_0e22,https://www.threads.com/@molica_0e22/post/DDe-YJ_ydWo,上次那個下水道我就覺得很有才還跟上時事了，伊起呀的小編真是太棒了😍,2024年12月12日 星期四 下午11:51,@ikea_taiwan,,3,1,,1,https://www.threads.com/@ikea_taiwan/post/DDgENtip1sJ,謝謝你 真樹開心🫶🏻,2024年12月13日 星期五 上午10:01,,,5,,,
tw_h2m,https://www.threads.com/@tw_h2m/post/DDfw2mezhuk,小編真的樹很強,2024年12月13日 星期五 上午7:12,@ikea_taiwan,,2,1,,,https://www.threads.com/@ikea_taiwan/post/DDgEHpip-gA,你也樹,2024年12月13日 星期五 上午10:00,,,5,,,
oraaa_1118,https://www.threads.com/@oraaa_1118/post/DDfiL53zcIC,我家好多這種🎄,2024年12月13日 星期五 上午5:04,@ikea_taiwan,,,1,,,https://www.threads.com/@ikea_taiwan/post/DDgEEoopnnB,第一種嗎,2024年12月13日 星期五 上午10:00,,,,,,
yanze_23,https://www.threads.com/@yanze_23/post/DDe3XkoSJbG,第一種是我在賣場的時候 第二種是我站在賣場的時候 第三種是我下班回家的時候 第四種是我剛發薪水的時候 第五種是客人打翻飲料的時候 第六種是我同事喝酒的時候 第七種是時間到該下班的時候 最後一種 我想 還不是時候,2024年12月12日 星期四 下午10:49,@ikea_taiwan,,9,1,,,https://www.threads.com/@ikea_taiwan/post/DDe9F6ASS8S,"怎麼會還不是時候 現在正是時候 lihi2.com/PO1cU
ikea.com.tw
IKEA vinterfint | IKEA 的 vinterfint 都在 這裡－ 第1頁 | IKEA 線上購物",2024年12月12日 星期四 下午11:39,,IKEA vinterfint | IKEA 的 vinterfint 都在 這裡－ 第1頁 | IKEA 線上購物,5,,,
lxxnn.122,https://www.threads.com/@lxxnn.122/post/DDexIyeJLG8,我真的很愛看ikea的行銷😍,2024年12月12日 星期四 下午9:55,@ikea_taiwan,,79,1,,,https://www.threads.com/@ikea_taiwan/post/DDe3sU8pfux,我真的樹感謝你❤️,2024年12月12日 星期四 下午10:52,,,67,,,
chengsi.house,https://www.threads.com/@chengsi.house/post/DDev7BgSuiC,冬天到惹，最近都在種第三顆樹 （（（害羞 👉👈,2024年12月12日 星期四 下午9:44,@ikea_taiwan,,,1,,,https://www.threads.com/@ikea_taiwan/post/DDe05hepOoI,沒關係 冬天屯糧很正常,2024年12月12日 星期四 下午10:28,,,1,,,
love.purple.1048,https://www.threads.com/@love.purple.1048/post/DDex4SByh-K,剛收完衣服的我家沙發be likes:圖一,2024年12月12日 星期四 下午10:01,@ikea_taiwan,,3,1,,,https://www.threads.com/@ikea_taiwan/post/DDe0sCSJtQV,謝謝你讓我覺得不孤單,2024年12月12日 星期四 下午10:26,,,1,,,
chienchen666,https://www.threads.com/@chienchen666/post/DDeyYgwyJ-n,不管什摸樹🌲 都要把錢錢變成喜歡的樹✌️,2024年12月12日 星期四 下午10:06,@ikea_taiwan,,7,1,,,https://www.threads.com/@ikea_taiwan/post/DDe0jqCpxtU,觀念正確,2024年12月12日 星期四 下午10:25,,,4,,,
rujinsong,https://www.threads.com/@rujinsong/post/DDerDBEJpsC,愛死,2024年12月12日 星期四 下午9:02,@ikea_taiwan,,3,1,,,https://www.threads.com/@ikea_taiwan/post/DDezXWBp8Sk,耶,2024年12月12日 星期四 下午10:14,,,3,,,
lebn.iz,https://www.threads.com/@lebn.iz/post/DDeRwFxxvsx,先要有另一半🙁🤡🤡🤡 翻譯,2024年12月12日 星期四 下午5:21,@ikea_taiwan,,,1,,,https://www.threads.com/@ikea_taiwan/post/DDeS6ViJU66,先評分 再成為另一半？,2024年12月12日 星期四 下午5:31,,,,,,
genie224990,https://www.threads.com/@genie224990/post/DDeOHDkvxRh,不會，自己料理三餐比較實在,2024年12月12日 星期四 下午4:49,@ikea_taiwan,,,1,,,https://www.threads.com/@ikea_taiwan/post/DDeOK7bJIkR,自己料理+100分,2024年12月12日 星期四 下午4:49,,,,,,
lets_have_some_fun_tw,https://www.threads.com/@lets_have_some_fun_tw/post/DDcaYPzTWzi,很會稱讚煮飯的人 加分嗎？（情緒價值點好點滿）,2024年12月11日 星期三 下午11:58,@ikea_taiwan,,,1,,,https://www.threads.com/@ikea_taiwan/post/DDeBXwGpHVV,互相加分會有加成效果🪄不錯,2024年12月12日 星期四 下午2:58,,,,,,
moike22,https://www.threads.com/@moike22/post/DDd_Uucy1iL,有沒有加分不知道 但是會互動的小編一定加分,2024年12月12日 星期四 下午2:40,@ikea_taiwan,,,1,,,https://www.threads.com/@ikea_taiwan/post/DDd_XnVJU-I,好會說話 你也加分,2024年12月12日 星期四 下午2:40,,,1,,,
0325yan_,https://www.threads.com/@0325yan_/post/DDdhVTXS9wQ,超加分 我只會炸廚房,2024年12月12日 星期四 上午10:18,@ikea_taiwan,,,1,,,https://www.threads.com/@ikea_taiwan/post/DDd6il1pLfV,"炸廚房沒關係 你可以負責整理廚房 lihi2.com/vBt0J
ikea.com.tw
IKEA宜家家居線上購物-給你更多居家佈置靈感",2024年12月12日 星期四 下午1:58,,IKEA宜家家居線上購物-給你更多居家佈置靈感,,,,
kiki.juyi,https://www.threads.com/@kiki.juyi/post/DDcc0z-TjWc,我喜歡煮飯！所以會收拾乾淨更加分😆,2024年12月12日 星期四 上午12:19,@ikea_taiwan,,1,1,,,https://www.threads.com/@ikea_taiwan/post/DDd6UJCpsDB,"那你絕對不能錯過這個 lihi2.com/vBt0J
ikea.com.tw
IKEA宜家家居線上購物-給你更多居家佈置靈感",2024年12月12日 星期四 下午1:56,,IKEA宜家家居線上購物-給你更多居家佈置靈感,1,,,
yu94914,https://www.threads.com/@yu94914/post/DDd4gOgBlgF,會洗碗 加200分,2024年12月12日 星期四 下午1:40,@ikea_taiwan,,,1,,,https://www.threads.com/@ikea_taiwan/post/DDd6JfytIfm,把收納架弄得很乾淨的也是,2024年12月12日 星期四 下午1:54,,,,,,
linion_linion,https://www.threads.com/@linion_linion/post/DDcWJtBzqgn,會煮到什麼程度？他有喜歡到買菜到備料煮上桌然後洗碗，還是單純只是開火呢，我的感覺是當ikea 這樣說，我個人就是喜歡ikea 10元一支的冰，那是全世界最棒的行銷手法之一，因為所有人去逛完一個home 的美好想像後，會有一個甜頭吃，That’s why I like IKEA .,2024年12月11日 星期三 下午11:21,@ikea_taiwan,,149,1,2,2,https://www.threads.com/@ikea_taiwan/post/DDddAlJyAa2,像是梨家大廚這種程度，100分,2024年12月12日 星期四 上午9:40,,,10,,,
lee_ming_chuan,https://www.threads.com/@lee_ming_chuan/post/DDceDb0zlkL,這裡可以報名，是嗎？,2024年12月12日 星期四 上午12:30,@ikea_taiwan,,2,1,,,https://www.threads.com/@ikea_taiwan/post/DDdb2wmS6_7,留言區怎麼變徵友？,2024年12月12日 星期四 上午9:30,,,,,,
liu._.zona,https://www.threads.com/@liu._.zona/post/DDcdnWtSANA,不會！因為另一半完全不會煮（哈哈哈哈哈😄 眼角有淚）,2024年12月12日 星期四 上午12:26,@ikea_taiwan,,,1,,,https://www.threads.com/@ikea_taiwan/post/DDcd_bdSGWK,不會煮但會收拾可以額外加分,2024年12月12日 星期四 上午12:29,,,1,,,
walon949596,https://www.threads.com/@walon949596/post/DDcVyLtyVGq,好像不只買洗碗機，還額外買了好多工具…,2024年12月11日 星期三 下午11:17,@imseriou,,3,1,,,https://www.threads.com/@ikea_taiwan/post/DDcXfxXyOSj,收納架也要買一買,2024年12月11日 星期三 下午11:32,,,3,,,
gokaisilver1027,https://www.threads.com/@gokaisilver1027/post/DDcUmUkynKL,我很愛在廚房變東西吃，我家廚房男生掌管,2024年12月11日 星期三 下午11:07,@ikea_taiwan,,,1,,,https://www.threads.com/@ikea_taiwan/post/DDcXai8yNlM,加分,2024年12月11日 星期三 下午11:32,,,,,,
guru_neko_,https://www.threads.com/@guru_neko_/post/DDcP0-CvWaV,加分加分~~但如果我變胖要扣分😝😝,2024年12月11日 星期三 下午10:25,@ikea_taiwan,,,1,,,https://www.threads.com/@ikea_taiwan/post/DDcSELqSxoY,是幸福肥,2024年12月11日 星期三 下午10:45,,,,,,
lovecanty,https://www.threads.com/@lovecanty/post/DDcRrNUyfg6,包含清理廚房+💯,2024年12月11日 星期三 下午10:42,@ikea_taiwan,,,1,,,https://www.threads.com/@ikea_taiwan/post/DDcRvxmygBw,"有用收納架的更加分：lihi2.com/vBt0J
ikea.com.tw
IKEA宜家家居線上購物-給你更多居家佈置靈感",2024年12月11日 星期三 下午10:42,,IKEA宜家家居線上購物-給你更多居家佈置靈感,,,,
kennyg_cookies,https://www.threads.com/@kennyg_cookies/post/DDcNM9UTfyW,扣分 因為我要洗碗,2024年12月11日 星期三 下午10:02,@ikea_taiwan,,8,1,,,https://www.threads.com/@ikea_taiwan/post/DDcQd2Ky1Hb,煮完收拾加分嗎,2024年12月11日 星期三 下午10:31,,,1,,,
ladymoko_com,https://www.threads.com/@ladymoko_com/post/DDcPVhqqxzV,這是標配,2024年12月11日 星期三 下午10:21,@ikea_taiwan,,,1,,,https://www.threads.com/@ikea_taiwan/post/DDcQZ2OSKhP,"還有業配：lihi2.com/vBt0J
ikea.com.tw
IKEA宜家家居線上購物-給你更多居家佈置靈感",2024年12月11日 星期三 下午10:30,,IKEA宜家家居線上購物-給你更多居家佈置靈感,1,,,
chengsi.house,https://www.threads.com/@chengsi.house/post/DDcP0p8SSwR,如果吃飽還會接著洗碗，直接加分到破表,2024年12月11日 星期三 下午10:25,@ikea_taiwan,,2,1,,,https://www.threads.com/@ikea_taiwan/post/DDcQXp9SD8S,"確實 煮完還會收拾更加分：lihi2.com/vBt0J
ikea.com.tw
IKEA宜家家居線上購物-給你更多居家佈置靈感",2024年12月11日 星期三 下午10:30,,IKEA宜家家居線上購物-給你更多居家佈置靈感,1,,,
annnjie___,https://www.threads.com/@annnjie___/post/DDcNk8nSnTR,沒有什麼是吃不能解決的,2024年12月11日 星期三 下午10:06,@ikea_taiwan,,,1,,,https://www.threads.com/@ikea_taiwan/post/DDcNsz2SO2s,解決這個人先解決他的胃,2024年12月11日 星期三 下午10:07,,,,,,
za0a.a0az,https://www.threads.com/@za0a.a0az/post/DDcNEDOzEx8,帶去ikea吃東西加分嗎？,2024年12月11日 星期三 下午10:01,@ikea_taiwan,,,1,,,https://www.threads.com/@ikea_taiwan/post/DDcNpUkywv9,來這裡約會都加分,2024年12月11日 星期三 下午10:06,,,3,,,
howard_huang_88,https://www.threads.com/@howard_huang_88/post/DDcNYNMzZb5,我會用ikea的肉丸配薯泥，這樣可以加分嗎？,2024年12月11日 星期三 下午10:04,@ikea_taiwan,,3,1,,,https://www.threads.com/@ikea_taiwan/post/DDcNiyoyBnW,很懂吃 ➕分,2024年12月11日 星期三 下午10:05,,,2,,,
ja_johnny.allen,https://www.threads.com/@ja_johnny.allen/post/DDbjoxrxGek,床邊另一顆枕頭冷,2024年12月11日 星期三 下午3:59,@ikea_taiwan,,,1,,,https://www.threads.com/@ikea_taiwan/post/DDblyWcJ2OH,換個角度想 你是枕頭富翁,2024年12月11日 星期三 下午4:18,,,,,,
ro_o.705,https://www.threads.com/@ro_o.705/post/DDbaPEPSSTr,找到出口 被被可以帶回家嗎？,2024年12月11日 星期三 下午2:37,@ikea_taiwan,,,1,,,https://www.threads.com/@ikea_taiwan/post/DDbaTnep_1j,確定選到喜歡的被被記得結帳喔,2024年12月11日 星期三 下午2:38,,,,,,
siuhinng,https://www.threads.com/@siuhinng/post/DDacD_XzlXO,我是笑話冷。,2024年12月11日 星期三 上午5:34,@ikea_taiwan,,210,1,,7,https://www.threads.com/@ikea_taiwan/post/DDbYc7cpAwO,那請幫聽笑話的人買條被子,2024年12月11日 星期三 下午2:22,,,4,,,
jackyslim55,https://www.threads.com/@jackyslim55/post/DDaRfSCz7SC,你再發這種東西試試看,2024年12月11日 星期三 上午4:01,@ikea_taiwan,,16,2,,,https://www.threads.com/@ikea_taiwan/post/DDbX2m9JwiK,（躲被被,2024年12月11日 星期三 下午2:16,,,1,,,
potato_potato_gato_123,https://www.threads.com/@potato_potato_gato_123/post/DDZ2Vw8T2fE,建議手臂加強,2024年12月11日 星期三 上午12:04,@ikea_taiwan,,,1,,,https://www.threads.com/@ikea_taiwan/post/DDbWodCJHS9,建議買條被子,2024年12月11日 星期三 下午2:06,,,,,,
sersi_1123,https://www.threads.com/@sersi_1123/post/DDaaU8BzyrT,都有 行了吧,2024年12月11日 星期三 上午5:19,@ikea_taiwan,,1,1,,,https://www.threads.com/@ikea_taiwan/post/DDbWJr8JvlQ,行 我們蓋被被去,2024年12月11日 星期三 下午2:01,,,,,,
ro_o.705,https://www.threads.com/@ro_o.705/post/DDbVBFeSQ0I,我還困在IKEA 我好冷,2024年12月11日 星期三 下午1:52,@ikea_taiwan,,,1,,,https://www.threads.com/@ikea_taiwan/post/DDbWB1NpKgg,辛苦了 抓條被被注意保暖！,2024年12月11日 星期三 下午2:00,,,,1,,
jaco0227,https://www.threads.com/@jaco0227/post/DDbCf8uyUbn,最近周杰倫：煙花易冷,2024年12月11日 星期三 上午11:10,@ikea_taiwan,,1,1,,,https://www.threads.com/@ikea_taiwan/post/DDbVyQYp8O0,天冷冷 棉被裡熱騰騰,2024年12月11日 星期三 下午1:58,,,2,,,
teafect.1,https://www.threads.com/@teafect.1/post/DDbVS1LSt5Q,荷包冷要怎麼辦,2024年12月11日 星期三 下午1:54,@ikea_taiwan,,,1,,,https://www.threads.com/@ikea_taiwan/post/DDbVhIsJlwV,荷包冷但至少身體暖（？,2024年12月11日 星期三 下午1:56,,,1,1,,
zhangyifan741,https://www.threads.com/@zhangyifan741/post/DDZuHZXRZeu,我需要钱。我需要男人。,2024年12月10日 星期二 下午10:52,@ikea_taiwan,,,1,,,https://www.threads.com/@ikea_taiwan/post/DDZ7kmYShXE,"建議蓋上我們家四季被 做個好夢 lihi2.com/LHlNz
ikea.com.tw
SMÅSPORRE - 四季被, 150x200 公分 | IKEA 線上購物",2024年12月11日 星期三 上午12:50,,"SMÅSPORRE - 四季被, 150x200 公分 | IKEA 線上購物",1,,,
ifyouarelookingfornickthisisit,https://www.threads.com/@ifyouarelookingfornickthisisit/post/DDZ3lOpzO5t,在你們家花太多錢，錢包冷,2024年12月11日 星期三 上午12:15,@ikea_taiwan,,16,1,,,https://www.threads.com/@ikea_taiwan/post/DDZ35uoyvRL,錢包冷了但身體有暖吧,2024年12月11日 星期三 上午12:18,,,2,1,,
live3869,https://www.threads.com/@live3869/post/DDZtWOxSglH,都冷，但我喜歡❤️,2024年12月10日 星期二 下午10:46,@ikea_taiwan,,,1,,,https://www.threads.com/@ikea_taiwan/post/DDZ3vJdyZiZ,"這條被子也可以只蓋一半的涼被 lihi2.com/LHlNz
ikea.com.tw
SMÅSPORRE - 四季被, 150x200 公分 | IKEA 線上購物",2024年12月11日 星期三 上午12:16,,"SMÅSPORRE - 四季被, 150x200 公分 | IKEA 線上購物",,,,
yanze_23,https://www.threads.com/@yanze_23/post/DDZuv8xyudD,想到要上班就心冷 到公司冷氣太強身體冷 我同事叫欸冷,2024年12月10日 星期二 下午10:58,@ikea_taiwan,,2,1,,,https://www.threads.com/@ikea_taiwan/post/DDZ0eV8yBLU,可以推薦欸冷買個萬用毯,2024年12月10日 星期二 下午11:48,,,,,,
shopee_tw,https://www.threads.com/@shopee_tw/post/DDZvu6SP0wl,暖他一整天,2024年12月10日 星期二 下午11:06,@ikea_taiwan,,81,3,,3,https://www.threads.com/@ikea_taiwan/post/DDZv06EySJ8,有夠高情商,2024年12月10日 星期二 下午11:07,,,15,,,
hsiazili,https://www.threads.com/@hsiazili/post/DDZuJs7y7YW,你怎麼會認為這是兩個問題☹️,2024年12月10日 星期二 下午10:53,@ikea_taiwan,,7,1,,,https://www.threads.com/@ikea_taiwan/post/DDZvxbHS5hw,都很冷至少可以先解決其中一個,2024年12月10日 星期二 下午11:07,,,,,,
iroak7305,https://www.threads.com/@iroak7305/post/DDR38ZTyW4t,いつかお店に行きたいです。 翻譯,2024年12月7日 星期六 下午9:44,@ikea_taiwan,,,1,,,https://www.threads.com/@ikea_taiwan/post/DDWjH3LJ2db,いらっしゃいませ❤️ 翻譯,2024年12月9日 星期一 下午5:19,,,,,,
heyartnice,https://www.threads.com/@heyartnice/post/DDQcof-ygNe,以为是恶搞，又确认了一下是宜家官方账号发的🙈,2024年12月7日 星期六 上午8:26,@ikea_taiwan,,,1,,,https://www.threads.com/@ikea_taiwan/post/DDWi-PNJJ4k,🙌🏻🙌🏻🙌🏻,2024年12月9日 星期一 下午5:17,,,,,,
nmnstw,https://www.threads.com/@nmnstw/post/DDQad0fzRyx,最後一個好實用,2024年12月7日 星期六 上午8:07,@ikea_taiwan,,8,1,,2,https://www.threads.com/@ikea_taiwan/post/DDQwbIyS9U-,是吧 記得要來買喔🙂‍↕️,2024年12月7日 星期六 上午11:19,,,1,,,
abrielleyang,https://www.threads.com/@abrielleyang/post/DDJVBrQTwxZ,老闆還不加薪嗎,2024年12月4日 星期三 下午2:05,@ikea_taiwan,,,1,,,https://www.threads.com/@ikea_taiwan/post/DDKFPWZyk7g,有看到大家來逛IKEA聖誕系列應該有幫助,2024年12月4日 星期三 下午9:07,,,,,,
nmnstw,https://www.threads.com/@nmnstw/post/DDJ-31WTa1i,覺得貼心,2024年12月4日 星期三 下午8:11,@ikea_taiwan,,7,1,,,https://www.threads.com/@ikea_taiwan/post/DDKFMuUSLTZ,我自己也這麼覺得,2024年12月4日 星期三 下午9:06,,,1,,,
koha_17.9,https://www.threads.com/@koha_17.9/post/DDJp689yXzR,需要自己組裝嗎,2024年12月4日 星期三 下午5:08,@ikea_taiwan,,,1,,,https://www.threads.com/@ikea_taiwan/post/DDKFLTmSzBo,燈還是要裝電池啦,2024年12月4日 星期三 下午9:06,,,,,,
stevenmhsiao,https://www.threads.com/@stevenmhsiao/post/DDJsVc-zhri,肚子餓怎麼辦,2024年12月4日 星期三 下午5:29,@ikea_taiwan,,,1,,,https://www.threads.com/@ikea_taiwan/post/DDJxGoZJH-b,可以飲食，你也可以去之前來IKEA買過去,2024年12月4日 星期三 下午6:11,,,1,,,
jh_li17,https://www.threads.com/@jh_li17/post/DDJu13KJyH6,謝謝ikea的提醒，連擠下水道的資格都沒有怎麼辦？,2024年12月4日 星期三 下午5:51,@ikea_taiwan,,,1,,,https://www.threads.com/@ikea_taiwan/post/DDJw5lep7Ls,有買IKEA的東西會幫你喬位子,2024年12月4日 星期三 下午6:09,,,,,,
_blue.__sky_,https://www.threads.com/@_blue.__sky_/post/DDJoviTvgWs,小編可以去下水道入口擺攤了XD,2024年12月4日 星期三 下午4:58,@ikea_taiwan,,,1,,,https://www.threads.com/@ikea_taiwan/post/DDJw1VUJCxd,成本考量，大家去之前先去IKEA一趟,2024年12月4日 星期三 下午6:08,,,,,,
healthspan_tw,https://www.threads.com/@healthspan_tw/post/DDJHhtfvBOI,那個桌燈 算不算一種手燈,2024年12月4日 星期三 下午12:07,@ikea_taiwan,,,1,,,https://www.threads.com/@ikea_taiwan/post/DDJmVZCpFHc,可以,2024年12月4日 星期三 下午4:37,,,1,,,
dx_grace.52,https://www.threads.com/@dx_grace.52/post/DDJYuTIv1-t,已訂好大巨蛋聽漏音餐廳的人，請問小編推薦可以買啥？,2024年12月4日 星期三 下午2:38,@ikea_taiwan,,,1,,,https://www.threads.com/@ikea_taiwan/post/DDJmUFqphOz,燈可以當手燈,2024年12月4日 星期三 下午4:36,,,3,,,
luhewen30,https://www.threads.com/@luhewen30/post/DDH7X89zd9t,這似乎給了杰迷不得不買的理由了哈哈哈,2024年12月4日 星期三 上午1:02,@ikea_taiwan,,,1,,,https://www.threads.com/@ikea_taiwan/post/DDJGqSNSrn0,標準SOP 來IKEA採購》前進下水道第二會場,2024年12月4日 星期三 下午12:00,,,,,,
twhanghangtai,https://www.threads.com/@twhanghangtai/post/DDH5GmMplpP,IKEA YYDS,2024年12月4日 星期三 上午12:42,@ikea_taiwan,,,1,,,https://www.threads.com/@ikea_taiwan/post/DDJGdEgSIY-,😚記得來IKEA逛逛聖誕系列,2024年12月4日 星期三 上午11:58,,,1,,,
shengan_0701,https://www.threads.com/@shengan_0701/post/DDIwZ0yTeFt,準備好爬下水道了,2024年12月4日 星期三 上午8:45,@ikea_taiwan,,,1,,,https://www.threads.com/@ikea_taiwan/post/DDJGMt6yeWU,記得先來IKEA採購，有很多都聖誕系列,2024年12月4日 星期三 上午11:56,,,1,,,
lin.lihui,https://www.threads.com/@lin.lihui/post/DDH18sZTTiN,有喔！ikea你很有喔！,2024年12月4日 星期三 上午12:14,@ikea_taiwan,,2,1,,,https://www.threads.com/@ikea_taiwan/post/DDJFENRyBak,有讓你想逛IKEA的話就成功了🥹記得看下聖誕系列,2024年12月4日 星期三 上午11:46,,,,,,
chunxidabianlu,https://www.threads.com/@chunxidabianlu/post/DDJBnXeTogh,會🥺因為你成功吸引我了,2024年12月4日 星期三 上午11:16,@ikea_taiwan,,,1,,,https://www.threads.com/@ikea_taiwan/post/DDJEzztS_3t,聖誕系列記得看一下哦🥹,2024年12月4日 星期三 上午11:44,,,,,,
weiweijenjen,https://www.threads.com/@weiweijenjen/post/DDH5W5DSLS9,好愛ikea = =👍🏻,2024年12月4日 星期三 上午12:44,@ikea_taiwan,,2,1,,,https://www.threads.com/@ikea_taiwan/post/DDJEa6tySZ9,來IKEA逛逛聖誕系列我會很開心🥰,2024年12月4日 星期三 上午11:40,,,2,1,,
eason_eason218,https://www.threads.com/@eason_eason218/post/DDIi4WiTnER,小編KPI本季已達標！,2024年12月4日 星期三 上午6:47,@ikea_taiwan,,,1,,,https://www.threads.com/@ikea_taiwan/post/DDJDz6wSieQ,挑戰沒有極限😆,2024年12月4日 星期三 上午11:35,,,1,1,,
kaminari.1228,https://www.threads.com/@kaminari.1228/post/DDI50vthg2z,聖誕星先不要,2024年12月4日 星期三 上午10:08,@ikea_taiwan,,1,1,,,https://www.threads.com/@ikea_taiwan/post/DDJB_UISi-K,畢竟聖誕節要到了啊,2024年12月4日 星期三 上午11:19,,,,,,1
fafusansan,https://www.threads.com/@fafusansan/post/DDH23qDy4HL,燈可能會賣最好？😂很需要！,2024年12月4日 星期三 上午12:23,@ikea_taiwan,,,1,,,https://www.threads.com/@ikea_taiwan/post/DDJB16Eymqj,都需要，買都買,2024年12月4日 星期三 上午11:18,,,1,,,
hsin_221,https://www.threads.com/@hsin_221/post/DDIghLpT2ym,好喜歡小編的精神狀態😍,2024年12月4日 星期三 上午6:26,@ikea_taiwan,,1,1,,,https://www.threads.com/@ikea_taiwan/post/DDJBnlCSakl,有知音真好🙃,2024年12月4日 星期三 上午11:16,,,2,,,
chunxidabianlu,https://www.threads.com/@chunxidabianlu/post/DDI2V8kTxX-,太扯了啦 ikea的行銷強死,2024年12月4日 星期三 上午9:37,@ikea_taiwan,,1,1,,,https://www.threads.com/@ikea_taiwan/post/DDJBk0JSD9z,你會來IKEA採購吼,2024年12月4日 星期三 上午11:15,,,1,1,,
lilkinzhong,https://www.threads.com/@lilkinzhong/post/DDI3zQ3T6up,雨下整夜～,2024年12月4日 星期三 上午9:50,@ikea_taiwan,,,1,,2,https://www.threads.com/@ikea_taiwan/post/DDJBVqvS75W,我的愛溢出就像雨水,2024年12月4日 星期三 上午11:13,,,,,,1
dreamtrend_tw,https://www.threads.com/@dreamtrend_tw/post/DDI1x-OzLfV,周董還說會唱大聲一點的 我真的會謝謝😭,2024年12月4日 星期三 上午9:32,@ikea_taiwan,,9,1,,,https://www.threads.com/@ikea_taiwan/post/DDJBTFNS3ZH,那一定要去啊啊啊啊 若愛上一個人什麼都會值得去做～～,2024年12月4日 星期三 上午11:13,,,2,,,
jaylikesme,https://www.threads.com/@jaylikesme/post/DDICYvTzMf-,IKEA小編我大哥！（大姐也可以！） 有聽反方向的鐘94讚！！！！🙌,2024年12月4日 星期三 上午2:03,@ikea_taiwan,,2,1,,,https://www.threads.com/@ikea_taiwan/post/DDI_-X4Shz1,懂聽,2024年12月4日 星期三 上午11:01,,,1,,,
yuanx2_maze,https://www.threads.com/@yuanx2_maze/post/DDHof_Cvl-y,明天就去買,2024年12月3日 星期二 下午10:17,@ikea_taiwan,,,1,,,https://www.threads.com/@ikea_taiwan/post/DDHtnwKyWds,愛你,2024年12月3日 星期二 下午11:02,,,1,1,,
asuki_nian,https://www.threads.com/@asuki_nian/post/DDHp0iaPn_3,"這個燈可以照亮我憂鬱的內心嗎
算了先買10個",2024年12月3日 星期二 下午10:29,@ikea_taiwan,,5,1,,,https://www.threads.com/@ikea_taiwan/post/DDHsrd6y_OH,亮一點也比較不憂鬱,2024年12月3日 星期二 下午10:53,,,5,1,,
im___1005,https://www.threads.com/@im___1005/post/DDHmkyNTi7T,有賣半島鐵盒嗎？,2024年12月3日 星期二 下午10:00,@ikea_taiwan,,4,1,,,https://www.threads.com/@ikea_taiwan/post/DDHsnASyntP,應該只有寶島收納盒（開玩笑,2024年12月3日 星期二 下午10:53,,,3,,,
weibuh_rn,https://www.threads.com/@weibuh_rn/post/DDHjoCmOBwa,哪裡可以建議，開一間IKEA下水道分店,2024年12月3日 星期二 下午9:34,@ikea_taiwan,,61,1,,1,https://www.threads.com/@ikea_taiwan/post/DDHkGyay87q,評估過成本稍高，大家去之前先來IKEA買一買比較單純,2024年12月3日 星期二 下午9:39,,,44,,,1
uwu0230,https://www.threads.com/@uwu0230/post/DDHjOdRPYlS,要是我被抓到一定把你供出來,2024年12月3日 星期二 下午9:31,@ikea_taiwan,,,1,,,https://www.threads.com/@ikea_taiwan/post/DDHj-65SqDB,我們不是一起追星的夥伴嗎🥹,2024年12月3日 星期二 下午9:37,,,4,,,
wwenn.12,https://www.threads.com/@wwenn.12/post/DDHQ-_4yaAq,你好了就好了：）,2024年12月3日 星期二 下午6:51,@ikea_taiwan,,1,1,,,https://www.threads.com/@ikea_taiwan/post/DDHhg65Sg5a,👅,2024年12月3日 星期二 下午9:16,,,1,,,
cherry220_ig,https://www.threads.com/@cherry220_ig/post/DDHacQKTwp6,ikea行銷永遠不會讓人失望,2024年12月3日 星期二 下午8:14,@ikea_taiwan,,337,1,,,https://www.threads.com/@ikea_taiwan/post/DDHgNWSS_3H,謝謝支持，記得有空來IKEA逛逛哦,2024年12月3日 星期二 下午9:05,,,74,1,,1
viyen_29,https://www.threads.com/@viyen_29/post/DDHfrQ4TcVj,@ikea_taiwan 小編該被加薪💯,2024年12月3日 星期二 下午9:00,@ikea_taiwan,,2,1,,1,https://www.threads.com/@ikea_taiwan/post/DDHgH66ytPq,有喜歡我的作品就很開心了,2024年12月3日 星期二 下午9:04,,,2,,,
qqornot,https://www.threads.com/@qqornot/post/DDHbFuQzRXu,下水道演唱會！！ 翻譯,2024年12月3日 星期二 下午8:20,@ikea_taiwan,,,1,,,https://www.threads.com/@ikea_taiwan/post/DDHfgsDSX1r,要來之前先去IKEA採購哦,2024年12月3日 星期二 下午8:58,,,,,,
orange_huang,https://www.threads.com/@orange_huang/post/DDHZ5HUPeAF,小編才是真粉！,2024年12月3日 星期二 下午8:09,@ikea_taiwan,,1,1,,,https://www.threads.com/@ikea_taiwan/post/DDHfXRYSI8S,希望有感受到我的努力！,2024年12月3日 星期二 下午8:57,,,,,,
0131._liu,https://www.threads.com/@0131._liu/post/DDHbBEuSDvk,連鬥牛都有是怎樣 太好笑,2024年12月3日 星期二 下午8:19,@ikea_taiwan,,20,1,,,https://www.threads.com/@ikea_taiwan/post/DDHfAyrSfHM,終於有人發現我的嘔心瀝血！,2024年12月3日 星期二 下午8:54,,,16,,,
ee429,https://www.threads.com/@ee429/post/DDHeHYeyL-0,杰倫產業鏈,2024年12月3日 星期二 下午8:46,@ikea_taiwan,,5,1,,1,https://www.threads.com/@ikea_taiwan/post/DDHe9QmyM7z,形容得很好🎉,2024年12月3日 星期二 下午8:54,,,2,,,
justice_0611,https://www.threads.com/@justice_0611/post/DDHcTlxBVQS,下水道第一排覺得溫馨❤️,2024年12月3日 星期二 下午8:30,@ikea_taiwan,,30,1,,,https://www.threads.com/@ikea_taiwan/post/DDHe2z8Suqj,我們自立自強😏,2024年12月3日 星期二 下午8:53,,,9,,,
mu_tang_0411,https://www.threads.com/@mu_tang_0411/post/DDHU28wS19q,你是很懂行銷的,2024年12月3日 星期二 下午7:25,@ikea_taiwan,,117,1,,,https://www.threads.com/@ikea_taiwan/post/DDHZbeGyA-c,覺得感人,2024年12月3日 星期二 下午8:05,,,38,,,
keenspie168,https://www.threads.com/@keenspie168/post/DDHU_vvTb0Q,立馬去買燈,2024年12月3日 星期二 下午7:27,@ikea_taiwan,,3,1,,,https://www.threads.com/@ikea_taiwan/post/DDHZYw-y88v,還有時間，其他也帶一下,2024年12月3日 星期二 下午8:05,,,3,,,
gz4lc,https://www.threads.com/@gz4lc/post/DDHXxqOyM67,已購買 小孩需要,2024年12月3日 星期二 下午7:51,@ikea_taiwan,,39,1,,,https://www.threads.com/@ikea_taiwan/post/DDHZWGPSC27,人很多，小孩要牽好,2024年12月3日 星期二 下午8:05,,,64,,,
katherinalai,https://www.threads.com/@katherinalai/post/DDHYEB5z6rm,感謝提醒,2024年12月3日 星期二 下午7:53,@ikea_taiwan,,,1,,,https://www.threads.com/@ikea_taiwan/post/DDHZTS_yyG7,順便提醒自己,2024年12月3日 星期二 下午8:04,,,2,,,
chienchen666,https://www.threads.com/@chienchen666/post/DDHVxX0SfO-,應該會很冷吧，有沒有什麼暖爐🔥,2024年12月3日 星期二 下午7:33,@ikea_taiwan,,1,1,,,https://www.threads.com/@ikea_taiwan/post/DDHWAWtS4nW,人很多應該毛毯帶一條就可以了,2024年12月3日 星期二 下午7:35,,,13,2,,
cali149149,https://www.threads.com/@cali149149/post/DDFSEJjP4MW,跟你一起🥳🥳🥳🥳🥳🥳,2024年12月3日 星期二 上午12:22,@ikea_taiwan,,2,1,,,https://www.threads.com/@ikea_taiwan/post/DDFSePcyeVm,"和我一起就要玩這個哦 lihi2.com/Isx5K （規定很嚴格
online-courses2024.ikeacard.com.tw
online-courses2024.ikeacard.com.tw",2024年12月3日 星期二 上午12:26,,,1,,,
mr.785r,https://www.threads.com/@mr.785r/post/DDFSHbQzuY4,歡樂100點,2024年12月3日 星期二 上午12:23,@ikea_taiwan,,,1,,,https://www.threads.com/@ikea_taiwan/post/DDFSYgZSFHh,復古名詞？,2024年12月3日 星期二 上午12:25,,,,,,
kennyg_cookies,https://www.threads.com/@kennyg_cookies/post/DDFQRJFzrUf,歡樂一百點,2024年12月3日 星期二 上午12:07,@ikea_taiwan,,1,1,,,https://www.threads.com/@ikea_taiwan/post/DDFSV_nygVS,這是什麼🤔,2024年12月3日 星期二 上午12:25,,,,,,
katze3088,https://www.threads.com/@katze3088/post/DDFQN5oSKk1,應該要在兩個小時 （烤餅乾中,2024年12月3日 星期二 上午12:06,@ikea_taiwan,,,1,,,https://www.threads.com/@ikea_taiwan/post/DDFSSNXymnL,這時間對嗎？！,2024年12月3日 星期二 上午12:24,,,,1,,
asuki_nian,https://www.threads.com/@asuki_nian/post/DDFPQTvPdom,沒辦法👐在逛ikea商店 誒？怎麼存款又少六萬了？？？ 沒辦法ikea就是如此的好逛（？,2024年12月2日 星期一 下午11:58,@ikea_taiwan,,5,1,,,https://www.threads.com/@ikea_taiwan/post/DDFSPg8SaPF,睡一覺再少六萬？,2024年12月3日 星期二 上午12:24,,,3,,,
awhaletime,https://www.threads.com/@awhaletime/post/DDFOLVozUtt,大概在五分鐘 五點,2024年12月2日 星期一 下午11:48,@ikea_taiwan,,,1,,,https://www.threads.com/@ikea_taiwan/post/DDFOfiZyTpg,"你是不是累到失去了時間概念？！好睡的玩完就去休息 lihi2.com/Isx5K
online-courses2024.ikeacard.com.tw
online-courses2024.ikeacard.com.tw",2024年12月2日 星期一 下午11:51,,,,,,
