user_name,user_post_url,user_content,user_timestamp,user_replying_to,user_image_alts,user_likes,user_replies,user_reposts,user_shares,brand_reply_url,brand_reply_content,brand_reply_timestamp,brand_replying_to,brand_reply_image_alts,brand_reply_likes,brand_reply_replies,brand_reply_reposts,brand_reply_shares
zx_.217,https://www.threads.com/@zx_.217/post/DXt0iO1D7hj,"
有恩瑟🫵🏻😭",2026年4月29日 星期三 下午8:41,@netflixtw,"May be an image of one or more people, bangs, hat, top and text that says '[BAE] [ BAE 우와 우와법이다 뱀이다'",52,1,0,0,https://www.threads.com/@netflixtw/post/DXt2-J9E_Gu,Bae嚇到,2026年4月29日 星期三 下午9:02,,,25,1,0,0
1698_513,https://www.threads.com/@1698_513/post/DXr3TQ4AY6J,"有沒有離職適合傳的嘲諷圖
離職人是我本人
求拜託 我現在就想要傳
把相簿裡白癡圖都發上來",2026年4月29日 星期三 上午2:27,,,13000,650,1262,8224,https://www.threads.com/@netflixtw/post/DXtpw3XE_i0,"這種需求還真是讓人羨慕
netflixtw",2026年4月29日 星期三 下午7:07,,,240,3,4,5
rrich.m045,https://www.threads.com/@rrich.m045/post/DXrijU8EttY,"我真的要笑死 八點檔跟太快了吧
連逐玉的武安侯都有了🤣
那兩根我真的要笑瘋",2026年4月28日 星期二 下午11:26,,,16000,287,596,16000,https://www.threads.com/@netflixtw/post/DXstjO8E1qg,殺豬刀真的要拿出來了,2026年4月29日 星期三 上午10:21,,,2202,7,0,46
thuglife_1298,https://www.threads.com/@thuglife_1298/post/DXrVpUpETpU,"不提到「雨」
怎麼形容雨很大",2026年4月28日 星期二 下午9:33,,,20000,2092,196,781,https://www.threads.com/@netflixtw/post/DXspZtoE3nm,"Swim, swim. Water falling off your skin.",2026年4月29日 星期三 上午9:45,,,1297,2,9,9
wei_x.o7,https://www.threads.com/@wei_x.o7/post/DXrj-L9D5n6,四個人加起來湊不到20,2026年4月28日 星期二 下午11:38,,"May be an image of studying, floor plan, clipboard, calendar, crossword puzzle and text",23000,397,567,3887,https://www.threads.com/@netflixtw/post/DXsi3Mkk_Ao,"那再考一題
netflixtw
乩身
2026-4-17
太子爺可以陪我去找文昌帝君一下嗎",2026年4月29日 星期三 上午8:47,,,96,9,14,1
npm_south,https://www.threads.com/@npm_south/post/DXrXzzTCXB5,"
我來露個臉",2026年4月28日 星期二 下午9:52,@netflixtw,"May be an image of bust, sculpture, statue and text",567,14,2,0,https://www.threads.com/@netflixtw/post/DXshi1Fkzmy,就算我還有其他位男神，也會寬容地接受,2026年4月29日 星期三 上午8:36,,,5,0,0,0
p_t0621,https://www.threads.com/@p_t0621/post/DXnBNOVkvZB,"當有人跟你說「我要睡覺了」，千萬不要直接說「晚安」，試試以下方法，高情商聊天暖它一整天。
學霸型：ok,有什麼不會睡的問我
疑問型：這是通知還是邀請
恐嚇型：不打算和床下的我說晚安嗎
傲嬌型：不睡我懷裡和我報備什麼
高冷型：誰問了
挑逗型：一個人睡的明白嗎，過來我教你
考公型：人民睡了嗎你就睡
哲理型：生命因何沈睡
反駁型：為什麼一定要睡覺？
關心型：怕黑嗎？
導師型：你這個年齡怎麼睡得著的？
歐虧型：OK啊，那你也是直接給我睡覺了好吧",2026年4月27日 星期一 上午5:17,,,17000,646,1761,11000,https://www.threads.com/@netflixtw/post/DXrH1uCk-PB,舍監型：我看完一集後會再回來檢查喔,2026年4月28日 星期二 下午7:32,,,822,2,5,24
painpainkillers,https://www.threads.com/@painpainkillers/post/DXoYJYsE_YJ,為什麼你們都有曖昧大象,2026年4月27日 星期一 下午5:57,,,40000,746,2662,4870,https://www.threads.com/@netflixtw/post/DXqq6R7E8Zb,不好意思，你說哪隻？,2026年4月28日 星期二 下午3:19,,"May be a cartoon of elephant, rhinoceros, poster and text",2226,2,6,28
ultron.meta,https://www.threads.com/@ultron.meta/post/DXotmnfEhEY,"
《乩身》可以去打爆《奪願許願》裡的惡靈👊",2026年4月27日 星期一 下午9:04,@netflixtw,,6,1,0,1,https://www.threads.com/@netflixtw/post/DXpEIMLk2wR,三太子可能會要你罰寫是奪命許願,2026年4月28日 星期二 上午12:21,,,11,1,0,0
instagram,https://www.threads.com/@instagram/post/DXot9nzlhTV,your monday energy in one emoji. go ⬇️,2026年4月27日 星期一 下午9:08,,,4086,2344,166,203,https://www.threads.com/@netflixtw/post/DXpDrgRE0yB,,2026年4月28日 星期二 上午12:17,,,32,0,0,0
yu.u7an,https://www.threads.com/@yu.u7an/post/DXlFBxTkZ-C,我會不自覺的使用倒裝句欸我發現,2026年4月26日 星期日 上午11:12,,,31000,585,2145,1206,https://www.threads.com/@netflixtw/post/DXpDiPNE_7k,說真的也還好吧，在這時間再看一集,2026年4月28日 星期二 上午12:16,,,84,0,0,0
c.kyoku_,https://www.threads.com/@c.kyoku_/post/DXmAnHJDz2W,"我只是下載一個許願App
現在它開始倒數24小時是什麼意思？
Netflix不要把劇情做到現實好嗎
我還沒準備好欸
@netflixtw
@netflix",2026年4月26日 星期日 下午7:53,,"May be an image of digital watch, odometer, timer, thermostat and text | May be an image of phone, thermostat, timer, screen and text that says '4:52 5G 87 取得 4+ 鹹 #19 温樂 KO KWONSIWON 소원을 기리고, 간직하세요 소원 이루어질 71212 2원받기 Today 逆戲 App Arcade'",2510,138,31,930,https://www.threads.com/@netflixtw/post/DXpCz8Nk-ry,欸你人呢？,2026年4月28日 星期二 上午12:10,,,1543,3,2,32
yao.exe_9188,https://www.threads.com/@yao.exe_9188/post/DXjqSW9AfCE,"哪句台詞
就算不提演員姓名
也能知道他是誰？",2026年4月25日 星期六 下午9:59,,,5076,2959,50,188,https://www.threads.com/@netflixtw/post/DXn1RhEEzQz,"在他們知道前，我就知道了
你要記得，是我先看到的",2026年4月27日 星期一 下午12:52,,,478,5,0,2
dowob6661234,https://www.threads.com/@dowob6661234/post/DXkFuWREwhw,"徵 會英文的鬼早上9.-12.附身我 幫我考多益
會燒金紙給你
各取所需 以後不互相打擾",2026年4月26日 星期日 上午1:59,,,76000,1051,2062,10000,https://www.threads.com/@netflixtw/post/DXny8uDkxG5,去東風市場找會不會比較快？,2026年4月27日 星期一 下午12:32,,,468,3,0,0
formidzy_itzy,https://www.threads.com/@formidzy_itzy/post/DXj9EqrgWVS,不可能真的有 沒人敢載吧,2026年4月26日 星期日 上午12:43,,May be an image of text that says '기리고 Kwonsiwon 安裝 安裝 超過 超過100次 100 100次 下載次數 A ARC 3+ 3嵗以上 查看詳細資料 再久估但當计的碎用扣十',17000,642,721,6333,https://www.threads.com/@netflixtw/post/DXlN84mE0Hf,明天不想上班的人敢不敢按下錄影鍵,2026年4月26日 星期日 下午12:30,,,4203,5,5,25
kaikaiko,https://www.threads.com/@kaikaiko/post/DXjZU2ojRXp,"
可是……我在義大利🌝🌝🌝",2026年4月25日 星期六 下午7:31,@netflixtw,May be an image of text,29000,120,86,320,https://www.threads.com/@netflixtw/post/DXjjOA5EzY3,那我下禮拜再發一次,2026年4月25日 星期六 下午8:57,,,343,2,0,1
josephlin0_0,https://www.threads.com/@josephlin0_0/post/DXgfdPokawc,台科大最新教授,2026年4月24日 星期五 下午4:28,,,27000,254,885,4495,https://www.threads.com/@netflixtw/post/DXi36Qak2j5,這算是一種雞身嗎,2026年4月25日 星期六 下午2:39,,,2453,7,3,21
suzy11861x,https://www.threads.com/@suzy11861x/post/DXd_yZ8k5-W,"推薦一款曾經很火很好玩
但現在已經沒什麼人在玩的遊戲",2026年4月23日 星期四 下午5:12,,,21000,3482,390,1198,https://www.threads.com/@netflixtw/post/DXge-XoEwlm,魷魚遊戲吧 最後真的沒什麼人了,2026年4月24日 星期五 下午4:23,,,64000,157,411,2135
911_eo,https://www.threads.com/@911_eo/post/DXeOQAigeZw,"你知道今天是什麼日子嗎
.
.
.
.
.
.
昨天是高允貞生日",2026年4月23日 星期四 下午7:18,,,14000,122,88,414,https://www.threads.com/@netflixtw/post/DXeYIGdE7E-,恩雅的手錶變綠色了,2026年4月23日 星期四 下午8:44,,,281,1,0,4
ikea_taiwan,https://www.threads.com/@ikea_taiwan/post/DXdbaGJE3Wi,"IKEA新娃包！寶寶的頂級獨立套房
附被套組、可放小卡、可隨時入住、限卡友✅",2026年4月23日 星期四 上午11:54,,"May be an image of toy, pencil case, sling, pouch and text",29000,402,2173,19000,https://www.threads.com/@netflixtw/post/DXeRaa0k6BP,敢不敢放泥娃娃,2026年4月23日 星期四 下午7:46,,,332,2,1,21
empty_space_fff,https://www.threads.com/@empty_space_fff/post/DXeBNtzEcWv,"
ㄟ??我怎麼沒有!?好怪!真，怪奇物語",2026年4月23日 星期四 下午5:24,@netflixtw,May be a cartoon of text,0,1,0,0,https://www.threads.com/@netflixtw/post/DXeCKYkE1NH,"麻煩你先更新裝置試試看，如果還是持續這個狀況，你可以聯繫我們的線上即時通客服人員尋求協助，週間的早上10點到晚上10點間都會有中文專員喔！
help.netflix.com/zh-tw",2026年4月23日 星期四 下午5:32,,,2,1,0,0
empty_space_fff,https://www.threads.com/@empty_space_fff/post/DXd9ILBkZjp,"
為什麼只有中文配音！？",2026年4月23日 星期四 下午4:48,@netflixtw,,0,1,0,0,https://www.threads.com/@netflixtw/post/DXeAXifk8PW,你想找哪個版本？,2026年4月23日 星期四 下午5:17,,May be a video game screenshot of text,6,1,0,1
song_owo.0_0,https://www.threads.com/@song_owo.0_0/post/DXbb8aAE620,"最舒服的狀態belike
洗好澡
躺在床上有冷氣
沒有尿意
拿著手機
蓋個棉被",2026年4月22日 星期三 下午5:20,,,31000,143,1202,701,https://www.threads.com/@netflixtw/post/DXdtvabEyVu,看了手機上的時間，還是按下下一集,2026年4月23日 星期四 下午2:34,,,16000,30,122,121
nggyu_01xd,https://www.threads.com/@nggyu_01xd/post/DXbOhP9j0tb,"我同時發布了兩張葉子圖片
恭喜你抽到 四葉幸運草
劇透",2026年4月22日 星期三 下午3:23,,May be an image of text,91000,262,1953,575,https://www.threads.com/@netflixtw/post/DXb-ZQ_kzty,留 @車茂熙 看,2026年4月22日 星期三 下午10:21,,,8217,17,61,117
peiyuyaoo,https://www.threads.com/@peiyuyaoo/post/DXYLxYfkyX1,,2026年4月21日 星期二 上午11:01,,,0,0,0,0,https://www.threads.com/@netflixtw/post/DXYW9B6k9Gd,,2026年4月21日 星期二 下午12:39,,,0,0,0,0
wenchi0329_,https://www.threads.com/@wenchi0329_/post/DXVt1yiE6LP,"男友來接機 本來想印武安侯逗我開心
他沒看逐玉結果印錯人😍😍",2026年4月20日 星期一 下午12:02,,,31000,714,283,6210,https://www.threads.com/@netflixtw/post/DXW76LKE2aD,回家⋯就⋯取血祭刀⋯？,2026年4月20日 星期一 下午11:23,,,491,1,0,5
liketeashop,https://www.threads.com/@liketeashop/post/DXWoqtYkXKD,"
真的可以掃嗎😍😏生日快樂",2026年4月20日 星期一 下午8:35,@netflixtw,,0,1,0,0,https://www.threads.com/@netflixtw/post/DXWz4rtk3CL,所以你掃了沒,2026年4月20日 星期一 下午10:13,,,2,0,0,0
jessie_mo.0310,https://www.threads.com/@jessie_mo.0310/post/DXWtj2uH6PM,"
請問…魔法帽的工作室不是今天更新第4集嗎？請問約幾點呢？謝謝",2026年4月20日 星期一 下午9:18,@netflixtw,,0,1,0,0,https://www.threads.com/@netflixtw/post/DXWybSfk8VV,上線了喔！,2026年4月20日 星期一 下午10:00,,,2,1,0,0
kanpingart,https://www.threads.com/@kanpingart/post/DXVymbJEvi6,"No～～～～～
1撕掉再拉開2
2要套回去再拉開3
3再套回去拿著吃不是嗎
我不能接受直接用手摸它🤣🤣🤣",2026年4月20日 星期一 下午12:43,,,9557,569,164,830,https://www.threads.com/@netflixtw/post/DXWyW0Fk6aA,背面標籤停那一下，心也跟著緊張了一下,2026年4月20日 星期一 下午10:00,,,1614,8,2,16
ken_888888_,https://www.threads.com/@ken_888888_/post/DXWCWAomQHO,"
這位也是韓杰嗎?",2026年4月20日 星期一 下午3:00,@netflixtw,,1,1,0,0,https://www.threads.com/@netflixtw/post/DXWDvY8k5Ar,你再看一次頭髮的長度,2026年4月20日 星期一 下午3:12,,,7,1,0,0
jane35512389,https://www.threads.com/@jane35512389/post/DXUSmrEkkxD,,2026年4月19日 星期日 下午10:44,,,0,0,0,0,https://www.threads.com/@netflixtw/post/DXWB0xfE35_,申訴過程中會先被塞一支棒棒糖堵住嘴巴,2026年4月20日 星期一 下午2:56,,,10,1,0,0
yiyi99906,https://www.threads.com/@yiyi99906/post/DXRB9iyGmTq,"
取到後面都忘記對方叫什麼名字",2026年4月18日 星期六 下午4:20,@netflixtw,,0,1,0,0,https://www.threads.com/@netflixtw/post/DXT-AXRk7o_,好想知道到底取過什麼,2026年4月19日 星期日 下午7:44,,,1,0,0,0
sangyyyyy_310,https://www.threads.com/@sangyyyyy_310/post/DW5tDBrkYq5,"目前逐玉已經六刷
對劇情很熟應該問不倒
有問題都可以問我！",2026年4月9日 星期四 下午2:55,,,9627,2724,196,5558,https://www.threads.com/@netflixtw/post/DXObAgGk3Ms,長玉掉下去的懸崖有幾公分？,2026年4月17日 星期五 下午4:02,,,6268,53,7,185
trischang444,https://www.threads.com/@trischang444/post/DXMd-ivmn2o,"
然後我就會幻想
每一個拿火尖槍的男子
背後都有一位三太子看顧著",2026年4月16日 星期四 下午9:49,@sakuryos719,,0,1,0,0,https://www.threads.com/@netflixtw/post/DXMhVHWE-_z,那太子爺有得忙了,2026年4月16日 星期四 下午10:18,,,3,0,0,0
chesterinstagram,https://www.threads.com/@chesterinstagram/post/DXL74Ckk-at,請問遇到龍神太子該注意什麼🙏,2026年4月16日 星期四 下午4:51,,"May be an image of one or more people, people studying, office and text",2090,252,4,39,https://www.threads.com/@netflixtw/post/DXMdinKE8Ko,"netflixtw
乩身
2026-4-16
給路過的人近看一下 火尖槍",2026年4月16日 星期四 下午9:45,,"May be an image of dagger, umbrella, sword and text",250,1,23,3
jingmir,https://www.threads.com/@jingmir/post/DXLqThZlAJ2,"
九龍神火罩，把整棟辦公大樓燒掉(誤",2026年4月16日 星期四 下午2:18,@netflixtw,,15,2,0,0,https://www.threads.com/@netflixtw/post/DXMCFh-kyex,上班的代價真的太痛了,2026年4月16日 星期四 下午5:45,,,7,0,0,0
kaikaiko,https://www.threads.com/@kaikaiko/post/DXLQa8ZCWPG,誒！別打擾太子爺！這裡這裡！在這下面留言,2026年4月16日 星期四 上午10:31,,,7026,284,43,51,https://www.threads.com/@netflixtw/post/DXLjzfCk-pH,下午要一起訂珍奶嗎,2026年4月16日 星期四 下午1:21,,,558,6,1,0
kooriei,https://www.threads.com/@kooriei/post/DXHSy0biUOh,"
這兩個王小明都承受不住",2026年4月14日 星期二 下午9:35,@netflixtw,,8,1,0,0,https://www.threads.com/@netflixtw/post/DXHZzThE_8E,再加上奶奶的干涉 還是玩電腦好了？,2026年4月14日 星期二 下午10:36,,,13,1,0,0
small_small_eye,https://www.threads.com/@small_small_eye/post/DXExBu4Eyn5,"
他會在你耳邊唱「以～個泥娃娃」",2026年4月13日 星期一 下午10:02,@netflixtw,,0,1,0,0,https://www.threads.com/@netflixtw/post/DXEzIUCEzi3,不確定以同事音準，我會先嚇死還是先笑死,2026年4月13日 星期一 下午10:20,,,1,0,0,0
brian770809,https://www.threads.com/@brian770809/post/DXEv6zqE3G-,"這是回覆已無法顯示的貼文
只好派出「乩身」來剋你",2026年4月13日 星期一 下午9:52,,,0,1,0,0,https://www.threads.com/@netflixtw/post/DXEwM0bE_bB,能見到韓杰好像滿划算？,2026年4月13日 星期一 下午9:54,,,4,2,0,0
joker1105ins,https://www.threads.com/@joker1105ins/post/DXDtWPhkxOE,"
當我以為他會把抽出來的棒棒糖放自己嘴裡⋯⋯",2026年4月13日 星期一 下午12:10,@netflixtw,,291,6,0,8,https://www.threads.com/@netflixtw/post/DXEVdL0k8m6,這部片真的不叫社內相親！,2026年4月13日 星期一 下午6:01,,,114,1,0,3
qtygirltree,https://www.threads.com/@qtygirltree/post/DW_xD7Sks2o,,2026年4月11日 星期六 下午11:26,,,0,0,0,0,https://www.threads.com/@netflixtw/post/DXAs2ZLE-LD,這種代言人的手勢，還是拿的照片是三太子😍❓,2026年4月12日 星期日 上午8:08,,,1176,3,1,2
kaikaiko,https://www.threads.com/@kaikaiko/post/DW_MJ27Cc0o,"
齁！我還沒看完不要暴雷啦",2026年4月11日 星期六 下午6:03,@netflixtw,,3574,59,12,14,https://www.threads.com/@netflixtw/post/DW_M-U_E2Ui,三太子有打贏嗎？,2026年4月11日 星期六 下午6:10,,,127,3,0,0
tunnytuna,https://www.threads.com/@tunnytuna/post/DW9Ii8tE57G,"
🗣️🗣️🗣️芙莉蓮頭像",2026年4月10日 星期五 下午10:53,@netflixtw,,1,1,0,0,https://www.threads.com/@netflixtw/post/DW9PXqXk51m,本來只有太子爺看他睡覺現在大家都在看,2026年4月10日 星期五 下午11:53,,,16,1,0,0
shiaujhe,https://www.threads.com/@shiaujhe/post/DW9Mt01Ezsn,"
難怪不救葉子🍃😏",2026年4月10日 星期五 下午11:30,@netflixtw,,26,1,0,1,https://www.threads.com/@netflixtw/post/DW9PRT_k5d2,等一下！雖然但是,2026年4月10日 星期五 下午11:52,,,23,0,0,1
tsuyo_yi,https://www.threads.com/@tsuyo_yi/post/DW884ZxCU_2,"
娃娃有出周邊嗎😍",2026年4月10日 星期五 下午9:11,@netflixtw,"May be an image of people kissing, night and text that says 'kaikaiko 直播中 3,835..• ·… 3,835 X FO Aи 那是誰？？？ 那是誰 ??? paul_ paul_0115 0115 誰 zeuslu1230 230 66666 afa_4_ever ever 這是乱身裡的片段嗎 kyle_keep_it_real 哈哈哈'",80,4,0,1,https://www.threads.com/@netflixtw/post/DW9PF7Ek51i,不是什麼都要買！,2026年4月10日 星期五 下午11:50,,,58,6,0,2
1nyuzj._,https://www.threads.com/@1nyuzj._/post/DW633PcE25Y,講疊字不覺得很曖昧嗎,2026年4月10日 星期五 上午1:49,,,25000,2621,253,2641,https://www.threads.com/@netflixtw/post/DW9DM87k5xT,登登,2026年4月10日 星期五 下午10:07,,,93000,294,951,6177
masagg886,https://www.threads.com/@masagg886/post/DW6gSYsgT5f,"午餐公司是有什麼心事
就不能每天都吃這種正常的食物嗎
一週菜色落差也太大 幹",2026年4月9日 星期四 下午10:23,,"May be an image of pork, cutlet, rice and text",29000,1568,537,9258,https://www.threads.com/@netflixtw/post/DW9CVf4k7Ix,沒有擺花但擺蛋糕，便當完成度也是很高了,2026年4月10日 星期五 下午9:59,,,1072,2,1,6
kaikaiko,https://www.threads.com/@kaikaiko/post/DW8Ac7LifHP,"
尪仔標……我不要",2026年4月10日 星期五 下午12:23,@netflixtw,,1176,34,2,5,https://www.threads.com/@netflixtw/post/DW8DmhCk5hN,你的尪仔標已在路上會騎風火輪前來,2026年4月10日 星期五 下午12:51,,,64,0,0,0
bamau666,https://www.threads.com/@bamau666/post/DW5rJ3_kfwf,"乩身裡面那句「幹 怪奇物語喔」
是不是被刪掉只剩下幹",2026年4月9日 星期四 下午2:39,,,3348,60,21,51,https://www.threads.com/@netflixtw/post/DW6w6TgkybF,"不客氣
netflixtw
乩身
2026-4-7
真・跨界合作",2026年4月10日 星期五 上午12:48,,,469,3,29,18
bai484haku,https://www.threads.com/@bai484haku/post/DW3pywhk0rp,"三太子：光是年輕能打，不是我選你的理由
韓杰：那你選我理由是什麼
三太子：猜？",2026年4月8日 星期三 下午7:48,,,1083,147,14,26,https://www.threads.com/@netflixtw/post/DW4QITeExlj,在場的各位準備好下單身即地獄,2026年4月9日 星期四 上午1:23,,,208,2,0,0
tetsu___12,https://www.threads.com/@tetsu___12/post/DW4M7S1D1p6,"最近這部電視劇也太好看了吧
這個演員陣容也太鑽石！
有柯震東、王柏傑、陳妍霏、楊銘威、薛仕凌、陳以文、戴立忍、趙哥、隋棠、黃嘉千、郭子乾、游安順、鄧志鴻、歪哥、馬志翔、大鶴等等等
每個都是頂級演員～
有人知道是哪部嗎？
期待劇組演員海巡到😊",2026年4月9日 星期四 上午12:55,,,1795,122,1,0,https://www.threads.com/@netflixtw/post/DW4Pp_6E62b,哪部？,2026年4月9日 星期四 上午1:19,,,264,5,0,3
gabby__yea,https://www.threads.com/@gabby__yea/post/DWyilAEEfH7,"求解！！急
我去年不見一副耳機！
我知道那個人租在台北 家裡住在高雄（因為我都有看到他的定位）
但是我剛搭19：45左營發車的車居然連上了
他還跟我坐同一班！！
我該怎麽辦？",2026年4月6日 星期一 下午8:09,,May be an image of map and text that says '7:57 .ll 4G .4G 36 約39悠 持広三油 鶴仁二祭 麗仁表滿 臺南市立沙 臺南市立沙浴屋際高級中等學校 崙園際 高級中等果校 警致线 八路 鶴定卡路 認筆~ 懒 P 小花麵包店 沙崙里 简仁力器 餐 公園 台南市 廠讓北部 新课 北鍋 為面大 11 橫濟牛排 真能大運 國家科學及技術 安暨智慧科技研 慧科技研 格长大进 点仁十五路 信け 充電盒 台南 台南711台灣臺南市歸仁區武東里 現在 x 播放聲音 關閉 尋找 附近 ? 還失配件 顯示聯絡資訊 已啟用 2025年11月22日 開啟',54000,878,1039,11000,https://www.threads.com/@netflixtw/post/DW4Hl3iE5Cx,我都不敢這樣拍,2026年4月9日 星期四 上午12:09,,,20000,29,62,937
mrevolution99,https://www.threads.com/@mrevolution99/post/DW3hH74knIj,"
我覺得他好像乩身裡面的三太子",2026年4月8日 星期三 下午6:33,@sierra0624,,102,3,0,1,https://www.threads.com/@netflixtw/post/DW4ArdLk1tC,傑哥？,2026年4月8日 星期三 下午11:08,,,5,1,0,0
linlinhanli,https://www.threads.com/@linlinhanli/post/DW1mJQ2GOXs,"如果你寫了一本小說
到最後才發現主角就是兇手
你的書末頁的最後一句會寫什麼？",2026年4月8日 星期三 上午12:38,,,24000,1016,768,1281,https://www.threads.com/@netflixtw/post/DW4AnMAk8X5,下一集,2026年4月8日 星期三 下午11:08,,,379,1,0,0
cloudlola1122000,https://www.threads.com/@cloudlola1122000/post/DW26KWEEoGc,"太子爺：欸？說話憑良心啊！
每個任務你自己都有接或不接的權利。
操！我人怎麼這麼好？",2026年4月8日 星期三 下午12:52,,,877,20,18,137,https://www.threads.com/@netflixtw/post/DW4AiJ0E46_,他沒有看盜版,2026年4月8日 星期三 下午11:07,,,286,3,0,0
yohji_wakamoto_,https://www.threads.com/@yohji_wakamoto_/post/DW1DS5sCUnC,女友疑似發現恐龍新種 麥當龍,2026年4月7日 星期二 下午7:33,,May be an image of text,74000,342,4664,26000,https://www.threads.com/@netflixtw/post/DW3R4bHk86X,新·恐龍時代,2026年4月8日 星期三 下午4:19,,,916,4,2,7
nuy6b,https://www.threads.com/@nuy6b/post/DWyJFfokhJv,該怎麼形容這一幕的震撼,2026年4月6日 星期一 下午4:28,,,16000,680,509,1335,https://www.threads.com/@netflixtw/post/DW1ktO5k1d4,"@kaikaiko
的尪仔標還夠用嗎",2026年4月8日 星期三 上午12:25,,,497,3,0,4
kaikaiko,https://www.threads.com/@kaikaiko/post/DWuQNsAkyO2,太子爺！為什麼是我？！,2026年4月5日 星期日 上午4:12,,,11000,559,90,101,https://www.threads.com/@netflixtw/post/DWwYasmk9Ta,這題我會！,2026年4月6日 星期一 上午12:02,,,266,11,0,1
rennn_.1105,https://www.threads.com/@rennn_.1105/post/DWwVYttk70m,,2026年4月5日 星期日 下午11:35,,,0,0,0,0,https://www.threads.com/@netflixtw/post/DWwVzjmE8Ro,你再看一次,2026年4月5日 星期日 下午11:39,,,1,1,0,0
catherine__ventura,https://www.threads.com/@catherine__ventura/post/DWv1DIYDWro,"
Title please",2026年4月5日 星期日 下午6:53,@netflixtw,,0,1,0,0,https://www.threads.com/@netflixtw/post/DWv-ErxE_cT,Agent from Above,2026年4月5日 星期日 下午8:12,,,7,1,0,1
daher2858,https://www.threads.com/@daher2858/post/DWrtrWWk3nJ,"
希望有撮到你的笑點",2026年4月4日 星期六 上午4:31,@darkcornercafe,,100,6,0,0,https://www.threads.com/@netflixtw/post/DWs8POck9uA,"@daher2858
你也有被杰哥戳到",2026年4月4日 星期六 下午3:58,,,2,0,0,0
kaikaiko,https://www.threads.com/@kaikaiko/post/DWqVs2XCZ8G,"不能再自拍了！我要去打鬼了！
不然太子爺又會氣哺哺",2026年4月3日 星期五 下午3:43,,"May be an image of one or more people, bangs and text",13000,367,255,378,https://www.threads.com/@netflixtw/post/DWq6TcAE0ad,要不要一起去泡蓮花池,2026年4月3日 星期五 下午9:02,,,479,5,2,3
tpnnnnn_nn,https://www.threads.com/@tpnnnnn_nn/post/DWoGS-EAXJS,"這是回覆已無法顯示的貼文
他會不會說：「一場天災，一次地震，就死掉多少無辜的人呀？你恨過天嗎？恨過地嗎？我只不過是多殺幾個妖怪，那又怎麼樣哪？」",2026年4月2日 星期四 下午6:50,,,2,1,0,0,https://www.threads.com/@netflixtw/post/DWoMXK3Exgb,到現在還背得出來也是種神力,2026年4月2日 星期四 下午7:43,,,1,0,0,0
_yummy_tw,https://www.threads.com/@_yummy_tw/post/DWk0b3AEfxb,靠！這是什麼啦,2026年4月1日 星期三 下午12:16,,,67000,2099,2271,16000,https://www.threads.com/@netflixtw/post/DWl_6NfExW9,恐龍時代終究是回來了,2026年4月1日 星期三 下午11:15,,,3259,4,3,5
chualicebaby__1104,https://www.threads.com/@chualicebaby__1104/post/DWl6eqIk3O-,"
異獸魔都應該是愚人節確定會上映吧？！",2026年4月1日 星期三 下午10:28,@netflixtw,,1,1,0,0,https://www.threads.com/@netflixtw/post/DWl9q1TE1xl,第2季上了喔！,2026年4月1日 星期三 下午10:56,,,2,0,0,0
chloelee282,https://www.threads.com/@chloelee282/post/DWk5uQogQog,"
同事帥嗎",2026年4月1日 星期三 下午1:02,@netflixtw,,1,1,0,0,https://www.threads.com/@netflixtw/post/DWlVTupE0OS,我只能跟你說，再度驗證了V的完成度在臉,2026年4月1日 星期三 下午5:03,,,13,0,0,0
yao_376293,https://www.threads.com/@yao_376293/post/DWhAe6bE-5n,"
我好像都忘記我有訂閱netfix，現在要追哪一部好",2026年3月31日 星期二 上午12:44,@netflixtw,,0,1,0,0,https://www.threads.com/@netflixtw/post/DWiESP4E3Ta,我都寫出心得了，要不換你看完這部寫給我吧,2026年3月31日 星期二 上午10:36,,,1,0,0,0
m1lliy_,https://www.threads.com/@m1lliy_/post/DWdWN6Xk6gY,出淤泥而全身塗抹均勻,2026年3月29日 星期日 下午2:37,,,150000,4144,19000,43000,https://www.threads.com/@netflixtw/post/DWg0t2Uk0Rk,在天願作比翼鳥，在地願有武安侯,2026年3月30日 星期一 下午11:01,,,3328,10,59,124
christine___lee,https://www.threads.com/@christine___lee/post/DWeNNSUkSwE,"
他們又分手了",2026年3月29日 星期日 下午10:37,@netflixtw,,46,1,0,7,https://www.threads.com/@netflixtw/post/DWgW6LLk_Wy,分分合合的既視感彷彿是身邊的朋友,2026年3月30日 星期一 下午6:41,,,14,0,0,0
whale770718,https://www.threads.com/@whale770718/post/DWaz4rtE5X_,"是不是愛一個人 看什麼都像他⋯
武安侯～ 是你嗎？？？！",2026年3月28日 星期六 下午2:59,,,9790,287,116,4471,https://www.threads.com/@netflixtw/post/DWd6D75kxfo,果然無論什麼身分都堂堂正正,2026年3月29日 星期日 下午7:50,,,865,1,0,1
shan850718,https://www.threads.com/@shan850718/post/DWTV-cCkccB,"有天洗完手 想說怎麼有煙
後來發現是手一直在冒煙🤔
擦乾後也才在冒煙… 挺有趣的😏
有人遇到一樣的情形嗎",2026年3月25日 星期三 下午5:22,,,60000,2893,1006,7431,https://www.threads.com/@netflixtw/post/DWVSPQAj81_,留友看斯摩格,2026年3月26日 星期四 上午11:28,,,4045,10,8,54
j.mie13,https://www.threads.com/@j.mie13/post/DWJgXDqmLt1,"
快啊啊啊啊啊啊啊啊要轉發啊啊啊啊啊",2026年3月21日 星期六 下午9:41,@netflixtw,,0,1,0,0,https://www.threads.com/@netflixtw/post/DWJkiA_j7pO,我會檢查,2026年3月21日 星期六 下午10:17,,,3,0,0,0
nosugeee,https://www.threads.com/@nosugeee/post/DWISWtuEUVc,"我差不多每30秒上去刷刷更新了沒😫
netflixtw
BTS
2026-3-21
準備用使用者圖示證明誰是你的IDOL",2026年3月21日 星期六 上午10:19,,May be pop art of poster and text that says '選擇圖示 經典 歷史 : BTS TRTRECOMEBACKB|ARIRANG oeT THE COMEBACK 演唱會 ARIRANG 浴血黑素 浴血黑素：不朽磨奇 不朽傳奇' | May be an image of poster and text that says 'BTS THE COMEBACK THECOMEBACKLIVE|ARIRANG LIVE ARIRANG oeo RM Jin SUGA j-hope Jimin Jimin V Jung JungKook Kook',800,29,10,103,https://www.threads.com/@netflixtw/post/DWIJViSj1jd,準備用使用者圖示證明誰是你的IDOL,2026年3月21日 星期六 上午9:00,,May be an image of poster and text that says 'BTS THE COMEBACK THECOMEBACKLIVE|ARIRANG LIVE ARIRANG oeo RM Jin SUGA j-hope Jimin Jimin V Jung JungKook Kook',22000,133,1451,3059
eh_so_cute,https://www.threads.com/@eh_so_cute/post/DWIP79oj9I9,"
在哪啊？沒看到啊……….",2026年3月21日 星期六 上午9:58,@netflixtw,,95,2,0,2,https://www.threads.com/@netflixtw/post/DWISce5j5GF,下午三點！,2026年3月21日 星期六 上午10:20,,,88,0,3,6
9596ut,https://www.threads.com/@9596ut/post/DWCB68qE4b_,笑死我了，尤其是第二名的,2026年3月19日 星期四 上午12:00,,,26000,226,1083,8521,https://www.threads.com/@netflixtw/post/DWEjK0Cj69D,我不能笑,2026年3月19日 星期四 下午11:29,,,10000,35,22,118
are._.0925,https://www.threads.com/@are._.0925/post/DV8GcG_E3cQ,"挑戰成為全脆最詭異的樓
每個人打下「嗯」然後瀟灑離去",2026年3月16日 星期一 下午4:44,,,16000,4352,103,116,https://www.threads.com/@netflixtw/post/DWB8yKOjzKZ,,2026年3月18日 星期三 下午11:15,,May be a graphic of poster and text,2273,13,4,11
itspotato_x,https://www.threads.com/@itspotato_x/post/DVypi8NExOp,,2026年3月13日 星期五 上午12:39,,,210000,9867,9438,11000,https://www.threads.com/@netflixtw/post/DV5V0dFj6OF,,2026年3月15日 星期日 下午3:01,,,3540,5,8,3
chenchimai,https://www.threads.com/@chenchimai/post/DVxTysTASqA,"影片記得看到最後！
這幾天，高雄有些可愛驚喜......
草帽海賊團現身！可愛喬巴也悄悄造訪，留下腳印、號誌燈。
.
\ 🛳️ 一起航向偉大的航道吧！ /
媽祖護航！草帽海賊大遊行
3/14㊅ 15:00 高雄港見⚓
遊行起點：海邊路與成功二路交叉口
尋找大秘寶的路上
記得搭乘公共運輸才能全速前進！
🚄 捷運｜三多商圈站出站步行10分鐘即可抵達遊行起點
🚃 輕軌｜高雄展覽館站步行4分鐘、光榮碼頭站步行15分鐘即可抵達",2026年3月12日 星期四 下午12:09,,,6888,89,283,696,https://www.threads.com/@netflixtw/post/DVxl6vVk-Vs,週六一起來瞧喬巴,2026年3月12日 星期四 下午2:48,,,249,0,1,2
97071234z,https://www.threads.com/@97071234z/post/DVtWWNKD4s9,"
這恐龍是實拍的嗎",2026年3月10日 星期二 下午11:15,@netflixtw,,138,7,0,26,https://www.threads.com/@netflixtw/post/DVvn45lE2qj,要是告訴你拍攝地的話，你要去打卡嗎？,2026年3月11日 星期三 下午8:26,,,34,0,0,5
zozo__910,https://www.threads.com/@zozo__910/post/DVurxa0k7hQ,"
超好看 畫面美到懷疑是能免費看的嗎",2026年3月11日 星期三 上午11:41,@netflixtw,,5,2,0,3,https://www.threads.com/@netflixtw/post/DVvbo_sD5iq,你真的免費看的嗎,2026年3月11日 星期三 下午6:39,,,37,3,0,9
ann._.1108,https://www.threads.com/@ann._.1108/post/DVBh_Hlk0mF,2/23 開學 全台上映,2026年2月21日 星期六 下午10:50,,,41000,324,2283,6226,https://www.threads.com/@netflixtw/post/DVD-8Y8D6dm,我不喜歡自己出現在這則貼文,2026年2月22日 星期日 下午9:41,,,10000,15,55,80
__hyj___,https://www.threads.com/@__hyj___/post/DVBkQiJj6BM,漁光島直接被我們拿來翻拍 快笑瘋,2026年2月21日 星期六 下午11:10,,"May be an image of poster, outdoors and text that says '一檔難以預測且極具刺激性的 浪漫真人秀節目 單身即地獄6 世界上最熱的地獄 ONLY ONLYON ON NETFLIX I I 2月29日' | May be an image of one or more people, hair, top, beach and text | May be an image of one or more people, beach and text",110000,776,3920,21000,https://www.threads.com/@netflixtw/post/DVC4c4Aj2wm,WOW,2026年2月22日 星期日 上午11:25,,,16000,21,4,120
usedadosnolem,https://www.threads.com/@usedadosnolem/post/DUzwaiXEZiL,"
演算法hhhh 🤣",2026年2月16日 星期一 下午2:26,@netflixtw,"May be a Twitter screenshot of slow loris, meerkat, wallaby, sloth, squirrel and bread",35,1,0,0,https://www.threads.com/@netflixtw/post/DUz5fs5j2_7,你按他讚不按我hhhh,2026年2月16日 星期一 下午3:46,,,64,0,0,3
iris.photography2025,https://www.threads.com/@iris.photography2025/post/DUuSo7hj_m9,"
我怎麼沒印象這段對話",2026年2月14日 星期六 上午11:30,@netflixtw,,14,2,0,1,https://www.threads.com/@netflixtw/post/DUuTbBZk_s7,未釋出片段,2026年2月14日 星期六 上午11:37,,,141,2,0,2
leanrose8091,https://www.threads.com/@leanrose8091/post/DUSt53lkboF,"老公最近都不碰我
次數下降很多，晚上關燈就直接睡死
問姐妹都說多半是外面有人了 要我自己注意
用家裡電腦查東西的時候看到搜尋紀錄
一看不得了
在線問...我要問他嗎",2026年2月3日 星期二 下午6:30,,May be an image of screen,18000,1269,114,3879,https://www.threads.com/@netflixtw/post/DUVjcBHD7LY,可以問他那四分鐘發生什麼事嗎,2026年2月4日 星期三 下午8:56,,,20000,60,28,191
yishai.__,https://www.threads.com/@yishai.__/post/DULQLGmk7YP,"
我家的在追劇沒跟到⋯⋯",2026年1月31日 星期六 下午8:55,@stupid_dog_nua,May be an image of tablet and bed,8281,12,32,461,https://www.threads.com/@netflixtw/post/DUNl7s1D6xF,地獄島這邊排隊嗎,2026年2月1日 星期日 下午6:44,,,7,2,0,0
linray.chang,https://www.threads.com/@linray.chang/post/DUK-JsfAoSV,"這家蝦皮店的時空似乎不太穩定。
不過我還是冒著穿越的風險把包裹搶救出來了！",2026年1月31日 星期六 下午6:18,,,46000,391,675,2764,https://www.threads.com/@netflixtw/post/DUM8PlAj45F,真的沒有聯名,2026年2月1日 星期日 下午12:39,,,23000,31,74,397
gugububugugu,https://www.threads.com/@gugububugugu/post/DT2h5BbEpwf,"
請問Alex Honnold爬完沒？
好想知道他現在的進度
有人可以分享一下嗎？🥹",2026年1月23日 星期五 下午7:46,@netflixtw,,39,1,0,1,https://www.threads.com/@netflixtw/post/DT2pof7D8-A,明天早上9點直播,2026年1月23日 星期五 下午8:53,,,127,2,0,7
z131023,https://www.threads.com/@z131023/post/DTx21s2klkk,,2026年1月22日 星期四 上午12:13,,,0,0,0,0,https://www.threads.com/@netflixtw/post/DT0TNWRE4G8,這邊可不可以掛這樣,2026年1月22日 星期四 下午10:59,,No photo description available.,932,11,1,16
fortunexx77116,https://www.threads.com/@fortunexx77116/post/DTy1u41k0xV,"老天爺你就繼續下雪吧
我騎車一點都不想哭一點都不狼狽",2026年1月22日 星期四 上午9:22,,No photo description available. | No photo description available.,52000,764,1117,6517,https://www.threads.com/@netflixtw/post/DT0SNHRk9TA,別chill了來我家Netflix,2026年1月22日 星期四 下午10:50,,No photo description available.,1261,5,4,16
janet_chia_,https://www.threads.com/@janet_chia_/post/DT0PAmhjyLI,怎麼辦我陷入一個無法控制的狀態，一直吃一直吃一直吃！要怎麼停啊？,2026年1月22日 星期四 下午10:22,,No photo description available.,4928,117,16,29,https://www.threads.com/@netflixtw/post/DT0Rs69k3nt,週六要一起吃東西看直播嗎,2026年1月22日 星期四 下午10:46,,,210,2,0,2
timitimi0505,https://www.threads.com/@timitimi0505/post/DTyWd3Lk0UG,"為什麼要徒手攀爬101
不直接搭電梯?",2026年1月22日 星期四 上午4:49,,No photo description available.,97000,1254,1014,4557,https://www.threads.com/@netflixtw/post/DT0QJtQE_y8,然後這篇比我發的預告還多人看到,2026年1月22日 星期四 下午10:32,,,64000,127,155,1312
klsh0322,https://www.threads.com/@klsh0322/post/DTu2HZIk6E6,"追蹤klsh0322怪奇物語 更多怪奇物語進入高中段考讚7,344 轉發489",2026年1月20日 星期二 下午8:09,,No photo description available. | No photo description available.,,,,,https://www.threads.com/@netflixtw/post/DTvKUsbj0p3,"追蹤netflixtw已驗證 原作者說讚更多答不出來還可以像Max一樣畢業嗎讚1,392 轉發9",2026年1月20日 星期二 下午11:05,,,,,,
kemijhong,https://www.threads.com/@kemijhong/post/DTkOJd3kXiB,追蹤kemijhong 更多正在回覆@netflixtw小編你怎麼知道🤣🤣🤣讚5 轉發分享,2026年1月16日 星期五 下午5:07,,,,,,,https://www.threads.com/@netflixtw/post/DTkPZokD7Zd,追蹤netflixtw已驗證 更多好想當無現金英雄讚4回覆轉發分享,2026年1月16日 星期五 下午5:18,,,,,,
_lc1c_,https://www.threads.com/@_lc1c_/post/DTjnYK2EVqM,追蹤_lc1c_ 更多有種不真實感 就是明天了 雖然很緊張但心裡蠻踏實的 相信自己就好 我可以的 讚1.9 萬回覆221 分享78,2026年1月16日 星期五 上午11:28,,,,,,,https://www.threads.com/@netflixtw/post/DTjrwAwjzF8,#周處除三害已靜音讚44回覆轉發5分享2讚350回覆轉發1分享2,2026年1月16日 星期五 下午12:06,,,,,,
ftkhe_13,https://www.threads.com/@ftkhe_13/post/DTajOT7k0l5,"描寫絕交
但是不能提到「絕交」
文體不限讚1,532回覆742轉發30分享65",2026年1月12日 星期一 下午10:59,,,,,,,https://www.threads.com/@netflixtw/post/DTfFD7AD-NR,追蹤netflixtw已驗證 更多我昨天先追完了讚394回覆轉發分享1,2026年1月14日 星期三 下午5:11,,,,,,
pprrii0102,https://www.threads.com/@pprrii0102/post/DTZHqf-j0SK,"「我陪妳去」
哪句話比較心動？ 1/2讚8,505回覆939轉發121分享318",2026年1月12日 星期一 上午9:39,,,,,,,https://www.threads.com/@netflixtw/post/DTfExraj-qI,追蹤netflixtw已驗證 原作者說讚更多我哪裡都不想去讚917 轉發1,2026年1月14日 星期三 下午5:09,,,,,,
janet_chia_,https://www.threads.com/@janet_chia_/post/DTebl3EDxPl,"但是頂尖高手再神再厲害也要有瘋子董事長願意擔當！一般董事長應該已腿軟⋯⋯⋯
好我承認我腿很軟（有夠高，我只能站一條鋼圈）但是我就是有勇氣站上去接受挑戰！
Team 101 My team讓我們一起完成這個不可能的任務！
#瘋子般的勇氣
#1/24早上九點直播
#Netflix讚3.0 萬回覆580轉發396分享2,769",2026年1月14日 星期三 上午11:09,,No photo description available. | No photo description available. | No photo description available. | No photo description available. | No photo description available. | No photo description available.,,,,,https://www.threads.com/@netflixtw/post/DTfEb40D_8S,"追蹤netflixtw已驗證 更多可以用紅手套幫我比個N嗎讚1,390 轉發分享10",2026年1月14日 星期三 下午5:06,,,,,,
yuchen_1211,https://www.threads.com/@yuchen_1211/post/DTacXl9kmhd,"追蹤yuchen_1211已驗證 更多我覺得你們可以在沒人聊天的狀態下每天熬夜真的是蠻屌的讚5,436 轉發195",2026年1月12日 星期一 下午9:59,,,,,,,https://www.threads.com/@netflixtw/post/DTcVm8gj3Me,追蹤netflixtw已驗證 更多您還在看嗎？讚854 轉發3,2026年1月13日 星期二 下午3:38,,,,,,
_lc1c_,https://www.threads.com/@_lc1c_/post/DTULPfGkSGx,"實在是太好吃了真的 每一道都超級驚艷 大滿足 1/2讚7 萬回覆306轉發790分享4,509",2026年1月10日 星期六 上午11:34,,No photo description available. | No photo description available. | No photo description available. | No photo description available. | No photo description available. | No photo description available. | No photo description available. | No photo description available. | No photo description available. | No photo description available. | No photo description available.,,,,,https://www.threads.com/@netflixtw/post/DTUW1Q8Dzzv,"追蹤netflixtw已驗證 原作者說讚更多看你吃美味加倍😍✨讚4,021 轉發分享7",2026年1月10日 星期六 下午1:15,,,,,,
debbygigigi,https://www.threads.com/@debbygigigi/post/DCDutLFzopb,"在這邊建議 黑白大廚 第二屆的無限料理地獄的食材可以使用紅蘿蔔🥕
我就不信紅蘿蔔可以做出20道料理",2024年11月7日 星期四 下午1:23,,,10000,520,259,2855,https://www.threads.com/@netflixtw/post/DTP4VqDEx7x,,2026年1月8日 星期四 下午7:32,,,0,0,0,0
w_in_love1213,https://www.threads.com/@w_in_love1213/post/DTJWEtyEmlg,"
第一個：",2026年1月6日 星期二 上午6:37,@5.bjo4d93,No photo description available.,6155,8,23,148,https://www.threads.com/@netflixtw/post/DTK3c_5E30-,,2026年1月6日 星期二 下午8:48,,,298,0,0,1
therethere2018,https://www.threads.com/@therethere2018/post/DS-M6KpgYwt,"
在💖那年剛結婚一年，現在結婚也11年了！",2026年1月1日 星期四 下午10:45,@netflixtw,,14,1,0,0,https://www.threads.com/@netflixtw/post/DS-Sn3Uk9hb,還自己放一個11年彩蛋,2026年1月1日 星期四 下午11:35,,,5,0,0,0
evergreen666666,https://www.threads.com/@evergreen666666/post/DS68vk1DyBi,"
5分鐘一個單位的話可以約到料理怪物，2分鐘一個單位的話可能可以約到孫鍾元🤓",2025年12月31日 星期三 下午4:26,@netflixtw,,26,1,0,0,https://www.threads.com/@netflixtw/post/DS7U-RiD6Hj,難怪最後我還是自己跨年,2025年12月31日 星期三 下午7:58,,,4,0,0,0
slash_ethan,https://www.threads.com/@slash_ethan/post/DS1s9Prj-FD,跨年,2025年12月29日 星期一 下午3:32,,,0,0,0,0,https://www.threads.com/@netflixtw/post/DS2KglBD2M4,遙控器可以給我嗎,2025年12月29日 星期一 下午7:50,,No photo description available.,2561,10,2,13
chilllax0804,https://www.threads.com/@chilllax0804/post/DSpw_3Uga76,"
我就問 小塚衣服哪裡買",2025年12月25日 星期四 上午12:16,@netflixtw,,1,1,0,0,https://www.threads.com/@netflixtw/post/DSp24JhE7qq,浴袍那件好不好,2025年12月25日 星期四 上午1:08,,,1,1,0,0
bird.bath_youtube,https://www.threads.com/@bird.bath_youtube/post/DSkhnbVDWLI,"
Taiwan netflix
youtube.com
Bird Bath",2025年12月22日 星期一 下午11:26,@netflixtw,Bird Bath,0,1,0,0,https://www.threads.com/@netflixtw/post/DSlrOiuk7hG,這bir是我要d,2025年12月23日 星期二 上午10:09,,,3,1,0,0
rabiru1124,https://www.threads.com/@rabiru1124/post/DSiOSnuDeIZ,"在阿聯酋航空想喝氣泡水心裡明明想的是：soda water
嘴巴卻對著空姐說： 請給我soda pop
要不是杜拜航程遙遠差點想原地飛回台灣🥹",2025年12月22日 星期一 上午1:58,,,7307,37,100,488,https://www.threads.com/@netflixtw/post/DSkK1rbE13U,奪（魂）門而出,2025年12月22日 星期一 下午8:07,,,330,0,1,3
i_a_m_gloomy,https://www.threads.com/@i_a_m_gloomy/post/DScPBTgEv8u,"
欸 不知道單純只有火爐的影片還有嗎 可以配著看🤣",2025年12月19日 星期五 下午6:09,@netflixtw,,0,1,0,0,https://www.threads.com/@netflixtw/post/DSccqQAk7Dk,有是有但現在看不會太熱嗎,2025年12月19日 星期五 下午8:08,,,3,1,0,0
yilin1781,https://www.threads.com/@yilin1781/post/DSZ6SUED3Rv,"
工作我自己找
想要歐陽媽咪叫我寶貝😍（被揍",2025年12月18日 星期四 下午8:30,@netflixtw,,1,1,0,0,https://www.threads.com/@netflixtw/post/DSbOJErk4kE,叫你寶貝快快睡,2025年12月19日 星期五 上午8:42,,,2,0,0,0
bird.bath_youtube,https://www.threads.com/@bird.bath_youtube/post/DSYya-8jFFA,"
How to choose
youtube.com
Bird Bath (1519) 🦅🚿",2025年12月18日 星期四 上午10:02,@netflixtw,Bird Bath (1519) 🦅🚿,3,1,0,0,https://www.threads.com/@netflixtw/post/DSYy0DkD9oe,bird不選,2025年12月18日 星期四 上午10:05,,,5,1,0,0
lin.__01__21,https://www.threads.com/@lin.__01__21/post/DSWG7PakrY3,每天的晚餐 蛤這樣吃真的都吃很好嗎,2025年12月17日 星期三 上午9:03,,No photo description available. | No photo description available. | No photo description available. | No photo description available. | No photo description available. | No photo description available. | No photo description available. | No photo description available. | No photo description available. | No photo description available. | No photo description available. | No photo description available. | No photo description available. | No photo description available. | No photo description available.,40000,461,721,2543,https://www.threads.com/@netflixtw/post/DSWxy-UkbrV,已知至少有12個晚上在看怪奇物語,2025年12月17日 星期三 下午3:18,,,9071,10,20,54
xt.for.taiwan,https://www.threads.com/@xt.for.taiwan/post/DSUhfDZDyIy,"快訊⚠️
麥當勞推出了一款名為「派對薯條」的超大薯條。
每盒售價 99 台幣（約 2.70 美元）",2025年12月16日 星期二 下午6:17,,No photo description available. | No photo description available.,72000,794,2698,32000,https://www.threads.com/@netflixtw/post/DSWh3Jpkafv,終於找到可以配怪奇物語長度的點心了,2025年12月17日 星期三 下午12:58,,,4153,15,18,125
chiaochiao_hsia,https://www.threads.com/@chiaochiao_hsia/post/DSWbL06D13b,"沒想到，我在2025年末終於得到最大的獎了🎁
⁡
Dear baby❤️
⁡
謝謝你來到我的身邊，
謝謝你讓我開啟了新的旅程，
雖然有很多未知與冒險，
但這個新身分，我期待許久了，
所以我會努力珍惜我們互相陪伴的每一刻，
謝謝你成為2025年我最棒的禮物。
謝謝所有美好的緣分與祝福。
⁡
By Mom❤️
⁡
「現在開始，心跳聲有了兩種節奏，一個是我，一個是要用餘生守護的你🥰」
⁡
⁡
#我的馬寶寶 #幸福準媽咪 #聖誕禮物 #NewBeginning",2025年12月17日 星期三 下午12:00,,No photo description available. | No photo description available.,29000,258,67,534,https://www.threads.com/@netflixtw/post/DSWho6REWaA,恭喜喬喬🍼🐴✨,2025年12月17日 星期三 下午12:57,,,243,0,0,0
kimberlyveena,https://www.threads.com/@kimberlyveena/post/DSUH9o3E-aU,"
在醫院工作的我必須說，劇情設計服用巴拉刈，展現讓他必死的決心。
在臨床上，巴拉刈中毒一開始即造成口腔與食道的腐蝕性傷害，隨後因系統性吸收導致多重器官受損，最終常因肺部選擇性蓄積，引發不可逆的肺纖維化與呼吸衰竭而死亡。
而且我也沒看過有成功救回來的案例。例。
當然我也沒看過有救回來的。",2025年12月16日 星期二 下午2:34,@netflixtw,,83,1,0,5,https://www.threads.com/@netflixtw/post/DSUKWHPD1tf,多打的那個例看來也是救不回來,2025年12月16日 星期二 下午2:55,,,67,2,0,3
_moon_im_,https://www.threads.com/@_moon_im_/post/DSAhMe9ATJ6,"一直很想知道
全家跟Netflix的小編
是「一個」還是「一群」？",2025年12月8日 星期一 下午11:49,,,30000,976,681,3166,https://www.threads.com/@netflixtw/post/DSIbyZvEoGm,我們是一個大平台,2025年12月12日 星期五 上午1:36,,,5583,18,3,29
jeffrey0932,https://www.threads.com/@jeffrey0932/post/DR93VjEkote,心情很Down 的時候要做什麼,2025年12月7日 星期日 下午11:05,,,616,180,3,14,https://www.threads.com/@netflixtw/post/DSANblvD2pp,唱golden we’re going up up up,2025年12月8日 星期一 下午8:57,,,153,0,0,3
__millllllie__,https://www.threads.com/@__millllllie__/post/DR_riZVE2mK,"各位觀眾！朴寶劍擁有悠遊卡了！他騎到UBike了！！！！！
bogummy",2025年12月8日 星期一 下午4:00,,"Photo by 박보검 PARK BO GUM on December 07, 2025.",57000,207,688,1263,https://www.threads.com/@netflixtw/post/DSANN73D55J,苦盡柑來遇劍你🍊,2025年12月8日 星期一 下午8:55,,,6539,2,13,17
ehanlin.tw,https://www.threads.com/@ehanlin.tw/post/DR9qlZVj7PR,"果然這三種話絕對不能相信
喜歡恐怖片的人「一點也不可怕喔」
喜歡吃辣的人「一點也不辣啊」
還有數學老師「這題不難阿」",2025年12月7日 星期日 下午9:14,,,7996,64,532,545,https://www.threads.com/@netflixtw/post/DSAMq9CD6Ay,還有我的「再看一集就睡」,2025年12月8日 星期一 下午8:50,,,742,6,2,9
chen_g_7,https://www.threads.com/@chen_g_7/post/DR_F4NQkqr_,"我要再來跟各位宣導一下
雖然看起來很邪教
但真的蠻搭的！",2025年12月8日 星期一 上午10:32,,,7392,1636,330,7085,https://www.threads.com/@netflixtw/post/DSAMGFej0SH,我不喜歡你這道菜的邏輯,2025年12月8日 星期一 下午8:45,,,172,1,0,0
wzxwnhl,https://www.threads.com/@wzxwnhl/post/DR-JhcykjXX,"你的意思是
12/24平安夜
12/25聖誕節
12/31跨年
1/1元旦
1/14情人節
1/16除夕
你是一個人過 是嗎？",2025年12月8日 星期一 上午1:44,,,33000,1820,2186,6676,https://www.threads.com/@netflixtw/post/DSAL1_5j1uU,"有人要來我家追劇嗎
沒有的話我一個人追也是可以",2025年12月8日 星期一 下午8:43,,,154,3,0,3
kkkkkkai_31,https://www.threads.com/@kkkkkkai_31/post/DR_ZbstD3Pb,怪奇物語還沒完結 第六季在台灣取景,2025年12月8日 星期一 下午1:26,,,4162,18,199,427,https://www.threads.com/@netflixtw/post/DSAKpN6DzW7,需要我幫你打給will嗎,2025年12月8日 星期一 下午8:32,,,345,0,0,3
yoi_46_,https://www.threads.com/@yoi_46_/post/DRZiYMWEllc,"你不可能用幾個字猜出一首歌:
登 登登 登登 登登登",2025年11月23日 星期日 下午8:29,,,20000,366,185,397,https://www.threads.com/@netflixtw/post/DRbkdT8j8OG,我猜得出登登,2025年11月24日 星期一 下午3:26,,,1901,2,6,4
fuwamoco.is.my.wife,https://www.threads.com/@fuwamoco.is.my.wife/post/DRMcf6OEQId,"剛剛看Netflix看到火影
想說來看一下，21季 。
不看了",2025年11月18日 星期二 下午6:28,,No photo description available.,13000,828,491,2639,https://www.threads.com/@netflixtw/post/DROiwgTj_k5,一袋米扛幾樓(𖣠_𖣠),2025年11月19日 星期三 下午2:01,,,1078,6,1,1
tang__o8,https://www.threads.com/@tang__o8/post/DRFTbBUgUI1,到底要怎麼哄男生⋯我不會,2025年11月15日 星期六 下午11:54,,No photo description available.,41000,1107,582,4274,https://www.threads.com/@netflixtw/post/DRJ6IiNEX4u,劇透,2025年11月17日 星期一 下午6:49,,No photo description available.,5658,17,44,114
lyuu1q,https://www.threads.com/@lyuu1q/post/DRHIv0Cj3p2,欸你們不覺得最近有一種超想談的衝動，就是感覺快要談戀愛了心裡有點悸動，但其實連曖昧對象都還沒有。,2025年11月16日 星期日 下午4:59,,,17000,127,1789,1950,https://www.threads.com/@netflixtw/post/DRJTZD3Dwqi,"萬事俱全只差對象
✅ Netflix
❌ 陪我看的人",2025年11月17日 星期一 下午1:11,,,209,0,2,1
conan._anime,https://www.threads.com/@conan._anime/post/DRHEof1k_86,安室透：這我熟,2025年11月16日 星期日 下午4:23,,No photo description available.,4669,32,176,305,https://www.threads.com/@netflixtw/post/DRJTAUtDzWm,"安啦⋯
劇透",2025年11月17日 星期一 下午1:07,,No photo description available.,429,1,0,0
248_sura,https://www.threads.com/@248_sura/post/DRHj8XEj7c1,"我：欸猜這部是什麼。
友：蛤？你已經老到沒在看大眾動畫了嗎？這不是間諜家家酒嗎？
我：欸wwww不是wwww我沒那麼老！不是！不是間諜家家酒啦！！！
是銀他媽！！！",2025年11月16日 星期日 下午8:57,,No photo description available. | No photo description available.,3274,30,98,452,https://www.threads.com/@netflixtw/post/DRJSQegEgjj,道歉信比存證信函還快的動漫😍,2025年11月17日 星期一 下午1:01,,,342,7,0,4
kaiyouzeng,https://www.threads.com/@kaiyouzeng/post/DQ_OYJSicpa,"這個影片拍了將近一年
剪的時間也比平常久很多
沒有華麗的特效
沒有過多的包裝和設計
只是單純我們兩個生活紀錄的呈現
剛好這也是她喜歡的樣子
而我們吵吵鬧鬧的生活還是會續寫下去",2025年11月13日 星期四 下午3:15,,,20000,426,2943,3835,https://www.threads.com/@netflixtw/post/DRBjx3Gj3Oh,我相信還是有童話故事般的愛情😍,2025年11月14日 星期五 下午1:00,,,607,1,0,5
_.lun02,https://www.threads.com/@_.lun02/post/DQ39riuj9_I,"在家我只需要
就可以「浪費一整天」",2025年11月10日 星期一 下午7:34,,No photo description available.,67000,696,3991,3693,https://www.threads.com/@netflixtw/post/DQ5p-gIkq-j,,2025年11月11日 星期二 上午11:20,,,37000,265,115,141
kiazen_.7,https://www.threads.com/@kiazen_.7/post/DQt7S4kDyZf,"世界上最快破壞友誼的方法：
背刺❌
告白✅",2025年11月6日 星期四 下午10:00,,,29000,139,1061,2437,https://www.threads.com/@netflixtw/post/DQwAvNRD6Mj,暴雷🔥,2025年11月7日 星期五 下午5:26,,,815,4,2,5
rayray_0316,https://www.threads.com/@rayray_0316/post/DQq5DhPiaU7,"我眼中的學校老師Belike:
劇透",2025年11月5日 星期三 下午5:43,,No photo description available.,9413,7,850,1038,https://www.threads.com/@netflixtw/post/DQtlg1Pkv8m,"堪比咒言師
劇透",2025年11月6日 星期四 下午6:50,,No photo description available.,486,3,1,3
rae.sjl,https://www.threads.com/@rae.sjl/post/DQrjgeyEhp3,,2025年11月5日 星期三 下午11:54,@netflixtw,No photo description available.,45,2,2,0,https://www.threads.com/@netflixtw/post/DQsxi_AD__6,你有點狠⋯,2025年11月6日 星期四 上午11:16,,,7,0,0,0
y2llin_,https://www.threads.com/@y2llin_/post/DQouUYijxXs,你們有沒有那種明明沒事然後突然很想大叫的時候,2025年11月4日 星期二 下午9:31,,,11000,146,1899,1006,https://www.threads.com/@netflixtw/post/DQq6lK-kr2B,Like I'm BORN TO BEEEEEEEEEE,2025年11月5日 星期三 下午5:56,,,96,0,0,0
fnzmdnlf,https://www.threads.com/@fnzmdnlf/post/DQnbVfDk6dU,"要說這個女人有多瘋
他真的考到諮商師證照了😍😍😍
珉鴻諮商室正式開張！
炫耀證照真的有夠可愛🥰🥰
(節錄自쪼대로민홍
@youtube
)",2025年11月4日 星期二 上午9:27,,,38000,121,1227,8815,https://www.threads.com/@netflixtw/post/DQnk_bWj8TM,珉間高手,2025年11月4日 星期二 上午10:50,,,2667,2,2,34
june_cristalle_huang,https://www.threads.com/@june_cristalle_huang/post/DQmVcEtCZOs,"歷經過疾病的痛苦，重獲健康的人，才能如此虔誠祈禱地為他所認識的人，也包括他自己，身體健康！
宇彬啊！要健健康康的喔！",2025年11月3日 星期一 下午11:21,,,41000,99,362,220,https://www.threads.com/@netflixtw/post/DQnhUG3jxpm,🧞：給他實現幾個願望都可以🥺！,2025年11月4日 星期二 上午10:18,,,809,2,0,3
oohhpps,https://www.threads.com/@oohhpps/post/DQZMSHMAb67,眼鏡被同學壓壞，後來他幫我修好了,2025年10月29日 星期三 下午8:45,,No photo description available.,160000,2058,5724,27000,https://www.threads.com/@netflixtw/post/DQbLGNxkiY1,"幫漏壺也準備一副眼鏡
這樣他才能看清楚跟五條的實力差距",2025年10月30日 星期四 下午3:13,,No photo description available.,5809,13,45,87
scthaen1ey,https://www.threads.com/@scthaen1ey/post/DQZj0YvD9lE,怪奇物語011用超能力讓可樂壓縮居然不是後製的好酷,2025年10月30日 星期四 上午12:11,,,10000,10,376,709,https://www.threads.com/@netflixtw/post/DQbKIrrj4YR,大氣壓力就是她的超能力🩸,2025年10月30日 星期四 下午3:05,,,495,1,1,0
ktgn556412,https://www.threads.com/@ktgn556412/post/DQJd548k1cO,"小巨蛋的馬雷人請注意
我要走過去了😠🩼",2025年10月23日 星期四 下午6:12,,,55000,524,2876,10000,https://www.threads.com/@netflixtw/post/DQJkz9lkoo_,你坐啊,2025年10月23日 星期四 下午7:11,,,5642,2,13,37
c.h_zhou666,https://www.threads.com/@c.h_zhou666/post/DQHONTbiImP,"果然是特種兵女團
立體機動裝置用的那麼好",2025年10月22日 星期三 下午9:19,,,6984,28,807,1671,https://www.threads.com/@netflixtw/post/DQIu4HBkSOf,不愧是在主席肋骨下跳舞的女團（誤,2025年10月23日 星期四 上午11:20,,,394,3,1,8
fotoallison,https://www.threads.com/@fotoallison/post/DQFMylHklXS,跟會呼呼的女偶像合影好開勳❤️🍳🧑‍🍳,2025年10月22日 星期三 上午2:24,,No photo description available. | No photo description available.,5902,19,29,37,https://www.threads.com/@netflixtw/post/DQGRFmCD4W6,讓食物變好吃的魔法是呼呼嗎✨,2025年10月22日 星期三 下午12:21,,,64,0,0,0
yu_ting05.16,https://www.threads.com/@yu_ting05.16/post/DQCEqmIiT2J,"最近想談戀愛了
麻煩各位脆友一人一句用男友不耐煩的語氣
勸退我",2025年10月20日 星期一 下午9:16,,,46000,5195,2203,9484,https://www.threads.com/@netflixtw/post/DQEe4eWEveC,啊就一起看Netflix是會怎樣？,2025年10月21日 星期二 下午7:43,,,2871,14,13,46
bighpoker,https://www.threads.com/@bighpoker/post/DP6GGtlks-w,"我蠻確定我有另外一個人格「關掉我鬧鐘人格」，
而且我們彼此不共享記憶。
「他不知道我有重要的事情，我也不知道他什麼時候關掉鬧鐘」。",2025年10月17日 星期五 下午6:54,,,15000,43,2529,3328,https://www.threads.com/@netflixtw/post/DP7mwihks6I,"我也蠻確定我有「再看一集人格」
我根本沒記憶 為什麼一下子就到早上了⋯",2025年10月18日 星期六 上午8:59,,,355,1,1,8
pisces0302_uuuuuuuu,https://www.threads.com/@pisces0302_uuuuuuuu/post/DP38dI1kb63,你們會不會有那種 看到喜歡的人在跟別人聊天，心臟就會有一種酸痛的感覺,2025年10月16日 星期四 下午10:52,,,28000,266,2229,1859,https://www.threads.com/@netflixtw/post/DP6SWjyj_-Q,"長大你就知道除了躺著追劇
其他時間都是酸痛的感覺",2025年10月17日 星期五 下午8:41,,,8625,50,197,168
_this_is_154_,https://www.threads.com/@_this_is_154_/post/DP4V8zmkmlm,村田 大家都發別人 沒關係 我發你！,2025年10月17日 星期五 上午2:34,,No photo description available. | No photo description available. | No photo description available. | No photo description available. | No photo description available.,4258,27,71,192,https://www.threads.com/@netflixtw/post/DP6R5qGD3R0,您有一顆守護田心😍,2025年10月17日 星期五 下午8:37,,,429,0,1,0
junn_617,https://www.threads.com/@junn_617/post/DPxaV8FkvjK,"火鍋裡的芋頭為甚麼會蔓延開來
.
.
因為領芋展開
劇透",2025年10月14日 星期二 上午9:58,,No photo description available.,12000,185,1123,4474,https://www.threads.com/@netflixtw/post/DPyO280D_AH,伏魔芋廚子,2025年10月14日 星期二 下午5:37,,,3133,1,43,82
yryk._l520,https://www.threads.com/@yryk._l520/post/DPv6zmGkYYG,我今天真的去眼科…,2025年10月13日 星期一 下午8:03,,No photo description available. | No photo description available. | No photo description available. | No photo description available. | No photo description available. | No photo description available. | No photo description available. | No photo description available. | No photo description available. | No photo description available. | No photo description available.,12000,118,384,2114,https://www.threads.com/@netflixtw/post/DPxa7i5EhrQ,眼藥水點下去你會看得很通透👁️,2025年10月14日 星期二 上午10:03,,,802,0,0,4
chat._gemini,https://www.threads.com/@chat._gemini/post/DPjUTr6k0zH,"下個連假的我
：如何在三天讀完段考範圍",2025年10月8日 星期三 下午10:36,,,10000,43,1923,1548,https://www.threads.com/@netflixtw/post/DPlxMD3j_uB,我：再看一集,2025年10月9日 星期四 下午9:27,,,1748,2,20,71
paopao_1202,https://www.threads.com/@paopao_1202/post/DPdSp1PkuBK,帶殼的蝦子看著真的沒胃口,2025年10月6日 星期一 下午2:26,,No photo description available.,52000,438,4114,6715,https://www.threads.com/@netflixtw/post/DPh64HHD6rB,"「看起來是滿華麗的，但其實就是麥飯」
「謝謝你，我最喜歡吃麥飯🤤」",2025年10月8日 星期三 上午9:35,,No photo description available.,612,1,6,2
shaoqianhuang,https://www.threads.com/@shaoqianhuang/post/DPdl2u-jvjZ,"今天真的太爽啦
在送貨的途中竟然撿到紅包欸",2025年10月6日 星期一 下午5:14,,No photo description available. | No photo description available.,42000,2241,528,2796,https://www.threads.com/@netflixtw/post/DPfvOZ3jz4t,我也想要撿宏包🧧,2025年10月7日 星期二 下午1:14,,No photo description available.,4037,7,35,33
ancillarypower_tw,https://www.threads.com/@ancillarypower_tw/post/DPQB-2ck0kN,"不知道大家會不會好奇
每一間公司的小編長什麼樣子
我超好奇
全聯、全家、IKEA、蝦皮、巨城之類的
會不會是個超好笑又超帥超美的人🧐",2025年10月1日 星期三 上午10:50,,,2768,398,21,134,https://www.threads.com/@netflixtw/post/DPTdyLDj9Sr,嗯？,2025年10月2日 星期四 下午6:51,,,141,2,0,1
jww.jin,https://www.threads.com/@jww.jin/post/DPNIfWgEk6g,倫敦第一場Mayhem Ball找來了《星期三》的狼女&隱形妹一起跳The Dead Dance & LoveDrug 🥺,2025年9月30日 星期二 上午7:49,,,6869,30,525,963,https://www.threads.com/@netflixtw/post/DPQDULcjznv,舞臺上的魅力小怪獸🫶,2025年10月1日 星期三 上午11:02,,,61,1,0,0
william90220,https://www.threads.com/@william90220/post/DPC_lh1AbKq,教練 我好想打排球🏐,2025年9月26日 星期五 上午9:19,,No photo description available.,56000,195,4370,15000,https://www.threads.com/@netflixtw/post/DPON4kgj5gR,網的另一邊會是敵人嗎,2025年9月30日 星期二 下午5:56,,,6812,9,64,236
xxcy.u,https://www.threads.com/@xxcy.u/post/DPD5fNrEjEe,Netflix 教會我的第四件事,2025年9月26日 星期五 下午5:45,,No photo description available. | No photo description available. | No photo description available.,30000,11,4126,1035,https://www.threads.com/@netflixtw/post/DPENsD3jz3Q,那可以祝我教師節快樂嗎,2025年9月26日 星期五 下午8:42,,,636,3,5,4
_meowooooo_,https://www.threads.com/@_meowooooo_/post/DO-aoLNj_nB,"鬼滅官方釋出的狛治戀雪圖😭
有個留言說「想要把井裏的水全部喝掉」
下面清一色留言「我陪你」(´；ω；｀)
我也陪一個😭😭😭😭",2025年9月24日 星期三 下午2:39,,No photo description available. | No photo description available.,9702,52,476,879,https://www.threads.com/@netflixtw/post/DPBb8oBD2v1,這口井水我先乾為敬🥲,2025年9月25日 星期四 下午6:49,,,380,2,0,3
_this_is_154_,https://www.threads.com/@_this_is_154_/post/DO85xVuEVp3,"受不了你們兩個，真的很喜歡貼貼欸😍
（找不到比轉角更適合貼您兩位的位子😍給我往死裡靠近",2025年9月24日 星期三 上午12:33,,No photo description available. | No photo description available.,10000,39,299,768,https://www.threads.com/@netflixtw/post/DPAlxqgD3eh,我們是最牆的,2025年9月25日 星期四 上午10:55,,,1360,2,4,32
ting901020,https://www.threads.com/@ting901020/post/DO8SG4akgeR,沒有要放過的意思,2025年9月23日 星期二 下午6:46,,No photo description available. | No photo description available. | No photo description available. | No photo description available.,15000,60,776,1796,https://www.threads.com/@netflixtw/post/DPAlu_Uj_6X,我開始了解夏油傑的大義了😍,2025年9月25日 星期四 上午10:55,,,647,1,2,15
holidaysmart.tw,https://www.threads.com/@holidaysmart.tw/post/DO5v-EWlDKY,"東京田徑世錦賽不少選手致敬動漫
調查兵團、火影忍者、五條悟、獵人都來參戰！結印手勢有點帥🫶🏻",2025年9月22日 星期一 下午7:10,,No photo description available.,55000,295,3848,16000,https://www.threads.com/@netflixtw/post/DO7dKR3D3ha,我們可是最強的！,2025年9月23日 星期二 上午11:04,,,4748,3,57,36
yuchen_1211,https://www.threads.com/@yuchen_1211/post/DOvyG2Hkp69,欸你們會明明很累了但又硬撐著看手機嗎幹,2025年9月18日 星期四 下午10:16,,,36000,144,3234,561,https://www.threads.com/@netflixtw/post/DOxNeGhj35m,還能睡兩小時，再看一集,2025年9月19日 星期五 上午11:34,,,1043,4,3,7
fnzmdnlf,https://www.threads.com/@fnzmdnlf/post/DOs5SwujznF,"這組照片是之前幫汝明拍出精靈照🧝🏻‍♀️(?)的攝影師拍的
攝影師：有太多好看的照片了，整個選擇障礙。
：臉根本不需要修圖，後製工作變得很輕鬆。",2025年9月17日 星期三 下午7:21,,"Photo shared by 이민홍 mini on September 16, 2025 tagging @soofilme. | Photo by 이민홍 mini on September 16, 2025. | Photo by 이민홍 mini on September 16, 2025. | Photo by 이민홍 mini on September 16, 2025. | Photo by 이민홍 mini on September 16, 2025. | Photo by 이민홍 mini on September 16, 2025. | Photo by 이민홍 mini on September 16, 2025. | Photo by 이민홍 mini on September 16, 2025. | Photo by 이민홍 mini on September 16, 2025. | Photo by 이민홍 mini on September 16, 2025. | Photo by 이민홍 mini on September 16, 2025. | Photo by 이민홍 mini on September 16, 2025. | Photo by 이민홍 mini on September 16, 2025. | Photo by 이민홍 mini on September 16, 2025. | Photo by 이민홍 mini on September 16, 2025. | Photo by 이민홍 mini on September 16, 2025. | Photo by 이민홍 mini on September 16, 2025. | Photo by 이민홍 mini on September 16, 2025. | Photo by 이민홍 mini on September 16, 2025.",7876,23,146,681,https://www.threads.com/@netflixtw/post/DOxL421D9Cc,已經變成閃閃發光的陶瓷了呢🥹!,2025年9月19日 星期五 上午11:20,,,30,1,0,0
izumi.hasunuma,https://www.threads.com/@izumi.hasunuma/post/DOl8usok-xL,"因為這位牛郎藝名叫猗窩座，所以最近一直出現在Threads&FB上
但是他在上個月已經辭職了耶
而且人家是主任哦🤣",2025年9月15日 星期一 上午2:36,,No photo description available.,12000,62,214,1899,https://www.threads.com/@netflixtw/post/DOsP6xzD9ig,說好的純愛呢？,2025年9月17日 星期三 下午1:19,,,211,1,0,5
scthaen1ey,https://www.threads.com/@scthaen1ey/post/DOm1Xw8iTfz,"15歲的Owen Cooper 以《混沌少年時》拿下艾美獎
成為最年輕的最佳男配角 他感覺有種越長大越帥的趨勢",2025年9月15日 星期一 上午10:53,,,18000,67,1006,1512,https://www.threads.com/@netflixtw/post/DOsIdJgj_V_,講稿也是一次到底呢😍,2025年9月17日 星期三 下午12:14,,,396,4,1,6
jane_830908,https://www.threads.com/@jane_830908/post/DOlGnwXknxY,把娃娃丟進無限城超好玩⋯⋯⋯⋯⋯,2025年9月14日 星期日 下午6:43,,No photo description available. | No photo description available. | No photo description available. | No photo description available. | No photo description available. | No photo description available. | No photo description available. | No photo description available. | No photo description available. | No photo description available.,10000,38,694,713,https://www.threads.com/@netflixtw/post/DOsDzL3D5a1,娃哭娃哭( ߹ㅁ߹),2025年9月17日 星期三 上午11:34,,,466,0,1,1
azmmmti,https://www.threads.com/@azmmmti/post/DOn7xUZievf,"安乾鎬真的很像風早ㅠㅠㅠㅠㅠㅠ
我不行了。。好喜歡他的笑容",2025年9月15日 星期一 下午9:06,,No photo description available. | No photo description available.,9146,17,955,1038,https://www.threads.com/@netflixtw/post/DOsDiMPj7jO,"我：想將這份心意告訴乾鎬🥹
法官：只想起訴你😀",2025年9月17日 星期三 上午11:31,,,42,1,0,1
51chu,https://www.threads.com/@51chu/post/DOgPQ4rgaXL,"
這個我懂！",2025年9月12日 星期五 下午9:23,@netflixtw,No photo description available.,22,2,0,3,https://www.threads.com/@netflixtw/post/DOgPbuTD3T9,難道你也是手工做的！,2025年9月12日 星期五 下午9:24,,,7,0,0,0
linty1997,https://www.threads.com/@linty1997/post/DOf_b5gk3MG,"
眼睛會了 手不會",2025年9月12日 星期五 下午7:04,@netflixtw,,141,1,0,0,https://www.threads.com/@netflixtw/post/DOgBfqpj7UB,被多罵幾次就會了,2025年9月12日 星期五 下午7:22,,,94,0,0,0
ucihahikari,https://www.threads.com/@ucihahikari/post/DOafJh6klA1,먹기 아까운 귀멸의칼날 도시락들입니당 헤헤,2025年9月10日 星期三 下午3:46,,No photo description available. | No photo description available. | No photo description available. | No photo description available. | No photo description available. | No photo description available. | No photo description available. | No photo description available. | No photo description available. | No photo description available. | No photo description available. | No photo description available. | No photo description available. | No photo description available. | No photo description available.,5711,74,288,546,https://www.threads.com/@netflixtw/post/DOda1QtD3IH,你好我吃一點🥢,2025年9月11日 星期四 下午7:06,,No photo description available.,1527,3,4,12
xiaojie.666,https://www.threads.com/@xiaojie.666/post/DOYDE-_DPym,你能推動幾公斤,2025年9月9日 星期二 下午5:02,,,7538,32,150,1151,https://www.threads.com/@netflixtw/post/DOa57taj9rd,重回柱訓練,2025年9月10日 星期三 下午7:40,,,287,0,1,1
semiaaalll,https://www.threads.com/@semiaaalll/post/DOYW6bXk6Ap,舞台劇的玉壺怎麼有點可愛😂,2025年9月9日 星期二 下午7:56,,,32000,183,1131,10000,https://www.threads.com/@netflixtw/post/DOa55k-DxPw,壺しぎですね（ • ε •̥̥̥ ）,2025年9月10日 星期三 下午7:40,,,422,0,0,8
zzz_dob,https://www.threads.com/@zzz_dob/post/DOXgDveElkX,"公司唱歌竟然要罰10塊
我要辭職==",2025年9月9日 星期二 上午11:56,,,21000,329,249,2105,https://www.threads.com/@netflixtw/post/DOYdpLlj34_,,2025年9月9日 星期二 下午8:55,,,0,0,0,0
ice_i_eat,https://www.threads.com/@ice_i_eat/post/DOVs5xyEfjb,"我追劇就是這麼瘋🥹 暴君的廚師太好看
大醬義大利麵是一定要復刻的吧🍝
韓國大醬x韓國辣醬x懶人版青醬
相信我 真的超級搭 蛤蜊也是一定要的✨",2025年9月8日 星期一 下午7:10,,No photo description available.,10000,214,403,3104,https://www.threads.com/@netflixtw/post/DOXgfSzj7Jg,寡人下令你穿越到我的廚房🤤,2025年9月9日 星期二 下午12:00,,,2422,13,3,41
alin0210,https://www.threads.com/@alin0210/post/DORB0yNkm7p,"今天在晚上去貓空，在貓纜拍了超多照片
回家整理照片突然看到這一張…..
有人可以幫我解釋是怎麼回事嗎😱",2025年9月6日 星期六 下午11:37,,No photo description available.,70000,4278,1061,4957,https://www.threads.com/@netflixtw/post/DOVpgAHjwZy,蘇炆？,2025年9月8日 星期一 下午6:40,,,3471,78,9,54
s.txxb,https://www.threads.com/@s.txxb/post/DOU-5VTklq4,跟朋友現在的興趣是用英文翻譯小說般的口吻聊天,2025年9月8日 星期一 下午12:28,,No photo description available. | No photo description available.,150000,2735,24000,100000,https://www.threads.com/@netflixtw/post/DOVoy2bDy2t,天啊，親愛的，太棒了！謝謝你把我當成好朋友，我可不能讓你失望。,2025年9月8日 星期一 下午6:34,,,23000,47,69,508
hao_s_everything,https://www.threads.com/@hao_s_everything/post/DOLWX4Ziewy,,2025年9月4日 星期四 下午6:41,,,0,0,0,0,https://www.threads.com/@netflixtw/post/DONyhm4D-9y,鬼殺隊：不早說？？,2025年9月5日 星期五 下午5:25,,,2822,2,4,24
wenzhao_0415,https://www.threads.com/@wenzhao_0415/post/DOGKPvTAcB8,喔買尬兩個女團大主唱的Golden😭😭,2025年9月2日 星期二 下午6:21,,,30000,61,2693,2659,https://www.threads.com/@netflixtw/post/DOIvCOSjyTf,只能對SAJA BOYS説 I wish you hell,2025年9月3日 星期三 下午6:19,,,564,0,0,2
h.cc612___,https://www.threads.com/@h.cc612___/post/DOA7sX2EhMs,"推薦給 有容貌焦慮的你！看完充滿能量
真正喜歡你的人 會喜歡你的所有🥹
永遠都是對象眼中的最美麗😻 1/2讚7,579回覆43轉發491分享1,951",2025年8月31日 星期日 下午5:35,,No photo description available. | No photo description available.,,,,,https://www.threads.com/@netflixtw/post/DODaRz5j3M3,🧑：我倒是很喜歡💗💗💗讚171回覆1轉發2分享2,2025年9月1日 星期一 下午4:41,,,,,,
miss_hamster_fanart,https://www.threads.com/@miss_hamster_fanart/post/DN2k7bPZIDs,"追蹤miss_hamster_fanart 更多我在路邊狂笑 我要死了 已靜音讚2.0 萬回覆110 分享4,366",2025年8月27日 星期三 下午5:04,,,,,,,https://www.threads.com/@netflixtw/post/DN7iEhPj95J,追蹤netflixtw已驗證 原作者說讚更多千錘百鍊的Golden 回覆1轉發分享4,2025年8月29日 星期五 下午3:15,,,,,,
meow_ying_,https://www.threads.com/@meow_ying_/post/DN5Simfk_sl,"（這是我上表演工作坊的練習片段，無盈利用途）原劇：《影后》
原導演：嚴藝文
原編劇：嚴藝文、黃小貓能夠練習到這麼棒的片段和角色真的太爽了！謝謝老師🙏🏼已靜音Instagram logomeow_ying_讚7,455回覆105轉發242分享265",2025年8月28日 星期四 下午6:21,,,,,,,https://www.threads.com/@netflixtw/post/DN7iCSUD2Fd,追蹤netflixtw已驗證 原作者說讚更多影后讓你當👑讚276 轉發分享,2025年8月29日 星期五 下午3:15,,,,,,
maydaybass,https://www.threads.com/@maydaybass/post/DN20sEx5DFY,追蹤maydaybass已驗證 更多正在回覆@hbomaxtw沒有順便看看Netflix在幹嘛？！@netflixtw 回覆65 分享33,2025年8月27日 星期三 下午7:22,,,,,,,https://www.threads.com/@netflixtw/post/DN3BfTzZjEi,追蹤netflixtw已驗證 更多我很忙的讚146 轉發1分享,2025年8月27日 星期三 下午9:14,,,,,,
happynekoo,https://www.threads.com/@happynekoo/post/DN0QskoYiDK,"追蹤happynekoo鬼滅之刃 更多這cos也太強，墮姬很漂亮欸 已靜音Instagram logomaxnat_eu讚2.0 萬回覆198 分享4,945",2025年8月26日 星期二 下午7:29,,,,,,,https://www.threads.com/@netflixtw/post/DN2q7WzXtWZ,"追蹤netflixtw已驗證 更多質疑玉壺、理解玉壺、成為玉壺讚1,075 轉發分享8",2025年8月27日 星期三 下午5:56,,,,,,
foreveryyyoung._,https://www.threads.com/@foreveryyyoung._/post/DNtQW8Swny-,"聲音很低的那個男生叫什麼名字
我不知道哪根筋不對脫口而出Netflix
講完自己笑了10分鐘 1/2讚3.8 萬回覆123轉發1,953分享6,423",2025年8月24日 星期日 上午2:11,,,,,,,https://www.threads.com/@netflixtw/post/DN0HgYq3sUU,追蹤netflixtw已驗證 原作者說讚更多？讚1.0 萬回覆20 分享292,2025年8月26日 星期二 下午6:08,,,,,,
kk_drama.movie_luv,https://www.threads.com/@kk_drama.movie_luv/post/DNvJw-7QqWw,影后 已編輯更多,2025年8月24日 星期日 下午7:53,,,0,0,0,0,https://www.threads.com/@netflixtw/post/DNxXjxMXpjD,"追蹤netflixtw已驗證 原作者說讚更多是我先看到的！讚3,100 轉發3",2025年8月25日 星期一 下午4:31,,,,,,
made.with.gold,https://www.threads.com/@made.with.gold/post/DNnApMJPzpe,"不過噴水系統還需要校正，噴得沒有很準已靜音讚9,743回覆84轉發506分享6,364",2025年8月21日 星期四 下午3:58,,,,,,,https://www.threads.com/@netflixtw/post/DNpXN83PxqD,追蹤netflixtw已驗證 更多椅 我坐 翻譯讚813 轉發1,2025年8月22日 星期五 下午1:54,,,,,,
hsuan._.67,https://www.threads.com/@hsuan._.67/post/DNlM_IHpsQb,"猗窩座帶戀雪去看煙火了🥹讚9.8 萬回覆607轉發4,636分享1.4 萬",2025年8月20日 星期三 下午11:08,,No photo description available.,,,,,https://www.threads.com/@netflixtw/post/DNmtz7DvIJT,"追蹤netflixtw已驗證 原作者說讚更多歡迎回來，親愛的。讚7,862 轉發10",2025年8月21日 星期四 下午1:14,,,,,,
cyuaon,https://www.threads.com/@cyuaon/post/DOGIavVksKg,"長的好看但沒用的叫花瓶
你長那樣應該要叫玉壺",2025年9月2日 星期二 下午6:03,,,75000,341,6522,10000,https://www.threads.com/@netflixtw/post/DOIu96Lj0Wg,壺說八道,2025年9月3日 星期三 下午6:18,,,1899,3,4,31
105yu_,https://www.threads.com/@105yu_/post/DOD_JwIgVCD,我跟我朋友出門都會演這種亞洲媽媽強迫小孩拍照,2025年9月1日 星期一 下午10:03,,,73000,471,4396,10000,https://www.threads.com/@netflixtw/post/DOGH2NqjyDs,小孩很無柱,2025年9月2日 星期二 下午5:58,,,2804,1,3,37
rtufq578,https://www.threads.com/@rtufq578/post/DOAiSBdEjRY,你們洗澡是全裸嗎（？,2025年8月31日 星期日 下午1:53,,,60000,5255,2700,25000,https://www.threads.com/@netflixtw/post/DOD9nHsD7d1,我通常都是一邊洗澡一邊追劇,2025年9月1日 星期一 下午9:50,,,2997,16,6,45
benesse_tw,https://www.threads.com/@benesse_tw/post/DOBOaUij_rX,開學 5.3 萬,2025年8月31日 星期日 下午8:19,,No photo description available. | No photo description available. | No photo description available.,53000,482,2018,3857,https://www.threads.com/@netflixtw/post/DODak9cD_CA,開學確定有開心餒？,2025年9月1日 星期一 下午4:44,,No photo description available.,3927,6,53,91
7u___ga,https://www.threads.com/@7u___ga/post/DNkrdvmSQmS,"去看劇場版前的我：好血腥一直砍頭沒興趣
看完劇場版的我：
回家開 Netflix 從前面開始補追，還要練伊之助的不科學倒立",2025年8月20日 星期三 下午6:15,,No photo description available. | No photo description available. | No photo description available.,15000,96,203,895,https://www.threads.com/@netflixtw/post/DNmo-pbPKaU,我的身體：不獸控制😞,2025年8月21日 星期四 下午12:32,,,1171,1,0,3
ahjunchen_36,https://www.threads.com/@ahjunchen_36/post/DNhqevbSz0H,"媽媽：去和鄰居小孩玩球吧
鄰居小孩：",2025年8月19日 星期二 下午2:08,,No photo description available.,17000,46,425,413,https://www.threads.com/@netflixtw/post/DNk-liqv1hF,不過是個遊戲而已😍,2025年8月20日 星期三 下午9:02,,No photo description available.,1939,5,1,11
a0989064749,https://www.threads.com/@a0989064749/post/DNdHm-tp9vB,"如果有一天我掉進了海裡
各位的工作職業可以幫我做什麼事情 ==",2025年8月17日 星期日 下午7:47,,No photo description available.,43000,7422,1379,7697,https://www.threads.com/@netflixtw/post/DNiAmwivgOA,紀錄這一切,2025年8月19日 星期二 下午5:22,,,12000,61,17,122
bella_su309,https://www.threads.com/@bella_su309/post/DNcEetrvly6,"朋友剛傳來說看到一位帥哥
在路邊運動拉筋，近看⋯⋯⋯
不得了啊！這什麼神仙野生帥哥啊！
0遮擋，帥到翻天耶！朋友人品大爆發
有拜有保佑啊⋯⋯",2025年8月17日 星期日 上午10:00,,No photo description available. | No photo description available.,130000,1613,4929,41000,https://www.threads.com/@netflixtw/post/DNfmgROPeRk,苦盡柑來遇劍你🫰,2025年8月18日 星期一 下午6:55,,,3459,3,0,28
chen.xu___,https://www.threads.com/@chen.xu___/post/DNdLjOvStCv,超好笑被遺棄在角落的玉壺,2025年8月17日 星期日 下午8:21,,No photo description available. | No photo description available.,20000,130,473,3116,https://www.threads.com/@netflixtw/post/DNfmcGfPlk3,鬼滅粉絲如相問 一片冰心在玉壺,2025年8月18日 星期一 下午6:55,,,1186,2,4,30
shiangillus,https://www.threads.com/@shiangillus/post/DNUrFG9zuNX,"有神快拜! 沖繩藝術家用夾腳拖""刻""出猗窩座。
留言區附上藝術家IG。",2025年8月14日 星期四 下午1:04,,,19000,160,745,5070,https://www.threads.com/@netflixtw/post/DNX3aIavCTJ,踩下去直接血鬼術❄️,2025年8月15日 星期五 下午6:49,,,1725,4,4,24
yijiuan_studio,https://www.threads.com/@yijiuan_studio/post/DNUS3BtTk8Q,"跟老公抱怨新竹風很大，很難騎車
他說：
你要騎在風的軌跡上
新竹人都看得到
我：？？？",2025年8月14日 星期四 上午9:32,,,73000,1816,2372,18000,https://www.threads.com/@netflixtw/post/DNVgt5EPsI3,風之呼吸,2025年8月14日 星期四 下午8:52,,,725,5,1,16
dylee.an,https://www.threads.com/@dylee.an/post/DNUZyRIS7NR,"朋友：你不出門在家都在幹嘛
我：畫猗窩座
朋友：？？？？",2025年8月14日 星期四 上午10:32,,No photo description available. | No photo description available.,60000,159,2315,3527,https://www.threads.com/@netflixtw/post/DNVNEP5vA0K,服了，讓你升級上弦毅✋👊,2025年8月14日 星期四 下午6:01,,,5100,1,9,47
fnzmdnlf,https://www.threads.com/@fnzmdnlf/post/DNOCujyz42f,母胎單身戀愛大作戰,2025年8月11日 星期一 下午11:16,,,0,0,0,0,https://www.threads.com/@netflixtw/post/DNP6YDCzL8Q,我曾經很喜歡你，姜志受⋯⋯現在更喜歡了😍,2025年8月12日 星期二 下午4:41,,,483,1,0,10
isastehe,https://www.threads.com/@isastehe/post/DNKpyDTxDMW,收藏一些Jenna跟Emma在Wednesday第一季跟第二季的萌萌互動😙,2025年8月10日 星期日 下午3:40,,No photo description available. | No photo description available.,6114,39,383,412,https://www.threads.com/@netflixtw/post/DNP6KqHTyQt,室友感情還是很好🖤💖,2025年8月12日 星期二 下午4:39,,,191,0,0,4
bun.bunf,https://www.threads.com/@bun.bunf/post/DNMfJyuTF5_,"
我昨天看到兩點然後我現在要去上3D繪圖..
究竟是我看的劇會先完結還是我的腦袋😌",2025年8月11日 星期一 上午8:45,@netflixtw,,1,1,0,0,https://www.threads.com/@netflixtw/post/DNM3tStTDHk,下課了沒,2025年8月11日 星期一 下午12:20,,,2,0,0,0
wenchi_12.06,https://www.threads.com/@wenchi_12.06/post/DNDtODsz74k,,2025年8月7日 星期四 下午10:57,,,0,0,0,0,https://www.threads.com/@netflixtw/post/DNFE_RYz40M,魂門：我現在要開還是關？,2025年8月8日 星期五 上午11:42,,,3817,6,10,41
yukiliujiye,https://www.threads.com/@yukiliujiye/post/DNC5Z_wxnM0,"蛤！被說是災難T的相昊米菲兔T-shirt
竟然要20萬韓幣（約4,309台幣）嗎！！
相昊我真是越來越不懂你了
eyesmag",2025年8月7日 星期四 下午3:22,,"Photo shared by eyesmag 아이즈매거진 on August 06, 2025 tagging @netflixkr. | Photo shared by eyesmag 아이즈매거진 on August 06, 2025 tagging @poptradingcompany. | Photo shared by eyesmag 아이즈매거진 on August 06, 2025 tagging @carthegarden.",14000,136,554,16000,https://www.threads.com/@netflixtw/post/DNFD8h8TFfS,"曾經的相昊T你看不起
現在的相昊T你買不起",2025年8月8日 星期五 上午11:33,,,3866,6,21,443
ibontw,https://www.threads.com/@ibontw/post/DNAnnS5h9ws,"
哈哈哈哈這樣長官審稿給喔!!!! 已羨慕",2025年8月6日 星期三 下午6:08,@netflixtw,,4,1,0,0,https://www.threads.com/@netflixtw/post/DNBEgb-TmIx,急到也沒給他看,2025年8月6日 星期三 下午10:21,,,12,0,0,0
c_celia1105,https://www.threads.com/@c_celia1105/post/DM9x-qVRD0b,鬼滅の刃無限城編,2025年8月5日 星期二 下午3:42,,,0,0,0,0,https://www.threads.com/@netflixtw/post/DNAR2zjzfsE,"自帶音效的電梯
👁️
👘🪕",2025年8月6日 星期三 下午2:58,,,565,1,0,3
33hirai,https://www.threads.com/@33hirai/post/DM7gh72pT5E,我對小動物最崇高的讚美就是「長得好笨」,2025年8月4日 星期一 下午6:30,,,32000,338,3338,3262,https://www.threads.com/@netflixtw/post/DNARw3iT1kb,找娃娃的高速婆婆真的好笨^ᯣㅅᯣ^,2025年8月6日 星期三 下午2:58,,No photo description available.,499,0,2,17
zoe911010,https://www.threads.com/@zoe911010/post/DM_hZbFTC5k,"
是電影還是影集？",2025年8月6日 星期三 上午7:55,@netflixtw,,1,1,0,0,https://www.threads.com/@netflixtw/post/DNAKr1Nz3ck,影集,2025年8月6日 星期三 下午1:56,,,2,0,0,0
chencheniam,https://www.threads.com/@chencheniam/post/DM5IM8YTO0K,不敢相信原來2年前有這種好東西⋯⋯,2025年8月3日 星期日 下午8:19,,No photo description available. | No photo description available. | No photo description available. | No photo description available. | No photo description available. | No photo description available. | No photo description available. | No photo description available. | No photo description available. | No photo description available. | No photo description available.,8322,64,396,2758,https://www.threads.com/@netflixtw/post/DM9VGfGThZy,我需要這個快樂道具嗶🐙！,2025年8月5日 星期二 上午11:29,,,217,2,1,5
yao_yao517,https://www.threads.com/@yao_yao517/post/DM8UNcfyS1o,"
沒有!!你是T人
是Threads的人🤣",2025年8月5日 星期二 上午2:02,@netflixtw,,45,1,0,0,https://www.threads.com/@netflixtw/post/DM8ac_2zxcO,無法否認,2025年8月5日 星期二 上午2:57,,,28,0,0,0
jjjjjora__,https://www.threads.com/@jjjjjora__/post/DMxjHmiR7vs,"追蹤jjjjjora__母胎單身戀愛大作戰 更多不知道賢圭對於自己帥氣ㄟ道別滿不滿意 讚1.0 萬回覆34 分享2,352",2025年7月31日 星期四 下午9:41,,No photo description available.,,,,,https://www.threads.com/@netflixtw/post/DMy8D-ITGdV,追蹤netflixtw已驗證 原作者說讚更多要你模仿沒要你超越🤓讚804 轉發分享11,2025年8月1日 星期五 上午10:38,,,,,,
fnzmdnlf,https://www.threads.com/@fnzmdnlf/post/DMyw6UTzcuU,"一開始看到載尹，也想說會不會是在演戲，
但越是跟他說話，就越被他吸引。
他雖然語速不快，
但仔細聆聽會發現都是很有深度的對話。讓我印象深刻的是，
載尹他說如果要談戀愛，要先成為男人；
而在成為一個男人前，必須先是個人，
但他覺得自己好像還不算是真正的人，
所以想透過這個節目成為真正的人。
聽了這番話之後，我馬上就想要和他合作，
徐仁國原先並不曉得會有這樣的出演者，
他也說自己很想要幫助他。(轉自：매일경제 每日經濟新聞)
(影片節錄：母胎單身戀愛大作戰@netflix)—
過了10個月
載尹終於從完整的人變男人了🫶🏻
希望他能夠一直幸福快樂已靜音讚1.3 萬回覆95轉發405分享1,493",2025年8月1日 星期五 上午9:03,,,,,,,https://www.threads.com/@netflixtw/post/DMy8B0lT_d2,"追蹤netflixtw已驗證 原作者說讚更多載尹成長大作戰😭😭讚1,475 轉發分享7",2025年8月1日 星期五 上午10:37,,,,,,
finahsuu,https://www.threads.com/@finahsuu/post/DMuuYMeJAKX,追蹤finahsuu 更多正在回覆@netflixtw相昊 好吃進來坐讚403 轉發分享25,2025年7月30日 星期三 下午7:21,,,,,,,https://www.threads.com/@netflixtw/post/DMuwsPyzUPG,追蹤netflixtw已驗證 更多單人雅座讚186回覆轉發分享3,2025年7月30日 星期三 下午7:41,,,,,,
happyending_comedyexpress,https://www.threads.com/@happyending_comedyexpress/post/DMneUHVvbE8,追蹤happyending_comedyexpress 更多正在回覆@netflixtw追劇也要這麼講究的嗎？那愛追殺人魔紀錄片的我⋯⋯⋯⋯讚4 轉發分享,2025年7月27日 星期日 下午11:46,,,,,,,https://www.threads.com/@netflixtw/post/DMryw83Pxqg,追蹤netflixtw已驗證 更多你不是應該喜歡看喜劇嗎讚2回覆轉發分享,2025年7月29日 星期二 下午4:02,,,,,,
pinpin_pongpong,https://www.threads.com/@pinpin_pongpong/post/DMruyyMTdTd,追蹤pinpin_pongpong 更多正在回覆@netflixtw幾點更新讚2 轉發分享,2025年7月29日 星期二 下午3:27,,,,,,,https://www.threads.com/@netflixtw/post/DMryeMbvbfY,追蹤netflixtw已驗證 更多下午三點就更新囉！讚7回覆轉發分享2,2025年7月29日 星期二 下午3:59,,,,,,
usthempicnic,https://www.threads.com/@usthempicnic/post/DMpE8aRBRG-,"還是「我獨自升級」跟「殺價男孩」裡的都叫做「振宇」？
振宇在台灣大概是怎樣的名字？ 1/2讚3,206回覆235轉發37分享177",2025年7月28日 星期一 下午2:43,,,,,,,https://www.threads.com/@netflixtw/post/DMpzV3iTwAl,"#我獨自升級 #Kpop獵魔女團已靜音讚3,995回覆19轉發210分享609讚532回覆1轉發5分享36",2025年7月28日 星期一 下午9:28,,,,,,
mike850822,https://www.threads.com/@mike850822/post/DMn1ay3yWia,"追蹤mike850822 更多半夜的海底撈怎麼都怪人？已靜音讚9.9 萬回覆1,121 分享5,871",2025年7月28日 星期一 上午3:10,,,,,,,https://www.threads.com/@netflixtw/post/DMplNamP7Zl,"追蹤netflixtw已驗證 更多怎麼自己一個人回來而已讚8,491 轉發10",2025年7月28日 星期一 下午7:25,,,,,,
android_baby_,https://www.threads.com/@android_baby_/post/DMfH3J7pDL-,貼文已分享到聯邦宇宙獵魔女團 更多,2025年7月24日 星期四 下午5:56,,,0,0,0,0,https://www.threads.com/@netflixtw/post/DMg2QgzSlmw,"追蹤netflixtw已驗證 原作者說讚更多只能給五星讚2,428 轉發1",2025年7月25日 星期五 上午10:01,,,,,,
hi_iam_littledream,https://www.threads.com/@hi_iam_littledream/post/DMe13vqzFHQ,追蹤hi_iam_littledream 更多正在回覆@netflixtw為什麼沒有大耳狗（？😂讚9 轉發分享1,2025年7月24日 星期四 下午3:19,,,,,,,https://www.threads.com/@netflixtw/post/DMe2gwtPisJ,追蹤netflixtw已驗證 更多因為我在宣傳《美樂蒂 & 酷洛米》讚39回覆轉發分享,2025年7月24日 星期四 下午3:24,,,,,,
hello._.jooooo,https://www.threads.com/@hello._.jooooo/post/DMZ3qqGPN9D,追蹤hello._.jooooo 更多正在回覆@netflixtw邊大便邊聊ㄇ讚回覆1轉發分享1,2025年7月22日 星期二 下午4:58,,,,,,,https://www.threads.com/@netflixtw/post/DMaNMKHT1mS,追蹤netflixtw已驗證 更多進展太快了這是純愛節目讚3回覆轉發分享,2025年7月22日 星期二 下午8:06,,,,,,
penguin_zzz,https://www.threads.com/@penguin_zzz/post/DMZwPQxzkTL,"
可惡 難得我今天請假
但待會有事不能看",2025年7月22日 星期二 下午3:53,@netflixtw,,3,1,0,0,https://www.threads.com/@netflixtw/post/DMaNI6Qze6g,那你請假去哪,2025年7月22日 星期二 下午8:06,,,4,1,0,0
lsqt_kb,https://www.threads.com/@lsqt_kb/post/DMaKXqsSxmc,,2025年7月22日 星期二 下午7:42,@netflixtw,,87,1,0,0,https://www.threads.com/@netflixtw/post/DMaNEOIzotj,這個空間感猜測是浴室,2025年7月22日 星期二 下午8:05,,,120,2,0,0
mr.spangjimiao,https://www.threads.com/@mr.spangjimiao/post/DMZ_VK2vmNY,"
小編要挑戰嗎😌",2025年7月22日 星期二 下午6:05,@netflixtw,,52,1,0,0,https://www.threads.com/@netflixtw/post/DMaM1XPTvyt,直接把人聲拉掉音樂開最大,2025年7月22日 星期二 下午8:03,,,98,0,0,0
momokids_channel,https://www.threads.com/@momokids_channel/post/DMPVh-YOUVB,"
坐等下週二的到來🪑",2025年7月18日 星期五 下午2:48,@netflixtw,,24,1,0,1,https://www.threads.com/@netflixtw/post/DMPYuiNzm2j,放兩張吧不然我坐哪,2025年7月18日 星期五 下午3:16,,,184,1,1,5
huhu_lifi,https://www.threads.com/@huhu_lifi/post/DMMhQ7Rx34L,"
算不知死活（×",2025年7月17日 星期四 下午12:32,@netflixtw,,0,1,0,0,https://www.threads.com/@netflixtw/post/DMMxSr3ThwE,那真的睡太熟,2025年7月17日 星期四 下午2:53,,,2,0,0,0
huijunglin,https://www.threads.com/@huijunglin/post/DMMsXG9zwlq,"
wuli 振宇😭",2025年7月17日 星期四 下午2:09,@netflixtw,,5,1,0,0,https://www.threads.com/@netflixtw/post/DMMxNt3zLEk,私心偷放一張在最後,2025年7月17日 星期四 下午2:52,,,5,0,0,0
colleen_florist,https://www.threads.com/@colleen_florist/post/DL6ZlwHzQfk,"
100號包的便當，你敢吃嗎？🤣",2025年7月10日 星期四 上午11:39,@netflixtw,,15,1,0,0,https://www.threads.com/@netflixtw/post/DL6Z_THz5er,主打新鮮？,2025年7月10日 星期四 上午11:43,,,18,1,0,0
dyo.27_,https://www.threads.com/@dyo.27_/post/DL067eLSU0P,幹我不行了這超好笑⋯⋯賢珠的表情超認真😭,2025年7月8日 星期二 上午8:36,,,21000,98,694,1768,https://www.threads.com/@netflixtw/post/DL2MrtazMHi,賢珠os:畢竟天地神明都看不下去,2025年7月8日 星期二 下午8:29,,,1062,3,0,2
kim_lara1203,https://www.threads.com/@kim_lara1203/post/DL1wqI-Sn7Z,"
嗯…小編能不能透露會不會有第二季呢嘻嘻嘻（瘋魔",2025年7月8日 星期二 下午4:24,@netflixtw,,193,1,0,2,https://www.threads.com/@netflixtw/post/DL17usRvB_d,抓！（獵魔,2025年7月8日 星期二 下午6:01,,,198,0,1,1
9yu_sun61828,https://www.threads.com/@9yu_sun61828/post/DL12eyixdI1,"
：看到入伍消息沒
：拜託冰箱",2025年7月8日 星期二 下午5:15,@netflixtw,,103,1,0,0,https://www.threads.com/@netflixtw/post/DL17rb7viT8,少了#,2025年7月8日 星期二 下午6:01,,,11,0,0,0
shellygao95,https://www.threads.com/@shellygao95/post/DLz0-7zz9e5,"
他會🉐️456億",2025年7月7日 星期一 下午10:24,@netflixtw,,8,1,0,0,https://www.threads.com/@netflixtw/post/DL1FGGSTvpQ,但他對222下不了手吧,2025年7月8日 星期二 上午10:04,,,44,1,0,0
ceoo.678,https://www.threads.com/@ceoo.678/post/DLy9qSox5Du,蝦皮59塊的監視器（爸爸陸陸續續的進房間了,2025年7月7日 星期一 下午2:22,,,130000,2223,6937,50000,https://www.threads.com/@netflixtw/post/DLzT6dzvA8f,靈魂在玩猶豫遊戲,2025年7月7日 星期一 下午5:35,,,6240,8,9,78
sasa_0429,https://www.threads.com/@sasa_0429/post/DLsFKaHPQRs,"
我選《此時、此刻》",2025年7月4日 星期五 下午10:11,@netflixtw,,0,1,0,0,https://www.threads.com/@netflixtw/post/DLsPOXdTdmD,其實沒有那個頓號,2025年7月4日 星期五 下午11:39,,,5,0,0,0
lavender._.k,https://www.threads.com/@lavender._.k/post/DLsOR9szpqX,"
我還在等我的Wednesday欸🔥🖤",2025年7月4日 星期五 下午11:31,@netflixtw,,1,1,0,0,https://www.threads.com/@netflixtw/post/DLsPL2vTmWg,且看能不能過Saturday,2025年7月4日 星期五 下午11:39,,,7,0,0,0
_lina.170___,https://www.threads.com/@_lina.170___/post/DLsJZ5gy0qG,"
看完魷魚在看比天堂還美麗超過癮",2025年7月4日 星期五 下午10:48,@netflixtw,,4,1,0,0,https://www.threads.com/@netflixtw/post/DLsPG_gTSuH,時間夠嗎,2025年7月4日 星期五 下午11:38,,,7,1,0,0
tinga715,https://www.threads.com/@tinga715/post/DLqomfwBvyV,"看著看著一直出戲
333你怎麼在這",2025年7月4日 星期五 上午8:43,,,37000,317,1551,6168,https://www.threads.com/@netflixtw/post/DLrgTOQPaYY,塊陶啊！,2025年7月4日 星期五 下午4:49,,,796,1,0,5
180yog,https://www.threads.com/@180yog/post/DLoyQZ3zl6V,"
警察遊戲 「哥 ，為什麼？」",2025年7月3日 星期四 下午3:28,@netflixtw,,374,1,0,5,https://www.threads.com/@netflixtw/post/DLoycLTPe-j,那是尋寶遊戲,2025年7月3日 星期四 下午3:30,,,98,1,0,3
kookv_panda,https://www.threads.com/@kookv_panda/post/DLkHZdXTiML,看來魷魚遊戲負責人以前也不太好過啊,2025年7月1日 星期二 下午7:57,,,31000,179,2150,7140,https://www.threads.com/@netflixtw/post/DLmmDkSPGOK,後來也算是轉職成功了,2025年7月2日 星期三 下午7:03,,,1629,2,2,16
shopee_tw,https://www.threads.com/@shopee_tw/post/DLl60_UzvQw,"大熱天的扮成這樣，我們瘋了吧==
@netflixtw
應該要發工作人員薪水給我們（沒",2025年7月2日 星期三 下午12:45,,,988,10,10,51,https://www.threads.com/@netflixtw/post/DLl-9lJPjsn,比起參賽更想當主辦是吧,2025年7月2日 星期三 下午1:22,,,315,2,0,0
love_bear1112,https://www.threads.com/@love_bear1112/post/DLgeUROPfhF,"下班後
妳會發現
其實妳只需要一張乾淨的床＋自選 Netflix 片單
然後就能徹底放棄戀愛。",2025年6月30日 星期一 上午10:00,,,68000,343,2680,2392,https://www.threads.com/@netflixtw/post/DLjtFgiOCg7,床不乾淨的話我也不介意,2025年7月1日 星期二 下午4:07,,,877,6,0,6
hfairyt_,https://www.threads.com/@hfairyt_/post/DLg0Q6yvL9s,"突然很好奇
世界上會不會真的有魷魚遊戲在進行",2025年6月30日 星期一 下午1:12,,,23000,239,305,260,https://www.threads.com/@netflixtw/post/DLjs9SCuEiv,不確定，但我需要那張名片,2025年7月1日 星期二 下午4:06,,,671,0,0,5
keilun,https://www.threads.com/@keilun/post/DLg3K0pRKgj,"
想問11號員工開房間見到001號吳一南是想代表什麼？",2025年6月30日 星期一 下午1:37,@netflixtw,,4,5,0,0,https://www.threads.com/@netflixtw/post/DLg7Z03v__8,開錯門了,2025年6月30日 星期一 下午2:14,,,48,1,0,4
chialin419,https://www.threads.com/@chialin419/post/DLejJqJyppi,"
穿西裝的會是孔劉嗎",2025年6月29日 星期日 下午4:04,@netflixtw,,0,1,0,0,https://www.threads.com/@netflixtw/post/DLeo3HdPRjS,來現場看看,2025年6月29日 星期日 下午4:54,,,4,0,0,0
candyet54,https://www.threads.com/@candyet54/post/DLLZvTmTtWZ,"
費用",2025年6月22日 星期日 上午5:36,@netflixtw,,0,1,0,0,https://www.threads.com/@netflixtw/post/DLZq8DLvIP8,免費參加，只是名額有限🥹,2025年6月27日 星期五 下午6:36,,,2,0,0,0
angel.66666,https://www.threads.com/@angel.66666/post/DLH85kKx-dX,"
請問6/29是幾點可以現場報名？",2025年6月20日 星期五 下午9:26,@netflixtw,,0,1,0,0,https://www.threads.com/@netflixtw/post/DLZq5ZCvIwt,五點開放現場報名！,2025年6月27日 星期五 下午6:35,,,2,1,0,0
nicele2003,https://www.threads.com/@nicele2003/post/DLZUcaZTsWN,"
我選Saja boys（？）",2025年6月27日 星期五 下午3:19,@netflixtw,,407,6,0,4,https://www.threads.com/@netflixtw/post/DLZWwLHPvIR,可是他們輸在起跑點了,2025年6月27日 星期五 下午3:39,,,141,2,1,1
left_dai,https://www.threads.com/@left_dai/post/DLXvmd0JDwJ,"
我！需要！那隻！喜鵲！！！
（還有牠頭上的帽子！！！！！！",2025年6月27日 星期五 上午12:38,@netflixtw,,10,1,0,0,https://www.threads.com/@netflixtw/post/DLY4TY9PSES,到底什麼時候才輪得到Derpy戴,2025年6月27日 星期五 上午11:13,,,13,0,0,0
jj4533123,https://www.threads.com/@jj4533123/post/DLXf94zhrbx,"
所以請問最後面那句歌詞
「你已向我下脆」的錯字什麼時候要修正🤣",2025年6月26日 星期四 下午10:21,@netflixtw,,314,2,0,0,https://www.threads.com/@netflixtw/post/DLY4N15vZ2C,對不起我先跪,2025年6月27日 星期五 上午11:13,,,123,0,0,2
softglow43,https://www.threads.com/@softglow43/post/DLW9KZBp9Og,"
明天幾點",2025年6月26日 星期四 下午5:17,@netflixtw,,0,1,0,0,https://www.threads.com/@netflixtw/post/DLYrQhkzol6,下午三點！,2025年6月27日 星期五 上午9:19,,,8,0,0,0
l_.xc__0411,https://www.threads.com/@l_.xc__0411/post/DLX8uu7TKLc,"
幾點 期待中",2025年6月27日 星期五 上午2:33,@netflixtw,,4,1,0,0,https://www.threads.com/@netflixtw/post/DLYrPHEzIbp,下午三點！,2025年6月27日 星期五 上午9:19,,,5,0,0,0
chiu0309_,https://www.threads.com/@chiu0309_/post/DLR-WG2yMRS,同事拿周杰倫當記事本再傳⋯,2025年6月24日 星期二 下午6:52,,,120000,1237,3890,31000,https://www.threads.com/@netflixtw/post/DLUVHyVzjyi,我都有保守大家的秘密喔,2025年6月25日 星期三 下午4:49,,,9803,17,16,42
daniel_liao_,https://www.threads.com/@daniel_liao_/post/DLP0JOfyvjH,"對不起我要當伸手牌 因為沒有腦可動了
想知道有什麼遊戲適合在累一整天之後玩
可以清空腦袋 順便獲得很多開心的感覺
（現在很需要用超低門檻獲得快樂）
先感謝脆友們ㄉ推薦🦀🦀",2025年6月23日 星期一 下午10:44,,,2590,283,410,803,https://www.threads.com/@netflixtw/post/DLSIcw7zngD,魷魚遊戲算不算可以清空腦袋,2025年6月24日 星期二 下午8:20,,,137,4,0,6
yujieez,https://www.threads.com/@yujieez/post/DLMYNWQPfnv,打一句有聲的句子,2025年6月22日 星期日 下午2:42,,,9363,2978,108,378,https://www.threads.com/@netflixtw/post/DLNPokiyc6s,登登,2025年6月22日 星期日 下午10:46,,,7180,17,26,89
js_116_,https://www.threads.com/@js_116_/post/DK83PpOzl-5,所以Netflix到底怎麼唸,2025年6月16日 星期一 下午2:05,,,3691,539,67,581,https://www.threads.com/@netflixtw/post/DK9imXLzaUy,我都唸Netflix,2025年6月16日 星期一 下午8:24,,,8236,25,13,34
free800713,https://www.threads.com/@free800713/post/DK4lKmmJ4AG,"
這齣全部出完了嗎？",2025年6月14日 星期六 下午10:10,@netflixtw,,2,1,0,0,https://www.threads.com/@netflixtw/post/DK6k_QkT4gH,每周日更新，今天會有第三集,2025年6月15日 星期日 下午4:47,,,7,0,0,0
mayday731118,https://www.threads.com/@mayday731118/post/DKzLbcFTS4R,"
這是 影集嗎還是電視的
在那裡看",2025年6月12日 星期四 下午7:49,@netflixtw,,3,1,0,0,https://www.threads.com/@netflixtw/post/DKzOiRszy9R,影集裡的電視（我說真的,2025年6月12日 星期四 下午8:16,,,24,1,0,0
mysterion_2604,https://www.threads.com/@mysterion_2604/post/DKrgQ1PyJaZ,"
李浚赫的見面會七月六日在台灣唷
ticketplus.com.tw/activ…
ticketplus.com.tw
Ticket Plus遠大售票系統",2025年6月9日 星期一 下午8:17,@netflixtw,,19,1,0,1,https://www.threads.com/@netflixtw/post/DKriQerz8TN,那我赦免自己的感慨了😌,2025年6月9日 星期一 下午8:35,,,20,0,0,0
diteaphr,https://www.threads.com/@diteaphr/post/DKdkwnPSfPc,分享一個剛剛在麥當勞坐我對面的人的超整齊雨傘,2025年6月4日 星期三 上午10:28,,,67000,659,1848,3792,https://www.threads.com/@netflixtw/post/DKguOBLTVYg,考慮開一間 雨傘學院 嗎？,2025年6月5日 星期四 下午3:48,,,2499,8,1,13
winnie_wu_0930,https://www.threads.com/@winnie_wu_0930/post/DKcAW-Nh1bf,"我覺得他在軍中
跳Fast Forward最好看欸
不愧是舞蹈模範生👍
nyoungyo0922",2025年6月3日 星期二 下午7:50,,,0,19,0,0,https://www.threads.com/@netflixtw/post/DKeLVFBzKDO,也想看昊洙跟未知的感情Fast Forward啦🫸👦🤛💓,2025年6月4日 星期三 下午4:04,,,105,0,0,8
muta116,https://www.threads.com/@muta116/post/DKbxyXHJfm0,誒！你後面有車！,2025年6月3日 星期二 下午5:43,,,79000,358,3816,3067,https://www.threads.com/@netflixtw/post/DKcnHf7T8nN,"🚗🚗🚗
netflixtw
後面有車
2025-6-3
剪這個也是我在打工啦
#速命道 #瘦子 #大淵",2025年6月4日 星期三 上午1:29,,,106,50,191,5
jyun.cheng,https://www.threads.com/@jyun.cheng/post/DKYsxHYP9iE,"當你的粽子吃不完的時候，可以這樣做
shop168899",2025年6月2日 星期一 下午1:01,,,11000,1771,816,11000,https://www.threads.com/@netflixtw/post/DKbgLvvTouh,這算是粽邪,2025年6月3日 星期二 下午3:09,,,5469,18,32,135
s.yiting,https://www.threads.com/@s.yiting/post/DKRuJ4PT1Js,"
那車文杰呢",2025年5月30日 星期五 下午7:59,@netflixtw,,4,1,0,0,https://www.threads.com/@netflixtw/post/DKR54jgzhEI,IOU,2025年5月30日 星期五 下午9:41,,,1,1,0,0
june_cristalle_huang,https://www.threads.com/@june_cristalle_huang/post/DKKW_yuJv6I,韓志旼和孫錫久兩個人，熱到需要吹風，變成怒髮衝冠的樣子，又搞笑又可愛！,2025年5月27日 星期二 下午11:25,,,10000,32,130,236,https://www.threads.com/@netflixtw/post/DKMQ2LJTeNC,一萬八千度的男子也忍受不了,2025年5月28日 星期三 下午5:06,,,549,3,0,5
mibu_7,https://www.threads.com/@mibu_7/post/DKEKGANJ4Xn,吼 這我阿嬤啦😭,2025年5月25日 星期日 下午1:33,,,140000,937,14000,31000,https://www.threads.com/@netflixtw/post/DKKWH0STlj_,阿嬤～我每追一部劇就換一個老公喔,2025年5月27日 星期二 下午11:14,,,3242,3,27,74
_tutuziii,https://www.threads.com/@_tutuziii/post/DJ-qNBkyEGK,"這次宣傳好多可愛照
是不是同公司就可以這樣😌
#未知的首爾",2025年5月23日 星期五 上午10:18,,No photo description available. | No photo description available. | No photo description available. | No photo description available. | No photo description available. | No photo description available.,8982,27,249,436,https://www.threads.com/@netflixtw/post/DKHWAZlzepu,鼻子Kiss換成臉頰Kiss😍,2025年5月26日 星期一 下午7:15,,,138,0,0,6
11.sns,https://www.threads.com/@11.sns/post/DKFKpDqhZnl,,2025年5月25日 星期日 下午10:57,,,0,0,0,0,https://www.threads.com/@netflixtw/post/DKHV6f1TG7r,把看劇的感動還給我！,2025年5月26日 星期一 下午7:14,,,1238,1,0,8
leein.select.tw,https://www.threads.com/@leein.select.tw/post/DJ6iOU4vDi5,當你的冰塊不再是普通的冰塊🦖🧊,2025年5月21日 星期三 下午7:52,,No photo description available. | No photo description available. | No photo description available.,46000,319,2214,15000,https://www.threads.com/@netflixtw/post/DJ8TLGbzBb3,終於可以看清楚他怎麼站的了😍,2025年5月22日 星期四 下午12:19,,,751,8,0,14
ms0629680_0929,https://www.threads.com/@ms0629680_0929/post/DJ4o1u5hcf7,請問桌上是大象嗎,2025年5月21日 星期三 上午2:12,,,12000,60,350,917,https://www.threads.com/@netflixtw/post/DJ6hNmNTIxx,細節藏在魔鬼裡👀,2025年5月21日 星期三 下午7:43,,,388,2,0,7
waterbabygirl,https://www.threads.com/@waterbabygirl/post/DJt24XmvoJ_,"拿口紅、遮瑕、眼線膠筆畫點別的妝
鸚兒表示：❓❓❓",2025年5月16日 星期五 下午9:42,,No photo description available. | No photo description available.,20000,132,758,2394,https://www.threads.com/@netflixtw/post/DJ5lSgqzliI,鸚兒又想起了被人類支配的恐懼,2025年5月21日 星期三 上午10:59,,,351,1,0,5
horsatan,https://www.threads.com/@horsatan/post/DJk5NpczP2B,"你們懂每天睡在這樣的房間會遲到也不奇怪吧
新的展示櫃還沒到到時候再來排漂亮一點🥺",2025年5月13日 星期二 上午10:09,,No photo description available. | No photo description available. | No photo description available. | No photo description available.,8922,220,703,2764,https://www.threads.com/@netflixtw/post/DJ0W74lTlaE,要房間整齊也是維命是從😍,2025年5月19日 星期一 上午10:18,,,235,3,0,10
neuropathy32,https://www.threads.com/@neuropathy32/post/DJo6Mf2x3FY,"問一個很嚴肅的問題
當有人跟你說一個悲傷的故事而且她很難過
我應該多久才能繼續吃我手上的滷味",2025年5月14日 星期三 下午11:35,,,32000,809,1389,2301,https://www.threads.com/@netflixtw/post/DJqZvPlzskD,點開一集魔鬼的計謀，先塞給他一口後再說我陪你一起想辦法,2025年5月15日 星期四 下午1:30,,,235,1,0,4
th304205,https://www.threads.com/@th304205/post/DJqJG6AvxYI,具道圓也來challenge了！！！其他住院醫呢😆,2025年5月15日 星期四 上午11:05,,,8688,52,386,859,https://www.threads.com/@netflixtw/post/DJqZsDUT719,他看起來好像想說bye boyz,2025年5月15日 星期四 下午1:29,,,354,0,0,9
sleepwalk18,https://www.threads.com/@sleepwalk18/post/DJgmWbnPXqP,全世界最爽的一刻,2025年5月11日 星期日 下午6:08,,,9368,36,369,308,https://www.threads.com/@netflixtw/post/DJlF4eETKM_,親手了結這惡媛😻,2025年5月13日 星期二 下午12:00,,,468,1,0,5
bananahuang0111,https://www.threads.com/@bananahuang0111/post/DJVzZ-MPZYn,我真的是一個很壞的老師,2025年5月7日 星期三 下午1:30,,No photo description available.,110000,449,4592,9739,https://www.threads.com/@netflixtw/post/DJWPcvrzjLv,你怎麼安妮亞 ެ (ᯣ̄ߑᯣ̄) ު ！,2025年5月7日 星期三 下午5:35,,,8666,7,14,38
amber__070920,https://www.threads.com/@amber__070920/post/DJRdKTIyXdC,"不好意思眼淚收回去了 哈哈哈哈哈哈
哈洗超好笑",2025年5月5日 星期一 下午8:59,,,27000,79,1477,3293,https://www.threads.com/@netflixtw/post/DJS9A05TXAu,超吉突然,2025年5月6日 星期二 上午10:56,,,795,1,0,8
tomny1993,https://www.threads.com/@tomny1993/post/DJPKpREzKrn,今日難得台北有光，快點按兩張📷,2025年5月4日 星期日 下午11:38,,No photo description available.,53000,206,1043,454,https://www.threads.com/@netflixtw/post/DJS4ITCzsuS,是我最喜歡的字母😍,2025年5月6日 星期二 上午10:14,,No photo description available.,5703,42,23,42
nkb0273,https://www.threads.com/@nkb0273/post/DJB3-mjTSPZ,"恐佈片裡的家庭：
死不信邪的爸
敏感多疑的媽
提著娃娃的妹
非要作死的哥
開局就死的狗",2025年4月29日 星期二 下午7:45,,,17000,130,566,441,https://www.threads.com/@netflixtw/post/DJE7ghkTxtt,我一定有這部,2025年5月1日 星期四 上午12:14,,,1251,7,0,5
mela_.w,https://www.threads.com/@mela_.w/post/DJBtoZFhlSb,"
噗ww",2025年4月29日 星期二 下午6:16,@jaychang0728,,162,2,5,29,https://www.threads.com/@netflixtw/post/DJEilCRTcLn,她忘了她會記得,2025年4月30日 星期三 下午8:36,,,12,1,0,0
halletang49,https://www.threads.com/@halletang49/post/DJAqWCTzHlm,"我想說為什麼葬儀社發文會通知我
原來是我要的進擊的巨人骨灰罈已經到貨 洗勒靠超好笑",2025年4月29日 星期二 上午8:27,,No photo description available. | No photo description available. | No photo description available.,25000,351,1871,16000,https://www.threads.com/@netflixtw/post/DJDmTYNTP_Z,骨灰莎莎給油,2025年4月30日 星期三 上午11:49,,,437,1,0,61
lynnnx03,https://www.threads.com/@lynnnx03/post/DI9CQUXS2DK,"今天是我生日
很榮幸可以請到柯南幫我踢熄蠟燭",2025年4月27日 星期日 下午10:39,,,6992,34,198,493,https://www.threads.com/@netflixtw/post/DI_RB7WzoNv,願望可以有三個，但真相只有一個🔍,2025年4月28日 星期一 下午7:26,,,946,4,4,7
yu32.o_,https://www.threads.com/@yu32.o_/post/DI1XjAhyOIK,想當年第一次掛睡是跟老師線上上課,2025年4月24日 星期四 下午11:11,,,69000,162,9986,9761,https://www.threads.com/@netflixtw/post/DI3YnDxzbHS,我也在線等,2025年4月25日 星期五 下午5:59,,No photo description available.,621,0,0,2
__tsuji__,https://www.threads.com/@__tsuji__/post/DIvyiELJY-i,"全家阿姨：欸你們那個衣服 你們是什麼單位？
：ㄜ 調查兵團
—
里維：
@deer.___06",2025年4月22日 星期二 下午7:11,,No photo description available. | No photo description available. | No photo description available.,10000,98,621,818,https://www.threads.com/@netflixtw/post/DIyK9WxzP2B,沒買個烤漢吉嗎？,2025年4月23日 星期三 下午5:23,,,383,9,0,17
marieclairetw,https://www.threads.com/@marieclairetw/post/DIvch8LTJW1,"從來沒想到有一天能被貓貓推水瓶這個舉動逼哭💦
《比天堂還美麗》的寵物與主人在天堂重逢的片段超感人，眼淚完全止不住，大家看了嗎？",2025年4月22日 星期二 下午3:59,,No photo description available. | No photo description available.,13000,102,228,765,https://www.threads.com/@netflixtw/post/DIyK4olzUsm,殺我焉用寵物刀🥲,2025年4月23日 星期三 下午5:22,,,205,0,0,3
9.wee_,https://www.threads.com/@9.wee_/post/DIv5tvBTq36,夏天來了 我的iPhone：,2025年4月22日 星期二 下午8:14,,No photo description available.,19000,80,1437,492,https://www.threads.com/@netflixtw/post/DIyK1PZzaMd,我也常追劇到過熱🥵,2025年4月23日 星期三 下午5:22,,,241,2,0,1
_ksomething__,https://www.threads.com/@_ksomething__/post/DIrK97ESX80,"𝗞：機智住院醫生生活 • 𝗘𝗣𝟰
是金雋婠啊金雋婠！還有聲音出演的涂材學！
重要的是金雋婠無名指上.. 應該是結婚戒指？！
謝謝 #鄭敬淏 #丁文晟 客串出演喔～💖
© 𝗩𝗜𝗗𝗘𝗢 𝗕𝗬 @tvn_drama",2025年4月21日 星期一 上午12:09,,No photo description available.,2532,10,41,126,https://www.threads.com/@netflixtw/post/DItmrb7TTlY,想當初翊純還不想結婚😍,2025年4月21日 星期一 下午10:49,,,171,0,0,1
chacha8242024,https://www.threads.com/@chacha8242024/post/DItGMdES9e2,"
是每個禮拜出一集還是兩集？",2025年4月21日 星期一 下午6:05,@netflixtw,,1,1,0,0,https://www.threads.com/@netflixtw/post/DItGjhczyth,六日會各更新一集,2025年4月21日 星期一 下午6:08,,,8,1,0,0
kyoyu.1108,https://www.threads.com/@kyoyu.1108/post/DIgKzdFpl0m,靠練習改變畫風的辣個男人,2025年4月16日 星期三 下午5:36,,,13000,29,444,540,https://www.threads.com/@netflixtw/post/DIi7HVqTVLe,也算是獨自升級了,2025年4月17日 星期四 下午7:16,,,896,2,2,5
p.tsai,https://www.threads.com/@p.tsai/post/DIdUmdURm9I,是你嗎脹相？,2025年4月15日 星期二 下午3:03,,No photo description available. | No photo description available.,9358,26,595,776,https://www.threads.com/@netflixtw/post/DIf4j44Tw2y,改操鳳梨汁🙏,2025年4月16日 星期三 下午2:56,,,314,2,1,9
_ying0223,https://www.threads.com/@_ying0223/post/DIWhLm9TrLT,"機醫劇情果然隨著時間線成長了！
在機智醫生生活中
婦產科第二年住院醫師-明恩媛🦊
在機智住院醫生生活變成明恩媛教授了",2025年4月12日 星期六 下午11:39,,No photo description available. | No photo description available. | No photo description available. | No photo description available.,2322,52,33,124,https://www.threads.com/@netflixtw/post/DIdhy5yT5Wr,秋秋不喜歡這篇貼文🥵,2025年4月15日 星期二 下午4:59,,,755,3,0,7
cyi_830,https://www.threads.com/@cyi_830/post/DIa8KxDyQOs,"
在netflix工作是不是上班可以一直看netflix",2025年4月14日 星期一 下午4:51,@netflixtw,,20,2,0,0,https://www.threads.com/@netflixtw/post/DIdUjKOzFz3,換句話說 下班追劇會有種加班感,2025年4月15日 星期二 下午3:03,,,16,0,0,0
alex126shao,https://www.threads.com/@alex126shao/post/DIccO55OpzB,"
小編好勤儉持家還在用舊的妹可",2025年4月15日 星期二 上午6:51,@netflixtw,,0,1,0,0,https://www.threads.com/@netflixtw/post/DIdUfj7TYog,@老闆 你看到了嗎,2025年4月15日 星期二 下午3:02,,,4,1,0,0
bt_560_coc,https://www.threads.com/@bt_560_coc/post/DIYpM5ty8iI,ㄧ到漁港瞬間回憶湧現！直接演起來,2025年4月13日 星期日 下午7:27,,,10000,135,720,1961,https://www.threads.com/@netflixtw/post/DIbLQ1pzeGd,你的寬植回來了嗎？,2025年4月14日 星期一 下午7:03,,,661,6,0,10
the_kdaily,https://www.threads.com/@the_kdaily/post/DH0kJ1WTove,"《山茶花開時》的屁股弟弟，之前他也在《德魯納酒店》與IU合作過，過了6年孩子都長這麼大了啊啊啊不敢相信😳 1/2已靜音讚4,087回覆61轉發60分享476",2025年3月30日 星期日 下午7:10,,No photo description available. | No photo description available. | No photo description available. | No photo description available. | No photo description available. | No photo description available. | No photo description available. | No photo description available. | No photo description available.,,,,,https://www.threads.com/@netflixtw/post/DH3FablzCNx,追蹤netflixtw已驗證 更多不愧是第一！讚124回覆轉發分享2,2025年3月31日 星期一 下午6:39,,,,,,
ruei___ying,https://www.threads.com/@ruei___ying/post/DHvfyp1TmyM,追蹤ruei___ying 更多這是回覆已無法顯示的貼文不是金明的婚禮嗎🥹讚回覆1轉發分享,2025年3月28日 星期五 下午7:56,,,,,,,https://www.threads.com/@netflixtw/post/DHvnqIQzHNz,追蹤netflixtw已驗證 更多對不起我太不精明了🥹讚2回覆轉發分享,2025年3月28日 星期五 下午9:05,,,,,,
mona_dreamland,https://www.threads.com/@mona_dreamland/post/DHqx7XfzWme,弟弟很可愛的感謝了知恩，知恩也有寫信給小寬植，我們知恩人美心也美，弟弟也好可愛❤️💛已靜音讚1.8 萬回覆35轉發261分享659,2025年3月26日 星期三 下午11:58,,No photo description available.,,,,,https://www.threads.com/@netflixtw/post/DHtAqDjzX5t,追蹤netflixtw已驗證 原作者說讚更多戲裡戲外都讓我感動得不行🫶讚810 轉發分享7,2025年3月27日 星期四 下午8:46,,,,,,
sherryluerr,https://www.threads.com/@sherryluerr/post/DHnk2u6zCZo,"苦盡柑來遇見你讚7,795回覆52轉發341分享972",2025年3月25日 星期二 下午6:06,,No photo description available.,,,,,https://www.threads.com/@netflixtw/post/DHpzrbzzZfI,追蹤netflixtw已驗證 更多鋼鐵般的銷售意志讚323 轉發1,2025年3月26日 星期三 下午2:54,,,,,,
coolsis_taiwan,https://www.threads.com/@coolsis_taiwan/post/DHFZPozzrWo,"原來她有一段辛酸的過去🥺🥲演員廉惠蘭因經常在韓劇裡擔任「母親」被廣為人知，最近，她在韓劇《苦盡柑來遇見你》中飾演 IU 的苦命媽媽，也瞬間成了韓國網友的話題：「她的演技真的太『瘋狂』了，我因為她掉了一整集的眼淚。」廉惠蘭出道 25 年來，總是扮演主角身旁不起眼的綠葉，曾被劇組羞辱、因為外表受到了不少委屈，不過，廉惠蘭最終靠自己出色的演技向世人證明：「我不需要漂漂亮亮當主角，也能用自己的方式打動眾人。」
#廉惠蘭已靜音已靜音讚3 萬回覆288轉發1,043分享1,085",2025年3月12日 星期三 上午11:31,,No photo description available. | No photo description available. | No photo description available. | No photo description available.,,,,,https://www.threads.com/@netflixtw/post/DHIcJuNztkH,追蹤netflixtw已驗證 更多揪柑心ㄟ故事😭讚797 轉發分享8,2025年3月13日 星期四 下午3:54,,,,,,
lq_197,https://www.threads.com/@lq_197/post/DHDNjWUPaqu,難哄 已編輯更多,2025年3月11日 星期二 下午3:10,,,0,0,0,0,https://www.threads.com/@netflixtw/post/DHGhWC5zxvN,追蹤netflixtw已驗證 原作者說讚更多細節也哄得好好的讚690回覆轉發1,2025年3月12日 星期三 下午10:01,,,,,,
rich.m045,https://www.threads.com/@rich.m045/post/DHDiO6-SMJ9,"確定不是桑延 是桑腦筋...讚6,146回覆28轉發187分享1,071",2025年3月11日 星期二 下午6:11,,No photo description available.,,,,,https://www.threads.com/@netflixtw/post/DHGhUr7ToOI,追蹤netflixtw已驗證 原作者說讚更多多問多桑心讚949回覆轉發分享19,2025年3月12日 星期三 下午10:01,,,,,,
mk_leung,https://www.threads.com/@mk_leung/post/DHFgi87Su26,"
追劇時有配公館唯一指定那家珍奶跟雞排吧?",2025年3月12日 星期三 下午12:35,@netflixtw,,1,1,0,0,https://www.threads.com/@netflixtw/post/DHGNZOeTM7G,我不知道哪一家啊！,2025年3月12日 星期三 下午7:06,,,1,0,0,0
sammi0u0,https://www.threads.com/@sammi0u0/post/DHF0XtVhgu4,"
不要弄壞風扇～！！",2025年3月12日 星期三 下午3:28,@netflixtw,,32,1,0,1,https://www.threads.com/@netflixtw/post/DHGNT1XTVp-,我獨旅也會嗎,2025年3月12日 星期三 下午7:06,,,11,1,0,0
cocohsu0417,https://www.threads.com/@cocohsu0417/post/DHFxpBIvIQq,"
注意熱鍋上的奶油融化還有金蟾蜍被偷",2025年3月12日 星期三 下午3:04,@netflixtw,,51,1,0,0,https://www.threads.com/@netflixtw/post/DHGNOegTiPe,還好我沒有那種東西,2025年3月12日 星期三 下午7:05,,,8,0,0,0
liaggie,https://www.threads.com/@liaggie/post/DHDNaqtpqN7,"
遇到你柑苦盡來
（我是不是記錯什麼了？）",2025年3月11日 星期二 下午3:09,@netflixtw,,124,1,0,8,https://www.threads.com/@netflixtw/post/DHDTP09zBUc,比起記錯可能是愛錯,2025年3月11日 星期二 下午4:00,,,107,1,0,2
marieclairetw,https://www.threads.com/@marieclairetw/post/DG-TRqgTjF_,真的是最有少女心的大叔！馬東石日前迎來54歲生日，最新他曬出Hello Kitty生日蛋糕照，還戴著粉紅皇冠，實在太可愛了！,2025年3月9日 星期日 下午5:24,,No photo description available. | No photo description available. | No photo description available. | No photo description available.,34000,139,1413,4737,https://www.threads.com/@netflixtw/post/DHAp3WCzVBn,石在可愛😻,2025年3月10日 星期一 下午3:20,,,849,0,0,13
ge_920914,https://www.threads.com/@ge_920914/post/DG8qaCwyd-5,每一集都斷在這種地方(⁠┛⁠◉⁠Д⁠◉⁠)⁠┛⁠獨自升級,2025年3月9日 星期日 上午2:09,,,1630,90,27,90,https://www.threads.com/@netflixtw/post/DHApzUXTZ5H,真・沒頭沒尾,2025年3月10日 星期一 下午3:19,,,621,8,2,23
ashin_ig,https://www.threads.com/@ashin_ig/post/DG0h85yP0Ox,"童話故事上集 ⋯ 難哄 🤭
binmusic.ig",2025年3月5日 星期三 下午10:20,,,11000,575,217,294,https://www.threads.com/@netflixtw/post/DG2IEXTz6xj,下集更難哄！！！,2025年3月6日 星期四 下午1:12,,,211,2,1,2
xiao_yan870102,https://www.threads.com/@xiao_yan870102/post/DG0zxiKB-Rv,難哄,2025年3月6日 星期四 上午12:55,,,0,0,0,0,https://www.threads.com/@netflixtw/post/DG2IA--TMaB,專門為我訂的嗎,2025年3月6日 星期四 下午1:12,,,823,4,0,4
dns1nie,https://www.threads.com/@dns1nie/post/DGxyKbVzjJf,難哄,2025年3月4日 星期二 下午8:44,,,0,0,0,0,https://www.threads.com/@netflixtw/post/DGzVouCTBve,桑延：一個人上網挺無助的。,2025年3月5日 星期三 上午11:13,,,1643,2,9,11
1thekuzc,https://www.threads.com/@1thekuzc/post/DGxmYz9J953,"學生時期的戀愛：當我飛奔向你
大學畢業後的戀愛：難哄
你的戀愛：名偵探柯南",2025年3月4日 星期二 下午7:01,,,25000,80,2021,2776,https://www.threads.com/@netflixtw/post/DGzVmgtzaGU,結婚後：童話故事下集😉,2025年3月5日 星期三 上午11:13,,,1414,1,4,14
jynx_vibe,https://www.threads.com/@jynx_vibe/post/DGvDJ-fN8Xo,What the hell is this bruhh?? 😭😭,2025年3月3日 星期一 下午7:14,,No photo description available.,7892,31,291,414,https://www.threads.com/@netflixtw/post/DGw41s8P23z,"Sukuna: Yuji🙂‍↔️❌
Sukuna: Emoji🙂‍↕️😍✅",2025年3月4日 星期二 下午12:23,,,119,0,0,2
vivian_tang19,https://www.threads.com/@vivian_tang19/post/DGvgXzNS4DG,"這樣的動態鎖屏我不瘋誰瘋🤤🤤🤤
追了亭五年，身邊的朋友終於看懂他的帥了🥹",2025年3月3日 星期一 下午11:30,,,16000,295,630,5814,https://www.threads.com/@netflixtw/post/DGwxHphviNa,他不走進來嗎！,2025年3月4日 星期二 上午11:15,,,1451,8,4,15
1210._.cy.hsu,https://www.threads.com/@1210._.cy.hsu/post/DGvTw9ST6cH,"
現在才看到第九集是為了留著後面斷更的時候看嗎😻",2025年3月3日 星期一 下午9:40,@netflixtw,,12,1,0,0,https://www.threads.com/@netflixtw/post/DGvcCOEPbx0,有沒有可能我看了又回去再看,2025年3月3日 星期一 下午10:52,,,39,2,0,0
mandy_11.13_,https://www.threads.com/@mandy_11.13_/post/DGrwfMDJxxD,,2025年3月2日 星期日 下午12:34,,,0,0,0,0,https://www.threads.com/@netflixtw/post/DGu5-ebPZpe,每個媽寶男背後都有個十項全能的媽媽,2025年3月3日 星期一 下午5:54,,,208,3,1,4
baiihy23,https://www.threads.com/@baiihy23/post/DGj6nDlTQMg,請問小白穿這樣讀劇本是想怎樣 好致命⋯,2025年2月27日 星期四 上午11:28,,No photo description available.,7888,7,327,344,https://www.threads.com/@netflixtw/post/DGka6IEP0C_,胸肌偷偷藏不住,2025年2月27日 星期四 下午4:10,,,1356,2,8,18
huichunmomocat,https://www.threads.com/@huichunmomocat/post/DGhoxhyyEwq,"
我吃了30年的餃子也還沒發財過🤣",2025年2月26日 星期三 下午2:14,@netflixtw,,8,1,0,0,https://www.threads.com/@netflixtw/post/DGihfE2TZkK,財運真難哄,2025年2月26日 星期三 下午10:29,,,22,0,0,2
yu._.night,https://www.threads.com/@yu._.night/post/DGh-3nWSNlv,"
無字幕一次 中字一次 韓字一次 吃飯一次 睡前再一次😍",2025年2月26日 星期三 下午5:27,@netflixtw,,100,1,1,0,https://www.threads.com/@netflixtw/post/DGihZPjTlvd,隔天重新再來一次,2025年2月26日 星期三 下午10:29,,,51,0,1,0
yuankao.official,https://www.threads.com/@yuankao.official/post/DGiVtvTTeYd,"
發Threads取暖自己是不是年紀大了
小編你肯定誤判了什麼😏😆",2025年2月26日 星期三 下午8:46,@netflixtw,,15,1,0,0,https://www.threads.com/@netflixtw/post/DGihMkFzxWT,我等下複製去臉書發,2025年2月26日 星期三 下午10:27,,,39,0,0,0
chia_0319,https://www.threads.com/@chia_0319/post/DGebVNSyJdX,"Netflix《難哄》排名第一了
這才對嘛！🤩",2025年2月25日 星期二 上午8:19,,No photo description available.,14000,151,240,720,https://www.threads.com/@netflixtw/post/DGf2nL-vve8,我要去哄哄我家友友了,2025年2月25日 星期二 下午9:36,,,1505,1,1,11
tusi_0613,https://www.threads.com/@tusi_0613/post/DGfCscdTnvl,"這是回覆已無法顯示的貼文
謝謝喔🙏🏻
處暑",2025年2月25日 星期二 下午2:03,,,61,1,0,1,https://www.threads.com/@netflixtw/post/DGfFxuhv4F1,寶我們這樣太親密了,2025年2月25日 星期二 下午2:30,,,80,1,0,1
_1.c.7_,https://www.threads.com/@_1.c.7_/post/DGdSbejTIyx,"
🧵🪵，我的肛門只會….",2025年2月24日 星期一 下午9:42,@netflixtw,,2,1,0,0,https://www.threads.com/@netflixtw/post/DGdYPxrvFTU,話不要說一半,2025年2月24日 星期一 下午10:32,,,4,0,0,0
mcdp__xujiashan,https://www.threads.com/@mcdp__xujiashan/post/DGdOTmqzoeA,"
我是7.28出生的🤣🤣粗略估一下，我叫做大暑🤣🤣（感覺也不可能有桑頭牌了🤣🤣",2025年2月24日 星期一 下午9:06,@netflixtw,,23,1,0,0,https://www.threads.com/@netflixtw/post/DGdX_K6Pyi8,可能有天可以參加什麼速食店的活動,2025年2月24日 星期一 下午10:30,,,42,1,0,0
yung_j._.731,https://www.threads.com/@yung_j._.731/post/DGaqY2TyepY,近期女性出軌原因：桑延,2025年2月23日 星期日 下午9:13,,No photo description available. | No photo description available. | No photo description available. | No photo description available. | No photo description available.,66000,476,5499,13000,https://www.threads.com/@netflixtw/post/DGcbVAVPq_W,看得我是垂氵延三尺🤤,2025年2月24日 星期一 下午1:40,,,1296,4,2,17
lovepuppy621,https://www.threads.com/@lovepuppy621/post/DGauvRISKyE,"
小編還想活過明天嗎🤣怎麼覺得求生欲很低🤣",2025年2月23日 星期日 下午9:51,@netflixtw,,153,1,0,0,https://www.threads.com/@netflixtw/post/DGazSTPvz41,我也想當美跩慘（結果只達成最後那個,2025年2月23日 星期日 下午10:31,,,230,0,0,4
yu__hao,https://www.threads.com/@yu__hao/post/DGVhi5Fyl0B,"原來BEAMS有MEDICAL這個支線
在醫院需要那麼潮ㄇ",2025年2月21日 星期五 下午9:20,,,6675,191,344,4507,https://www.threads.com/@netflixtw/post/DGXHbUpv4g0,白江赫需要,2025年2月22日 星期六 下午12:10,,,1074,6,0,15
cldgg,https://www.threads.com/@cldgg/post/DGUdeANS-va,"
最近都沒什麼好看的電影
但我又不愛追劇",2025年2月21日 星期五 上午11:25,@netflixtw,,21,1,0,0,https://www.threads.com/@netflixtw/post/DGUqFL2v2IL,你也很難哄,2025年2月21日 星期五 下午1:15,,,84,0,0,0
if_you_think_so,https://www.threads.com/@if_you_think_so/post/DGSsv38PBRY,"主持人：跳進車窗那場戲有什麼感受？
白敬亭：「有車門的話平時我也走車門」
…
小白回答問題的思路還是這麼奇特😂",2025年2月20日 星期四 下午7:01,,,3257,10,140,165,https://www.threads.com/@netflixtw/post/DGUWmpXvrhK,我家有門，小白你怎麼不走進來？,2025年2月21日 星期五 上午10:25,,,526,1,0,8
wispalovetv,https://www.threads.com/@wispalovetv/post/DGSvXNDySNa,"現在Netflix台灣熱門正在夯的頭兩名
故事宗旨還真極端
第一名 童話故事下集
第二名 童話故事上集😆
#童話故事下集
#難哄",2025年2月20日 星期四 下午7:23,,No photo description available.,17000,79,446,2442,https://www.threads.com/@netflixtw/post/DGUWkIUPWif,不管是上集還是下集，跟我的愛情都沒有交集🥲,2025年2月21日 星期五 上午10:25,,,6373,19,111,169
carrefourtaiwan,https://www.threads.com/@carrefourtaiwan/post/DGMz1MLTd4n,"蕃轉.餓運.
家樂福蕃茄季",2025年2月18日 星期二 下午12:06,,No photo description available. | No photo description available. | No photo description available. | No photo description available. | No photo description available.,6547,125,167,847,https://www.threads.com/@netflixtw/post/DGSBpzVPDif,我的長這樣,2025年2月20日 星期四 下午12:43,,No photo description available.,4448,26,4,20
woo7mahey,https://www.threads.com/@woo7mahey/post/DGQc10WTavW,"
必須追！加班用得好巧妙😍",2025年2月19日 星期三 下午10:02,@netflixtw,,2,1,0,0,https://www.threads.com/@netflixtw/post/DGRw4WXzMvv,第一次喜歡加班,2025年2月20日 星期四 上午10:17,,,4,0,0,0
y320dan,https://www.threads.com/@y320dan/post/DGNxZZ3S6im,"怎麼會有跟劉以豪用同款浴巾的問題啦😂
童話故事下集",2025年2月18日 星期二 下午9:04,,No photo description available.,10000,78,90,848,https://www.threads.com/@netflixtw/post/DGQY6KTP6lj,都是媽買的,2025年2月19日 星期三 下午9:28,,,1406,0,2,8
sabriinayuuu,https://www.threads.com/@sabriinayuuu/post/DGNaX0Rh1X1,"Netflix 勸你善良在會考前出這麼多想看的
算你狠🥰",2025年2月18日 星期二 下午5:43,,No photo description available. | No photo description available. | No photo description available. | No photo description available. | No photo description available.,13000,62,820,1907,https://www.threads.com/@netflixtw/post/DGQY299P0yN,妳真難哄,2025年2月19日 星期三 下午9:28,,,3462,6,32,30
honeybaby_officialstudio,https://www.threads.com/@honeybaby_officialstudio/post/DGPlGGKR2SX,"
也許只是不想跟尼在一起🍓",2025年2月19日 星期三 下午1:55,@netflixtw,,1,1,0,0,https://www.threads.com/@netflixtw/post/DGQNqhuMwXt,不要講這麼大聲⋯,2025年2月19日 星期三 下午7:50,,,1,0,0,0
girlstyle.tw,https://www.threads.com/@girlstyle.tw/post/DGKPnJrhr5V,"「平均每7天我都會有一次想離婚的念頭，100次想打死對方的衝動。」
已婚人士真的都是這樣嗎？😂",2025年2月17日 星期一 下午12:11,,"Photo by GirlStyle 台灣女生日常 on February 16, 2025. | Photo by GirlStyle 台灣女生日常 on February 16, 2025. | Photo by GirlStyle 台灣女生日常 on February 16, 2025. | Photo by GirlStyle 台灣女生日常 on February 16, 2025. | Photo by GirlStyle 台灣女生日常 on February 16, 2025. | Photo by GirlStyle 台灣女生日常 on February 16, 2025. | Photo by GirlStyle 台灣女生日常 on February 16, 2025. | Photo by GirlStyle 台灣女生日常 on February 16, 2025. | Photo by GirlStyle 台灣女生日常 on February 16, 2025. | Photo by GirlStyle 台灣女生日常 on February 16, 2025.",7770,218,307,3451,https://www.threads.com/@netflixtw/post/DGMs10cPryk,被另一半氣到七婚八素婆愛豆的笑容都沒你的甜😍,2025年2月18日 星期二 上午11:05,,,333,1,3,13
xwwxv__,https://www.threads.com/@xwwxv__/post/DGLWbJ6SYlA,不知道學測成績出來我媽比較難哄 還是女主角比較難哄,2025年2月17日 星期一 下午10:30,,No photo description available.,23000,54,1534,2603,https://www.threads.com/@netflixtw/post/DGMsyr7vF7f,這天氣比較難哄自己起床🥲,2025年2月18日 星期二 上午11:05,,,4121,0,53,80
anab8025,https://www.threads.com/@anab8025/post/DGIfQqtzv3h,"劉以豪 完美詮釋媽寶這角色
我看了好幾集根本忘記他是劉以豪
因為覺得他詮釋的樣子很像我前夫，看到一直無名火噴上來 🔥
事實證明，再怎麼好看的男人
媽寶就是shit
看到柯佳嬿罵髒話好爽",2025年2月16日 星期日 下午7:50,,,4920,104,12,142,https://www.threads.com/@netflixtw/post/DGKciB8PNzG,媽說：不可以罵髒話,2025年2月17日 星期一 下午2:04,,,952,6,1,8
damo_n0702,https://www.threads.com/@damo_n0702/post/DGArK9QBWqt,"明天情人節怎麼過
：跳過。",2025年2月13日 星期四 下午7:00,,,47000,310,4327,4780,https://www.threads.com/@netflixtw/post/DGC6ljQPQg0,像片頭那樣，略過,2025年2月14日 星期五 下午3:53,,,8626,10,74,166
null_dimension.0x00,https://www.threads.com/@null_dimension.0x00/post/DGACWrvp504,"如果把英文中的t 替換成D 你就能得到簡易的印度腔
Don't tell me what to do 試試看
你可以不學 但一定要請你的朋友學",2025年2月13日 星期四 下午1:03,,,32000,469,2223,17000,https://www.threads.com/@netflixtw/post/DGBAg05vyNb,你再唸一次,2025年2月13日 星期四 下午10:06,,,1229,2,0,39
siao.official,https://www.threads.com/@siao.official/post/DF-c5qwSUWE,"早上起床以為自己是陸俊諝
單身即地獄4",2025年2月12日 星期三 下午10:17,,,27000,360,3273,10000,https://www.threads.com/@netflixtw/post/DF_5CgUvLP7,陸：呀！起床！,2025年2月13日 星期四 上午11:42,,,1706,4,0,32
n.eptune0,https://www.threads.com/@n.eptune0/post/DF-oTSYPRhG,"鐘勳在裕陳貼文底下留言：我很抱歉
裕陳：goodnight
我笑瘋掉⋯⋯這個真的全部最好笑",2025年2月12日 星期三 下午11:56,,No photo description available.,13000,29,376,1274,https://www.threads.com/@netflixtw/post/DF_5AfaPtjZ,導遊很累了😪,2025年2月13日 星期四 上午11:41,,,837,0,0,9
frieren_pr,https://www.threads.com/@frieren_pr/post/DF5MKrevTgs,2.1 萬,2025年2月10日 星期一 下午9:14,,No photo description available.,21000,169,782,1205,https://www.threads.com/@netflixtw/post/DF64oomvCyW,フリーレン様— 料理が美味しくなる魔法がございませんか？,2025年2月11日 星期二 下午1:02,,,1459,4,0,10
ericaheart_room,https://www.threads.com/@ericaheart_room/post/DF5VIKTzhu4,笑爛🤣 外傷重症中心 粉絲見面會！朱智勛有比較會比愛心了嗎？看來是沒有！😆秋英宇現場教學😂白江赫放棄比了其他手勢...,2025年2月10日 星期一 下午10:40,,,15000,94,786,3131,https://www.threads.com/@netflixtw/post/DF64lMpvOAA,白教授也有做不到的事啊,2025年2月11日 星期二 下午1:02,,,689,5,0,9
npm_south,https://www.threads.com/@npm_south/post/DF6lYjaTuqx,"
情人節前，這太狠了",2025年2月11日 星期二 上午10:14,@netflixtw,,457,3,0,2,https://www.threads.com/@netflixtw/post/DF6rzE-PGr9,genZ同事一臉茫然的表情才狠🫠,2025年2月11日 星期二 上午11:10,,,272,0,0,13
nyor.mi,https://www.threads.com/@nyor.mi/post/DF49QpeSwXR,冷知識：明天不是開學日，是單身即地獄更新日,2025年2月10日 星期一 下午7:04,,,6811,20,598,685,https://www.threads.com/@netflixtw/post/DF6j3d7zpfv,我謝謝你,2025年2月11日 星期二 上午10:01,,,215,0,0,2
decode.fate,https://www.threads.com/@decode.fate/post/DF2JGU4PUde,"冷知識：
曖昧加line不會在一起
曖昧超過兩週不會在一起
曖昧時就叫寶寶不會在一起",2025年2月9日 星期日 下午4:50,,,7099,85,328,794,https://www.threads.com/@netflixtw/post/DF5MUvHvkTR,曖昧時看Netflix不會知道劇情😘,2025年2月10日 星期一 下午9:16,,,436,4,0,14
ericaheart_room,https://www.threads.com/@ericaheart_room/post/DF2lHsoz7xc,秋英宇 emoji 挑戰！😆莫名其妙贏了遊戲~,2025年2月9日 星期日 下午9:00,,,1860,7,35,79,https://www.threads.com/@netflixtw/post/DF5MRckvEZb,我的表情😍🥰😳😘👰‍♀️,2025年2月10日 星期一 下午9:15,,,72,0,2,2
yi__liberte,https://www.threads.com/@yi__liberte/post/DF5EEAWTYu-,"
✅鐘勳承認喜歡泰煥",2025年2月10日 星期一 下午8:03,@netflixtw,,1160,4,8,56,https://www.threads.com/@netflixtw/post/DF5FFYJv4my,慧真的哭出來,2025年2月10日 星期一 下午8:12,,,664,1,1,6
zoo80143,https://www.threads.com/@zoo80143/post/DFz87-ISvhI,"
抖腳沒關係，別像他腳沒力就好",2025年2月8日 星期六 下午8:25,@netflixtw,,33,1,0,0,https://www.threads.com/@netflixtw/post/DF0NRErPw1Q,溜冰的時候蠻有力的,2025年2月8日 星期六 下午10:48,,,35,0,0,1
npm_south,https://www.threads.com/@npm_south/post/DFw3XvIJzTO,"
「有品味」National Palace Museum",2025年2月7日 星期五 下午3:39,@netflixtw,,206,2,0,0,https://www.threads.com/@netflixtw/post/DFw8SylPuXX,你會取代哪個N🤩,2025年2月7日 星期五 下午4:22,,,29,1,0,0
allen_00423,https://www.threads.com/@allen_00423/post/DFuHHN_JgN_,"
我只有一個條件：請月老給我一個像時安一樣的女生",2025年2月6日 星期四 下午1:58,@netflixtw,,2,2,0,1,https://www.threads.com/@netflixtw/post/DFum_sUv3rW,好！同時會附上另外三個男生,2025年2月6日 星期四 下午6:37,,,75,0,0,3
ericaheart_room,https://www.threads.com/@ericaheart_room/post/DFsBbHPSCuw,📸 外傷重症中心 朱智勛 證件照高清照公開！可以當作護身符了❤️‍🔥需要勇氣時，就大喊我是白江赫！會給你力量的😆！！💪🏻,2025年2月5日 星期三 下午6:30,,No photo description available. | No photo description available.,4285,32,142,274,https://www.threads.com/@netflixtw/post/DFuOINPpEhe,剛剛跟老闆報告的時候大喊了，現在被請出辦公室，在線等解答。,2025年2月6日 星期四 下午3:00,,,60,1,0,0
00life_1010,https://www.threads.com/@00life_1010/post/DFs0kiiSV1-,多年後在地獄的阿爾敏：艾連人咧？,2025年2月6日 星期四 上午1:57,,No photo description available.,9504,37,278,716,https://www.threads.com/@netflixtw/post/DFuOE3EpY-i,阿爾敏：擦掉人與人之間的信任 ✋🙂,2025年2月6日 星期四 下午2:59,,,884,2,1,9
allen_00423,https://www.threads.com/@allen_00423/post/DFsuIMcT6wx,"
什麼晚安？我現在的眼裡只有時安而已，暈爛了",2025年2月6日 星期四 上午1:01,@netflixtw,,22,1,0,2,https://www.threads.com/@netflixtw/post/DFtvI9JSfG2,那你會做花戒指嗎？,2025年2月6日 星期四 上午10:29,,,22,0,0,2
seomxee,https://www.threads.com/@seomxee/post/DFmzSCGSZtF,Netflix 知道我喜歡看什麼,2025年2月3日 星期一 下午5:51,,,10000,40,542,990,https://www.threads.com/@netflixtw/post/DFpkUoVykHm,因為我也愛看,2025年2月4日 星期二 下午7:37,,,1627,4,1,4
balabalaboobong,https://www.threads.com/@balabalaboobong/post/DFb65uvzX5k,"
好想要王星越的小卡喔🥺🥺🥺🥺🥺🥺",2025年1月30日 星期四 下午12:25,@netflixtw,,0,1,0,0,https://www.threads.com/@netflixtw/post/DFpB2H4yamR,活動期間每日18:00-22:00打卡就能拿角色蒐藏小卡喔,2025年2月4日 星期二 下午2:36,,,1,0,0,1
mr.spangjimiao,https://www.threads.com/@mr.spangjimiao/post/DFmi47_SXCC,"
這週要上六天班喔XD",2025年2月3日 星期一 下午3:27,@netflixtw,,22,1,0,0,https://www.threads.com/@netflixtw/post/DFm4Nd0Jpaj,逼我對你喊閉嘴嗎？,2025年2月3日 星期一 下午6:33,,,27,0,0,0
sofia_hash109,https://www.threads.com/@sofia_hash109/post/DFmnhc4vfbo,"
可能有點用wwww",2025年2月3日 星期一 下午4:08,@netflixtw,,1,1,0,0,https://www.threads.com/@netflixtw/post/DFm35whyrFM,你只是想看笑話對不對,2025年2月3日 星期一 下午6:31,,,5,0,0,0
iss03033,https://www.threads.com/@iss03033/post/DFkIL0OzXFY,感覺這部劇不是很火，但是我真的覺得超好看！看這部劇像是在回憶自己的人生一樣……,2025年2月2日 星期日 下午4:55,,No photo description available. | No photo description available.,4070,66,73,122,https://www.threads.com/@netflixtw/post/DFmUCNIprae,低估醫生,2025年2月3日 星期一 下午1:17,,,352,4,1,4
weina.wen,https://www.threads.com/@weina.wen/post/DFkKalvTvCe,"
請你繼續留著 這樣我才能在上班中找樂趣😂",2025年2月2日 星期日 下午5:15,@netflixtw,,57,1,0,0,https://www.threads.com/@netflixtw/post/DFkM4PPprdf,＠你老闆,2025年2月2日 星期日 下午5:36,,,55,0,0,1
momoleelee,https://www.threads.com/@momoleelee/post/DFhgJrJzMsC,"
大屁眼",2025年2月1日 星期六 下午4:27,@netflixtw,,111,3,0,6,https://www.threads.com/@netflixtw/post/DFhq0odJ0WS,這心情肛門懂,2025年2月1日 星期六 下午6:00,,,39,0,0,0
dr_chang_chien,https://www.threads.com/@dr_chang_chien/post/DFhXBlUyPkJ,"
學弟以前綽號叫包皮⋯⋯",2025年2月1日 星期六 下午3:07,@netflixtw,,3,2,0,0,https://www.threads.com/@netflixtw/post/DFhgao3JDm6,想必是個靈魂人物,2025年2月1日 星期六 下午4:29,,,0,1,0,0
hpgt30_zzzni,https://www.threads.com/@hpgt30_zzzni/post/DFeuIVzBRuh,"
只有9集嗎🥲🥲",2025年1月31日 星期五 下午2:31,@netflixtw,,3,2,0,1,https://www.threads.com/@netflixtw/post/DFevaBHphVB,你多出來的那一集是在哪看的,2025年1月31日 星期五 下午2:43,,,147,4,1,3
biich_089457,https://www.threads.com/@biich_089457/post/DFdXDmZS9JJ,"
2025有星期三又有怪奇…
這什麼大好年我的媽呀😍",2025年1月31日 星期五 上午1:51,@netflixtw,,59,1,0,5,https://www.threads.com/@netflixtw/post/DFeEYesSOAi,蛇prise😍🐍,2025年1月31日 星期五 上午8:27,,,32,0,0,1
crc_02001,https://www.threads.com/@crc_02001/post/DFdFpQxBo53,"
感覺GD會客串",2025年1月30日 星期四 下午11:18,@netflixtw,,40,1,0,6,https://www.threads.com/@netflixtw/post/DFdF0ztSP7N,來唱power嗎,2025年1月30日 星期四 下午11:20,,,163,4,0,4
shopee_tw,https://www.threads.com/@shopee_tw/post/DFc9lrLvy8y,"
很魷意境",2025年1月30日 星期四 下午10:08,@netflixtw,,807,3,0,4,https://www.threads.com/@netflixtw/post/DFc-n5hyp82,過年營業魷你真好,2025年1月30日 星期四 下午10:17,,,372,0,0,2
___z.an,https://www.threads.com/@___z.an/post/DFb0bc5y1ng,"有時候就是覺得 木棉花、netflix 、蝦皮的小編
都超有趣… 我想想還有什麼",2025年1月30日 星期四 上午11:29,,,21000,392,382,469,https://www.threads.com/@netflixtw/post/DFcauj4yxZn,我可能會遲到 但絕對會來,2025年1月30日 星期四 下午5:03,,,4602,5,0,4
shopee_tw,https://www.threads.com/@shopee_tw/post/DFb5IW6Pc42,"
男生留長髮我一律不包紅包😡",2025年1月30日 星期四 下午12:10,@netflixtw,,217,3,0,6,https://www.threads.com/@netflixtw/post/DFb-4V9pj4-,那送你花戒指的話，包多少？,2025年1月30日 星期四 下午1:00,,,121,1,0,0
emilie.chiu,https://www.threads.com/@emilie.chiu/post/DFYCOCqy51v,"
認真覺得你升級了！",2025年1月29日 星期三 上午12:12,@netflixtw,,1,1,0,0,https://www.threads.com/@netflixtw/post/DFbzE4iylvv,哪部分？說來讓我新年快樂一下,2025年1月30日 星期四 上午11:17,,,2,0,0,0
popinmomo,https://www.threads.com/@popinmomo/post/DFR4chQS0mJ,"
我看不懂",2025年1月26日 星期日 下午2:51,@steak242,,0,1,0,0,https://www.threads.com/@netflixtw/post/DFUs3JjJrHr,兩位要去看劇場版彩蛋！,2025年1月27日 星期一 下午5:08,,,0,0,0,0
true_lemon_true,https://www.threads.com/@true_lemon_true/post/DFQJK1NyvT4,"
這截圖把異性戀向戀綜
硬是嗑出一個百合味來",2025年1月25日 星期六 下午10:39,@netflixtw,,744,1,0,4,https://www.threads.com/@netflixtw/post/DFUr5k5J5FR,我們可是合家觀賞的節目！,2025年1月27日 星期一 下午5:00,,,5,0,0,0
klooktw,https://www.threads.com/@klooktw/post/DFRx4ZzTABF,"
看你是要叫Klook還是Klook其實都可以
但我本人是唸Klook",2025年1月26日 星期日 下午1:54,@netflixtw,,550,4,0,0,https://www.threads.com/@netflixtw/post/DFUrhRipBi-,"雖然我的正確念法是Netflix 但大家都叫我Netflix
所以就照你們習慣的叫法叫我Netflix就好",2025年1月27日 星期一 下午4:56,,,32,1,0,0
annabelle.yanyan,https://www.threads.com/@annabelle.yanyan/post/DFUX6jhSRYa,"
甚至直接走掉沒有要幫別人的意思😆",2025年1月27日 星期一 下午2:05,@netflixtw,,250,1,0,1,https://www.threads.com/@netflixtw/post/DFUrGWWpEG2,這就是偏心,2025年1月27日 星期一 下午4:53,,,53,0,0,1
densen_irene,https://www.threads.com/@densen_irene/post/DFUqR53ShV8,"
大膽預言是時安(⁎⁍̴̛ᴗ⁍̴̛⁎)",2025年1月27日 星期一 下午4:45,@netflixtw,,136,1,0,1,https://www.threads.com/@netflixtw/post/DFUrCpdprL-,聽君一席話，如聽一席話😍,2025年1月27日 星期一 下午4:52,,,92,1,0,1
tzuu.o925,https://www.threads.com/@tzuu.o925/post/DFKG8IRyXVc,"來分享我最愛的豆腐絕頂吃法
好吃到我每天都要吃一盤",2025年1月23日 星期四 下午2:24,,No photo description available. | No photo description available. | No photo description available. | No photo description available. | No photo description available. | No photo description available.,15000,797,532,3914,https://www.threads.com/@netflixtw/post/DFMwrtpJHB8,請參加黑白搞大廚🧑‍🍳,2025年1月24日 星期五 下午3:07,,,1882,8,2,26
jiyu.messi,https://www.threads.com/@jiyu.messi/post/DFMBIEgytQd,"
聊天聊一半，全世界都來了",2025年1月24日 星期五 上午8:12,@netflixtw,,2,1,0,0,https://www.threads.com/@netflixtw/post/DFMr2thJaxN,至少還知道要祝他們聊得開心,2025年1月24日 星期五 下午2:25,,,0,0,0,1
yee._28,https://www.threads.com/@yee._28/post/DFJ5yRzzxZf,"
缺什麼戒指 我缺的是跟泰晤一樣的男朋友…",2025年1月23日 星期四 下午12:29,@netflixtw,,63,1,0,4,https://www.threads.com/@netflixtw/post/DFMpvXlp7dF,先找一個想要幫他裝滿火腿的對象吧😍,2025年1月24日 星期五 下午2:07,,,1,0,0,0
decode.fate,https://www.threads.com/@decode.fate/post/DFIKsdkpMJE,"18歲重視的東西：
熱烈的愛情
自由的靈魂
30歲重視的東西：
B群、維他命C、鐵劑、葉黃素
益生菌、膠原蛋白、消水腫錠
眼霜、精油、刮痧板、泡腳桶
Netflix和YT會員、穩定的情緒
規律的作息、良好的睡眠品質
健康的身體、一雙好看的美甲
乾淨的空氣品質、通風不潮濕的房間",2025年1月22日 星期三 下午8:19,,,30000,288,1880,8234,https://www.threads.com/@netflixtw/post/DFLRvN3T6Wn,暈船了,2025年1月24日 星期五 上午1:18,,,307,0,0,5
lillian_02011,https://www.threads.com/@lillian_02011/post/DFDZBA2yRCb,"
所以Netflix要不要把每一季的人氣王聚集起來拍個明星賽啊🤣",2025年1月20日 星期一 下午11:47,@netflixtw,,246,1,1,6,https://www.threads.com/@netflixtw/post/DFKbiwCp2f8,官熙恐怕會變得很複雜,2025年1月23日 星期四 下午5:24,,,31,0,0,0
hkkk.w,https://www.threads.com/@hkkk.w/post/DFJ385avTQt,去天堂島有很難嗎 笑死,2025年1月23日 星期四 下午12:14,,,15000,208,1090,3919,https://www.threads.com/@netflixtw/post/DFKTTlopcKc,只能送你到天堂,2025年1月23日 星期四 下午4:12,,,615,3,0,25
alex126shao,https://www.threads.com/@alex126shao/post/DFGjIaxyOCB,"
以後追劇可以跟媽媽說我在練作文",2025年1月22日 星期三 上午5:14,@netflixtw,,15,1,0,0,https://www.threads.com/@netflixtw/post/DFJ2FhxS8UY,媽媽：已續訂,2025年1月23日 星期四 上午11:57,,,4,1,0,0
janice969611,https://www.threads.com/@janice969611/post/DFJc6eiTIz0,"原來《辛苦了》劇名是《苦盡桔來遇見你￼ 》
預告都出來了！
朴寶劍IU",2025年1月23日 星期四 上午8:18,,,5421,37,222,1074,https://www.threads.com/@netflixtw/post/DFJwNkUSOt2,柑！,2025年1月23日 星期四 上午11:06,,,206,2,1,3
sk_bru0724,https://www.threads.com/@sk_bru0724/post/DFIKkd4SYm1,"
我的下巴獨自升級",2025年1月22日 星期三 下午8:17,@netflixtw,,2425,5,2,33,https://www.threads.com/@netflixtw/post/DFIcKzBSFVL,升級的可不只下巴,2025年1月22日 星期三 下午10:51,,,557,2,0,1
chocooo.mochii,https://www.threads.com/@chocooo.mochii/post/DFFnrhAhYrU,"哇damn 小夫
你真的很懂
你才是最最最最最專的一個 我服了
還考慮時安的感受 怕她戴著會不好意思
不知道結局會是怎樣呢",2025年1月21日 星期二 下午8:34,,No photo description available. | No photo description available. | No photo description available. | No photo description available.,5684,59,394,351,https://www.threads.com/@netflixtw/post/DFHS7oOSC7Z,無辜被摘的花：你們最好配對成功,2025年1月22日 星期三 下午12:11,,,682,1,2,0
pinwen_1019,https://www.threads.com/@pinwen_1019/post/DFDTaEyzd3s,"廈情的reaction好好笑！
不知不覺就看完了🤣
跟很多女嘉賓認識所以瘋狂以熟人視角吐槽超好笑
(最大受害者：민설)
表情也是非常的豐富 愛死😍😍",2025年1月20日 星期一 下午11:00,,,8282,43,317,1439,https://www.threads.com/@netflixtw/post/DFFYY0dpPdH,最喜歡看這種廈廈叫的反應了！,2025年1月21日 星期二 下午6:20,,,417,2,0,6
lah_layz,https://www.threads.com/@lah_layz/post/DFDCynJhgJO,"
我說過了 他正搭直升機在趕著參加第五集",2025年1月20日 星期一 下午8:33,@netflixtw,,48,2,0,8,https://www.threads.com/@netflixtw/post/DFFWElDpQ-5,那我們祝他遇水水則發💦,2025年1月21日 星期二 下午6:00,,,5,1,0,0
kai_._7,https://www.threads.com/@kai_._7/post/DFCAbKBywJL,"單身即地獄每季我比較喜歡的
第一季 宋智雅
第二季 Dex
第三季 Dex
第四季 Dex",2025年1月20日 星期一 上午10:53,,,18000,134,862,1780,https://www.threads.com/@netflixtw/post/DFCtbtzJKVv,其他參賽者表示：沒官熙,2025年1月20日 星期一 下午5:27,,,2873,5,11,48
jclin0000,https://www.threads.com/@jclin0000/post/DE7bMwZzC4h,,2025年1月17日 星期五 下午9:33,,,0,0,0,0,https://www.threads.com/@netflixtw/post/DE7hyloyUb7,希望是聊 單身即地獄,2025年1月17日 星期五 下午10:30,,,74,1,0,5
kaikaiko,https://www.threads.com/@kaikaiko/post/DE4-G39z8HM,"我的英雄學院要開始追嗎？！
幫我決定一下！",2025年1月16日 星期四 下午10:40,,,12000,635,46,299,https://www.threads.com/@netflixtw/post/DE6XITMy-PV,要追，因為我來了！,2025年1月17日 星期五 上午11:38,,,1118,2,2,9
hsroses_,https://www.threads.com/@hsroses_/post/DE4onoZTps5,"哈哈哈哈第四季都在看主持人
我真的會被DEX笑死 從頭到尾都在關注智妍
那個귀여워有夠真心還講到害羞是怎樣超可愛😍
單身即地獄4",2025年1月16日 星期四 下午7:32,,,4543,27,119,214,https://www.threads.com/@netflixtw/post/DE6WejYS5d4,Dex：請支援飛行,2025年1月17日 星期五 上午11:32,,,432,1,0,3
kthielien,https://www.threads.com/@kthielien/post/DE45ex4SuMk,"
可以乾脆叫茼蒿嗎感恩",2025年1月16日 星期四 下午10:00,@netflixtw,,664,7,0,14,https://www.threads.com/@netflixtw/post/DE5IZfDy9ly,雖然是火鍋的季節但還是不行😍,2025年1月17日 星期五 上午12:10,,,240,0,0,20
bu_920,https://www.threads.com/@bu_920/post/DE4Ze8hygvx,"
可以在尾牙現場盪鞦韆嗎？（反串",2025年1月16日 星期四 下午5:20,@netflixtw,,64,1,0,0,https://www.threads.com/@netflixtw/post/DE4eqO3SY8U,盪然可以,2025年1月16日 星期四 下午6:05,,,47,1,0,1
needurhousewifi,https://www.threads.com/@needurhousewifi/post/DE0H3nzzhcg,要瘋了超級好笑 這季的笑點都靠你了哥,2025年1月15日 星期三 上午1:30,,,5101,53,198,346,https://www.threads.com/@netflixtw/post/DE4CHO-JF21,時安：有先問過我腋下如何嗎,2025年1月16日 星期四 下午1:56,,,684,1,0,17
the_kdaily,https://www.threads.com/@the_kdaily/post/DEzVZOOxgjH,"單身即地獄4 男嘉賓炸裂發言🔥🔥🔥
「我從一出生就知道自己長得帥，有時候吵架對方只要看到我的臉就會消氣。照鏡子的時候偶爾會有種被自己的眼睛吸進去的感覺...」",2025年1月14日 星期二 下午6:08,,,7482,762,610,9053,https://www.threads.com/@netflixtw/post/DE12E0KpzcR,看來這裡的人都沒被他吸進去,2025年1月15日 星期三 下午5:32,,,1405,17,2,37
peggy_0712,https://www.threads.com/@peggy_0712/post/DEzfjYsy6ge,"單身即地獄4
韓國要不要給人活 到底哪來這麼多素人 每個都瘦得要命
而且這季女生每個都長好像⋯",2025年1月14日 星期二 下午7:38,,,9896,421,154,1990,https://www.threads.com/@netflixtw/post/DE12CIFpw5P,會回家跟媽媽生氣的是哪個？,2025年1月15日 星期三 下午5:32,,,290,2,0,3
boomerwater,https://www.threads.com/@boomerwater/post/DEzhwP3TnBm,"
希望不要暴雷的太快
每次要等假日就出現片段🙄",2025年1月14日 星期二 下午7:56,@netflixtw,,17,1,0,0,https://www.threads.com/@netflixtw/post/DEzle4VypCA,文字聊可以嗎,2025年1月14日 星期二 下午8:29,,,16,1,0,0
iammarriedbut,https://www.threads.com/@iammarriedbut/post/DEy0onmvLpW,"
要生了😍",2025年1月14日 星期二 下午1:22,@netflixtw,,26,1,0,1,https://www.threads.com/@netflixtw/post/DEy7fzuSXTv,這個大頭貼宜玲要生氣了😍,2025年1月14日 星期二 下午2:22,,,12,0,0,1
momo11thjun,https://www.threads.com/@momo11thjun/post/DEwXtrBzQkj,"
小編會不會太有才華🤩
需要加雞腿🍗跟加薪吧",2025年1月13日 星期一 下午2:31,@netflixtw,,3,1,0,0,https://www.threads.com/@netflixtw/post/DExLvKKS2GS,老闆：,2025年1月13日 星期一 下午10:05,,,6,0,0,0
_wen0114,https://www.threads.com/@_wen0114/post/DExC_DtPUv6,"
最後一集看到這段也馬上想到GD🤣",2025年1月13日 星期一 下午8:49,@netflixtw,,3,1,0,0,https://www.threads.com/@netflixtw/post/DExLop9y0s5,龍係你啦～龍係你啦,2025年1月13日 星期一 下午10:04,,,5,0,0,0
rotsukhoon,https://www.threads.com/@rotsukhoon/post/DEudsd6SLRL,"第三關：哈哈球⚽️
到底誰能過關啦！快留言給我圖==
魷魚遊戲",2025年1月12日 星期日 下午8:45,,,17000,286,553,3883,https://www.threads.com/@netflixtw/post/DExDgEJSTxu,哈不出來了,2025年1月13日 星期一 下午8:53,,,275,0,0,1
w_littleboydaily,https://www.threads.com/@w_littleboydaily/post/DEte3ZxSuBM,"育兒好容易遇到荒謬的事🙃
無意間看到Netflix 的兒童專區有一部聖誕節的汪汪隊
點進去一看
我真的哭笑不得
整部電影就是汪汪隊趴在燃燒的壁爐前取暖睡覺
然後每隔十分鐘會有一隻狗醒三秒
又秒睡！
然後就沒了！沒了！
結果鵝子們真的整整看了30分鐘！！
我🙃
育兒的荒謬路",2025年1月12日 星期日 上午11:36,,,34000,552,928,10000,https://www.threads.com/@netflixtw/post/DEu7TcDyxfp,這次真的立大功了,2025年1月13日 星期一 上午1:03,,,7588,13,10,57
foodpanda_taiwan,https://www.threads.com/@foodpanda_taiwan/post/DEpBahVzrmL,"內個…
有人知道跟我自拍的是誰嗎😳",2025年1月10日 星期五 下午6:01,,No photo description available.,4349,60,53,298,https://www.threads.com/@netflixtw/post/DEpu0i9yKdI,蒜泥厲害,2025年1月11日 星期六 上午12:38,,,1195,1,0,14
_iii.xv,https://www.threads.com/@_iii.xv/post/DEpgGN8PksM,"
動了會被抓到附近全聯支援收銀嗎？",2025年1月10日 星期五 下午10:29,@netflixtw,,196,2,0,16,https://www.threads.com/@netflixtw/post/DEpuuqsSnN4,英熙不會給這種福利,2025年1月11日 星期六 上午12:37,,,130,1,0,0
rotsukhoon,https://www.threads.com/@rotsukhoon/post/DEpMrkuv_mG,"如果這遊戲發生在台灣….不知贏的機率多少
魷魚遊戲",2025年1月10日 星期五 下午7:40,,,30000,284,1306,5063,https://www.threads.com/@netflixtw/post/DEpkW98SkIG,知道他們為什麼用叉子了嗎,2025年1月10日 星期五 下午11:06,,,2550,2,0,11
lei.ccc_,https://www.threads.com/@lei.ccc_/post/DEpbJR-yYs3,"
這名字讓我直接軟掉…🤣🤣🤣",2025年1月10日 星期五 下午9:46,@netflixtw,,51,1,0,1,https://www.threads.com/@netflixtw/post/DEpeHs2SUZ7,果然很適合去談判,2025年1月10日 星期五 下午10:12,,,24,0,0,1
ync_0712,https://www.threads.com/@ync_0712/post/DEiIoBwSDqj,"今天二刷魷魚遊戲2突然想到
為什麼他們都不用洗澡換衣服🤨
感覺流超多汗跟被血濺到哈哈哈哈
魷魚遊戲2",2025年1月8日 星期三 上午1:49,,,4582,85,19,58,https://www.threads.com/@netflixtw/post/DEowthxJ0GU,天氣這麼冷你有每天洗澡嗎？,2025年1月10日 星期五 下午3:35,,,587,33,0,11
zzjl910929,https://www.threads.com/@zzjl910929/post/DEkZdMSSLZf,"家樂福
我真的沒看過這麼醜到沒食慾的麵包
你跟我說這是魷魚？？？？",2025年1月8日 星期三 下午10:55,,,7698,228,612,2786,https://www.threads.com/@netflixtw/post/DEm3OXDyot1,這是什麼遊戲,2025年1月9日 星期四 下午9:53,,,1356,10,2,10
moonxotttop,https://www.threads.com/@moonxotttop/post/DEmIUu2Swd7,"
屌在俊🤬🖕🏻❌
賢珠歐膩🥰🫰🏻✅",2025年1月9日 星期四 下午3:04,@netflixtw,,82,1,0,0,https://www.threads.com/@netflixtw/post/DEmUOaoSnMl,還是不叫他本名,2025年1月9日 星期四 下午4:48,,,26,0,0,0
macie_0831,https://www.threads.com/@macie_0831/post/DElQxPDT5aW,我媽怎麼把Netflix 改這樣,2025年1月9日 星期四 上午6:58,,No photo description available.,10000,191,354,1854,https://www.threads.com/@netflixtw/post/DEmTZ4TS5dC,這個家誰說了算一目瞭然,2025年1月9日 星期四 下午4:40,,,7964,7,18,59
rakeli_1025,https://www.threads.com/@rakeli_1025/post/DEVxcwiTCM5,"不是韓美女你也太好笑ww
魷魚遊戲",2025年1月3日 星期五 上午6:36,,No photo description available.,21000,32,430,694,https://www.threads.com/@netflixtw/post/DEWqmHNxqfD,死掉前要先上廁所,2025年1月3日 星期五 下午2:55,,,4094,5,0,16
shopee_tw,https://www.threads.com/@shopee_tw/post/DETkIkWSCvk,"到了2025還是無法習慣的事
：上班",2025年1月2日 星期四 上午10:01,,,6285,66,342,315,https://www.threads.com/@netflixtw/post/DEUlngVyIx2,"今日心情寫照：）
netflixtw
珍愛硬起來
2025-1-1
起手式就很有事
珍愛硬起來",2025年1月2日 星期四 下午7:33,,No photo description available.,297,2,3,21
salmon._.0226,https://www.threads.com/@salmon._.0226/post/DERhro-yyit,"
這年頭連娃娃都交男友了",2025年1月1日 星期三 下午3:01,@netflixtw,,953,3,5,41,https://www.threads.com/@netflixtw/post/DERieUGS8um,報意思，是哥哥,2025年1月1日 星期三 下午3:08,,,1257,2,5,29
redlok____,https://www.threads.com/@redlok____/post/DEJg8zMST-9,,2024年12月29日 星期日 下午12:21,,,0,0,0,0,https://www.threads.com/@netflixtw/post/DEL-Y9uTJp1,是黑暗榮耀的水泥🪦,2024年12月30日 星期一 上午11:17,,,2146,18,12,17
i._12_15._u,https://www.threads.com/@i._12_15._u/post/DEKL0qhSeRT,"讓我問一下
所以魷魚遊戲第二季是實境嗎
還是只是劇而已",2024年12月29日 星期日 下午6:35,,,6615,294,77,416,https://www.threads.com/@netflixtw/post/DEL9qwgT05Y,需要我派人發名片給你嗎,2024年12月30日 星期一 上午11:10,,,5114,48,16,46
fatpetestandup,https://www.threads.com/@fatpetestandup/post/DD9XdzDzQjs,"問一下
當你提出「要不要Netflix & Chill。」的時候
你會選擇看哪一部？
我真的選不來",2024年12月24日 星期二 下午7:07,,,1905,168,34,88,https://www.threads.com/@netflixtw/post/DD_5eAMzalZ,要不要來我家玩魷魚遊戲,2024年12月25日 星期三 下午6:43,,,238,3,1,8
tsumugi__0318,https://www.threads.com/@tsumugi__0318/post/DDrZq4AzZ_e,"
又好玩又可愛的小遊戲🌞",2024年12月17日 星期二 下午7:40,@netflixtw,,2,1,0,1,https://www.threads.com/@netflixtw/post/DDrZ5EQTi1q,有被割雞皮嗎,2024年12月17日 星期二 下午7:42,,,1,1,0,0
dragon__dessert,https://www.threads.com/@dragon__dessert/post/DDoA5gHzCD8,"別人開團：拍美照
我開團：把自己裝進去",2024年12月16日 星期一 下午12:06,,,18000,169,409,1574,https://www.threads.com/@netflixtw/post/DDo9Y6tTM5c,一箱情緣,2024年12月16日 星期一 下午8:54,,,2239,5,4,11
wei.1008.wei,https://www.threads.com/@wei.1008.wei/post/DDnrPDSSkii,"現在撥打的電話
看到穿幫鏡頭
熙珠在天台打電話穿的是白色跟鞋
轉身離開變黑色拖鞋😆",2024年12月16日 星期一 上午8:57,,No photo description available. | No photo description available.,2299,49,33,375,https://www.threads.com/@netflixtw/post/DDo8IK_TCV0,在天台站一週鞋子髒掉了,2024年12月16日 星期一 下午8:43,,,612,2,1,12
mnewstw,https://www.threads.com/@mnewstw/post/DDofDD3Jq84,"
可以烤棉花糖嗎",2024年12月16日 星期一 下午4:29,@netflixtw,,124,1,0,4,https://www.threads.com/@netflixtw/post/DDo7J9LT5UB,那有什麼問題,2024年12月16日 星期一 下午8:36,,,781,3,13,65
anitazhen320,https://www.threads.com/@anitazhen320/post/DDmQMRXSdN0,"啃！我室友太猛了！居然成功了！！！！
準備抽獎10萬澳幣❤️
澳洲打工度假",2024年12月15日 星期日 下午7:41,,No photo description available. | No photo description available.,31000,205,268,3652,https://www.threads.com/@netflixtw/post/DDodTPcz6if,有用舌頭舔嗎👅,2024年12月16日 星期一 下午4:14,,,463,2,0,12
terry_ttsai,https://www.threads.com/@terry_ttsai/post/DDFM7pbzq0D,"
已私訊IG",2024年12月2日 星期一 下午11:38,@netflixtw,,0,1,0,0,https://www.threads.com/@netflixtw/post/DDGsWArSvJL,"@terry_ttsai
沒有收到喔！也沒辦法私訊你，麻煩再丟一次看看",2024年12月3日 星期二 下午1:31,,,0,1,0,0
togetherdrama,https://www.threads.com/@togetherdrama/post/DCypyAah6jM,"
如何讓主管看到？",2024年11月25日 星期一 下午6:44,@netflixtw,,11,1,0,0,https://www.threads.com/@netflixtw/post/DCy2qTczo8S,傳給他？,2024年11月25日 星期一 下午8:37,,,14,0,0,0
vicky_7155,https://www.threads.com/@vicky_7155/post/DCk0gxxyO0P,"Good morning ~
天氣冷了交出你的power",2024年11月20日 星期三 上午9:49,,No photo description available.,34000,259,102,460,https://www.threads.com/@netflixtw/post/DClvQ9ETLbN,怎麼沒有嘟嘴😘,2024年11月20日 星期三 下午6:22,,,1879,8,2,11
remiimartinii,https://www.threads.com/@remiimartinii/post/DCOtMGaTfd0,"
不管薛亞之說什麼，都絕對不是親愛的導演 。",2024年11月11日 星期一 下午7:41,@netflixtw,,140,2,0,2,https://www.threads.com/@netflixtw/post/DCOwNiqSZ6w,導演居然不挺導演,2024年11月11日 星期一 下午8:08,,,40,1,0,0
0_909gogo,https://www.threads.com/@0_909gogo/post/DBvqV-8ytWT,"強烈建議大家私人恩怨不要帶進工作場域欸
真是頭痛🤦‍♀️.......
這是積怨多久了看起來也不像第一天爆炸
兩個本來就不是一路人還硬要湊一起
當初看到演員名單就聽說了
搞到現在整個劇組低氣壓",2024年10月30日 星期三 下午6:20,,,20000,752,637,5847,https://www.threads.com/@netflixtw/post/DBxt839Syvc,"🤫
netflixtw
影后
2024-10-31
台下難搞？幕後撕破臉？老鳥欺負菜鳥？
窺探演藝圈最赤裸的一面⋯
影后 11月7日 獨家上線
#楊謹華 #謝盈萱 #薛仕凌 #陳庭妮 #謝瓊煖 #楊貴媚 #鍾欣凌 #曾莞婷 #林廷憶 #黃迪揚 #詹懷雲",2024年10月31日 星期四 下午1:30,,,776,5,8,62
xu3up86_,https://www.threads.com/@xu3up86_/post/DBvLi-KST6l,"各位！！！
就明天了！！！！！
Netflix要上架垃圾場了！！！
明天如果放颱風假 絕對看爆！！！
😍😍😍",2024年10月30日 星期三 下午1:51,,No photo description available.,7146,92,331,1483,https://www.threads.com/@netflixtw/post/DBv65OXzAh4,可以準備看了,2024年10月30日 星期三 下午8:45,,,828,11,0,15
fraulinden,https://www.threads.com/@fraulinden/post/DBngLuZzXs0,"丈夫跟我要Netflix密碼。
我：我的英文名字加生日。
丈夫：好。（放下手機）
我：你是忘記名字還是忘記生日？
丈夫：我現在覺得不看Netflix 也沒有什麼損失。
（留言續）",2024年10月27日 星期日 下午2:17,,,46000,543,390,2449,https://www.threads.com/@netflixtw/post/DBoUsbmzh-M,沒有丈夫也沒有什麼損失,2024年10月27日 星期日 下午9:56,,,18000,46,66,231
__hua_0315,https://www.threads.com/@__hua_0315/post/DBgy5Tfv1RD,"冷知識：
女生洗完頭都會拖很久才去吹",2024年10月24日 星期四 下午11:46,,,10000,156,1144,651,https://www.threads.com/@netflixtw/post/DBi23xczfOh,擦頭髮的時間順便追完一集,2024年10月25日 星期五 下午6:59,,,798,5,0,3
kaikaiko,https://www.threads.com/@kaikaiko/post/DBcEqiQzmo6,我覺得修的不錯！但開放不開心的網友開罵😏😏😏😏😏,2024年10月23日 星期三 上午3:45,,No photo description available.,10000,235,74,73,https://www.threads.com/@netflixtw/post/DBdkV2XzX9K,耳環🩸,2024年10月23日 星期三 下午5:41,,,357,2,0,0
shopee_tw,https://www.threads.com/@shopee_tw/post/DBdZzdOvrfJ,"聽說大巨蛋下水道、通風管已經滿了
這邊推薦一個絕佳景點給大家",2024年10月23日 星期三 下午4:09,,No photo description available.,30000,474,958,3865,https://www.threads.com/@netflixtw/post/DBdkKSYTLvG,從我咩到你咩 一共五步,2024年10月23日 星期三 下午5:40,,,5336,11,42,89
_tien0724,https://www.threads.com/@_tien0724/post/DBOWTJyzkqr,"
拜託繼續出《有生之年》的
逼死小編🤣🤣",2024年10月17日 星期四 下午7:50,@netflixtw,,0,1,0,0,https://www.threads.com/@netflixtw/post/DBbILjLzElH,不用想牌子上一定是：讚讚讚👍,2024年10月22日 星期二 下午6:57,,,2,0,0,0
__dreammoon,https://www.threads.com/@__dreammoon/post/DBY9QQXSmsh,"
我只能說右上角那支手機也是三星的，大家作答時不要漏掉🙂",2024年10月21日 星期一 下午10:43,@netflixtw,,10,1,0,0,https://www.threads.com/@netflixtw/post/DBbH4FtzaPN,作答完成度很高！,2024年10月22日 星期二 下午6:54,,,6,0,0,0
kaikaiko,https://www.threads.com/@kaikaiko/post/DBJwLmBSEx_,"
恭喜",2024年10月16日 星期三 上午1:00,@netflixtw,,276,2,0,2,https://www.threads.com/@netflixtw/post/DBLxyM3zxyQ,你怎麼沒來 昨天一直在等你,2024年10月16日 星期三 下午7:52,,,1,0,0,0
actionman.1984,https://www.threads.com/@actionman.1984/post/DBLp29bzWPL,"
吃剩晚餐放冰箱熟成整夜
全班一起蒸的五味雜陳鐵盒便當
一款味道豐富多層次的分子料理",2024年10月16日 星期三 下午6:43,@netflixtw,,71,2,0,0,https://www.threads.com/@netflixtw/post/DBLxYgBTKab,我以前好常忘記蒸便當🥵,2024年10月16日 星期三 下午7:49,,,10,0,0,0
afoolofapril,https://www.threads.com/@afoolofapril/post/DBLljCmv5TZ,"
青江菜😷 為什麼這麼愛啦",2024年10月16日 星期三 下午6:05,@netflixtw,,26,2,0,0,https://www.threads.com/@netflixtw/post/DBLxQ3kz2jD,我很重視青江菜的熟度,2024年10月16日 星期三 下午7:48,,,118,1,0,3
e1e1e1_e1,https://www.threads.com/@e1e1e1_e1/post/DA3wQxGzDak,"不懂就問脆
在路上撿到這個
是什麼意思
急 在線等😭",2024年10月9日 星期三 上午1:14,,No photo description available.,20000,2544,389,4540,https://www.threads.com/@netflixtw/post/DA5xoEnTJXy,問毛毛,2024年10月9日 星期三 下午8:05,,,4075,18,23,70
layla_lulla,https://www.threads.com/@layla_lulla/post/DA5ezqGTIfv,"
姨母在這裡好辣!!!",2024年10月9日 星期三 下午5:20,@netflixtw,,41,1,0,0,https://www.threads.com/@netflixtw/post/DA5xMLpTcHB,畢竟她擅長煮微辣的食物,2024年10月9日 星期三 下午8:01,,,44,0,0,0
familymart_tw,https://www.threads.com/@familymart_tw/post/DA5I4UsSu63,"我們有加大蒜的義大利麵
也有好吃的煎餃
當然對青菜的熟度也很重視！
嗯，全家便利商店的食材真的很讚耶
#全家FamilyMart",2024年10月9日 星期三 下午2:09,,No photo description available. | No photo description available. | No photo description available. | No photo description available. | No photo description available.,7490,129,250,1845,https://www.threads.com/@netflixtw/post/DA5oFI4SJle,請端出你的豆腐料理,2024年10月9日 星期三 下午6:41,,,2995,25,12,58
willie.teii,https://www.threads.com/@willie.teii/post/DA0FZYKSPes,"其實還蠻想知道女生有沒有甚麼喜好是類似男生打電動沒辦法中途暫停的?
就可能這半個小時必須全神貫注
如果有電話來 或是 從後面叫你轉頭都會很麻煩的",2024年10月7日 星期一 下午3:02,,,1209,365,42,64,https://www.threads.com/@netflixtw/post/DA2ijokzDKk,看等下要上線的黑白大廚,2024年10月8日 星期二 下午1:55,,,135,1,0,4
doristheyuan,https://www.threads.com/@doristheyuan/post/DAyERelyce1,"
你不要發表這種可怕的言論被Netflix看到 我的錢錢會飛走😭💸💸",2024年10月6日 星期日 下午8:14,@yellowong_lu,,1,1,0,0,https://www.threads.com/@netflixtw/post/DA0FcxyycTe,別怕,2024年10月7日 星期一 下午3:02,,,4,1,0,0
sida0312,https://www.threads.com/@sida0312/post/DAv2KnqzAtK,"
媽媽是海苔吧！
包容著不成器的…=͟͟͞͞=͟͟͞͞三❆)'дº);",2024年10月5日 星期六 下午11:32,@netflixtw,,185,1,0,0,https://www.threads.com/@netflixtw/post/DAv3pwuyE8X,不是麻油烤過的我可是不被包的喔,2024年10月5日 星期六 下午11:45,,,124,2,0,1
hui_ling601,https://www.threads.com/@hui_ling601/post/DAs5K0cT6SH,"
好想要3個音檔，擲骰子、踢到桌腳、和宵夜想吃雞皮",2024年10月4日 星期五 下午8:00,@netflixtw,,112,1,0,0,https://www.threads.com/@netflixtw/post/DAtJDPJSsJ3,外送很實用耶不考慮嗎,2024年10月4日 星期五 下午10:19,,,74,1,0,0
laurance.hsieh,https://www.threads.com/@laurance.hsieh/post/DAaV3XVTfro,"
只好瑪爾濟斯了...",2024年9月27日 星期五 下午3:06,@netflixtw,,7,1,0,0,https://www.threads.com/@netflixtw/post/DAaWR4Jv4lf,大家一起瑪爾濟斯啊？,2024年9月27日 星期五 下午3:09,,,6,0,0,0
kaohsiung_city,https://www.threads.com/@kaohsiung_city/post/DAV3MOZBx0n,"
我來當百人試吃團ㄌ🍴",2024年9月25日 星期三 下午9:21,@netflixtw,,39,3,0,0,https://www.threads.com/@netflixtw/post/DAXSWBGPrDG,哪邊報名🙋‍♀️,2024年9月26日 星期四 上午10:37,,,5,0,0,0
unagi_chef_toro,https://www.threads.com/@unagi_chef_toro/post/DAV90O-h-oI,"
報名鰻魚創意料理大賽",2024年9月25日 星期三 下午10:18,@netflixtw,No photo description available.,81,7,0,1,https://www.threads.com/@netflixtw/post/DAV-5L3vn9e,鰻厲害的,2024年9月25日 星期三 下午10:28,,,20,0,0,0
nuczieoy,https://www.threads.com/@nuczieoy/post/DAQSbrwPCgT,"國文：我愛妳
英文：I love you
數學：520
體育：我會在終點等妳
地理：愛不分距離 只要是妳 我都願意
歷史：不管多久我都會在妳身邊",2024年9月23日 星期一 下午5:23,,,14000,182,1066,934,https://www.threads.com/@netflixtw/post/DASqTFfPMM1,等你一起追下一集,2024年9月24日 星期二 下午3:30,,,874,5,4,17
audrey_aay,https://www.threads.com/@audrey_aay/post/DAShPzQz27z,"
回我一下我就有力氣上班了",2024年9月24日 星期二 下午2:11,@netflixtw,,5,1,0,1,https://www.threads.com/@netflixtw/post/DASmW4tvvaE,確定嗎？,2024年9月24日 星期二 下午2:56,,,5,1,0,0
chenlonghow,https://www.threads.com/@chenlonghow/post/DAQoJJDzxkZ,"
Netflix的脆",2024年9月23日 星期一 下午8:33,@netflixtw,,20,1,1,1,https://www.threads.com/@netflixtw/post/DAQo0YOv7LU,品味很好,2024年9月23日 星期一 下午8:39,,,7,1,0,0
jamie7322,https://www.threads.com/@jamie7322/post/DAIOqDsT4hp,"
感情就像宿便，偶順偶卡，Gabriel是陳年宿、Alfie月宿、Marcello剛開始（但不太除已形成）！",2024年9月20日 星期五 下午2:16,@netflixtw,lily collins kiss GIF by Byrdie Beauty,260,2,2,9,https://www.threads.com/@netflixtw/post/DAITqf4viqb,真宿有道理,2024年9月20日 星期五 下午3:00,,,174,1,0,1
der.3997,https://www.threads.com/@der.3997/post/DAHxnufyzrQ,"
女兒看過一次，哭了。",2024年9月20日 星期五 上午10:02,@netflixtw,,1,1,0,0,https://www.threads.com/@netflixtw/post/DAIAvL-vF_G,已回購，小孩愛看,2024年9月20日 星期五 下午12:15,,,17,0,0,0
liziczl,https://www.threads.com/@liziczl/post/DAFs_Tav-pU,我真的受夠了🤬🤬🤬🤬🤬,2024年9月19日 星期四 下午2:44,,No photo description available.,29000,384,599,3099,https://www.threads.com/@netflixtw/post/DAGGRDJvopK,還是你朋友要考慮加我摯友？,2024年9月19日 星期四 下午6:24,,,8506,32,17,53
jernuxwei,https://www.threads.com/@jernuxwei/post/DAFrnhdyV2F,"
希望第50季可以叫艾蜜莉在台灣
然後鎖定晚上八點在民視播出",2024年9月19日 星期四 下午2:32,@netflixtw,,1427,12,51,121,https://www.threads.com/@netflixtw/post/DAGCqWJPuVa,男主角要找誰？,2024年9月19日 星期四 下午5:53,,,178,12,0,4
jamie7322,https://www.threads.com/@jamie7322/post/DADTD-czibg,"
請Gabriel幫我煮三餐+Alfie幫我財務管理、投資理財+Marcello騎Vespa載我去上班。
先單身，看誰表現好！",2024年9月18日 星期三 下午4:18,@netflixtw,,1230,12,4,32,https://www.threads.com/@netflixtw/post/DADYspJS89d,對象管理大師,2024年9月18日 星期三 下午5:08,,,232,0,0,6
shopee_tw,https://www.threads.com/@shopee_tw/post/C__BsouyoOg,"
好 不按",2024年9月17日 星期二 上午12:30,@netflixtw,,164,1,0,0,https://www.threads.com/@netflixtw/post/DAASXHRPE_7,按自sad,2024年9月17日 星期二 下午12:15,,,27,0,0,2
claudiaanna16,https://www.threads.com/@claudiaanna16/post/C_6uA7kyyZV,所有的久別重逢是不是都會問一句，你過的好嗎,2024年9月15日 星期日 上午8:21,,,23000,90,2265,1013,https://www.threads.com/@netflixtw/post/C_-dG5TSp4I,看到這些片段我都不好了,2024年9月16日 星期一 下午7:10,,,2377,7,16,15
yanling1501_,https://www.threads.com/@yanling1501_/post/C_8q7BOTyFR,"如何辨別是不是台灣人
當我說 ：忽有龐然大物
請接下一句：",2024年9月16日 星期一 上午2:32,,,25000,925,487,864,https://www.threads.com/@netflixtw/post/C_9-jY9y4U8,,2024年9月16日 星期一 下午2:43,,,0,0,0,0
timo_torng,https://www.threads.com/@timo_torng/post/C_xZo23zucr,喜歡狗卷棘明明是可愛男孩，使用的咒術卻都是命令句。,2024年9月11日 星期三 下午5:30,,,7210,93,474,292,https://www.threads.com/@netflixtw/post/C_0k6mBvNPH,我老闆也時常對我說命令句但一點都不可愛,2024年9月12日 星期四 下午11:06,,,656,5,0,6
imliangliang0301,https://www.threads.com/@imliangliang0301/post/C_yMeB-TEUs,"
半夜00:00會回文的小編會過勞吧。。。。",2024年9月12日 星期四 上午12:54,@netflixtw,,2,1,0,0,https://www.threads.com/@netflixtw/post/C_zWoQFv4e4,真的會,2024年9月12日 星期四 上午11:42,,,1,0,0,0
chastity.sloth.lee,https://www.threads.com/@chastity.sloth.lee/post/C_qEsgjSUO9,"99%臺灣人說「蛤」，他們只是為了爭取思考時間。
而我是剩下的那1%，是真的耳包。",2024年9月8日 星期日 下午9:12,,,29000,298,3392,1743,https://www.threads.com/@netflixtw/post/C_uXhcWPUez,蛤？,2024年9月10日 星期二 下午1:13,,,1307,11,3,27
shopee_tw,https://www.threads.com/@shopee_tw/post/C_Rn9MryLKv,"追蹤shopee_tw已驗證 更多今天開學了，做了哪件事會勝過99%學生讚7,941 轉發77",2024年8月30日 星期五 上午9:19,,,,,,,https://www.threads.com/@netflixtw/post/C_SkfrBPf9K,"追蹤netflixtw已驗證 更多上課大唱瑪爾濟斯讚5,425 轉發87",2024年8月30日 星期五 下午6:08,,,,,,
cowboyfrog_rider,https://www.threads.com/@cowboyfrog_rider/post/C_QKtNfyEGe,"追蹤cowboyfrog_rider 原作者說讚更多正在回覆@netflixtw說唱就唱 who怕who已靜音讚1,742 轉發27",2024年8月29日 星期四 下午7:45,,,,,,,https://www.threads.com/@netflixtw/post/C_QdJ-4S4Wu,追蹤netflixtw已驗證 更多沈浸式MV好看死😍讚224 轉發分享,2024年8月29日 星期四 下午10:25,,,,,,
linbon0308,https://www.threads.com/@linbon0308/post/C_QAyGHzS1T,追蹤linbon0308 更多正在回覆@netflixtw我唱蛤蜊薑絲要聽嗎已靜音Instagram logolinbon0308 回覆3 分享124,2024年8月29日 星期四 下午6:17,,,,,,,https://www.threads.com/@netflixtw/post/C_QcvUgScjC,追蹤netflixtw已驗證 更多蛤讚279回覆轉發分享,2024年8月29日 星期四 下午10:22,,,,,,
shantay_y_chou,https://www.threads.com/@shantay_y_chou/post/C_QGf6Dz_DD,追蹤shantay_y_chou 更多正在回覆@netflixtw邰哥是怎麼做到不笑場又不打人的？讚244 轉發分享2,2024年8月29日 星期四 下午7:07,,,,,,,https://www.threads.com/@netflixtw/post/C_QIyQlSbkB,追蹤netflixtw已驗證 更多幫你問問本人 @taitaihome 回覆轉發分享,2024年8月29日 星期四 下午7:27,,,,,,
ccunuiwgt,https://www.threads.com/@ccunuiwgt/post/C_QB80LyE2F,"追蹤ccunuiwgt 更多正在回覆@netflixtw瑪爾濟斯播放讚1,479 轉發37",2024年8月29日 星期四 下午6:28,,,,,,,https://www.threads.com/@netflixtw/post/C_QFwDpSL0o,追蹤netflixtw已驗證 更多這隻瑪爾濟斯有點躁鬱讚625 轉發分享9,2024年8月29日 星期四 下午7:01,,,,,,
jiong_ming,https://www.threads.com/@jiong_ming/post/C_QBeCFviz8,"追蹤jiong_ming 更多正在回覆@netflixtw請指教了🙏🏻播放讚1,324 轉發6",2024年8月29日 星期四 下午6:24,,,,,,,https://www.threads.com/@netflixtw/post/C_QCrc4vGda,追蹤netflixtw已驗證 更多\安可/\安可/讚99回覆轉發分享1,2024年8月29日 星期四 下午6:34,,,,,,
yuflower1004,https://www.threads.com/@yuflower1004/post/C_IfD0hPuOO,追蹤yuflower1004 更多正在回覆@netflixtw徹夜難眠🫡沒齒難忘讚回覆1轉發分享,2024年8月26日 星期一 下午8:08,,,,,,,https://www.threads.com/@netflixtw/post/C_P_FqHPsZ8,（由於我的私訊爆炸，如果沒回請多丟幾次沒關係！）讚1回覆1轉發分享,2024年8月29日 星期四 下午6:03,,,,,,
mantou_chialin,https://www.threads.com/@mantou_chialin/post/C_KjBBFydk2,追蹤mantou_chialin 更多正在回覆@netflixtw看完正港分局讓我「百感交集」讚回覆1轉發分享,2024年8月27日 星期二 下午3:21,,,,,,,https://www.threads.com/@netflixtw/post/C_P_ED9vnd6,已驗證 已編輯更多,2024年8月29日 星期四 下午6:02,,,0,0,0,0
yyh._.21,https://www.threads.com/@yyh._.21/post/C_K_bCehQey,"真是一鳴驚人啊！
Orz讚1回覆1轉發分享",2024年8月27日 星期二 下午7:29,,,,,,,https://www.threads.com/@netflixtw/post/C_P_CPZPWtT,（由於我的私訊爆炸，如果沒回請多丟幾次沒關係！）讚1回覆轉發分享,2024年8月29日 星期四 下午6:02,,,,,,
period.1104,https://www.threads.com/@period.1104/post/C_PyIzJvllQ,"追蹤period.1104 更多臺灣人永遠不會放棄諧音梗….讚4.4 萬回覆523 分享8,637",2024年8月29日 星期四 下午4:10,,No photo description available. | No photo description available.,,,,,https://www.threads.com/@netflixtw/post/C_P-socSzAE,"追蹤netflixtw已驗證 原作者說讚更多學校有缺國文老師嗎讚1,292 轉發2",2024年8月29日 星期四 下午5:59,,,,,,
___sianng,https://www.threads.com/@___sianng/post/C_iRgQPSZeO,"
過這麼久再補一刀什麼意思",2024年9月5日 星期四 下午8:30,@netflixtw,,1025,3,1,6,https://www.threads.com/@netflixtw/post/C_j9CBjvCZv,不能只有我哭,2024年9月6日 星期五 下午12:10,,,192,0,0,5
sunnyboyyy,https://www.threads.com/@sunnyboyyy/post/C_ihLVwy4VT,"
Excuse me…. 我才是Boss",2024年9月5日 星期四 下午10:47,@netflixtw,,760,5,0,2,https://www.threads.com/@netflixtw/post/C_j83uAvRNF,Boss好🫡,2024年9月6日 星期五 下午12:08,,,4,0,0,0
s_chi_28,https://www.threads.com/@s_chi_28/post/C_fPQgXSmAA,媽媽朋友的兒子,2024年9月4日 星期三 下午4:13,,,0,0,0,0,https://www.threads.com/@netflixtw/post/C_hvyBMv-rQ,媽媽朋友的兒子的好友基因也很頂🤩,2024年9月5日 星期四 下午3:35,,,706,1,0,8
allen_1221,https://www.threads.com/@allen_1221/post/C_hdx15SuA9,"
寶，我們現在開始千萬要低調",2024年9月5日 星期四 下午12:58,@netflixtw,No photo description available.,5,1,0,0,https://www.threads.com/@netflixtw/post/C_hi71xPp7Y,情商太高了,2024年9月5日 星期四 下午1:43,,,6,0,0,0
rayduenglish,https://www.threads.com/@rayduenglish/post/C_XZayYxWuT,,2024年9月1日 星期日 下午3:07,,,0,0,0,0,https://www.threads.com/@netflixtw/post/C_chWu1P8P7,來我家追劇兩人眼睛都在看對方,2024年9月3日 星期二 下午2:53,,,245,0,1,1
cyc1102,https://www.threads.com/@cyc1102/post/C_QSj9gIpJE,"想說臺灣很難有人可以駕馭這種穿搭
認真看才發現是池昌旭！
本人真的超帥
（原諒我失控的文字表現）
池昌旭",2024年8月29日 星期四 下午8:53,,,30000,561,1298,8871,https://www.threads.com/@netflixtw/post/C_SkioRvcdD,愛在大夜市💖,2024年8月30日 星期五 下午6:08,,,1075,3,1,17
npm_south,https://www.threads.com/@npm_south/post/C_P9KwohmJB,"
我來聽演唱會的",2024年8月29日 星期四 下午5:46,@netflixtw,,313,1,0,0,https://www.threads.com/@netflixtw/post/C_P9QiCSksJ,還不用搶票,2024年8月29日 星期四 下午5:47,,,121,0,0,0
timo_torng,https://www.threads.com/@timo_torng/post/C_P8sbLtY0j,"
獻醜了",2024年8月29日 星期四 下午5:42,@netflixtw,,1903,17,59,179,https://www.threads.com/@netflixtw/post/C_P9JGoy000,警員59487正在前往逮捕你⋯,2024年8月29日 星期四 下午5:46,,,412,1,0,2
8yotea,https://www.threads.com/@8yotea/post/C_P5IjLv5Ja,"
加吉他可以嗎？",2024年8月29日 星期四 下午5:11,@netflixtw,,1769,7,20,67,https://www.threads.com/@netflixtw/post/C_P5st6Pgo6,下一版可以來點鼓嗎🥁,2024年8月29日 星期四 下午5:16,,,258,1,0,0
togetherdrama,https://www.threads.com/@togetherdrama/post/C_NhQk4BkRo,"
我也想跟Jimmy一起約會",2024年8月28日 星期三 下午7:04,@netflixtw,,2,1,0,0,https://www.threads.com/@netflixtw/post/C_PqQAHPd_L,後面排隊領號碼牌,2024年8月29日 星期四 下午3:01,,,3,0,0,0
miajia0520,https://www.threads.com/@miajia0520/post/C_M-CmtJFK7,"
同路人 跟我的計畫差不多欸😳",2024年8月28日 星期三 下午1:56,@netflixtw,,2,1,0,0,https://www.threads.com/@netflixtw/post/C_NG0_rvvWt,J麼巧,2024年8月28日 星期三 下午3:13,,,1,0,0,0
yutoebbbbb,https://www.threads.com/@yutoebbbbb/post/C_H44G6vhy4,"為什麼人一到晚上就會突然emo
因為凌晨1點到3點之間
身體會分泌一種神經毒素
叫孤毒
孤毒中久了身上會長出一種蓮花
叫可蓮",2024年8月26日 星期一 下午2:34,,,29000,249,3547,6225,https://www.threads.com/@netflixtw/post/C_LTleeSo9s,水源老師3秒後抵達,2024年8月27日 星期二 下午10:26,,,3914,25,42,78
leiyuz_,https://www.threads.com/@leiyuz_/post/C_HiR9fz0vL,"茹婷妳到底是誰 為什麼蹭我的Netflix
還給我看正港分局 請你要看自己買==",2024年8月26日 星期一 上午11:17,,No photo description available.,12000,247,162,761,https://www.threads.com/@netflixtw/post/C_KtZCHyO52,警員59487已經在逮捕嫌犯的路上,2024年8月27日 星期二 下午4:52,,,5243,10,14,36
shopee_tw,https://www.threads.com/@shopee_tw/post/C_Hl1KUPQRZ,成魔再過30秒即將抵達戰場…,2024年8月26日 星期一 上午11:48,,No photo description available.,5331,81,379,943,https://www.threads.com/@netflixtw/post/C_KtWHwS13_,成魔看得薪如刀割⋯,2024年8月27日 星期二 下午4:51,,,829,8,2,12
ys0511,https://www.threads.com/@ys0511/post/C_Cxl6pTJCc,追蹤ys0511 原作者說讚更多正在回覆@netflixtw🧧🥹已靜音讚746 轉發12,2024年8月24日 星期六 下午2:55,,No photo description available.,,,,,https://www.threads.com/@netflixtw/post/C_CzTx5StUO,追蹤netflixtw已驗證 更多恭喜泥！等等也可去信義A13大遠百玩《正港分局》線下關卡喔 🙌讚216 轉發分享5,2024年8月24日 星期六 下午3:10,,,,,,
dainfinity,https://www.threads.com/@dainfinity/post/C-9yxA4PSp9,"追蹤dainfinity已驗證 更多正港分局不可能給我用Gan登！！！ 已靜音讚7,172 轉發174",2024年8月22日 星期四 下午4:29,,,,,,,https://www.threads.com/@netflixtw/post/C_AUW2Ivo-E,追蹤netflixtw已驗證 更多成魔看到會呼困讚436 轉發分享24,2024年8月23日 星期五 下午4:01,,,,,,
lllllyc.__,https://www.threads.com/@lllllyc.__/post/C--8YuGSjzH,"吳明翰現在叫老公叫超順哈哈哈哈哈哈哈哈啊哈已靜音讚3.3 萬回覆171轉發1,772分享2,751",2024年8月23日 星期五 上午3:12,,,,,,,https://www.threads.com/@netflixtw/post/C_AUUmBPd4H,"追蹤netflixtw已驗證 原作者說讚更多這個月他特別不敢惹毛毛生氣讚5,818 轉發61",2024年8月23日 星期五 下午4:00,,,,,,
kaikaiko,https://www.threads.com/@kaikaiko/post/C-7o8ukyOab,"大家是怎麼認識我的
那些年我們一起追的女孩？
月老？
直播？
愛愛內含光？
Threads?因為看到有些人現在才發現那些年跟月老是我演的…
所以想問一下🙂🙂🙂讚3.1 萬回覆3,013轉發161分享379",2024年8月21日 星期三 下午8:24,,,,,,,https://www.threads.com/@netflixtw/post/C_ALguASAIB,追蹤netflixtw已驗證 更多我看你們是需要來點黑的教育讚608 轉發分享1,2024年8月23日 星期五 下午2:43,,,,,,
mirror_media,https://www.threads.com/@mirror_media/post/C-_7vt8POjG,追蹤mirror_media已驗證 更多正在回覆@netflixtw一個不小心被瑪爾濟四洗腦！！讚50 轉發分享,2024年8月23日 星期五 下午12:26,,,,,,,https://www.threads.com/@netflixtw/post/C_AI-AzPSqe,追蹤netflixtw已驗證 更多瑪爾濟斯～瑪爾濟斯～讚29回覆轉發分享,2024年8月23日 星期五 下午2:21,,,,,,
ty23_yiuz,https://www.threads.com/@ty23_yiuz/post/C-4x6hjPt7n,"1.地震
2.他喜歡我
3.幹這題數學是不是出錯讚4.0 萬回覆203轉發3,656分享2,051",2024年8月20日 星期二 下午5:45,,,,,,,https://www.threads.com/@netflixtw/post/C-7buxXvjm_,"追蹤netflixtw已驗證 原作者說讚更多我看完這集就會去睡讚4,637 轉發62",2024年8月21日 星期三 下午6:29,,,,,,
1111.com.tw,https://www.threads.com/@1111.com.tw/post/C-2K-XIPWWc,"Lily皆辛苦
Nina麼厲害讚回覆1轉發分享",2024年8月19日 星期一 下午5:26,,,,,,,https://www.threads.com/@netflixtw/post/C-2S9pMvb4f,追蹤netflixtw已驗證 更多想梗真的好Ray 回覆轉發分享,2024年8月19日 星期一 下午6:36,,,,,,
radiantcherrlenn,https://www.threads.com/@radiantcherrlenn/post/C-u98__vkS6,追蹤radiantcherrlenn 更多正在回覆@netflixtw快點告訴我這個是什麼成語啦！！讚9 轉發分享,2024年8月16日 星期五 下午10:18,,No photo description available.,,,,,https://www.threads.com/@netflixtw/post/C-u-LHMSh2T,追蹤netflixtw已驗證 更多學長沒有罩你嗎讚6 轉發分享,2024年8月16日 星期五 下午10:20,,,,,,
flashpoint.0316,https://www.threads.com/@flashpoint.0316/post/C_H9UTePvMp,"
最會跳的那個沒出現",2024年8月26日 星期一 下午3:13,@netflixtw,,136,3,0,0,https://www.threads.com/@netflixtw/post/C_ID-DEP90e,他正在取餐的路上,2024年8月26日 星期一 下午4:11,,,189,0,0,0
rayduenglish,https://www.threads.com/@rayduenglish/post/C_Ce522vzGu,這個週末我也要當個有用的人(⁎⁍̴̛ᴗ⁍̴̛⁎),2024年8月24日 星期六 下午12:11,,,3897,53,8,24,https://www.threads.com/@netflixtw/post/C_DesCiSmvY,還剩幾集？,2024年8月24日 星期六 下午9:29,,,463,0,0,6
xiong_.0901,https://www.threads.com/@xiong_.0901/post/C-svzrwyOCV,"
《當你有一群陪你瘋狂的朋友》",2024年8月16日 星期五 上午1:36,@netflixtw,No photo description available.,15,1,0,1,https://www.threads.com/@netflixtw/post/C-tn7HhypdQ,你們做了什麼,2024年8月16日 星期五 上午9:46,,,9,1,0,0
lllwind0303lll,https://www.threads.com/@lllwind0303lll/post/C-tRs-uybr_,"
《好想放暑假》
小風是一個上班族
有一天公司宣布開始實施
寒暑假放假計畫
成為全台首創公司
但必須在這段假期中進行有規律
有意義的事
每天要寫日記200字
暑假後交回
最有創意的前五名可獲得公司獎金
第一名是10萬
於是小風開始在苦思
如何最有創意的暑假生活…
這是一部有歡樂有親情友情的搞笑影集",2024年8月16日 星期五 上午6:32,@netflixtw,,27,1,0,0,https://www.threads.com/@netflixtw/post/C-tn3flSQsH,上線通知我,2024年8月16日 星期五 上午9:46,,,11,0,0,0
nexttv_drama312,https://www.threads.com/@nexttv_drama312/post/C-rqzVTSrlL,"
關於小編社群追尋threads流量的那些日子",2024年8月15日 星期四 下午3:33,@netflixtw,,186,2,0,0,https://www.threads.com/@netflixtw/post/C-rykjRvTRI,說多了都是淚（累）🥱,2024年8月15日 星期四 下午4:41,,,83,0,0,0
funfun1031,https://www.threads.com/@funfun1031/post/C-rnhuAPQH0,"
剪片的日與夜",2024年8月15日 星期四 下午3:04,@netflixtw,,112,1,0,1,https://www.threads.com/@netflixtw/post/C-rogv1v6jE,請老闆幫你加雞腿🍗,2024年8月15日 星期四 下午3:13,,,29,1,0,0
jiehan_loh_,https://www.threads.com/@jiehan_loh_/post/C-m_zjwSuRs,希望他們四人合作拍一部電影或影集嗎😍✨️,2024年8月13日 星期二 下午8:00,,No photo description available.,48000,424,1220,1006,https://www.threads.com/@netflixtw/post/C-pk3nFvQp1,請問，還有哪裡需要正港分局？,2024年8月14日 星期三 下午8:02,,,2278,9,8,5
shopee_tw,https://www.threads.com/@shopee_tw/post/C-necpBv5Jm,工作的意義究竟是什麼呢,2024年8月14日 星期三 上午12:28,,,3957,592,81,145,https://www.threads.com/@netflixtw/post/C-nffbty3fD,下班追劇,2024年8月14日 星期三 上午12:37,,,3352,19,12,21
rayduenglish,https://www.threads.com/@rayduenglish/post/C-l5lPEv8VU,當你決定好9點要來讀書，結果不小心9點02分了，於是決定9點15分再開始讀（一定要整點）,2024年8月13日 星期二 上午9:46,,,42000,292,2077,846,https://www.threads.com/@netflixtw/post/C-nfWFKy-Hu,當你決定12點要睡覺，結果這集還剩16分鐘，於是決定把整季追完直到天亮（一定要有始有終）,2024年8月14日 星期三 上午12:36,,,3344,14,29,19
yu__han1024,https://www.threads.com/@yu__han1024/post/C-k6zXzyQF5,最好的友誼應該是三男兩女,2024年8月13日 星期二 上午12:38,,No photo description available.,47000,409,2053,2920,https://www.threads.com/@netflixtw/post/C-m-Ld2SStT,最好的旅程是當我飛奔向你,2024年8月13日 星期二 下午7:46,,,1802,1,20,26
fish_head_r,https://www.threads.com/@fish_head_r/post/C-jYPtISmrs,"62歲的阿湯哥：跳傘、垂降、騎重機表演特技
22歲的我：撿筆閃到腰
巴黎奧運",2024年8月12日 星期一 上午10:17,,,23000,181,1544,2247,https://www.threads.com/@netflixtw/post/C-kSFA7PZrY,我：追劇大落枕,2024年8月12日 星期一 下午6:42,,,2806,4,17,22
yiyi99906,https://www.threads.com/@yiyi99906/post/C-UkY_mPfjX,"
一個片段看了整部劇",2024年8月6日 星期二 下午4:14,@netflixtw,,51,1,0,0,https://www.threads.com/@netflixtw/post/C-Ulzn8J0YN,就在等這幕😌,2024年8月6日 星期二 下午4:27,,,23,0,0,0
wsx223332,https://www.threads.com/@wsx223332/post/C-SbC3xTPCA,"
好像很好看😍",2024年8月5日 星期一 下午8:14,@netflixtw,,0,1,0,0,https://www.threads.com/@netflixtw/post/C-Sp0guSj2e,自信一點 把好像拿掉！,2024年8月5日 星期一 下午10:23,,,1,0,0,0
daqing90303128,https://www.threads.com/@daqing90303128/post/C-KT9vyyWqg,"
他是不是後來代表土耳其參加奧運??",2024年8月2日 星期五 下午4:38,@netflixtw,,52,1,0,0,https://www.threads.com/@netflixtw/post/C-KgfbmJEWJ,經過去幫忙一下,2024年8月2日 星期五 下午6:28,,,15,0,0,0
nihongo.mochi,https://www.threads.com/@nihongo.mochi/post/C-IOyk5vXkS,法國桌球選手Felix Lebrun感覺也很會打排球,2024年8月1日 星期四 下午9:15,,No photo description available. | No photo description available.,28000,153,1814,4557,https://www.threads.com/@netflixtw/post/C-KPM4Wp_1w,排球只不過是社團活動,2024年8月2日 星期五 下午3:57,,,3624,6,21,52
horo.capricorntw,https://www.threads.com/@horo.capricorntw/post/C-FCadsxqhG,"能不能用一句話
暗示對方「我想你了」",2024年7月31日 星期三 下午3:29,,,4772,327,127,249,https://www.threads.com/@netflixtw/post/C-IITevSzyu,Netflix and Chill?,2024年8月1日 星期四 下午8:18,,,1241,9,14,30
hshs_0616,https://www.threads.com/@hshs_0616/post/C-CtiuiyQ_H,,2024年7月30日 星期二 下午5:48,,,0,0,0,0,https://www.threads.com/@netflixtw/post/C-FX23FyNlN,賢秀負責的外掃區很乾淨,2024年7月31日 星期三 下午6:36,,,2326,10,25,41
familymart_tw,https://www.threads.com/@familymart_tw/post/C-FQUaeyjkj,"
是不是想 加薪「善導寺」千？",2024年7月31日 星期三 下午5:30,@netflixtw,,763,3,3,16,https://www.threads.com/@netflixtw/post/C-FQrlTp1vR,先幫我加雞腿善導寺根就好,2024年7月31日 星期三 下午5:33,,,245,1,0,5
d_26814576,https://www.threads.com/@d_26814576/post/C-FO8mAzc-J,"
我都唸還錢",2024年7月31日 星期三 下午5:18,@netflixtw,,0,1,0,0,https://www.threads.com/@netflixtw/post/C-FPY3Upxq9,蛤？不對吧 我唸還錢ㄟ,2024年7月31日 星期三 下午5:22,,,1,0,0,0
frozenheart.co,https://www.threads.com/@frozenheart.co/post/C-AIq6UvnYJ,"
看完了💙但也想被小編懲罰",2024年7月29日 星期一 下午5:47,@netflixtw,,11,1,0,0,https://www.threads.com/@netflixtw/post/C-Adv6_SExN,聽起來怪怪的喔,2024年7月29日 星期一 下午8:51,,,7,0,0,0
z559u,https://www.threads.com/@z559u/post/C99zhDlsS-e,"雖然男友生日還有一個多月
但還是忍不住先剪好一部生日影片🥹
剪一剪自己也感動到偷偷哭了
短短9個月 一起去了10幾個國家
回憶真的好滿好滿
就像在看一部愛情電影一樣🎬
（吼不小心刪掉了啦 重發一次）",2024年7月28日 星期日 下午8:04,,,20000,218,940,1819,https://www.threads.com/@netflixtw/post/C-AUVd6yuXz,上線通知我,2024年7月29日 星期一 下午7:29,,,5614,10,3,28
aboutdavid94,https://www.threads.com/@aboutdavid94/post/C93-8XjPmuD,"
在咖啡車打工那麼多集
看板娘和人現在只想回餐廳工作！",2024年7月26日 星期五 下午1:48,@netflixtw,,33,1,0,0,https://www.threads.com/@netflixtw/post/C93_SlkpF-9,看板人物真的累了每天值班🥲,2024年7月26日 星期五 下午1:51,,,12,0,0,0
aka_joke2342,https://www.threads.com/@aka_joke2342/post/C91LavoPjFB,一個人獨處的時候，哪一款APP最好用？,2024年7月25日 星期四 上午11:40,,No photo description available.,25000,841,313,317,https://www.threads.com/@netflixtw/post/C92uIJMyP9O,1.5 萬,2024年7月26日 星期五 上午2:02,,No photo description available.,15000,71,69,62
weichienlu,https://www.threads.com/@weichienlu/post/C918TH6Syxo,"
這樣可以嗎🙂",2024年7月25日 星期四 下午6:47,@netflixtw,No photo description available.,359,1,2,4,https://www.threads.com/@netflixtw/post/C92VK3WS4aJ,謝謝 我心滿意足了,2024年7月25日 星期四 下午10:24,,,131,0,0,1
onepoint.0810,https://www.threads.com/@onepoint.0810/post/C91ao3mTPb5,"
謝謝你陪我",2024年7月25日 星期四 下午1:53,@netflixtw,No photo description available.,9,1,0,0,https://www.threads.com/@netflixtw/post/C91jW48Sliv,你家貓咪會後空翻嗎,2024年7月25日 星期四 下午3:09,,,38,1,0,0
while0615,https://www.threads.com/@while0615/post/C91O-tgybmJ,"
wonderland什麼時候要出😓",2024年7月25日 星期四 下午12:11,@netflixtw,,4,1,0,1,https://www.threads.com/@netflixtw/post/C91jRkDS6P-,明天下午3點寶,2024年7月25日 星期四 下午3:08,,,8,1,0,0
syuann._.iroha,https://www.threads.com/@syuann._.iroha/post/C91aDwVSWwg,"
我每天都跟Netflix 約會七個小時🤍",2024年7月25日 星期四 下午1:47,@netflixtw,No photo description available.,50,1,0,0,https://www.threads.com/@netflixtw/post/C91jO0dyZyv,不愧是我的寶,2024年7月25日 星期四 下午3:08,,,48,0,0,0
mixdoneymo,https://www.threads.com/@mixdoneymo/post/C91H6y1BZsR,"
已經和你窩在沙發上了",2024年7月25日 星期四 上午11:09,@netflixtw,,8,1,0,0,https://www.threads.com/@netflixtw/post/C91jLVfSCIb,床上我也在喔,2024年7月25日 星期四 下午3:07,,,21,0,0,1
chingshan_0925,https://www.threads.com/@chingshan_0925/post/C91HjUuPUvo,"
寶 我買你買兩年了 要一起看淚之女王嗎😎",2024年7月25日 星期四 上午11:06,@netflixtw,,8,1,0,0,https://www.threads.com/@netflixtw/post/C91i-0RS5Yx,兩週年快樂寶,2024年7月25日 星期四 下午3:05,,,10,0,0,4
iamyumimi,https://www.threads.com/@iamyumimi/post/C91XoP_PtRk,"
小編颱風天有被加薪嗎？
希望你一定要領到雙倍的薪水，千萬別離職",2024年7月25日 星期四 下午1:26,@netflixtw,,4,1,0,0,https://www.threads.com/@netflixtw/post/C91i8v6SHRt,寶好貼心 但我好命苦還在上班,2024年7月25日 星期四 下午3:05,,,19,1,0,0
zsttttt.87,https://www.threads.com/@zsttttt.87/post/C90A2GdhEiG,"
幹 好暈喔喜歡",2024年7月25日 星期四 上午12:48,@netflixtw,,97,1,0,0,https://www.threads.com/@netflixtw/post/C90B0pGSnDE,寶 就知道你喜歡我,2024年7月25日 星期四 上午12:56,,,136,0,0,1
yu_12o7_,https://www.threads.com/@yu_12o7_/post/C9zlO3fv3Lx,"
買會員會送妹子陪我看嗎🥹",2024年7月24日 星期三 下午8:47,@netflixtw,,9,1,0,1,https://www.threads.com/@netflixtw/post/C90BlmTSNCm,以後會考慮推出這個方案,2024年7月25日 星期四 上午12:54,,,50,0,0,0
cymnergy2024,https://www.threads.com/@cymnergy2024/post/C9z5bZVzE4l,"
感謝Netflix 陪我度過狂風暴雨的夜晚❤️",2024年7月24日 星期三 下午11:43,@netflixtw,No photo description available.,56,1,0,0,https://www.threads.com/@netflixtw/post/C90Bf31Sce0,害我突然好想吃小火鍋,2024年7月25日 星期四 上午12:54,,,115,1,0,0
1uncyu,https://www.threads.com/@1uncyu/post/C9z62RJSVXu,"
只能是你啊",2024年7月24日 星期三 下午11:56,@netflixtw,,28,1,0,0,https://www.threads.com/@netflixtw/post/C9z82x9S5Mp,暈了,2024年7月25日 星期四 上午12:13,,,61,0,0,0
4_.moon1,https://www.threads.com/@4_.moon1/post/C9z72SMywgp,"
寶我已經買你一年多了",2024年7月25日 星期四 上午12:04,@netflixtw,,48,1,0,1,https://www.threads.com/@netflixtw/post/C9z8y34S25n,穩交,2024年7月25日 星期四 上午12:13,,,191,1,0,1
_1yun.13,https://www.threads.com/@_1yun.13/post/C9z8MXoSET6,"
你怎麼有辦法一次陪那麼多啊寶",2024年7月25日 星期四 上午12:07,@netflixtw,,118,2,0,4,https://www.threads.com/@netflixtw/post/C9z8vs6yau1,寶 時間跟乳溝一樣是用擠的,2024年7月25日 星期四 上午12:12,,,972,6,44,138
xu_yune,https://www.threads.com/@xu_yune/post/C9xzVhfCJUu,"得知放颱風假➡️馬上從床上彈起來開電腦➡️打開Netflix看要看什麼➡️打開看到一半的電馭叛客➡️太好看直接看到結局
然後就凌晨四點了…謝謝….
很久沒有看到哭ㄉ動漫了 ꒰⌯͒•̩̩̩́ ᴗ •̩̩̩̀⌯͒꒱
（上次哭是進擊巨人結局）
看到這段真的大破防",2024年7月24日 星期三 上午4:12,,,4943,172,463,308,https://www.threads.com/@netflixtw/post/C9z8j4_yUZQ,對不起，我們不能一起上月球了,2024年7月25日 星期四 上午12:10,,,141,3,8,1
tsungkunglagun_,https://www.threads.com/@tsungkunglagun_/post/C9zztKpy5cJ,"
我們有點太曖昧了",2024年7月24日 星期三 下午10:53,@netflixtw,,104,1,0,0,https://www.threads.com/@netflixtw/post/C9z6TgMS2WQ,寶 自信一點 把有點拿掉,2024年7月24日 星期三 下午11:51,,,242,0,1,0
chienho.wu,https://www.threads.com/@chienho.wu/post/C9zn8zEPMe2,"
也只能這樣了…",2024年7月24日 星期三 下午9:10,@netflixtw,,407,6,1,3,https://www.threads.com/@netflixtw/post/C9z55DYS9oQ,你突然沒烙台語我不習慣,2024年7月24日 星期三 下午11:47,,,66,0,0,0
celestyr__,https://www.threads.com/@celestyr__/post/C9z1LQjSeno,"
好😳",2024年7月24日 星期三 下午11:06,@netflixtw,No photo description available.,114,1,0,1,https://www.threads.com/@netflixtw/post/C9z5ymUSr9C,看完想哭來給我抱寶,2024年7月24日 星期三 下午11:46,,,122,1,0,2
enzo_93.46,https://www.threads.com/@enzo_93.46/post/C9zo4IVSsj9,"
我剛剛買下你一個月了寶",2024年7月24日 星期三 下午9:18,@netflixtw,,12,1,0,0,https://www.threads.com/@netflixtw/post/C9z5gkly6GP,謝謝寶 不要離開我好嗎,2024年7月24日 星期三 下午11:44,,,80,0,0,0
garbagestoryboy,https://www.threads.com/@garbagestoryboy/post/C9zssPXTXAW,"
我的雲端情人",2024年7月24日 星期三 下午9:52,@netflixtw,,51,1,0,0,https://www.threads.com/@netflixtw/post/C9z5ZbeyZnA,寶 明天約會,2024年7月24日 星期三 下午11:43,,,71,0,0,1
continuegamingbar,https://www.threads.com/@continuegamingbar/post/C9zwGyez5ri,"
不好意思，我有Dianey+了",2024年7月24日 星期三 下午10:22,@netflixtw,,187,1,0,23,https://www.threads.com/@netflixtw/post/C9z43jOS1eo,先拼對好不好,2024年7月24日 星期三 下午11:38,,,999,12,2,25
chen.kuan.chi,https://www.threads.com/@chen.kuan.chi/post/C9zxyRXTZGy,"
陪我夏日時去買咖啡☕️",2024年7月24日 星期三 下午10:36,@netflixtw,,3,1,0,0,https://www.threads.com/@netflixtw/post/C9z42Hwy7m1,和人跟我選一個,2024年7月24日 星期三 下午11:38,,,11,1,0,2
red_291135851,https://www.threads.com/@red_291135851/post/C9z2fn4y20q,"
你昨晚陪我了一晚❤️",2024年7月24日 星期三 下午11:17,@netflixtw,,23,2,0,0,https://www.threads.com/@netflixtw/post/C9z4yvIyyy9,這是應該的寶,2024年7月24日 星期三 下午11:38,,,77,0,0,2
j3collections,https://www.threads.com/@j3collections/post/C9zscaoSuNZ,"
在看sweet home",2024年7月24日 星期三 下午9:50,@netflixtw,,12,1,0,0,https://www.threads.com/@netflixtw/post/C9z4ml0SwaG,在sweet home裡看sweet home,2024年7月24日 星期三 下午11:36,,,82,0,0,2
npm_south,https://www.threads.com/@npm_south/post/C9zms5bBjgY,"
大暈特暈",2024年7月24日 星期三 下午8:59,@netflixtw,,483,1,1,0,https://www.threads.com/@netflixtw/post/C9z4Th4y7QB,寶沒事不怕,2024年7月24日 星期三 下午11:33,,,104,0,0,0
chingchiv_,https://www.threads.com/@chingchiv_/post/C9xOvLsShMc,"點點點 晚上真的不要亂哭
請嚴禁我看任何催淚電影謝謝",2024年7月23日 星期二 下午10:52,,No photo description available. | No photo description available. | No photo description available. | No photo description available. | No photo description available.,21000,435,775,2883,https://www.threads.com/@netflixtw/post/C9zPj6RpUeQ,我發誓 我還沒看留言就知道妳看了什麼,2024年7月24日 星期三 下午5:37,,,1754,16,0,19
baoli_lan,https://www.threads.com/@baoli_lan/post/C9uFd7SJfho,"
小編你好瘋，要不要一起來送機？跟智媛歐妮說你愛她😂",2024年7月22日 星期一 下午5:33,@netflixtw,,14,1,0,0,https://www.threads.com/@netflixtw/post/C9utOHkSkwk,請幫我轉達🙂‍↕️🫶🏻,2024年7月22日 星期一 下午11:20,,,7,0,0,0
ibu_istasipal,https://www.threads.com/@ibu_istasipal/post/C9h2yoozmtf,"突然發現
我有些朋友好像偷偷在當IDOL
從認識他們到現在都沒有談過戀愛
不知道是不是被公司禁止了",2024年7月17日 星期三 下午11:34,,,28000,981,3643,8507,https://www.threads.com/@netflixtw/post/C9mST6wJas0,我推的單身狗,2024年7月19日 星期五 下午4:51,,,798,0,1,11
____cwy____,https://www.threads.com/@____cwy____/post/C9hPUcAJWUP,,2024年7月17日 星期三 下午5:49,@netflixtw,,22,1,0,0,https://www.threads.com/@netflixtw/post/C9hPZntJH7Z,再靠近一點點🤏,2024年7月17日 星期三 下午5:50,,,129,1,0,0
ch_31.03,https://www.threads.com/@ch_31.03/post/C9dYXmJyRg0,"兩個小時我哭了1小時45分鐘吧 半包衛生紙都沒了
是我活了19年看過最喜歡的電影 沒有之一
是一部很美 很溫柔 很細膩 也充滿著愛的一部電影
不只是難過傷心 看了會哭會笑心裡會很暖 會很有感觸
真的真的非常值得所有人都去看",2024年7月16日 星期二 上午5:51,,No photo description available.,14000,228,1798,4756,https://www.threads.com/@netflixtw/post/C9gm-I-J6TA,我光看到這截圖又不好了,2024年7月17日 星期三 上午11:56,,,1297,8,2,22
yiyinyaaaa,https://www.threads.com/@yiyinyaaaa/post/C9Zg50zpSUZ,"我的好朋友買房了，我還在吃泡麵配排球少年。
我也知道每個人都有擅長跟不擅長的事，我只是沒那麼擅長賺錢而已，這不代表我就是個沒用的人。
但說不羨慕嫉妒是騙人的。每每看到其他人更有成就時，就覺得有「光是活著已經很厲害」這種想法的自己是不是根本不適合這個世界。",2024年7月14日 星期日 下午5:49,,No photo description available.,12000,475,610,551,https://www.threads.com/@netflixtw/post/C9cLYjLpFnk,不准低頭！排球是永遠向上看的運動！,2024年7月15日 星期一 下午6:38,,,6987,29,108,63
grassland.tw,https://www.threads.com/@grassland.tw/post/C9cGud1vTOz,"
看到這篇只能按❤️",2024年7月15日 星期一 下午5:58,@netflixtw,,4,1,0,0,https://www.threads.com/@netflixtw/post/C9cJlM6pggh,也可以跟我一起念🙏,2024年7月15日 星期一 下午6:22,,,8,1,0,0
kalysta_682,https://www.threads.com/@kalysta_682/post/C9TxE3XS-qZ,炭治郎父親身體不好的原因：,2024年7月12日 星期五 下午12:14,,No photo description available.,42000,374,902,4115,https://www.threads.com/@netflixtw/post/C9Ud8rQJElt,被你發現他的竃門了,2024年7月12日 星期五 下午6:47,,,6759,8,53,62
taitra_taiwan,https://www.threads.com/@taitra_taiwan/post/C9Uap0APJit,"
Netflix and chill
對你來說是最痛苦的句子",2024年7月12日 星期五 下午6:18,@netflixtw,,273,1,0,1,https://www.threads.com/@netflixtw/post/C9Ua2PMJfks,想跟我chill的人要給誤餐費,2024年7月12日 星期五 下午6:19,,,458,2,0,4
knight0331,https://www.threads.com/@knight0331/post/C9UZ6SfpgIq,"
那你要來我家看Disney+嗎？",2024年7月12日 星期五 下午6:11,@netflixtw,,1115,1,0,21,https://www.threads.com/@netflixtw/post/C9UaTLMpbUW,老闆不要看這串,2024年7月12日 星期五 下午6:15,,,2336,4,0,11
nica627_,https://www.threads.com/@nica627_/post/C9UZl1DJetj,"
請問小編 最近有什麼推薦的電影",2024年7月12日 星期五 下午6:08,@netflixtw,,105,3,0,0,https://www.threads.com/@netflixtw/post/C9UZqdqplJ9,這句話 太輕浮,2024年7月12日 星期五 下午6:09,,,612,1,0,2
suanwww.97,https://www.threads.com/@suanwww.97/post/C9UJDDGS2m5,"
終於等到你發這段了
她的日與夜",2024年7月12日 星期五 下午3:44,@netflixtw,,14,1,0,0,https://www.threads.com/@netflixtw/post/C9UOYpjJOWd,活久見當然要發🥹,2024年7月12日 星期五 下午4:31,,,14,0,0,0
hane_1995mouse,https://www.threads.com/@hane_1995mouse/post/C9SATRqPd6E,"黃偉晉好笑影片回顧
可以講一下售票嗎",2024年7月11日 星期四 下午7:51,,,8547,126,946,1465,https://www.threads.com/@netflixtw/post/C9UNU2yJmB0,今際之國不排除增加搶票關卡,2024年7月12日 星期五 下午4:21,,,112,0,0,0
npm_south,https://www.threads.com/@npm_south/post/C9PktBGphKA,不是說你愛我嗎?為什麼還沒帶我去故宮南院?,2024年7月10日 星期三 下午9:09,,,1800,107,27,32,https://www.threads.com/@netflixtw/post/C9SG18iSHyH,會不會是你不夠chill,2024年7月11日 星期四 下午8:46,,,244,3,0,2
nnks_x,https://www.threads.com/@nnks_x/post/C9PL_gZPvVm,"
看來小編還是最愛我們 海仁",2024年7月10日 星期三 下午5:33,@netflixtw,,18,1,0,0,https://www.threads.com/@netflixtw/post/C9PMSxvJpft,海是愛著妳💘,2024年7月10日 星期三 下午5:36,,,17,0,0,0
npm_south,https://www.threads.com/@npm_south/post/C9PHf6xpsRK,"
今天嘉義終於沒下雨了",2024年7月10日 星期三 下午4:54,@netflixtw,,15,3,0,0,https://www.threads.com/@netflixtw/post/C9PMMv8JFj0,我懷疑你在炫耀,2024年7月10日 星期三 下午5:35,,,2,0,0,0
tynehuang,https://www.threads.com/@tynehuang/post/C9KGubnvPjC,"
要確捏 蠟人妮已經57歲惹好膩害🥹",2024年7月8日 星期一 下午6:11,@netflixtw,,7,1,0,0,https://www.threads.com/@netflixtw/post/C9PDDXRJSUW,太蠟了🔥,2024年7月10日 星期三 下午4:15,,,1,0,0,0
quicksmoker,https://www.threads.com/@quicksmoker/post/C9Kk5NgyVPw,"想問一下女生
當妳邀請男生去妳租屋處看netflix，是不是某種意義上是戰鬥邀請？
如果男生很規矩的只是看完netflix就回家呢？在你心中會留下好印象嗎？",2024年7月8日 星期一 下午10:35,,,11000,677,137,1203,https://www.threads.com/@netflixtw/post/C9M7mR1yIT1,好想知道那天到底看哪部,2024年7月9日 星期二 下午8:32,,,463,12,0,6
germanyancientpulls,https://www.threads.com/@germanyancientpulls/post/C9Cs0LvplYV,"
會不會是ai..",2024年7月5日 星期五 下午9:10,@zxnxexux,,27,1,0,1,https://www.threads.com/@netflixtw/post/C9C5P9ESv4C,我比AI好笑,2024年7月5日 星期五 下午10:59,,,856,9,0,12
le_0134,https://www.threads.com/@le_0134/post/C8717oxSx7z,看來這一回 月老也休想阻止我脫單了,2024年7月3日 星期三 上午5:15,,No photo description available.,17000,603,791,4267,https://www.threads.com/@netflixtw/post/C8_poecSiOa,用我就可以解決的問題非得大費周章,2024年7月4日 星期四 下午4:45,,,5681,43,51,78
laiandyo,https://www.threads.com/@laiandyo/post/C87ObMmyihH,"
袁̶̩̅̆̿͒ͅ詠̴̭̗͑͆̽̿̈́琳̸̫͍̗͛̿̿̉̓很̸̫̟̮̔̐̚正̸̯͎͖̤̃͊͂̃̓是̸̲͔̦̮͂̍̆̑̈́我̷̬̝̮̊̀的҈̩̩͉͚͕̈́͊̌̏̚菜̸͇̮͉͕͖͗̉̃̎
袁̶̩̅̆̿͒ͅ詠̴̭̗͑͆̽̿̈́琳̸̫͍̗͛̿̿̉̓很̸̫̟̮̔̐̚正̸̯͎͖̤̃͊͂̃̓是̸̲͔̦̮͂̍̆̑̈́我̷̬̝̮̊̀的҈̩̩͉͚͕̈́͊̌̏̚菜̸͇̮͉͕͖͗̉̃̎
袁̶̩̅̆̿͒ͅ詠̴̭̗͑͆̽̿̈́琳̸̫͍̗͛̿̿̉̓很̸̫̟̮̔̐̚正̸̯͎͖̤̃͊͂̃̓是̸̲͔̦̮͂̍̆̑̈́我̷̬̝̮̊̀的҈̩̩͉͚͕̈́͊̌̏̚菜̸͇̮͉͕͖͗̉̃̎",2024年7月2日 星期二 下午11:30,@netflixtw,,58,1,0,1,https://www.threads.com/@netflixtw/post/C87SJcpyjpB,那你可能錯棚了,2024年7月3日 星期三 上午12:02,,,41,1,0,1
minime_amber,https://www.threads.com/@minime_amber/post/C852w__PypI,今日重大事故🚨🚨🚨,2024年7月2日 星期二 上午10:44,,No photo description available.,10000,103,456,1155,https://www.threads.com/@netflixtw/post/C87ECQrJvZe,我準備好出生了,2024年7月2日 星期二 下午9:59,,,2271,8,2,26
niceponpon0602,https://www.threads.com/@niceponpon0602/post/C86PtN8SkPn,,2024年7月2日 星期二 下午2:22,,,0,0,0,0,https://www.threads.com/@netflixtw/post/C86peMxJMu7,跟執行長一樣帥其他員工怎麼活,2024年7月2日 星期二 下午6:07,,,109,2,0,0
06_20_annie,https://www.threads.com/@06_20_annie/post/C86cqK-yOgq,"
啊我要應徵啦啦 嗚嗚 我也會乖乖追完這劇🥹",2024年7月2日 星期二 下午4:15,@netflixtw,,0,1,0,0,https://www.threads.com/@netflixtw/post/C86giSNJ3Xs,執行長說先看完再說,2024年7月2日 星期二 下午4:49,,,1,2,0,0
catsfinger,https://www.threads.com/@catsfinger/post/C84IfIVSPTr,"高雄可以再過分一點。
iPASS一卡通將推出哈利波特「魔杖一卡通」，可以持魔杖打開捷運出入口閘門。
7/10將公佈更多詳細資料。
Alohomora",2024年7月1日 星期一 下午6:40,,No photo description available. | No photo description available. | No photo description available. | No photo description available. | No photo description available.,17000,977,3197,16000,https://www.threads.com/@netflixtw/post/C84WPjYpDR0,阿咯哈呣啦！,2024年7月1日 星期一 下午8:40,,,505,9,8,63
moonlightaddiction,https://www.threads.com/@moonlightaddiction/post/C84JvJhS_fs,"
執行長是不是長這樣",2024年7月1日 星期一 下午6:51,@netflixtw,No photo description available.,1283,2,0,15,https://www.threads.com/@netflixtw/post/C84L9kmJiN3,執行長照片外流 完蛋了真的需要公關,2024年7月1日 星期一 下午7:11,,,1517,5,1,1
unclewu.tw,https://www.threads.com/@unclewu.tw/post/C8tdSQbvsfs,"
我只是出門買個午餐 怎麼就重度燙傷了",2024年6月27日 星期四 下午3:10,@netflixtw,,1,1,0,0,https://www.threads.com/@netflixtw/post/C8totuTJHiC,比午餐還要燙,2024年6月27日 星期四 下午4:50,,,1,0,0,0
rina__9391,https://www.threads.com/@rina__9391/post/C8ronBCSEsR,"
我來報名了🫡",2024年6月26日 星期三 下午10:11,@netflixtw,No photo description available.,3,1,0,0,https://www.threads.com/@netflixtw/post/C8rt2TDSY8e,第一個是我,2024年6月26日 星期三 下午10:57,,,1,1,0,0
