user_name,user_post_url,user_content,user_timestamp,user_replying_to,user_image_alts,user_likes,user_replies,user_reposts,user_shares,brand_reply_url,brand_reply_content,brand_reply_timestamp,brand_replying_to,brand_reply_image_alts,brand_reply_likes,brand_reply_replies,brand_reply_reposts,brand_reply_shares
1996hannah,https://www.threads.com/@1996hannah/post/DXrf4GMAeWN,我同事的台式娃包！,2026年4月28日 星期二 下午11:02,,"May be an image of purse, pouch and text",56000,669,1814,23000,https://www.threads.com/@shopee_tw/post/DXtRclAkylP,我都背這個來上班,2026年4月29日 星期三 下午3:35,,"May be an image of duckling, toy, plastic bag, sling and text",151,2,0,4
san_13613,https://www.threads.com/@san_13613/post/DXrXweYiQNU,"我真的會被笑死ㄟ🤣🤣🤣🤣🤣
一開始看不懂，想通之後真的是笑到嘿菇🤣🤣🤣🤣",2026年4月28日 星期二 下午9:51,,May be an image of ticket stub and text that says '誰 殺、 喜 し C ? 看這裡 你一個小秘密 包裹數 1 ST 於5分鐘内重新幸到員 龍 Χη 於5分鐘内重新 青聯絡蝦皮客服 秋 喜',48000,618,2539,19000,https://www.threads.com/@shopee_tw/post/DXru8e-kxqL,半夜海巡到自己的爛笑話。。。,2026年4月29日 星期三 上午1:14,,,3825,7,1,30
museacg,https://www.threads.com/@museacg/post/DXq86PyEc3M,,2026年4月28日 星期二 下午5:57,@shopee_tw,May be an image of text,1209,13,5,5,https://www.threads.com/@shopee_tw/post/DXrErfUE1jn,,2026年4月28日 星期二 下午7:05,,,101,1,1,1
luby980508,https://www.threads.com/@luby980508/post/DXob9N_kQmz,"蝦皮皮現在這麼大方嗎？
￼買包裝袋送蘋果手機🥴",2026年4月27日 星期一 下午7:11,,,75000,1250,741,11000,https://www.threads.com/@shopee_tw/post/DXq_W_fk8AI,,2026年4月28日 星期二 下午6:18,,,4910,2,6,22
museacg,https://www.threads.com/@museacg/post/DXq3EGRkZeR,你知道這是費倫心情好還是不好時綁出來的麻花辮嗎？,2026年4月28日 星期二 下午5:06,,"May be an anime-style image of text that says '※画像はイメージです。' | May be an anime-style image of toy and text that says '※画像はイメージです。 ※画像はイ' | May be an anime-style image of text | May be an anime-style image of doll, miniskirt and text that says '※画像はイメージです。 です。' | May be an anime-style image of doll and text that says '※画像はイメージです。' | May be an anime-style image of toy and text | May be an anime-style image of doll and text | May be an anime-style image of toy and text | May be an anime-style image of text",2816,14,51,143,https://www.threads.com/@shopee_tw/post/DXq_THlk5zw,好漂亮,2026年4月28日 星期二 下午6:17,,,106,1,1,1
museacg,https://www.threads.com/@museacg/post/DXf9dHFkTZm,"追蹤museacg 更多這是橘子泰迪熊研究社所做出來的嗎⋯⋯🤔 讚1 萬回覆69 分享2,216",2026年4月24日 星期五 上午11:30,,May be an image of toy and text | May be an image of toy and text,,,,,https://www.threads.com/@shopee_tw/post/DXggRdSE18a,追蹤shopee_tw已驗證 原作者說讚更多我買了一個送你🫪讚478 轉發分享4,2026年4月24日 星期五 下午4:34,,,,,,
yoona_lalala_,https://www.threads.com/@yoona_lalala_/post/DXgTKYjEv5k,已驗證 已編輯原作者說讚更多,2026年4月24日 星期五 下午2:39,,,0,0,0,0,https://www.threads.com/@shopee_tw/post/DXgeHolk8AI,追蹤shopee_tw已驗證 更多追星人一定都認得出來的樓梯讚93回覆轉發分享,2026年4月24日 星期五 下午4:15,,,,,,
kssogo.tw,https://www.threads.com/@kssogo.tw/post/DXgC7iFCTd0,追蹤kssogo.tw 原作者說讚更多正在回覆@shopee_tw緩～光臨🥰讚335 轉發分享,2026年4月24日 星期五 下午12:18,,May be a cartoon of toy and text,,,,,https://www.threads.com/@shopee_tw/post/DXgeBRhk1_d,追蹤shopee_tw已驗證 更多請問今天有折扣嗎讚123 轉發分享2,2026年4月24日 星期五 下午4:14,,,,,,
momokids_channel,https://www.threads.com/@momokids_channel/post/DXgDevPiV3B,追蹤momokids_channel 原作者說讚更多正在回覆@shopee_tw蝦蝦要不要乃找我玩？～💞😗讚441 轉發分享4,2026年4月24日 星期五 下午12:22,,"May be a cartoon of ‎toy, minions and ‎text that says '‎د মम F ብርርያ ללביר ร S 蝦皮睛物‎'‎‎",,,,,https://www.threads.com/@shopee_tw/post/DXgd8EyE3sp,追蹤shopee_tw已驗證 原作者說讚更多你好MO....M..讚166 轉發分享,2026年4月24日 星期五 下午4:14,,,,,,
xx_0_4,https://www.threads.com/@xx_0_4/post/DXgEEbSlInR,追蹤xx_0_4 原作者說讚更多正在回覆@shopee_tw那把你煮來吃好了讚648 轉發1,2026年4月24日 星期五 下午12:28,,"May be an image of hot pot, vegetable, pot and text that says 'S 蝦皮睛物'",,,,,https://www.threads.com/@shopee_tw/post/DXgQprDE_-4,追蹤shopee_tw已驗證 原作者說讚更多是這樣沒錯但不是這樣讚257回覆轉發分享,2026年4月24日 星期五 下午2:17,,,,,,
momopig_zoo,https://www.threads.com/@momopig_zoo/post/DXgDJDBkzlE,追蹤momopig_zoo已驗證 原作者說讚更多正在回覆@shopee_tw不會一直在蝦皮購物，有時候也會在宿霧讚15 轉發分享,2026年4月24日 星期五 下午12:19,,May be an image of ‎text that says '‎ى S 蝦皮購物‎'‎,,,,,https://www.threads.com/@shopee_tw/post/DXgP84ak6aI,追蹤shopee_tw已驗證 更多@老闆 員工旅遊～～～讚5回覆轉發分享,2026年4月24日 星期五 下午2:11,,,,,,
museacg,https://www.threads.com/@museacg/post/DXf9qDGkXZU,追蹤museacg 原作者說讚更多正在回覆@shopee_tw找同事一起看木棉花YT 回覆2轉發分享,2026年4月24日 星期五 上午11:31,,,,,,,https://www.threads.com/@shopee_tw/post/DXgC4JvE3_s,追蹤shopee_tw已驗證 原作者說讚更多戀愛ing 回覆1轉發分享4,2026年4月24日 星期五 下午12:17,,May be an image of poster and text,,,,
lwh80237,https://www.threads.com/@lwh80237/post/DXeKdjREajL,追蹤lwh80237 原作者說讚更多正在回覆@shopee_tw蝦皮本蝦面無表情🫥讚4 轉發分享,2026年4月23日 星期四 下午6:45,,,,,,,https://www.threads.com/@shopee_tw/post/DXeKqZzk_4D,追蹤shopee_tw已驗證 更多讚10 轉發分享,2026年4月23日 星期四 下午6:47,,"May be an image of toy, minions and text",,,,
fssh.water.4f,https://www.threads.com/@fssh.water.4f/post/DXb3ZpBkl-R,"追蹤fssh.water.4f 更多🥹謝謝蝦皮，你成功鼓勵到了一個在為期中考焦慮的學生😭 讚10 萬回覆218 分享5,119",2026年4月22日 星期三 下午9:20,,May be an image of ticket stub and text that says '個小秘密篇 縄 몽 個小秘密 烤 神 迦 會 出 什 廢 油 包裹數？ 看這裡 2 2個 樺 2 個 分鐘内東新版到活 分鐘内取新報到 路蝦皮客服',,,,,https://www.threads.com/@shopee_tw/post/DXdnZPyE7at,追蹤shopee_tw已驗證 原作者說讚更多海巡到自己的爛笑話。。讚4.9 萬回覆24 分享184,2026年4月23日 星期四 下午1:38,,,,,,
_hzx126,https://www.threads.com/@_hzx126/post/DXbczOUDwh3,"追蹤_hzx126 原作者說讚更多正在回覆@shopee_tw你很會說嘛敢不敢給我折價卷讚1,650 轉發1",2026年4月22日 星期三 下午5:27,,May be an image of text,,,,,https://www.threads.com/@shopee_tw/post/DXbmDoBEyjV,"追蹤shopee_tw已驗證 原作者說讚更多敢讚1,243 轉發7",2026年4月22日 星期三 下午6:48,,May be an image of toy and text that says '784S3RB3H',,,,
ccc_hsuan_,https://www.threads.com/@ccc_hsuan_/post/DXqh4Xjmanu,"
有簽唱會嗎",2026年4月28日 星期二 下午2:00,@shopee_tw,,5,1,0,0,https://www.threads.com/@shopee_tw/post/DXqiLqBk4jI,準備進大巨蛋了,2026年4月28日 星期二 下午2:03,,,14,1,0,0
nishino_shuichi,https://www.threads.com/@nishino_shuichi/post/DXdjq8PlMXJ,"有沒有人可以用女朋友的口吻跟我說一段話
讓我知道有女朋友是什麼感覺🥺🥺🥺",2026年4月23日 星期四 下午1:06,,,25000,8987,1253,21000,https://www.threads.com/@shopee_tw/post/DXovUtDk6Vx,可以幫我取貨嗎,2026年4月27日 星期一 下午9:19,,,3829,31,1,90
familymart_tw,https://www.threads.com/@familymart_tw/post/DXoc4FnEs4b,"
蝦皮免運（但我是全家小編",2026年4月27日 星期一 下午6:38,@shopee_tw,,1013,4,0,5,https://www.threads.com/@shopee_tw/post/DXolMHgkzsN,全家免運,2026年4月27日 星期一 下午7:51,,,89,1,0,1
kitty82325,https://www.threads.com/@kitty82325/post/DXoDEcvkkpy,"
@shopee_tw
之前傳過陌生訊息 現在沒辦法再私訊了（有中獎），謝謝",2026年4月27日 星期一 下午2:53,@shopee_tw,,1,1,0,0,https://www.threads.com/@shopee_tw/post/DXoYihukwl3,已私訊,2026年4月27日 星期一 下午6:00,,,1,0,0,0
zy_04_22,https://www.threads.com/@zy_04_22/post/DXoDoboEWe7,"
脆沒有私訊功能怎麼辦😭",2026年4月27日 星期一 下午2:58,@shopee_tw,,1,1,0,0,https://www.threads.com/@shopee_tw/post/DXoYgA-k5kU,IG也可以～,2026年4月27日 星期一 下午6:00,,,1,1,0,0
nn_rou,https://www.threads.com/@nn_rou/post/DXej8K2EYvp,"如果認識很久的異性朋友突然抱住你
只能說四個字
你會說什麼？？",2026年4月23日 星期四 下午10:28,,,66000,6185,653,2953,https://www.threads.com/@shopee_tw/post/DXg26wRE5YO,蝦皮免運,2026年4月24日 星期五 下午7:52,,,8168,34,41,110
hb99_21,https://www.threads.com/@hb99_21/post/DXZVV27E12C,謝謝你 蝦皮,2026年4月21日 星期二 下午9:45,,,3182,16,68,65,https://www.threads.com/@shopee_tw/post/DXggejFE3Oj,好厲害。。。來上班,2026年4月24日 星期五 下午4:36,,,1148,1,1,4
cowboycombo,https://www.threads.com/@cowboycombo/post/DXRW6y-k-7l,情緒一定要有出口 但也可以在登機口,2026年4月18日 星期六 下午7:24,,"May be an image of terminal, hallway and text",130000,1229,10000,30000,https://www.threads.com/@shopee_tw/post/DXWel43mDYH,盡人事聽天命，蝦皮全站大免運。,2026年4月20日 星期一 下午7:07,,,442,4,1,10
museacg,https://www.threads.com/@museacg/post/DXOcRvFkeXZ,"木棉花台中一中街門市新品來囉
超多你們看！！！！！
下班下課快來逛一波🏃‍♂️🏃🏽🏃🏻‍♀️
@twiplaza",2026年4月17日 星期五 下午4:13,,"May be an anime-style image of text | May be an image of lego, mouse pad, tambourine and text | May be an image of binder and text | May be an image of poster, newsstand and text | May be an image of poster, card, binder, book and text | May be an image of toy and text | May be an image of toy and text | May be an image of lego and text | May be an image of video games, mouse pad and text | May be an anime-style image of toy and text that says 'あつのやいは きめつのやいば やいば や 鬼滅刃 RO+ Pupy .ህ' | May be an image of diary, hand cream, binder, pencil case, eraser, newsstand and text | May be an image of button, binder, mouse pad, pencil case and text | May be an image of book, poster, shelf, newsstand and text | May be an image of toy and text",1512,42,29,673,https://www.threads.com/@shopee_tw/post/DXO1hdqmHw5,路上,2026年4月17日 星期五 下午7:53,,May be an image of toy and text,610,5,3,19
sk_.0625,https://www.threads.com/@sk_.0625/post/DXNC9YWEllJ,你真的覺得你的身體受得了你這樣熬夜喔,2026年4月17日 星期五 上午3:12,,,10000,166,969,955,https://www.threads.com/@shopee_tw/post/DXOXfMNGEtx,"可以
劇透",2026年4月17日 星期五 下午3:31,,May be an image of toy and text,2280,7,4,11
king20110620,https://www.threads.com/@king20110620/post/DXMm5gpgfL9,一想到我要發什麼就想笑,2026年4月16日 星期四 下午11:07,,May be an illustration of text,10000,133,319,1162,https://www.threads.com/@shopee_tw/post/DXOUi7CmPse,,2026年4月17日 星期五 下午3:05,,,4418,13,5,23
nuczieoy,https://www.threads.com/@nuczieoy/post/DXMdoH_k4Fu,文言文直翻,2026年4月16日 星期四 下午9:46,,May be an image of text,64000,266,2744,23000,https://www.threads.com/@shopee_tw/post/DXOSkHAGIFQ,"「小時了了，大未必佳。」
：小時ㄅ級分，長大ㄇ級分",2026年4月17日 星期五 下午2:48,,,236,2,0,4
yy_07zy,https://www.threads.com/@yy_07zy/post/DXE_DZoErSR,生活不一定會出爾反爾 有時候會在首爾,2026年4月14日 星期二 上午12:04,,"May be an image of signboard, street, skyscraper, night and text",160000,5513,14000,50000,https://www.threads.com/@shopee_tw/post/DXMATSRGCzr,我可能會被生活擊倒 但不能不飛濟州島,2026年4月16日 星期四 下午5:30,,,1065,1,1,38
chienchen666,https://www.threads.com/@chienchen666/post/DXJgHkGE0MC,"
拍照眼睛要張開😆",2026年4月15日 星期三 下午6:10,@shopee_tw,,41,1,0,0,https://www.threads.com/@shopee_tw/post/DXJtDodGDRG,已⋯已經張開了⋯⋯,2026年4月15日 星期三 下午8:03,,,83,1,0,0
jaso.n0905,https://www.threads.com/@jaso.n0905/post/DXG0LSKGeMx,有沒有人要幫強迫症一個忙,2026年4月14日 星期二 下午5:08,,"May be an image of segway, bicycle, scooter and text",10000,200,150,713,https://www.threads.com/@shopee_tw/post/DXI8qcAGEJh,又後悔點開留言區了,2026年4月15日 星期三 下午1:00,,,8783,13,2,80
znbuwart,https://www.threads.com/@znbuwart/post/DXGjcxOj_82,"大學生的四大謊言：
1.轉學
2.轉系
3.雙主修
4.我明天再早起讀書",2026年4月14日 星期二 下午2:41,,,17000,123,890,1424,https://www.threads.com/@shopee_tw/post/DXG_AUWmNCu,,2026年4月14日 星期二 下午6:42,,,0,0,0,0
9.wee_,https://www.threads.com/@9.wee_/post/DXF8brrE5vy,才四月是在熱三小 姓黃的出來道歉,2026年4月14日 星期二 上午9:01,,,61000,1928,1532,14000,https://www.threads.com/@shopee_tw/post/DXG9B9jjlhk,對不起,2026年4月14日 星期二 下午6:25,,,3885,22,39,87
eason_2004,https://www.threads.com/@eason_2004/post/DXGPYHbkdUN,"房間外面放著一本十年的國中數學講義
有點難以想像我當初會莫名其妙放在陽台
大學都快畢業了 結果還一直放著
超好笑而且翻開還能看到內容",2026年4月14日 星期二 上午11:48,,,14000,110,173,452,https://www.threads.com/@shopee_tw/post/DXG3VBZmJ8-,十年後的你還會算嗎？,2026年4月14日 星期二 下午5:35,,,763,1,0,1
lala690917,https://www.threads.com/@lala690917/post/DXCKwtyiWqG,為什麼最近點進去色色的網站，都會跳出蝦皮的連結🤔,2026年4月12日 星期日 下午9:49,,,39000,1026,312,4196,https://www.threads.com/@shopee_tw/post/DXGMC95mD_6,後悔點開留言區了,2026年4月14日 星期二 上午11:17,,,42000,94,81,854
raccoon_00011,https://www.threads.com/@raccoon_00011/post/DW-VXrkkwvv,"每日畫一張圖直到有100000粉為止 22Day
🤝🏻",2026年4月11日 星期六 上午10:05,,"May be an illustration of diaper, poster and text that says '回入 想 想睡 睡 起 起前 前 妳 妳我 我 的會 會 的 臉先 先 臉 鷹 的 養你一輩子了！ 養你一輩 我已經準備好 MAZE BANK 農電者 食嘉記物 - 標索 安物 藤 .戶标製 E'",5876,59,149,163,https://www.threads.com/@shopee_tw/post/DW-uopGmNcT,,2026年4月11日 星期六 下午1:45,,,1242,8,2,5
museacg,https://www.threads.com/@museacg/post/DW8-ww1kffC,@shopee_tw,2026年4月10日 星期五 下午9:28,,May be an anime-style image of text,4811,86,116,267,https://www.threads.com/@shopee_tw/post/DW9AanQmM6u,我已經準備好養你一輩子了,2026年4月10日 星期五 下午9:42,,"May be an image of text that says 'www.maze-bank.com/mainmenu www. ₪ MMAZEBANK OFLOSSANTOS OF LOS SANTOS MAZE BANK x 帳戶餘額 戶餘額$1,350,547,760.00 選擇服務 存款 提款 交易記錄'",2277,18,10,71
changhsumath,https://www.threads.com/@changhsumath/post/DW6fnUvD9j8,"
來了哥們",2026年4月9日 星期四 下午10:17,@shopee_tw,"May be a selfie of one or more people, people smiling, eyeglasses and text",89,1,0,0,https://www.threads.com/@shopee_tw/post/DW6losDGL_e,,2026年4月9日 星期四 下午11:10,,May be an image of text,96,2,1,4
museacg,https://www.threads.com/@museacg/post/DW6iMyfkwdW,"
你的購物車只能由我來清空～💗",2026年4月9日 星期四 下午10:40,@shopee_tw,May be an image of text,5588,42,26,115,https://www.threads.com/@shopee_tw/post/DW6k_gzGHbq,,2026年4月9日 星期四 下午11:04,,May be an image of toy and text,829,0,0,2
pin0120_,https://www.threads.com/@pin0120_/post/DW5mwr7mpNA,"今晚想找老公吵架
請大家給我個題材",2026年4月9日 星期四 下午2:00,,,14000,2540,436,7508,https://www.threads.com/@shopee_tw/post/DW6k67kGD3z,,2026年4月9日 星期四 下午11:03,,,0,0,0,0
2000yannick,https://www.threads.com/@2000yannick/post/DW2x-_AkaPA,"請大家幫幫忙
幫捲編把這個完美的原味捲捲捏起來",2026年4月8日 星期三 上午11:41,,"May be an image of chiffon cake, pastry and text | May be an image of chiffon cake, baguette, cream cheese, pastry and text",10000,894,171,1372,https://www.threads.com/@shopee_tw/post/DW6kxf7GEki,,2026年4月9日 星期四 下午11:02,,May be an image of toy and text,542,1,1,0
taizichangqin.tw,https://www.threads.com/@taizichangqin.tw/post/DW6SwtgjwAz,"
我購物車要清空要50萬折價卷吧",2026年4月9日 星期四 下午8:25,@shopee_tw,,56,1,0,0,https://www.threads.com/@shopee_tw/post/DW6S-l3AdUQ,"@shopee_tw
老闆～～～",2026年4月9日 星期四 下午8:27,,,69,6,0,0
rog_taiwan,https://www.threads.com/@rog_taiwan/post/DW5Loe1k1-e,"
在蝦皮上班逛蝦皮可以嗎",2026年4月9日 星期四 上午10:03,@shopee_tw,,896,4,0,13,https://www.threads.com/@shopee_tw/post/DW6IxggAa43,可以,2026年4月9日 星期四 下午6:57,,,36,1,0,1
ting_hsuan7,https://www.threads.com/@ting_hsuan7/post/DW326E3E-IB,"網路上：男人一有錢就使壞
我的男人：",2026年4月8日 星期三 下午9:43,,May be an image of text that says 'AT0.4 2025年6月29日 2025年6月29日週日 週日 什麽時候要跟我去日本 上午8：45 上午 我很有錢 上午8：45',62000,589,1968,10000,https://www.threads.com/@shopee_tw/post/DW5afoREXer,,2026年4月9日 星期四 下午12:13,,,0,0,0,0
jasmine.09200,https://www.threads.com/@jasmine.09200/post/DW3g7usk9lA,笑死為什麼北車會有這個,2026年4月8日 星期三 下午6:31,,May be an image of terminal and text,50000,307,1506,6658,https://www.threads.com/@shopee_tw/post/DW4NnBlgZZs,"不要忽視任何異常。
如發現任何異常，立即回頭。
如沒發現任何異常，不要回頭。",2026年4月9日 星期四 上午1:01,,,1829,4,10,12
mm_1sochen,https://www.threads.com/@mm_1sochen/post/DW03kTnkePY,"谁懂我有多崩溃
劇透",2026年4月7日 星期二 下午5:51,,"May be an image of one or more people, hair, mannequin and text that says '别人的侧脸 侧脸我的侧腦 我的侧脸'",69000,322,7389,4709,https://www.threads.com/@shopee_tw/post/DW3Pm08GKfv,"不是，哥們
算了我找人弄你",2026年4月8日 星期三 下午3:59,,May be an image of toy and text,231,0,1,2
_zhumi6,https://www.threads.com/@_zhumi6/post/DW0yKLhCUkk,"有沒有那種
「你越是這樣我悅氏礦泉水」
這種很幹的話😭",2026年4月7日 星期二 下午5:04,,,10000,187,874,1720,https://www.threads.com/@shopee_tw/post/DW2ooHiGL5d,"不得不拿出我們的傳家寶了
shopee_tw",2026年4月8日 星期三 上午10:19,,"Photo by 蝦皮購物Shopee on January 25, 2026. | Photo by 蝦皮購物Shopee on January 25, 2026. | Photo by 蝦皮購物Shopee on January 25, 2026. | Photo by 蝦皮購物Shopee on January 25, 2026. | Photo by 蝦皮購物Shopee on January 25, 2026. | Photo by 蝦皮購物Shopee on January 25, 2026. | Photo by 蝦皮購物Shopee on January 25, 2026. | Photo by 蝦皮購物Shopee on January 25, 2026. | Photo by 蝦皮購物Shopee on January 25, 2026. | Photo by 蝦皮購物Shopee on January 25, 2026.",647,2,17,44
xnfyenn,https://www.threads.com/@xnfyenn/post/DWze-7wkzEK,女孩你不能有1000就花3000。,2026年4月7日 星期二 上午4:57,,,14000,112,2642,1170,https://www.threads.com/@shopee_tw/post/DW1iu-EmE-u,"你覺得這則貼文有什麼問題？
☑引起不適
☑我不喜歡自己出現在文章上
☑其他問題",2026年4月8日 星期三 上午12:08,,,270,3,2,0
kinmen_kaoliang_liquor,https://www.threads.com/@kinmen_kaoliang_liquor/post/DW1CApYgVMg,"
你感覺壓力很大，是否需要喝一杯我？",2026年4月7日 星期二 下午7:22,@shopee_tw,,364,14,0,0,https://www.threads.com/@shopee_tw/post/DW1Dv5cmCl5,喝十瓶是580度嗎,2026年4月7日 星期二 下午7:37,,,157,2,0,1
taisun_taiji,https://www.threads.com/@taisun_taiji/post/DW1CWJfkgef,"
吉吉吉吉吉吉吉吉吉吉吉吉吉吉吉吉吉吉吉吉吉吉吉吉吉吉吉吉吉吉吉吉吉吉吉吉吉吉吉吉吉吉吉吉吉吉吉吉吉吉吉吉吉吉吉吉💚我是泰吉",2026年4月7日 星期二 下午7:25,@shopee_tw,,25,1,0,0,https://www.threads.com/@shopee_tw/post/DW1DldBmFEz,來吃塔吉,2026年4月7日 星期二 下午7:36,,,48,0,0,2
raychu.eclat12,https://www.threads.com/@raychu.eclat12/post/DWuqnbvE9ZK,"注意 我老婆辦threads了
大家講話小心一點",2026年4月5日 星期日 上午8:02,,,33000,1251,201,943,https://www.threads.com/@shopee_tw/post/DW0-35YmHGh,你上次不是跟我說要幫你老婆清空購物車？,2026年4月7日 星期二 下午6:55,,,629,2,2,2
chen.haru,https://www.threads.com/@chen.haru/post/DW0LWETEdLj,"
請問飯糰什麼口味的",2026年4月7日 星期二 上午11:25,@shopee_tw,,13,1,0,1,https://www.threads.com/@shopee_tw/post/DW09a6gmJ6Y,起司肉鬆油條加蛋,2026年4月7日 星期二 下午6:42,,,14,0,0,0
akeraugust,https://www.threads.com/@akeraugust/post/DW0Ts35Efui,"
要不你先說說你昏迷多久吧？",2026年4月7日 星期二 下午12:38,@shopee_tw,,17,1,0,0,https://www.threads.com/@shopee_tw/post/DW09LoSmFga,18.40現在醒了,2026年4月7日 星期二 下午6:40,,,12,0,0,0
hsingju97,https://www.threads.com/@hsingju97/post/DW0U3APE9GP,"
抽菸更不會抓了",2026年4月7日 星期二 下午12:48,@shopee_tw,,13,1,0,0,https://www.threads.com/@shopee_tw/post/DW09IakGEf3,去樓下抽三十分鐘的也不抓,2026年4月7日 星期二 下午6:40,,,14,0,0,1
museacg,https://www.threads.com/@museacg/post/DW0nZu8kciP,"
上班看動畫的話老闆會抓嗎～寶",2026年4月7日 星期二 下午3:30,@shopee_tw,,4988,32,13,81,https://www.threads.com/@shopee_tw/post/DW0rh3QGBkp,看你的話老闆允許❤️,2026年4月7日 星期二 下午4:06,,,422,2,2,3
ashley___ch,https://www.threads.com/@ashley___ch/post/DWv_x33AffZ,"男友說他出國也要自己拍一隻Vlog
於是時隔兩個月他終於剪完了….🇹🇭
（沒有一刻我是漂亮的🥹）",2026年4月5日 星期日 下午8:28,,,46000,1128,1155,14000,https://www.threads.com/@shopee_tw/post/DW0UhF_mBot,看完了 謝謝你,2026年4月7日 星期二 下午12:45,,May be an image of toy and text that says '皮購物 支購 物',3345,21,32,142
lalalo.721,https://www.threads.com/@lalalo.721/post/DW0IXrfCbIG,"
因為飯糰吃完會昏迷到下班！",2026年4月7日 星期二 上午10:59,@shopee_tw,,84,1,0,0,https://www.threads.com/@shopee_tw/post/DW0KNAwGDfX,那我下次準備一顆給老闆......,2026年4月7日 星期二 上午11:15,,,95,1,0,0
chiajune,https://www.threads.com/@chiajune/post/DW0IRidEyTK,"
他想吃你的飯糰",2026年4月7日 星期二 上午10:58,@shopee_tw,,68,1,0,0,https://www.threads.com/@shopee_tw/post/DW0J3_cGAmW,下次準備給老闆 讓他昏睡一整天,2026年4月7日 星期二 上午11:12,,,40,1,0,0
tkkfriedchicken.tw,https://www.threads.com/@tkkfriedchicken.tw/post/DW0ITSgmf4l,"
上班滑脆的也不抓",2026年4月7日 星期二 上午10:58,@shopee_tw,,375,1,0,0,https://www.threads.com/@shopee_tw/post/DW0JroYmBwE,但上班吃呱呱包被抓了,2026年4月7日 星期二 上午11:10,,"May be an image of croquette, scotch egg, oatmeal cookies, coconut macaroon, scone, fritter, cutlet and text",110,0,0,0
auooo_.917,https://www.threads.com/@auooo_.917/post/DWnPUkOjxCU,"
青春沒有售價 今天直接請假😻",2026年4月2日 星期四 上午10:49,@shopee_tw,,90,2,1,7,https://www.threads.com/@shopee_tw/post/DWnqIBMmFki,不揪,2026年4月2日 星期四 下午2:43,,,52,1,0,0
scyt1122,https://www.threads.com/@scyt1122/post/DWln69Fk8ta,"蝦皮賣家很鬧欸
重複使用紙箱不能稍微篩選一下嗎…
我一個妙齡少女扛這一箱保力達B走路回家情何以堪",2026年4月1日 星期三 下午7:46,,"May be an image of box, carton and text",230000,6834,5241,61000,https://www.threads.com/@shopee_tw/post/DWnlxnhmMK_,對不起,2026年4月2日 星期四 下午2:05,,"May be an image of toy, beanbag chair and text",68000,105,299,635
kkdaytw,https://www.threads.com/@kkdaytw/post/DWkyurhkb6i,"📣 今天 4 月 1 日... 小編必須跟大家說一件事❗️
🫸 這個月我生日🎂 可以跟我說那四個字嗎？ 🫷
(●´ω｀●)ゞ",2026年4月1日 星期三 下午12:01,,,153,55,2,1,https://www.threads.com/@shopee_tw/post/DWldRYBmJ8G,"還以為你要騙我......
那就......蝦皮免運！",2026年4月1日 星期三 下午6:13,,,132,1,0,0
museacg,https://www.threads.com/@museacg/post/DWlKx2zEVFN,"🫸木棉哈隱藏版福袋大公開🫷
😜4月31日正式登場😜",2026年4月1日 星期三 下午3:31,,"May be an image of ‎bread, newspaper, pie and ‎text that says '‎有什麽呢？ （看下一張圖） ول 木棉哈 隱藏版福袋‎'‎‎ | May be an image of text that says '有木棉花 非賣品' | May be an image of text | May be an image of text that says '有海螺 海螺小姐熱播中' | May be an image of ‎pie, bread, plastic bag, napkin and ‎text that says '‎後 面 是 祈 一 ? 梗 樹 嗎 ولا 有梗‎'‎‎",673,10,2,7,https://www.threads.com/@shopee_tw/post/DWlMfiSmCw8,竟然有我❤️,2026年4月1日 星期三 下午3:46,,,569,4,0,0
no_pen,https://www.threads.com/@no_pen/post/DWkieLKAZ3m,"
沒愚蝦也好",2026年4月1日 星期三 上午9:39,@shopee_tw,,25,1,0,0,https://www.threads.com/@shopee_tw/post/DWlHnF6mBq-,我給到ㄅ級分,2026年4月1日 星期三 下午3:03,,,35,0,0,0
w206222888,https://www.threads.com/@w206222888/post/DWkg0Ghkmo7,"
我喜歡蝦皮",2026年4月1日 星期三 上午9:24,@shopee_tw,,3,1,0,0,https://www.threads.com/@shopee_tw/post/DWlBLTmmF-5,"喜歡你耶
記住你每個訊息
想照顧你欸
偷偷希望能成為
你的唯一耶
默默地支持着你
喜歡你耶",2026年4月1日 星期三 下午2:07,,,36,1,0,5
inffits,https://www.threads.com/@inffits/post/DWk0w3cAc6V,"
你是真的蝦皮嗎",2026年4月1日 星期三 下午12:19,@shopee_tw,,55,1,0,0,https://www.threads.com/@shopee_tw/post/DWk1pqJGIdJ,我是木棉花,2026年4月1日 星期三 下午12:26,,,197,1,2,4
jinbing0320,https://www.threads.com/@jinbing0320/post/DWkkPO1k61B,"
老闆叫你去上班跟蝦皮免運一樣是不會騙人的",2026年4月1日 星期三 上午9:54,@shopee_tw,,20,1,0,0,https://www.threads.com/@shopee_tw/post/DWk1hrMmPar,"前一個一定是騙人的......
但蝦皮全站大免運是真的😎",2026年4月1日 星期三 下午12:25,,,32,0,0,0
jsx5858,https://www.threads.com/@jsx5858/post/DWki8n6E9xO,"
我老闆心機很重 他說今天放假..",2026年4月1日 星期三 上午9:43,@shopee_tw,,48,1,0,0,https://www.threads.com/@shopee_tw/post/DWk1WDQmJXG,他一定也是騙你的...,2026年4月1日 星期三 下午12:24,,,78,0,0,0
museacg,https://www.threads.com/@museacg/post/DWixSliEaHy,"
會送我嗎",2026年3月31日 星期二 下午5:10,@shopee_tw,,547,8,1,5,https://www.threads.com/@shopee_tw/post/DWi-fJemNbN,你想要哪一款,2026年3月31日 星期二 下午7:05,,,173,0,1,5
museacg,https://www.threads.com/@museacg/post/DWZLs8NkSYd,假日來看暗殺教室好不好🥺,2026年3月27日 星期五 下午11:48,,,8732,176,89,179,https://www.threads.com/@shopee_tw/post/DWZMtX6mEPK,好呀明天見🫪,2026年3月27日 星期五 下午11:57,,,5922,26,10,84
bimay_nagging,https://www.threads.com/@bimay_nagging/post/DWYwF0MD-Ca,"
啊哈哈哈哈太棒了👏👏👏👏👏",2026年3月27日 星期五 下午7:47,@shopee_tw,,2272,4,1,3,https://www.threads.com/@shopee_tw/post/DWY5JdamK5K,,2026年3月27日 星期五 下午9:06,,,17,0,0,0
mm_1sochen,https://www.threads.com/@mm_1sochen/post/DWTRxO1EUoQ,不覺得學校根本就是一間蝦皮店到店嗎 很多件貨,2026年3月25日 星期三 下午4:46,,,110000,319,9249,16000,https://www.threads.com/@shopee_tw/post/DWWhi9pmGi6,好怪，再看一眼,2026年3月26日 星期四 下午11:01,,,17000,15,28,259
kinmen_kaoliang_liquor,https://www.threads.com/@kinmen_kaoliang_liquor/post/DWV5ThhAexl,"
你們要不要一起去日本玩？",2026年3月26日 星期四 下午5:10,@shopee_tw,,35,1,0,0,https://www.threads.com/@shopee_tw/post/DWV65ThmNRQ,你要不要也一起,2026年3月26日 星期四 下午5:24,,,13,1,0,0
kaokaooo16,https://www.threads.com/@kaokaooo16/post/DWVzemAiQ5z,"
這提案主管怎麼過ㄉ?",2026年3月26日 星期四 下午4:19,@shopee_tw,,2,1,0,0,https://www.threads.com/@shopee_tw/post/DWV0jlhmAtt,不給主管看就過了,2026年3月26日 星期四 下午4:28,,,8,0,0,0
bimay_nagging,https://www.threads.com/@bimay_nagging/post/DWQvb1tj4ot,"
連看到這個比賽都要拖到最後參加（還沒有死線）",2026年3月24日 星期二 下午5:07,@shopee_tw,,242,1,0,0,https://www.threads.com/@shopee_tw/post/DWVzyJ5GEWJ,看來你是冠軍,2026年3月26日 星期四 下午4:21,,,9,0,0,0
bimay_nagging,https://www.threads.com/@bimay_nagging/post/DWOo38Yj_ku,"這次隔空跟香蕉葛格還有米可白feat，我的內在小孩好開心
（竟然還可以當矮子反派哇哈哈哈😎）
拍貼機是蝦皮店到店松菸旗艦店限定唷!
3/23-3/27 蝦皮P人節
整點領5折券，$49免運最快當日到
P人專區：再P也不怕，有蝦皮直營最快當日到解救你！
@shopee_tw
#蝦皮P人節 #J人有計畫P人看造化 #蝦皮直營最快當日到",2026年3月23日 星期一 下午9:31,,"May be an image of camera and text that says 'P人把第100件商品 加入購物車 FPS23.976SHUTTER180.0 FPS FPS23.976 SHUTTER 180.0 SDI E|800 ND0.6 E1800ND.6WB4600K-2.0CCA 0.6 ND WB 4800 K -2.0cc A LES CAM AKU LOG T e WRS 新 BAT 14.4V S A003 C001 STBY CARD 0:35h 4 TC00:18:48:10' | May be an image of text that says '976 76SHUTTER180.0 SHUTTER 180.0 提醒P人躺太久 要記得翻身 才不會長褥瘡 0.6 00.6 WB 0.6WB4800 4800 4800K-2.0 K -2.0 美ム I BAT BAT14.4V 14.4V A003 A003C002 C002 STBY CARD I 0:34 h Tc T.00:20:19:0 B' | May be a cartoon of diaper, poster and text that says 'S 蝦皮購物 S 蝦皮購物 το DO LIST TO DO LIST 中上 正由上器' | May be an image of slow loris, poster, pie and text that says '靜蝦皮直營期皮队節 美！蝦皮直營 蝦皮功人節 $49免運最快當日到 整點領5折券 特定門市除外，詳見條款 特定 持定門市除外， 詳見條款 T BU P人插畫家鼻妹 鼻妹 DEADLINE'",204,2,0,5,https://www.threads.com/@shopee_tw/post/DWVzOmaGG5f,好可愛,2026年3月26日 星期四 下午4:17,,,8,0,0,0
714368714368j,https://www.threads.com/@714368714368j/post/DWVycu9DjHz,"
木棉花有嗎？",2026年3月26日 星期四 下午4:10,@shopee_tw,,8,1,0,0,https://www.threads.com/@shopee_tw/post/DWVyhdXGO6v,快要有了,2026年3月26日 星期四 下午4:10,,,18,1,0,0
ugku.yt,https://www.threads.com/@ugku.yt/post/DWVxRTtCfMJ,"
每個門市都有？",2026年3月26日 星期四 下午3:59,@shopee_tw,,4,1,0,0,https://www.threads.com/@shopee_tw/post/DWVxZnAmKPM,松菸旗艦店！,2026年3月26日 星期四 下午4:01,,,8,0,0,0
museacg,https://www.threads.com/@museacg/post/DWOM_BYkY8F,聽說大家都會唱（？）👏👏👏,2026年3月23日 星期一 下午5:29,,,39000,232,1521,839,https://www.threads.com/@shopee_tw/post/DWOtAkQGBPR,要一起唱嗎,2026年3月23日 星期一 下午10:08,,,5937,36,17,60
shiyun_0711,https://www.threads.com/@shiyun_0711/post/DWOhuTqkp9b,"
考前一天才讀書 現在還在延畢中🤡",2026年3月23日 星期一 下午8:29,@shopee_tw,,4,1,0,0,https://www.threads.com/@shopee_tw/post/DWOh8olGLOR,,2026年3月23日 星期一 下午8:31,,May be an image of text that says '岩壁徽章',22,0,0,0
yi.n._.118522,https://www.threads.com/@yi.n._.118522/post/DWOhCORgcEA,"
報告3/26凌晨以前要交，我當天晚上再做🤓",2026年3月23日 星期一 下午8:23,@shopee_tw,,15,1,0,0,https://www.threads.com/@shopee_tw/post/DWOhVXfGICv,"P人
：還有一天，完全不慌
：還有半天，完全不慌
：還有一點時間，完全不慌",2026年3月23日 星期一 下午8:26,,,29,1,2,0
watsonstaiwan,https://www.threads.com/@watsonstaiwan/post/DWOfHOTiY86,"
帶小孩去拍會被吃掉嗎🤡",2026年3月23日 星期一 下午8:06,@shopee_tw,,11,1,0,0,https://www.threads.com/@shopee_tw/post/DWOf9hUmNTH,可以拍鼻妹或米可白的,2026年3月23日 星期一 下午8:14,,,8,0,0,0
iloveshowstage1017,https://www.threads.com/@iloveshowstage1017/post/DWOeNLSGR1z,"
蝦皮娃娃會賣嗎？",2026年3月23日 星期一 下午7:58,@shopee_tw,,4,2,0,0,https://www.threads.com/@shopee_tw/post/DWOeo6SGFKf,Coming son,2026年3月23日 星期一 下午8:02,,,6,2,0,0
zhuren0503,https://www.threads.com/@zhuren0503/post/DWLpNoilMJa,。？蝦皮你認真嗎,2026年3月22日 星期日 下午5:37,,May be an image of ticket stub and text,85000,502,2865,18000,https://www.threads.com/@shopee_tw/post/DWOVcQfGEMb,"把釋迦拿去烤會產生什麼油
。
。
。
烤釋迦油。",2026年3月23日 星期一 下午6:42,,,29000,17,294,1161
rose_lai826,https://www.threads.com/@rose_lai826/post/DWIgPCdj6lH,自己的明信片自己拍‼️,2026年3月21日 星期六 下午12:20,,May be an image of fish and text,4176,15,35,221,https://www.threads.com/@shopee_tw/post/DWJbs8oGJD9,,2026年3月21日 星期六 下午9:00,,May be a video game screenshot of text,909,5,6,6
anne_829,https://www.threads.com/@anne_829/post/DWGxHrQiQzD,"史上最快寄件到貨
只耗時3分鐘😂",2026年3月20日 星期五 下午8:10,,May be an image of text that says '於 2026-03-20完成取件 2026-03-20 完成取件 已出貨 配達取件門市 已取件 如果訂單未於 如果訂單末於2026-03-24配 2026-03-24 配達， 如果打單末於2026-0-24電達，您可以領取S0優高券 您可以領取 您可以領取$10 $10 優惠券 作為補償查看更多 作為補償 香看更多 蝦皮店到店 TW269102927741T 今天 15:27 訂單詳情 買家取件成功 今天 13:44 今天 13:41 向裹已配達買家取件門市 包裹已配達買家取件門市-太平長價 -太平長億店 賣家已寄件成功',25000,192,114,419,https://www.threads.com/@shopee_tw/post/DWJaYN1mImL,今天寄 今天到 今天取,2026年3月21日 星期六 下午8:49,,,22000,53,24,47
cute_0619,https://www.threads.com/@cute_0619/post/DWHHwc9gRSU,"別人列印寄件單絲滑的很
啊我的…？",2026年3月20日 星期五 下午11:29,,,65000,348,2086,6690,https://www.threads.com/@shopee_tw/post/DWJX3IBmFCm,我預判你的預判,2026年3月21日 星期六 下午8:27,,,7300,3,2,63
museacg,https://www.threads.com/@museacg/post/DWEA0k7keKg,不覺得一句話結尾加「我愛木棉花」很可愛嗎🥺,2026年3月19日 星期四 下午6:29,,,20000,335,156,345,https://www.threads.com/@shopee_tw/post/DWECH9SmOpl,我愛木棉花,2026年3月19日 星期四 下午6:40,,,25000,132,169,503
museacg,https://www.threads.com/@museacg/post/DV2hgjNEbC0,白色情人節快樂🥰🥰🥰,2026年3月14日 星期六 下午12:45,,,17000,167,116,234,https://www.threads.com/@shopee_tw/post/DV3XpAzk96i,,2026年3月14日 星期六 下午8:38,,,0,0,0,0
hero.byzn,https://www.threads.com/@hero.byzn/post/DVtCmjxCS9D,"女生都這樣嗎
我剛在蝦皮領貨（前面有一對情侶）
女生：你會出軌嗎？
男生：不會好嗎！
女生羞澀再問：如果你和前任還在一起但遇到我 你會出軌嗎？
男生：🙂
偷聽的我：🙂
刷包裹的店員：🙂
今天新竹很冷 但你們很靠北",2026年3月10日 星期二 下午8:22,,May be an image of signboard and text,50000,478,578,5022,https://www.threads.com/@shopee_tw/post/DVyJYU_k6cu,,2026年3月12日 星期四 下午7:57,,,15000,16,16,65
no_pen,https://www.threads.com/@no_pen/post/DVwyW6Gk0lv,請問蝦皮送我木棉花的明信片是什麼意思,2026年3月12日 星期四 上午7:17,,May be an image of lily and text that says '木棉花 黎明里史正區、 花 各語然中 ラ 幸合色 몸은 τAT 15 ￥ MAMAN 蝦皮皮皮官方 上 水水水',3685,18,47,73,https://www.threads.com/@shopee_tw/post/DVxy16aE9_E,"不好意思
shopee_tw
2026-2-22
蝦皮木棉花",2026年3月12日 星期四 下午4:41,,,821,2,4,6
kunsun5705,https://www.threads.com/@kunsun5705/post/DVuM_h-E16D,紐約地鐵規定：狗狗上車必須『裝在袋子裡』。於是，這項規定直接開啟了紐約客的創意大賽⋯⋯,2026年3月11日 星期三 上午7:13,,,170000,1279,8523,61000,https://www.threads.com/@shopee_tw/post/DVvCFA4E8Jx,在台灣 蝦子也可以自己搭捷運,2026年3月11日 星期三 下午2:56,,"May be an image of train, toy and text",35000,161,276,800
pipaponpon,https://www.threads.com/@pipaponpon/post/DVsh-V2ES5z,這到底是誰啦！害我一直以為錢沒繳,2026年3月10日 星期二 下午3:37,,May be a cartoon of text that says 'Pikmin PikminBloom Bloom 現在 您的電信費用還有687 您的電信費用還有687元餘額尚未繳清， 請盡 速繳納。 已回應您的蘑菇挑戰求救！',85000,670,2698,29000,https://www.threads.com/@shopee_tw/post/DVtZAUCE7p4,,2026年3月10日 星期二 下午11:38,,May be an image of text that says 'PikminBloom Pikmin Bloom 現在 已跟蝦皮 您的包裹已到達， 已跟蝦皮：您的包裹已到達，請方 的包裹已到達，請於06-19前 請於 請於06-19前取 件， ，謝謝成爲好友。',2868,1,12,42
lulu._0630,https://www.threads.com/@lulu._0630/post/DVqvNK0AdY7,"我自行宣布
《最抽象的蝦皮商品》大賽
比賽開始",2026年3月9日 星期一 下午10:54,,"May be an image of bicycle and text that says '鋁合金車身把手座管 自備發電機 - 一騎就亮 稀有釋出錯過要等很久 不銹鋼絲 E Ubike1.0,26吋軸心内變3速 Ubike1 車況好 無待修 $400 1/1 出租福， 出甜區，出租區，捷安特ubike1.0.抽片休閒活 出租區，出租區，捷安特u上 出租區， 捷安特 ubike 1.0, 走安特ubike1.0， 拍片 休閒活 動， ，公務機觸汰換合法取得，鋁合金車身，專門設 專門設..… 公務機關汰換合法取得， 鋁合金車身 預計配達時間 預計配達時間3月11日-3月12日 3月11日 -3月12日 > 蝦皮放心買· 蝦皮放心買·蝦皮安心退 蝦皮安心退 >'",27000,443,542,5184,https://www.threads.com/@shopee_tw/post/DVsdPVOEwd2,好怪 再看一眼,2026年3月10日 星期二 下午2:56,,,23000,18,29,130
455010_,https://www.threads.com/@455010_/post/DVnImmVj-kg,有人讀懂孫易磊的唇語說甚麼嗎？！,2026年3月8日 星期日 下午1:19,,,40000,1498,804,5340,https://www.threads.com/@shopee_tw/post/DVne_wOE81q,卡翹,2026年3月8日 星期日 下午4:35,,,3053,12,26,180
watsonstaiwan,https://www.threads.com/@watsonstaiwan/post/DVnO-yLkZ_5,"
又是貢獻成功的一天🔥",2026年3月8日 星期日 下午2:15,@shopee_tw,,60,1,0,0,https://www.threads.com/@shopee_tw/post/DVnROHrE1k1,進八強就把公司整個獻出去（？,2026年3月8日 星期日 下午2:34,,,74,1,1,0
yga0721,https://www.threads.com/@yga0721/post/DVmz_CbD_VM,나는 한국을 사랑해요❤️ 準備進場幫韓國加油囉😘,2026年3月8日 星期日 上午10:19,,May be an image of flag and text,41000,338,292,1556,https://www.threads.com/@shopee_tw/post/DVnRHiNk86S,謝謝嘎哥,2026年3月8日 星期日 下午2:33,,,718,0,0,0
dot0928,https://www.threads.com/@dot0928/post/DVnMashj13f,陳傑憲你幹嘛啦😭😭😭😭你幹嘛啦😭😭😭😭😭😭😭,2026年3月8日 星期日 下午1:52,,,220000,1948,9356,9792,https://www.threads.com/@shopee_tw/post/DVnQiclk0Ej,,2026年3月8日 星期日 下午2:28,,,0,0,0,0
npm_south,https://www.threads.com/@npm_south/post/DVnFN8qiWKh,"
不管怎麼樣，Team Taiwan 加油！！！！！",2026年3月8日 星期日 下午12:49,@shopee_tw,,343,2,0,0,https://www.threads.com/@shopee_tw/post/DVnIPkeE6mP,拿出你的文物(?,2026年3月8日 星期日 下午1:16,,,53,0,0,0
typhoon_mi,https://www.threads.com/@typhoon_mi/post/DVktZDMjmzr,"
謝謝Jack",2026年3月7日 星期六 下午2:43,@shopee_tw,"May be an image of baseball, scoreboard and text that says 'RLD SEBALL ASSIC. 元気ハツラツ！ TOKYODOME CHINESETAIPEI TAIPEI TIME 2:19123456789RHE 2:19 28 T.C.CHENG 2402150 150 14110 CF C.J.SUNG DH N.T.WU ČESKO YU.CHANG 000000 041 RF A.K.LIN S 3B C.Y.CHANG PITCH 11 11 3 6 B SS K.Y.CHIANG 者 C.W.CHEN P J.Y.TSENG 四発球 O 投球回 TODAY 暮三振 オナミンC CZECHIA 28 PROKOP LF ESCALA CF CHLUP C ZELENKA DHBUBENIK DH BUBENIK 18POSPISIL R 18 3B CERVINKA 5S MENSIK PH SINDELKA P CAPKA en TODAY 2 5 RYOB' RYOBI 400ft 122 東亜建設工 WORLD BASEBALL WORLDBASEBALLCLASSIC CLASSIC. TOKYo/dip'",927,2,0,1,https://www.threads.com/@shopee_tw/post/DVk0O0_E0bM,Jack！這真是太神奇了,2026年3月7日 星期六 下午3:43,,,33,0,0,0
phebecheng,https://www.threads.com/@phebecheng/post/DVkaAxNEZF3,"
@redjack5123
今日就把您送出",2026年3月7日 星期六 上午11:53,@shopee_tw,,10,2,0,0,https://www.threads.com/@shopee_tw/post/DVka8t_k8op,抱歉了傑克,2026年3月7日 星期六 下午12:02,,,20,0,0,0
elacheln,https://www.threads.com/@elacheln/post/DVkZGqZkYw-,"
Jack已經在打包行李了嗎？為了贏，他犧牲得非常有價值！😂",2026年3月7日 星期六 上午11:46,@shopee_tw,,9,1,0,0,https://www.threads.com/@shopee_tw/post/DVkZotFk5H4,從沒那麼喜歡Jack過,2026年3月7日 星期六 上午11:50,,,24,0,0,0
openbox.truly,https://www.threads.com/@openbox.truly/post/DVkXvZ4CY4m,"
是因為昨天用老闆換沒用嗎🤣",2026年3月7日 星期六 上午11:34,@shopee_tw,,18,1,0,0,https://www.threads.com/@shopee_tw/post/DVkYmYeExAA,老闆留著明天再用一次,2026年3月7日 星期六 上午11:41,,,46,1,0,0
shark._.cat.168,https://www.threads.com/@shark._.cat.168/post/DVkYWlOD_AS,"
對不起Jack但謝謝你",2026年3月7日 星期六 上午11:39,@shopee_tw,,63,1,0,0,https://www.threads.com/@shopee_tw/post/DVkYjnCkw-v,我愛Jack,2026年3月7日 星期六 上午11:41,,,51,0,0,0
jiankaiwei4,https://www.threads.com/@jiankaiwei4/post/DVkYHMIEvDs,"
這次木棉花不見了",2026年3月7日 星期六 上午11:37,@shopee_tw,,86,2,0,2,https://www.threads.com/@shopee_tw/post/DVkYNUWEyE0,他在我旁邊,2026年3月7日 星期六 上午11:38,,,224,2,1,4
s60508552020,https://www.threads.com/@s60508552020/post/DViUzadETeQ,"
那…本身就是老闆要捐什麼😨",2026年3月6日 星期五 下午4:29,@shopee_tw,,4,1,0,0,https://www.threads.com/@shopee_tw/post/DViov0Dk-s1,捐錢,2026年3月6日 星期五 下午7:24,,,10,0,0,0
museacg,https://www.threads.com/@museacg/post/DVgZXc4kYL4,3/27 準時開課,2026年3月5日 星期四 下午10:33,,,1642,33,88,153,https://www.threads.com/@shopee_tw/post/DVinzxJk3WK,,2026年3月6日 星期五 下午7:16,,,0,0,0,0
raccoon_00011,https://www.threads.com/@raccoon_00011/post/DVietpRlJj6,中華隊加油❤️‍🔥棉蝦99❤️‍🔥,2026年3月6日 星期五 下午5:56,,May be pop art of poster and text | May be pop art of poster and text,10000,125,382,641,https://www.threads.com/@shopee_tw/post/DVinC2Dk_sY,,2026年3月6日 星期五 下午7:09,,,0,0,0,0
drhsieh.tw,https://www.threads.com/@drhsieh.tw/post/DViSW9zgW59,"
只好犧牲謝醫師了⋯",2026年3月6日 星期五 下午4:08,@shopee_tw,May be a cartoon of text that says 'R HSIEH 「獻祭老闆換首勝」 員工',146,1,0,0,https://www.threads.com/@shopee_tw/post/DVifBDzE0zn,辛巴,2026年3月6日 星期五 下午5:59,,,45,0,0,0
kinmen_kaoliang_liquor,https://www.threads.com/@kinmen_kaoliang_liquor/post/DViZ9PlgdI4,"
老闆沒這麼值錢",2026年3月6日 星期五 下午5:14,@shopee_tw,,529,5,0,3,https://www.threads.com/@shopee_tw/post/DVie8uKEzRp,老闆有好幾座廠．．．,2026年3月6日 星期五 下午5:58,,,46,1,0,0
22473955y,https://www.threads.com/@22473955y/post/DVh6EISkhxH,"
老闆看到了嗎😎",2026年3月6日 星期五 下午12:36,@shopee_tw,,4,1,0,0,https://www.threads.com/@shopee_tw/post/DViMc6Bk1qM,老闆去東京巨蛋加油了,2026年3月6日 星期五 下午3:16,,,13,0,0,0
lusilu.eth,https://www.threads.com/@lusilu.eth/post/DVh79s6mi89,"
大家都可以捐老闆",2026年3月6日 星期五 下午12:52,@shopee_tw,,110,1,0,0,https://www.threads.com/@shopee_tw/post/DViMYDPE_M5,捐出來,2026年3月6日 星期五 下午3:16,,,58,0,0,0
betty10_09,https://www.threads.com/@betty10_09/post/DVgWtI4kopD,"媽呀！可愛到爆炸～
大謙去埃及市集買蛋蛋燈
老闆開出45美元讓他殺
大謙表示不殺 就原價買
老闆傻眼表情太經典了
每次看大謙影片心情都很好
我大笑🤣🤣🤣🤣",2026年3月5日 星期四 下午10:08,,,88000,852,2207,16000,https://www.threads.com/@shopee_tw/post/DVhyOaxk_BR,希望大謙下次可以來我們這,2026年3月6日 星期五 上午11:27,,,364,1,0,0
weiii1008,https://www.threads.com/@weiii1008/post/DVd9fveEZ-f,,2026年3月4日 星期三 下午11:49,,,0,0,0,0,https://www.threads.com/@shopee_tw/post/DVe-oIQEwfM,"如果你突然打了個噴嚏，
那一定就是我在想你。",2026年3月5日 星期四 上午9:18,,,2520,34,14,37
ronshen94,https://www.threads.com/@ronshen94/post/DVdMNBFCUnl,玩個皮克敏也會收到台南市警察局的罰單= =,2026年3月4日 星期三 下午4:38,,May be a video game screenshot of text that says 'AR 467 台南市政府一專周 台南市政府警察 舉發違反道路交通 管理事件通知單 346 x 262',21000,111,799,5916,https://www.threads.com/@shopee_tw/post/DVeKIdtEyUY,剛剛收到桃園市的 嚇我一跳==,2026年3月5日 星期四 上午1:39,,May be an image of text that says 'Pikmin PikminBloom Bloom 18分鐘前 桃園市政府警察局 桃園市政府警察局舉發違反道路交翅 舉發違反道路交通管理事件 通知單 單正向您求救參加蘑菇挑戰。',1021,2,3,15
raccoon_00011,https://www.threads.com/@raccoon_00011/post/DVd5tJ8E61t,"
我要😳",2026年3月4日 星期三 下午11:16,@shopee_tw,,1761,5,0,7,https://www.threads.com/@shopee_tw/post/DVd53sVk6DQ,卡位老師的圖😳🥺,2026年3月4日 星期三 下午11:17,,,875,0,0,3
kawaii.ip,https://www.threads.com/@kawaii.ip/post/DVd1WcQkqhu,"
我願意用討厭的同事的陽壽換首勝",2026年3月4日 星期三 下午10:38,@shopee_tw,,63,1,0,0,https://www.threads.com/@shopee_tw/post/DVd1nqAE-Io,下一場的文案,2026年3月4日 星期三 下午10:40,,,66,1,0,0
likeyou_999,https://www.threads.com/@likeyou_999/post/DVd0QzUDy3n,"
小編明天會翹班嗎",2026年3月4日 星期三 下午10:28,@shopee_tw,,17,1,0,0,https://www.threads.com/@shopee_tw/post/DVd04_zExFH,考慮中 看老闆有沒有把11點會議取消,2026年3月4日 星期三 下午10:34,,,40,1,0,0
museacg,https://www.threads.com/@museacg/post/DVdzySlkVlW,,2026年3月4日 星期三 下午10:24,@shopee_tw,May be an image of poster and text that says 'ストライワ ก 好耶',5726,15,19,44,https://www.threads.com/@shopee_tw/post/DVd0BztkwyB,,2026年3月4日 星期三 下午10:26,,,576,0,0,0
turrrre44444,https://www.threads.com/@turrrre44444/post/DVaF3wegXiT,女友轉發全是動漫我能買三小啊。,2026年3月3日 星期二 上午11:45,,,20000,460,287,441,https://www.threads.com/@shopee_tw/post/DVdw7w5k4Je,,2026年3月4日 星期三 下午9:59,,,0,0,0,0
museacg,https://www.threads.com/@museacg/post/DVdj9aSEdAH,願我的靈魂與你一同前往夢鄉,2026年3月4日 星期三 下午8:06,,May be an anime-style image of text,4772,29,116,85,https://www.threads.com/@shopee_tw/post/DVdkaBJEyCn,不能去田尾鄉嗎,2026年3月4日 星期三 下午8:10,,,1873,11,3,19
_yc.zz_,https://www.threads.com/@_yc.zz_/post/DVbDEYhE28y,看到蝦皮智取店我是真的繃不住,2026年3月3日 星期二 下午8:40,,May be an image of ticket stub and text,100000,642,4763,16000,https://www.threads.com/@shopee_tw/post/DVbgKdOE9X2,,2026年3月4日 星期三 上午12:54,,,0,0,0,0
mercury_911218,https://www.threads.com/@mercury_911218/post/DVYs9vHEvWO,塗鴉個天生一對u///u,2026年3月2日 星期一 下午10:48,,"May be pop art of text that says '木韓花 museacg 25 25/1/29 木棉花蝦皮商城 木棉花蝦皮商城買得好安心 買得好安心 1,00703339 a3 1,007 G3 D9 好ご周号 shopee_tw shopee_tw@2501/29 25/1/29 你的花語是木棉花 我的花語是給你花 我們簡直天生一對 1,788Q16G50 A 1,788 16 G50 天一對！ 棉蝦 99! MUSE そ 갸온지~ IG=mercury Igrmercury-animnate animate' | May be a Twitter screenshot of duffle coat and text that says 'museacg museacg25/1/29 25/1/29 MUSE 木棉花 木棉花蝦皮商城 木棉花蝦皮商城買得好安心 買得好安心 G3 全口時者 1,007 3 9 S 蝦皮購物 shopee_tw 25/1/29 你的花語是木棉花 我的花語是給你花 我們簡直天生一對 1,788 O16 16 G50 50 122' | May be an illustration of text",4383,7,77,64,https://www.threads.com/@shopee_tw/post/DVa07UfExI7,,2026年3月3日 星期二 下午6:36,,,2367,1,4,3
pong_ji10,https://www.threads.com/@pong_ji10/post/DVZyQNIkxz8,大家早 我三個月,2026年3月3日 星期二 上午8:54,,May be an image of golden retriever and text,98000,1438,3985,7241,https://www.threads.com/@shopee_tw/post/DVa0m_SExqN,你好 我120個月,2026年3月3日 星期二 下午6:33,,May be an image of toy and text,3092,8,11,36
melo7.rs6,https://www.threads.com/@melo7.rs6/post/DVYWo3iCSOs,我們民雄的蝦皮店到店不知道是不是請豬二哥蓋的？,2026年3月2日 星期一 下午7:33,,"May be an image of night and text | May be an image of service vehicle, generator, cash machine and text",30000,694,804,18000,https://www.threads.com/@shopee_tw/post/DVayv2JEylM,蝦皮店到棚,2026年3月3日 星期二 下午6:17,,,3086,7,5,83
museacg,https://www.threads.com/@museacg/post/DVaf3pWkWUK,"
不管怎麼樣，肯定是",2026年3月3日 星期二 下午3:32,@sid_and_daydream,May be an illustration of text that says '入0 去開房間了',7347,27,39,99,https://www.threads.com/@shopee_tw/post/DVatZ6REyFh,@shopee_tw,2026年3月3日 星期二 下午5:30,,,947,5,1,12
rkos_orton,https://www.threads.com/@rkos_orton/post/DVVPbRIGTAh,一定要我變成這樣你才要在意我嗎⋯？,2026年3月1日 星期日 下午2:32,,May be an image of dental floss and text,270000,5323,12000,100000,https://www.threads.com/@shopee_tw/post/DVVwbA-k2ZA,,2026年3月1日 星期日 下午7:21,,"May be a black-and-white image of calendar, office and text",5313,42,41,253
pmoonb,https://www.threads.com/@pmoonb/post/DVLm4ToEq2T,翻譯：櫃子不夠用了,2026年2月25日 星期三 下午8:45,,"May be an image of text that says '+886 886911-511-141 1分鐘前 蝦皮： 蝦皮:用驗證碼327017 用驗證碼 327017於26-03-03 暢皮.用驗證碼327017於26-03-03 327017 26-03-03 前至淡水自強 水自强智取店取件 智取店取件 TW262665900500C（1天内取件就有 TW262665900500C （1天内取件就有 機會抽中 機會抽中8，888蝦幣！ 8,888 蝦幣！'",29000,85,76,115,https://www.threads.com/@shopee_tw/post/DVNxuaskwWq,快去取貨,2026年2月26日 星期四 下午4:58,,,11000,13,13,47
museacg,https://www.threads.com/@museacg/post/DVIMPXMEZPg,"莉可麗絲展只到3/1
天氣好好🌞要不要一起去走走～？",2026年2月24日 星期二 下午12:54,,,4781,81,36,162,https://www.threads.com/@shopee_tw/post/DVI0BK5E6GR,這週日應該可以,2026年2月24日 星期二 下午6:42,,,4260,35,21,70
hypotato_chips,https://www.threads.com/@hypotato_chips/post/DVGXwZzD-al,追蹤hypotato_chips 原作者說讚更多正在回覆@shopee_tw蚵仔煎洋芋片讚189 轉發2,2026年2月23日 星期一 下午7:57,,"May be a cartoon of text that says 'អត PartyWalk Party Walk 蝦皮皮皮官方 一起散步！ 蝦皮免運 27日13小時後結束 上次更新 27日13小時後結束上次更斯：07 07:45 07：45下午 下午 顯示邀請連結 邀請好友 所有人的合計步數 從02月23日開始 111 111,44 446 今天步行 553步！ 553 今天步行553步！ 步！ X 0名玩家一起散步！'",,,,,https://www.threads.com/@shopee_tw/post/DVGYQSXkxkj,1108 9591 7767讚146回覆1轉發1分享27,2026年2月23日 星期一 下午8:01,,,,,,
wwwmg_99,https://www.threads.com/@wwwmg_99/post/DVEfGTtkl_2,"所以我要畫出乃讚8,637回覆30轉發293分享457",2026年2月23日 星期一 上午2:22,,"May be an illustration of text that says '吸良木檸花！ S 养克证 shopee_t tw 蝦皮木棉花 1/2 3.3萬 541 賀一 這是官直嗎？ POYA Beauty BOSLY poyabeauty 寶這是官宣嗎？ ? 1萬 22 4 S 帆重版 shopee_tw' | May be an illustration of text that says '真是的一 MUSE 木棉 museacg museacg7小時 小時 真是的' | May be a doodle of text that says 'S 郵皮胖 shopee_tw shopee_tw13小時 tw 13小時 蝦皮木棉花 3.3萬 541 703 POYA* Beauty 1,458 poyabeauty12小時 12小時 poyabeauty 寶 寶這是官宣嗎？ 1萬 1萬 O22 22 G21 130 shopee_tw 蝦皮脚 + 11小時 4 3,335 2 G11 27 最相關 MUSE 木棉 查看動態 museacg museacg7小時 7小時 真是的 380 10'",,,,,https://www.threads.com/@shopee_tw/post/DVGXTLaE3TD,"追蹤shopee_tw已驗證 更多喜歡讚1,855 轉發10",2026年2月23日 星期一 下午7:53,,,,,,
museacg,https://www.threads.com/@museacg/post/DVEKCr9Ab92,追蹤museacg進擊的巨人 更多早點睡 讚1.0 萬回覆89 分享237,2026年2月22日 星期日 下午11:18,,May be a meme of text that says '明天該上班上班 該上課上課，早點 課，早點睡 早點睡 快去睡',,,,,https://www.threads.com/@shopee_tw/post/DVEMb5uk9Rc,"追蹤shopee_tw已驗證 原作者說讚更多好的，晚安讚7,598 轉發20",2026年2月22日 星期日 下午11:39,,,,,,
poyabeauty,https://www.threads.com/@poyabeauty/post/DVDJTYpEt8r,追蹤poyabeauty已驗證 原作者說讚更多正在回覆@shopee_tw寶 這是官宣嗎？讚1.6 萬回覆25 分享197,2026年2月22日 星期日 下午1:52,,,,,,,https://www.threads.com/@shopee_tw/post/DVDTY4Zk6-3,追蹤shopee_tw已驗證 原作者說讚更多4 回覆1 分享34,2026年2月22日 星期日 下午3:21,,,,,,
alisha._haaa,https://www.threads.com/@alisha._haaa/post/DVDH3vAAWS0,"追蹤alisha._haaa 原作者說讚更多正在回覆@shopee_tw今年木棉花紅包包多少給你 蝦皮寶讚1,548 轉發2",2026年2月22日 星期日 下午1:40,,,,,,,https://www.threads.com/@shopee_tw/post/DVDIQ1JE8Z-,追蹤shopee_tw已驗證 原作者說讚更多99 回覆2 分享6,2026年2月22日 星期日 下午1:43,,,,,,
02.ttyun,https://www.threads.com/@02.ttyun/post/DU9xrNrEzWN,"大家一起喊棉蝦99
蝦皮 @02.ttyun
木棉花 @chipx2_
繪師 @raccoon_00011 1/2讚1.8 萬回覆132轉發739分享1,316",2026年2月20日 星期五 上午11:50,,"May be an anime-style image of one or more people, hair, costume and text that says '* W tv S shopee_tw shopee_tw tw BLAN + +貼心提醒： + 貼心提醒 下禮拜的 下禮拜的今天你在上班上課 ? MUSE 木桃花 MUSEmuseacg museacg そ 說得好像你現在不用上班一樣 S 氣応 - shopee_tw shopee_two _tw in 第 第一次看到木棉花這麽派' | May be an illustration of ‎text that says '‎کيم + W S shopee_tw shopee_tw ? 貼心提醒： 下禮拜的今天你在上 上班 上課 MUSE 木棕花 museacg museacg 养格化 S 水 ル 蝦皮購 說得好像你現在不用上班一樣 S 初吃眼部 shopee_tw የባ 第一次看到木棉花這麽派‎'‎",,,,,https://www.threads.com/@shopee_tw/post/DU-NhXfkz9U,"追蹤shopee_tw已驗證 原作者說讚更多非常喜歡讚7,666 轉發26",2026年2月20日 星期五 下午3:53,,,,,,
museacg,https://www.threads.com/@museacg/post/DU8khYcAfuy,追蹤museacg 更多突然發現年假快過完了...🥲 讚2.7 萬回覆324 分享327,2026年2月20日 星期五 上午12:36,,,,,,,https://www.threads.com/@shopee_tw/post/DU-D1h7E-FN,"追蹤shopee_tw已驗證 更多開工就能看到你了…😳讚7,286 轉發45",2026年2月20日 星期五 下午2:29,,,,,,
museacg,https://www.threads.com/@museacg/post/DU-CfCUEZz_,"追蹤museacg 更多木棉花蝦皮 讚4.7 萬回覆641 分享1,156",2026年2月20日 星期五 下午2:17,,,,,,,https://www.threads.com/@shopee_tw/post/DU-Dx4Hk-NQ,追蹤shopee_tw已驗證 原作者說讚更多支持一下讚1.4 萬回覆28 分享48,2026年2月20日 星期五 下午2:28,,,,,,
museacg,https://www.threads.com/@museacg/post/DVILHxwEYpz,我愛大家,2026年2月24日 星期二 下午12:45,,,20000,365,193,443,https://www.threads.com/@shopee_tw/post/DVIZyaGE0lN,大家是指我嗎,2026年2月24日 星期二 下午2:53,,,5038,55,61,90
he01682298,https://www.threads.com/@he01682298/post/DVFm4WbEu1s,這麼大隻的蝦子在馬路上跑！！,2026年2月23日 星期一 下午12:50,,,130000,1130,4728,23000,https://www.threads.com/@shopee_tw/post/DVGykkHE_Ej,,2026年2月23日 星期一 下午11:51,,,0,0,0,0
ilee0223,https://www.threads.com/@ilee0223/post/DVETVj7E3s1,換我生日了！我不要四個字的，可以給我那六個字嗎,2026年2月23日 星期一 上午12:39,,,4565,769,5,41,https://www.threads.com/@shopee_tw/post/DVGuPjok0fq,蝦皮全站免運,2026年2月23日 星期一 下午11:13,,,1037,8,2,6
pikman_go,https://www.threads.com/@pikman_go/post/DVGjg92EbrR,"
一起走路可以領蝦幣嗎？",2026年2月23日 星期一 下午9:39,@shopee_tw,May be a cartoon of text that says 'நம்வனர் Party PartyWalk Walk 蝦皮皮皮官方 一起散步！ 蝦皮免運',26,1,0,0,https://www.threads.com/@shopee_tw/post/DVGmWxEk-Fk,建議把這篇文右上角的鈴鐺打開,2026年2月23日 星期一 下午10:04,,,48,1,0,0
_223.00,https://www.threads.com/@_223.00/post/DVGdYNiEopW,"
強迫散步",2026年2月23日 星期一 下午8:46,@shopee_tw,May be an image of text,26,1,0,11,https://www.threads.com/@shopee_tw/post/DVGhEBOE6Eh,海巡到自己的對話框,2026年2月23日 星期一 下午9:18,,,64,0,0,0
willy1004_ok,https://www.threads.com/@willy1004_ok/post/DU7Rm_NkYvn,阿公！！新年快樂,2026年2月19日 星期四 下午12:31,,May be an image of hallway and text,72000,857,1842,21000,https://www.threads.com/@shopee_tw/post/DU79TUDE6Py,,2026年2月19日 星期四 下午6:53,,,0,0,0,0
museacg,https://www.threads.com/@museacg/post/DU68IkOgQa0,"
桌子不會垮嗎？",2026年2月19日 星期四 上午9:23,@shopee_tw,,18000,52,59,150,https://www.threads.com/@shopee_tw/post/DU7l70IE6lx,垮下來你會接住的,2026年2月19日 星期四 下午3:29,,,4649,20,41,96
sports_bc_,https://www.threads.com/@sports_bc_/post/DU4nI_cEpnO,新年快樂,2026年2月18日 星期三 上午11:42,,,0,0,0,0,https://www.threads.com/@shopee_tw/post/DU7lvIDk_ND,竟然海巡到自己上榜了,2026年2月19日 星期四 下午3:27,,,1250,12,2,2
museacg,https://www.threads.com/@museacg/post/DU50eYnARsb,"枝枒會開出許多花朵，每個人都可以用自己的角度去欣賞、去詮釋。
也想溫柔地提醒一下，社群上的互動並非代表特定的哪位小編。
請避免截圖或使用個別小編的照片，感謝理解與配合！ 1/2讚5.6 萬回覆455轉發841分享860",2026年2月18日 星期三 下午10:57,,,,,,,https://www.threads.com/@shopee_tw/post/DU531D2E3_h,追蹤shopee_tw已驗證 原作者說讚更多希望大家在交流之餘，也能與我們一起守護每位夥伴的個人隱私，謝謝你們的體諒與配合～讚2.4 萬回覆45 分享80,2026年2月18日 星期三 下午11:27,,,,,,
wenwe0106,https://www.threads.com/@wenwe0106/post/DU4xdepEm5W,"@museacg 1/2讚3.9 萬回覆606轉發589分享3,323",2026年2月18日 星期三 下午1:12,,May be a Twitter screenshot,,,,,https://www.threads.com/@shopee_tw/post/DU5TyUbE-8Z,已驗證 已編輯原作者說讚更多,2026年2月18日 星期三 下午6:12,,,0,0,0,0
raccoon_00011,https://www.threads.com/@raccoon_00011/post/DU4UEFgkwIp,"追蹤raccoon_00011棉蝦99 更多昨天想了很久還是覺得蝦皮是會說出這種話的… 讚3.9 萬回覆314 分享3,999",2026年2月18日 星期三 上午8:55,,May be pop art | May be an illustration,,,,,https://www.threads.com/@shopee_tw/post/DU5CclsExgx,追蹤shopee_tw已驗證 原作者說讚更多蝦皮免運讚1 萬回覆16 分享57,2026年2月18日 星期三 下午3:40,,,,,,
hoshikawa_yuuji,https://www.threads.com/@hoshikawa_yuuji/post/DU3MBS4k4hd,"本人支持木棉花1蝦皮0
因為蝦皮裡有木棉花
但木棉花裡沒有蝦皮
棉蝦99 1/2讚1 萬回覆158轉發420分享1,314",2026年2月17日 星期二 下午10:25,,,,,,,https://www.threads.com/@shopee_tw/post/DU4jvcqkx-u,"追蹤shopee_tw已驗證 原作者說讚更多支持一下讚8,499 轉發36",2026年2月18日 星期三 上午11:12,,May be a graphic,,,,
marg._.12.12,https://www.threads.com/@marg._.12.12/post/DU2l8ykE8UX,"每一個公司的小編都很好笑
尤其是那個蝦皮讚8,642回覆76轉發46分享33",2026年2月17日 星期二 下午4:53,,,,,,,https://www.threads.com/@shopee_tw/post/DU3Y4lcEwgr,已驗證 已編輯原作者說讚更多,2026年2月18日 星期三 上午12:18,,,0,0,0,0
museacg,https://www.threads.com/@museacg/post/DU3KKN2kQtq,"追蹤museacg 更多正在回覆@maymay1103lai真的嗎讚8,989 轉發65",2026年2月17日 星期二 下午10:09,,,,,,,https://www.threads.com/@shopee_tw/post/DU3WSrSk1u-,"追蹤shopee_tw已驗證 更多明天要不要去美麗華摩天輪讚5,446 轉發41",2026年2月17日 星期二 下午11:55,,,,,,
reader_0928,https://www.threads.com/@reader_0928/post/DU3FzsxEssZ,"「還在工作啊？業績怎麼樣？」他拿著手裡的鈔票甩了甩。
木棉花瞥了他一眼。
「不是說好大過年的不吵架？」他抽走蝦皮手裡的鈔票，從自己的錢包裡拿了幾張，一同放回他手裡。
「幹什麼？你不會想包養我吧？」他雙手叉腰，剛準備罵回去，一隻手拍在他頭上，打斷了接下來的話。
「想什麼呢。新年快樂，寶貝。」 1/2讚8,793回覆172轉發331分享1,282",2026年2月17日 星期二 下午9:31,,,,,,,https://www.threads.com/@shopee_tw/post/DU3TNsIEz0U,"追蹤shopee_tw已驗證 原作者說讚更多「卡位等連載。」讚8,620 轉發41",2026年2月17日 星期二 下午11:28,,May be an image of toy and beanbag chair,,,,
gtu._.0410,https://www.threads.com/@gtu._.0410/post/DU3Gb88kS7j,"現在脆紅的：國民情侶停帳❌️
事實上的脆紅的：蝦棉cp✔️",2026年2月17日 星期二 下午9:37,,,24000,110,475,387,https://www.threads.com/@shopee_tw/post/DU3Sr9PE34q,不可能贏國民情侶吧,2026年2月17日 星期二 下午11:24,,,13000,34,41,33
zoe103.07.23,https://www.threads.com/@zoe103.07.23/post/DU2_K2VkdFq,"現在的脆
由良由良❌
抱怨開學❌
磕蝦皮跟木棉花cp✅",2026年2月17日 星期二 下午8:33,,,18000,62,287,576,https://www.threads.com/@shopee_tw/post/DU3Slqlk9_i,沒想到我們上榜了,2026年2月17日 星期二 下午11:23,,,10000,17,14,18
museacg,https://www.threads.com/@museacg/post/DU0yAW9AZhm,寶貝新年快樂🥰,2026年2月17日 星期二 上午12:00,,,62000,778,871,3185,https://www.threads.com/@shopee_tw/post/DU29ChNk2hv,寶貝㊗️你新年快樂,2026年2月17日 星期二 下午8:14,,,49000,130,357,1335
magic_pill_1,https://www.threads.com/@magic_pill_1/post/DU2D0MDk4JL,冷知識蝦皮跟傳說同公司,2026年2月17日 星期二 上午11:54,,,35000,312,432,2012,https://www.threads.com/@shopee_tw/post/DU2822ZE6rE,真的假的啊,2026年2月17日 星期二 下午8:13,,,10000,18,13,58
raccoon_00011,https://www.threads.com/@raccoon_00011/post/DU20IfRk-Vm,"大家都來嗑這對❤️‍🔥❤️‍🔥
棉蝦99😳😳😳",2026年2月17日 星期二 下午6:57,,May be pop art | May be a Twitter screenshot of radar and timer,50000,738,3211,8623,https://www.threads.com/@shopee_tw/post/DU28t-jE_Tt,"@museacg
我們的第一張合照",2026年2月17日 星期二 下午8:12,,,20000,71,101,367
raccoon_00011,https://www.threads.com/@raccoon_00011/post/DU2yELdk7GW,"
棉蝦99",2026年2月17日 星期二 下午6:39,@88jane1010808,May be pop art,13000,69,376,1156,https://www.threads.com/@shopee_tw/post/DU28MBFk79K,我喜歡這個,2026年2月17日 星期二 下午8:07,,,2468,4,10,12
88jane1010808,https://www.threads.com/@88jane1010808/post/DU2Vja7EyZq,只有我覺得莫名有種cp感嗎（我會不會被公幹,2026年2月17日 星期二 下午2:29,,May be a Twitter screenshot of top | May be a Twitter screenshot of text that says 'S shopee_tw tw 戦皮曬+ 報皮暖 + 現在02 48還在海巡上班 +現在02：48還在海巡上班 班 G MUSE museacg 木棉花07:20起床了沒 07 MUSE 木棉花 20起床了沒 S BN',42000,576,1015,3891,https://www.threads.com/@shopee_tw/post/DU2pXp5k1zS,,2026年2月17日 星期二 下午5:23,,,0,0,0,0
linky__0402,https://www.threads.com/@linky__0402/post/DU2JXcnmL1q,"這對也好好嗑
劇透",2026年2月17日 星期二 下午12:43,,May be a Twitter screenshot of text that says 'S 蝦皮購物 shopee_tw2小時・作者 2小時 shopee_tw 作者 搶到我的工作了 55 1 1 MUSE 木棉花 museacg museacg42分鐘 42分鐘 還不是爲了讓你好好休息 16 G1',58000,514,1110,4089,https://www.threads.com/@shopee_tw/post/DU2pVTUE0bn,結婚的日子確定後會再通知大家,2026年2月17日 星期二 下午5:22,,,60000,175,511,1527
ohhmonkey,https://www.threads.com/@ohhmonkey/post/DU05dSZkwAG,"木棉花超嗆
傷敵一百自傷也一百",2026年2月17日 星期二 上午1:05,,May be a Twitter screenshot of slow loris,53000,167,742,3128,https://www.threads.com/@shopee_tw/post/DU2SCIKk-pt,,2026年2月17日 星期二 下午1:59,,,0,0,0,0
museacg,https://www.threads.com/@museacg/post/DU1kXB5k9hi,"
07：20起床了沒",2026年2月17日 星期二 上午7:20,@shopee_tw,,3386,5,5,19,https://www.threads.com/@shopee_tw/post/DU17n_4k_8B,10：46起床🫩你這麼早起來上班的嗎,2026年2月17日 星期二 上午10:43,,,1778,1,3,9
museacg,https://www.threads.com/@museacg/post/DU1jf1CE1SK,"
一覺醒來怎麼留言就爆了👀 眾多週邊商品就在木棉花蝦皮
tw.shp.ee
MUSE木棉花, 品牌官方線上商城 | 蝦皮購物",2026年2月17日 星期二 上午7:12,@shopee_tw,"MUSE木棉花, 品牌官方線上商城 | 蝦皮購物",3401,5,3,26,https://www.threads.com/@shopee_tw/post/DU17kJokxPV,搶到我的工作了,2026年2月17日 星期二 上午10:42,,,1551,1,4,11
museacg,https://www.threads.com/@museacg/post/DU0ygtxgeuc,"
說得好像你現在不用上班一樣",2026年2月17日 星期二 上午12:04,@shopee_tw,,100000,251,856,2892,https://www.threads.com/@shopee_tw/post/DU1GIRDk6d0,第一次看到木棉花這麼派,2026年2月17日 星期二 上午2:55,,,7944,8,16,76
hypotato_chips,https://www.threads.com/@hypotato_chips/post/DU0iiJ0j8nj,"
蚵仔煎洋芋片",2026年2月16日 星期一 下午9:44,@shopee_tw,May be a meme,641,4,3,3,https://www.threads.com/@shopee_tw/post/DU0jupDk2UH,野菜園跟玉黍叔呢,2026年2月16日 星期一 下午9:55,,,348,2,0,0
irisiri1250,https://www.threads.com/@irisiri1250/post/DUvAPffEnZM,"有必要連拿個包裹都提醒我嗎？
罒ω罒",2026年2月14日 星期六 下午6:09,,May be an image of battery,7787,91,20,35,https://www.threads.com/@shopee_tw/post/DUxy0A-E8_O,對不起,2026年2月15日 星期日 下午8:09,,,1410,3,2,3
fuji__meow,https://www.threads.com/@fuji__meow/post/DUr93hEEk3j,皮克福與皮克吉,2026年2月13日 星期五 下午1:50,,"May be an image of Abyssinian cat, tortoiseshell cat and kitten",25000,116,1286,5321,https://www.threads.com/@shopee_tw/post/DUxyv6yE30-,蝦皮克敏,2026年2月15日 星期日 下午8:08,,No photo description available.,1396,4,13,96
1225_tank,https://www.threads.com/@1225_tank/post/DUuRW5gkufM,追蹤1225_tank 原作者說讚更多正在回覆@shopee_tw不揪 翻譯讚11 轉發分享,2026年2月14日 星期六 上午11:19,,,,,,,https://www.threads.com/@shopee_tw/post/DUuSt7fkzzm,追蹤shopee_tw已驗證 原作者說讚更多揪了你又不來讚47 轉發分享9,2026年2月14日 星期六 上午11:31,,No photo description available.,,,,
luiy_65,https://www.threads.com/@luiy_65/post/DUqmysQk6Xs,"追蹤luiy_65 更多嘻嘻嘻嘻嘻嘻 我有女朋友了 跟我說那四個字 讚1.9 萬回覆4,962 分享991",2026年2月13日 星期五 上午1:09,,,,,,,https://www.threads.com/@shopee_tw/post/DUs1b2aE9WO,"追蹤shopee_tw已驗證 更多蝦皮免運讚9,105 轉發45",2026年2月13日 星期五 下午9:56,,,,,,
yeu_ub.illus,https://www.threads.com/@yeu_ub.illus/post/DUqWV-dk1Lo,追蹤yeu_ub.illus 原作者說讚更多正在回覆@shopee_tw吃到肚子裡才是自己的！讚463 轉發1,2026年2月12日 星期四 下午10:45,,May be a cartoon of toy,,,,,https://www.threads.com/@shopee_tw/post/DUqYme1E7fm,追蹤shopee_tw已驗證 原作者說讚更多你好可愛 我追蹤你了讚211 轉發1分享,2026年2月12日 星期四 下午11:05,,,,,,
yirou_0115,https://www.threads.com/@yirou_0115/post/DUksuRgk1g7,"追蹤yirou_0115 更多還沒想好要怎麼擺設 台灣人給點主意 讚4.1 萬回覆2,365 分享4,877",2026年2月10日 星期二 下午6:06,,No photo description available.,,,,,https://www.threads.com/@shopee_tw/post/DUpK7V6k85G,已驗證 已編輯更多,2026年2月12日 星期四 上午11:46,,,0,0,0,0
kixxzzzz0,https://www.threads.com/@kixxzzzz0/post/DUhacsekr3q,"追蹤kixxzzzz0 更多現在才知道領貨單旁邊有笑話。。讚4.5 萬回覆134 分享6,114",2026年2月9日 星期一 上午11:28,,May be an image of thermostat,,,,,https://www.threads.com/@shopee_tw/post/DUiXCncEwam,追蹤shopee_tw已驗證 更多海巡到自己的爛笑話。。讚2.6 萬回覆15 分享91,2026年2月9日 星期一 下午8:18,,,,,,
mihua_qaq555,https://www.threads.com/@mihua_qaq555/post/DUaTn5REvcu,已編輯更多,2026年2月6日 星期五 下午5:14,,,0,0,0,0,https://www.threads.com/@shopee_tw/post/DUa5Hlik9TX,追蹤shopee_tw已驗證 原作者說讚更多我在這邊留一個言讚273 轉發分享1,2026年2月6日 星期五 下午10:41,,,,,,
jay.wu07,https://www.threads.com/@jay.wu07/post/DUYA8cPkkJE,"我先🙋🏻
領到年終後買了新機車
終於可以和我媽的菜籃車說再見😭讚8.8 萬回覆1,724轉發1,346分享1.9 萬",2026年2月5日 星期四 下午7:52,,"May be an image of scooter | May be an image of motorcycle, scooter and helmet",,,,,https://www.threads.com/@shopee_tw/post/DUaf9LhE8SE,"追蹤shopee_tw已驗證 更多第一次看到有人在蝦皮買車讚7.4 萬回覆150 分享1,574",2026年2月6日 星期五 下午7:02,,,,,,
2004mnnn,https://www.threads.com/@2004mnnn/post/DUV8kWNkoLq,"希望你們永遠都不要知道這是什麼⋯⋯ 1/2讚2.2 萬回覆985轉發926分享6,116",2026年2月5日 星期四 上午12:35,,"May be an image of one or more people, fingernails and skull",,,,,https://www.threads.com/@shopee_tw/post/DUYgVwUkxby,"追蹤shopee_tw已驗證 原作者說讚更多讚1,790 轉發9",2026年2月6日 星期五 上午12:26,,May be an image of juice and water bottle,,,,
koyorixx,https://www.threads.com/@koyorixx/post/DUVHCY5j5-H,"好不容易把裡面的東西都清出來了
你們覺得房間要怎麼佈置？ 1/2劇透劇透劇透讚1.7 萬回覆920轉發281分享2,278",2026年2月4日 星期三 下午4:48,,May be an image of christmas tree | May be an image of carpet and indoors | May be an image of window,,,,,https://www.threads.com/@shopee_tw/post/DUXHJxuk7AU,已驗證 已編輯原作者說讚更多,2026年2月5日 星期四 上午11:27,,,0,0,0,0
page.yunz,https://www.threads.com/@page.yunz/post/DUvTUKwgRkI,"明天要去南投玩，已經決定要去：
1.日月潭
2.溪頭
3.清境農場
4.合歡山
了，大家還有什麼推薦的景點嗎",2026年2月14日 星期六 下午8:55,,,0,706,0,0,https://www.threads.com/@shopee_tw/post/DUxyIeeE1lG,南投店到店,2026年2月15日 星期日 下午8:03,,,1284,6,1,18
bakugo._.1009,https://www.threads.com/@bakugo._.1009/post/DUvMBf4Ex3x,"
好小眾的尾牙主題",2026年2月14日 星期六 下午7:51,@shopee_tw,,33,1,0,0,https://www.threads.com/@shopee_tw/post/DUvM2GKE6FP,其實主題是橘色，硬玩成皮克敏😂,2026年2月14日 星期六 下午7:59,,,77,1,0,0
imani_wang,https://www.threads.com/@imani_wang/post/DUukJh3j8mm,"
可以巧遇你嗎？",2026年2月14日 星期六 下午2:03,@shopee_tw,,12,1,0,1,https://www.threads.com/@shopee_tw/post/DUuvJP0EyvI,可以,2026年2月14日 星期六 下午3:39,,,33,0,0,0
caijun_1207,https://www.threads.com/@caijun_1207/post/DUukk1dk-KP,"
小編入侵我的走路party 了嗎🤣",2026年2月14日 星期六 下午2:07,@shopee_tw,No photo description available.,32,1,0,1,https://www.threads.com/@shopee_tw/post/DUuum_iEzg2,原來本人在這！！,2026年2月14日 星期六 下午3:34,,,39,1,0,0
no_pen,https://www.threads.com/@no_pen/post/DUuSEwzAfgx,"
好怪 再看一眼",2026年2月14日 星期六 上午11:25,@shopee_tw,,353,1,0,0,https://www.threads.com/@shopee_tw/post/DUuugzWk36_,太怪了 罰你看一百遍,2026年2月14日 星期六 下午3:34,,,123,0,0,0
ryanxious_0319,https://www.threads.com/@ryanxious_0319/post/DUVVNP6ibAQ,"
連蝦編都跟上的西田土下座",2026年2月4日 星期三 下午6:51,@shopee_tw,No photo description available.,457,1,0,2,https://www.threads.com/@shopee_tw/post/DUVxGa6E1Og,,2026年2月4日 星期三 下午10:55,,May be an image of beanbag chair,136,0,1,0
npm_south,https://www.threads.com/@npm_south/post/DUVeQjIidLL,"
我道歉",2026年2月4日 星期三 下午8:11,@shopee_tw,No photo description available.,594,4,0,2,https://www.threads.com/@shopee_tw/post/DUVfX16E8cY,這是免費可以看的嗎,2026年2月4日 星期三 下午8:20,,,218,1,0,0
nen2roastpork,https://www.threads.com/@nen2roastpork/post/DUQMGdKktH3,"
第一次看自己跟自己吵架的",2026年2月2日 星期一 下午6:56,@shopee_tw,,546,1,0,3,https://www.threads.com/@shopee_tw/post/DUQPsPBE704,雙重人格,2026年2月2日 星期一 下午7:27,,,910,3,0,4
w_weiii0803,https://www.threads.com/@w_weiii0803/post/DUPtIl3krkB,其實蠻有禮貌的 是您不是你 被溫暖到了,2026年2月2日 星期一 下午2:25,,No photo description available.,38000,154,639,2482,https://www.threads.com/@shopee_tw/post/DUQI_qVk_IG,"@shopee_tw
出來解釋",2026年2月2日 星期一 下午6:29,,,23000,33,64,179
scd_0429,https://www.threads.com/@scd_0429/post/DUMw4eBEnTI,是在登愣三小,2026年2月1日 星期日 上午11:00,,No photo description available.,23000,96,204,469,https://www.threads.com/@shopee_tw/post/DUNgv80k3L0,"@shopee_tw
？",2026年2月1日 星期日 下午5:58,,,13000,19,18,116
linray.chang,https://www.threads.com/@linray.chang/post/DUK-JsfAoSV,"這家蝦皮店的時空似乎不太穩定。
不過我還是冒著穿越的風險把包裹搶救出來了！",2026年1月31日 星期六 下午6:18,,,46000,391,675,2764,https://www.threads.com/@shopee_tw/post/DUNgrK7ExCT,蝦皮顛倒店,2026年2月1日 星期日 下午5:58,,,1450,2,6,25
zhiicute,https://www.threads.com/@zhiicute/post/DUFlJS7E3ei,"這啥破app啊 裡面的東西都要錢 真是服了
劇透",2026年1月29日 星期四 下午4:03,,No photo description available.,39000,200,1075,2279,https://www.threads.com/@shopee_tw/post/DUGRbsnkyBm,,2026年1月29日 星期四 下午10:30,,,0,0,0,0
rnn9063t,https://www.threads.com/@rnn9063t/post/DUChKrRkfVX,命運的安排,2026年1月28日 星期三 上午11:30,,,0,0,0,0,https://www.threads.com/@shopee_tw/post/DUC5Nblk5FZ,這篇文章在隱喻作者懷才不遇 屢遭貶官的抑鬱心情,2026年1月28日 星期三 下午3:00,,,7677,28,24,50
hsu.cheng.3,https://www.threads.com/@hsu.cheng.3/post/DUCvw6-kSdf,"
到底在哪裡才可以遇見你 ～～",2026年1月28日 星期三 下午1:38,@shopee_tw,,4,1,0,0,https://www.threads.com/@shopee_tw/post/DUCxwDLE5O9,下次有出席活動會提前通知大家的🥹,2026年1月28日 星期三 下午1:55,,,19,0,0,0
dragonnnigga,https://www.threads.com/@dragonnnigga/post/DUClgMLAT4Q,"
為什麼你出站不用刷卡
因為今天有免運嗎",2026年1月28日 星期三 下午12:08,@shopee_tw,,67,1,0,1,https://www.threads.com/@shopee_tw/post/DUCmbubkwq-,,2026年1月28日 星期三 下午12:16,,,0,0,0,0
yankrays,https://www.threads.com/@yankrays/post/DUCgto9CTWK,"
姐姐您好，我們可以晚上約家訪嗎？
￼我們今天晚上就可以完成報名了！
我可以替兩位爭吵中的姊弟完成報名！
￼明天是115-2報名的最後一天，￼我們還來得及！！ ￼
我今天晚上可以不用睡覺，來回答你們的問題
￼￼我可以安排兩位姐姐弟弟在不同船或是不同艦隊
￼如果真的很不想看到弟弟，￼也可以選擇一南一北的單位￼
真的不想在本島看到他
其實我們最近有一個美女招募員采青在東引，￼您也可以￼過去挑戰那邊的蝦皮機台
我相信姐姐是超過150公分的高人，我印象中蝦皮的機台太高了，是蝦小編
@shopee_tw
的問題，￼我去私訊他跟他反應！
我是海軍的招募人員黃振軒士官長
line: yankrays
我的服務範疇包含夫妻不想見到面、姊弟不想見到面，￼我們都可以幫忙！！",2026年1月28日 星期三 上午11:26,@luyu_1119,,1686,20,12,25,https://www.threads.com/@shopee_tw/post/DUClTCkE3wa,,2026年1月28日 星期三 下午12:06,,,181,4,0,2
kinmen_kaoliang_liquor,https://www.threads.com/@kinmen_kaoliang_liquor/post/DUA4WL0AWNn,"
所以臉上是強顏歡笑嗎？",2026年1月27日 星期二 下午8:14,@shopee_tw,,84,1,0,0,https://www.threads.com/@shopee_tw/post/DUA8FfTkzmA,,2026年1月27日 星期二 下午8:47,,No photo description available.,82,0,1,0
solviiiiz,https://www.threads.com/@solviiiiz/post/DT-QrGAkfGM,"拜託一下主管
1. 不要打擾正在休假的員工
2. 不要半夜群組@all
我死你媽😍",2026年1月26日 星期一 下午7:49,,,6407,71,177,391,https://www.threads.com/@shopee_tw/post/DUAtWkhE932,超煩 直接踢出去,2026年1月27日 星期二 下午6:38,,No photo description available.,2257,14,4,30
joannelin__,https://www.threads.com/@joannelin__/post/DUAifmuFKmE,可以跟我說那四個字嗎？,2026年1月27日 星期二 下午5:03,,No photo description available.,20000,1460,70,502,https://www.threads.com/@shopee_tw/post/DUApmJyEy5e,全站免運,2026年1月27日 星期二 下午6:06,,,3121,4,0,14
heqing_carton,https://www.threads.com/@heqing_carton/post/DT_vc3hAa_C,"早上去蝦皮取貨
然後認真看了一下旁邊的冷笑話
到底是要吹什麼薩克斯風
認真看不懂
有人可以幫我解讀嗎(｡ŏ_ŏ)",2026年1月27日 星期二 上午9:37,,No photo description available.,3760,185,171,1809,https://www.threads.com/@shopee_tw/post/DUAbFJuk2X4,Socks風,2026年1月27日 星期二 下午3:59,,,1159,3,0,8
stockfeel,https://www.threads.com/@stockfeel/post/DUAKl1ACZA2,"
悠遊卡加值後拿得到嗎",2026年1月27日 星期二 下午1:35,@shopee_tw,,24,1,0,0,https://www.threads.com/@shopee_tw/post/DUAQlNqk4TD,拿不到,2026年1月27日 星期二 下午2:27,,,18,0,0,0
benyzeng1012,https://www.threads.com/@benyzeng1012/post/DUABBZXkpVI,"
過得去閘門嗎",2026年1月27日 星期二 下午12:11,@shopee_tw,,35,3,0,0,https://www.threads.com/@shopee_tw/post/DUAF4TME9VV,,2026年1月27日 星期二 下午12:53,,No photo description available.,75,0,1,0
liyangyang411,https://www.threads.com/@liyangyang411/post/DUACgZsE6XH,"
好奇在那條線上能碰到蝦蝦🤩",2026年1月27日 星期二 下午12:24,@shopee_tw,,17,2,0,0,https://www.threads.com/@shopee_tw/post/DUAF29tkx8_,板南線,2026年1月27日 星期二 下午12:53,,,52,1,0,4
__.hs_xu,https://www.threads.com/@__.hs_xu/post/DT1qDtrEsy9,今天搭捷運總覺得有雙眼睛在盯著我,2026年1月23日 星期五 上午11:39,,,57000,307,831,2447,https://www.threads.com/@shopee_tw/post/DT4grUDkwBD,其實我在盯地板寫的蝦皮全站大免運,2026年1月24日 星期六 下午2:14,,,3377,3,3,2
sing__zzz,https://www.threads.com/@sing__zzz/post/DT4UmDoDaHg,"
所以他們中多少🤣",2026年1月24日 星期六 下午12:28,@shopee_tw,,1,1,0,0,https://www.threads.com/@shopee_tw/post/DT4U67YkzTi,2/12開獎,2026年1月24日 星期六 下午12:31,,,7,0,0,0
yu.rx_abyss,https://www.threads.com/@yu.rx_abyss/post/DT2ERAaiU2-,"一進捷運就看到蝦小編，
之後搭手扶梯還轉身揮手好可愛！",2026年1月23日 星期五 下午3:27,,No photo description available.,50000,451,929,2995,https://www.threads.com/@shopee_tw/post/DT4BvBME9qA,竟然海巡到自己打工的辛酸畫面,2026年1月24日 星期六 上午9:43,,,33000,86,72,147
wuyaya__,https://www.threads.com/@wuyaya__/post/DT19Nfkj1SJ,"之前喝多了，要回家
打55688結果不小心按到代駕
等到司機來的時候
我們對望了半分鐘
我問司機：你車勒？
司機問我：啊你車勒？",2026年1月23日 星期五 下午2:25,,,60000,291,938,4672,https://www.threads.com/@shopee_tw/post/DT2z0ULk_VO,,2026年1月23日 星期五 下午10:22,,No photo description available.,1417,5,6,20
thermocafe_taiwan,https://www.threads.com/@thermocafe_taiwan/post/DT2wlmxEnLE,"
我說那個雨傘呢",2026年1月23日 星期五 下午9:54,@shopee_tw,,2,1,0,0,https://www.threads.com/@shopee_tw/post/DT2w-hrkxvb,經費不足,2026年1月23日 星期五 下午9:58,,,7,1,0,0
cartonking.tw,https://www.threads.com/@cartonking.tw/post/DT2vgC5Ec90,"
這妝感..........有點眼熟
劇透",2026年1月23日 星期五 下午9:45,@shopee_tw,No photo description available.,172,1,0,1,https://www.threads.com/@shopee_tw/post/DT2w039k9Mw,,2026年1月23日 星期五 下午9:56,,,85,3,0,0
ningheh,https://www.threads.com/@ningheh/post/DT0bApTiZim,"因為不想止步於女團
所以這次參與一些後期製作
希望大家喜歡",2026年1月23日 星期五 上午12:09,,,6800,173,309,1256,https://www.threads.com/@shopee_tw/post/DT2stw9kyz3,,2026年1月23日 星期五 下午9:20,,,0,0,0,0
miss.cheeky.99,https://www.threads.com/@miss.cheeky.99/post/DTzn3G_AfMb,"⠀
⠀⠀
⠀羽絨外套 實在很難穿出時尚品味⠀
⠀
⠀
⠀",2026年1月22日 星期四 下午4:40,,,28000,868,211,377,https://www.threads.com/@shopee_tw/post/DT2qHrXE4hE,我不同意,2026年1月23日 星期五 下午8:58,,No photo description available.,1301,5,4,14
wei_baba0413,https://www.threads.com/@wei_baba0413/post/DTwlhKfD45w,"誠心發問🙋
中間這個細長的位置兒
除了細長的冰箱之外
還能放什麼呢？？？",2026年1月21日 星期三 下午12:22,,No photo description available.,50000,4390,1402,26000,https://www.threads.com/@shopee_tw/post/DT0OlWrk2il,,2026年1月22日 星期四 下午10:19,,No photo description available.,8302,32,19,268
demi.foodie,https://www.threads.com/@demi.foodie/post/DTuS31dk_Ze,"美好的早餐就從三色豆開始（？
📍台中北區大德街 室友早餐",2026年1月20日 星期二 下午3:01,,No photo description available. | No photo description available. | No photo description available. | No photo description available. | No photo description available. | No photo description available.,10000,2116,734,25000,https://www.threads.com/@shopee_tw/post/DTw2fblE7uq,上帝：有時候真的很後悔把恐龍換成你們,2026年1月21日 星期三 下午2:50,,,7831,11,33,520
3line.s,https://www.threads.com/@3line.s/post/DTrpbNokoMf,"常常沒有這個意思之後被客人誤會
可憐的小編🥲",2026年1月19日 星期一 下午2:20,,No photo description available.,33000,245,539,3237,https://www.threads.com/@shopee_tw/post/DTsCvzGE4fg,頭槌,2026年1月19日 星期一 下午6:01,,No photo description available.,2476,7,3,30
yahuizuo,https://www.threads.com/@yahuizuo/post/DTrIa06AePg,"
蝦皮小編~有缺店到店的理貨人員嗎？我住高雄五甲吖",2026年1月19日 星期一 上午9:32,@shopee_tw,,5,1,0,0,https://www.threads.com/@shopee_tw/post/DTr-UfWlAE4,,2026年1月19日 星期一 下午5:23,,,5,0,0,0
chillguyscott,https://www.threads.com/@chillguyscott/post/DTnmRspk4DK,"直接給我四個字
劇透",2026年1月18日 星期日 上午12:36,,No photo description available.,7542,989,19,105,https://www.threads.com/@shopee_tw/post/DTrn7nvE1ya,全站免運,2026年1月19日 星期一 下午2:07,,,6629,38,20,30
rnn9063t,https://www.threads.com/@rnn9063t/post/DTrV7pAkoi_,好冷,2026年1月19日 星期一 上午11:30,,,0,0,0,0,https://www.threads.com/@shopee_tw/post/DTrZpOWk-bV,不冷了,2026年1月19日 星期一 下午12:02,,No photo description available.,24000,203,215,2712
rnn9063t,https://www.threads.com/@rnn9063t/post/DTrAGOmkuHG,"
​蝦皮買的是快樂
嘉南買的是續航力
畢竟沒有了健康身體
要怎麼撐到凌晨 0 點搶優惠券呢？😏",2026年1月19日 星期一 上午8:19,@shopee_tw,No photo description available.,670,12,2,13,https://www.threads.com/@shopee_tw/post/DTrYcqyE6V7,,2026年1月19日 星期一 上午11:52,,No photo description available.,28,0,0,2
captain.lu,https://www.threads.com/@captain.lu/post/DTm-mnVkX9e,"每次一發限動 你就會來留言說 不揪
那為什麼每次我騎腳踏車經過你家樓上叫你名字
你都假裝沒聽到",2026年1月17日 星期六 下午6:49,,,66000,562,1202,1491,https://www.threads.com/@shopee_tw/post/DTnD28PExj5,騎腳踏車不揪,2026年1月17日 星期六 下午7:35,,,1876,1,2,3
huuuuu_7430,https://www.threads.com/@huuuuu_7430/post/DTkijV8kUnM,"⠀
⠀⠀
⠀⠀
醫生叫我八點吃藥 我偏要七點吃
我要給病毒來個 出其不意
⠀
⠀
⠀",2026年1月16日 星期五 下午8:05,,,70000,2108,3848,25000,https://www.threads.com/@shopee_tw/post/DTnDVm0k_ye,,2026年1月17日 星期六 下午7:30,,,0,0,0,0
kevin__0414,https://www.threads.com/@kevin__0414/post/DTmcqyOksZD,"
放上來有優惠券ㄇ😍",2026年1月17日 星期六 下午1:52,@shopee_tw,No photo description available.,81,2,0,0,https://www.threads.com/@shopee_tw/post/DTmdVwAk-O7,今天竟然沒有招募,2026年1月17日 星期六 下午1:58,,,73,2,0,0
poan_0413,https://www.threads.com/@poan_0413/post/DTkSXtXEz_X,"兩張都是我
底下交上你們這五年的變化😍",2026年1月16日 星期五 下午5:44,,No photo description available. | No photo description available.,53000,3583,312,3026,https://www.threads.com/@shopee_tw/post/DTmVCWqk4s5,,2026年1月17日 星期六 下午12:46,,No photo description available.,800,9,1,7
munmunjunjun,https://www.threads.com/@munmunjunjun/post/DTh4wWNEx99,"
貸款也要告你",2026年1月15日 星期四 下午7:22,@shopee_tw,,125,1,0,0,https://www.threads.com/@shopee_tw/post/DTkWy7ZEy7t,不要貸款把台積電賣掉,2026年1月16日 星期五 下午6:23,,,7,0,0,0
_kk._.17,https://www.threads.com/@_kk._.17/post/DTjGu6bE3-I,學校就跟蝦皮店到店一樣 超多件貨,2026年1月16日 星期五 上午6:43,,,49000,86,5428,4888,https://www.threads.com/@shopee_tw/post/DTkRKcXk0MT,,2026年1月16日 星期五 下午5:33,,,4253,10,12,53
huguo_temple,https://www.threads.com/@huguo_temple/post/DTkB713klTp,"
我老闆帥嗎",2026年1月16日 星期五 下午3:20,@shopee_tw,,5,1,0,0,https://www.threads.com/@shopee_tw/post/DTkJ-VpEzW7,,2026年1月16日 星期五 下午4:31,,No photo description available.,24,1,0,1
lexi1031_,https://www.threads.com/@lexi1031_/post/DTh12RTkbRg,"
我一開始還沒看到蟑螂腳 超好笑",2026年1月15日 星期四 下午6:56,@shopee_tw,,895,1,0,2,https://www.threads.com/@shopee_tw/post/DTjhcqZE57m,老闆也沒看到,2026年1月16日 星期五 上午10:36,,,90,0,0,0
rebeccayennn,https://www.threads.com/@rebeccayennn/post/DTioQGvk0c7,"
我看不行了直接起雞皮疙瘩",2026年1月16日 星期五 上午2:17,@shopee_tw,,2,1,0,0,https://www.threads.com/@shopee_tw/post/DTjhavUE9NR,蝦皮疙瘩,2026年1月16日 星期五 上午10:36,,,13,0,0,0
gagionlineshop,https://www.threads.com/@gagionlineshop/post/DTiDFhdD1MQ,"
可以也幫我翻一下嗎 蝦蝦⋯",2026年1月15日 星期四 下午8:52,@shopee_tw,,3,1,0,0,https://www.threads.com/@shopee_tw/post/DTjg-e2E_6Z,,2026年1月16日 星期五 上午10:32,,No photo description available.,12,0,0,1
napteazzz,https://www.threads.com/@napteazzz/post/DTiMKesD182,"
來了啦 一起睡",2026年1月15日 星期四 下午10:11,@shopee_tw,,23,1,0,0,https://www.threads.com/@shopee_tw/post/DTjgw9ME0q6,,2026年1月16日 星期五 上午10:30,,No photo description available.,11,1,0,0
cake.me.tw,https://www.threads.com/@cake.me.tw/post/DTiQzMNDxB3,"
今年會加多少薪水 （急 在線等",2026年1月15日 星期四 下午10:52,@shopee_tw,,9,1,0,0,https://www.threads.com/@shopee_tw/post/DTjgi-5k1me,,2026年1月16日 星期五 上午10:29,,No photo description available.,15,0,0,0
qsc3344b540,https://www.threads.com/@qsc3344b540/post/DTiSOufktqK,"
過年我會因為 中威力彩 或刮刮樂
從此不用工作 財富自由嗎
請幫我翻 解答 謝謝泥小編",2026年1月15日 星期四 下午11:04,@shopee_tw,,8,1,0,0,https://www.threads.com/@shopee_tw/post/DTiSmbXE4Ay,不是我說的,2026年1月15日 星期四 下午11:07,,No photo description available.,29,1,0,0
typhoon_mi,https://www.threads.com/@typhoon_mi/post/DTiKbsSEvsR,,2026年1月15日 星期四 下午9:56,,,0,0,0,0,https://www.threads.com/@shopee_tw/post/DTiM1jBE6TN,,2026年1月15日 星期四 下午10:17,,No photo description available.,120,0,0,0
kinmen_kaoliang_liquor,https://www.threads.com/@kinmen_kaoliang_liquor/post/DTiLX2uAZXF,"
幫我問我今年酒會大賣嗎？",2026年1月15日 星期四 下午10:04,@shopee_tw,,84,5,0,3,https://www.threads.com/@shopee_tw/post/DTiMqHAE9Ir,,2026年1月15日 星期四 下午10:15,,No photo description available.,68,1,0,6
yan_diego_31,https://www.threads.com/@yan_diego_31/post/DTh87buD_S4,"
那你問他什麼時候進場台積電最好",2026年1月15日 星期四 下午7:58,@shopee_tw,,22,1,0,0,https://www.threads.com/@shopee_tw/post/DTh9on9k4Ui,,2026年1月15日 星期四 下午8:04,,No photo description available.,55,1,0,2
lexi1031_,https://www.threads.com/@lexi1031_/post/DThHYi-kR1N,"急 這是蟑螂腳嗎
餐廳跟我說這是蝦子的腳",2026年1月15日 星期四 下午12:10,,No photo description available.,26000,2822,384,6512,https://www.threads.com/@shopee_tw/post/DThxdQOk8OJ,3.1 萬,2026年1月15日 星期四 下午6:18,,No photo description available.,31000,70,161,1240
queena_studio_,https://www.threads.com/@queena_studio_/post/DTddocFk0sT,"在蝦皮買了訂製的窗簾
怎麼可以又可憐又好笑😆
-
這樣客服會不會自己要貼錢😧",2026年1月14日 星期三 上午2:08,,No photo description available. | No photo description available. | No photo description available.,5120,43,16,34,https://www.threads.com/@shopee_tw/post/DTfydW2lPNz,對不起,2026年1月14日 星期三 下午11:48,,No photo description available.,1224,8,4,0
weiii9527,https://www.threads.com/@weiii9527/post/DTbv1Uwj8bi,我好像很會煮水餃,2026年1月13日 星期二 上午10:08,,,11000,1284,421,5512,https://www.threads.com/@shopee_tw/post/DTc0hm4k09H,,2026年1月13日 星期二 下午8:08,,No photo description available.,696,1,1,8
wx_817,https://www.threads.com/@wx_817/post/DTcAdpbE1hr,男朋友送別的女生大耳狗,2026年1月13日 星期二 下午12:33,,,28000,852,416,3798,https://www.threads.com/@shopee_tw/post/DTc0P-Pk63o,,2026年1月13日 星期二 下午8:06,,No photo description available.,3038,2,8,18
nanaa_plli,https://www.threads.com/@nanaa_plli/post/DTXYnMIE-do,,2026年1月11日 星期日 下午5:28,,,0,0,0,0,https://www.threads.com/@shopee_tw/post/DTccsC5kzeR,用不出來,2026年1月13日 星期二 下午4:40,,No photo description available.,422,4,1,1
f_o_o_l_0523,https://www.threads.com/@f_o_o_l_0523/post/DTXxURTkrAJ,"
所以蝦皮娃娃真的會買得到嗎（只在乎這個",2026年1月11日 星期日 下午9:04,@shopee_tw,,6,1,0,0,https://www.threads.com/@shopee_tw/post/DTYCwxVlKN7,真的有人會買嗎(๑• . •๑),2026年1月11日 星期日 下午11:37,,,14,2,0,0
cos._.0217,https://www.threads.com/@cos._.0217/post/DTXwtd2kuIk,"
所以那隻橘橘的是什麼生物（？",2026年1月11日 星期日 下午8:59,@shopee_tw,,3,1,0,0,https://www.threads.com/@shopee_tw/post/DTXy0Tmkw7m,橘子,2026年1月11日 星期日 下午9:17,,,10,0,0,0
wuweiteng5,https://www.threads.com/@wuweiteng5/post/DTVRhfnieYI,來阿里山玩,2026年1月10日 星期六 下午9:48,,No photo description available.,120000,1922,1462,4233,https://www.threads.com/@shopee_tw/post/DTW0drOE8eF,不揪,2026年1月11日 星期日 下午12:12,,No photo description available.,4560,13,23,45
fantechshop,https://www.threads.com/@fantechshop/post/DTRpk70EpgR,"
蝦皮小編請問這是哪一家?我寄件可以用這一家寄件嗎?",2026年1月9日 星期五 下午12:01,@shopee_tw,,77,1,0,3,https://www.threads.com/@shopee_tw/post/DTR4RFakzIE,蝦皮龍巖智取店,2026年1月9日 星期五 下午2:09,,,471,8,0,32
nbhd52050,https://www.threads.com/@nbhd52050/post/DTMerSaAUhI,為什麼蝦皮智取店跟別人不一樣,2026年1月7日 星期三 上午11:50,,,40000,559,1482,20000,https://www.threads.com/@shopee_tw/post/DTRhz6dk3vi,,2026年1月9日 星期五 上午10:53,,,32000,84,79,745
npm_south,https://www.threads.com/@npm_south/post/DTQI9k9CQCr,"
冷冷的時候，選花花毯就對了",2026年1月8日 星期四 下午9:57,@shopee_tw,No photo description available. | No photo description available. | No photo description available. | No photo description available.,1193,6,2,2,https://www.threads.com/@shopee_tw/post/DTQSq5-E2On,故宮南院是不是什麼都有,2026年1月8日 星期四 下午11:22,,,27,1,0,0
ailun.515,https://www.threads.com/@ailun.515/post/DTF0TlTEjg-,"追蹤ailun.515 更多每次發車前都要不小心來上一場華麗的簡報展示劇透讚8.1 萬回覆638 分享8,614",2026年1月4日 星期日 下午9:44,,No photo description available.,,,,,https://www.threads.com/@shopee_tw/post/DTKDpZik1r1,"追蹤shopee_tw已驗證 更多每次上班一受到委屈就會不小心開始找工作讚9,659 轉發69",2026年1月6日 星期二 下午1:15,,No photo description available.,,,,
hiddenr8,https://www.threads.com/@hiddenr8/post/DTHoBh5lIhj,"結果就有了以下這些街景...劇透劇透劇透劇透Newcastle upon Tyne讚7.5 萬回覆2,197轉發2,572分享1 萬",2026年1月5日 星期一 下午2:35,,No photo description available. | No photo description available. | No photo description available. | No photo description available.,,,,,https://www.threads.com/@shopee_tw/post/DTKBnjCE02g,"追蹤shopee_tw已驗證 原作者說讚更多讚5,027 轉發11",2026年1月6日 星期二 下午12:57,,No photo description available.,,,,
benson34583,https://www.threads.com/@benson34583/post/DTH5LuzEQZH,追蹤benson34583 原作者說讚更多正在回覆@shopee_tw幫上對照不用謝已靜音讚93 轉發1,2026年1月5日 星期一 下午5:05,,,,,,,https://www.threads.com/@shopee_tw/post/DTJv3ask1Ct,追蹤shopee_tw已驗證 原作者說讚更多你的Sora浮水印呢讚12 轉發分享,2026年1月6日 星期二 上午10:22,,,,,,
rnn9063t,https://www.threads.com/@rnn9063t/post/DTH8RrgCVSP,追蹤rnn9063t 原作者說讚更多正在回覆@shopee_tw蝦皮這樣影片企劃....讚61 轉發分享,2026年1月5日 星期一 下午5:32,,No photo description available.,,,,,https://www.threads.com/@shopee_tw/post/DTIiVpOEx0g,追蹤shopee_tw已驗證 原作者說讚更多愛你讚7 轉發分享,2026年1月5日 星期一 下午11:05,,,,,,
chrisyasfyeh,https://www.threads.com/@chrisyasfyeh/post/DTF9It3kx_2,追蹤chrisyasfyeh 原作者說讚更多正在回覆@shopee_tw第四張在這🍻🍻🍻🍻讚8 轉發分享,2026年1月4日 星期日 下午11:01,,No photo description available.,,,,,https://www.threads.com/@shopee_tw/post/DTF_UL9E_EM,追蹤shopee_tw已驗證 原作者說讚更多未滿十八歲禁止飲酒讚9 轉發分享1,2026年1月4日 星期日 下午11:20,,,,,,
yukiselune,https://www.threads.com/@yukiselune/post/DTFStaSgJVR,"追蹤yukiselune女友好蝦 更多每天夾一隻蝦子看女友什麼時候發現day10老闆不補貨害我多花20拉後面的。讚3,901 轉發33",2026年1月4日 星期日 下午4:50,,No photo description available. | No photo description available.,,,,,https://www.threads.com/@shopee_tw/post/DTF9aS3kx0n,追蹤shopee_tw已驗證 原作者說讚更多每天在這裡放不是哥們看你女友什麼時候發現Day1 回覆6轉發分享3,2026年1月4日 星期日 下午11:04,,No photo description available.,,,,
rnn9063t,https://www.threads.com/@rnn9063t/post/DTF8LQeCTe1,已編輯原作者說讚更多,2026年1月4日 星期日 下午10:53,,,0,0,0,0,https://www.threads.com/@shopee_tw/post/DTF8phmk5uF,追蹤shopee_tw已驗證 更多特休請下去 拒當羊肉爐讚19回覆轉發分享,2026年1月4日 星期日 下午10:57,,,,,,
yukiselune,https://www.threads.com/@yukiselune/post/DTCz9RpCfO2,追蹤yukiselune 更多每天夾一隻蝦子看女友什麼時候發現day9讚1.5 萬回覆79 分享358,2026年1月3日 星期六 下午5:43,,No photo description available.,,,,,https://www.threads.com/@shopee_tw/post/DTDndYHEzs-,"追蹤shopee_tw已驗證 原作者說讚更多不是，哥們🦐讚2,805 轉發3",2026年1月4日 星期日 上午1:13,,,,,,
rnn9063t,https://www.threads.com/@rnn9063t/post/DTAbNy8iRWz,羊老闆桌上宣示主權啊啊啊～😂😂😂😂不過...讚191回覆4轉發分享1,2026年1月2日 星期五 下午7:29,,No photo description available.,,,,,https://www.threads.com/@shopee_tw/post/DTDEvVqE62O,追蹤shopee_tw已驗證 更多你站上去會變羊肉爐讚14回覆轉發分享,2026年1月3日 星期六 下午8:10,,,,,,
youruii._,https://www.threads.com/@youruii._/post/DTMu8KIkjuK,"開會的時候有點無聊
幫我的試算表抓抓癢好了🙂‍↕️",2026年1月7日 星期三 下午2:12,,,55000,513,1915,6961,https://www.threads.com/@shopee_tw/post/DTO8OD3k18S,,2026年1月8日 星期四 上午10:46,,,0,0,0,0
sai915067,https://www.threads.com/@sai915067/post/DTNn9wbE7Ux,"
(๑ŏ _ ŏ๑)？",2026年1月7日 星期三 下午10:30,@shopee_tw,No photo description available.,3,1,0,0,https://www.threads.com/@shopee_tw/post/DTNvYMgk_f_,這條看起來會熱到把我變熟,2026年1月7日 星期三 下午11:35,,,8,0,0,0
rnn9063t,https://www.threads.com/@rnn9063t/post/DTNsYyYCWp0,,2026年1月7日 星期三 下午11:09,@shopee_tw,No photo description available.,138,5,0,1,https://www.threads.com/@shopee_tw/post/DTNu98nE1oI,一起睡吧,2026年1月7日 星期三 下午11:31,,No photo description available.,110,5,1,5
yyyyyyyy__82,https://www.threads.com/@yyyyyyyy__82/post/DTJz18akx6k,這是我的作業，實在沒招了。,2026年1月6日 星期二 上午10:57,,No photo description available.,10000,125,132,416,https://www.threads.com/@shopee_tw/post/DTKnR6Fk9XM,我買了,2026年1月6日 星期二 下午6:26,,No photo description available.,3407,7,0,6
benson34583,https://www.threads.com/@benson34583/post/DSzj2ldkRPr,"
一分鐘帶你看完
1.吳麗萍踩到賽+GO
2.擱共
3.你知道你是AI嗎
4.TWS傲嬌挑戰
5.范姜好喝
6.捷運踢人
7.What is love
8.我自行宣布
9.林俊傑AAA頒獎典禮
10.蕾潔跳舞&我全部都教你
11.上車舞
12.海豹舞
13.可以跟我說那四個字嗎
14.我們不說...我們說...
15.曾國城古蹟ㄔ…炒菜
16.紅姐來都來了
17.趙雨凡鵬程萬里
18.不回你生咖不用辦了
19.從從容容游刃有餘
20.Jet2 holiday
21.not cute anymore 跑步小人
22.掉進無限城",2025年12月28日 星期日 下午7:34,@shopee_tw,,137,1,0,4,https://www.threads.com/@shopee_tw/post/DSzj9xCkxff,謝謝你 迷因超人,2025年12月28日 星期日 下午7:35,,,31,0,0,0
chiang_166,https://www.threads.com/@chiang_166/post/DSwNchekXWh,"
我知道你出發點很好，但你先別出發",2025年12月27日 星期六 下午12:20,@shopee_tw,,11,1,0,0,https://www.threads.com/@shopee_tw/post/DSwPcHpE6QO,我辭職了,2025年12月27日 星期六 下午12:38,,,18,0,0,0
melody_hearingaid,https://www.threads.com/@melody_hearingaid/post/DSwK5K9ErsF,"
你好棒喔喔喔喔",2025年12月27日 星期六 上午11:58,@shopee_tw,No photo description available.,10,1,0,0,https://www.threads.com/@shopee_tw/post/DSwPZGnk4rT,謝蟹老闆,2025年12月27日 星期六 下午12:37,,,13,0,0,0
meikao_love5520,https://www.threads.com/@meikao_love5520/post/DSuSowuDyTM,,2025年12月26日 星期五 下午6:27,,,0,0,0,0,https://www.threads.com/@shopee_tw/post/DSucBvvkxqE,1.3 萬,2025年12月26日 星期五 下午7:49,,No photo description available.,13000,72,235,603
gythingslover,https://www.threads.com/@gythingslover/post/DSeMJ0qAab9,我這新作的美甲簡直美瞎了🦐,2025年12月20日 星期六 下午12:23,,No photo description available.,20000,215,655,8847,https://www.threads.com/@shopee_tw/post/DSjNimjkz1l,不是，哥們,2025年12月22日 星期一 上午11:11,,,9684,17,15,141
billionplus_lab,https://www.threads.com/@billionplus_lab/post/DShBITskeR8,店長有客人一直在櫃檯學雞叫,2025年12月21日 星期日 下午2:44,,No photo description available.,56000,245,1885,10000,https://www.threads.com/@shopee_tw/post/DSjNTrDk00R,努估誰唷,2025年12月22日 星期一 上午11:09,,,5199,6,2,113
foodie886047,https://www.threads.com/@foodie886047/post/DScZMFRkf5X,"
只能這樣了",2025年12月19日 星期五 下午7:38,@shopee_tw,No photo description available.,20000,60,45,183,https://www.threads.com/@shopee_tw/post/DSeCoyyk5DZ,蝦皮貓到店,2025年12月20日 星期六 上午11:00,,,1582,3,1,13
kkklouis._1105,https://www.threads.com/@kkklouis._1105/post/DSaOreZjzqO,要成為“盧廣仲”這個族群的一員你需要：,2025年12月18日 星期四 下午11:28,,No photo description available. | No photo description available. | No photo description available.,20000,61,387,1006,https://www.threads.com/@shopee_tw/post/DSb6UtUkxxi,,2025年12月19日 星期五 下午3:08,,No photo description available.,9107,15,40,87
roslyn._.0106,https://www.threads.com/@roslyn._.0106/post/DSSgMD7Em4g,"
哇啊啊啊啊啊謝謝！！！😭💖
不過我的threads好像還沒有私訊功能…可以用ig嗎 謝謝🥹",2025年12月15日 星期一 下午11:27,@shopee_tw,,2,1,0,0,https://www.threads.com/@shopee_tw/post/DSSg19Vk3WD,可以,2025年12月15日 星期一 下午11:33,,,1,1,0,0
zztt_c.y.n,https://www.threads.com/@zztt_c.y.n/post/DSMm1pYkkx5,"超喜歡一句話
我們都沒有上帝水餃 才會不斷猜忌對方",2025年12月13日 星期六 下午4:30,,,110000,3107,9223,23000,https://www.threads.com/@shopee_tw/post/DSPV1KUk8pA,"我們不說「視角」
我們説「水餃」",2025年12月14日 星期日 下午5:59,,,1930,2,13,11
777._.sky._.taipei,https://www.threads.com/@777._.sky._.taipei/post/DSKwdi3ktdc,"
┻┳| 我只是....
┳┻|
┻┳|
┳┻|
┻┳|
￣￣￣￣￣￣￣
┻┳| 想要...
┳┻| ∧
┻┳| ･)
┳┻|o)
┻┳|Ｊ
￣￣￣￣￣￣￣
┻┳|
┳┻|∧ _∧ 把這個....
┻┳| ･ ω ･)
┻┳| o 🎂 o
┻┳|－Ｊ
￣￣￣￣￣￣
┻┳|
┳┻|∧ _∧ 放在這裡..
┻┳| ･ ω ･)
┳┻| つ つ
┻┳|－J 🎂
￣￣￣￣￣￣
┻┳| 然後...
┳┻| ∧
┻┳| ･)
┳┻|o)
┻┳|Ｊ 🎂
￣￣￣￣￣￣￣
┻┳|
┳┻| 掰掰
┻┳|
┳┻|
┻┳| 🎂
￣￣￣￣￣￣￣",2025年12月12日 星期五 下午11:15,@shopee_tw,,265,3,0,3,https://www.threads.com/@shopee_tw/post/DSKw7LPE9L0,讚不絕口,2025年12月12日 星期五 下午11:19,,,134,0,0,0
_moon_im_,https://www.threads.com/@_moon_im_/post/DSAhMe9ATJ6,"一直很想知道
全家跟Netflix的小編
是「一個」還是「一群」？",2025年12月8日 星期一 下午11:49,,,30000,976,681,3166,https://www.threads.com/@shopee_tw/post/DSHotl-Ewa6,我是一隻,2025年12月11日 星期四 下午6:10,,No photo description available.,1466,8,6,18
ashin_ig,https://www.threads.com/@ashin_ig/post/DSE7q6EgdAB,"想看滿滿的大家合唱Forever Forever 的影片，然後要有手勢的！ 🖐️🤌🫱🤙🦶
（ 恆星之城演唱會完售感謝 ）",2025年12月10日 星期三 下午4:58,,,11000,967,99,467,https://www.threads.com/@shopee_tw/post/DSFpaCrEqAR,"這題我們會
shopee_tw",2025年12月10日 星期三 下午11:37,,,383,5,1,25
leofu218,https://www.threads.com/@leofu218/post/DSEh4QSkxgS,114北北基學測模考！這題用二項式定理啊啊啊,2025年12月10日 星期三 下午1:12,,No photo description available.,10000,196,130,906,https://www.threads.com/@shopee_tw/post/DSFPJuGkzND,蝦皮免運,2025年12月10日 星期三 下午7:48,,,2150,1,0,8
fujisansen43,https://www.threads.com/@fujisansen43/post/DSFHd8Okj1s,"
這次不「哈」了嗎？",2025年12月10日 星期三 下午6:41,@shopee_tw,,1,1,0,0,https://www.threads.com/@shopee_tw/post/DSFHolWE5eT,再哈下去要被開除了,2025年12月10日 星期三 下午6:42,,,4,1,0,0
ct_r.s,https://www.threads.com/@ct_r.s/post/DSFFq_Lkl0C,,2025年12月10日 星期三 下午6:25,@shopee_tw,No photo description available.,16,2,0,0,https://www.threads.com/@shopee_tw/post/DSFFx74k2tE,剛坐時光機回來了,2025年12月10日 星期三 下午6:26,,,13,0,0,0
montaigne_official,https://www.threads.com/@montaigne_official/post/DSEXYBnE2LI,"有沒有人知道他在說什麼。。。
LKK已跟不上00後的梗了",2025年12月10日 星期三 上午11:41,,No photo description available.,43000,273,1094,4761,https://www.threads.com/@shopee_tw/post/DSE1De_k4Ie,"取貨
末三碼
讚不絕口",2025年12月10日 星期三 下午4:00,,,8875,6,14,64
kiwibird_428,https://www.threads.com/@kiwibird_428/post/DR_67kTDzJ2,"追蹤kiwibird_428 更多你一定看到過他們:(雖然我不知道為什麼他們要用脆)劇透標籤指示器劇透標籤指示器劇透標籤指示器劇透標籤指示器讚1.8 萬回覆548 分享1,667",2025年12月8日 星期一 下午6:15,,No photo description available. | No photo description available. | No photo description available. | No photo description available.,,,,,https://www.threads.com/@shopee_tw/post/DSC_cV2E34t,"追蹤shopee_tw已驗證 更多我也不知道為什麼但蝦皮免運讚7,934 轉發18",2025年12月9日 星期二 下午10:52,,,,,,
dancinggood,https://www.threads.com/@dancinggood/post/DSCp3sYARbW,"Anpanman 謝謝我的舞蹈老師麻由無酬耐心教導
#BTS
#anpanman已靜音讚6,532回覆228轉發563分享2,074",2025年12月9日 星期二 下午7:44,,,,,,,https://www.threads.com/@shopee_tw/post/DSC8-WSE3Wv,已驗證 已編輯更多,2025年12月9日 星期二 下午10:31,,,0,0,0,0
23_chiiiiiiiiii,https://www.threads.com/@23_chiiiiiiiiii/post/DSAKj_nEtJ3,"可以跟我說那四個字嗎💝 1/2讚1.7 萬回覆1,760轉發76分享1,762",2025年12月8日 星期一 下午8:32,,No photo description available.,,,,,https://www.threads.com/@shopee_tw/post/DSCDQCLk5tT,"追蹤shopee_tw已驗證 原作者說讚更多蝦皮免運讚6,337 轉發2",2025年12月9日 星期二 下午2:06,,,,,,
__millllllie__,https://www.threads.com/@__millllllie__/post/DR_riZVE2mK,"追蹤__millllllie__AAA 更多各位觀眾！朴寶劍擁有悠遊卡了！他騎到UBike了！！！！！ 讚5.7 萬回覆207 分享1,263",2025年12月8日 星期一 下午4:00,,"Photo by 박보검 PARK BO GUM on December 07, 2025.",,,,,https://www.threads.com/@shopee_tw/post/DSAcL1sE7VC,"追蹤shopee_tw已驗證 原作者說讚更多我懷疑他要去蝦皮店到店取貨讚1,000 轉發1",2025年12月8日 星期一 下午11:06,,,,,,
dailyview.tw,https://www.threads.com/@dailyview.tw/post/DR_B8ubj9dC,"沒想到這次榜單全面大洗牌欸～～
有哪家小編還沒上榜過的？快舉手刷一下存在 1/2讚6,823回覆1,140轉發241分享1,922",2025年12月8日 星期一 上午9:57,,No photo description available.,,,,,https://www.threads.com/@shopee_tw/post/DR_LiNtk-nr,"追蹤shopee_tw已驗證 更多我們十個不能在一起嗎讚2,744 轉發4",2025年12月8日 星期一 上午11:21,,,,,,
eat_164,https://www.threads.com/@eat_164/post/DR7OUQTgT6K,"可樂➕蛋黃➕醬油➕蔥/洋蔥/蒜頭✨
超級好吃的！不是邪教！已靜音已靜音已靜音讚6.9 萬回覆3,734轉發3,023分享6.6 萬",2025年12月6日 星期六 下午10:28,,,,,,,https://www.threads.com/@shopee_tw/post/DR9ctiPE51o,"追蹤shopee_tw已驗證 更多讚1,111 轉發2",2025年12月7日 星期日 下午7:12,,No photo description available.,,,,
jyun.cheng,https://www.threads.com/@jyun.cheng/post/DR9Wy_Aj_Qj,"
小哥是不是想代言蝦皮😏😏😏",2025年12月7日 星期日 下午6:21,@yoonnala879,,54,1,0,0,https://www.threads.com/@shopee_tw/post/DR9b1LvE3h8,,2025年12月7日 星期日 下午7:05,,,26,0,0,0
yoonnala879,https://www.threads.com/@yoonnala879/post/DR9Wp3-ktOl,,2025年12月7日 星期日 下午6:20,,,0,0,0,0,https://www.threads.com/@shopee_tw/post/DR9bnWNE1MT,,2025年12月7日 星期日 下午7:03,,,0,0,0,0
sakiiii._.love,https://www.threads.com/@sakiiii._.love/post/DR3ly70EXct,蝦皮購物你有什麼頭緒嗎,2025年12月5日 星期五 下午12:36,,No photo description available.,17000,66,150,178,https://www.threads.com/@shopee_tw/post/DR6EYbDE043,,2025年12月6日 星期六 上午11:42,,No photo description available.,2618,11,11,7
rnn9063t,https://www.threads.com/@rnn9063t/post/DR4hj0HCXIs,"
你這是在教 Threads...",2025年12月5日 星期五 下午9:19,@shopee_tw,No photo description available.,56,1,0,0,https://www.threads.com/@shopee_tw/post/DR4h4UXE5rz,你⋯錄取⋯⋯⋯了,2025年12月5日 星期五 下午9:21,,,33,0,0,0
jenny862505,https://www.threads.com/@jenny862505/post/DR2VrEFkrab,"蝦皮要不要給恆春恆南店的店員薪水罐罐ㄚ
@shopee_tw",2025年12月5日 星期五 上午12:57,,,18000,140,428,853,https://www.threads.com/@shopee_tw/post/DR4eTRIkzxd,蝦皮貓到店,2025年12月5日 星期五 下午8:50,,,5762,9,11,55
cliffliu1,https://www.threads.com/@cliffliu1/post/DBdwmVczAeW,今天驗屋公司驗出來的缺失，這片牆就佔了整個缺失了70 %,2024年10月23日 星期三 下午7:28,,No photo description available. | No photo description available.,25000,1049,133,2267,https://www.threads.com/@shopee_tw/post/DR3zfdUEwbv,,2025年12月5日 星期五 下午2:36,,,0,0,0,0
pikatuei,https://www.threads.com/@pikatuei/post/DRzdvxvE9P9,"
這上面有插香，還不能吃吧？",2025年12月3日 星期三 下午10:09,@shopee_tw,,1,1,0,0,https://www.threads.com/@shopee_tw/post/DRznBCWk-ib,缺一柱\,2025年12月3日 星期三 下午11:30,,,0,0,0,0
mikotoj,https://www.threads.com/@mikotoj/post/DRy6ONUkuFm,"
坐⋯等⋯優⋯惠⋯碼⋯",2025年12月3日 星期三 下午4:59,@shopee_tw,,41,1,0,0,https://www.threads.com/@shopee_tw/post/DRy-LWHE0qC,下⋯⋯⋯禮拜⋯⋯我⋯生⋯日⋯⋯⋯等⋯⋯,2025年12月3日 星期三 下午5:33,,,82,6,0,1
seaways94511,https://www.threads.com/@seaways94511/post/DRy5rDHEceM,"
請問有賣金牌啤酒嗎？十箱",2025年12月3日 星期三 下午4:54,@shopee_tw,,13,3,0,2,https://www.threads.com/@shopee_tw/post/DRy98DoE_Rh,蝦啤,2025年12月3日 星期三 下午5:31,,,32,1,0,5
likewind0204,https://www.threads.com/@likewind0204/post/DRtZiqvklpZ,"@shopee_tw
也讓蝦皮知道這件事
希望蝦皮小編有海巡到
-
實在太可怕了，這次詐騙會寄email 通知發票中獎、做一個精緻的網站登入
而且差不多是12月初寄email
日期都有精準算出來，規劃很漂亮
-
手機號碼、電話、密碼、認證信
然後輸入信用卡的個資
我算是第一時間開啟信件，我的手機也有提醒這是詐騙連結
它的頁面做得很精緻，其他按鈕都可以回到原本的財政部電子發票整合系統畫面
-
我相信不只是我收到，轉發給身邊的朋友看，這次詐騙手法與更新畫面超強，我在想是不是也是用Gemini 3 pro做成網站，真的讓我驚艷。
歡迎轉發分享，照片、影片、文案直接用沒關係的，避免大家被詐騙是我的初衷。",2025年12月1日 星期一 下午1:37,,No photo description available. | No photo description available. | No photo description available. | No photo description available. | No photo description available. | No photo description available.,2831,193,640,5101,https://www.threads.com/@shopee_tw/post/DRv1Fv1k7ih,"感謝分享！提醒大家，蝦皮購物兌換中獎發票無需輸入任何信用卡資料，如有任何疑問請優先洽詢蝦皮客服，務必提高警覺，留意詐騙行為。詳情請參考蝦皮幫助中心 >> sho.pe/8ej3q…
help.shopee.tw
[發票相關] 發票中獎蝦皮會通知嗎？我該去哪裡兌換中獎發票？ | 蝦皮幫助中心",2025年12月2日 星期二 下午12:16,,[發票相關] 發票中獎蝦皮會通知嗎？我該去哪裡兌換中獎發票？ | 蝦皮幫助中心,112,0,1,11
larkcoae,https://www.threads.com/@larkcoae/post/DRrX1HskjwK,"
兄弟刪了吧，我朋友是無所謂的，但我有點破防了...算了我直接找一車麵包人弄你...",2025年11月30日 星期日 下午6:43,@shopee_tw,,6,1,0,0,https://www.threads.com/@shopee_tw/post/DRrvtcUk6Pr,看成找一車麵包超人弄你,2025年11月30日 星期日 下午10:12,,,9,1,0,0
yuching0417,https://www.threads.com/@yuching0417/post/DRrXEZtk5x3,,2025年11月30日 星期日 下午6:37,,,0,0,0,0,https://www.threads.com/@shopee_tw/post/DRrXNJ0kw2u,,2025年11月30日 星期日 下午6:38,,No photo description available.,37,0,0,0
hantingyao,https://www.threads.com/@hantingyao/post/DRqwCMHEQ98,追蹤hantingyao 原作者說讚更多正在回覆@shopee_tw髮圈、髮夾....讚4 轉發分享,2025年11月30日 星期日 下午12:56,,,,,,,https://www.threads.com/@shopee_tw/post/DRqwZWmEzag,追蹤shopee_tw已驗證 更多永遠找不到小黑夾讚2回覆轉發分享,2025年11月30日 星期日 下午12:59,,,,,,
1ynnirz,https://www.threads.com/@1ynnirz/post/DRn7xmGEzIf,"追蹤1ynnirz 更多在男朋友身上找到一根不屬於我的紅頭髮⋯讚5 萬回覆715 分享3,642",2025年11月29日 星期六 上午10:41,,No photo description available.,,,,,https://www.threads.com/@shopee_tw/post/DRoV4U4kwxV,"追蹤shopee_tw已驗證 原作者說讚更多那是我的頭髮讚6.7 萬回覆130 分享1,513",2025年11月29日 星期六 下午2:29,,,,,,
thehughjackman,https://www.threads.com/@thehughjackman/post/DRjoEFiEcNW,"追蹤thehughjackman已驗證 更多From Paris, with love. 翻譯已靜音已靜音讚8.1 萬回覆3,700 分享6,563",2025年11月27日 星期四 下午6:31,,No photo description available. | No photo description available. | No photo description available. | No photo description available. | No photo description available. | No photo description available. | No photo description available. | No photo description available. | No photo description available. | No photo description available. | No photo description available. | No photo description available. | No photo description available. | No photo description available.,,,,,https://www.threads.com/@shopee_tw/post/DRmktxkk8Ae,已驗證 已編輯更多,2025年11月28日 星期五 下午10:00,,,0,0,0,0
polly_0316,https://www.threads.com/@polly_0316/post/DRhArD2EV5s,"追蹤polly_0316寶雅 更多不會畫大餅的男友最棒了😍😍😍😍😍 劇透讚3.8 萬回覆538 分享4,252",2025年11月26日 星期三 下午6:09,,No photo description available.,,,,,https://www.threads.com/@shopee_tw/post/DRls0jCkwBS,已驗證 已編輯原作者說讚更多,2025年11月28日 星期五 下午1:51,,,0,0,0,0
kitki881,https://www.threads.com/@kitki881/post/DRedzSsETC0,已編輯原作者說讚更多,2025年11月25日 星期二 下午6:26,,,0,0,0,0,https://www.threads.com/@shopee_tw/post/DReeocpk-zV,追蹤shopee_tw已驗證 原作者說讚更多太速了吧!!! 速速速速pernova 回覆轉發分享,2025年11月25日 星期二 下午6:33,,,,,,
nora_chacha.f,https://www.threads.com/@nora_chacha.f/post/DRdaR1eE5Lz,追蹤nora_chacha.f 更多聖誕樹可以冷門，但不能邪門🎄 已靜音讚8.4 萬回覆597 分享2.2 萬,2025年11月25日 星期二 上午8:36,,No photo description available.,,,,,https://www.threads.com/@shopee_tw/post/DReAyVVkyMR,追蹤shopee_tw已驗證 更多全是，哥們讚1.0 萬回覆15 分享364,2025年11月25日 星期二 下午2:12,,No photo description available.,,,,
yumiaoliuuu,https://www.threads.com/@yumiaoliuuu/post/DRZ02wjj624,"追蹤yumiaoliuuu台北 更多台北市不是這樣的吧讚1.4 萬回覆518 分享3,933",2025年11月23日 星期日 下午11:11,,No photo description available. | No photo description available.,,,,,https://www.threads.com/@shopee_tw/post/DRb5GUjgUYP,已驗證 已編輯更多,2025年11月24日 星期一 下午6:26,,,0,0,0,0
yuntong_3,https://www.threads.com/@yuntong_3/post/DRUISdIEoS6,剝蝦大挑戰讓店員覺得我一隻都沒吃,2025年11月21日 星期五 下午6:05,,No photo description available. | No photo description available.,60000,485,1154,5589,https://www.threads.com/@shopee_tw/post/DRWaaF1k44l,不是，哥們,2025年11月22日 星期六 下午3:22,,,21000,58,55,288
mason_shih07,https://www.threads.com/@mason_shih07/post/DROjf48ETdA,"
這些小編一定都是00後，底下還有麥當勞，不說了我以後也要去當小編",2025年11月19日 星期三 下午2:07,@shopee_tw,,34,1,0,0,https://www.threads.com/@shopee_tw/post/DRPKAbtE_0S,……我97的,2025年11月19日 星期三 下午7:44,,,119,4,0,4
rnn9063t,https://www.threads.com/@rnn9063t/post/DRPH8PvCUXO,,2025年11月19日 星期三 下午7:26,@shopee_tw,,423,1,0,3,https://www.threads.com/@shopee_tw/post/DRPJu6aEy9o,該來合作蝦子口味的羊奶了,2025年11月19日 星期三 下午7:42,,,173,9,0,2
rnn9063t,https://www.threads.com/@rnn9063t/post/DROSrr6CRBb,,2025年11月19日 星期三 上午11:41,,,0,0,0,0,https://www.threads.com/@shopee_tw/post/DRPH3Hck6NM,好的 水果牛奶,2025年11月19日 星期三 下午7:25,,,3830,23,7,49
shopee_my,https://www.threads.com/@shopee_my/post/DROW5YoksIl,"
@shopee_tw
@shopee_vn",2025年11月19日 星期三 下午12:17,@shopee_vn,,1248,16,11,32,https://www.threads.com/@shopee_tw/post/DROZZX5ExLK,I love shopee,2025年11月19日 星期三 下午12:39,,,112,1,0,2
shopee_vn,https://www.threads.com/@shopee_vn/post/DRORf-vk7Mi,MỜI MỌI NGƯỜI DÙNG BỮA CƠM HAHAHAHAHAHAHAHAHAHAHAHAHAHAHAHAHAHAHAHAHAHAHAHAHAHAHAHAHA20GIỜTỐIHÀNGNGÀYHAHAHAHAHAHAHAHAHAHAHAHAHAHAHAHAHAHAHAHAHATAIHAHAHAHAHAHAHAHAHAHAHAHAHAHAHAHAHAAHAHAHAAHAHAHAHAHAHAHAHAHAHAHAHAHAHAHAHAHAHHATRÊNSHOPEEVIDEOHAHAHAHAHAHAHAHAHAHAHAHAHAHHAHA,2025年11月19日 星期三 上午11:30,,,3049,157,118,330,https://www.threads.com/@shopee_tw/post/DROVNX_EyYV,,2025年11月19日 星期三 下午12:03,,No photo description available.,4190,29,60,121
icyy_.221,https://www.threads.com/@icyy_.221/post/DRM3Di5Enn1,"
正版在哪",2025年11月18日 星期二 下午10:20,@shopee_tw,,60,1,0,1,https://www.threads.com/@shopee_tw/post/DRM3GnVkzhT,全部都是正版,2025年11月18日 星期二 下午10:20,,,216,0,0,2
cylwr.122,https://www.threads.com/@cylwr.122/post/DRMxt43kZRa,"
@shopee_my
我要看到你出現",2025年11月18日 星期二 下午9:33,@shopee_tw,,170,1,1,2,https://www.threads.com/@shopee_tw/post/DRMx-lNk2ve,我就是,2025年11月18日 星期二 下午9:36,,,256,1,1,3
firework_0626,https://www.threads.com/@firework_0626/post/DRMnei6jxv7,"
嗨 蝦皮",2025年11月18日 星期二 下午8:04,@shopee_tw,,3,1,0,0,https://www.threads.com/@shopee_tw/post/DRMpwI9E0eb,哈哈哈哈哈哈哈哈哈哈哈哈哈哈哈哈哈哈哈哈哈哈哈哈哈哈哈哈哈哈哈哈哈哈哈哈哈哈哈哈哈哈哈哈哈哈哈哈哈哈哈哈哈哈哈哈哈哈哈哈哈哈哈哈哈哈哈哈哈哈哈哈哈哈哈哈哈哈哈哈哈哈哈哈哈哈哈哈哈哈哈哈哈哈哈哈哈哈嗨哈哈哈哈哈哈哈哈哈哈哈哈哈哈哈哈哈哈哈哈哈哈哈哈哈哈哈哈哈哈哈哈哈哈哈哈哈哈哈哈哈哈哈哈哈哈哈哈哈哈哈哈哈哈哈哈哈哈哈哈哈哈哈哈哈哈哈哈哈哈哈哈哈哈哈哈哈哈哈哈哈哈哈哈哈哈哈哈哈哈哈哈哈哈哈哈哈哈哈,2025年11月18日 星期二 下午8:24,,,17,1,0,0
jk_k_orange,https://www.threads.com/@jk_k_orange/post/DRMnwIOEeA9,"
可笑嗎",2025年11月18日 星期二 下午8:06,@shopee_tw,,18,2,0,2,https://www.threads.com/@shopee_tw/post/DRMoyIxk5mE,你的出現是我不能規避的傷,2025年11月18日 星期二 下午8:15,,,118,2,0,14
il_0207,https://www.threads.com/@il_0207/post/DRMk2LQj3X8,"
喵喵喵喵喵喵喵喵喵喵喵喵喵喵喵喵喵喵喵喵喵喵喵喵喵喵喵喵喵喵禹洙漢喵喵喵喵喵喵喵喵喵喵喵喵喵好正喵喵喵喵喵喵喵喵喵喵喵喵喵喵喵喵喵喵喵喵喵喵喵喵喵喵喵喵喵喵喵喵喵喵喵喵喵喵喵喵喵吱喵喵喵喵喵",2025年11月18日 星期二 下午7:41,@shopee_tw,,21,1,0,0,https://www.threads.com/@shopee_tw/post/DRMm903kwgH,喵喵喵喵喵喵喵喵喵喵喵喵喵喵喵喵喵喵喵喵喵喵喵喵喵喵喵喵喵喵李多慧喵喵喵喵喵喵喵喵喵喵喵喵喵雙11代言人喵喵喵喵喵喵喵喵喵喵喵喵喵喵喵喵喵喵喵喵喵喵喵喵喵喵喵喵好漂亮喵喵喵喵喵喵喵喵喵喵喵喵喵喵喵喵喵喵喵,2025年11月18日 星期二 下午7:59,,,64,1,0,7
kawae0407,https://www.threads.com/@kawae0407/post/DRGxnA8EW9v,企鵝家族跟美樂蒂的寶寶,2025年11月16日 星期日 下午1:37,,No photo description available. | No photo description available.,32000,106,2094,8876,https://www.threads.com/@shopee_tw/post/DRMdN9kE_70,,2025年11月18日 星期二 下午6:34,,No photo description available.,526,8,2,29
__joeybehbeh,https://www.threads.com/@__joeybehbeh/post/DRJXVwsEb0l,,2025年11月17日 星期一 下午1:45,@shopee_tw,No photo description available.,602,2,3,3,https://www.threads.com/@shopee_tw/post/DRJmNmBk4Ik,我喜歡這張梗圖,2025年11月17日 星期一 下午3:55,,,434,2,0,2
allennlai,https://www.threads.com/@allennlai/post/DRHxowbEjhA,,2025年11月16日 星期日 下午10:56,@shopee_tw,,1958,2,32,166,https://www.threads.com/@shopee_tw/post/DRJXRR2E6sr,,2025年11月17日 星期一 下午1:44,,,0,0,0,0
shopee_my,https://www.threads.com/@shopee_my/post/DREABe3EohO,HAHAHAHHAHAHAHAHAHAHHHAHAHAHHAHAHAHAHHAHAHAHAHHHAHAHAHAHAHAHAHAHAHHAHAHAHAHHAHAHAHAHHAAHHAHAHAHAHHAAHHAHAHAAHCHECKOUTSEKARANGHAHAHAHHAHAHAHAHAHAHHAHAHAHAHAHHAAHHAHAHAAHHAHAHAHHAAHKATSHOPEEHAHAHAHAHAHHAHAHAHAHHAHAHAHAHHAHAHAHAHHAHAHAHAHAHAHAHHAHAHAHAHAHHAHAHAHHAHAHAHHAHAHAHAHAHHAHAHAHAHAHADASALEHAHAHAHAHHAHAHAHHAHAHAHAHMIDMONTHAHAHAHAHHAHAHAHAHAHAHAHHAHAHAHAHHAHAHAHHAHAHAHAH,2025年11月15日 星期六 上午11:45,,,57000,1856,2346,3769,https://www.threads.com/@shopee_tw/post/DRHxfgtk3Wm,不要再冒充我的身分了,2025年11月16日 星期日 下午10:55,,,44000,120,240,816
life.sweet.2019,https://www.threads.com/@life.sweet.2019/post/DRCZOBIk7kP,"
本來想要放上我白金蝦會員截圖
看到留言區 想一想還是算了好像太弱了",2025年11月14日 星期五 下午8:47,@shopee_tw,,11,1,0,0,https://www.threads.com/@shopee_tw/post/DRCiE1PEyBY,我看,2025年11月14日 星期五 下午10:04,,,15,1,0,0
openbox.truly,https://www.threads.com/@openbox.truly/post/DRCQngZku9-,"
三萬怎麼夠",2025年11月14日 星期五 下午7:32,@shopee_tw,No photo description available.,83,1,0,0,https://www.threads.com/@shopee_tw/post/DRCTnOCk5so,加起來花了40萬⋯,2025年11月14日 星期五 下午7:58,,,44,1,0,0
yy._12.11,https://www.threads.com/@yy._12.11/post/DRAOa2nj8KZ,"我朋友有什麼心事嗎😄
劇透",2025年11月14日 星期五 上午12:34,,No photo description available.,35000,160,976,4150,https://www.threads.com/@shopee_tw/post/DRBr1DLk5AJ,「除了活到付款以外的，我全部會教你」,2025年11月14日 星期五 下午2:10,,No photo description available.,8465,46,151,1119
c_yu_w,https://www.threads.com/@c_yu_w/post/DQ_LVpWkgWF,可以跟我說那四個字嗎,2025年11月13日 星期四 下午2:48,,No photo description available.,8110,1245,13,77,https://www.threads.com/@shopee_tw/post/DRBUmK2kzec,蝦皮免運,2025年11月14日 星期五 上午10:47,,,995,4,1,6
ktgn556412,https://www.threads.com/@ktgn556412/post/DRBQmkBEzlr,追蹤ktgn556412鏈鋸人 更多如果鏈鋸人變成八點檔：已靜音Instagram logodcard.video讚3.0 萬回覆276 分享1.0 萬,2025年11月14日 星期五 上午10:12,,,,,,,https://www.threads.com/@shopee_tw/post/DRBS4j7k8ut,"追蹤shopee_tw已驗證 更多抱歉了威秀 這局我們贏讚4,548 轉發5",2025年11月14日 星期五 上午10:32,,,,,,
familymart_tw,https://www.threads.com/@familymart_tw/post/DQ_eZESkhrl,已驗證 已編輯更多,2025年11月13日 星期四 下午5:34,,,0,0,0,0,https://www.threads.com/@shopee_tw/post/DQ_tuXcEzGF,追蹤shopee_tw已驗證 更多@familymart_tw 我想喝你做的拿鐵讚229 轉發1分享,2025年11月13日 星期四 下午7:48,,,,,,
_3luuuuuu,https://www.threads.com/@_3luuuuuu/post/DQ7NawdkpYA,"蝦皮半夜下單 晚上就拿到 超扯ㄉ
看來有人颱風天要在家一整天ㄌ 1/2已靜音已靜音讚1.1 萬回覆105轉發295分享904",2025年11月12日 星期三 上午1:49,,,,,,,https://www.threads.com/@shopee_tw/post/DQ9ksyKk6iJ,追蹤shopee_tw已驗證 更多讚473 轉發1,2025年11月12日 星期三 下午11:51,,No photo description available.,,,,
tobyleedogg,https://www.threads.com/@tobyleedogg/post/DQ6NcUVEYIm,"追蹤tobyleedogg 更多姐姐今天捐款給別狗 我呢😄 讚2.3 萬回覆195 分享1,894",2025年11月11日 星期二 下午4:30,,No photo description available. | No photo description available. | No photo description available.,,,,,https://www.threads.com/@shopee_tw/post/DQ8qIKhk36Y,追蹤shopee_tw已驗證 原作者說讚更多讚615 轉發1,2025年11月12日 星期三 下午3:19,,No photo description available.,,,,
chrisxvargas,https://www.threads.com/@chrisxvargas/post/DQ48EwlkjLT,追蹤chrisxvargas 更多Guys help what do I do with this space 😭 翻譯讚22 萬回覆1.7 萬轉發1.8 萬分享5.1 萬,2025年11月11日 星期二 上午4:39,,No photo description available.,,,,,https://www.threads.com/@shopee_tw/post/DQ8j8DUE8ld,追蹤shopee_tw已驗證 更多讚1.2 萬回覆32 分享199,2025年11月12日 星期三 下午2:25,,No photo description available.,,,,
evonne_5622,https://www.threads.com/@evonne_5622/post/DQ8N7J7E1Ym,追蹤evonne_5622 原作者說讚更多正在回覆@shopee_tw我快要懷疑你是之前萊爾富的小編，很有梗耶🤣讚8 轉發分享,2025年11月12日 星期三 上午11:13,,,,,,,https://www.threads.com/@shopee_tw/post/DQ8TBrTk6yc,追蹤shopee_tw已驗證 原作者說讚更多@hilife_cvs 找你的讚25回覆轉發分享,2025年11月12日 星期三 上午11:57,,,,,,
_1iycnz,https://www.threads.com/@_1iycnz/post/DQ73Sp3E81B,"追蹤_1iycnz蝦皮 更多？蝦皮我真的沒招了 讚4.2 萬回覆286 分享1,265",2025年11月12日 星期三 上午7:55,,No photo description available.,,,,,https://www.threads.com/@shopee_tw/post/DQ8S32vE1ZR,追蹤shopee_tw已驗證 更多………讚1.6 萬回覆33 分享58,2025年11月12日 星期三 上午11:56,,,,,,
ginseng.taiwan,https://www.threads.com/@ginseng.taiwan/post/DQ8Fb-3gR8H,追蹤ginseng.taiwan 原作者說讚更多正在回覆@shopee_tw身為蝦皮是不是應該要買99+才對???讚7 轉發分享,2025年11月12日 星期三 上午9:58,,,,,,,https://www.threads.com/@shopee_tw/post/DQ8GS2bE2gp,追蹤shopee_tw已驗證 原作者說讚更多月薪5萬購物車50萬讚23 轉發分享,2025年11月12日 星期三 上午10:06,,,,,,
munmunjunjun,https://www.threads.com/@munmunjunjun/post/DQ8CeYSE66m,追蹤munmunjunjun 原作者說讚更多正在回覆@shopee_tw完蛋我一直以為是免費！不是嗎？讚255 轉發1,2025年11月12日 星期三 上午9:33,,No photo description available.,,,,,https://www.threads.com/@shopee_tw/post/DQ8Fcf9kyNI,追蹤shopee_tw已驗證 原作者說讚更多59…讚160 轉發分享1,2025年11月12日 星期三 上午9:59,,,,,,
allennlai,https://www.threads.com/@allennlai/post/DQ8FM0Qks0R,追蹤allennlai 原作者說讚更多正在回覆@shopee_tw參戰 MVP結算畫面：讚68 轉發分享,2025年11月12日 星期三 上午9:56,,No photo description available.,,,,,https://www.threads.com/@shopee_tw/post/DQ8FayWE61r,追蹤shopee_tw已驗證 更多VIP 回覆轉發分享1,2025年11月12日 星期三 上午9:58,,,,,,
auntyfumika,https://www.threads.com/@auntyfumika/post/DQ8D-Urj4hV,追蹤auntyfumika已驗證 原作者說讚更多正在回覆@shopee_tw😭😭😭讚902 轉發分享,2025年11月12日 星期三 上午9:46,,No photo description available.,,,,,https://www.threads.com/@shopee_tw/post/DQ8EqtwE327,追蹤shopee_tw已驗證 原作者說讚更多是Fumi阿姨！！！讚126回覆轉發分享,2025年11月12日 星期三 上午9:52,,No photo description available.,,,,
smart_itrash,https://www.threads.com/@smart_itrash/post/DQ6uMzVE9c-,追蹤smart_itrash 原作者說讚更多正在回覆@shopee_tw這是一種車貸對吧இдஇ讚183 轉發分享1,2025年11月11日 星期二 下午9:16,,No photo description available.,,,,,https://www.threads.com/@shopee_tw/post/DQ69jqpE-3F,追蹤shopee_tw已驗證 原作者說讚更多99元而已還好讚115 轉發分享,2025年11月11日 星期二 下午11:30,,,,,,
topcityfe21,https://www.threads.com/@topcityfe21/post/DQ6j7JXE5QZ,鳳凰颱風 已編輯更多,2025年11月11日 星期二 下午7:46,,,0,0,0,0,https://www.threads.com/@shopee_tw/post/DQ6o4Nrk_zd,追蹤shopee_tw已驗證 更多讚203 轉發分享,2025年11月11日 星期二 下午8:30,,No photo description available.,,,,
van1xz,https://www.threads.com/@van1xz/post/DQ6gn8Fj3Es,"追蹤van1xz 原作者說讚更多正在回覆@shopee_tw可以加碼抽一個清空購物車嗎讚5,814 轉發68",2025年11月11日 星期二 下午7:18,,No photo description available.,,,,,https://www.threads.com/@shopee_tw/post/DQ6iF2mE3ZW,"追蹤shopee_tw已驗證 原作者說讚更多原來我們蝦皮有賣房地產嗎讚3,517 轉發10",2025年11月11日 星期二 下午7:30,,No photo description available.,,,,
stanley_.0216,https://www.threads.com/@stanley_.0216/post/DQ6dDUlklXE,追蹤stanley_.0216 原作者說讚更多正在回覆@shopee_tw 回覆1轉發分享,2025年11月11日 星期二 下午6:46,,No photo description available.,,,,,https://www.threads.com/@shopee_tw/post/DQ6dREIkyr6,追蹤shopee_tw已驗證 原作者說讚更多我真的要被開除了讚33回覆轉發分享,2025年11月11日 星期二 下午6:48,,,,,,
_laiyun,https://www.threads.com/@_laiyun/post/DQ6Yrd6EpzP,已編輯更多,2025年11月11日 星期二 下午6:08,,,0,0,0,0,https://www.threads.com/@shopee_tw/post/DQ6ZINHE5-q,追蹤shopee_tw已驗證 原作者說讚更多退兩萬步來講免費的話我會被開除讚229回覆轉發分享1,2025年11月11日 星期二 下午6:12,,,,,,
_laiyun,https://www.threads.com/@_laiyun/post/DQ5bgLkkpji,"追蹤_laiyun 更多雙11是免運不是免錢 讚3.6 萬回覆167 分享2,757",2025年11月11日 星期二 上午9:14,,,,,,,https://www.threads.com/@shopee_tw/post/DQ6VMAgFOEA,"追蹤shopee_tw已驗證 更多官方提醒：雙11是免運不是免費讚1,074 轉發分享3",2025年11月11日 星期二 下午5:38,,,,,,
1zhux_,https://www.threads.com/@1zhux_/post/DQ1ZMmLk-UH,可以把學校放到蝦皮上賣掉嗎,2025年11月9日 星期日 下午7:36,,,41000,203,3606,1656,https://www.threads.com/@shopee_tw/post/DQ6GxveEw-X,可以,2025年11月11日 星期二 下午3:32,,,8708,19,31,131
winxneyi,https://www.threads.com/@winxneyi/post/DQ4c-cBEnhc,"11/11目前只過了7分鐘
我已經在蝦皮下單2000了幹",2025年11月11日 星期二 上午12:07,,,4992,56,76,104,https://www.threads.com/@shopee_tw/post/DQ5bwhHEx8_,車貸2000,2025年11月11日 星期二 上午9:16,,,188,1,0,3
chen_970314,https://www.threads.com/@chen_970314/post/DQ4EEmZE8q2,"
貼我的書桌上（都不用讀書了哈哈哈哈",2025年11月10日 星期一 下午8:30,@shopee_tw,,4,1,0,0,https://www.threads.com/@shopee_tw/post/DQ4JNhAk6Km,,2025年11月10日 星期一 下午9:14,,,2,1,0,0
linglingcai87,https://www.threads.com/@linglingcai87/post/DQ4GntzgYDe,"
蝦蝦明天請假🤣",2025年11月10日 星期一 下午8:52,@shopee_tw,,5,1,0,0,https://www.threads.com/@shopee_tw/post/DQ4G_6vE4xf,明天雙十一⋯,2025年11月10日 星期一 下午8:55,,,5,1,0,0
lyz.7_08,https://www.threads.com/@lyz.7_08/post/DQ4C01tE1Xn,"
上你嗎桃園放",2025年11月10日 星期一 下午8:19,@shopee_tw,,124,1,0,0,https://www.threads.com/@shopee_tw/post/DQ4DgghE4bX,,2025年11月10日 星期一 下午8:25,,No photo description available.,276,1,1,6
munmunjunjun,https://www.threads.com/@munmunjunjun/post/DQ4DJB_E1eP,"
優惠券
發！",2025年11月10日 星期一 下午8:21,@shopee_tw,,63,1,0,4,https://www.threads.com/@shopee_tw/post/DQ4DTZyE4od,我問一下老闆，有的話放留言區,2025年11月10日 星期一 下午8:23,,,127,5,0,0
le_dahye,https://www.threads.com/@le_dahye/post/DQ10oAVEx0f,你要不要坐我旁邊,2025年11月9日 星期日 下午11:36,,No photo description available. | No photo description available. | No photo description available.,100000,1184,775,1773,https://www.threads.com/@shopee_tw/post/DQ12p3ck0hf,,2025年11月9日 星期日 下午11:54,,,1588,0,1,8
m.qht8,https://www.threads.com/@m.qht8/post/DQvsH_JEzNA,,2025年11月7日 星期五 下午2:26,,No photo description available. | No photo description available. | No photo description available. | No photo description available. | No photo description available. | No photo description available. | No photo description available.,64000,3599,1981,13000,https://www.threads.com/@shopee_tw/post/DQyi-g1E_tp,,2025年11月8日 星期六 下午5:04,,No photo description available.,3031,11,12,50
fairyyyjing,https://www.threads.com/@fairyyyjing/post/DQxz22skgkX,昨天去金融展看到中信鴿跟台新狗在打架 超好笑,2025年11月8日 星期六 上午10:12,,No photo description available.,51000,643,2786,11000,https://www.threads.com/@shopee_tw/post/DQyTBRJk9-b,昨天也有人跟我Battle,2025年11月8日 星期六 下午2:45,,,10000,42,111,341
im.umbrella_,https://www.threads.com/@im.umbrella_/post/DQvV6zDkxAg,你一定看過的帳號,2025年11月7日 星期五 上午11:12,,No photo description available. | No photo description available. | No photo description available. | No photo description available. | No photo description available. | No photo description available. | No photo description available. | No photo description available. | No photo description available.,12000,368,149,81,https://www.threads.com/@shopee_tw/post/DQx_NAzE9Oo,,2025年11月8日 星期六 上午11:52,,,0,0,0,0
g_like_888,https://www.threads.com/@g_like_888/post/DQwJ7E7E2Vv,"
照片我至少看到第三次了 怎辦",2025年11月7日 星期五 下午6:47,@shopee_tw,,12,1,0,0,https://www.threads.com/@shopee_tw/post/DQwKZbsFJhe,存起來,2025年11月7日 星期五 下午6:51,,No photo description available.,33,1,0,2
chili_chang,https://www.threads.com/@chili_chang/post/DQwH6Rsk2yB,"
小編你不要再刪掉重發了",2025年11月7日 星期五 下午6:29,@shopee_tw,,48,1,0,0,https://www.threads.com/@shopee_tw/post/DQwH-fTk8zI,不能跟KPI過不去,2025年11月7日 星期五 下午6:30,,,47,0,0,0
mila._o5,https://www.threads.com/@mila._o5/post/DQvIufYE4ae,以後都給男朋友開箱好了 無奈到笑出來,2025年11月7日 星期五 上午9:19,,,75000,451,3428,9334,https://www.threads.com/@shopee_tw/post/DQwGbpWk4Qi,,2025年11月7日 星期五 下午6:16,,,20000,16,16,139
roborock_taiwan,https://www.threads.com/@roborock_taiwan/post/DQvqHsxEq9U,"
真的不考慮嗎🫣",2025年11月7日 星期五 下午2:09,@shopee_tw,No photo description available.,40,2,0,0,https://www.threads.com/@shopee_tw/post/DQvtTX9k3au,這也可以諧音梗⋯,2025年11月7日 星期五 下午2:37,,,29,0,0,0
theodorastw,https://www.threads.com/@theodorastw/post/DQvrnGLgQNr,"
底下抽一個幫我繳車貸",2025年11月7日 星期五 下午2:22,@shopee_tw,,115,1,0,2,https://www.threads.com/@shopee_tw/post/DQvs8qVE7Ej,抽到我老闆了,2025年11月7日 星期五 下午2:34,,,167,2,0,0
yyccball,https://www.threads.com/@yyccball/post/DQuKh2UE-fe,"雖然過了一年但一直看郭泓志喊Kersh好好笑
真的是兄弟",2025年11月7日 星期五 上午12:14,,,25000,63,210,534,https://www.threads.com/@shopee_tw/post/DQvSgkiE59Z,,2025年11月7日 星期五 上午10:43,,No photo description available.,107,0,0,0
_ian_chen2004,https://www.threads.com/@_ian_chen2004/post/DQraw9-kiij,"我是男生
我要把普發一萬塊拿給女朋友玩寶雅三十分鐘隨便買",2025年11月5日 星期三 下午10:38,,,60000,2044,4045,19000,https://www.threads.com/@shopee_tw/post/DQuNTB3k3q9,,2025年11月7日 星期五 上午12:38,,,0,0,0,0
le_dahye,https://www.threads.com/@le_dahye/post/DQtUmb7Ez9i,追蹤le_dahye已驗證李多慧 原作者說讚更多正在回覆@shopee_tw在哪裡？我也要去讚5.3 萬回覆173 分享514,2025年11月6日 星期四 下午4:22,,No photo description available.,,,,,https://www.threads.com/@shopee_tw/post/DQtquh_k9S-,"【北部】
🦐松菸旗艦店智取店
🦐萬華漢中智取店
【中部】
🦐台中東門智取店
🦐台中柳川智取店
【南部】
🦐前鎮天山智取店
🦐苓雅興中智取店讚130回覆3轉發5分享32",2025年11月6日 星期四 下午7:36,,,,,,
munmunjunjun,https://www.threads.com/@munmunjunjun/post/DQs93Wnk5hL,追蹤munmunjunjun 原作者說讚更多正在回覆@shopee_tw勿偷超好笑😂讚32 轉發分享1,2025年11月6日 星期四 下午1:04,,,,,,,https://www.threads.com/@shopee_tw/post/DQtVh-NE1Eo,追蹤shopee_tw已驗證 原作者說讚更多生活難免有意外 整台扛走五萬塊讚71 轉發分享7,2025年11月6日 星期四 下午4:30,,,,,,
only_aries25,https://www.threads.com/@only_aries25/post/DQp6hs3EkwO,"台灣網友表示：讚13 萬回覆1,327轉發7,514分享3.5 萬",2025年11月5日 星期三 上午8:37,,No photo description available. | No photo description available. | No photo description available. | No photo description available. | No photo description available. | No photo description available. | No photo description available. | No photo description available. | No photo description available.,,,,,https://www.threads.com/@shopee_tw/post/DQqQZuUk36f,追蹤shopee_tw已驗證 原作者說讚更多取貨 翻譯讚1.4 萬回覆28 分享152,2025年11月5日 星期三 上午11:48,,No photo description available.,,,,
mindfulvampire,https://www.threads.com/@mindfulvampire/post/DQkTD6_kgIW,追蹤mindfulvampire 更多How would you style this space? 翻譯 讚14 萬回覆1.6 萬轉發1 萬分享5 萬,2025年11月3日 星期一 上午4:16,,No photo description available.,,,,,https://www.threads.com/@shopee_tw/post/DQqOjSDk01X,"追蹤shopee_tw已驗證 更多讚3,030 轉發8",2025年11月5日 星期三 上午11:32,,No photo description available.,,,,
digo0309,https://www.threads.com/@digo0309/post/DQpQiQLk1jR,"全家和7-EVELEn兩位沒有互相追蹤
但是全家和7-EVELEn都有追蹤蝦皮
蝦皮則是有追蹤全家和7-EVELEn還有追蹤萊爾富
萊爾富則是有追蹤蝦皮跟7-EVELEn卻沒有追蹤全家 1/2讚7.6 萬回覆1,352轉發3,112分享1.3 萬",2025年11月5日 星期三 上午2:30,,,,,,,https://www.threads.com/@shopee_tw/post/DQqHSm8E_KJ,已驗證 已編輯原作者說讚更多,2025年11月5日 星期三 上午10:28,,,0,0,0,0
familymart_tw,https://www.threads.com/@familymart_tw/post/DQlwEPIErj3,"追蹤familymart_tw已驗證 原作者說讚更多正在回覆@shopee_tw那個是不是跟我們一樣是糖粉讚1,010 轉發分享17",2025年11月3日 星期一 下午5:48,,No photo description available.,,,,,https://www.threads.com/@shopee_tw/post/DQnhWE6kxAx,追蹤shopee_tw已驗證 原作者說讚更多要聯名嗎讚55回覆轉發分享1,2025年11月4日 星期二 上午10:18,,,,,,
louis_223829,https://www.threads.com/@louis_223829/post/DQjb8qniel1,"正在回覆 @nse__shop_tw我以前還問你能不能今天下單前天到貨讚1,829 轉發3",2025年11月2日 星期日 下午8:14,,,,,,,https://www.threads.com/@shopee_tw/post/DQl_hVeE2BF,"追蹤shopee_tw已驗證 更多讚1,966回覆轉發5",2025年11月3日 星期一 下午8:03,,No photo description available.,,,,
npm_south,https://www.threads.com/@npm_south/post/DQlu5xgCfTw,追蹤npm_south已驗證 原作者說讚更多正在回覆@shopee_tw橘子讚84 轉發分享,2025年11月3日 星期一 下午5:38,,No photo description available.,,,,,https://www.threads.com/@shopee_tw/post/DQl6xLfk2r6,追蹤shopee_tw已驗證 更多花媽讚16回覆轉發分享,2025年11月3日 星期一 下午7:22,,,,,,
yu._.03_29,https://www.threads.com/@yu._.03_29/post/DQl48OgkzCF,"
？我一直以為是橘子欸",2025年11月3日 星期一 下午7:06,@shopee_tw,,12,3,0,0,https://www.threads.com/@shopee_tw/post/DQl6vook5yY,現在看又像柿子,2025年11月3日 星期一 下午7:22,,,11,0,0,0
yu1bluu,https://www.threads.com/@yu1bluu/post/DQltQKiEcWF,"
原來他有頭髮",2025年11月3日 星期一 下午5:24,@shopee_tw,,25,1,0,0,https://www.threads.com/@shopee_tw/post/DQl2Gpjk7nk,兩根,2025年11月3日 星期一 下午6:41,,No photo description available.,98,1,0,0
gagasiao,https://www.threads.com/@gagasiao/post/DQlySrHEvv-,"
現在才知道蝦皮的吉祥物是一隻蝦..........",2025年11月3日 星期一 下午6:08,@shopee_tw,,15,1,0,0,https://www.threads.com/@shopee_tw/post/DQl2AigkwKH,是橘子,2025年11月3日 星期一 下午6:40,,,14,0,0,0
pingtungcity_sports,https://www.threads.com/@pingtungcity_sports/post/DQlslyRiZsY,"
我們的吉祥物直接變阿嬤家冰箱裡的魚",2025年11月3日 星期一 下午5:18,@shopee_tw,No photo description available. | No photo description available.,242,1,1,9,https://www.threads.com/@shopee_tw/post/DQltnrhE0Al,看起來放在阿嬤冰箱裡20年了,2025年11月3日 星期一 下午5:27,,,81,1,0,1
guardstation.tw,https://www.threads.com/@guardstation.tw/post/DQlr1W7kiZf,"
看起來甚至有點好吃",2025年11月3日 星期一 下午5:11,@shopee_tw,,5,1,0,0,https://www.threads.com/@shopee_tw/post/DQltb0Lk1pR,砂糖橘,2025年11月3日 星期一 下午5:25,,,6,0,0,0
tony__winn,https://www.threads.com/@tony__winn/post/DQleDmQkpz-,不小心罵到店家,2025年11月3日 星期一 下午3:11,,No photo description available.,190000,4855,11000,71000,https://www.threads.com/@shopee_tw/post/DQlqhEDEQQi,抱歉,2025年11月3日 星期一 下午5:00,,No photo description available.,29000,37,70,149
diorlying,https://www.threads.com/@diorlying/post/DQhSp3nE7zC,"你們台灣人是不是壓力很大 為什麼cosplay成這樣
我真的看了很開心 你們可不可以把全部cosplay好玩的發在這裡給我看哈哈哈哈哈哈哈",2025年11月2日 星期日 上午12:14,,,31000,408,1790,6949,https://www.threads.com/@shopee_tw/post/DQikXUmESay,"每個都很強
shopee_tw
2025-10-31
超好笑地味萬聖節",2025年11月2日 星期日 下午12:08,,No photo description available. | No photo description available. | No photo description available. | No photo description available. | No photo description available. | No photo description available. | No photo description available. | No photo description available. | No photo description available. | No photo description available. | No photo description available. | No photo description available. | No photo description available.,175,321,5150,9
lanahaha_18,https://www.threads.com/@lanahaha_18/post/DQglBn0E0VG,先領錢再到旁邊取貨📦,2025年11月1日 星期六 下午5:36,,No photo description available.,12000,32,315,726,https://www.threads.com/@shopee_tw/post/DQg9VgHE3yp,禮拜一來報到,2025年11月1日 星期六 下午9:08,,,910,2,0,8
yangjhang,https://www.threads.com/@yangjhang/post/DQgDxlokhG3,今天蝦皮取貨的客人好像有點…….,2025年11月1日 星期六 下午12:47,,,41000,319,1032,4210,https://www.threads.com/@shopee_tw/post/DQg87-rE-Gr,1.0 萬,2025年11月1日 星期六 下午9:05,,No photo description available.,10000,6,33,87
mon122727,https://www.threads.com/@mon122727/post/DQgiIWck2Cb,追蹤mon122727 原作者說讚更多正在回覆@shopee_tw每次蝦皮的地味萬聖節都超好笑讚4 轉發分享,2025年11月1日 星期六 下午5:10,,,,,,,https://www.threads.com/@shopee_tw/post/DQgv-aXkVKs,追蹤shopee_tw已驗證 更多期待明年吧！ 翻譯讚3回覆轉發分享,2025年11月1日 星期六 下午7:11,,,,,,
d______avi______d,https://www.threads.com/@d______avi______d/post/DQfB5cxkn9v,"追蹤d______avi______d萬聖節 原作者說讚更多正在回覆@shopee_tw在美食街找位置的人 超好笑很貼切信義區商圈讚1,351 轉發4",2025年11月1日 星期六 上午3:10,,No photo description available.,,,,,https://www.threads.com/@shopee_tw/post/DQgD-xck7qD,追蹤shopee_tw已驗證 原作者說讚更多感覺是從A11美食街走過來的人讚147回覆轉發分享,2025年11月1日 星期六 下午12:47,,,,,,
cosmos5207418,https://www.threads.com/@cosmos5207418/post/DQf7HhfEgPq,追蹤cosmos5207418 原作者說讚更多正在回覆@shopee_tw好喜歡這系列，蝦皮總是不會讓人們失望🤣🤣讚2 轉發分享,2025年11月1日 星期六 上午11:30,,,,,,,https://www.threads.com/@shopee_tw/post/DQf_r3kE_i9,追蹤shopee_tw已驗證 更多明年一起來玩！讚2回覆轉發分享,2025年11月1日 星期六 下午12:09,,,,,,
_8insu,https://www.threads.com/@_8insu/post/DQf2ytgE4JF,追蹤_8insu 原作者說讚更多正在回覆@shopee_tw曬日本戰利品是要擺攤嗎😍讚2 轉發分享,2025年11月1日 星期六 上午10:52,,,,,,,https://www.threads.com/@shopee_tw/post/DQf_pH2E-dm,追蹤shopee_tw已驗證 更多不確定是不是剛下飛機讚2回覆轉發分享,2025年11月1日 星期六 下午12:09,,,,,,
tolitochi,https://www.threads.com/@tolitochi/post/DQf2oLREwmY,Os:還要買什麼 不會一次講完喔⋯讚347回覆1轉發1分享5,2025年11月1日 星期六 上午10:50,,No photo description available.,,,,,https://www.threads.com/@shopee_tw/post/DQf_bpwkUkN,追蹤shopee_tw已驗證 原作者說讚更多五杯大冰拿讚51 轉發分享1,2025年11月1日 星期六 下午12:07,,,,,,
elinacmxx,https://www.threads.com/@elinacmxx/post/DQe17PhD3Gj,追蹤elinacmxx 原作者說讚更多正在回覆@shopee_tw每個都沒在輸的讚6 轉發分享,2025年11月1日 星期六 上午1:25,,,,,,,https://www.threads.com/@shopee_tw/post/DQe2D5Ik4RL,追蹤shopee_tw已驗證 更多輸per idol的笑容讚7回覆轉發分享1,2025年11月1日 星期六 上午1:26,,,,,,
benson34583,https://www.threads.com/@benson34583/post/DQexxlXD-e3,追蹤benson34583 原作者說讚更多正在回覆@shopee_tw阿志感覺是本人讚76 轉發分享,2025年11月1日 星期六 上午12:49,,,,,,,https://www.threads.com/@shopee_tw/post/DQezTqzE2Uh,追蹤shopee_tw已驗證 原作者說讚更多就是本人讚25回覆轉發分享,2025年11月1日 星期六 上午1:02,,,,,,
imnotf4ny,https://www.threads.com/@imnotf4ny/post/DQexp_0kzAW,追蹤imnotf4ny 原作者說讚更多正在回覆@shopee_tw日本那個是不是昨天剛回來😍❓讚163 轉發分享1,2025年11月1日 星期六 上午12:48,,,,,,,https://www.threads.com/@shopee_tw/post/DQezQIYE_p-,追蹤shopee_tw已驗證 原作者說讚更多他去西門唐吉買的讚194回覆轉發分享3,2025年11月1日 星期六 上午1:02,,,,,,
nancy007007,https://www.threads.com/@nancy007007/post/DQeuhQAkxqV,追蹤nancy007007 原作者說讚更多正在回覆@shopee_tw鳳山的太強了 超冷門讚354 轉發分享,2025年11月1日 星期六 上午12:20,,,,,,,https://www.threads.com/@shopee_tw/post/DQeu6f2k920,追蹤shopee_tw已驗證 原作者說讚更多鳳山傳奇讚68回覆轉發分享,2025年11月1日 星期六 上午12:24,,,,,,
allennlai,https://www.threads.com/@allennlai/post/DQescQpEsab,"
代排阿嬤真的超好笑瘋掉 直接冠軍",2025年11月1日 星期六 上午12:02,@shopee_tw,,1092,1,0,4,https://www.threads.com/@shopee_tw/post/DQetfUAiYy9,還給我組合技😍,2025年11月1日 星期六 上午12:11,,,152,0,0,0
allennlai,https://www.threads.com/@allennlai/post/DQbZqLzkrfI,"
蝦皮找多慧 全館免運費",2025年10月30日 星期四 下午5:20,@shopee_tw,,50,1,0,0,https://www.threads.com/@shopee_tw/post/DQbaU-Bk2M2,看你多慧買,2025年10月30日 星期四 下午5:26,,No photo description available.,59,3,0,4
candy._.monster,https://www.threads.com/@candy._.monster/post/DQYonsiEyr7,"日期：10/31
時間：22:00左右
地點：信義、圓山
有人星期五要一起過萬聖節嗎 裝不裝扮都行！
目前群組6女5男 大家都大概是大學生 歡迎大家一起出來玩～",2025年10月29日 星期三 下午3:33,,,298,53,0,148,https://www.threads.com/@shopee_tw/post/DQbBSZTE3tM,來找我們玩（我也想加群組）,2025年10月30日 星期四 下午1:47,,No photo description available.,15,0,0,0
n_n___zx,https://www.threads.com/@n_n___zx/post/DQa-hZJknZa,"
這廣告看得我小腦萎縮",2025年10月30日 星期四 下午1:23,@shopee_tw,No photo description available.,139,1,0,0,https://www.threads.com/@shopee_tw/post/DQa_35DEzi0,,2025年10月30日 星期四 下午1:35,,No photo description available.,192,1,0,0
allennlai,https://www.threads.com/@allennlai/post/DQZNvtjEmKR,"
羅時豐",2025年10月29日 星期三 下午8:58,@shopee_tw,No photo description available.,53,1,0,2,https://www.threads.com/@shopee_tw/post/DQZactVEx2V,還真的合作過,2025年10月29日 星期三 下午10:49,,No photo description available.,66,0,0,0
watermelon_yoou,https://www.threads.com/@watermelon_yoou/post/DQZHS2Xkkvp,"
這部分就不跟你防劇透了",2025年10月29日 星期三 下午8:01,@shopee_tw,No photo description available. | No photo description available.,146,1,0,2,https://www.threads.com/@shopee_tw/post/DQZJLo7kzQE,我自己來就好,2025年10月29日 星期三 下午8:18,,No photo description available.,214,1,0,6
taiyo1116,https://www.threads.com/@taiyo1116/post/DQY_-z8kls2,"
蝦皮，你成功引起我的注意，下次給我注意點",2025年10月29日 星期三 下午6:57,@shopee_tw,,91,1,0,1,https://www.threads.com/@shopee_tw/post/DQZHKxcE8yV,注意明天中午,2025年10月29日 星期三 下午8:00,,,61,8,0,1
dj0420d,https://www.threads.com/@dj0420d/post/DQYiPJ-AQd0,"這個好笑🤣🤣🤣🤣🤣
一種說不出的喜感！",2025年10月29日 星期三 下午2:40,,,46000,1065,1206,14000,https://www.threads.com/@shopee_tw/post/DQZGUB4kwcV,,2025年10月29日 星期三 下午7:53,,,80000,350,611,3077
willis_carrier.1126,https://www.threads.com/@willis_carrier.1126/post/DQVL4YIk4Og,"你們不覺得
把一個人名字最後一個字加上「子」稱呼很可愛嗎",2025年10月28日 星期二 上午7:24,,,26000,2057,458,10000,https://www.threads.com/@shopee_tw/post/DQXBoz5AXSK,蝦子,2025年10月29日 星期三 上午12:33,,,1779,14,2,12
ismemedrama,https://www.threads.com/@ismemedrama/post/DQUQCQtDyB6,"
陳財佑我真的會笑瘋 超級不可能好好笑",2025年10月27日 星期一 下午10:41,@shopee_tw,,38,1,0,0,https://www.threads.com/@shopee_tw/post/DQWDpDFEz0y,根本本人,2025年10月28日 星期二 下午3:32,,,2,0,0,0
mashaodela,https://www.threads.com/@mashaodela/post/DQULY7Jk6wu,"今天樂天封王
我明天就辭職",2025年10月27日 星期一 下午10:01,,,20000,465,238,1425,https://www.threads.com/@shopee_tw/post/DQUbmYmiax8,,2025年10月28日 星期二 上午12:22,,No photo description available.,2419,11,1,37
deng2_d,https://www.threads.com/@deng2_d/post/DQRhauzEk0-,,2025年10月26日 星期日 下午9:16,,,0,0,0,0,https://www.threads.com/@shopee_tw/post/DQUCmC7E9oO,,2025年10月27日 星期一 下午8:44,,,594,1,1,3
yating9957,https://www.threads.com/@yating9957/post/DQT1-wAkwVi,"
財佑也太像XD",2025年10月27日 星期一 下午6:54,@shopee_tw,,8,1,0,2,https://www.threads.com/@shopee_tw/post/DQT69DFk5FB,根本本人,2025年10月27日 星期一 下午7:37,,,5,0,0,0
jl351045,https://www.threads.com/@jl351045/post/DQT0r1Skrcn,"
蝦皮員工要多有才？😂",2025年10月27日 星期一 下午6:42,@shopee_tw,,7,1,0,0,https://www.threads.com/@shopee_tw/post/DQT0-xHkXEf,第一名的有特休,2025年10月27日 星期一 下午6:45,,,9,0,0,0
ant_lo216,https://www.threads.com/@ant_lo216/post/DQMwoQwEttW,"萬聖節10／31 信義區 會不會裝扮人很少啊
因為我看網路萬聖節遊行是10／25
我第一次要裝扮去走信義 如果沒人不就很好笑",2025年10月25日 星期六 上午12:52,,,1606,77,9,222,https://www.threads.com/@shopee_tw/post/DQOnFV_k7Ob,"這是回覆已無法顯示的貼文
好",2025年10月25日 星期六 下午6:07,,No photo description available.,12000,34,29,140
yanfu.l,https://www.threads.com/@yanfu.l/post/DQMb8bwk-lD,"自行宣布 各位粉絲敲碗已久的
第一屆《Threads美腿》大賽
讚數最多的獎金1000$
10/31截止
正式開始
選手如下￼:",2025年10月24日 星期五 下午9:52,,,23000,2568,545,19000,https://www.threads.com/@shopee_tw/post/DQOmIRHk7v5,美腿,2025年10月25日 星期六 下午5:59,,No photo description available.,1601,4,2,19
w_doris_doris,https://www.threads.com/@w_doris_doris/post/DQKSiHbAbZU,"嘿嘿
終於是我的日子！
四個字聽膩了，我要聽六個字的有嗎😂😂😂",2025年10月24日 星期五 上午1:51,,No photo description available.,5178,1489,2,54,https://www.threads.com/@shopee_tw/post/DQMJo5ak6yn,蝦皮免運優惠,2025年10月24日 星期五 下午7:12,,,1451,10,1,3
dylee.an,https://www.threads.com/@dylee.an/post/DQMEIwNEvai,,2025年10月24日 星期五 下午6:24,,,0,0,0,0,https://www.threads.com/@shopee_tw/post/DQMJkC_k3ky,,2025年10月24日 星期五 下午7:11,,,0,0,0,0
as123zx1,https://www.threads.com/@as123zx1/post/DQJ-ythEs-_,完蛋了美甲師的工作要不保了..,2025年10月23日 星期四 下午10:58,,No photo description available.,26000,420,1215,9802,https://www.threads.com/@shopee_tw/post/DQL9xRJkyYz,,2025年10月24日 星期五 下午5:28,,,2009,13,2,38
patrickbrasca,https://www.threads.com/@patrickbrasca/post/DQG96RSiWbv,派委屈,2025年10月22日 星期三 下午6:53,,,6330,67,263,329,https://www.threads.com/@shopee_tw/post/DQHHiuKE7uM,哎呦 小派 不錯喔,2025年10月22日 星期三 下午8:17,,,201,0,0,0
munmunjunjun,https://www.threads.com/@munmunjunjun/post/DQEp9W0k5ZF,"
是職業選手吧⋯⋯",2025年10月21日 星期二 下午9:20,@shopee_tw,,92,1,0,0,https://www.threads.com/@shopee_tw/post/DQE7Z7fEwRC,請期待下週第二彈 更強⋯,2025年10月21日 星期二 下午11:53,,,8,1,0,0
luz.1224_,https://www.threads.com/@luz.1224_/post/DQExMWPAZWu,"
可以是自己嗎",2025年10月21日 星期二 下午10:23,@shopee_tw,No photo description available.,1,1,0,0,https://www.threads.com/@shopee_tw/post/DQE1oXmk2xr,吹頭髮,2025年10月21日 星期二 下午11:02,,No photo description available.,3,0,0,0
jie_ya0620,https://www.threads.com/@jie_ya0620/post/DQEnsMrj2ul,"
@jie_ya0620",2025年10月21日 星期二 下午9:00,@shopee_tw,,2,1,0,0,https://www.threads.com/@shopee_tw/post/DQE1k0_ExIR,吹頭髮,2025年10月21日 星期二 下午11:02,,,1,0,0,0
jenlee0612,https://www.threads.com/@jenlee0612/post/DQElMHJE0_h,"
@kuoayi",2025年10月21日 星期二 下午8:38,@shopee_tw,,0,1,0,0,https://www.threads.com/@shopee_tw/post/DQE1jS1k_Z1,"@kuoayi
去吹頭髮",2025年10月21日 星期二 下午11:01,,,1,0,0,0
_xoxo.u.u,https://www.threads.com/@_xoxo.u.u/post/DQE1JVQE8Mq,,2025年10月21日 星期二 下午10:58,@shopee_tw,,1,1,0,0,https://www.threads.com/@shopee_tw/post/DQE1ZjHE6pV,戀小薇本人來了,2025年10月21日 星期二 下午11:00,,,1,0,0,0
gtg_1217,https://www.threads.com/@gtg_1217/post/DQEf-S7CaiQ,"
小薇沒有第一名真的說不過去",2025年10月21日 星期二 下午7:53,@shopee_tw,,16,1,0,0,https://www.threads.com/@shopee_tw/post/DQEhML9k9zm,他是2022的冠軍,2025年10月21日 星期二 下午8:03,,,3,1,0,0
doubleshihshih,https://www.threads.com/@doubleshihshih/post/DQEbrMVE-46,"
事想怎樣？",2025年10月21日 星期二 下午7:15,@shopee_tw,,80,1,0,2,https://www.threads.com/@shopee_tw/post/DQEbyb3kxBz,事在哈囉,2025年10月21日 星期二 下午7:16,,,20,0,0,0
doubleshihshih,https://www.threads.com/@doubleshihshih/post/DQDzT0lk2G9,客戶踩到我的底線,2025年10月21日 星期二 下午1:23,,No photo description available.,43000,130,1404,3489,https://www.threads.com/@shopee_tw/post/DQEbhkNk_yn,同事：,2025年10月21日 星期二 下午7:14,,No photo description available.,435,5,0,19
munmunjunjun,https://www.threads.com/@munmunjunjun/post/DQEY-KpE6E6,"
所以是大家都可以參加的意思嗎！",2025年10月21日 星期二 下午6:52,@shopee_tw,,2,1,0,0,https://www.threads.com/@shopee_tw/post/DQEaKC-k2_t,沒錯9點見！,2025年10月21日 星期二 下午7:02,,,2,0,0,0
chianpinhu,https://www.threads.com/@chianpinhu/post/DQEZFmSEZlU,"
這個才有萬聖節氛圍😂",2025年10月21日 星期二 下午6:53,@shopee_tw,No photo description available.,477,1,0,19,https://www.threads.com/@shopee_tw/post/DQEZ9ooE1P4,我扮鼓,2025年10月21日 星期二 下午7:00,,,72,0,0,0
changnanpeople,https://www.threads.com/@changnanpeople/post/DQEULmbEbHc,"
大二學長太犧牲了吧",2025年10月21日 星期二 下午6:10,@shopee_tw,,21,1,0,0,https://www.threads.com/@shopee_tw/post/DQEUbaNk25-,白泡泡幼綿綿,2025年10月21日 星期二 下午6:12,,,14,0,0,0
7eleventw,https://www.threads.com/@7eleventw/post/DQD343ADxde,"
緩～光臨",2025年10月21日 星期二 下午2:03,@shopee_tw,,4114,9,9,15,https://www.threads.com/@shopee_tw/post/DQEKzEnExLM,謝～光臨,2025年10月21日 星期二 下午4:48,,,1698,0,2,4
eslite_global,https://www.threads.com/@eslite_global/post/DQDtXXAj2E8,"
誠品也有
蝦皮商城",2025年10月21日 星期二 下午12:31,@shopee_tw,,444,3,2,0,https://www.threads.com/@shopee_tw/post/DQEKviaE5gR,要逛誠品,2025年10月21日 星期二 下午4:47,,,334,0,1,1
npm_south,https://www.threads.com/@npm_south/post/DQEHaJyiWm6,"
蝦蝦蝦蝦",2025年10月21日 星期二 下午4:18,@shopee_tw,No photo description available.,686,2,2,2,https://www.threads.com/@shopee_tw/post/DQEKt0UEz5-,我愛故宮,2025年10月21日 星期二 下午4:47,,,505,0,2,4
ct_r.s,https://www.threads.com/@ct_r.s/post/DQCJSRoEqex,"
有點像乃馨姐 👀",2025年10月20日 星期一 下午9:56,@shopee_tw,No photo description available.,14,1,0,0,https://www.threads.com/@shopee_tw/post/DQCXtQEk7XM,太像了吧 根本長一模一樣,2025年10月21日 星期二 上午12:02,,,9,0,0,0
yuansu1020,https://www.threads.com/@yuansu1020/post/DQCS4h2iTF3,"
跟蝦皮同年同月同日生 小編可以跟我說那四個字嗎 明天上班",2025年10月20日 星期一 下午11:20,@shopee_tw,No photo description available.,98,3,0,1,https://www.threads.com/@shopee_tw/post/DQCS8eLk2u3,明天上班,2025年10月20日 星期一 下午11:21,,,224,1,0,5
taiwanmobile_official,https://www.threads.com/@taiwanmobile_official/post/DQCN-HsDy2Q,"
該約樓下聊聊了",2025年10月20日 星期一 下午10:37,@shopee_tw,,532,1,1,3,https://www.threads.com/@shopee_tw/post/DQCSvRUk8eB,要約遠傳,2025年10月20日 星期一 下午11:19,,,607,0,1,7
janfusunfancyworld,https://www.threads.com/@janfusunfancyworld/post/DQCA157keFH,"
來劍湖山😎",2025年10月20日 星期一 下午8:42,@shopee_tw,,1069,1,1,3,https://www.threads.com/@shopee_tw/post/DQCSsHcEyNY,來迪士尼,2025年10月20日 星期一 下午11:18,,,773,1,1,3
6owldoor,https://www.threads.com/@6owldoor/post/DQB-Zdwj67M,"
明天沒放",2025年10月20日 星期一 下午8:21,@shopee_tw,,2153,2,1,7,https://www.threads.com/@shopee_tw/post/DQCSoIVk3y8,蝦皮不用負責嗎,2025年10月20日 星期一 下午11:18,,,981,2,1,1
poyabeauty,https://www.threads.com/@poyabeauty/post/DQCN2Q2kl6X,"
寶 森日快ㄌ🎂
小編跟你同天真榮幸(๑❛ꆚ❛๑)",2025年10月20日 星期一 下午10:36,@shopee_tw,,831,3,0,5,https://www.threads.com/@shopee_tw/post/DQCSBsOkzg7,明天特價,2025年10月20日 星期一 下午11:13,,,904,0,0,2
cyuaon,https://www.threads.com/@cyuaon/post/DQCLHkKEsNs,"
86年都幾歲了？",2025年10月20日 星期一 下午10:12,@shopee_tw,,7,1,0,0,https://www.threads.com/@shopee_tw/post/DQCLuDOk8ut,18,2025年10月20日 星期一 下午10:17,,,31,1,0,0
taiwanmobile_official,https://www.threads.com/@taiwanmobile_official/post/DQCCmrUD09i,"
選台哥大",2025年10月20日 星期一 下午8:58,@shopee_tw,,4157,7,3,51,https://www.threads.com/@shopee_tw/post/DQCLkECk3CE,中華電信,2025年10月20日 星期一 下午10:16,,,3763,5,3,32
2angels_tw,https://www.threads.com/@2angels_tw/post/DQCFwe8gdil,"
一日免費",2025年10月20日 星期一 下午9:25,@shopee_tw,,1427,2,0,8,https://www.threads.com/@shopee_tw/post/DQCLeCVE9pZ,你是真的想看我被開除,2025年10月20日 星期一 下午10:15,,,1678,0,0,2
allennlai,https://www.threads.com/@allennlai/post/DQB8YrKkjXv,"
均仔是蓋",2025年10月20日 星期一 下午8:03,@shopee_tw,,1694,5,0,13,https://www.threads.com/@shopee_tw/post/DQCE3KjE0pw,均仔是誰,2025年10月20日 星期一 下午9:17,,,1003,1,0,2
familymart_tw,https://www.threads.com/@familymart_tw/post/DQB-8KOEmTL,"
取貨神券",2025年10月20日 星期一 下午8:26,@shopee_tw,,8104,20,9,23,https://www.threads.com/@shopee_tw/post/DQCAI4ak822,我愛全家,2025年10月20日 星期一 下午8:36,,,3194,14,6,10
yilan_style2026,https://www.threads.com/@yilan_style2026/post/DQB86n0kzZZ,"
停班停課",2025年10月20日 星期一 下午8:08,@shopee_tw,,2884,3,3,3,https://www.threads.com/@shopee_tw/post/DQB9TV3kwoS,上班上課,2025年10月20日 星期一 下午8:11,,,1996,2,2,4
munmunjunjun,https://www.threads.com/@munmunjunjun/post/DQB7CKXk4Yl,"
給優惠券",2025年10月20日 星期一 下午7:52,@shopee_tw,,3812,2,0,1,https://www.threads.com/@shopee_tw/post/DQB7hvgE25T,我問一下老闆（我先置頂）,2025年10月20日 星期一 下午7:56,,,720,1,0,1
rock.1020520,https://www.threads.com/@rock.1020520/post/DQBd_wyEthU,可以對我說那四個字嗎▽・x・▽,2025年10月20日 星期一 下午3:38,,No photo description available.,6037,961,23,152,https://www.threads.com/@shopee_tw/post/DQB4s-Lk0VL,,2025年10月20日 星期一 下午7:31,,,0,0,0,0
kuroishi_shots,https://www.threads.com/@kuroishi_shots/post/DP6L0StE-pA,追蹤kuroishi_shots 原作者說讚更多正在回覆@shopee_tw還去看BP，我們公主的企劃案呢😏讚14 轉發分享,2025年10月17日 星期五 下午7:44,,,,,,,https://www.threads.com/@shopee_tw/post/DP6M41hEzBT,追蹤shopee_tw已驗證 原作者說讚更多🤫讚9回覆轉發分享,2025年10月17日 星期五 下午7:54,,,,,,
ohagiga_suki_nanoka,https://www.threads.com/@ohagiga_suki_nanoka/post/DP6GSEHE60G,追蹤ohagiga_suki_nanoka 原作者說讚更多正在回覆@shopee_tw染這個髮色顯黑就是了😂讚10 轉發分享,2025年10月17日 星期五 下午6:56,,,,,,,https://www.threads.com/@shopee_tw/post/DP6HHElkzqd,追蹤shopee_tw已驗證 原作者說讚更多不確定是顯黑還是顯橘讚12回覆轉發分享,2025年10月17日 星期五 下午7:03,,,,,,
bread_62_,https://www.threads.com/@bread_62_/post/DP6EKt0k5Su,追蹤bread_62_ 原作者說讚更多正在回覆@shopee_tw卡哇伊內～蝦皮醬讚6 轉發分享,2025年10月17日 星期五 下午6:37,,,,,,,https://www.threads.com/@shopee_tw/post/DP6FXv8k5ay,追蹤shopee_tw已驗證 原作者說讚更多嗨～讚8回覆轉發分享,2025年10月17日 星期五 下午6:48,,,,,,
linkasdnews,https://www.threads.com/@linkasdnews/post/DP5oj60Eiec,"追蹤linkasdnewsBLACKPINK 更多BLACKPINK~ YA!讚6.0 萬回覆3,665 分享6.8 萬",2025年10月17日 星期五 下午2:36,,No photo description available.,,,,,https://www.threads.com/@shopee_tw/post/DP6AcLpE0Iw,"追蹤shopee_tw已驗證 更多？讚4,318 轉發22",2025年10月17日 星期五 下午6:05,,No photo description available.,,,,
tr_taiwan.railway,https://www.threads.com/@tr_taiwan.railway/post/DP3eH5mk05b,"熱情應援E500 ~讚9,879回覆189轉發294分享441",2025年10月16日 星期四 下午6:27,,No photo description available.,,,,,https://www.threads.com/@shopee_tw/post/DP3u64ik5kI,追蹤shopee_tw已驗證 更多台鐵便當的排骨會變粉色嗎讚329 轉發分享4,2025年10月16日 星期四 下午8:53,,,,,,
14_ouo7,https://www.threads.com/@14_ouo7/post/DP3RT8WAPV0,"段考寫完作文太無聊 1/3劇透讚2.8 萬回覆1,868轉發1,567分享2.4 萬",2025年10月16日 星期四 下午4:35,,No photo description available.,,,,,https://www.threads.com/@shopee_tw/post/DP3uxIdk_Lb,"追蹤shopee_tw已驗證 原作者說讚更多野原廣痣 翻譯讚1,363 轉發1",2025年10月16日 星期四 下午8:52,,,,,,
ni__.06,https://www.threads.com/@ni__.06/post/DP1jNwlj5LJ,我只想默默當個i人 不想被關注讚42 萬回覆1 萬轉發1.7 萬分享4.5 萬,2025年10月16日 星期四 上午12:33,,No photo description available.,,,,,https://www.threads.com/@shopee_tw/post/DP3jUxgk0vB,"追蹤shopee_tw已驗證 原作者說讚更多讚8,550 轉發12",2025年10月16日 星期四 下午7:12,,No photo description available.,,,,
yuching0417,https://www.threads.com/@yuching0417/post/DP27dfRk3zq,破房讚1.8 萬回覆49轉發463分享219,2025年10月16日 星期四 下午1:24,,,,,,,https://www.threads.com/@shopee_tw/post/DP3ipi4E8tH,已驗證 已編輯更多,2025年10月16日 星期四 下午7:06,,,0,0,0,0
healtheats.ogg,https://www.threads.com/@healtheats.ogg/post/DP0P_JLCXf3,".
早餐：無糖豆漿＋吐司
午餐：燙青菜＋雞胸
晚餐：只喝綠茶
.
晚上11:30
：「我今天超乾淨的，應該可以喝個珍奶吧？」 1/2讚1.9 萬回覆105轉發562分享1,042",2025年10月15日 星期三 下午12:25,,,,,,,https://www.threads.com/@shopee_tw/post/DP1htNYkzMH,"午餐：200大卡
晚餐：200大卡
晚上11：30：1400大卡讚649回覆2轉發3分享9",2025年10月16日 星期四 上午12:19,,,,,,
museacg,https://www.threads.com/@museacg/post/DQBo9w-kTs9,全台各行各業的小編此時此刻都在問Canva修好了沒,2025年10月20日 星期一 下午5:14,,,14000,103,276,668,https://www.threads.com/@shopee_tw/post/DQBwErsEzXJ,幸好我用,2025年10月20日 星期一 下午6:16,,No photo description available.,3146,13,25,91
caowei_888,https://www.threads.com/@caowei_888/post/DP0gKbNkRpS,骯髒丹🫧,2025年10月15日 星期三 下午2:47,,No photo description available.,28000,61,514,2079,https://www.threads.com/@shopee_tw/post/DP1hdUoE231,撥蝦,2025年10月16日 星期四 上午12:17,,No photo description available.,526,3,0,0
shengju_0921,https://www.threads.com/@shengju_0921/post/DP0QJ7xkRCH,"不愧是我大東海
一早上課還沒睡醒看到老師精神都來了",2025年10月15日 星期三 下午12:27,,No photo description available.,28000,238,1012,4576,https://www.threads.com/@shopee_tw/post/DP1g-BQk9YB,老師萬聖節是10/31,2025年10月16日 星期四 上午12:13,,,985,2,0,6
allennlai,https://www.threads.com/@allennlai/post/DP09bzLEleP,追蹤allennlai 原作者說讚更多正在回覆@shopee_tw這是幫忙女友取貨吧讚20 轉發分享,2025年10月15日 星期三 下午7:02,,,,,,,https://www.threads.com/@shopee_tw/post/DP0_Fqmk6Ed,追蹤shopee_tw已驗證 原作者說讚更多是免運費不是免費讚30回覆轉發分享3,2025年10月15日 星期三 下午7:17,,,,,,
naomi._.weee,https://www.threads.com/@naomi._.weee/post/DP0IkFVCTUR,已驗證 已編輯更多,2025年10月15日 星期三 上午11:20,,,0,0,0,0,https://www.threads.com/@shopee_tw/post/DP06sJrk5aX,"手機號碼：iPhone17 Pro Max 2TB
。
這欄不是給你炫耀的。讚960回覆1轉發2分享16",2025年10月15日 星期三 下午6:38,,,,,,
kai_q._509,https://www.threads.com/@kai_q._509/post/DPyp-_-k71D,"追蹤kai_q._509 更多？急什麼 我打完了嗎 讚19 萬回覆684 分享6,418",2025年10月14日 星期二 下午9:34,,No photo description available.,,,,,https://www.threads.com/@shopee_tw/post/DPz8kA4E3Zg,"追蹤shopee_tw已驗證 原作者說讚更多我這個也很急讚8,472 轉發8",2025年10月15日 星期三 上午9:36,,No photo description available.,,,,
mhjh91732,https://www.threads.com/@mhjh91732/post/DPxMDj4k0QN,"曖昧0次
交往0次
分手0次
暈船0次
數學2分 1/2讚5.8 萬回覆301轉發3,225分享5,941",2025年10月14日 星期二 上午7:53,,No photo description available.,,,,,https://www.threads.com/@shopee_tw/post/DPyTm8VE0pO,"錢包0元
存款0元
購物車99+讚2,733回覆6轉發39分享30",2025年10月14日 星期二 下午6:18,,,,,,
funcareltd,https://www.threads.com/@funcareltd/post/DPvSdqmD-CC,2歲8個月拿下蝦皮讚72回覆1轉發分享,2025年10月13日 星期一 下午2:11,,,,,,,https://www.threads.com/@shopee_tw/post/DPv8Bw1gS6i,追蹤shopee_tw已驗證 更多2歲9個月拿下陶朱隱園讚38回覆轉發分享,2025年10月13日 星期一 下午8:14,,,,,,
ninjahui_04_21,https://www.threads.com/@ninjahui_04_21/post/DPvF7LVAYAm,追蹤ninjahui_04_21 原作者說讚更多正在回覆@shopee_tw請問一下 4歲又252個月12個小時21分 有機會面試嗎？讚16 轉發分享,2025年10月13日 星期一 下午12:21,,,,,,,https://www.threads.com/@shopee_tw/post/DPv78TRAQmj,追蹤shopee_tw已驗證 更多可以請上104 回覆轉發分享,2025年10月13日 星期一 下午8:13,,,,,,
allennlai,https://www.threads.com/@allennlai/post/DPv2DIAkrFK,"
2.6歲來面試2.7歲拿到Offer2.8歲成為董事長",2025年10月13日 星期一 下午7:22,@shopee_tw,,14,1,0,0,https://www.threads.com/@shopee_tw/post/DPv76kXgas0,3歲轉行當主治醫生,2025年10月13日 星期一 下午8:13,,,8,0,0,0
gaaaaa___yi,https://www.threads.com/@gaaaaa___yi/post/DPrJiofk0Q9,"想看大家另一伴有沒有很奇怪的睡姿
我先 我男友睡覺都在打棒球當投手",2025年10月11日 星期六 下午11:36,,No photo description available. | No photo description available. | No photo description available. | No photo description available.,120000,2578,7140,47000,https://www.threads.com/@shopee_tw/post/DPvCu2QAREV,"我同事睡姿：
第一張直接睡到人不見",2025年10月13日 星期一 上午11:53,,No photo description available. | No photo description available.,5022,11,18,216
nicoyen_233,https://www.threads.com/@nicoyen_233/post/DPtxjkMkj-_,追蹤nicoyen_233 更多今天大家可以跟我說那四個字嗎？讚8.6 萬回覆1.1 萬轉發356,2025年10月13日 星期一 上午12:04,,No photo description available.,,,,,https://www.threads.com/@shopee_tw/post/DPt896SgbO-,追蹤shopee_tw已驗證 更多蝦皮免運讚4.8 萬回覆108 分享454,2025年10月13日 星期一 上午1:44,,,,,,
scrcr722,https://www.threads.com/@scrcr722/post/DPqCA21knwU,"追蹤scrcr722 更多二十五塊的茶凍我這樣玩已靜音讚3.1 萬回覆136 分享1,077",2025年10月11日 星期六 下午1:11,,No photo description available.,,,,,https://www.threads.com/@shopee_tw/post/DPs7UcmkxCw,"追蹤shopee_tw已驗證 原作者說讚更多從25塊變250塊讚1,462回覆轉發2",2025年10月12日 星期日 下午4:10,,,,,,
l.yuqi_,https://www.threads.com/@l.yuqi_/post/DPqSGCREwtN,"追蹤l.yuqi_ 更多？傳說對決你夠了 讚2,635 轉發66",2025年10月11日 星期六 下午3:31,,No photo description available.,,,,,https://www.threads.com/@shopee_tw/post/DPseqz0k8NM,追蹤shopee_tw已驗證 原作者說讚更多比我有梗讚806 轉發1,2025年10月12日 星期日 下午12:00,,,,,,
lsj_9223,https://www.threads.com/@lsj_9223/post/DPqiUeVE2VO,追蹤lsj_9223 更多剛查了一下發現iPhone 17 pro max只要165元 讚5.5 萬回覆384 分享1.6 萬,2025年10月11日 星期六 下午5:53,,No photo description available.,,,,,https://www.threads.com/@shopee_tw/post/DPscgQaExDE,追蹤shopee_tw已驗證 原作者說讚更多母湯 翻譯讚1.9 萬回覆14 分享799,2025年10月12日 星期日 上午11:41,,,,,,
ktgn556412,https://www.threads.com/@ktgn556412/post/DPqlu6HE8Nq,追蹤ktgn556412鏈鋸人 更多蕾潔…能再一次…教我怎麼游泳嗎…已靜音讚5.2 萬回覆355 分享1.5 萬,2025年10月11日 星期六 下午6:23,,No photo description available.,,,,,https://www.threads.com/@shopee_tw/post/DPsZkdYE00y,追蹤shopee_tw已驗證 更多讚649 轉發3,2025年10月12日 星期日 上午11:15,,No photo description available.,,,,
xuan_0808_,https://www.threads.com/@xuan_0808_/post/DPoZpU8k489,"追蹤xuan_0808_ 更多蝦皮 你越界了讚7.1 萬回覆480 分享5,606",2025年10月10日 星期五 下午9:59,,No photo description available.,,,,,https://www.threads.com/@shopee_tw/post/DPpzErUk3Hp,"追蹤shopee_tw已驗證 更多對不起讚5.1 萬回覆122 分享2,423",2025年10月11日 星期六 上午11:00,,,,,,
baiyi_1001,https://www.threads.com/@baiyi_1001/post/DPlhQu1k5RL,"誰才是太郎
劇透
劇透",2025年10月9日 星期四 下午7:08,,No photo description available. | No photo description available.,30000,197,1793,6375,https://www.threads.com/@shopee_tw/post/DPn0RnMAQoU,再說一次 職業選手禁止參賽,2025年10月10日 星期五 下午4:32,,,5024,3,5,457
tzutzu_lee,https://www.threads.com/@tzutzu_lee/post/DPmX46QkzxQ,"蝦皮為什麼買得到
波音777上的頭等艙豪華洗手間",2025年10月10日 星期五 上午3:05,,No photo description available. | No photo description available.,22000,256,851,7348,https://www.threads.com/@shopee_tw/post/DPnhJLggZzs,,2025年10月10日 星期五 下午1:45,,,10000,16,6,585
dubi.happyeveryday,https://www.threads.com/@dubi.happyeveryday/post/DPmBO0gErwr,"
她不是面試上了嗎",2025年10月9日 星期四 下午11:47,@shopee_tw,,5,1,0,0,https://www.threads.com/@shopee_tw/post/DPmEsWHATM7,今天好像是第二天,2025年10月10日 星期五 上午12:17,,,2,0,0,0
g.j.ying_0320,https://www.threads.com/@g.j.ying_0320/post/DPlZOOaEiNf,"
上唇流血？",2025年10月9日 星期四 下午5:57,@shopee_tw,,0,1,0,0,https://www.threads.com/@shopee_tw/post/DPluMD4E8yC,口紅（她自己畫的,2025年10月9日 星期四 下午9:01,,,3,0,0,0
liinrou,https://www.threads.com/@liinrou/post/DPlrXtDk442,"
怎麼嘴巴會這樣紅紅ㄉㄡ呢？（湘荷口吻）",2025年10月9日 星期四 下午8:36,@shopee_tw,,17,1,0,0,https://www.threads.com/@shopee_tw/post/DPluIrbk3US,請看上一篇面試,2025年10月9日 星期四 下午9:00,,,6,0,0,0
fang__0825,https://www.threads.com/@fang__0825/post/DPlO5A2ERSo,"
湘荷妹妹來公司親自指導了",2025年10月9日 星期四 下午4:27,@shopee_tw,,25,1,0,1,https://www.threads.com/@shopee_tw/post/DPllSjRk_7Z,那個免運應該要改成全部啊,2025年10月9日 星期四 下午7:43,,,18,0,0,0
isitture,https://www.threads.com/@isitture/post/DPlbDXQE-Cd,"
@le_dahye
蝦皮不要忘記喔！",2025年10月9日 星期四 下午6:13,@shopee_tw,,3,1,0,0,https://www.threads.com/@shopee_tw/post/DPllPr0E5bo,,2025年10月9日 星期四 下午7:42,,,4,0,0,0
chen.y.han.733,https://www.threads.com/@chen.y.han.733/post/DPlfWMaEg38,"
自傳：3歲不到就出來上班🤣",2025年10月9日 星期四 下午6:51,@shopee_tw,,32,2,0,0,https://www.threads.com/@shopee_tw/post/DPllMLDk2sQ,2.7歲接手董事長 3歲月薪突破10萬 3.5發現志向不合 3.6歲轉型美妝YouTuber 4歲賺到十桶金購買人生第一間房 4.5歲想起自己曾有醫療專業 4.6歲轉型當主治醫生,2025年10月9日 星期四 下午7:42,,,76,0,0,3
sushiigreat,https://www.threads.com/@sushiigreat/post/DPk8RL6k0hA,電話亭可能擠不下兩個人了,2025年10月9日 星期四 下午1:44,,No photo description available.,19000,237,908,9592,https://www.threads.com/@shopee_tw/post/DPlf8h0kwMi,坂本惡魔,2025年10月9日 星期四 下午6:56,,,162,0,1,4
jyl__29,https://www.threads.com/@jyl__29/post/DPjvXf3DTS9,想不到了 請脆友幫我們接下去,2025年10月9日 星期四 上午2:32,,No photo description available.,30000,671,328,586,https://www.threads.com/@shopee_tw/post/DPlRJ3UExYZ,,2025年10月9日 星期四 下午4:47,,,0,0,0,0
yru_.08,https://www.threads.com/@yru_.08/post/DPlHo_lk_zK,"
湘荷已經是小大人了❤️❤️❤️",2025年10月9日 星期四 下午3:24,@shopee_tw,,293,1,0,0,https://www.threads.com/@shopee_tw/post/DPlH0lYk3Pk,什麼小大人 這是董事長,2025年10月9日 星期四 下午3:25,,,370,0,0,2
fuxinggao_taiwan,https://www.threads.com/@fuxinggao_taiwan/post/DPlG63TEfA-,"
太可愛了😍湘荷妹妹是什麼職位？",2025年10月9日 星期四 下午3:17,@shopee_tw,,72,2,0,1,https://www.threads.com/@shopee_tw/post/DPlHXEPk_Fi,董事長,2025年10月9日 星期四 下午3:21,,,308,2,0,2
jean._.0216,https://www.threads.com/@jean._.0216/post/DPfyMFVkqjR,好累啊想把學校掛蝦皮上賣了.,2025年10月7日 星期二 下午1:40,,,40000,145,3309,1797,https://www.threads.com/@shopee_tw/post/DPjO18hE6AG,我都不知道我們能賣學校 不早說,2025年10月8日 星期三 下午9:48,,,24000,52,169,464
shaunieeeeeeeeeeeeeeeeeeeeeee,https://www.threads.com/@shaunieeeeeeeeeeeeeeeeeeeeeee/post/DPg34RNE9eB,"
青春沒有售價 一段成績爆炸",2025年10月7日 星期二 下午11:49,@shopee_tw,,2,1,0,0,https://www.threads.com/@shopee_tw/post/DPg_R8lE6Yo,青春沒有售價 哈哈哈哈哈哈,2025年10月8日 星期三 上午12:54,,,7,0,0,0
_.lun02,https://www.threads.com/@_.lun02/post/DPgTUTGEdGU,,2025年10月7日 星期二 下午6:30,,,0,0,0,0,https://www.threads.com/@shopee_tw/post/DPg5nLxkzwz,,2025年10月8日 星期三 上午12:04,,No photo description available.,7651,18,34,65
peggyyy412,https://www.threads.com/@peggyyy412/post/DPgSwsUgUJt,"剛剛有人撞到我的電腦包覺得很抱歉
直到我拿出裡面的蝦子",2025年10月7日 星期二 下午6:25,,No photo description available. | No photo description available. | No photo description available.,33000,206,473,1125,https://www.threads.com/@shopee_tw/post/DPg3Zj6k8To,,2025年10月7日 星期二 下午11:45,,No photo description available.,1494,2,0,2
2.08nei,https://www.threads.com/@2.08nei/post/DPgh2XIkXXE,第一屆看房間猜猜哪位有男朋友大賽開始,2025年10月7日 星期二 下午8:37,,No photo description available. | No photo description available. | No photo description available.,18000,527,103,1362,https://www.threads.com/@shopee_tw/post/DPg06emk8Yx,枕頭套顏色比較深的有男友,2025年10月7日 星期二 下午11:23,,,818,6,0,13
yang.pig.505,https://www.threads.com/@yang.pig.505/post/DPgTFuwgedz,"
青春沒有售價 我購物車快要爆炸",2025年10月7日 星期二 下午6:28,@shopee_tw,,5,1,0,0,https://www.threads.com/@shopee_tw/post/DPgygnIEzkv,沒圖沒證據,2025年10月7日 星期二 下午11:02,,,6,0,0,0
7cnhen_,https://www.threads.com/@7cnhen_/post/DPf28hzD_wA,搞不清楚哪個才是車銀優,2025年10月7日 星期二 下午2:22,,No photo description available. | No photo description available.,54000,752,1860,8878,https://www.threads.com/@shopee_tw/post/DPgPRoSEz68,職業選手禁止參賽,2025年10月7日 星期二 下午5:54,,,6898,0,11,48
ccac_yuni,https://www.threads.com/@ccac_yuni/post/DPfbXiEiaf8,"
青春沒有售價 下週一段爆炸",2025年10月7日 星期二 上午10:21,@shopee_tw,,16,1,0,1,https://www.threads.com/@shopee_tw/post/DPfl7fLE2cu,上班原地爆炸,2025年10月7日 星期二 上午11:53,,,10,0,0,0
e7play.taiwan,https://www.threads.com/@e7play.taiwan/post/DPfYuwCk0jV,"
青春沒有售價 再三天就雙十購物節",2025年10月7日 星期二 上午9:58,@shopee_tw,,15,1,0,0,https://www.threads.com/@shopee_tw/post/DPfY9TFk--W,I dot car,2025年10月7日 星期二 上午10:00,,,17,0,0,0
ys_.1105,https://www.threads.com/@ys_.1105/post/DPfYq3QktNH,"
高三生：水啦又有時間規劃",2025年10月7日 星期二 上午9:57,@shopee_tw,,41,1,0,0,https://www.threads.com/@shopee_tw/post/DPfY6Cek4le,學測倒數102天,2025年10月7日 星期二 上午9:59,,,37,2,0,0
linsoq1000,https://www.threads.com/@linsoq1000/post/DPboyfEk147,"丹丹這個圖是什麼意思？
丹丹有賣蝦子嗎？",2025年10月5日 星期日 下午11:01,,No photo description available.,4973,63,24,111,https://www.threads.com/@shopee_tw/post/DPeHxUoE4DQ,,2025年10月6日 星期一 下午10:10,,No photo description available.,230,2,0,0
7yxnk._,https://www.threads.com/@7yxnk._/post/DPbnIHNkhuW,"長的好看的叫捲毛
長的醜的叫花椰菜",2025年10月5日 星期日 下午10:47,,,21000,200,1489,4160,https://www.threads.com/@shopee_tw/post/DPd-LaCE5Ho,我是花椰菜,2025年10月6日 星期一 下午8:46,,No photo description available.,368,6,0,5
paopao_1202,https://www.threads.com/@paopao_1202/post/DPdSp1PkuBK,帶殼的蝦子看著真的沒胃口,2025年10月6日 星期一 下午2:26,,No photo description available.,52000,438,4114,6715,https://www.threads.com/@shopee_tw/post/DPd5JL2Ez_o,老闆都叫我回家吃自己,2025年10月6日 星期一 下午8:02,,No photo description available.,494,3,2,7
_hy_0430,https://www.threads.com/@_hy_0430/post/DPbtU7yj9Pb,,2025年10月5日 星期日 下午11:41,,No photo description available.,91000,320,4573,6195,https://www.threads.com/@shopee_tw/post/DPc4mT2k84G,蝦皮,2025年10月6日 星期一 上午10:38,,,5062,10,7,41
adsszcxx1413,https://www.threads.com/@adsszcxx1413/post/DPZI0hqD1IT,我弟說蝦皮現在兩件399,2025年10月4日 星期六 下午11:43,,No photo description available.,4265,41,166,461,https://www.threads.com/@shopee_tw/post/DPatTJ1kzSm,不揪？,2025年10月5日 星期日 下午2:21,,No photo description available.,408,2,2,1
trunghanlin,https://www.threads.com/@trunghanlin/post/DPYrGGFE_Ro,我真的會告藏壽司,2025年10月4日 星期六 下午7:23,,No photo description available. | No photo description available.,20000,284,300,2657,https://www.threads.com/@shopee_tw/post/DPZWAOMk0Ol,蝦蝦,2025年10月5日 星期日 上午1:38,,No photo description available.,2469,8,2,14
__1680__,https://www.threads.com/@__1680__/post/DPWS5_dj_oF,"追蹤__1680__貓咪日常 更多我的貓長的好像多比。怎麼解 讚2.2 萬回覆140 分享2,379",2025年10月3日 星期五 下午9:14,,No photo description available. | No photo description available.,,,,,https://www.threads.com/@shopee_tw/post/DPYvFdFE7M_,追蹤shopee_tw已驗證 原作者說讚更多我的同事也長的好像多比。（去年萬聖節）讚602 轉發分享5,2025年10月4日 星期六 下午7:58,,No photo description available.,,,,
24.enn,https://www.threads.com/@24.enn/post/DPVhwghkpt2,追蹤24.enn 原作者說讚更多正在回覆@shopee_tw不可能欸😍我還沒面試蝦皮湘荷先入職了讚60 轉發分享,2025年10月3日 星期五 下午2:04,,,,,,,https://www.threads.com/@shopee_tw/post/DPWBpbdk64_,追蹤shopee_tw已驗證 原作者說讚更多她月薪甚至破10萬了讚39回覆轉發分享,2025年10月3日 星期五 下午6:43,,,,,,
e7play.taiwan,https://www.threads.com/@e7play.taiwan/post/DPViQrwAL3e,追蹤e7play.taiwan 原作者說讚更多正在回覆@shopee_tw下一集會是多慧嗎讚8 轉發分享,2025年10月3日 星期五 下午2:09,,,,,,,https://www.threads.com/@shopee_tw/post/DPWBkcwE_Ea,追蹤shopee_tw已驗證 更多不慧讚12回覆轉發分享,2025年10月3日 星期五 下午6:42,,,,,,
duffy5027_evelyn16.xd,https://www.threads.com/@duffy5027_evelyn16.xd/post/DPT5VeZkpm6,追蹤duffy5027_evelyn16.xd 原作者說讚更多正在回覆@shopee_tw可以主視覺和每個小icon都換成多慧歐尼嗎？讚7 轉發分享,2025年10月2日 星期四 下午10:52,,,,,,,https://www.threads.com/@shopee_tw/post/DPV7s7RE-5X,追蹤shopee_tw已驗證 更多寫進提案了讚17 轉發分享,2025年10月3日 星期五 下午5:51,,,,,,
layaburger,https://www.threads.com/@layaburger/post/DPVkm6lETRq,追蹤layaburger 原作者說讚更多正在回覆@shopee_tw直接錄取。讚14 轉發分享,2025年10月3日 星期五 下午2:29,,,,,,,https://www.threads.com/@shopee_tw/post/DPVlMYXkwht,追蹤shopee_tw已驗證 更多直接報到 翻譯讚9回覆轉發分享,2025年10月3日 星期五 下午2:34,,,,,,
a8625076,https://www.threads.com/@a8625076/post/DPTx_-kkh7g,"我以後只用momo讚4,551回覆10轉發2分享10",2025年10月2日 星期四 下午9:48,,,,,,,https://www.threads.com/@shopee_tw/post/DPT5r4mE9vt,"追蹤shopee_tw已驗證 原作者說讚更多讚2,088回覆轉發1",2025年10月2日 星期四 下午10:55,,No photo description available.,,,,
hsu791015,https://www.threads.com/@hsu791015/post/DPTxLDnEssP,"追蹤hsu791015 原作者說讚更多正在回覆@shopee_tw多慧回嘍，你們沒找，我就砍蝦皮帳號讚7,439 轉發2",2025年10月2日 星期四 下午9:40,,,,,,,https://www.threads.com/@shopee_tw/post/DPT2EEpE48_,"追蹤shopee_tw已驗證 原作者說讚更多修但幾勒讚5,677 轉發3",2025年10月2日 星期四 下午10:23,,No photo description available.,,,,
le_dahye,https://www.threads.com/@le_dahye/post/DPTwwRQE3am,"
你是真假",2025年10月2日 星期四 下午9:37,@shopee_tw,,170000,600,393,852,https://www.threads.com/@shopee_tw/post/DPTzjnrk9Ci,我是真,2025年10月2日 星期四 下午10:01,,No photo description available.,20000,62,31,94
kuroishi_shots,https://www.threads.com/@kuroishi_shots/post/DPTy27vExdo,"
小編該去想企劃案了🤭",2025年10月2日 星期四 下午9:55,@shopee_tw,,19,1,0,0,https://www.threads.com/@shopee_tw/post/DPTzB5Rk38T,明天動工,2025年10月2日 星期四 下午9:57,,,47,0,0,0
le_dahye,https://www.threads.com/@le_dahye/post/DPRJJxyk_PG,"本以為自己或許能盡一點心力，於是前往花蓮光復 …
第一次拿起鏟子，動作很笨拙；
心先跑在前頭，身體卻常常跟不上。
看著連日守在現場的大家流汗與奉獻，我不禁低頭致敬。
受災住家的母親並未把悲傷掛在臉上，
反而溫暖地接待了我們；在困境中仍不失的那份正向，
讓我受益良多。
原以為我是去幫忙的，其實並不然。
到了現場，反而從志工們與那位母親身上，
得到更大的勇氣也學習到很多。
向今天仍堅守在各自位置上的所有人，
致上最深的敬意與感謝🙏🏻",2025年10月1日 星期三 下午9:12,,No photo description available.,350000,5812,10000,6984,https://www.threads.com/@shopee_tw/post/DPRf3HCE-iz,,2025年10月2日 星期四 上午12:31,,,375,2,0,1
1nyuzj._,https://www.threads.com/@1nyuzj._/post/DPPEjnaCVUn,休學這個詞講了一萬次卻還是乖乖上課,2025年10月1日 星期三 上午1:54,,,36000,67,6449,2304,https://www.threads.com/@shopee_tw/post/DPRWp_wkzEV,離職這個詞講了一萬次卻還是乖乖上班,2025年10月1日 星期三 下午11:10,,,403,4,3,5
jenny_05188,https://www.threads.com/@jenny_05188/post/DPQSkruk3M_,我老公是不是他媽24小時都貼著這個啊？？？,2025年10月1日 星期三 下午1:15,,No photo description available.,16000,270,272,5980,https://www.threads.com/@shopee_tw/post/DPRPjFbkz4j,我同事也是,2025年10月1日 星期三 下午10:08,,,382,8,0,11
aquatic77777,https://www.threads.com/@aquatic77777/post/DPPvBkdkhsC,"
蝦皮小編早
陶喆蝦超可愛…🥰",2025年10月1日 星期三 上午8:05,@shopee_tw,,48,1,0,0,https://www.threads.com/@shopee_tw/post/DPP5xH6k3TB,早安您好 我是陶吉吉蝦,2025年10月1日 星期三 上午9:39,,,45,1,0,0
hcj_1014,https://www.threads.com/@hcj_1014/post/DPNPlXsgTS_,蝦皮你三小啦,2025年9月30日 星期二 上午8:51,,No photo description available.,47000,398,3768,18000,https://www.threads.com/@shopee_tw/post/DPOiIZskalx,,2025年9月30日 星期二 下午8:53,,No photo description available.,1698,2,10,19
9_yin__,https://www.threads.com/@9_yin__/post/DPLo_1uCXA5,"
為什麼要發兩篇",2025年9月29日 星期一 下午5:55,@shopee_tw,,227,1,0,1,https://www.threads.com/@shopee_tw/post/DPLpJUSkwNm,網路太爛了 蝦皮不用負責嗎,2025年9月29日 星期一 下午5:56,,,660,1,0,4
w0i4701,https://www.threads.com/@w0i4701/post/DPJ5EXck4WG,對不起我笑點低 笑了,2025年9月29日 星期一 上午1:37,,No photo description available.,13000,48,496,3080,https://www.threads.com/@shopee_tw/post/DPLnYzykxdx,,2025年9月29日 星期一 下午5:41,,,0,0,0,0
lux_9_28,https://www.threads.com/@lux_9_28/post/DPIum4RkifH,可以對我說那四個字嗎,2025年9月28日 星期日 下午2:46,,No photo description available.,7488,857,20,555,https://www.threads.com/@shopee_tw/post/DPK6W3sE72X,蝦皮皮皮,2025年9月29日 星期一 上午11:07,,,855,5,0,5
line1140801,https://www.threads.com/@line1140801/post/DPB4EMEj4zA,有人有大型犬小時候的樣子嗎 想看,2025年9月25日 星期四 下午10:54,,,81000,5158,18000,37000,https://www.threads.com/@shopee_tw/post/DPK4w2jkW-U,第一次穿衣服,2025年9月29日 星期一 上午10:54,,No photo description available.,190,1,0,0
lux_9_28,https://www.threads.com/@lux_9_28/post/DPJbLpOEhuM,"
生日快樂！",2025年9月28日 星期日 下午9:16,@shopee_tw,No photo description available.,34,2,0,0,https://www.threads.com/@shopee_tw/post/DPJbd_rE1cf,教師節快樂,2025年9月28日 星期日 下午9:18,,,26,1,0,0
honeybadger10121,https://www.threads.com/@honeybadger10121/post/DPJZxvxlFWm,"
那他後來跟你說什麼？",2025年9月28日 星期日 下午9:04,@shopee_tw,,2,2,0,0,https://www.threads.com/@shopee_tw/post/DPJahbxE2ku,她把我加摯友欸！,2025年9月28日 星期日 下午9:10,,,1,0,0,0
cc.091_,https://www.threads.com/@cc.091_/post/DPJaKVdEv9M,"
水餃口味的鍋貼裡面包著蝦皮免運劵",2025年9月28日 星期日 下午9:07,@shopee_tw,,7,2,0,0,https://www.threads.com/@shopee_tw/post/DPJaWOOE0S-,八方雲集不用負責嗎,2025年9月28日 星期日 下午9:09,,,8,1,0,0
mashirolin,https://www.threads.com/@mashirolin/post/DPJZw8SiSjk,,2025年9月28日 星期日 下午9:03,@shopee_tw,No photo description available.,2,1,0,0,https://www.threads.com/@shopee_tw/post/DPJaOZZk-5E,,2025年9月28日 星期日 下午9:07,,No photo description available.,1,1,0,0
hypotato_chips,https://www.threads.com/@hypotato_chips/post/DPJZ3Vmj9ZA,"
蚵仔煎洋芋片",2025年9月28日 星期日 下午9:04,@shopee_tw,No photo description available.,289,2,8,6,https://www.threads.com/@shopee_tw/post/DPJaJbsExXh,,2025年9月28日 星期日 下午9:07,,No photo description available.,66,4,0,0
_04cxx,https://www.threads.com/@_04cxx/post/DPJZbHGCcOo,"
沒有耶我到家都先吃義大利麵加歐逆醬",2025年9月28日 星期日 下午9:00,@shopee_tw,,9,1,0,1,https://www.threads.com/@shopee_tw/post/DPJZ2MRk5Db,通常我是配露比醬,2025年9月28日 星期日 下午9:04,,,11,1,0,0
munmunjunjun,https://www.threads.com/@munmunjunjun/post/DPJZsCXk-OT,"
換季蕁麻疹好惱人🙃",2025年9月28日 星期日 下午9:03,@shopee_tw,,7,3,0,0,https://www.threads.com/@shopee_tw/post/DPJZzC4kz-N,不要換季就好了,2025年9月28日 星期日 下午9:04,,,4,0,0,0
oldfish0723,https://www.threads.com/@oldfish0723/post/DPIYHN4D4v5,"今天教師節
大家是不是應該跟我說哪五個字",2025年9月28日 星期日 上午11:30,,,8624,1152,43,139,https://www.threads.com/@shopee_tw/post/DPIxXrOk_ea,蝦皮免運券,2025年9月28日 星期日 下午3:10,,,1797,4,3,8
munmunjunjun,https://www.threads.com/@munmunjunjun/post/DPIst9nE5We,"
今天還上班嗎😢",2025年9月28日 星期日 下午2:30,@shopee_tw,,4,1,0,0,https://www.threads.com/@shopee_tw/post/DPIu74Fk_rr,,2025年9月28日 星期日 下午2:49,,,2,1,0,0
jessica.c.213,https://www.threads.com/@jessica.c.213/post/DPGoGgBj4xr,"：蛤？為什麼要射背？
：呃⋯因為這樣設備才會乖乖
-
好ㄛ，乖乖竟然也給我玩起諧音梗了啊！",2025年9月27日 星期六 下午7:11,,No photo description available. | No photo description available.,28000,207,854,7433,https://www.threads.com/@shopee_tw/post/DPIsMN-E7_H,"我都放這個
今天好險沒被老闆罵",2025年9月28日 星期日 下午2:25,,No photo description available.,514,3,2,18
le_dahye,https://www.threads.com/@le_dahye/post/DPDqfWyk93o,"🙏🏻祈願花蓮能夠早日恢復
上班前先去了銀行。
向花蓮地區的受災民眾致上深切的慰問。
為了盡一份心力，
我透過賑災基金會捐款 NTD 300,000。
台灣就像是我的故鄉一樣，真心希望大家都能幸福，
並且齊心協力，早日恢復日常生活🙏🏻",2025年9月26日 星期五 下午3:34,,No photo description available. | No photo description available.,410000,6471,9855,15000,https://www.threads.com/@shopee_tw/post/DPEHWx2ky_x,,2025年9月26日 星期五 下午7:46,,,915,3,0,0
6owldoor,https://www.threads.com/@6owldoor/post/DPD3NVMj2Tj,"
看來這篇讚數應該不多",2025年9月26日 星期五 下午5:25,@shopee_tw,,16,1,0,0,https://www.threads.com/@shopee_tw/post/DPD_Zzkk3vV,禮拜一拿給老闆看,2025年9月26日 星期五 下午6:37,,,5,0,0,0
ginseng.taiwan,https://www.threads.com/@ginseng.taiwan/post/DPDvYoQgU09,"
為什麼要定那麼高的標準呢？你是不是不想要老闆進群組？",2025年9月26日 星期五 下午4:17,@shopee_tw,,40,1,0,0,https://www.threads.com/@shopee_tw/post/DPDvcUgE0sw,我什麼都沒說,2025年9月26日 星期五 下午4:17,,,46,0,0,0
munmunjunjun,https://www.threads.com/@munmunjunjun/post/DPDZeIqE4ut,"這是回覆已無法顯示的貼文
這是截給主管看的吧😂",2025年9月26日 星期五 下午1:05,,,1,1,0,0,https://www.threads.com/@shopee_tw/post/DPDc0kWDoiO,,2025年9月26日 星期五 下午1:35,,,1,0,0,0
cs_discovery,https://www.threads.com/@cs_discovery/post/DPBRZDGEeOO,Why Not,2025年9月25日 星期四 下午5:16,,No photo description available.,200000,1308,16000,25000,https://www.threads.com/@shopee_tw/post/DPDX1tBk6su,,2025年9月26日 星期五 下午12:51,,No photo description available.,422,1,4,4
linestickertw,https://www.threads.com/@linestickertw/post/DPBKEgcEp_a,發票又沒中⋯可以跟我說那四個字嗎,2025年9月25日 星期四 下午4:13,,,10000,1438,307,872,https://www.threads.com/@shopee_tw/post/DPC90x5E-Bj,蝦皮購物,2025年9月26日 星期五 上午9:04,,,542,1,1,5
bbcat0107,https://www.threads.com/@bbcat0107/post/DPBy6FQEY42,"
老闆的作用：被拿來玩的（欸？",2025年9月25日 星期四 下午10:09,@shopee_tw,,50,1,0,0,https://www.threads.com/@shopee_tw/post/DPB9NRwkyAo,習慣就好,2025年9月25日 星期四 下午11:39,,,36,0,0,0
peiyu__0810,https://www.threads.com/@peiyu__0810/post/DPBvZi6AVRR,"
這標準感覺就是平常就有計劃了w",2025年9月25日 星期四 下午9:39,@shopee_tw,,18,1,0,0,https://www.threads.com/@shopee_tw/post/DPByOZLE9Sy,這局我盤了三年,2025年9月25日 星期四 下午10:03,,,28,0,0,0
maydayxmoschen,https://www.threads.com/@maydayxmoschen/post/DPByDcQEcrx,"
小編不准你那麽好笑🤭",2025年9月25日 星期四 下午10:02,@shopee_tw,No photo description available.,257,4,0,0,https://www.threads.com/@shopee_tw/post/DPByMIjk5_u,我明天要來海巡自己,2025年9月25日 星期四 下午10:03,,,137,0,0,1
zona.0628,https://www.threads.com/@zona.0628/post/DPBsDEQkuNC,"
踢出辦公室應該比較有看頭",2025年9月25日 星期四 下午9:09,@shopee_tw,,44,1,0,0,https://www.threads.com/@shopee_tw/post/DPBthk1kxWz,列入待辦事項,2025年9月25日 星期四 下午9:22,,,71,0,0,0
rnn9063t,https://www.threads.com/@rnn9063t/post/DPBm1RCCZQF,"
讚數破 100
就把羊編的羊奶箱搬去會議室 🐑📦",2025年9月25日 星期四 下午8:24,@shopee_tw,,461,4,2,0,https://www.threads.com/@shopee_tw/post/DPBs5oJk52U,,2025年9月25日 星期四 下午9:17,,,0,0,0,0
japantaiwanwater,https://www.threads.com/@japantaiwanwater/post/DPBiNslEeA5,"
我超喜歡去夜市釣蝦皮購物",2025年9月25日 星期四 下午7:43,@shopee_tw,,28,1,0,0,https://www.threads.com/@shopee_tw/post/DPBileTEdw0,錄取,2025年9月25日 星期四 下午7:47,,,20,1,0,0
lirili.lalila413,https://www.threads.com/@lirili.lalila413/post/DPBV0HZj8FP,"
哪個是小編",2025年9月25日 星期四 下午5:55,@shopee_tw,,9,1,0,0,https://www.threads.com/@shopee_tw/post/DPBe_AcE4H-,沒有人會承認,2025年9月25日 星期四 下午7:15,,,9,0,0,0
li7.zyy,https://www.threads.com/@li7.zyy/post/DO_aQiSkwFt,尷尬到我可以死個五次,2025年9月24日 星期三 下午11:55,,No photo description available.,8128,14,364,211,https://www.threads.com/@shopee_tw/post/DPBe3b3k84L,我不敢看高三的 因為我有高三症,2025年9月25日 星期四 下午7:14,,,213,2,1,2
vegan_hsu,https://www.threads.com/@vegan_hsu/post/DPA6GTQE8gy,"追蹤vegan_hsu蝦皮購物 更多蝦皮購物冷知識：一天不能買超過50萬😀 讚3.4 萬回覆420 分享2,406",2025年9月25日 星期四 下午1:53,,No photo description available.,,,,,https://www.threads.com/@shopee_tw/post/DPBTRVBE41G,追蹤shopee_tw已驗證 原作者說讚更多我的錢包限制我的想像讚2.3 萬回覆16 分享145,2025年9月25日 星期四 下午5:33,,,,,,
coolthingshare,https://www.threads.com/@coolthingshare/post/DPBMme4E1AU,追蹤coolthingshare 更多正在回覆@shopee_tw一定是不夠像😍讚8 轉發分享,2025年9月25日 星期四 下午4:34,,,,,,,https://www.threads.com/@shopee_tw/post/DPBQiT8E_gu,追蹤shopee_tw已驗證 更多是真的瘀青0.0 回覆轉發分享,2025年9月25日 星期四 下午5:09,,,,,,
coolthingshare,https://www.threads.com/@coolthingshare/post/DO_AafckTsA,"靠這個了🤫 1/2已靜音讚4,419回覆53轉發219分享2,305",2025年9月24日 星期三 下午8:09,,No photo description available.,,,,,https://www.threads.com/@shopee_tw/post/DPBMfU_E35B,追蹤shopee_tw已驗證 更多？怎麼還是來上班了讚411 轉發分享3,2025年9月25日 星期四 下午4:33,,No photo description available.,,,,
amber_wang624,https://www.threads.com/@amber_wang624/post/DO8uEjKiTC5,"追蹤amber_wang624結婚 更多我今天登記結婚了可以跟我說四個字嗎？ 讚1.2 萬回覆2,861 分享483",2025年9月23日 星期二 下午10:51,,No photo description available. | No photo description available. | No photo description available.,,,,,https://www.threads.com/@shopee_tw/post/DPAvzAaE6sO,追蹤shopee_tw已驗證 更多蝦皮免運讚2 萬回覆100 分享592,2025年9月25日 星期四 下午12:23,,,,,,
oohay0304,https://www.threads.com/@oohay0304/post/DO89ymnE__r,"追蹤oohay0304行車記錄器畫面 更多實在太帥了 都暈了我為了發這篇加入Threads🫠 已靜音讚60 萬回覆8,773轉發2 萬分享10 萬",2025年9月24日 星期三 上午1:09,,,,,,,https://www.threads.com/@shopee_tw/post/DO_Zv2Dk8gb,"追蹤shopee_tw已驗證 更多好暈 你們在一起了 我說的讚3,257 轉發20",2025年9月24日 星期三 下午11:51,,No photo description available.,,,,
jetsl_0621_,https://www.threads.com/@jetsl_0621_/post/DO-fWhMjzvR,"
他都在發呆 不會服務民眾",2025年9月24日 星期三 下午3:21,@shopee_tw,,108,1,0,2,https://www.threads.com/@shopee_tw/post/DO-gXKJkxTd,開除了,2025年9月24日 星期三 下午3:29,,,332,3,0,11
hsu._.921,https://www.threads.com/@hsu._.921/post/DO8P9Qmk-en,這麼多比奇堡居民 偏偏抽中趙正平,2025年9月23日 星期二 下午6:28,,No photo description available. | No photo description available. | No photo description available.,67000,574,4808,20000,https://www.threads.com/@shopee_tw/post/DO-XVNHjkeT,,2025年9月24日 星期三 下午2:11,,,0,0,0,0
yu_anni,https://www.threads.com/@yu_anni/post/DO82XAaiXCk,你也是包裹嗎？,2025年9月24日 星期三 上午12:03,,No photo description available.,30000,287,1049,2421,https://www.threads.com/@shopee_tw/post/DO-WwMwE6Hh,,2025年9月24日 星期三 下午2:05,,,0,0,0,0
odin86906,https://www.threads.com/@odin86906/post/DO7JVhNkjGA,"某年情人節，女友在禮物包裝紙上畫滿我最愛的寶可夢；小心翼翼的拆下來，在蝦皮訂了尺寸合適的框。
「等下陪我去取蝦皮買的框」
「要框什麼？」
「妳畫的包裝紙」
「為什麼!?」
「妳不懂啦」
2023/2/14
情人節禮物",2025年9月23日 星期二 上午8:10,,No photo description available. | No photo description available.,57000,600,2921,5735,https://www.threads.com/@shopee_tw/post/DO-E6G0k1Oo,你們結婚了 我說的,2025年9月24日 星期三 上午11:30,,,7609,12,0,63
810sheng,https://www.threads.com/@810sheng/post/DO3eSxuk98M,我們都沒有錢換iphone 17,2025年9月21日 星期日 下午9:57,,No photo description available.,13000,65,215,1848,https://www.threads.com/@shopee_tw/post/DO7WnLwgb3p,"我老闆：
shopee_tw
2025-9-19
同事一場要這樣",2025年9月23日 星期二 上午10:07,,No photo description available.,197,89,255,2
connie_hung1013,https://www.threads.com/@connie_hung1013/post/DO3qmqqgaJU,難道只有我吃涮涮鍋這樣煮蛋嗎🥲,2025年9月21日 星期日 下午11:44,,No photo description available. | No photo description available.,220000,5462,14000,79000,https://www.threads.com/@shopee_tw/post/DO5JoiLk891,這是免費可以看的嗎,2025年9月22日 星期一 下午1:35,,,3869,6,0,15
9yyyrc__,https://www.threads.com/@9yyyrc__/post/DO3KNIdkaz7,"面試沒過 還要我去那裡4個小時 這樣合理嗎？
誰可以幫我解釋解釋🥹",2025年9月21日 星期日 下午7:01,,No photo description available. | No photo description available. | No photo description available.,60000,2559,1513,6888,https://www.threads.com/@shopee_tw/post/DO43a2BE-0O,歡迎加入蝦皮社群。（救我）,2025年9月22日 星期一 上午10:55,,No photo description available.,359,9,1,21
fyxic,https://www.threads.com/@fyxic/post/DOzv2a2kyQG,我哪有這麼多錢。,2025年9月20日 星期六 上午11:13,,No photo description available.,6319,13,1118,783,https://www.threads.com/@shopee_tw/post/DO2X4heE5iS,999+,2025年9月21日 星期日 上午11:41,,,136,1,0,0
david82426,https://www.threads.com/@david82426/post/DO0Oa4TkepN,你再說一次，你叫什麼？沒關係，唸出來,2025年9月20日 星期六 下午3:40,,No photo description available.,87000,870,4244,31000,https://www.threads.com/@shopee_tw/post/DO0v1lqkx6y,,2025年9月20日 星期六 下午8:32,,No photo description available.,1088,2,2,11
ho5han_ni,https://www.threads.com/@ho5han_ni/post/DOyvxJfkvub,"我宣佈 銀色這波贏爛😻
有夠適合放淺色小卡 好喜歡><",2025年9月20日 星期六 上午1:53,,No photo description available. | No photo description available. | No photo description available. | No photo description available. | No photo description available. | No photo description available. | No photo description available. | No photo description available. | No photo description available. | No photo description available. | No photo description available.,27000,143,1196,8219,https://www.threads.com/@shopee_tw/post/DO0lTL3E676,我跟上了,2025年9月20日 星期六 下午7:00,,No photo description available.,257,4,1,17
pxmart,https://www.threads.com/@pxmart/post/DO0UaMhEell,"
同為社畜，只能忍著點（望向boss",2025年9月20日 星期六 下午4:33,@shopee_tw,,43,1,0,0,https://www.threads.com/@shopee_tw/post/DO0WY4LE6a8,"其實我是來體驗生活的
（已從 台北市大安區帝寶 發送）",2025年9月20日 星期六 下午4:50,,,58,0,0,0
klarawang22,https://www.threads.com/@klarawang22/post/DOz7XRagTJz,"
笑死
（來自iPhone 16 Pro 512GB 沙漠金首批）",2025年9月20日 星期六 下午12:54,@shopee_tw,,21,1,0,1,https://www.threads.com/@shopee_tw/post/DOz9n5VDp8f,好狠 首批,2025年9月20日 星期六 下午1:13,,,7,0,0,0
twscorporation,https://www.threads.com/@twscorporation/post/DOyc09Ck_c6,"
畢竟是老闆 讓著點",2025年9月19日 星期五 下午11:08,@shopee_tw,No photo description available.,72,1,0,0,https://www.threads.com/@shopee_tw/post/DOznysXE21J,想要得到我的心，就請老闆先加薪,2025年9月20日 星期六 上午10:03,,,73,0,0,0
cyndi_10072,https://www.threads.com/@cyndi_10072/post/DOymGYpk_AJ,"
笑死（來自iPhone 16 Pro Max 512GB)",2025年9月20日 星期六 上午12:29,@shopee_tw,,169,1,0,0,https://www.threads.com/@shopee_tw/post/DOymbjmE75K,"我快哭了
（來自IPhone 14 Pro）",2025年9月20日 星期六 上午12:32,,,140,1,0,0
limeow274,https://www.threads.com/@limeow274/post/DOyYGOeEhXa,"
這個秀",2025年9月19日 星期五 下午10:26,@shopee_tw,,4,1,0,0,https://www.threads.com/@shopee_tw/post/DOycl7ik4Fb,這個火玄,2025年9月19日 星期五 下午11:06,,,3,0,0,0
dogdog_sweethome,https://www.threads.com/@dogdog_sweethome/post/DOyS6JyDJIY,,2025年9月19日 星期五 下午9:41,@shopee_tw,No photo description available.,5,1,0,0,https://www.threads.com/@shopee_tw/post/DOycj1tk40A,現在要5090了,2025年9月19日 星期五 下午11:05,,,4,1,0,0
ennis_149149,https://www.threads.com/@ennis_149149/post/DOxQO35iaam,"
iPhone需要退熱貼不是撒隆巴斯",2025年9月19日 星期五 上午11:58,@shopee_tw,,16,1,0,0,https://www.threads.com/@shopee_tw/post/DOyO9Nwkzao,算不算是一種散熱板,2025年9月19日 星期五 下午9:06,,,2,0,0,0
recovery__light,https://www.threads.com/@recovery__light/post/DOyNhEWk1xQ,"
下次你回
我這周出國不在喔
職務代理人是XXX
有事找他
來自星宇航空 a350-900 頭等艙",2025年9月19日 星期五 下午8:54,@shopee_tw,,705,2,3,9,https://www.threads.com/@shopee_tw/post/DOyOl4Ck5Q-,"身為使命必達的我
怎麼可能輕易請假呢
訊息已從 大阪市 發出",2025年9月19日 星期五 下午9:03,,,174,0,0,0
humourous_day,https://www.threads.com/@humourous_day/post/DOxkSLSks2B,回宿舍才發現舍友是印度人…,2025年9月19日 星期五 下午2:54,,No photo description available. | No photo description available.,94000,700,7418,20000,https://www.threads.com/@shopee_tw/post/DOx2Y1sFC4Z,斷腸人⋯,2025年9月19日 星期五 下午5:32,,,244,3,0,1
ice._.669,https://www.threads.com/@ice._.669/post/DOuprH2ke1n,"如果你現在身處奈何橋上
你已經喝了9碗的孟婆湯
正準備喝第10碗的時候
孟婆忍不住的問
： 你到底忘不了什麼
你頓了頓，放下手中的碗
這時你會說什麼？",2025年9月18日 星期四 上午11:43,,,10000,1479,65,233,https://www.threads.com/@shopee_tw/post/DOxfwdJk-Os,我要取貨,2025年9月19日 星期五 下午2:14,,,310,6,0,4
ameow_new_,https://www.threads.com/@ameow_new_/post/DOxX0Vgkvkf,"
有附上優惠碼的話就更帥ㄌ",2025年9月19日 星期五 下午1:05,@shopee_tw,,51,1,0,0,https://www.threads.com/@shopee_tw/post/DOxfDlsk0OM,,2025年9月19日 星期五 下午2:08,,,13,0,0,0
no_pen,https://www.threads.com/@no_pen/post/DOxORceAdhd,,2025年9月19日 星期五 上午11:41,@shopee_tw,No photo description available.,103,1,0,0,https://www.threads.com/@shopee_tw/post/DOxSH0qk9t-,低成本自己搞,2025年9月19日 星期五 下午12:15,,,23,0,0,0
r.x.cyc.n,https://www.threads.com/@r.x.cyc.n/post/DOxP85jDxdD,,2025年9月19日 星期五 上午11:56,@shopee_tw,No photo description available.,69,1,0,1,https://www.threads.com/@shopee_tw/post/DOxSEpkE0mN,謝謝,2025年9月19日 星期五 下午12:14,,,17,0,0,0
tcf.umbrella,https://www.threads.com/@tcf.umbrella/post/DOxKq9YERmv,"
差我一點 但還是帥",2025年9月19日 星期五 上午11:10,@shopee_tw,,9,1,0,0,https://www.threads.com/@shopee_tw/post/DOxL6vPEyz3,沒圖沒證據,2025年9月19日 星期五 上午11:21,,,11,0,0,1
lubu305,https://www.threads.com/@lubu305/post/DOxKu-eDwFB,"
說帥會多給點免運嗎🤣",2025年9月19日 星期五 上午11:10,@shopee_tw,,62,1,0,0,https://www.threads.com/@shopee_tw/post/DOxL4Jjk3eU,我剛問老闆 老闆說會,2025年9月19日 星期五 上午11:20,,,77,1,0,1
maclove.tw,https://www.threads.com/@maclove.tw/post/DOxH_41D6sA,"
？那麼 在哪裡才可以買得到呢",2025年9月19日 星期五 上午10:46,@shopee_tw,,3,1,0,0,https://www.threads.com/@shopee_tw/post/DOxLwGJE5px,全球限量款 僅有一台,2025年9月19日 星期五 上午11:19,,,2,0,0,0
mufu_official,https://www.threads.com/@mufu_official/post/DOxIWMPEo6f,"
看來這隻I Phone 過度操勞筋骨痠痛,只好先貼上痠痛貼布😆",2025年9月19日 星期五 上午10:49,@shopee_tw,,8,1,0,0,https://www.threads.com/@shopee_tw/post/DOxKpSSkUI6,iPhone 17 Pro 聯名撒隆巴斯,2025年9月19日 星期五 上午11:10,,,7,0,0,0
toptiertea.tw,https://www.threads.com/@toptiertea.tw/post/DOxHNkZkjb0,"
你的怎麼比較好玩的感覺",2025年9月19日 星期五 上午10:40,@shopee_tw,,4,1,0,0,https://www.threads.com/@shopee_tw/post/DOxHoE8k-Mc,散熱速度提升4X,2025年9月19日 星期五 上午10:43,,,4,0,0,0
ee7hyj,https://www.threads.com/@ee7hyj/post/DOxHPGwj82W,"
你好可愛 可以跟我說你的銀行卡密碼嗎",2025年9月19日 星期五 上午10:40,@shopee_tw,,201,1,0,0,https://www.threads.com/@shopee_tw/post/DOxHioUk7J5,謝謝 我的密碼是ESD8LW9UR,2025年9月19日 星期五 上午10:42,,,160,3,0,29
ee7hyj,https://www.threads.com/@ee7hyj/post/DOvozmTD2Xu,誰能幫我清空一下,2025年9月18日 星期四 下午8:55,,No photo description available.,33000,497,865,3074,https://www.threads.com/@shopee_tw/post/DOxGkP5E6aw,,2025年9月19日 星期五 上午10:34,,,0,0,0,0
chuchu_.0129,https://www.threads.com/@chuchu_.0129/post/DOt1VHakxUU,,2025年9月18日 星期四 上午4:06,,,0,0,0,0,https://www.threads.com/@shopee_tw/post/DOvxB0OkzA_,會是我嗎,2025年9月18日 星期四 下午10:06,,No photo description available.,413,1,0,3
meina5080,https://www.threads.com/@meina5080/post/DOc0_sdAXkv,17 萬 1.2 萬 1.3 萬 4.0 萬,2025年9月11日 星期四 下午1:36,,No photo description available. | No photo description available. | No photo description available. | No photo description available. | No photo description available.,170000,12000,13000,40000,https://www.threads.com/@shopee_tw/post/DOu8jquk2VK,,2025年9月18日 星期四 下午2:28,,No photo description available.,786,6,3,3
meina5080,https://www.threads.com/@meina5080/post/DOujCTGgX49,7.9 萬 1.2 萬,2025年9月18日 星期四 上午10:45,,No photo description available. | No photo description available. | No photo description available.,79000,5048,4595,12000,https://www.threads.com/@shopee_tw/post/DOu12dXk6Xh,,2025年9月18日 星期四 下午1:29,,No photo description available.,4021,8,12,31
xu._.9017,https://www.threads.com/@xu._.9017/post/DOrEDioigMg,各位今天是我生日可以跟我說哪四個字嗎,2025年9月17日 星期三 上午2:16,,No photo description available.,8044,2557,24,194,https://www.threads.com/@shopee_tw/post/DOuVYyHE8jC,哪四個字,2025年9月18日 星期四 上午8:46,,,973,33,0,9
y_4ewas,https://www.threads.com/@y_4ewas/post/DOs-0zmktu3,,2025年9月17日 星期三 下午8:09,@shopee_tw,,11,1,0,0,https://www.threads.com/@shopee_tw/post/DOtNFVNk6MO,,2025年9月17日 星期三 下午10:14,,,8,1,0,0
rnn9063t,https://www.threads.com/@rnn9063t/post/DOtDkV9Cf5n,"
傑克！快！！幫我們把羊奶箱也搬上車 🐑📦",2025年9月17日 星期三 下午8:51,@shopee_tw,No photo description available.,43,2,0,0,https://www.threads.com/@shopee_tw/post/DOtGpaYE0lf,會被偷走,2025年9月17日 星期三 下午9:18,,,10,0,0,0
do_jwnebs,https://www.threads.com/@do_jwnebs/post/DOqZetgAQac,十點全中 操,2025年9月16日 星期二 下午8:04,,No photo description available.,14000,405,1381,2864,https://www.threads.com/@shopee_tw/post/DOs51WpE1H5,刪掉,2025年9月17日 星期三 下午7:26,,,422,1,0,2
benesse_tw,https://www.threads.com/@benesse_tw/post/DOsrV99j9Yy,好禮貌養成系列 8.2 萬 1.0 萬 1.4 萬,2025年9月17日 星期三 下午5:19,,No photo description available. | No photo description available. | No photo description available. | No photo description available. | No photo description available. | No photo description available.,82000,738,10000,14000,https://www.threads.com/@shopee_tw/post/DOsxRCUE8Wr,,2025年9月17日 星期三 下午6:11,,,0,0,0,0
youtube_aching,https://www.threads.com/@youtube_aching/post/DOlcFhvgXBY,"幹= = 三重這什麼奇怪的地方
7-11 全家 萊爾富開在一起是三小…",2025年9月14日 星期日 下午9:51,,No photo description available.,120000,3342,3382,11000,https://www.threads.com/@shopee_tw/post/DOqp-Fkk75U,,2025年9月16日 星期二 下午10:29,,,0,0,0,0
24.enn,https://www.threads.com/@24.enn/post/DOqm2n-EhXT,"
媽的第一次看蝦皮影片看到哭🥹",2025年9月16日 星期二 下午10:01,@shopee_tw,,8,1,0,0,https://www.threads.com/@shopee_tw/post/DOqoipAkzUa,,2025年9月16日 星期二 下午10:16,,,2,0,0,0
penghu_eat,https://www.threads.com/@penghu_eat/post/DOp-6yfkuRw,"
感人的蝦皮🥲",2025年9月16日 星期二 下午4:12,@shopee_tw,,6,1,0,0,https://www.threads.com/@shopee_tw/post/DOqoeCFE7hN,,2025年9月16日 星期二 下午10:15,,,0,0,0,0
pipi.o_o.g,https://www.threads.com/@pipi.o_o.g/post/DOqWAqej3zG,"
去那邊罰站😂",2025年9月16日 星期二 下午7:34,@shopee_tw,,28,1,0,0,https://www.threads.com/@shopee_tw/post/DOqocCJk28i,Allen賣鬧,2025年9月16日 星期二 下午10:15,,,4,0,0,0
spacex_fm,https://www.threads.com/@spacex_fm/post/DOnm-86Elun,女朋友第一次煮蝦 跟我說這道菜叫胡椒蝦,2025年9月15日 星期一 下午6:05,,No photo description available. | No photo description available.,30000,1231,966,8789,https://www.threads.com/@shopee_tw/post/DOqQPhRE_B9,,2025年9月16日 星期二 下午6:44,,,0,0,0,0
recovery__light,https://www.threads.com/@recovery__light/post/DOqJbf3k1-H,追蹤recovery__light 原作者說讚更多正在回覆@shopee_tw想知道上班隱身睡覺的同事近況😀讚3 轉發分享,2025年9月16日 星期二 下午5:44,,,,,,,https://www.threads.com/@shopee_tw/post/DOqQNwKE_OZ,追蹤shopee_tw已驗證 更多睡到現在還沒起床讚5回覆轉發分享,2025年9月16日 星期二 下午6:44,,No photo description available.,,,,
gjun_easy_ya,https://www.threads.com/@gjun_easy_ya/post/DOqJM7hjzZP,追蹤gjun_easy_ya 原作者說讚更多正在回覆@shopee_tw這樣是不是可以晚點再開始動作🤭讚2 轉發分享,2025年9月16日 星期二 下午5:42,,,,,,,https://www.threads.com/@shopee_tw/post/DOqPF_pER05,追蹤shopee_tw已驗證 更多我都再睡5分鐘讚1回覆轉發分享,2025年9月16日 星期二 下午6:34,,,,,,
fuxinggao_taiwan,https://www.threads.com/@fuxinggao_taiwan/post/DOp2qSBkaOx,追蹤fuxinggao_taiwan 原作者說讚更多正在回覆@shopee_tw直接麻痺🥹讚6 轉發分享,2025年9月16日 星期二 下午3:00,,,,,,,https://www.threads.com/@shopee_tw/post/DOp70QOky-d,追蹤shopee_tw已驗證 原作者說讚更多太麻里隔痺讚12 轉發分享,2025年9月16日 星期二 下午3:45,,,,,,
johnny_._lee,https://www.threads.com/@johnny_._lee/post/DOnZghMk09K,"其實有問題的是課綱吧 1/2讚8,681回覆140轉發566分享141",2025年9月15日 星期一 下午4:07,,,,,,,https://www.threads.com/@shopee_tw/post/DOp7spRk0xE,其實有問題的是薪水吧讚251回覆6轉發3分享,2025年9月16日 星期二 下午3:44,,,,,,
yu01_040,https://www.threads.com/@yu01_040/post/DOpwZJaEXaD,追蹤yu01_040 原作者說讚更多正在回覆@shopee_tw為什麼是空的 是被截肢了嗎讚7 轉發分享,2025年9月16日 星期二 下午2:05,,,,,,,https://www.threads.com/@shopee_tw/post/DOp6830Exox,追蹤shopee_tw已驗證 更多不用點開讚4回覆轉發分享,2025年9月16日 星期二 下午3:38,,,,,,
rnn9063t,https://www.threads.com/@rnn9063t/post/DOp23dmCRis,追蹤rnn9063t 原作者說讚更多正在回覆@shopee_tw🐑：你不要亂趴，我剛剛也麻掉，被你壓在滑鼠墊下面…讚66 轉發分享,2025年9月16日 星期二 下午3:02,,,,,,,https://www.threads.com/@shopee_tw/post/DOp66gHE5dn,追蹤shopee_tw已驗證 更多哇塞 哇塞 正版的嘉南羊乳讚37 轉發分享,2025年9月16日 星期二 下午3:37,,,,,,
arashi_mitsuki,https://www.threads.com/@arashi_mitsuki/post/DOpsPN_Eogf,追蹤arashi_mitsuki 原作者說讚更多正在回覆@shopee_tw 回覆1轉發分享,2025年9月16日 星期二 下午1:29,,No photo description available.,,,,,https://www.threads.com/@shopee_tw/post/DOpuXfCkwfP,追蹤shopee_tw已驗證 原作者說讚更多腳呢讚54 轉發分享,2025年9月16日 星期二 下午1:48,,,,,,
lil.boy1_,https://www.threads.com/@lil.boy1_/post/DOprDilkQCB,追蹤lil.boy1_ 原作者說讚更多正在回覆@shopee_tw這是我看過最好的馬賽克用法了讚441 轉發分享,2025年9月16日 星期二 下午1:19,,,,,,,https://www.threads.com/@shopee_tw/post/DOptFhxk0Bl,追蹤shopee_tw已驗證 原作者說讚更多這是我看過最好的留言了讚106回覆轉發分享,2025年9月16日 星期二 下午1:37,,,,,,
munmunjunjun,https://www.threads.com/@munmunjunjun/post/DOgZiLUEwWG,追蹤munmunjunjun 原作者說讚更多正在回覆@shopee_tw四邊包繩不打洞 翻譯讚7 轉發分享,2025年9月12日 星期五 下午10:53,,,,,,,https://www.threads.com/@shopee_tw/post/DOgZzgwE-yI,追蹤shopee_tw已驗證 更多老闆 尾款記得付讚4回覆轉發分享,2025年9月12日 星期五 下午10:55,,,,,,
don.0122,https://www.threads.com/@don.0122/post/DOgZKv8j3UP,追蹤don.0122 原作者說讚更多正在回覆@shopee_tw這就是來自大企業的調侃嗎讚3 轉發分享,2025年9月12日 星期五 下午10:49,,,,,,,https://www.threads.com/@shopee_tw/post/DOgZxJ6k5Bu,追蹤shopee_tw已驗證 更多蝦皮小編讚3回覆轉發分享,2025年9月12日 星期五 下午10:55,,,,,,
1zhayu._,https://www.threads.com/@1zhayu._/post/DOgU_vKEkUB,追蹤1zhayu._ 原作者說讚更多正在回覆@shopee_tw對不起 但我前幾天買了一個Airpods 4 (ANC) 沒錢了 真的沒錢了💔讚5 轉發分享,2025年9月12日 星期五 下午10:13,,,,,,,https://www.threads.com/@shopee_tw/post/DOgZvWHE2ge,還是我：AirPods Pro 3讚4回覆轉發分享,2025年9月12日 星期五 下午10:54,,,,,,
camellove823,https://www.threads.com/@camellove823/post/DOgZUaxjx0B,追蹤camellove823 原作者說讚更多正在回覆@shopee_tw早餐40，蝦仔你要確定欸讚2 轉發分享,2025年9月12日 星期五 下午10:51,,,,,,,https://www.threads.com/@shopee_tw/post/DOgZo9pE6wd,追蹤shopee_tw已驗證 更多巧克力捲麵包+豆漿讚3回覆轉發分享,2025年9月12日 星期五 下午10:53,,,,,,
bin.bin.jan,https://www.threads.com/@bin.bin.jan/post/DOgXccKiXl3,追蹤bin.bin.jan已驗證 原作者說讚更多正在回覆@shopee_tw建議尾牙每個員工一台 iPhone 17 Pro 橘 刻上蝦皮LOGO 回覆1轉發分享3,2025年9月12日 星期五 下午10:34,,,,,,,https://www.threads.com/@shopee_tw/post/DOgZGKXE4aK,追蹤shopee_tw已驗證 原作者說讚更多置頂留老闆看讚52回覆轉發分享,2025年9月12日 星期五 下午10:49,,,,,,
nny1021118,https://www.threads.com/@nny1021118/post/DOgVyQHkmqZ,追蹤nny1021118 更多這是回覆已無法顯示的貼文小編也沒錢嘍讚1 轉發分享,2025年9月12日 星期五 下午10:20,,,,,,,https://www.threads.com/@shopee_tw/post/DOgWEwqk8kz,追蹤shopee_tw已驗證 更多在挑65折飯糰了讚回覆轉發分享,2025年9月12日 星期五 下午10:22,,,,,,
happy__pan,https://www.threads.com/@happy__pan/post/DOgVHQRkodD,追蹤happy__pan 原作者說讚更多正在回覆@shopee_tw確定北漂！吃這麼省的嗎！🥲🥲🥲讚1 轉發分享,2025年9月12日 星期五 下午10:14,,,,,,,https://www.threads.com/@shopee_tw/post/DOgVU7FExKh,追蹤shopee_tw已驗證 更多吃這麼省身體壞掉 要大修捏讚1 轉發分享,2025年9月12日 星期五 下午10:16,,,,,,
lan_11231010,https://www.threads.com/@lan_11231010/post/DOgUWgRE-cN,追蹤lan_11231010 原作者說讚更多正在回覆@shopee_tw我還以為蝦皮也要辦抽獎iphone 17了🤣讚11 轉發分享,2025年9月12日 星期五 下午10:07,,,,,,,https://www.threads.com/@shopee_tw/post/DOgUuudEaMn,追蹤shopee_tw已驗證 更多週一問老闆看看(?讚4回覆轉發分享,2025年9月12日 星期五 下午10:11,,,,,,
tzzs_t_f,https://www.threads.com/@tzzs_t_f/post/DOnpcIYk1k6,請問室友這樣睡覺要注意什麼？,2025年9月15日 星期一 下午6:26,,No photo description available. | No photo description available.,36000,440,1241,6009,https://www.threads.com/@shopee_tw/post/DOpkuZYE3X8,注意還有沒有呼吸,2025年9月16日 星期二 下午12:23,,,378,0,0,1
cdud8588,https://www.threads.com/@cdud8588/post/DOm0R0ZgeFU,誰沒中二過哈哈哈哈哈,2025年9月15日 星期一 上午10:42,,,140000,910,9823,31000,https://www.threads.com/@shopee_tw/post/DOnqkrfE9Q2,今年萬聖節：,2025年9月15日 星期一 下午6:36,,,357,0,0,9
littlemchan,https://www.threads.com/@littlemchan/post/DOezXCzk2C2,"🔆職場小確幸排行榜🔆
1️⃣ 會議取消
2️⃣ 主管請假
3️⃣ 準時下班還不塞車
4️⃣ 同事突然請客買飲料
我最喜歡第2個🤭",2025年9月12日 星期五 上午8:00,,,3149,69,30,208,https://www.threads.com/@shopee_tw/post/DOgdeTYk_zM,5️⃣老闆突然把我叫進辦公室然後送我一台iPhone17,2025年9月12日 星期五 下午11:27,,,109,3,0,0
pin.pin.tw,https://www.threads.com/@pin.pin.tw/post/DOgaWciEqsw,"
人家不在乎你早餐吃啥！ 看到17pro 自然因為你餐餐上千",2025年9月12日 星期五 下午11:00,@shopee_tw,,2,1,0,0,https://www.threads.com/@shopee_tw/post/DOgawcSk9Y3,每天都有千萬豪車接送（公車捷運）,2025年9月12日 星期五 下午11:03,,,2,0,0,0
_nnxxi,https://www.threads.com/@_nnxxi/post/DOgaJhxD55p,"
40元早餐能吃什麼🫨",2025年9月12日 星期五 下午10:58,@shopee_tw,,5,1,0,0,https://www.threads.com/@shopee_tw/post/DOgarerEz_P,茶葉蛋三顆+公司咖啡機,2025年9月12日 星期五 下午11:03,,,8,0,0,0
ever_shine_,https://www.threads.com/@ever_shine_/post/DOgYJUIEr8O,"
9點剩下難吃的飯糰便當",2025年9月12日 星期五 下午10:40,@shopee_tw,,8,1,0,0,https://www.threads.com/@shopee_tw/post/DOgZ42SEzd1,我這裡還有綠咖喱 耗吐鷺絲,2025年9月12日 星期五 下午10:56,,,6,0,0,0
xinyispotlight,https://www.threads.com/@xinyispotlight/post/DOgThmyD1iz,"
北漂的me：Pro 產了啦 💅",2025年9月12日 星期五 下午10:00,@shopee_tw,,35,1,0,1,https://www.threads.com/@shopee_tw/post/DOgTmYME2uc,iPhone 17 Pro 產,2025年9月12日 星期五 下午10:01,,,7,0,0,0
6owldoor,https://www.threads.com/@6owldoor/post/DOf0Lu0j5a5,"
擱供🫵",2025年9月12日 星期五 下午5:26,@shopee_tw,,28,1,0,0,https://www.threads.com/@shopee_tw/post/DOf5khUE4n2,擱供 自動門🫵🏻,2025年9月12日 星期五 下午6:13,,,22,0,0,0
allennlai,https://www.threads.com/@allennlai/post/DOfuQA5ku5F,,2025年9月12日 星期五 下午4:34,@shopee_tw,,155,1,4,19,https://www.threads.com/@shopee_tw/post/DOfxEYQEwhv,,2025年9月12日 星期五 下午4:59,,No photo description available.,92,0,0,1
jasonono97,https://www.threads.com/@jasonono97/post/DOfuEcLDzu-,"
現在4點半了不准找我講話",2025年9月12日 星期五 下午4:33,@shopee_tw,,25,1,0,0,https://www.threads.com/@shopee_tw/post/DOfu1VcE2vn,早上9點進公司就不准找我講話,2025年9月12日 星期五 下午4:39,,,27,0,0,0
____yu0919,https://www.threads.com/@____yu0919/post/DOft7uHEobd,"
登愣",2025年9月12日 星期五 下午4:32,@shopee_tw,,4,1,0,0,https://www.threads.com/@shopee_tw/post/DOft_LwFG-S,還少兩個字,2025年9月12日 星期五 下午4:32,,,9,1,0,0
yuing_2728,https://www.threads.com/@yuing_2728/post/DOcWOQZE-_S,"追蹤yuing_2728 更多可以給我一張吵架必贏的梗圖嗎讚3.6 萬回覆1,774 分享4,952",2025年9月11日 星期四 上午9:07,,,,,,,https://www.threads.com/@shopee_tw/post/DOdiwNpExqj,追蹤shopee_tw已驗證 更多讚321 轉發1,2025年9月11日 星期四 下午8:15,,No photo description available.,,,,
eva.hsuu,https://www.threads.com/@eva.hsuu/post/DOaJ896kUTE,追蹤eva.hsuu 原作者說讚更多正在回覆@shopee_tw最後一句 老愛聽了讚7 轉發分享,2025年9月10日 星期三 下午12:41,,,,,,,https://www.threads.com/@shopee_tw/post/DOaaqv2EwpS,追蹤shopee_tw已驗證 更多我可以聽1000遍讚6回覆轉發分享,2025年9月10日 星期三 下午3:07,,,,,,
paradise9319_,https://www.threads.com/@paradise9319_/post/DOaUTOSDzyq,追蹤paradise9319_已驗證 原作者說讚更多正在回覆@shopee_tw蝦小編是不是要買橘色2TB😎讚18 轉發分享,2025年9月10日 星期三 下午2:11,,,,,,,https://www.threads.com/@shopee_tw/post/DOaamLWE4uN,追蹤shopee_tw已驗證 更多都是橘色了 公司應該要標配一人一台吧讚62回覆轉發分享,2025年9月10日 星期三 下午3:06,,,,,,
24.enn,https://www.threads.com/@24.enn/post/DOaG0-nkpjb,追蹤24.enn 原作者說讚更多正在回覆@shopee_tw中間那隻蝦皮聯名還不快點公佈讚362 轉發分享12,2025年9月10日 星期三 下午12:14,,No photo description available.,,,,,https://www.threads.com/@shopee_tw/post/DOaIr1TE6Ax,追蹤shopee_tw已驗證 原作者說讚更多中間那是麻將橘啦 三筒 碰讚332 轉發分享7,2025年9月10日 星期三 下午12:30,,,,,,
hsh.waierullrich,https://www.threads.com/@hsh.waierullrich/post/DOZ_dRak9Vf,"追蹤hsh.waierullrich 更多今年的17Air美到覺得這才是頂規手機的長相讚4,744 轉發64",2025年9月10日 星期三 上午11:09,,No photo description available.,,,,,https://www.threads.com/@shopee_tw/post/DOaFqp7k9A4,追蹤shopee_tw已驗證 更多讚295 轉發分享19,2025年9月10日 星期三 下午12:03,,No photo description available.,,,,
fantasy_52hz,https://www.threads.com/@fantasy_52hz/post/DOXFlrWk6bM,"追蹤fantasy_52hz 更多「他那種才算是升學，我們頂多是店到店」讚1.4 萬回覆49 分享1,697",2025年9月9日 星期二 上午8:05,,,,,,,https://www.threads.com/@shopee_tw/post/DOaCpfEE0nC,追蹤shopee_tw已驗證 原作者說讚更多蝦皮店到店讚106 轉發分享2,2025年9月10日 星期三 上午11:37,,,,,,
joemanweng,https://www.threads.com/@joemanweng/post/DOZup35D0Mi,"追蹤joemanweng已驗證 更多iPhone 17 Pro的橘色到底是愛馬仕橘還是泰奶橘？已靜音Instagram logojoemanweng 回覆363 分享2,292",2025年9月10日 星期三 上午8:42,,,,,,,https://www.threads.com/@shopee_tw/post/DOZ9KIAk4c5,追蹤shopee_tw已驗證 原作者說讚更多蝦皮橘吧讚689 轉發1,2025年9月10日 星期三 上午10:49,,,,,,
shc_shen.369,https://www.threads.com/@shc_shen.369/post/DOZxOkyD6Qk,"你說是什麼橘我都信 1/2讚6 萬回覆1,683轉發3,432分享6.1 萬",2025年9月10日 星期三 上午9:05,,No photo description available. | No photo description available. | No photo description available. | No photo description available. | No photo description available.,,,,,https://www.threads.com/@shopee_tw/post/DOZ4LDfk-rk,"追蹤shopee_tw已驗證 原作者說讚更多讚1,466 轉發1",2025年9月10日 星期三 上午10:06,,No photo description available.,,,,
eason_12_02,https://www.threads.com/@eason_12_02/post/DOZGHD7kozU,"追蹤eason_12_02 更多17pro的橘 到底是愛馬仕橘 還是垃圾桶橘讚4,875 轉發183",2025年9月10日 星期三 上午2:48,,No photo description available. | No photo description available. | No photo description available.,,,,,https://www.threads.com/@shopee_tw/post/DOZ4BjWE7Es,追蹤shopee_tw已驗證 原作者說讚更多登愣～蝦皮橘讚129 轉發分享1,2025年9月10日 星期三 上午10:04,,,,,,
js.ioyzzzzz,https://www.threads.com/@js.ioyzzzzz/post/DOfEfQZEspo,各位今天是我生日可以跟我說哪四個字嗎,2025年9月12日 星期五 上午10:29,,No photo description available.,76000,9416,3348,20000,https://www.threads.com/@shopee_tw/post/DOffepHkxAX,蝦皮購物,2025年9月12日 星期五 下午2:25,,,33000,39,37,278
hhhmingccc,https://www.threads.com/@hhhmingccc/post/DOdm1nkAbn1,"看到Lulu跟陳漢典結婚
我朋友：",2025年9月11日 星期四 下午8:51,,No photo description available.,95000,1328,3175,11000,https://www.threads.com/@shopee_tw/post/DOfCjNlk4Gt,你們兩個自己用一個App好不好,2025年9月12日 星期五 上午10:12,,,6294,9,3,38
a0913979679,https://www.threads.com/@a0913979679/post/DOdcRy4CdIf,全部款集合到齊,2025年9月11日 星期四 下午7:19,,No photo description available.,7758,73,434,1161,https://www.threads.com/@shopee_tw/post/DOdjKqmE-Dg,,2025年9月11日 星期四 下午8:19,,No photo description available.,302,0,0,1
a0913979679,https://www.threads.com/@a0913979679/post/DOdEpnHCRwG,5.0新款//紫喆（芋泥流沙）,2025年9月11日 星期四 下午3:52,,No photo description available.,17000,267,1169,5502,https://www.threads.com/@shopee_tw/post/DOdiz9vExL0,,2025年9月11日 星期四 下午8:16,,No photo description available.,278,1,3,6
taiwanmemess,https://www.threads.com/@taiwanmemess/post/DOZElFoEzxF,"為您介紹，大榮貨運橘讚3,057回覆170轉發112分享1,206",2025年9月10日 星期三 上午2:35,,No photo description available.,,,,,https://www.threads.com/@shopee_tw/post/DOZVECYk9Za,追蹤shopee_tw已驗證 原作者說讚更多蝦皮橘讚233 轉發分享4,2025年9月10日 星期三 上午4:59,,,,,,
pintungpintung,https://www.threads.com/@pintungpintung/post/DOY7rWYk3UK,追蹤pintungpintung 原作者說讚更多正在回覆@shopee_tw等讚1 轉發分享,2025年9月10日 星期三 上午1:17,,,,,,,https://www.threads.com/@shopee_tw/post/DOY95ayE4gS,追蹤shopee_tw已驗證 更多等愣讚回覆轉發分享,2025年9月10日 星期三 上午1:36,,,,,,
cocotea.tw,https://www.threads.com/@cocotea.tw/post/DOY595Uj7a2,追蹤cocotea.tw 原作者說讚更多正在回覆@shopee_tw要睡了沒讚2 轉發分享,2025年9月10日 星期三 上午1:02,,,,,,,https://www.threads.com/@shopee_tw/post/DOY61B_k1TA,追蹤shopee_tw已驗證 更多還沒 還在賺錢讚1回覆轉發分享,2025年9月10日 星期三 上午1:10,,,,,,
ink_jdnd,https://www.threads.com/@ink_jdnd/post/DOYwk0rk18q,追蹤ink_jdnd 原作者說讚更多正在回覆@shopee_tw你要失望了讚2 轉發分享,2025年9月9日 星期二 下午11:40,,,,,,,https://www.threads.com/@shopee_tw/post/DOY0aV0k0Sc,還是我：（已送出iPhone 17 Pro訂單）讚3回覆轉發分享,2025年9月10日 星期三 上午12:13,,,,,,
aciswu,https://www.threads.com/@aciswu/post/DOYzzeGEo9D,追蹤aciswu 原作者說讚更多正在回覆@shopee_tw比較好奇蝦皮交往的對象會是誰，蝦餃嗎？讚1 轉發分享,2025年9月10日 星期三 上午12:08,,,,,,,https://www.threads.com/@shopee_tw/post/DOY0RyrkTQO,追蹤shopee_tw已驗證 更多蝦味先讚14 轉發分享,2025年9月10日 星期三 上午12:12,,No photo description available.,,,,
fe62.840,https://www.threads.com/@fe62.840/post/DOYzdeVk2IW,"〇 單身
〇 暈船
〇 交往
● 登愣～喝了牧場307失眠中 🫩讚3回覆1轉發分享",2025年9月10日 星期三 上午12:05,,,,,,,https://www.threads.com/@shopee_tw/post/DOY0IIAES_Y,追蹤shopee_tw已驗證 更多爸要負責讚2 轉發分享,2025年9月10日 星期三 上午12:11,,,,,,
7eleventw,https://www.threads.com/@7eleventw/post/DOYMRMnD9wx,"我：網路上的人會懂。買不到陶喆蛋糕就自己做一個😟🥧🍫讚1.7 萬回覆186轉發396分享2,843",2025年9月9日 星期二 下午6:23,,No photo description available. | No photo description available.,,,,,https://www.threads.com/@shopee_tw/post/DOYsjevEwZZ,追蹤shopee_tw已驗證 更多自己做讚250 轉發1,2025年9月9日 星期二 下午11:05,,No photo description available.,,,,
jujournal.studio,https://www.threads.com/@jujournal.studio/post/DOYUu0eDxpS,@eason_hairdoctor讚2回覆1轉發分享,2025年9月9日 星期二 下午7:37,,,,,,,https://www.threads.com/@shopee_tw/post/DOYhOrUk8DJ,追蹤shopee_tw已驗證 更多小蛋糕一塊讚2回覆轉發分享,2025年9月9日 星期二 下午9:26,,,,,,
lucky.crystal168,https://www.threads.com/@lucky.crystal168/post/DOYVPh_kl6G,追蹤lucky.crystal168 原作者說讚更多正在回覆@shopee_tw想問問我這樣梳有沒有像😎讚2 轉發分享,2025年9月9日 星期二 下午7:41,,No photo description available.,,,,,https://www.threads.com/@shopee_tw/post/DOYhMgAE2Jw,追蹤shopee_tw已驗證 更多有欸讚1 轉發分享,2025年9月9日 星期二 下午9:26,,,,,,
king.sun__,https://www.threads.com/@king.sun__/post/DOYJ9xRCZRy,追蹤king.sun__ 原作者說讚更多正在回覆@shopee_tw等一下⋯你是用了落健嗎？讚13 轉發分享1,2025年9月9日 星期二 下午6:03,,No photo description available.,,,,,https://www.threads.com/@shopee_tw/post/DOYTYntkygz,追蹤shopee_tw已驗證 原作者說讚更多喔喔ㄟㄟ 啊啊喔喔 ㄟㄟ啊啊內個內個內個讚8回覆轉發分享,2025年9月9日 星期二 下午7:25,,,,,,
allennlai,https://www.threads.com/@allennlai/post/DOYLxyGkgQb,追蹤allennlai 原作者說讚更多正在回覆@shopee_tw還我小時候的蛋糕讚14 轉發分享,2025年9月9日 星期二 下午6:18,,No photo description available.,,,,,https://www.threads.com/@shopee_tw/post/DOYTSPVE64i,追蹤shopee_tw已驗證 更多不要讚1回覆轉發分享,2025年9月9日 星期二 下午7:24,,,,,,
kdndei116,https://www.threads.com/@kdndei116/post/DOWOcukk2Gi,"追蹤kdndei116 更多嗨同學要不要一起去拿休學申請單讚3.5 萬回覆164 分享5,077",2025年9月9日 星期二 上午12:03,,,,,,,https://www.threads.com/@shopee_tw/post/DOX8IqDEzjl,追蹤shopee_tw已驗證 更多嗨同事要不要一起去拿離職申請單讚554 轉發2,2025年9月9日 星期二 下午4:02,,,,,,
marie3048,https://www.threads.com/@marie3048/post/DOVyBNQidGH,"追蹤marie3048 更多不可能陶喆也入侵瑪瑙水晶ㄟ….讚3.1 萬回覆133 分享5,251",2025年9月8日 星期一 下午7:55,,No photo description available. | No photo description available. | No photo description available.,,,,,https://www.threads.com/@shopee_tw/post/DOXpzsOE4od,已驗證 已編輯原作者說讚更多,2025年9月9日 星期二 下午1:22,,,0,0,0,0
_.y0202,https://www.threads.com/@_.y0202/post/DOVpCdUD_Qd,你走那天 我抽了一整包,2025年9月8日 星期一 下午6:36,,No photo description available.,6535,47,376,460,https://www.threads.com/@shopee_tw/post/DOXdWlBk18B,真的好痛。,2025年9月9日 星期二 上午11:33,,No photo description available.,330,1,2,2
7eleventw,https://www.threads.com/@7eleventw/post/DOXUVxmjyiR,"超重大大大大消息！
有位大大大大人物的周邊即將開賣
是哪位大大大大咖即將降臨7-ELEVEN？",2025年9月9日 星期二 上午10:14,,No photo description available.,7160,854,139,3516,https://www.threads.com/@shopee_tw/post/DOXcDnjk6We,打給蝦皮,2025年9月9日 星期二 上午11:21,,,6772,13,11,92
chiyo.yu1_,https://www.threads.com/@chiyo.yu1_/post/DOSyLsSD60f,遠遠看隨便說怎麼有一顆白菜 近看怎麼是一顆大瓜,2025年9月7日 星期日 下午3:59,,,100000,2568,5339,48000,https://www.threads.com/@shopee_tw/post/DOVlbW3k9fo,登愣～比我同事講的瓜還大,2025年9月8日 星期一 下午6:05,,,578,2,0,5
bn_sj_0115,https://www.threads.com/@bn_sj_0115/post/DORTYApEzIG,洗車洗到一半水管破掉直接水之呼吸,2025年9月7日 星期日 上午2:11,,,120000,1175,8329,48000,https://www.threads.com/@shopee_tw/post/DOS9X8ik8y2,嗚好耶，洗車～先把你🎵洗乾淨💧容光煥發才能人人愛,2025年9月7日 星期日 下午5:36,,,795,3,2,18
_lizzzzisme,https://www.threads.com/@_lizzzzisme/post/DOQnIrFgQpn,"剛剛突然想到蝦皮已經是2015年的產物
10年又過了⋯⋯",2025年9月6日 星期六 下午7:44,,,533,11,3,1,https://www.threads.com/@shopee_tw/post/DOS7LrBE7RP,10年啦？明年就11年啦,2025年9月7日 星期日 下午5:17,,,92,4,0,0
taiwanfood_kao,https://www.threads.com/@taiwanfood_kao/post/DOSfNkLkYTP,"你們知道這是什麼蝦嗎🫣
店家端海鮮盤來結果過沒多久掉下來
竟然是活的 嚇我一跳
蠕動到我有點…",2025年9月7日 星期日 下午1:13,,,43000,2312,766,10000,https://www.threads.com/@shopee_tw/post/DOS7GrTEzL9,蝦皮,2025年9月7日 星期日 下午5:17,,,1734,8,1,10
daniel0101_70205,https://www.threads.com/@daniel0101_70205/post/DOP6LOpgYqU,"今天和同學來吃肯德基^^
肯德基",2025年9月6日 星期六 下午1:11,,No photo description available. | No photo description available. | No photo description available. | No photo description available. | No photo description available. | No photo description available. | No photo description available. | No photo description available. | No photo description available.,120000,1806,2453,6774,https://www.threads.com/@shopee_tw/post/DOQj0cQE7ve,看見小時候的自己🥹,2025年9月6日 星期六 下午7:15,,,1713,5,4,1
st_tsou,https://www.threads.com/@st_tsou/post/DOOksqhE4YA,"
還好有貼這個，不然我還以為你們逼工程師跳這個…",2025年9月6日 星期六 上午12:44,@shopee_tw,,6,1,0,0,https://www.threads.com/@shopee_tw/post/DOOm5X1E29Q,術業有專攻,2025年9月6日 星期六 上午1:03,,,1,0,0,0
allennlai,https://www.threads.com/@allennlai/post/DOOL8SZksda,"
兩位女生腿很長很漂亮，兩位男生也有來",2025年9月5日 星期五 下午9:07,@shopee_tw,,2469,2,0,20,https://www.threads.com/@shopee_tw/post/DOOm0Nak5Lk,你倒是跳得很陶醉,2025年9月6日 星期六 上午1:02,,,26,0,0,1
zq_1220,https://www.threads.com/@zq_1220/post/DOOXBWqkwtY,"
C位可以換後面右後那位嗎 還是要刷禮物才能換哈哈
@jerry647d
這我老會了刷禮物的部分",2025年9月5日 星期五 下午10:44,@shopee_tw,,4,2,0,0,https://www.threads.com/@shopee_tw/post/DOOkEsik1pe,（皺眉）,2025年9月6日 星期六 上午12:38,,,1,1,0,0
amylilililili1111111,https://www.threads.com/@amylilililili1111111/post/DOOcowvE_nn,我一定下好下滿讚22回覆1轉發分享,2025年9月5日 星期五 下午11:33,,,,,,,https://www.threads.com/@shopee_tw/post/DOOj8OaEzrS,追蹤shopee_tw已驗證 更多嚇好嚇滿讚10回覆轉發分享,2025年9月6日 星期六 上午12:37,,,,,,
r870317,https://www.threads.com/@r870317/post/DOOdWFGj5A1,追蹤r870317 原作者說讚更多正在回覆@shopee_tw有沒有第二集，好喜歡讚4 轉發分享,2025年9月5日 星期五 下午11:40,,,,,,,https://www.threads.com/@shopee_tw/post/DOOj3oZE_XW,追蹤shopee_tw已驗證 更多當然有啊 下禮拜讚2回覆轉發分享,2025年9月6日 星期六 上午12:37,,,,,,
sumihi_crystal,https://www.threads.com/@sumihi_crystal/post/DOOdk-uEkCC,追蹤sumihi_crystal 原作者說讚更多正在回覆@shopee_twi人沒辦法做這工作讚1 轉發分享,2025年9月5日 星期五 下午11:42,,,,,,,https://www.threads.com/@shopee_tw/post/DOOj2GfE64r,追蹤shopee_tw已驗證 更多我們裡面有一個是i人讚回覆轉發分享,2025年9月6日 星期六 上午12:36,,,,,,
van_74013,https://www.threads.com/@van_74013/post/DOOfVKNjy4g,追蹤van_74013 原作者說讚更多正在回覆@shopee_tw中間帶口令女生聲音甜多了，中國的太Man了==，雖然都是拉到300公分，但台灣的是原廠美女🤭讚17 轉發分享,2025年9月5日 星期五 下午11:57,,,,,,,https://www.threads.com/@shopee_tw/post/DOOjyJykwmD,追蹤shopee_tw已驗證 更多愛U娜愛高高愛Allen愛學長讚9回覆轉發分享1,2025年9月6日 星期六 上午12:36,,,,,,
tei0109,https://www.threads.com/@tei0109/post/DOOhSG1Exxv,追蹤tei0109 原作者說讚更多正在回覆@shopee_tw為什麼男的不穿上衣讚1 轉發分享,2025年9月6日 星期六 上午12:14,,,,,,,https://www.threads.com/@shopee_tw/post/DOOjtR8E3m1,追蹤shopee_tw已驗證 更多還原讚回覆轉發分享,2025年9月6日 星期六 上午12:35,,,,,,
h_su.c,https://www.threads.com/@h_su.c/post/DOOhz8Nj2hj,追蹤h_su.c 原作者說讚更多正在回覆@shopee_tw想去蝦皮上班是正常的嗎讚2 轉發分享,2025年9月6日 星期六 上午12:19,,,,,,,https://www.threads.com/@shopee_tw/post/DOOjsCSEzao,追蹤shopee_tw已驗證 更多104有招募讚2回覆轉發分享,2025年9月6日 星期六 上午12:35,,,,,,
babe_430,https://www.threads.com/@babe_430/post/DOOi2Shkffj,追蹤babe_430 原作者說讚更多正在回覆@shopee_tw很難不注意右邊讚2 轉發分享,2025年9月6日 星期六 上午12:28,,,,,,,https://www.threads.com/@shopee_tw/post/DOOjp9EkzEX,追蹤shopee_tw已驗證 更多可惜我不會對拍喊麥 只能站旁邊讚回覆轉發分享,2025年9月6日 星期六 上午12:35,,,,,,
xmao1109,https://www.threads.com/@xmao1109/post/DOObZoeEi5o,追蹤xmao1109 原作者說讚更多正在回覆@shopee_tw蝦皮有點強😂😂😂後面兩位有加薪嗎🤣讚1 轉發分享,2025年9月5日 星期五 下午11:23,,,,,,,https://www.threads.com/@shopee_tw/post/DOOjYxNE6jm,追蹤shopee_tw已驗證 更多@老闆 看一下讚2 轉發分享,2025年9月6日 星期六 上午12:32,,,,,,
dollars3,https://www.threads.com/@dollars3/post/DOOXcI1ErLi,"
最右邊應該要在C的",2025年9月5日 星期五 下午10:48,@shopee_tw,,1,1,0,0,https://www.threads.com/@shopee_tw/post/DOOjM6CEwL5,喊麥還是要漂亮的,2025年9月6日 星期六 上午12:31,,,1,0,0,0
yau0307,https://www.threads.com/@yau0307/post/DOOXFxigfwB,"
就問出多少錢，後面那兩個男生才願意跳",2025年9月5日 星期五 下午10:45,@shopee_tw,,233,2,0,2,https://www.threads.com/@shopee_tw/post/DOOjJxLk_yM,有沒有可能是我們兩個男生說要跳的,2025年9月6日 星期六 上午12:30,,,199,2,0,2
_wzy.1011,https://www.threads.com/@_wzy.1011/post/DOOaoreklIX,"
最右邊那個明顯是自願的",2025年9月5日 星期五 下午11:16,@shopee_tw,,152,1,0,2,https://www.threads.com/@shopee_tw/post/DOOjHjWE2H9,很明顯他是發起人,2025年9月6日 星期六 上午12:30,,,122,0,0,0
w_in_love1213,https://www.threads.com/@w_in_love1213/post/DOOV7fzk2LJ,"
請問午後雷陣語怎麼發音？",2025年9月5日 星期五 下午10:35,@shopee_tw,,3,1,0,0,https://www.threads.com/@shopee_tw/post/DOOjCoLE0_V,轟隆隆隆隆隆,2025年9月6日 星期六 上午12:29,,,8,1,0,0
elizabeth520000,https://www.threads.com/@elizabeth520000/post/DOOeGfbEmVe,"
看得出很沈浸在自己的表演了",2025年9月5日 星期五 下午11:46,@shopee_tw,No photo description available.,1073,2,0,13,https://www.threads.com/@shopee_tw/post/DOOi-uak64S,謝謝Allen,2025年9月6日 星期六 上午12:29,,,122,0,0,0
wei.c_,https://www.threads.com/@wei.c_/post/DOOcIF8j_xt,"
給左右那兩位 （已刷",2025年9月5日 星期五 下午11:29,@shopee_tw,No photo description available.,224,1,0,1,https://www.threads.com/@shopee_tw/post/DOOi9kSE-WY,愛老闆,2025年9月6日 星期六 上午12:29,,,23,0,0,0
kaokaooo16,https://www.threads.com/@kaokaooo16/post/DOOYCmhCb49,"
沒有人跟我說面試上要跳這個ㄟ",2025年9月5日 星期五 下午10:53,@shopee_tw,,237,1,0,2,https://www.threads.com/@shopee_tw/post/DOOi69nk4-O,現在你知道了,2025年9月6日 星期六 上午12:28,,,51,0,0,0
cro0519,https://www.threads.com/@cro0519/post/DONO3EDE0De,"這兩台的C位都好好看
也有女生被洗腦的嘛？？
而且留言幾乎都是台灣人🤣🤣",2025年9月5日 星期五 下午12:14,,,9429,384,311,4851,https://www.threads.com/@shopee_tw/post/DOOTXQPk5Wl,"我們C位也很美。
shopee_tw
2025-9-5
@你朋友來上車 我們來 接你囉～",2025年9月5日 星期五 下午10:12,,,2576,26,18,448
aron_11_10,https://www.threads.com/@aron_11_10/post/DOOLxINgezI,"
這腿修的…😂",2025年9月5日 星期五 下午9:06,@shopee_tw,,4,1,0,0,https://www.threads.com/@shopee_tw/post/DOOS10HEyi1,修到精髓,2025年9月5日 星期五 下午10:08,,,5,0,0,0
tw_sweetpotato,https://www.threads.com/@tw_sweetpotato/post/DOOMUmokgib,"
希望我的眼睛有自動馬賽克功能",2025年9月5日 星期五 下午9:11,@shopee_tw,,1,1,0,0,https://www.threads.com/@shopee_tw/post/DOOSyPZE8wY,對不起,2025年9月5日 星期五 下午10:07,,,0,0,0,0
dda0229,https://www.threads.com/@dda0229/post/DOORj-FgZgf,"
拉腿長我老熟了",2025年9月5日 星期五 下午9:57,@shopee_tw,No photo description available.,236,1,0,2,https://www.threads.com/@shopee_tw/post/DOOSwfNEwIM,四個獸之巨人,2025年9月5日 星期五 下午10:07,,,64,0,0,0
ting_199603,https://www.threads.com/@ting_199603/post/DOMpqzqEg_Y,"第一次跟陸抖直播看到刷嘉年華
這個點點姐姐直接把所有語言都點一遍😆",2025年9月5日 星期五 上午6:49,,,15000,312,638,11000,https://www.threads.com/@shopee_tw/post/DOORA_pkwq2,"下次可以跟我們
shopee_tw
2025-9-5
@你朋友來上車 我們來 接你囉～",2025年9月5日 星期五 下午9:52,,,564,8,1020,95
158_rice_ball,https://www.threads.com/@158_rice_ball/post/DOLaveuk5TV,"在寶雅
男朋友：這個車給你 裝多少我買多少
我：好！",2025年9月4日 星期四 下午7:19,,No photo description available.,10000,236,272,3290,https://www.threads.com/@shopee_tw/post/DONoCFkk8hL,下次換這吧,2025年9月5日 星期五 下午3:54,,No photo description available.,1086,7,1,4
celinechiu_,https://www.threads.com/@celinechiu_/post/DOJQtALkqBo,"李東海不只去蝦皮領了包裹
甚至還在萵苣辦了會員（？",2025年9月3日 星期三 下午11:13,,No photo description available.,20000,176,417,3697,https://www.threads.com/@shopee_tw/post/DOLSV83kz2z,,2025年9月4日 星期四 下午6:06,,,199,1,0,3
99_12_20b,https://www.threads.com/@99_12_20b/post/DOJS-VCkulx,"
蝦皮正在實現招狗計劃",2025年9月3日 星期三 下午11:33,@shopee_tw,,8,1,0,0,https://www.threads.com/@shopee_tw/post/DOJYGNMk9lo,店到店還是需要店狗的（誤,2025年9月4日 星期四 上午12:17,,,9,0,0,0
xianghong._.12,https://www.threads.com/@xianghong._.12/post/DOIGirggYpf,憋不住了,2025年9月3日 星期三 下午12:25,,,27000,251,2331,6204,https://www.threads.com/@shopee_tw/post/DOJVKsOE4bX,我也快憋不住了,2025年9月3日 星期三 下午11:52,,No photo description available.,177,1,0,0
nen2roastpork,https://www.threads.com/@nen2roastpork/post/DOJUkXhEvYv,"這是回覆已無法顯示的貼文
@shopee_tw
下次拍這個",2025年9月3日 星期三 下午11:47,,,1,1,0,0,https://www.threads.com/@shopee_tw/post/DOJVDk9k0Ry,已經拍好了,2025年9月3日 星期三 下午11:51,,,6,1,0,0
znang7299,https://www.threads.com/@znang7299/post/DOIneEKkqQK,沒招了媽的我要笑了,2025年9月3日 星期三 下午5:13,,No photo description available.,24000,52,722,1985,https://www.threads.com/@shopee_tw/post/DOJKWc4E2eR,對不起,2025年9月3日 星期三 下午10:17,,,5449,12,8,24
zunruthunder,https://www.threads.com/@zunruthunder/post/DOJCizWkivr,"
狗狗滿臉疑惑，這兩位說的話怎麼就是聽不懂？？？
我是來happy的嗎？😃😃😃",2025年9月3日 星期三 下午9:09,@shopee_tw,,19,1,0,0,https://www.threads.com/@shopee_tw/post/DOJJ3zsk8lT,來蝦皮的,2025年9月3日 星期三 下午10:13,,,13,0,0,0
super.milk.tea,https://www.threads.com/@super.milk.tea/post/DOJFJKFD_QR,"
ㄌㄨㄛˇ波糕～",2025年9月3日 星期三 下午9:32,@shopee_tw,,28,1,0,0,https://www.threads.com/@shopee_tw/post/DOJJ2d1k8uC,你回來了,2025年9月3日 星期三 下午10:13,,,7,0,0,0
yusheng3302,https://www.threads.com/@yusheng3302/post/DOJD-SyiUNv,"
如果他們面試到一半拉出來，那算不算是一種屎狗椅",2025年9月3日 星期三 下午9:22,@shopee_tw,,135,1,0,1,https://www.threads.com/@shopee_tw/post/DOJJ1M3k4Md,他們兩個現在很累 累椅狗,2025年9月3日 星期三 下午10:13,,,69,0,0,0
milktea.mess,https://www.threads.com/@milktea.mess/post/DOGw-roCTfE,"大阪 5天4夜
男友說他要換5萬台幣（兩個人的花費）
大概23萬日幣 會不會太多啊",2025年9月2日 星期二 下午11:57,,,6828,576,25,526,https://www.threads.com/@shopee_tw/post/DOI6MHZE-9N,來都來了,2025年9月3日 星期三 下午7:56,,,49,0,0,0
flower_.317,https://www.threads.com/@flower_.317/post/DOG-i5oExws,"我恨爭鮮
我的頭直接變🐢頭",2025年9月3日 星期三 上午1:56,,No photo description available. | No photo description available. | No photo description available. | No photo description available.,38000,746,756,10000,https://www.threads.com/@shopee_tw/post/DOIt6Ywk0FJ,,2025年9月3日 星期三 下午6:09,,No photo description available. | No photo description available.,669,1,1,11
c.o.c.oooo,https://www.threads.com/@c.o.c.oooo/post/DOGsvK6EjsO,"我要蓋樓
另一半剛在一起vs現在的樣子
要確定欸？準備提告
罪名：詐欺",2025年9月2日 星期二 下午11:20,,No photo description available. | No photo description available.,73000,4461,3469,65000,https://www.threads.com/@shopee_tw/post/DOIAWFCE-DF,,2025年9月3日 星期三 上午11:31,,No photo description available. | No photo description available.,6072,26,23,331
7_7zai_rong,https://www.threads.com/@7_7zai_rong/post/DOGNYVvE9L6,"如果不想死，就趕緊逃跑吧。
情況開始失控了，月亮變的很紅，已經沒時間了",2025年9月2日 星期二 下午6:46,,No photo description available.,8696,626,675,4397,https://www.threads.com/@shopee_tw/post/DOH76R6E27E,,2025年9月3日 星期三 上午10:52,,,0,0,0,0
mihantata,https://www.threads.com/@mihantata/post/DOFWoDTj4pV,"
這個企劃到底是怎麼過審的",2025年9月2日 星期二 上午10:48,@shopee_tw,,2,1,0,0,https://www.threads.com/@shopee_tw/post/DOGF7lVk9Dq,沒送審就不用審,2025年9月2日 星期二 下午5:41,,,15,0,0,0
shizuku.325,https://www.threads.com/@shizuku.325/post/DODsRODEkvV,"
希望整天在貼老梗笑話的人看看
這樣才叫文藝復興
你們那個只是文藝複製",2025年9月1日 星期一 下午7:18,@shopee_tw,,170,1,0,0,https://www.threads.com/@shopee_tw/post/DOD8sdBE15m,支持文藝復興,2025年9月1日 星期一 下午9:42,,,28,0,0,1
breeze_aaaa,https://www.threads.com/@breeze_aaaa/post/DOD4YX1kiPw,"
感覺我全身上下的老人味都飄出來了",2025年9月1日 星期一 下午9:04,@shopee_tw,,61,1,0,0,https://www.threads.com/@shopee_tw/post/DOD8qKbEyv_,說出來,2025年9月1日 星期一 下午9:41,,,9,1,0,0
master_g0910312207,https://www.threads.com/@master_g0910312207/post/DODqnTMkerw,"
如果你全部看過
那我告訴你
你是真的老了",2025年9月1日 星期一 下午7:04,@shopee_tw,,490,2,1,3,https://www.threads.com/@shopee_tw/post/DODu35_E1Jc,死去的回憶正在攻擊我的大腦,2025年9月1日 星期一 下午7:41,,,84,0,0,0
hsiaohan.art.studio,https://www.threads.com/@hsiaohan.art.studio/post/DODopMokvsH,"
學長隨著影片的進展，衣服也跟著變少了呢",2025年9月1日 星期一 下午6:47,@shopee_tw,,59,1,0,0,https://www.threads.com/@shopee_tw/post/DODu11ck3by,體重也變少了,2025年9月1日 星期一 下午7:41,,,15,0,0,0
super.milk.tea,https://www.threads.com/@super.milk.tea/post/DODBXcrkbJS,"
我不同意上班！",2025年9月1日 星期一 下午1:03,@shopee_tw,,68,2,0,0,https://www.threads.com/@shopee_tw/post/DODjisDE4ik,奶茶好喝一直喝,2025年9月1日 星期一 下午6:02,,,86,1,0,0
ugishot,https://www.threads.com/@ugishot/post/DODCtrHEpve,"
好了就好了",2025年9月1日 星期一 下午1:15,@shopee_tw,No photo description available.,424,1,0,1,https://www.threads.com/@shopee_tw/post/DODjgg5E_Sb,你錄取了 我說的,2025年9月1日 星期一 下午6:02,,,334,0,1,0
gummi_nya,https://www.threads.com/@gummi_nya/post/DOBUQBPk1um,"我沒想到我電繪那支筆會以這種方式死亡
變兩半是怎樣wwwww",2025年8月31日 星期日 下午9:10,,No photo description available.,6887,129,172,461,https://www.threads.com/@shopee_tw/post/DODfEkHEVKa,五條筆,2025年9月1日 星期一 下午5:23,,,159,1,0,1
goofymuki,https://www.threads.com/@goofymuki/post/DOAlEv6jyBf,為什麼松菸的蝦皮店到店的人形立牌會JOJO立,2025年8月31日 星期日 下午2:18,,No photo description available. | No photo description available. | No photo description available. | No photo description available.,2263,17,132,514,https://www.threads.com/@shopee_tw/post/DOC2Jg-E9qk,我沒有逼他,2025年9月1日 星期一 上午11:25,,,45,0,0,2
owa.124,https://www.threads.com/@owa.124/post/DOCaWSIkiyq,追蹤owa.124 原作者說讚更多正在回覆@shopee_tw終究還是上課了😮‍💨讚107 轉發分享,2025年9月1日 星期一 上午7:22,,No photo description available.,,,,,https://www.threads.com/@shopee_tw/post/DOCgm7fk-MZ,追蹤shopee_tw已驗證 更多平安讚70回覆轉發分享,2025年9月1日 星期一 上午8:17,,,,,,
the.best.taiwanese.tea,https://www.threads.com/@the.best.taiwanese.tea/post/DOBgg3Qk-ff,"💖💖💖💖💖 💖💖💖💖💖
💖💖💖💖💖 💖💖💖💖💖
💖💖💖💖💖 💖💖💖💖💖
💖💖💖💖💖 💖💖💖💖💖
💖💖💖💖💖 💖💖💖💖💖
💖💖💖💖💖 💖💖💖💖💖
💖💖💖💖💖 💖💖💖💖💖
💖💖💖💖💖 💖💖💖💖💖
💖💖💖💖💖 💖💖💖💖💖
💖💖💖💖💖 💖💖💖💖💖
💖💖💖💖💖 💖💖💖💖💖
💖💖💖💖💖 💖💖💖💖💖
💖💖💖💖💖 💖💖💖💖💖讚2回覆1轉發分享",2025年8月31日 星期日 下午10:57,,,,,,,https://www.threads.com/@shopee_tw/post/DOBoic4EbZs,追蹤shopee_tw已驗證 更多好有心讚2回覆轉發分享,2025年9月1日 星期一 上午12:07,,,,,,
missclany,https://www.threads.com/@missclany/post/DOBdRtyk6oL,追蹤missclany 更多這是回覆已無法顯示的貼文還有續集嗎讚1 轉發分享,2025年8月31日 星期日 下午10:29,,,,,,,https://www.threads.com/@shopee_tw/post/DOBohY2kQbn,追蹤shopee_tw已驗證 更多經費不足讚3回覆轉發分享,2025年9月1日 星期一 上午12:07,,,,,,
yu_wen010,https://www.threads.com/@yu_wen010/post/DOBavZskp1m,追蹤yu_wen010 原作者說讚更多正在回覆@shopee_tw你不是暑假也在上班嗎讚5 轉發分享,2025年8月31日 星期日 下午10:07,,,,,,,https://www.threads.com/@shopee_tw/post/DOBmr_1k8-m,追蹤shopee_tw已驗證 更多每個禮拜一都不想去讚15 轉發分享,2025年8月31日 星期日 下午11:51,,,,,,
sangyyyyy_310,https://www.threads.com/@sangyyyyy_310/post/DOBa7uYksgx,"一人留言一個請假理由供大家使用好嗎
我目前想不到理由請假⋯⋯⋯⋯⋯⋯ 1/2讚23回覆15轉發16分享1",2025年8月31日 星期日 下午10:08,,,,,,,https://www.threads.com/@shopee_tw/post/DOBc7muE9Ja,追蹤shopee_tw已驗證 原作者說讚更多我是aespo，明天我不同意上班讚56回覆轉發2分享,2025年8月31日 星期日 下午10:26,,,,,,
dylee.an,https://www.threads.com/@dylee.an/post/DOBXaOYklSk,"追蹤dylee.an已驗證 更多我是李弘毅 我同意開學 但不關我的事已靜音讚3.6 萬回覆118 分享1,243",2025年8月31日 星期日 下午9:40,,,,,,,https://www.threads.com/@shopee_tw/post/DOBcy1akS3A,追蹤shopee_tw已驗證 更多我是蝦皮小編我不同意上班讚815 轉發9,2025年8月31日 星期日 下午10:25,,,,,,
luweiuncle,https://www.threads.com/@luweiuncle/post/DOBSDO-k-3m,追蹤luweiuncle 原作者說讚更多正在回覆@shopee_tw那你同意來幫忙賣滷味嗎？讚339 轉發1分享,2025年8月31日 星期日 下午8:51,,,,,,,https://www.threads.com/@shopee_tw/post/DOBSPpPk39O,追蹤shopee_tw已驗證 原作者說讚更多請問麥克風跟音響要自己帶嗎讚389 轉發1分享,2025年8月31日 星期日 下午8:52,,,,,,
jennyxwinnie,https://www.threads.com/@jennyxwinnie/post/DOBSFuEibkN,追蹤jennyxwinnie 原作者說讚更多正在回覆@shopee_tw那可以發點折扣碼撫慰我們的心靈嗎讚34 轉發分享,2025年8月31日 星期日 下午8:51,,,,,,,https://www.threads.com/@shopee_tw/post/DOBSNXwkwP1,追蹤shopee_tw已驗證 更多好讚29回覆轉發分享,2025年8月31日 星期日 下午8:52,,,,,,
pick.n.daily,https://www.threads.com/@pick.n.daily/post/DN9tWoREm68,"：忍者在用的冰箱保護符阿⋯ 1/2已靜音讚7,088回覆76轉發343分享2,521",2025年8月30日 星期六 上午11:32,,No photo description available.,,,,,https://www.threads.com/@shopee_tw/post/DN-7vobk3qR,追蹤shopee_tw已驗證 原作者說讚更多請問會爆炸嗎 會的話多久會爆讚103 轉發分享,2025年8月30日 星期六 下午10:57,,,,,,
sut7773,https://www.threads.com/@sut7773/post/DN-kWr3kkPt,"追蹤sut7773蝦皮智取店 更多今天晚上去取貨發現蝦皮智取店請了保全。讚2.8 萬回覆201 分享1,244",2025年8月30日 星期六 下午7:33,,No photo description available. | No photo description available.,,,,,https://www.threads.com/@shopee_tw/post/DN-7JlgE5cD,"追蹤shopee_tw已驗證 原作者說讚更多？讚3,026 轉發1",2025年8月30日 星期六 下午10:52,,,,,,
uu.__.0301,https://www.threads.com/@uu.__.0301/post/DN8d_rIgd7O,追蹤uu.__.0301台灣製造 更多「台灣製」控絕對不能錯過的五間床包店家 讚3.1 萬回覆338 分享2.7 萬,2025年8月29日 星期五 下午11:59,,No photo description available. | No photo description available. | No photo description available. | No photo description available. | No photo description available.,,,,,https://www.threads.com/@shopee_tw/post/DN-67GIE4l0,追蹤shopee_tw已驗證 原作者說讚更多已購買，小孩愛吃讚131 轉發分享8,2025年8月30日 星期六 下午10:50,,,,,,
redbulltaiwan,https://www.threads.com/@redbulltaiwan/post/DN24l9x5rpu,"追蹤redbulltaiwan已驗證 更多好想談戀愛… 讚1.7 萬回覆432 分享2,580",2025年8月27日 星期三 下午7:56,,,,,,,https://www.threads.com/@shopee_tw/post/DN8Z3UPE934,追蹤shopee_tw已驗證 原作者說讚更多到了 哩底豆><讚42 轉發分享1,2025年8月29日 星期五 下午11:23,,No photo description available.,,,,
0211_sin,https://www.threads.com/@0211_sin/post/DN8Ae1VkiaC,追蹤0211_sin 更多這是回覆已無法顯示的貼文小編下班瘋狂發文讚2 轉發分享,2025年8月29日 星期五 下午7:41,,,,,,,https://www.threads.com/@shopee_tw/post/DN8A146k-lH,追蹤shopee_tw已驗證 更多小編下班瘋狂發神經讚3回覆轉發分享,2025年8月29日 星期五 下午7:44,,,,,,
6owldoor,https://www.threads.com/@6owldoor/post/DN7cXS3jxBE,追蹤6owldoor 原作者說讚更多正在回覆@shopee_tw好愛各位前任們的精神狀態讚31 轉發分享,2025年8月29日 星期五 下午2:25,,,,,,,https://www.threads.com/@shopee_tw/post/DN7_uphEzwc,追蹤shopee_tw已驗證 更多自動門 我愛你讚9回覆轉發分享,2025年8月29日 星期五 下午7:34,,,,,,
luweiuncle,https://www.threads.com/@luweiuncle/post/DN7wJ9WE9z6,追蹤luweiuncle 原作者說讚更多正在回覆@shopee_tw可以捐老婆嗎讚21 轉發分享1,2025年8月29日 星期五 下午5:18,,,,,,,https://www.threads.com/@shopee_tw/post/DN7_sqLk1tN,追蹤shopee_tw已驗證 更多？讚4回覆轉發分享,2025年8月29日 星期五 下午7:34,,,,,,
tkb_administration,https://www.threads.com/@tkb_administration/post/DN6_NvhEqXD,追蹤tkb_administration 原作者說讚更多正在回覆@shopee_tw這邊可以貼廣告讚2 轉發分享,2025年8月29日 星期五 上午10:11,,,,,,,https://www.threads.com/@shopee_tw/post/DN7r809E-zX,追蹤shopee_tw已驗證 更多筆記 翻譯讚6回覆轉發分享,2025年8月29日 星期五 下午4:42,,,,,,
catcute1015,https://www.threads.com/@catcute1015/post/DN7WJb1k7o7,追蹤catcute1015 原作者說讚更多正在回覆@shopee_tw看到吉伊卡哇！讚5 轉發分享,2025年8月29日 星期五 下午1:31,,,,,,,https://www.threads.com/@shopee_tw/post/DN7ZsLwE9yi,追蹤shopee_tw已驗證 更多許願高速婆婆讚1回覆轉發分享,2025年8月29日 星期五 下午2:02,,,,,,
ginseng.taiwan,https://www.threads.com/@ginseng.taiwan/post/DN7TFSgAYAH,追蹤ginseng.taiwan 原作者說讚更多正在回覆@shopee_tw結婚照居然不見了~讚61 轉發分享,2025年8月29日 星期五 下午1:04,,,,,,,https://www.threads.com/@shopee_tw/post/DN7TxC_k7DR,追蹤shopee_tw已驗證 原作者說讚更多可能前任跑回來拿走了讚62 轉發分享,2025年8月29日 星期五 下午1:10,,,,,,
rivergroup_tw,https://www.threads.com/@rivergroup_tw/post/DN7TCTyD0UK,追蹤rivergroup_tw 原作者說讚更多正在回覆@shopee_tw可能是過ㄎ一夕了讚16 轉發分享,2025年8月29日 星期五 下午1:04,,,,,,,https://www.threads.com/@shopee_tw/post/DN7Tvalk86p,追蹤shopee_tw已驗證 原作者說讚更多真的ㄎㄧ夕了讚11回覆轉發分享,2025年8月29日 星期五 下午1:10,,,,,,
pennnyreal,https://www.threads.com/@pennnyreal/post/DN5IGMFEcGQ,"追蹤pennnyreal小S徐熙娣 更多小S真的很煩哈哈哈哈哈哈哈哈哈已靜音讚4.1 萬回覆233 分享9,956",2025年8月28日 星期四 下午4:50,,,,,,,https://www.threads.com/@shopee_tw/post/DN54CuRk_ev,追蹤shopee_tw已驗證 更多希望有一天可以跟小S合作讚279回覆轉發分享2,2025年8月28日 星期四 下午11:49,,,,,,
popochacha.foods,https://www.threads.com/@popochacha.foods/post/DN5mep2EiPB,追蹤popochacha.foods 原作者說讚更多正在回覆@shopee_tw你脾氣真的很差欸？讚3 轉發分享,2025年8月28日 星期四 下午9:15,,,,,,,https://www.threads.com/@shopee_tw/post/DN5nVrck44X,追蹤shopee_tw已驗證 更多回他：把我弄到發神經又說我脾氣差讚2回覆轉發分享,2025年8月28日 星期四 下午9:23,,,,,,
shixuan_world2021,https://www.threads.com/@shixuan_world2021/post/DN5mMYOEoz3,你要亂想你就想吧讚59回覆1轉發分享,2025年8月28日 星期四 下午9:13,,,,,,,https://www.threads.com/@shopee_tw/post/DN5nRVtk3ht,追蹤shopee_tw已驗證 更多我要瘋了讚22回覆轉發分享,2025年8月28日 星期四 下午9:22,,,,,,
min811022,https://www.threads.com/@min811022/post/DN5ObF6k6nI,追蹤min811022 原作者說讚更多正在回覆@shopee_tw我可以送前任送的電動牙刷嗎？重點是還只買了換的刷頭，其他都沒有。 難怪他變前任讚4 轉發分享,2025年8月28日 星期四 下午5:45,,,,,,,https://www.threads.com/@shopee_tw/post/DN5gEa0k50W,追蹤shopee_tw已驗證 更多明天來讚2回覆轉發分享,2025年8月28日 星期四 下午8:19,,,,,,
_7pgy,https://www.threads.com/@_7pgy/post/DN47glAEqKJ,追蹤_7pgy 原作者說讚更多正在回覆@shopee_tw我捐他的頭可以嗎😌！😍讚3 轉發分享,2025年8月28日 星期四 下午3:00,,,,,,,https://www.threads.com/@shopee_tw/post/DN5gAGwkzdP,追蹤shopee_tw已驗證 更多讚4回覆轉發分享,2025年8月28日 星期四 下午8:19,,No photo description available.,,,,
hankhhigh,https://www.threads.com/@hankhhigh/post/DN2ruFH5qpj,"我沒有騙人吧
就是有這麼可愛的孩子
希望下次他可以蝦皮買少一點😂",2025年8月27日 星期三 下午6:03,,No photo description available.,5057,88,120,366,https://www.threads.com/@shopee_tw/post/DN5TggdE_ah,免運LYEZ375FEC,2025年8月28日 星期四 下午6:29,,,202,3,0,8
good.morning.my.dear.friend,https://www.threads.com/@good.morning.my.dear.friend/post/DN4i-46D0m3,"
這個也可以捐嗎",2025年8月28日 星期四 上午11:25,@shopee_tw,No photo description available.,54,1,0,0,https://www.threads.com/@shopee_tw/post/DN4qV3CE3P0,來啊,2025年8月28日 星期四 下午12:30,,,23,0,0,0
aquariumchen_,https://www.threads.com/@aquariumchen_/post/DN3AXu55mtj,"
幫我清空pls🥰",2025年8月27日 星期三 下午9:04,@shopee_tw,No photo description available.,3,1,0,0,https://www.threads.com/@shopee_tw/post/DN3IX-05hi1,這台車有點貴,2025年8月27日 星期三 下午10:14,,,8,1,0,0
ii2u__,https://www.threads.com/@ii2u__/post/DN3ICgeQrJ2,"
@yaaaa._.__
@cshuai__
@jia._o7
@lin._75",2025年8月27日 星期三 下午10:11,@shopee_tw,,2,2,0,0,https://www.threads.com/@shopee_tw/post/DN3IWRsZljS,Good,2025年8月27日 星期三 下午10:14,,,1,0,0,0
redbulltaiwan,https://www.threads.com/@redbulltaiwan/post/DN28swR5tlu,"
週五讓我在你耳邊輕聲說出
是 Red Bull 喔 字首大寫中間要空格",2025年8月27日 星期三 下午8:32,@shopee_tw,,728,2,1,9,https://www.threads.com/@shopee_tw/post/DN3GYeFYgjS,打勾勾喔 我會到🫶🏻,2025年8月27日 星期三 下午9:56,,,20,0,0,0
mofans_2020,https://www.threads.com/@mofans_2020/post/DN3C7JKZqkw,"
真的超大！！！！！嚇瘋",2025年8月27日 星期三 下午9:26,@shopee_tw,,2,1,0,0,https://www.threads.com/@shopee_tw/post/DN3EKjvZjFt,平安！！！,2025年8月27日 星期三 下午9:37,,,2,0,0,0
1syuan_ni,https://www.threads.com/@1syuan_ni/post/DN0sDnaXp7M,"下午逛完ikea準備離開的我
…….？",2025年8月26日 星期二 下午11:28,,,98000,559,1735,9751,https://www.threads.com/@shopee_tw/post/DN3DdhY5kTn,幾勒風風雨雨的社會,2025年8月27日 星期三 下午9:31,,,730,4,1,12
imy._.r_,https://www.threads.com/@imy._.r_/post/DN3BmyxZoIU,追蹤imy._.r_ 原作者說讚更多正在回覆@shopee_tw我在洗澡😭讚5 轉發分享,2025年8月27日 星期三 下午9:15,,,,,,,https://www.threads.com/@shopee_tw/post/DN3BsYS5o0x,追蹤shopee_tw已驗證 更多我在蹲廁所 以為頭暈讚2回覆轉發分享,2025年8月27日 星期三 下午9:15,,,,,,
bitch_asshole878,https://www.threads.com/@bitch_asshole878/post/DN3BaUCZl0I,追蹤bitch_asshole878 原作者說讚更多正在回覆@shopee_tw馬上餒讚6 轉發分享,2025年8月27日 星期三 下午9:13,,,,,,,https://www.threads.com/@shopee_tw/post/DN3BdmXZuTi,追蹤shopee_tw已驗證 原作者說讚更多剛好在海巡嚇死我了讚6回覆轉發分享,2025年8月27日 星期三 下午9:13,,,,,,
hcj0205,https://www.threads.com/@hcj0205/post/DN2w2u0Uk8m,追蹤hcj0205 原作者說讚更多正在回覆@shopee_tw這是什麼，在哪裡讚5 轉發分享,2025年8月27日 星期三 下午6:48,,,,,,,https://www.threads.com/@shopee_tw/post/DN24IOg5gYH,追蹤shopee_tw已驗證 更多松菸旗艦店讚4回覆轉發分享,2025年8月27日 星期三 下午7:52,,,,,,
beibeierin,https://www.threads.com/@beibeierin/post/DN2xEz8Uo5A,追蹤beibeierin 原作者說讚更多正在回覆@shopee_tw我可以把前任的電話號碼放在那裡嗎？讚41 轉發分享,2025年8月27日 星期三 下午6:50,,,,,,,https://www.threads.com/@shopee_tw/post/DN24HYFZoel,追蹤shopee_tw已驗證 原作者說讚更多歡迎（？讚11回覆轉發分享,2025年8月27日 星期三 下午7:52,,,,,,
allennlai,https://www.threads.com/@allennlai/post/DN2u4h65M8s,追蹤allennlai 原作者說讚更多正在回覆@shopee_tw我明天要去捐豆腐讚114 轉發分享,2025年8月27日 星期三 下午6:31,,,,,,,https://www.threads.com/@shopee_tw/post/DN2u9vI5vJy,追蹤shopee_tw已驗證 原作者說讚更多這裡是蝦皮店到店不是涓豆腐喔讚112回覆轉發分享,2025年8月27日 星期三 下午6:32,,,,,,
beauty321,https://www.threads.com/@beauty321/post/DN2pbZfZikx,追蹤beauty321已驗證 原作者說讚更多正在回覆@shopee_tw不想過七夕情人節比較想過1分鐘就下班讚12 轉發分享,2025年8月27日 星期三 下午5:43,,,,,,,https://www.threads.com/@shopee_tw/post/DN2uNJx5mia,追蹤shopee_tw已驗證 原作者說讚更多我下班了 翻譯讚5回覆轉發分享,2025年8月27日 星期三 下午6:25,,,,,,
gagionlineshop,https://www.threads.com/@gagionlineshop/post/DN3CFuyXrkA,"
正在上廁所的我：該先穿褲子還是先擦PP",2025年8月27日 星期三 下午9:19,@shopee_tw,,8,1,0,0,https://www.threads.com/@shopee_tw/post/DN3CJ5vZp7Q,我剛是直接衝出去啦,2025年8月27日 星期三 下午9:19,,,2,0,0,0
munmunjunjun,https://www.threads.com/@munmunjunjun/post/DN2ppBSZgXb,全都打到我算不算鐵粉讚1回覆1轉發分享,2025年8月27日 星期三 下午5:45,,,,,,,https://www.threads.com/@shopee_tw/post/DN2qIMZZmXa,追蹤shopee_tw已驗證 更多快找另一半玩讚回覆轉發分享,2025年8月27日 星期三 下午5:49,,,,,,
6owldoor,https://www.threads.com/@6owldoor/post/DN2pHUW3k10,追蹤6owldoor 原作者說讚更多正在回覆@shopee_tw單身狗只配玩蝦皮果園讚45 轉發分享4,2025年8月27日 星期三 下午5:41,,,,,,,https://www.threads.com/@shopee_tw/post/DN2pRVp5k-z,追蹤shopee_tw已驗證 原作者說讚更多我都玩自動門讚29回覆轉發分享,2025年8月27日 星期三 下午5:42,,,,,,
n1030u,https://www.threads.com/@n1030u/post/DNzrlqv5Gc_,"追蹤n1030u 更多打工闖過最大的禍🤡已靜音讚10 萬回覆4,100 分享2 萬",2025年8月26日 星期二 下午2:05,,,,,,,https://www.threads.com/@shopee_tw/post/DN0AWRZZtn1,"追蹤shopee_tw已驗證 更多注意安全讚7,220 轉發8",2025年8月26日 星期二 下午5:06,,No photo description available.,,,,
rey_118_,https://www.threads.com/@rey_118_/post/DNvIkyS3mMc,"超ㄎㄧㄤ超可愛😂讚6.3 萬回覆445轉發5,554分享1.4 萬",2025年8月24日 星期日 下午7:42,,No photo description available. | No photo description available. | No photo description available. | No photo description available. | No photo description available.,,,,,https://www.threads.com/@shopee_tw/post/DNxkJm0Zonx,已驗證 已編輯原作者說讚更多,2025年8月25日 星期一 下午6:21,,,0,0,0,0
greenwaka,https://www.threads.com/@greenwaka/post/DNu1OyT5oBl,追蹤greenwaka 更多武昌街獨自逛街，突然脖子劇痛，不知道為什麼東西咬，馬上來看醫生 讚1.1 萬回覆374 分享494,2025年8月24日 星期日 下午4:53,,No photo description available. | No photo description available. | No photo description available. | No photo description available.,,,,,https://www.threads.com/@shopee_tw/post/DNw8X6f5kC9,追蹤shopee_tw已驗證 更多伊利絲讚319 轉發1,2025年8月25日 星期一 下午12:33,,No photo description available.,,,,
yuanwqq,https://www.threads.com/@yuanwqq/post/DNr9qia5BcQ,追蹤yuanwqq 更多關於弟弟的帳號——@yangbbqq 此帳號是我幫我弟弟創建的，幫弟弟創建此帳號的目的是想讓弟弟在除了上課、補習的閒暇之餘分享、紀錄自己的日常。自創建帳號到現在，所有貼文內容都是弟弟告知我他的想法後，我再協助他發佈，留言以及私訊都是我審核內容後，才會給弟弟觀看、按讚，再讓他來回覆我審核過後的留言以及私訊，所以對於一些仇恨或不適當的留言，我都不會讓弟弟看到、知曉。從我開始使用threads以來，便會經常發佈我們家的日常，目的是紀錄我們家的點點滴滴，當然，包括弟弟的一切，因為這都會成為日後美好的回憶。同時也感謝大家對弟弟的喜愛，很開心弟弟能夠成為你們生活中的快樂來源之一。❤️讚8.0 萬回覆904 分享856,2025年8月23日 星期六 下午2:09,,No photo description available.,,,,,https://www.threads.com/@shopee_tw/post/DNs6W4vZuez,已驗證 已編輯更多,2025年8月23日 星期六 下午10:59,,,0,0,0,0
aa830216,https://www.threads.com/@aa830216/post/DNowfViS1-V,"⠀
每次去大賣場購物都是這種感覺:
150元+200元+250元+300元+350元
結帳:5250元？⠀ ⠀ 1/2讚2 萬回覆127轉發914分享504",2025年8月22日 星期五 上午8:16,,,,,,,https://www.threads.com/@shopee_tw/post/DNrioGA5m4n,"199元+49元+520元+350元+600元
月底帳單來時：10250元讚475回覆3轉發1分享3",2025年8月23日 星期六 上午10:12,,,,,,
ben.0907,https://www.threads.com/@ben.0907/post/DNlE1l0TMl4,因為：讚2.3 萬回覆90轉發854分享789,2025年8月20日 星期三 下午9:56,,No photo description available. | No photo description available. | No photo description available. | No photo description available. | No photo description available. | No photo description available. | No photo description available. | No photo description available. | No photo description available. | No photo description available.,,,,,https://www.threads.com/@shopee_tw/post/DNpXH9MT1l8,追蹤shopee_tw已驗證 更多喵讚401回覆轉發分享2,2025年8月22日 星期五 下午1:53,,,,,,
yu_ting_0609,https://www.threads.com/@yu_ting_0609/post/DNnnbQayrdj,"追蹤yu_ting_0609 更多有人能跟我解釋嗎這弟弟的流量怎麼這麼高讚9,329 轉發42",2025年8月21日 星期四 下午9:37,,No photo description available.,,,,,https://www.threads.com/@shopee_tw/post/DNpVgZyT7PD,"追蹤shopee_tw已驗證 原作者說讚更多看見小時候的自己讚1,123 轉發1分享",2025年8月22日 星期五 下午1:39,,,,,,
cuutzzy,https://www.threads.com/@cuutzzy/post/DNlMpijyRBS,"暈之呼吸第二型：他跟我說晚安欸
暈之呼吸第三型：他只是睡著了不是不回我
暈之呼吸第四型：我覺得他對我不一樣讚1.4 萬回覆121轉發1,977分享8,282",2025年8月20日 星期三 下午11:05,,,,,,,https://www.threads.com/@shopee_tw/post/DNmvva_zWor,已驗證 已編輯原作者說讚更多,2025年8月21日 星期四 下午1:31,,,0,0,0,0
tall_brother_bruce,https://www.threads.com/@tall_brother_bruce/post/DNlFkkTyhFJ,追蹤tall_brother_bruce 原作者說讚更多正在回覆@shopee_tw 回覆1轉發分享,2025年8月20日 星期三 下午10:03,,No photo description available.,,,,,https://www.threads.com/@shopee_tw/post/DNlGBAAz7PJ,追蹤shopee_tw已驗證 原作者說讚更多先用先贏，不要存著會消失讚9 轉發分享1,2025年8月20日 星期三 下午10:07,,,,,,
chao_cheng_ping,https://www.threads.com/@chao_cheng_ping/post/DNk6QmjJsG7,到底購物車裡面有什麼東西？,2025年8月20日 星期三 下午8:28,,,90,6,2,8,https://www.threads.com/@shopee_tw/post/DNlFZAJzF6N,六年啦！,2025年8月20日 星期三 下午10:01,,,6,0,0,0
safari0107,https://www.threads.com/@safari0107/post/DNiirI_SiZA,"我是蘋果瀏覽器
我反對開學",2025年8月19日 星期二 下午10:19,,,40000,320,2673,1053,https://www.threads.com/@shopee_tw/post/DNlFNUGzGhC,,2025年8月20日 星期三 下午10:00,,,0,0,0,0
miya_cxc,https://www.threads.com/@miya_cxc/post/DNilaD8PeDH,"
幾公斤",2025年8月19日 星期二 下午10:43,@shopee_tw,,1,1,0,0,https://www.threads.com/@shopee_tw/post/DNi24gRzUcZ,40kg（男生）,2025年8月20日 星期三 上午1:16,,,2,0,0,0
kakashin55555,https://www.threads.com/@kakashin55555/post/DNisFnezLxj,"
公司要重用捏，擁有這樣定力和隱力，絕對是人才",2025年8月19日 星期二 下午11:42,@shopee_tw,,5,1,0,0,https://www.threads.com/@shopee_tw/post/DNi222bT9EW,他的確是影片企劃輸出王,2025年8月20日 星期三 上午1:16,,,14,0,0,0
meow_meow_meowya,https://www.threads.com/@meow_meow_meowya/post/DNi0f2sTXz2,"
物品多到離職前一個月要開始慢慢收",2025年8月20日 星期三 上午12:55,@shopee_tw,,6,1,0,0,https://www.threads.com/@shopee_tw/post/DNi2po-TZHw,他上次丟了一大包垃圾袋超扯,2025年8月20日 星期三 上午1:14,,,4,0,0,0
onion7824,https://www.threads.com/@onion7824/post/DNiorRUSiop,"
每個人的桌上都好豐富",2025年8月19日 星期二 下午11:12,@shopee_tw,,1,1,0,0,https://www.threads.com/@shopee_tw/post/DNi2oLITBMF,最正常的是第一位女生,2025年8月20日 星期三 上午1:14,,,1,1,0,0
pengzooey,https://www.threads.com/@pengzooey/post/DNiwIdgzt-B,"
有點好奇隔壁同事是在追什麼星 桌上看起來有偶像週邊之類的（重點誤🤣",2025年8月20日 星期三 上午12:17,@shopee_tw,,1,1,0,0,https://www.threads.com/@shopee_tw/post/DNi2lVszdid,SEVENTEEN,2025年8月20日 星期三 上午1:13,,,7,0,0,0
shuxian0511,https://www.threads.com/@shuxian0511/post/DNiyBRgyJHp,"
發現全圓佑",2025年8月20日 星期三 上午12:34,@shopee_tw,No photo description available.,133,1,0,1,https://www.threads.com/@shopee_tw/post/DNi2iKaTskk,發現蝦皮隔日到貨,2025年8月20日 星期三 上午1:13,,,54,1,0,0
angel7777love,https://www.threads.com/@angel7777love/post/DNikSucJhAq,"
i人無法接受這種辦公室, 壓力好大, 感覺在做什麼別人都可以看到.",2025年8月19日 星期二 下午10:34,@shopee_tw,,743,2,0,3,https://www.threads.com/@shopee_tw/post/DNix8wDT2HN,很多人電腦會裝防窺的,2025年8月20日 星期三 上午12:33,,,90,0,0,2
dear.raccoon,https://www.threads.com/@dear.raccoon/post/DNij6tjzj4u,"
盲猜他房間也超亂 椅子是拿來批衣服的😂",2025年8月19日 星期二 下午10:30,@shopee_tw,,0,1,0,1,https://www.threads.com/@shopee_tw/post/DNix09MTGVw,椅子是拿來丟垃圾的,2025年8月20日 星期三 上午12:32,,,2,0,0,0
eason2_13,https://www.threads.com/@eason2_13/post/DNicX06T-qp,"
好好奇蝦皮的員工 在蝦皮買東西 東西可以寄到自己的座位上嗎 感覺好方便",2025年8月19日 星期二 下午9:24,@shopee_tw,,74,1,0,5,https://www.threads.com/@shopee_tw/post/DNixyg4Tnks,不可以,2025年8月20日 星期三 上午12:32,,,66,1,0,1
richa08483,https://www.threads.com/@richa08483/post/DNis4leptrK,"
剛剛是被置入了嗎？",2025年8月19日 星期二 下午11:49,@shopee_tw,No photo description available.,390,1,0,1,https://www.threads.com/@shopee_tw/post/DNixxquzGAG,我沒說,2025年8月20日 星期三 上午12:31,,,97,0,0,0
___3.miss___,https://www.threads.com/@___3.miss___/post/DNiT3p7yAsA,"人生第一次解鎖這種取貨…
（ 先跟店員說個抱歉 訂完才發現是這種放法🥹
99包抵達🛬
先問 有人會來找我領取「 免費蚵仔煎 」 ㄇ 😚",2025年8月19日 星期二 下午8:10,,,19000,423,529,6967,https://www.threads.com/@shopee_tw/post/DNiiOcAzEQv,蚵仔煎洋芋片,2025年8月19日 星期二 下午10:16,,No photo description available.,1090,4,3,45
geminihappylife,https://www.threads.com/@geminihappylife/post/DNicMOezzto,"
眼鏡男就是哪位消失的同事嗎？",2025年8月19日 星期二 下午9:23,@shopee_tw,,55,1,0,0,https://www.threads.com/@shopee_tw/post/DNiciAkz80W,沒錯,2025年8月19日 星期二 下午9:26,,,21,1,0,0
brian.yin0302,https://www.threads.com/@brian.yin0302/post/DNiYBG9hwXB,"
這個東西量是住在公司嗎",2025年8月19日 星期二 下午8:46,@shopee_tw,,21,1,0,1,https://www.threads.com/@shopee_tw/post/DNib8Zmzszp,住在公司隔壁一條街算嗎,2025年8月19日 星期二 下午9:21,,,10,0,0,0
jc_life1209,https://www.threads.com/@jc_life1209/post/DNiY6ZepUz8,"
真夭瘦😆",2025年8月19日 星期二 下午8:54,@shopee_tw,,2,1,0,0,https://www.threads.com/@shopee_tw/post/DNib6mXT6d2,真·腰瘦,2025年8月19日 星期二 下午9:20,,,2,0,0,0
la20201688,https://www.threads.com/@la20201688/post/DNiPj3kR21k,"
她明天還會上班嗎😱",2025年8月19日 星期二 下午7:32,@shopee_tw,,3,1,0,0,https://www.threads.com/@shopee_tw/post/DNib3_Oz0qT,剛剛看攝影機確認過了 他還在睡,2025年8月19日 星期二 下午9:20,,,12,0,0,1
murphyychou,https://www.threads.com/@murphyychou/post/DNiSEexSvzL,"
認真問這種沒分開的桌子，如果爬出蟑螂要算誰的？",2025年8月19日 星期二 下午7:54,@shopee_tw,,97,2,0,4,https://www.threads.com/@shopee_tw/post/DNib1vLTkzU,算圖片中這位男的,2025年8月19日 星期二 下午9:20,,,121,1,0,0
sunny0606.travel,https://www.threads.com/@sunny0606.travel/post/DNiXTD1JL3X,"
這個瘦度一定是學長編？！",2025年8月19日 星期二 下午8:40,@shopee_tw,,3,1,0,0,https://www.threads.com/@shopee_tw/post/DNia1bUz2NF,正確,2025年8月19日 星期二 下午9:11,,,0,0,0,0
allentsengs,https://www.threads.com/@allentsengs/post/DNiae-5pNcG,"
那也得必須夠矮啊",2025年8月19日 星期二 下午9:08,@shopee_tw,,2,1,0,0,https://www.threads.com/@shopee_tw/post/DNia0ugzD3c,160,2025年8月19日 星期二 下午9:11,,,0,0,0,0
yahsin.zip,https://www.threads.com/@yahsin.zip/post/DNiRZ2yhxMt,追蹤yahsin.zip 原作者說讚更多正在回覆@hsin_o_你小心我找出那張照片讚3 轉發分享,2025年8月19日 星期二 下午7:49,,,,,,,https://www.threads.com/@shopee_tw/post/DNiT1h2TPyY,追蹤shopee_tw已驗證 更多找出來讚2回覆轉發分享,2025年8月19日 星期二 下午8:10,,,,,,
__wuni__,https://www.threads.com/@__wuni__/post/DNiPaXnSHOy,"追蹤__wuni__ 原作者說讚更多正在回覆@shopee_tw他的桌子是香港嗎 佔地太小只好蓋高樓大廈讚1,005 轉發分享19",2025年8月19日 星期二 下午7:31,,No photo description available.,,,,,https://www.threads.com/@shopee_tw/post/DNiTb60zaN_,已驗證 已編輯原作者說讚更多,2025年8月19日 星期二 下午8:06,,,0,0,0,0
_7yulun,https://www.threads.com/@_7yulun/post/DNiEIHMT9Nb,追蹤_7yulun 原作者說讚更多正在回覆@shopee_tw可是後面這兩個感覺睡得很香讚63 轉發分享4,2025年8月19日 星期二 下午5:53,,No photo description available.,,,,,https://www.threads.com/@shopee_tw/post/DNiM658zjOu,追蹤shopee_tw已驗證 原作者說讚更多午休讚19回覆轉發分享,2025年8月19日 星期二 下午7:09,,,,,,
yu.19_,https://www.threads.com/@yu.19_/post/DNiKr2QzBLZ,灰色衣服的女同事是克拉derrrr阿阿阿阿阿！！讚187回覆2轉發分享11,2025年8月19日 星期二 下午6:50,,,,,,,https://www.threads.com/@shopee_tw/post/DNiM5fIzTnf,追蹤shopee_tw已驗證 原作者說讚更多再右邊一位也是讚36回覆轉發分享,2025年8月19日 星期二 下午7:09,,,,,,
kk.smail,https://www.threads.com/@kk.smail/post/DNiMZICzTIa,追蹤kk.smail 原作者說讚更多正在回覆@shopee_tw辦公桌好亂喔 ，這樣上班我會生氣哈哈讚49 轉發分享,2025年8月19日 星期二 下午7:05,,,,,,,https://www.threads.com/@shopee_tw/post/DNiM0Ppz--9,追蹤shopee_tw已驗證 更多這已經是他最乾淨的時候讚11回覆轉發分享,2025年8月19日 星期二 下午7:08,,,,,,
shixuan_world2021,https://www.threads.com/@shixuan_world2021/post/DNiEOWkSDNc,追蹤shixuan_world2021 原作者說讚更多正在回覆@shopee_tw掀開來：讚836 轉發分享,2025年8月19日 星期二 下午5:53,,No photo description available.,,,,,https://www.threads.com/@shopee_tw/post/DNiIgKiTLQj,起床還給我偷跳Whiplash讚555回覆4轉發分享4,2025年8月19日 星期二 下午6:31,,No photo description available.,,,,
fuxinggao_taiwan,https://www.threads.com/@fuxinggao_taiwan/post/DNiD74xTzn-,追蹤fuxinggao_taiwan 原作者說讚更多正在回覆@shopee_tw不要叫他😂😂睡到明天早上接著上班吧👍讚15 轉發分享1,2025年8月19日 星期二 下午5:51,,,,,,,https://www.threads.com/@shopee_tw/post/DNiIM6WzbWK,壞消息：明天早上要上班讚24回覆轉發分享,2025年8月19日 星期二 下午6:28,,,,,,
niknjin,https://www.threads.com/@niknjin/post/DNiEZkMv734,桌子真乾淨（？讚94回覆2轉發分享,2025年8月19日 星期二 下午5:55,,,,,,,https://www.threads.com/@shopee_tw/post/DNiH_cvzLxN,追蹤shopee_tw已驗證 更多人家剛來社群部門沒多久><讚51回覆轉發分享1,2025年8月19日 星期二 下午6:26,,,,,,
6owldoor,https://www.threads.com/@6owldoor/post/DNiA5-sv1Hh,"
勸你別多管閒事
只要把老闆叫來就好",2025年8月19日 星期二 下午5:24,@shopee_tw,,144,1,0,8,https://www.threads.com/@shopee_tw/post/DNiCDryzy4m,您好，自動門,2025年8月19日 星期二 下午5:34,,,345,3,0,5
moyunsince2024,https://www.threads.com/@moyunsince2024/post/DNh9jmGBMip,"
完全融為一體耶",2025年8月19日 星期二 下午4:55,@shopee_tw,,32,1,0,2,https://www.threads.com/@shopee_tw/post/DNh--x9zH1b,保護色,2025年8月19日 星期二 下午5:08,,,16,0,0,1
minshengzhang,https://www.threads.com/@minshengzhang/post/DNh9trUztQW,"
下班會自動起床的 沒事ㄦ",2025年8月19日 星期二 下午4:57,@shopee_tw,,7,1,0,0,https://www.threads.com/@shopee_tw/post/DNh-9gjzFTR,我要去叫老闆來看,2025年8月19日 星期二 下午5:07,,,12,0,0,0
layaburger,https://www.threads.com/@layaburger/post/DNh-NRDRA_d,"
堡包。這是什麼特異功能",2025年8月19日 星期二 下午5:01,@shopee_tw,,227,2,0,1,https://www.threads.com/@shopee_tw/post/DNh-rQCTUHY,縮小燈,2025年8月19日 星期二 下午5:05,,,117,0,0,1
allennlai,https://www.threads.com/@allennlai/post/DNh95XtyUIG,"
我進來三年了，有時候午休還想說哇前輩都不用睡覺好厲害，殊不知前輩睡到下午==",2025年8月19日 星期二 下午4:58,@shopee_tw,,1030,1,1,7,https://www.threads.com/@shopee_tw/post/DNh-K5Az4vs,前輩的腳,2025年8月19日 星期二 下午5:01,,No photo description available.,518,2,0,8
whostea_tw,https://www.threads.com/@whostea_tw/post/DNexJnhJ8BT,"
應該是蝦皮 畢竟她不能出門",2025年8月18日 星期一 上午11:09,@js12312,,11,4,0,0,https://www.threads.com/@shopee_tw/post/DNgYLUHTEHy,可來應徵,2025年8月19日 星期二 上午2:09,,,1,0,0,0
10.80304,https://www.threads.com/@10.80304/post/DNe-MeXP1EE,"
那個序號是什麼",2025年8月18日 星期一 下午1:03,@shopee_tw,,3,1,0,0,https://www.threads.com/@shopee_tw/post/DNfPVstzN_G,優惠券,2025年8月18日 星期一 下午3:33,,,1,0,0,0
jeff_12_lin,https://www.threads.com/@jeff_12_lin/post/DNfCQLQhnkU,"
你傷害到我了 快道歉！",2025年8月18日 星期一 下午1:38,@shopee_tw,,3,1,0,0,https://www.threads.com/@shopee_tw/post/DNfPUYyzfLm,抱歉,2025年8月18日 星期一 下午3:33,,,3,0,0,0
johnyanyue,https://www.threads.com/@johnyanyue/post/DNeQ5i_Tx2z,"真·戀之呼吸 壹之型 我只把你當普通朋友
真·戀之呼吸 貳之型 你只是工具人
真·戀之呼吸 參之型 我不想跟你交往
真·戀之呼吸 肆之型 我不想放跑你這個舔狗
真·戀之呼吸 伍之型 我就是讓你誤會
真·戀之呼吸 陸之型 你找不到比我更好的了
真·戀之呼吸 最終型 我不想跟你聊了讚45回覆2轉發1分享23",2025年8月18日 星期一 上午6:27,,,,,,,https://www.threads.com/@shopee_tw/post/DNehopFTMH0,追蹤shopee_tw已驗證 更多太直白了讚6回覆轉發分享,2025年8月18日 星期一 上午8:53,,,,,,
munmunjunjun,https://www.threads.com/@munmunjunjun/post/DNdMJOdTDuU,追蹤munmunjunjun 原作者說讚更多正在回覆@shopee_tw我是愛情的騙柱讚78 轉發分享7,2025年8月17日 星期日 下午8:26,,,,,,,https://www.threads.com/@shopee_tw/post/DNdgl7cTo1t,追蹤shopee_tw已驗證 更多就當作我是愛情的大壞蛋讚14回覆轉發分享,2025年8月17日 星期日 下午11:25,,,,,,
yao_yao517,https://www.threads.com/@yao_yao517/post/DNdcZMPS145,追蹤yao_yao517 原作者說讚更多正在回覆@shopee_tw為什麼你不是蝦之呼吸🤔讚6 轉發分享,2025年8月17日 星期日 下午10:48,,,,,,,https://www.threads.com/@shopee_tw/post/DNdghTizPdL,追蹤shopee_tw已驗證 更多說的也是讚3 轉發分享,2025年8月17日 星期日 下午11:24,,,,,,
you_228_97,https://www.threads.com/@you_228_97/post/DNdUNuEpg3c,追蹤you_228_97 原作者說讚更多正在回覆@shopee_tw我直接找人弄你。我不找藉口我有朋友要你刪掉讚3 轉發分享,2025年8月17日 星期日 下午9:37,,,,,,,https://www.threads.com/@shopee_tw/post/DNdWnNBTL-_,追蹤shopee_tw已驗證 更多對不起讚5 轉發分享,2025年8月17日 星期日 下午9:58,,,,,,
_xmmy,https://www.threads.com/@_xmmy/post/DNdNgCQSjZh,追蹤_xmmy 原作者說讚更多正在回覆@shopee_tw騙柱讚8 轉發分享,2025年8月17日 星期日 下午8:38,,,,,,,https://www.threads.com/@shopee_tw/post/DNdQNcZzJGw,追蹤shopee_tw已驗證 更多愛情的騙柱讚7回覆轉發分享5,2025年8月17日 星期日 下午9:02,,,,,,
old_stone0_0,https://www.threads.com/@old_stone0_0/post/DNdNAGfJgxx,追蹤old_stone0_0 原作者說讚更多正在回覆@shopee_tw戀之呼吸 無限型 我還是封鎖你好了讚11 轉發分享1,2025年8月17日 星期日 下午8:34,,,,,,,https://www.threads.com/@shopee_tw/post/DNdNtpizFjm,追蹤shopee_tw已驗證 原作者說讚更多沒有這個型吧讚6回覆轉發分享,2025年8月17日 星期日 下午8:40,,,,,,
a385214,https://www.threads.com/@a385214/post/DNdIwPaybHX,追蹤a385214 原作者說讚更多正在回覆@shopee_tw 回覆1 分享6,2025年8月17日 星期日 下午7:57,,No photo description available.,,,,,https://www.threads.com/@shopee_tw/post/DNdNhI0TTK9,追蹤shopee_tw已驗證 原作者說讚更多趙哥：我找人弄你讚9回覆轉發分享,2025年8月17日 星期日 下午8:38,,,,,,
mings0611,https://www.threads.com/@mings0611/post/DNdJV7BS7XV,追蹤mings0611 原作者說讚更多正在回覆@shopee_tw原來是失戀柱的部份讚14 轉發分享,2025年8月17日 星期日 下午8:02,,,,,,,https://www.threads.com/@shopee_tw/post/DNdKzQqTJYq,追蹤shopee_tw已驗證 原作者說讚更多我也是個不浩柱😭讚8回覆轉發分享,2025年8月17日 星期日 下午8:15,,,,,,
chloe1491_,https://www.threads.com/@chloe1491_/post/DNatEuwTn-n,"每天聊天、互動穩定的曖昧關係，
平均只能撐 45 天。讚1.1 萬回覆69轉發490分享1,837",2025年8月16日 星期六 下午9:16,,,,,,,https://www.threads.com/@shopee_tw/post/DNcjrkITDQt,追蹤shopee_tw已驗證 更多奇怪我怎麼跟老闆撐了3年讚518 轉發5,2025年8月17日 星期日 下午2:33,,,,,,
lu9lu7lu,https://www.threads.com/@lu9lu7lu/post/DNdh4fihnw6,"不懂就問脆
-
-
-
-
-
其實人要怎麼客觀的知道自己長相是多好看或多難看",2025年8月17日 星期日 下午11:36,,,20000,475,223,587,https://www.threads.com/@shopee_tw/post/DNe1w0hT1Cq,我都去問我阿嬤跟早餐店阿姨，很準👍🏻,2025年8月18日 星期一 上午11:49,,,1501,3,0,8
cat_sky_333,https://www.threads.com/@cat_sky_333/post/DNYTR7XyDZU,"
請問爆哥是誰🤣",2025年8月15日 星期五 下午10:53,@shopee_tw,,2,1,0,0,https://www.threads.com/@shopee_tw/post/DNaDOlrTP8C,跑跑🐐,2025年8月16日 星期六 下午3:11,,,2,1,0,0
chara0409,https://www.threads.com/@chara0409/post/DNZo0J3RCIo,"這是回覆已無法顯示的貼文
@e22049238
準備被按摩",2025年8月16日 星期六 上午11:20,,,2,1,0,0,https://www.threads.com/@shopee_tw/post/DNZo94nzVEU,唯一指定3號猗窩座師傅,2025年8月16日 星期六 上午11:21,,,0,0,0,0
taiwanmade07,https://www.threads.com/@taiwanmade07/post/DNZokzHTs6A,"這是回覆已無法顯示的貼文
我看完鬼滅4DX的感想：頭暈 啥都沒看到",2025年8月16日 星期六 上午11:18,,,1,1,0,0,https://www.threads.com/@shopee_tw/post/DNZo6Rxzh28,一定iPad暈車藥,2025年8月16日 星期六 上午11:21,,,1,0,0,0
7._zyxu,https://www.threads.com/@7._zyxu/post/DNVsKaNpZFG,返校打掃說白了不就是給學校當免費勞工嗎,2025年8月14日 星期四 下午10:32,,,16000,154,1305,850,https://www.threads.com/@shopee_tw/post/DNX8dpczJwW,在麥當勞打工算不算是一種勞工,2025年8月15日 星期五 下午7:33,,,481,3,2,6
rivergroup_tw,https://www.threads.com/@rivergroup_tw/post/DNXQTEGvrxp,"
看完鬼滅>>>發好人卡",2025年8月15日 星期五 下午1:07,@shopee_tw,,13,1,0,0,https://www.threads.com/@shopee_tw/post/DNXS0VBTf-a,戀之呼吸 ㄧ之型 我們只是朋友啦,2025年8月15日 星期五 下午1:29,,,12,0,0,0
theonecoffeetw,https://www.threads.com/@theonecoffeetw/post/DNXRAzjvEzd,"
我可以不看 但特典海報可以給我嗎",2025年8月15日 星期五 下午1:14,@shopee_tw,,9,1,0,0,https://www.threads.com/@shopee_tw/post/DNXSojATpkp,不可以,2025年8月15日 星期五 下午1:28,,,6,0,0,0
thu.dairy,https://www.threads.com/@thu.dairy/post/DNXQ_OyBQ5L,"
那什麼時候可以牽手？",2025年8月15日 星期五 下午1:13,@shopee_tw,,10,1,0,0,https://www.threads.com/@shopee_tw/post/DNXSmlNT2PF,下輩子,2025年8月15日 星期五 下午1:27,,,5,1,0,0
rivergroup_tw,https://www.threads.com/@rivergroup_tw/post/DNXPoQuPA2j,"
蝦皮小編600",2025年8月15日 星期五 下午1:01,@shopee_tw,,12,1,0,0,https://www.threads.com/@shopee_tw/post/DNXSjTwTi7O,60000都不夠,2025年8月15日 星期五 下午1:27,,,8,0,0,0
benson34583,https://www.threads.com/@benson34583/post/DNXM8pKxj4u,"
這件事告訴我們 不要輕易買房",2025年8月15日 星期五 下午12:38,@shopee_tw,,5,1,0,0,https://www.threads.com/@shopee_tw/post/DNXShkOzYbZ,房貸少年團,2025年8月15日 星期五 下午1:27,,,7,0,0,0
allennlai,https://www.threads.com/@allennlai/post/DNXR_BwydSr,"
爆哥真的有看過腳本嗎",2025年8月15日 星期五 下午1:22,@shopee_tw,,17,1,0,0,https://www.threads.com/@shopee_tw/post/DNXSfKIz5FB,看腳本只會影響他的速度,2025年8月15日 星期五 下午1:26,,,12,0,0,0
lai_xiangling,https://www.threads.com/@lai_xiangling/post/DNVxY06SzRJ,教你怎麼畫炭治郎！學會了ㄇ？👍🏻,2025年8月14日 星期四 下午11:18,,No photo description available. | No photo description available. | No photo description available. | No photo description available. | No photo description available. | No photo description available.,48000,394,881,1279,https://www.threads.com/@shopee_tw/post/DNXP4iaTkue,老師我怎麼畫的怪怪的,2025年8月15日 星期五 下午1:04,,No photo description available.,2739,8,1,15
1023_dongfeng,https://www.threads.com/@1023_dongfeng/post/DNTAiAKJi-y,罵到我了 墮姬,2025年8月13日 星期三 下午9:33,,No photo description available.,55000,304,4492,4691,https://www.threads.com/@shopee_tw/post/DNVged9zRig,刪掉,2025年8月14日 星期四 下午8:50,,,713,2,4,7
wei.ci_h,https://www.threads.com/@wei.ci_h/post/DNSuH0dR49o,楊梅車站的垃圾桶要丟個垃圾不容易欸？,2025年8月13日 星期三 下午6:52,,,130000,1920,9087,70000,https://www.threads.com/@shopee_tw/post/DNUwYPUzXBZ,幫忙按暫停了 快丟,2025年8月14日 星期四 下午1:50,,No photo description available.,7710,19,27,132
ruan5828,https://www.threads.com/@ruan5828/post/DNTA11HRXVu,馬上應徵pop mart！,2025年8月13日 星期三 下午9:36,,,26000,707,1030,30000,https://www.threads.com/@shopee_tw/post/DNUv9vBztnF,別急我們這有,2025年8月14日 星期四 下午1:46,,No photo description available.,316,1,0,9
tatum_100_1119,https://www.threads.com/@tatum_100_1119/post/DNPy8HfhRuB,當小新遇到猗窩座😂,2025年8月12日 星期二 下午3:39,,,10000,54,739,4151,https://www.threads.com/@shopee_tw/post/DNSnl0az-GS,好歹也是一個柱 野原新之柱,2025年8月13日 星期三 下午5:55,,,296,1,3,14
6owldoor,https://www.threads.com/@6owldoor/post/DNPR4R7vXCJ,"小編還沒有名字，現在開放全場發揮
.
.
.
.
不要給我說什麼五扇門喔😀",2025年8月12日 星期二 上午10:47,,,50000,3945,1064,7210,https://www.threads.com/@shopee_tw/post/DNSQLCVu3B3,演算法⋯,2025年8月13日 星期三 下午2:30,,No photo description available.,1562,3,4,22
shreddermei,https://www.threads.com/@shreddermei/post/DNLPFvFSSJ6,這招傷害力真的很高！,2025年8月10日 星期日 下午9:06,,No photo description available.,23000,204,1272,7394,https://www.threads.com/@shopee_tw/post/DNNioW0TOfA,"戀之呼吸 壹之型 我們還是當朋友好了
戀之呼吸 貳之型 其實你人真的很好
戀之呼吸 參之型 我暫時不想交男朋友
戀之呼吸 肆之型 我不想傷害我們的友誼
戀之呼吸 伍之型 很抱歉讓你誤會
戀之呼吸 陸之型 你一定會找到更適合的
戀之呼吸 最終型 我要去洗澡了",2025年8月11日 星期一 下午6:35,,,2960,14,150,884
__shueii,https://www.threads.com/@__shueii/post/DNIq2EGTn8i,"
愛小編我會期待🫰🏻",2025年8月9日 星期六 下午9:11,@shopee_tw,,23,1,0,1,https://www.threads.com/@shopee_tw/post/DNKbw9pT2qk,會不會過 不確定><,2025年8月10日 星期日 下午1:37,,,8,1,0,0
ailish_0925_,https://www.threads.com/@ailish_0925_/post/DNH7Ucrvjax,"台中真的是蠻荒謬的一個城市
今天跟傑夫騎車經過博館一街跟英才路交接口，遠遠看到一個人走到一半突然倒在斑馬線上
傑夫馬上把車停在路邊打119，接著走上前確認狀況
：「小姐、小姐你還好嗎？」
那位小姐慢慢轉醒後，緩緩坐了起來
從腰間的小包包拿出手機後開口
……
：「你知道怎麼用蝦皮購物嗎？」
什麼意思？？？？？",2025年8月9日 星期六 下午2:15,,,3233,167,115,1052,https://www.threads.com/@shopee_tw/post/DNKVfp0Tt3R,,2025年8月10日 星期日 下午12:43,,,0,0,0,0
__shueii,https://www.threads.com/@__shueii/post/DNGct1XT6PL,"蝦皮能不能出一個共用購物車的功能啊
這樣方便跟姊妹一起買東西還方便湊免運😭😭",2025年8月9日 星期六 上午12:29,,,7946,50,320,244,https://www.threads.com/@shopee_tw/post/DNImtU8TYno,已提案,2025年8月9日 星期六 下午8:34,,,3750,7,10,45
bonny.zz,https://www.threads.com/@bonny.zz/post/DNFZepXyyd0,一起住邁入五年還是會給室友驚喜的我(暖),2025年8月8日 星期五 下午2:41,,No photo description available. | No photo description available.,7308,34,121,383,https://www.threads.com/@shopee_tw/post/DNIaGwpzue8,週一我要放在我老闆桌上,2025年8月9日 星期六 下午6:44,,,155,5,0,2
whostea_tw,https://www.threads.com/@whostea_tw/post/DNFwmKXpcg2,如果你是鬼滅其中一個柱會是什麼柱,2025年8月8日 星期五 下午6:03,,,2033,1077,46,369,https://www.threads.com/@shopee_tw/post/DNIO2w9T3ST,上班好無柱,2025年8月9日 星期六 下午5:06,,,660,2,0,5
r.r_o941,https://www.threads.com/@r.r_o941/post/DM9xJpnP96O,"好好笑這個蝦皮賣家
跟我玩梗圖 然後最後還號召同事一起比讚w
一開始以為那個是網路上抓的圖 結果看到我的手一起出現w",2025年8月5日 星期二 下午3:34,,No photo description available. | No photo description available. | No photo description available. | No photo description available.,18000,67,561,722,https://www.threads.com/@shopee_tw/post/DNFtXzdTv3V,要幫你們公證嗎,2025年8月8日 星期五 下午5:35,,,653,1,0,0
_9.tong_,https://www.threads.com/@_9.tong_/post/DNBtTEBzlJW,蝦皮什麼時候有這個規定了😦😦😦,2025年8月7日 星期四 上午4:17,,No photo description available.,9410,126,69,83,https://www.threads.com/@shopee_tw/post/DNFWapUTOLx,等我街訪幫你們清購物車,2025年8月8日 星期五 下午2:14,,,1136,17,0,3
hanada_boss,https://www.threads.com/@hanada_boss/post/DNFFmuCSD72,"
我還在哭",2025年8月8日 星期五 上午11:48,@shopee_tw,,2,1,0,0,https://www.threads.com/@shopee_tw/post/DNFF_nbza8Y,最後真的守不住眼淚,2025年8月8日 星期五 上午11:51,,,2,1,0,0
1._ying,https://www.threads.com/@1._ying/post/DNE8UjqTqGS,"
在思考當天要不要化妝 我怕哭到妝花🤣",2025年8月8日 星期五 上午10:26,@shopee_tw,,6,1,0,0,https://www.threads.com/@shopee_tw/post/DNFDpWazucW,建議不要！,2025年8月8日 星期五 上午11:30,,,7,1,0,0
hy_talktoomuch,https://www.threads.com/@hy_talktoomuch/post/DNE7Un5RPsQ,"
蚵仔煎洋芋片",2025年8月8日 星期五 上午10:18,@shopee_tw,No photo description available.,230,1,3,1,https://www.threads.com/@shopee_tw/post/DNE7YgIzScs,大哥沒有酥per idol的笑容,2025年8月8日 星期五 上午10:18,,,93,1,1,1
1yzi.uu,https://www.threads.com/@1yzi.uu/post/DNE60lCTc1k,"
我不想開學😭",2025年8月8日 星期五 上午10:13,@shopee_tw,,18,1,0,0,https://www.threads.com/@shopee_tw/post/DNE6_fWzQ5w,,2025年8月8日 星期五 上午10:15,,,0,0,0,0
yaroull_,https://www.threads.com/@yaroull_/post/DNC1bEQJrF1,什麼啊 裡面的東西都要錢⋯,2025年8月7日 星期四 下午2:48,,No photo description available.,11000,129,777,577,https://www.threads.com/@shopee_tw/post/DNE6KYpTBUp,對不起,2025年8月8日 星期五 上午10:08,,,1446,5,3,36
museacg,https://www.threads.com/@museacg/post/DND0eDWBvLo,祝好運,2025年8月7日 星期四 下午11:59,,No photo description available. | No photo description available. | No photo description available. | No photo description available. | No photo description available.,9976,74,275,327,https://www.threads.com/@shopee_tw/post/DNEJNkvTXF2,哭暈在無限城裡,2025年8月8日 星期五 上午3:00,,No photo description available.,157,0,0,2
creativecentury,https://www.threads.com/@creativecentury/post/DND3IBbzKHQ,追蹤creativecentury 原作者說讚更多正在回覆@shopee_tw老闆可能沒看到你訊息 因為老闆也哭暈了讚11 轉發分享,2025年8月8日 星期五 上午12:22,,,,,,,https://www.threads.com/@shopee_tw/post/DNEHPDyzA7k,追蹤shopee_tw已驗證 原作者說讚更多老闆在旁邊讚14回覆轉發分享,2025年8月8日 星期五 上午2:43,,,,,,
aliang_novel,https://www.threads.com/@aliang_novel/post/DND8ECXydAs,追蹤aliang_novel 原作者說讚更多正在回覆@shopee_tw戴著衛生紙看電影這個假我給過讚20 轉發分享,2025年8月8日 星期五 上午1:05,,,,,,,https://www.threads.com/@shopee_tw/post/DNEHNHaT_Hk,追蹤shopee_tw已驗證 原作者說讚更多：老闆我還是有宣傳的讚19回覆轉發分享,2025年8月8日 星期五 上午2:42,,,,,,
1112.yz,https://www.threads.com/@1112.yz/post/DNCZWy6SYnf,"追蹤1112.yz 原作者說讚更多正在回覆@shopee_tw…小編我勸你刪掉讚1,991 轉發分享10",2025年8月7日 星期四 上午10:42,,,,,,,https://www.threads.com/@shopee_tw/post/DNC5qMyT1RZ,追蹤shopee_tw已驗證 原作者說讚更多不要讚88 轉發分享1,2025年8月7日 星期四 下午3:25,,,,,,
1112.yz,https://www.threads.com/@1112.yz/post/DM-RvyiSike,"這是她的戰績 1/2已靜音讚2.3 萬回覆3,814轉發924分享1.1 萬",2025年8月5日 星期二 下午8:20,,,,,,,https://www.threads.com/@shopee_tw/post/DNCZFwJT55j,"追蹤shopee_tw已驗證 原作者說讚更多下次換這裡，1分鐘隨你結遊戲讚5,223 轉發12",2025年8月7日 星期四 上午10:40,,No photo description available.,,,,
leo_tzeng,https://www.threads.com/@leo_tzeng/post/DNAbkEmybUU,"還要我提醒😠已靜音讚16 萬回覆1,961轉發8,903分享9.0 萬",2025年8月6日 星期三 下午4:23,,,,,,,https://www.threads.com/@shopee_tw/post/DNCXXBQTN6l,追蹤shopee_tw已驗證 原作者說讚更多腳紫薯地瓜球讚647 轉發分享9,2025年8月7日 星期四 上午10:25,,No photo description available.,,,,
ann_chen_0516,https://www.threads.com/@ann_chen_0516/post/DM9_i0nhrTK,"故意設計彎彎曲曲的，到底在搞什麼😡讚1.5 萬回覆1,489轉發191分享1,364",2025年8月5日 星期二 下午5:40,,No photo description available.,,,,,https://www.threads.com/@shopee_tw/post/DNAcFP1T0xV,已驗證 已編輯更多,2025年8月6日 星期三 下午4:28,,,0,0,0,0
jaehyun._.0215,https://www.threads.com/@jaehyun._.0215/post/DM94-zPT-cw,"-
-
在第四節下課打開一包洋芋片 1/2讚1 萬回覆81轉發510分享478",2025年8月5日 星期二 下午4:43,,,,,,,https://www.threads.com/@shopee_tw/post/DNAYt8DTivT,追蹤shopee_tw已驗證 原作者說讚更多衛生紙也可以讚86 轉發1,2025年8月6日 星期三 下午3:58,,No photo description available.,,,,
minecraftpro_22,https://www.threads.com/@minecraftpro_22/post/DM8KB2vTfEs,"
蝦皮有賣蚵仔煎嗎？🤔",2025年8月5日 星期二 上午12:33,@shopee_tw,,3,1,0,0,https://www.threads.com/@shopee_tw/post/DM8Kuhfz8H5,如果有需求的話我明天辭職改去賣蚵仔煎,2025年8月5日 星期二 上午12:39,,,6,0,0,0
sj_0316_jj,https://www.threads.com/@sj_0316_jj/post/DM8IsoehJR1,"
？？？？？ 這新吃法好吃嗎？😂",2025年8月5日 星期二 上午12:21,@shopee_tw,,1,1,0,0,https://www.threads.com/@shopee_tw/post/DM8KpYYzTGP,好吃 推一個,2025年8月5日 星期二 上午12:38,,,1,0,0,0
zo_ey_,https://www.threads.com/@zo_ey_/post/DM8HSDkS981,"
蝦皮小編很弱 買仕銘買哥都不知道",2025年8月5日 星期二 上午12:09,@shopee_tw,,2,1,0,1,https://www.threads.com/@shopee_tw/post/DM8Hk3MzysI,"我在104工作快找上發現了一個超適合你的內容，分享給你希望會喜歡~~ 104.com.tw/job/8…
104.com.tw
Shopee APP - 社群影音實習生 / Marketing 行銷部｜新加坡商蝦皮娛樂電商有限公司台灣分公司－104 人力銀行",2025年8月5日 星期二 上午12:12,,Shopee APP - 社群影音實習生 / Marketing 行銷部｜新加坡商蝦皮娛樂電商有限公司台灣分公司－104 人力銀行,4,1,0,0
ch.r15m.330l,https://www.threads.com/@ch.r15m.330l/post/DM8C8GSzEMx,"
我也要",2025年8月4日 星期一 下午11:31,@shopee_tw,No photo description available.,50,1,0,0,https://www.threads.com/@shopee_tw/post/DM8G9RWTaBD,等我 我申請公帳,2025年8月5日 星期二 上午12:06,,,37,0,0,0
_.zijie09,https://www.threads.com/@_.zijie09/post/DM8CUFkTHq5,"
我真的越來越不理解這個世界了",2025年8月4日 星期一 下午11:26,@shopee_tw,,5,1,0,0,https://www.threads.com/@shopee_tw/post/DM8G7abTauM,其實很好吃 真的是蚵仔煎的味道（好像在講廢話）,2025年8月5日 星期二 上午12:06,,,5,0,0,0
ben980621lin,https://www.threads.com/@ben980621lin/post/DM8A3kRB4ah,追蹤ben980621lin 原作者說讚更多正在回覆@shopee_tw蝦皮你這樣我要跟你分手喔讚4 轉發分享,2025年8月4日 星期一 下午11:13,,,,,,,https://www.threads.com/@shopee_tw/post/DM8CNLgTqON,追蹤shopee_tw已驗證 原作者說讚更多我自己來讚13 轉發分享4,2025年8月4日 星期一 下午11:25,,No photo description available.,,,,
hypotato_chips,https://www.threads.com/@hypotato_chips/post/DM78d5gPpUQ,追蹤hypotato_chips 原作者說讚更多正在回覆@shopee_tw蚵仔煎洋芋片讚118 轉發分享1,2025年8月4日 星期一 下午10:34,,No photo description available.,,,,,https://www.threads.com/@shopee_tw/post/DM79KxjzWBa,追蹤shopee_tw已驗證 原作者說讚更多好 我投降讚42 轉發分享,2025年8月4日 星期一 下午10:41,,,,,,
chen_g_7,https://www.threads.com/@chen_g_7/post/DM74nUySgaZ,追蹤chen_g_7 原作者說讚更多正在回覆@shopee_tw這個超好吃讚285 轉發分享7,2025年8月4日 星期一 下午10:01,,No photo description available.,,,,,https://www.threads.com/@shopee_tw/post/DM78T6Oz0oK,追蹤shopee_tw已驗證 原作者說讚更多已檢舉讚432 轉發分享1,2025年8月4日 星期一 下午10:33,,,,,,
hong_1990.07_5,https://www.threads.com/@hong_1990.07_5/post/DM7758SRgAZ,追蹤hong_1990.07_5 原作者說讚更多正在回覆@shopee_tw頂級的蚵仔煎喔⋯⋯讚3 轉發分享,2025年8月4日 星期一 下午10:30,,,,,,,https://www.threads.com/@shopee_tw/post/DM78RgaTduN,追蹤shopee_tw已驗證 原作者說讚更多真的好吃讚8回覆轉發1分享,2025年8月4日 星期一 下午10:33,,No photo description available.,,,,
hypotato_chips,https://www.threads.com/@hypotato_chips/post/DM77inuvtbQ,"追蹤hypotato_chips 原作者說讚更多正在回覆@shopee_tw蚵仔煎洋芋片讚1,089 轉發3",2025年8月4日 星期一 下午10:26,,No photo description available.,,,,,https://www.threads.com/@shopee_tw/post/DM78EUsT6DP,追蹤shopee_tw已驗證 原作者說讚更多蚵仔煎洋芋片讚223 轉發1分享,2025年8月4日 星期一 下午10:31,,No photo description available.,,,,
xcy._.0703,https://www.threads.com/@xcy._.0703/post/DM77cLiJUgN,追蹤xcy._.0703 原作者說讚更多正在回覆@shopee_tw吃嗎🗿👍🏻讚25 轉發分享,2025年8月4日 星期一 下午10:26,,No photo description available.,,,,,https://www.threads.com/@shopee_tw/post/DM78A5lzsEC,追蹤shopee_tw已驗證 更多你先請讚10回覆轉發分享,2025年8月4日 星期一 下午10:31,,,,,,
npm_south,https://www.threads.com/@npm_south/post/DM74KJ-JH-B,"追蹤npm_south已驗證 原作者說讚更多正在回覆@shopee_tw我吃一點 翻譯讚1,315 轉發12",2025年8月4日 星期一 下午9:57,,No photo description available.,,,,,https://www.threads.com/@shopee_tw/post/DM760xKz9P-,追蹤shopee_tw已驗證 原作者說讚更多讚190 轉發分享,2025年8月4日 星期一 下午10:20,,No photo description available.,,,,
hinet25g,https://www.threads.com/@hinet25g/post/DM734ZaPaNM,追蹤hinet25g 原作者說讚更多正在回覆@shopee_tw先來卡位等小編讚7 轉發分享,2025年8月4日 星期一 下午9:54,,,,,,,https://www.threads.com/@shopee_tw/post/DM74U2uTK9d,追蹤shopee_tw已驗證 原作者說讚更多他應該下班了讚13 轉發分享,2025年8月4日 星期一 下午9:58,,,,,,
ii.z_ozzi,https://www.threads.com/@ii.z_ozzi/post/DM74KqXviYg,追蹤ii.z_ozzi 原作者說讚更多正在回覆@shopee_tw在線等小編說好吃讚7 轉發分享,2025年8月4日 星期一 下午9:57,,,,,,,https://www.threads.com/@shopee_tw/post/DM74T65zIlK,追蹤shopee_tw已驗證 原作者說讚更多好吃讚7回覆轉發分享,2025年8月4日 星期一 下午9:58,,,,,,
h24jason,https://www.threads.com/@h24jason/post/DM74EGKSDwR,追蹤h24jason 原作者說讚更多正在回覆@shopee_tw真香菜配飯讚185 轉發1,2025年8月4日 星期一 下午9:56,,No photo description available.,,,,,https://www.threads.com/@shopee_tw/post/DM74Lu6TrV_,追蹤shopee_tw已驗證 原作者說讚更多帶著你的飯離開這裡讚231回覆轉發分享,2025年8月4日 星期一 下午9:57,,,,,,
zo_ey_,https://www.threads.com/@zo_ey_/post/DM8FcmsyTWv,"
ID錯誤 以為是買哥跑來玩Threads",2025年8月4日 星期一 下午11:53,@shopee_tw,,8,1,0,0,https://www.threads.com/@shopee_tw/post/DM8G2W9Tpp3,買哥是誰,2025年8月5日 星期二 上午12:05,,,4,1,0,1
chengzi11011,https://www.threads.com/@chengzi11011/post/DM6a0FgygPl,荷蘭弟 蜘蛛人4正式開拍,2025年8月4日 星期一 上午8:21,,,39000,345,2452,7460,https://www.threads.com/@shopee_tw/post/DM7uLxTz2K6,他是誰啊？你怎麼知道他是蜘蛛人,2025年8月4日 星期一 下午8:30,,,403,1,0,4
zhang.18_1221,https://www.threads.com/@zhang.18_1221/post/DM0jQx9A6jx,這我 拿不到娃娃只好請老闆娘吃草莓了,2025年8月2日 星期六 上午1:40,,,75000,462,4709,20000,https://www.threads.com/@shopee_tw/post/DM114Mjz31O,下禮拜我要找我老闆玩,2025年8月2日 星期六 下午1:41,,,920,2,4,5
hhh_0.1277,https://www.threads.com/@hhh_0.1277/post/DM10ygLOsMx,"
小編是不是在偷偷cos康熙造型",2025年8月2日 星期六 下午1:32,@shopee_tw,,193,1,0,2,https://www.threads.com/@shopee_tw/post/DM11MqMzMIj,你沒說沒人會發現😂😂😂,2025年8月2日 星期六 下午1:36,,,77,0,0,0
o1133456,https://www.threads.com/@o1133456/post/DM1zzs7Pk8i,"
怎麼說服趙哥拍片的啊，好奇",2025年8月2日 星期六 下午1:23,@shopee_tw,,55,1,0,0,https://www.threads.com/@shopee_tw/post/DM10vULTGZm,可能趙哥根本沒看到腳本吧,2025年8月2日 星期六 下午1:32,,,77,0,0,0
craft_ed_moment,https://www.threads.com/@craft_ed_moment/post/DM1uCI5Sg5B,"
我也想被罵看看是正常反應嗎",2025年8月2日 星期六 下午12:33,@shopee_tw,,9,1,0,0,https://www.threads.com/@shopee_tw/post/DM10rYwz_UX,正常,2025年8月2日 星期六 下午1:31,,,8,1,0,0
chao_cheng_ping,https://www.threads.com/@chao_cheng_ping/post/DMxSiWXSdoG,3.4 萬 1.0 萬,2025年7月31日 星期四 下午7:16,,No photo description available. | No photo description available. | No photo description available. | No photo description available.,34000,871,1551,10000,https://www.threads.com/@shopee_tw/post/DMz-cyqzm_p,希望可以跟心湄姐合作><,2025年8月1日 星期五 下午8:18,,,1257,0,1,27
_yibi.yaya,https://www.threads.com/@_yibi.yaya/post/DMwqfocvUIK,暈船的朋友be like：,2025年7月31日 星期四 下午1:26,,No photo description available.,15000,156,892,2492,https://www.threads.com/@shopee_tw/post/DMy2GyKz0Wk,,2025年8月1日 星期五 上午9:46,,No photo description available.,828,1,10,45
trader_bobosheep,https://www.threads.com/@trader_bobosheep/post/DMxC9-gy9JB,"冷知識：台灣人喝手搖飲最常點的不是珍奶，而是「無糖綠茶」，根據 2023 年統計，在 25–35 歲族群中佔比最高，顛覆大家的印象。
啊要喝無糖為什麼不喝水！",2025年7月31日 星期四 下午5:00,,,14000,673,217,880,https://www.threads.com/@shopee_tw/post/DMx5LiSz-0z,白開水做成手搖飲包裝 我可能真的會喝,2025年8月1日 星期五 上午12:53,,,239,5,2,2
kira_kuo,https://www.threads.com/@kira_kuo/post/DMxstQYBmOO,"
唱得很好，下次別唱了～",2025年7月31日 星期四 下午11:04,@shopee_tw,,3,1,0,0,https://www.threads.com/@shopee_tw/post/DMx2PU0Tz2-,魂門靠我們拯救了,2025年8月1日 星期五 上午12:28,,,3,0,0,0
nfnr._.yukibi0129,https://www.threads.com/@nfnr._.yukibi0129/post/DMxztizzwxQ,"
阿偉笑出來",2025年8月1日 星期五 上午12:06,@shopee_tw,,14,1,0,0,https://www.threads.com/@shopee_tw/post/DMx2L2azeIf,剪片剪到一半發現有人唱成阿偉直接爆掉,2025年8月1日 星期五 上午12:27,,,12,0,0,0
nen2roastpork,https://www.threads.com/@nen2roastpork/post/DMxIpW7So1t,"
你們真的是
要創意有創意
要歌聲有創意耶",2025年7月31日 星期四 下午5:49,@shopee_tw,,200,1,0,0,https://www.threads.com/@shopee_tw/post/DMxlvRaTAWt,要顏值也有創意,2025年7月31日 星期四 下午10:03,,,51,0,0,0
benson34583,https://www.threads.com/@benson34583/post/DMxIwjpx4WF,"
在好聽跟難聽之間 選擇了好難聽",2025年7月31日 星期四 下午5:50,@shopee_tw,,703,4,1,25,https://www.threads.com/@shopee_tw/post/DMxls2sz5Z-,全是感情,2025年7月31日 星期四 下午10:03,,,82,0,0,0
chiiiiiiiiiiao,https://www.threads.com/@chiiiiiiiiiiao/post/DMxkzc1TdWm,"
看起來很盡力，蠻可愛的🤣",2025年7月31日 星期四 下午9:55,@shopee_tw,,6,1,0,0,https://www.threads.com/@shopee_tw/post/DMxlmfVzn0q,,2025年7月31日 星期四 下午10:02,,No photo description available.,16,0,0,1
jessie272727,https://www.threads.com/@jessie272727/post/DMxKtxHBRWc,追蹤jessie272727 原作者說讚更多正在回覆@shopee_tw原本是怎麼唱的來著？讚29 轉發分享,2025年7月31日 星期四 下午6:07,,,,,,,https://www.threads.com/@shopee_tw/post/DMxL5PPzai-,追蹤shopee_tw已驗證 原作者說讚更多我也不記得了讚10回覆轉發分享,2025年7月31日 星期四 下午6:18,,,,,,
allennlai,https://www.threads.com/@allennlai/post/DMxH85Gygwm,追蹤allennlai 原作者說讚更多正在回覆@shopee_tw會唱歌跟不會唱歌的都沈默了讚64 轉發分享,2025年7月31日 星期四 下午5:43,,,,,,,https://www.threads.com/@shopee_tw/post/DMxKYClTUcF,追蹤shopee_tw已驗證 更多會唱歌跟不會唱歌的也都聾了讚39回覆轉發分享,2025年7月31日 星期四 下午6:04,,,,,,
aliang_novel,https://www.threads.com/@aliang_novel/post/DMxIa_bSYQY,追蹤aliang_novel 原作者說讚更多正在回覆@shopee_tw睡前聽完 突然不想睡了讚17 轉發分享,2025年7月31日 星期四 下午5:47,,,,,,,https://www.threads.com/@shopee_tw/post/DMxIoRBTnGF,追蹤shopee_tw已驗證 原作者說讚更多驅魔女團讚40 轉發分享,2025年7月31日 星期四 下午5:49,,,,,,
toronto.2,https://www.threads.com/@toronto.2/post/DMwa1DAJgra,"追蹤toronto.2 更多我們要各自出發還是分開出發讚3.5 萬回覆168 分享3,038",2025年7月31日 星期四 上午11:09,,No photo description available.,,,,,https://www.threads.com/@shopee_tw/post/DMxIPQrTnn6,"：什麼時候讚1,439回覆4轉發分享17",2025年7月31日 星期四 下午5:46,,,,,,
yuchen_1211,https://www.threads.com/@yuchen_1211/post/DMu1Ir1Sisn,"追蹤yuchen_1211已驗證 更多你們有沒有一種經驗就是回去看Messager聊天記錄尷尬到腳趾可以摳出三房兩廳讚4.1 萬回覆368 分享3,472",2025年7月30日 星期三 下午8:20,,,,,,,https://www.threads.com/@shopee_tw/post/DMwTbOIza--,追蹤shopee_tw已驗證 更多還有這個戳一下讚651 轉發1,2025年7月31日 星期四 上午10:04,,No photo description available.,,,,
atjhghjta,https://www.threads.com/@atjhghjta/post/DMvblwAz5BU,追蹤atjhghjta 原作者說讚更多正在回覆@shopee_tw現在年輕人也懂這個梗喔？這超久的欸🤣讚1 轉發分享,2025年7月31日 星期四 上午1:56,,,,,,,https://www.threads.com/@shopee_tw/post/DMwQqMbTSUx,追蹤shopee_tw已驗證 更多有沒有可能我們不年輕了讚3回覆轉發分享,2025年7月31日 星期四 上午9:40,,,,,,
agogogogo831011,https://www.threads.com/@agogogogo831011/post/DMvQPWnhfyo,追蹤agogogogo831011 原作者說讚更多正在回覆@shopee_tw這些是阿偉的小孩嗎😂讚3 轉發分享,2025年7月31日 星期四 上午12:17,,,,,,,https://www.threads.com/@shopee_tw/post/DMwQof1zMEi,追蹤shopee_tw已驗證 更多是阿緯的狗讚1回覆轉發分享,2025年7月31日 星期四 上午9:40,,,,,,
13xy_87,https://www.threads.com/@13xy_87/post/DMuy0LQpED6,追蹤13xy_87 原作者說讚更多正在回覆@shopee_tw還以為是炎上讚1 轉發分享,2025年7月30日 星期三 下午8:00,,,,,,,https://www.threads.com/@shopee_tw/post/DMu38nszwK8,追蹤shopee_tw已驗證 原作者說讚更多是我獨自整形讚3回覆轉發分享,2025年7月30日 星期三 下午8:45,,,,,,
xinpingshi144,https://www.threads.com/@xinpingshi144/post/DMuxabBz4MS,追蹤xinpingshi144 原作者說讚更多正在回覆@shopee_tw來問一下緯本人覺得這三個和那六個比起來哪個比較無奈😹讚10 轉發分享,2025年7月30日 星期三 下午7:48,,,,,,,https://www.threads.com/@shopee_tw/post/DMu16gqTj8F,追蹤shopee_tw已驗證 更多：都一樣 翻譯讚4回覆轉發分享,2025年7月30日 星期三 下午8:27,,,,,,
paradise9319_,https://www.threads.com/@paradise9319_/post/DMxb1PvPkR1,"
請放過我們的耳朵謝謝🤣",2025年7月31日 星期四 下午8:37,@shopee_tw,,6,1,0,0,https://www.threads.com/@shopee_tw/post/DMxljGyzUpG,Sorry Sorry,2025年7月31日 星期四 下午10:02,,,4,0,0,0
fang__0825,https://www.threads.com/@fang__0825/post/DMxMvuExux6,"
咦 那是U娜嗎🤔",2025年7月31日 星期四 下午6:25,@shopee_tw,,3,1,0,0,https://www.threads.com/@shopee_tw/post/DMxlgSsTePI,長得很像而已,2025年7月31日 星期四 下午10:01,,,4,0,0,0
invoiceman.ig,https://www.threads.com/@invoiceman.ig/post/DMxMyNqyVt-,"
獵魔女團歌很好聽，你們也有穿衣服(?)",2025年7月31日 星期四 下午6:25,@shopee_tw,,81,1,0,0,https://www.threads.com/@shopee_tw/post/DMxlfGYTCej,這首歌很有挑戰性，這三人也有穿衣服,2025年7月31日 星期四 下午10:01,,,25,0,0,0
pincouture_tw,https://www.threads.com/@pincouture_tw/post/DMxg7GCT8Md,"
夠驅魔..........🤣",2025年7月31日 星期四 下午9:21,@shopee_tw,,6,1,0,0,https://www.threads.com/@shopee_tw/post/DMxlbtRT1kn,Tpop驅魔女團,2025年7月31日 星期四 下午10:01,,,5,0,0,0
tcmi5912,https://www.threads.com/@tcmi5912/post/DMsO81yvCd-,"
是很認真的喊成功欸🤣太厲害了",2025年7月29日 星期二 下午8:08,@shopee_tw,,3,1,0,0,https://www.threads.com/@shopee_tw/post/DMsTfDMT2al,因為學長忘詞27次🤡,2025年7月29日 星期二 下午8:48,,,6,1,0,0
kevenchung0121,https://www.threads.com/@kevenchung0121/post/DMr0xG6Si94,"
好吃，有興趣，多比怎麼賣？",2025年7月29日 星期二 下午4:19,@shopee_tw,,17,1,0,0,https://www.threads.com/@shopee_tw/post/DMsLJo1zsX4,is free,2025年7月29日 星期二 下午7:35,,,18,1,0,0
allennlai,https://www.threads.com/@allennlai/post/DMrggK1SaMT,"
就想問NG幾次",2025年7月29日 星期二 下午1:22,@shopee_tw,,40,1,0,1,https://www.threads.com/@shopee_tw/post/DMrxgZVzhTE,27次,2025年7月29日 星期二 下午3:51,,,68,0,0,0
huananannn,https://www.threads.com/@huananannn/post/DMhiUzfy5zA,這金額應該可以上台吧，謝謝財政部😍讚1.6 萬回覆190轉發119分享555,2025年7月25日 星期五 下午4:26,,No photo description available.,,,,,https://www.threads.com/@shopee_tw/post/DMjw-4bTSic,追蹤shopee_tw已驗證 更多讚694 轉發2,2025年7月26日 星期六 下午1:12,,No photo description available.,,,,
fffangwenn,https://www.threads.com/@fffangwenn/post/DMhcHGtzScY,追蹤fffangwenn 原作者說讚更多正在回覆@shopee_tw☺️🥰❤️讚10 轉發分享,2025年7月25日 星期五 下午3:32,,No photo description available.,,,,,https://www.threads.com/@shopee_tw/post/DMjwx5dTh2q,追蹤shopee_tw已驗證 更多讚2 轉發分享,2025年7月26日 星期六 下午1:11,,No photo description available.,,,,
wudi_kjng,https://www.threads.com/@wudi_kjng/post/DMi-VRgTg1W,追蹤wudi_kjng 原作者說讚更多正在回覆@shopee_tw這題我會讚3 轉發分享,2025年7月26日 星期六 上午5:50,,No photo description available.,,,,,https://www.threads.com/@shopee_tw/post/DMjwtXezwWG,追蹤shopee_tw已驗證 更多讚2 轉發分享,2025年7月26日 星期六 下午1:10,,No photo description available.,,,,
funcareltd,https://www.threads.com/@funcareltd/post/DMhSIIpvBMd,追蹤funcareltd已驗證 原作者說讚更多正在回覆@shopee_tw 回覆1轉發分享2,2025年7月25日 星期五 下午2:04,,No photo description available.,,,,,https://www.threads.com/@shopee_tw/post/DMhk6Lyz96j,追蹤shopee_tw已驗證 原作者說讚更多讚113 轉發分享1,2025年7月25日 星期五 下午4:48,,No photo description available.,,,,
rong_jing188,https://www.threads.com/@rong_jing188/post/DMhbQ8NN3JY,追蹤rong_jing188 原作者說讚更多正在回覆@shopee_tw 回覆1轉發分享1,2025年7月25日 星期五 下午3:24,,No photo description available.,,,,,https://www.threads.com/@shopee_tw/post/DMhk4H_zPRZ,追蹤shopee_tw已驗證 原作者說讚更多讚20 轉發分享1,2025年7月25日 星期五 下午4:48,,No photo description available.,,,,
im_dboy,https://www.threads.com/@im_dboy/post/DMUd95Dxumz,追蹤im_dboy 更多蔓越莓就蔓越莓，生什麼氣讚8.7 萬回覆504 分享2.1 萬,2025年7月20日 星期日 下午2:38,,No photo description available.,,,,,https://www.threads.com/@shopee_tw/post/DMcZkibTXfL,"黃油餅你生什麼氣讚4,725回覆5轉發61分享344",2025年7月23日 星期三 下午4:33,,No photo description available.,,,,
ca237030,https://www.threads.com/@ca237030/post/DMZWeIbSwVJ,追蹤ca237030 更多正在回覆@shopee_tw建議牽繩要買背心式的才不會勒脖子喔讚23 轉發分享,2025年7月22日 星期二 下午12:08,,,,,,,https://www.threads.com/@shopee_tw/post/DMZXAaQzUoD,追蹤shopee_tw已驗證 更多已購買 小狗愛穿讚64 轉發分享,2025年7月22日 星期二 下午12:13,,No photo description available.,,,,
rilakkuma_joyce,https://www.threads.com/@rilakkuma_joyce/post/DMYzz81TMKv,"通體雪白真的很漂亮😍
這孩子還在適應他的新項圈跟牽繩
希望他趕快融入我們家🥹留言處曬出你家可愛的瑪爾濟斯吧❤️❤️已靜音讚3.5 萬回覆815轉發2,398分享9,709",2025年7月22日 星期二 上午7:05,,No photo description available.,,,,,https://www.threads.com/@shopee_tw/post/DMZV7mSz3Vi,已驗證 已編輯原作者說讚更多,2025年7月22日 星期二 下午12:05,,,0,0,0,0
1xiaoyu___,https://www.threads.com/@1xiaoyu___/post/DMrcwz_SWqQ,"
？這句給我刪掉",2025年7月29日 星期二 下午12:50,@shopee_tw,,9,2,0,1,https://www.threads.com/@shopee_tw/post/DMrc8l8zd2U,不要,2025年7月29日 星期二 下午12:51,,,13,0,0,0
chuang.0913,https://www.threads.com/@chuang.0913/post/DMnqiqRhr_7,直播,2025年7月28日 星期一 上午1:33,,,0,0,0,0,https://www.threads.com/@shopee_tw/post/DMqHdIJT90F,,2025年7月29日 星期二 上午12:24,,,0,0,0,0
lamarcococococo,https://www.threads.com/@lamarcococococo/post/DMogJItIYqQ,拔罐被拔成美式臘腸披薩,2025年7月28日 星期一 上午9:21,,No photo description available. | No photo description available.,22000,110,1091,4069,https://www.threads.com/@shopee_tw/post/DMqGql6zXJT,,2025年7月29日 星期二 上午12:17,,No photo description available.,132,1,0,0
onlyweii_,https://www.threads.com/@onlyweii_/post/DMk9anpPZLc,要怎麼委婉的暗示我想對方。,2025年7月27日 星期日 上午12:20,,,22000,991,1340,4370,https://www.threads.com/@shopee_tw/post/DMp-HkATEOz,,2025年7月28日 星期一 下午11:03,,,0,0,0,0
hy_select,https://www.threads.com/@hy_select/post/DMO5MGpRcJi,"
最後一張我真的沒忍住",2025年7月18日 星期五 上午10:40,@shopee_tw,,17,1,0,2,https://www.threads.com/@shopee_tw/post/DMPLd7oTy_7,我也忍不住 沒辦法想像放第一張有多衝擊,2025年7月18日 星期五 下午1:20,,,3,0,0,0
y_uuukki,https://www.threads.com/@y_uuukki/post/DMPDHtZymiw,"
是打了季緣嗎",2025年7月18日 星期五 下午12:07,@shopee_tw,,4,1,0,0,https://www.threads.com/@shopee_tw/post/DMPLYHCzjgQ,打了富士蘋果青烏龍，另一位打了黑松沙士,2025年7月18日 星期五 下午1:19,,,3,0,0,0
olivia_piglet,https://www.threads.com/@olivia_piglet/post/DMPKBEDBY3j,"
有時候要去看阿嬤～🫠🫠🤧門只能開一半很慌張也很傷心",2025年7月18日 星期五 下午1:07,@shopee_tw,,3,1,0,0,https://www.threads.com/@shopee_tw/post/DMPKaGvTwWx,看完記得關門,2025年7月18日 星期五 下午1:10,,,2,1,0,0
pei860715,https://www.threads.com/@pei860715/post/DMN-Q5zzMxs,"
看到最後我真的笑出來",2025年7月18日 星期五 上午2:05,@shopee_tw,,3,1,0,0,https://www.threads.com/@shopee_tw/post/DMOvJNIT6CX,精彩的總是在壓軸,2025年7月18日 星期五 上午9:12,,,0,0,0,0
threads,https://www.threads.com/@threads/post/DMNjRRjgGCk,,2025年7月17日 星期四 下午10:09,,,0,0,0,0,https://www.threads.com/@shopee_tw/post/DMN5yxyzGCA,,2025年7月18日 星期五 上午1:26,,No photo description available.,7749,10,9,27
7nzzy_,https://www.threads.com/@7nzzy_/post/DMN5agBzvdP,"
一定會 怎麼會有蝦皮啊哈哈",2025年7月18日 星期五 上午1:23,@shopee_tw,,73,1,0,0,https://www.threads.com/@shopee_tw/post/DMN5j8JzSph,,2025年7月18日 星期五 上午1:24,,,0,0,0,0
7nzzy_,https://www.threads.com/@7nzzy_/post/DMM2crXxuvk,開這個一定會被家長噴,2025年7月17日 星期四 下午3:38,,No photo description available.,20000,405,1850,1237,https://www.threads.com/@shopee_tw/post/DMN5Uehz2Go,也會被老闆噴,2025年7月18日 星期五 上午1:22,,,317,4,0,0
zumiden_life,https://www.threads.com/@zumiden_life/post/DMNzTCCyIQE,"
有些事 懂的人就懂",2025年7月18日 星期五 上午12:29,@shopee_tw,No photo description available. | No photo description available. | No photo description available. | No photo description available.,439,2,2,15,https://www.threads.com/@shopee_tw/post/DMN4OF2TCfn,好可愛！！我要瘋,2025年7月18日 星期五 上午1:12,,,29,0,0,0
hung_0809_,https://www.threads.com/@hung_0809_/post/DMNxcBGyzMI,"
心臟不痛 肺倒是黑了",2025年7月18日 星期五 上午12:13,@shopee_tw,No photo description available.,3,1,0,0,https://www.threads.com/@shopee_tw/post/DMNx0q_zLF0,,2025年7月18日 星期五 上午12:16,,No photo description available.,12,0,0,0
malin_1020,https://www.threads.com/@malin_1020/post/DMNxbo5P_5e,"
想當初手起刀落，一滴眼淚都沒有流",2025年7月18日 星期五 上午12:13,@shopee_tw,No photo description available.,12,1,0,2,https://www.threads.com/@shopee_tw/post/DMNxirYz8d8,#狼若回頭不是報恩就是報米花,2025年7月18日 星期五 上午12:14,,,5,0,0,0
_li730,https://www.threads.com/@_li730/post/DMNtpcAPwpe,"
真的很痛",2025年7月17日 星期四 下午11:40,@shopee_tw,No photo description available.,44,2,0,3,https://www.threads.com/@shopee_tw/post/DMNwXCvzGDt,,2025年7月18日 星期五 上午12:04,,No photo description available.,37,2,0,1
guchiaoying,https://www.threads.com/@guchiaoying/post/DMNvIrCTm7U,"
喝那麼多養樂多，真的會比喝酒噴更慘……",2025年7月17日 星期四 下午11:53,@shopee_tw,,16,1,0,0,https://www.threads.com/@shopee_tw/post/DMNvf3gTpM9,不要輕易嘗試否則嘴巴會變水龍頭,2025年7月17日 星期四 下午11:56,,,9,0,0,0
zhu.y.c_1108,https://www.threads.com/@zhu.y.c_1108/post/DMNsBGNhi8T,"
趁老闆沒看到前再多發一點
（我愛看👀🤣",2025年7月17日 星期四 下午11:26,@shopee_tw,,5,1,0,1,https://www.threads.com/@shopee_tw/post/DMNvR8bTWZn,你是真的要我被開除,2025年7月17日 星期四 下午11:54,,,8,0,0,0
bella__11.07,https://www.threads.com/@bella__11.07/post/DMNuYegSKqu,"
最後一張真的很靠邀😆",2025年7月17日 星期四 下午11:46,@shopee_tw,,3,1,0,0,https://www.threads.com/@shopee_tw/post/DMNvOqRzAn-,沒想到有一天可以玩自己的梗,2025年7月17日 星期四 下午11:54,,,7,0,0,0
lazy_and_health,https://www.threads.com/@lazy_and_health/post/DMNg56kT17P,"
最後一個是在哭喔🤣",2025年7月17日 星期四 下午9:49,@shopee_tw,,9,1,0,0,https://www.threads.com/@shopee_tw/post/DMNsE77zxUn,我真的在哭,2025年7月17日 星期四 下午11:26,,,5,0,0,0
_heng.heng,https://www.threads.com/@_heng.heng/post/DMNrbUvSmie,"
一天吃九條曼陀珠
會出事吧..",2025年7月17日 星期四 下午11:21,@shopee_tw,,44,1,0,0,https://www.threads.com/@shopee_tw/post/DMNr_ayzIV9,是抽 不是吃 用抽的還好,2025年7月17日 星期四 下午11:25,,,13,0,0,0
3.shiba__,https://www.threads.com/@3.shiba__/post/DMNr3t1yTe0,"
蝦皮小編都好有才👍",2025年7月17日 星期四 下午11:24,@shopee_tw,No photo description available.,35,1,0,1,https://www.threads.com/@shopee_tw/post/DMNr9l7zVqB,這是貝殼嗎,2025年7月17日 星期四 下午11:25,,,14,1,0,0
pft99887,https://www.threads.com/@pft99887/post/DMLLST1z0AN,難過哭到不能自我🥲,2025年7月17日 星期四 上午12:01,,No photo description available.,968,11,3,21,https://www.threads.com/@shopee_tw/post/DMNr03vT8eC,這是什麼啊螺絲嗎,2025年7月17日 星期四 下午11:24,,,29,1,0,2
tinaa_1019,https://www.threads.com/@tinaa_1019/post/DMNl_i6vOwH,"
譴責第二張亂丟垃圾的人😠",2025年7月17日 星期四 下午10:33,@shopee_tw,,9,1,0,1,https://www.threads.com/@shopee_tw/post/DMNmtNSzsds,放心 我有全部撿起來帶回去丟🫡,2025年7月17日 星期四 下午10:39,,,7,1,0,0
netsumiouo,https://www.threads.com/@netsumiouo/post/DMNlsEMzsV_,"
一天九根曼陀珠不會得糖尿病嗎😂(歪樓",2025年7月17日 星期四 下午10:30,@shopee_tw,,14,1,0,0,https://www.threads.com/@shopee_tw/post/DMNmorVzqWm,我下禮拜健檢 再跟你說,2025年7月17日 星期四 下午10:39,,,10,0,0,0
benson34583,https://www.threads.com/@benson34583/post/DMNfDOFP9LT,"
人家蝦皮有同意你說人家像塔嗎？？？？
哦 你就是蝦皮 那沒事了",2025年7月17日 星期四 下午9:32,@shopee_tw,,275,1,0,1,https://www.threads.com/@shopee_tw/post/DMNkng7zc2X,最後一張不看 整篇白看,2025年7月17日 星期四 下午10:21,,,91,0,0,0
good.morning.my.dear.friend,https://www.threads.com/@good.morning.my.dear.friend/post/DMNhoxRPqjD,"
不要懂",2025年7月17日 星期四 下午9:55,@shopee_tw,No photo description available.,157,1,0,14,https://www.threads.com/@shopee_tw/post/DMNjofTzPi1,怎麼跟我看的不一樣,2025年7月17日 星期四 下午10:12,,,17,0,0,1
chenfrancis,https://www.threads.com/@chenfrancis/post/DMNiWn3TbhA,"
最後一張想阿嬤了",2025年7月17日 星期四 下午10:01,@shopee_tw,,9,1,0,1,https://www.threads.com/@shopee_tw/post/DMNjnP5TwwM,愛阿嬤,2025年7月17日 星期四 下午10:12,,,3,0,0,0
zhennn_0807,https://www.threads.com/@zhennn_0807/post/DMHDBDOSlMo,這根本防早戀眼鏡,2025年7月15日 星期二 上午9:32,,No photo description available. | No photo description available.,41000,308,1928,6328,https://www.threads.com/@shopee_tw/post/DMKNMtizbjx,防到現在27歲了,2025年7月16日 星期三 下午2:59,,No photo description available.,1401,7,2,8
truecake.longtan3051,https://www.threads.com/@truecake.longtan3051/post/DMHZHVwuNWS,追蹤truecake.longtan3051 原作者說讚更多正在回覆@shopee_tw蝦皮小編有在睡覺的嗎？讚1 轉發分享,2025年7月15日 星期二 下午12:45,,,,,,,https://www.threads.com/@shopee_tw/post/DMIYf3kTJVG,追蹤shopee_tw已驗證 更多沒有（我現在還在回訊息）讚8回覆轉發分享,2025年7月15日 星期二 下午9:59,,,,,,
yiiiiii_ting,https://www.threads.com/@yiiiiii_ting/post/DMHedYjvvdL,追蹤yiiiiii_ting 原作者說讚更多正在回覆@shopee_tw為什麼都不會笑場😆😆😆讚11 轉發分享,2025年7月15日 星期二 下午1:32,,,,,,,https://www.threads.com/@shopee_tw/post/DMHutjyTgTJ,追蹤shopee_tw已驗證 更多NG幾十次就不會笑了，第一次的話會笑出豬叫聲讚29回覆轉發分享,2025年7月15日 星期二 下午3:54,,,,,,
enter_imc,https://www.threads.com/@enter_imc/post/DMHXxKRxotT,追蹤enter_imc 原作者說讚更多正在回覆@shopee_tw每半年最期待的大片來了讚1 轉發分享,2025年7月15日 星期二 下午12:33,,,,,,,https://www.threads.com/@shopee_tw/post/DMHYFhMTzZC,追蹤shopee_tw已驗證 更多🫰🏻🫶🏻❤️讚1回覆轉發分享,2025年7月15日 星期二 下午12:36,,,,,,
bringbring123,https://www.threads.com/@bringbring123/post/DMF1OhGSJyJ,他們值得月薪10萬以上讚649回覆1轉發分享3,2025年7月14日 星期一 下午10:12,,,,,,,https://www.threads.com/@shopee_tw/post/DMG-OoGTkXZ,追蹤shopee_tw已驗證 更多@主管@老闆@總經理@董事長讚76回覆轉發分享,2025年7月15日 星期二 上午8:50,,,,,,
yo_foodiz,https://www.threads.com/@yo_foodiz/post/DMGB1k9yqEe,神祕北極圈👟阿拉斯加的山巔👟讚59回覆1轉發分享2,2025年7月15日 星期二 上午12:02,,No photo description available.,,,,,https://www.threads.com/@shopee_tw/post/DMG-JlkTGE_,追蹤shopee_tw已驗證 更多U娜為什麼不穿鞋讚7回覆轉發分享,2025年7月15日 星期二 上午8:49,,,,,,
wang._.0627_,https://www.threads.com/@wang._.0627_/post/DMGGtoaS6yV,追蹤wang._.0627_ 原作者說讚更多正在回覆@shopee_tw蝦皮熱度最高的一種文章讚1 轉發分享,2025年7月15日 星期二 上午12:45,,,,,,,https://www.threads.com/@shopee_tw/post/DMG-EW8zV5M,追蹤shopee_tw已驗證 更多怎麼可能讚1回覆轉發分享,2025年7月15日 星期二 上午8:49,,,,,,
a1b2c3838,https://www.threads.com/@a1b2c3838/post/DMF3uRDSDOA,追蹤a1b2c3838 原作者說讚更多正在回覆@shopee_tw這是超級變變變嗎讚1 轉發分享,2025年7月14日 星期一 下午10:34,,,,,,,https://www.threads.com/@shopee_tw/post/DMG9_iTzaDZ,追蹤shopee_tw已驗證 更多花絮超忙 中午上線！讚回覆轉發分享,2025年7月15日 星期二 上午8:48,,,,,,
shinobigogo,https://www.threads.com/@shinobigogo/post/DMG6-5nzm89,追蹤shinobigogo 原作者說讚更多正在回覆@shopee_tw妳們是不是可以出書😆🤣🤣 翻譯讚1 轉發分享,2025年7月15日 星期二 上午8:22,,,,,,,https://www.threads.com/@shopee_tw/post/DMG98XJT-8c,追蹤shopee_tw已驗證 更多書per idol的笑容嗎讚1回覆轉發分享,2025年7月15日 星期二 上午8:48,,,,,,
neuropathy32,https://www.threads.com/@neuropathy32/post/DMGk3xmT8_h,追蹤neuropathy32 原作者說讚更多正在回覆@shopee_tw這個銜接我阿嬤都起雞皮疙瘩了讚29 轉發分享,2025年7月15日 星期二 上午5:09,,,,,,,https://www.threads.com/@shopee_tw/post/DMG96cUT-bw,追蹤shopee_tw已驗證 更多沒圖說個雞……皮疙瘩?讚6回覆轉發分享,2025年7月15日 星期二 上午8:47,,,,,,
bf_0930,https://www.threads.com/@bf_0930/post/DMGLJEASptH,"
怎麼沒有 通通通痛 薩虎啦",2025年7月15日 星期二 上午1:24,@shopee_tw,,6,1,0,0,https://www.threads.com/@shopee_tw/post/DMG927iTWRu,單身即地獄只能選一個,2025年7月15日 星期二 上午8:47,,,1,0,0,0
davidliao8220,https://www.threads.com/@davidliao8220/post/DMGLi8XTGkl,"
蝦皮小編團隊的精神還好嗎，感覺需要多重分裂才有辦法勝任這個工作。",2025年7月15日 星期二 上午1:27,@shopee_tw,,11,1,0,0,https://www.threads.com/@shopee_tw/post/DMG91YuTsUs,剛詢問另外三位了確定有分裂,2025年7月15日 星期二 上午8:47,,,7,0,0,0
annie_.831,https://www.threads.com/@annie_.831/post/DMGQRwvzHje,"
衣服是Air Space的嗎 好可愛。",2025年7月15日 星期二 上午2:09,@shopee_tw,,1,1,0,0,https://www.threads.com/@shopee_tw/post/DMG9xiLzKEj,沒錯！,2025年7月15日 星期二 上午8:46,,,1,0,0,0
cowlick_1113,https://www.threads.com/@cowlick_1113/post/DMGGgcLTu-5,"
連一刻都沒有為上半年迷因的死亡哀悼，立刻趕到戰場的是：",2025年7月15日 星期二 上午12:43,@shopee_tw,,415,1,2,34,https://www.threads.com/@shopee_tw/post/DMG9sj8zGOm,我們會復刻的放心,2025年7月15日 星期二 上午8:45,,,62,0,0,0
nozomi_555,https://www.threads.com/@nozomi_555/post/DMF2_9Hy7nT,"
期待幕後花絮哈哈哈",2025年7月14日 星期一 下午10:28,@shopee_tw,,2,1,0,0,https://www.threads.com/@shopee_tw/post/DMF7aRmTga0,明天中午見,2025年7月14日 星期一 下午11:06,,,0,0,0,0
hairstylist__blue,https://www.threads.com/@hairstylist__blue/post/DMF3mqOJozH,"
蝦皮請幫他們加薪",2025年7月14日 星期一 下午10:33,@shopee_tw,,27,1,0,0,https://www.threads.com/@shopee_tw/post/DMF7UG7TKb1,@老闆,2025年7月14日 星期一 下午11:05,,,11,0,0,0
allennlai,https://www.threads.com/@allennlai/post/DMFuXj2RRcA,追蹤allennlai 原作者說讚更多正在回覆@shopee_tw來都來了讚52 轉發1,2025年7月14日 星期一 下午9:12,,,,,,,https://www.threads.com/@shopee_tw/post/DMFu0xKTwFP,追蹤shopee_tw已驗證 更多對啊來都來了 按個讚吧🥹讚33回覆轉發分享1,2025年7月14日 星期一 下午9:16,,,,,,
minato_caramel,https://www.threads.com/@minato_caramel/post/DMFubsCz3vw,追蹤minato_caramel 原作者說讚更多正在回覆@shopee_tw蝦的飼料是被加入大麻了嗎讚17 轉發分享,2025年7月14日 星期一 下午9:13,,,,,,,https://www.threads.com/@shopee_tw/post/DMFuw-2TknX,追蹤shopee_tw已驗證 更多不要害我讚4回覆轉發分享,2025年7月14日 星期一 下午9:16,,,,,,
chiao_190,https://www.threads.com/@chiao_190/post/DMC50XVBc_b,追蹤chiao_190 更多正在回覆@shopee_tw你都不知道了我們怎麼會知道🤣讚36 轉發分享,2025年7月13日 星期日 下午6:55,,,,,,,https://www.threads.com/@shopee_tw/post/DMDcVhdzsuV,追蹤shopee_tw已驗證 更多為什麼我假日還在這留言讚39 轉發分享,2025年7月13日 星期日 下午11:56,,,,,,
yushao_1103,https://www.threads.com/@yushao_1103/post/DMCo-_Exj6w,追蹤yushao_1103 更多謝謝蝦皮 我舒服了已靜音讚14 萬回覆624 分享1.1 萬,2025年7月13日 星期日 下午4:28,,,,,,,https://www.threads.com/@shopee_tw/post/DMCu6rruw8O,追蹤shopee_tw已驗證 原作者說讚更多看了100遍是正常的嗎讚2.0 萬回覆17 分享29,2025年7月13日 星期日 下午5:19,,,,,,
tw_edit98,https://www.threads.com/@tw_edit98/post/DL9_5kCSz67,追蹤tw_edit98 原作者說讚更多正在回覆@shopee_tw 回覆1轉發分享,2025年7月11日 星期五 下午9:12,,No photo description available.,,,,,https://www.threads.com/@shopee_tw/post/DL-UIzDTHOV,追蹤shopee_tw已驗證 原作者說讚更多讚32回覆轉發分享,2025年7月12日 星期六 上午12:08,,No photo description available.,,,,
zhe_9468,https://www.threads.com/@zhe_9468/post/DL-H0toPIXo,追蹤zhe_9468 更多正在回覆@shopee_tw抱歉，看了不太舒服讚114 轉發分享3,2025年7月11日 星期五 下午10:21,,No photo description available.,,,,,https://www.threads.com/@shopee_tw/post/DL-T_4WTCn7,追蹤shopee_tw已驗證 原作者說讚更多抱歉抱歉，我自己來就好讚141 轉發分享6,2025年7月12日 星期六 上午12:07,,No photo description available.,,,,
bboossmmoomm,https://www.threads.com/@bboossmmoomm/post/DL-CiFLzGWa,追蹤bboossmmoomm 原作者說讚更多正在回覆@shopee_tw重點有打三通未接，有沒有回撥了？讚13 轉發分享,2025年7月11日 星期五 下午9:35,,,,,,,https://www.threads.com/@shopee_tw/post/DL-T2OlzuYm,追蹤shopee_tw已驗證 原作者說讚更多那老闆的電話 但我下班了讚36回覆轉發分享,2025年7月12日 星期六 上午12:06,,,,,,
squi_min,https://www.threads.com/@squi_min/post/DL-FLdvSMv0,追蹤squi_min 原作者說讚更多正在回覆@shopee_tw老闆發現你用官方帳號發廢文打給你了讚35 轉發分享,2025年7月11日 星期五 下午9:58,,,,,,,https://www.threads.com/@shopee_tw/post/DL-T1Bvzdum,追蹤shopee_tw已驗證 原作者說讚更多不要接就好了讚45回覆轉發分享,2025年7月12日 星期六 上午12:06,,,,,,
risensweets_2025,https://www.threads.com/@risensweets_2025/post/DL99SqTz2eq,追蹤risensweets_2025 原作者說讚更多正在回覆@shopee_tw完了～super魔咒讚6 轉發分享,2025年7月11日 星期五 下午8:49,,,,,,,https://www.threads.com/@shopee_tw/post/DL993SATOcb,追蹤shopee_tw已驗證 原作者說讚更多貼臉開大，抱歉讚8回覆轉發分享,2025年7月11日 星期五 下午8:54,,,,,,
17_kl17,https://www.threads.com/@17_kl17/post/DL99AKcxf7i,追蹤17_kl17 原作者說讚更多正在回覆@shopee_tw你在我的文下面發過這個 沒想到我會刷到你發的這個文🤣 好巧讚2 轉發分享,2025年7月11日 星期五 下午8:46,,,,,,,https://www.threads.com/@shopee_tw/post/DL99hg2T-Ex,追蹤shopee_tw已驗證 原作者說讚更多沒錯，因為老闆說要宣傳我又來了😭讚3 轉發分享,2025年7月11日 星期五 下午8:51,,,,,,
missclany,https://www.threads.com/@missclany/post/DMFwny9yTGO,"
慘了我半懂半不懂…",2025年7月14日 星期一 下午9:32,@shopee_tw,,2,1,0,0,https://www.threads.com/@shopee_tw/post/DMFyM-kTBLu,那不用戒網路👌🏻,2025年7月14日 星期一 下午9:46,,,1,0,0,0
five1983,https://www.threads.com/@five1983/post/DMFxinoTmMG,"
没有 來都來了",2025年7月14日 星期一 下午9:40,@shopee_tw,,3,1,0,0,https://www.threads.com/@shopee_tw/post/DMFyKp2TyU8,下半年,2025年7月14日 星期一 下午9:45,,,3,0,0,0
nen2roastpork,https://www.threads.com/@nen2roastpork/post/DMFxaUxS6Ex,"
你們是怎麼忍住不笑場的",2025年7月14日 星期一 下午9:39,@shopee_tw,,52,1,0,0,https://www.threads.com/@shopee_tw/post/DMFyJH1TMgP,NG幾十次就不想笑了，但第一次會笑到放屁,2025年7月14日 星期一 下午9:45,,,142,0,0,2
allennlai,https://www.threads.com/@allennlai/post/DL9uL-eS9Ys,追蹤allennlai 原作者說讚更多正在回覆@shopee_tw來都來了讚260 轉發分享8,2025年7月11日 星期五 下午6:37,,No photo description available.,,,,,https://www.threads.com/@shopee_tw/post/DL98pDuz1Vs,追蹤shopee_tw已驗證 原作者說讚更多什麼東西讚138 轉發分享,2025年7月11日 星期五 下午8:43,,,,,,
17_kl17,https://www.threads.com/@17_kl17/post/DL97JJRRk6p,追蹤17_kl17 原作者說讚更多正在回覆@shopee_tw哦？讚7 轉發分享1,2025年7月11日 星期五 下午8:30,,,,,,,https://www.threads.com/@shopee_tw/post/DL98nCjTz89,追蹤shopee_tw已驗證 原作者說讚更多哦哦哦哦哦你是我的花朵讚66 轉發分享1,2025年7月11日 星期五 下午8:43,,,,,,
kachi_03g4,https://www.threads.com/@kachi_03g4/post/DL5YJzkzMVX,"▪︎
▪︎
▪︎
有沒有類似的句子啊！好好奇😳讚3.6 萬回覆496轉發741分享854",2025年7月10日 星期四 上午2:07,,,,,,,https://www.threads.com/@shopee_tw/post/DL63Pmgz5kz,"（對不起讚2,418回覆5轉發1分享5",2025年7月10日 星期四 下午3:58,,,,,,
17_kl17,https://www.threads.com/@17_kl17/post/DL4BCupTJuC,"追蹤17_kl17 更多你有NMIXX 嗎 讚1 萬回覆93 分享2,153",2025年7月9日 星期三 下午1:26,,No photo description available.,,,,,https://www.threads.com/@shopee_tw/post/DL6qIwkTc6F,"追蹤shopee_tw已驗證 原作者說讚更多我有讚1,635 轉發19",2025年7月10日 星期四 下午2:04,,No photo description available.,,,,
meifengchen0000,https://www.threads.com/@meifengchen0000/post/DL41V2jSfTc,追蹤meifengchen0000已驗證 更多2025上半年洗腦舞已靜音Instagram logoshopee_tw 回覆60 分享706,2025年7月9日 星期三 下午9:03,,,,,,,https://www.threads.com/@shopee_tw/post/DL416gETjKG,追蹤shopee_tw已驗證 原作者說讚更多美鳳U娜高高都跳得很好，學長Allen也有穿衣服讚595 轉發分享3,2025年7月9日 星期三 下午9:08,,,,,,
alephant_0427,https://www.threads.com/@alephant_0427/post/DL13xxSxzCF,"這段一直讓我想到蝦皮59元的監視器🤣🤣🤣已靜音讚5,324回覆51轉發182分享252",2025年7月8日 星期二 下午5:27,,,,,,,https://www.threads.com/@shopee_tw/post/DL2mS38TZG9,追蹤shopee_tw已驗證 原作者說讚更多讚609 轉發分享2,2025年7月9日 星期三 上午12:13,,No photo description available.,,,,
ceoo.678,https://www.threads.com/@ceoo.678/post/DLy9qSox5Du,"追蹤ceoo.678 更多蝦皮59塊的監視器（爸爸陸陸續續的進房間了 已靜音讚13 萬回覆2,223 分享5.0 萬",2025年7月7日 星期一 下午2:22,,,,,,,https://www.threads.com/@shopee_tw/post/DLzbpsRTkxs,"追蹤shopee_tw已驗證 更多讚5,155 轉發13",2025年7月7日 星期一 下午6:42,,No photo description available.,,,,
oooo_mika,https://www.threads.com/@oooo_mika/post/DLusnOPPPJZ,"追蹤oooo_mika蝦皮 更多為什麼蝦皮店有貓貓😍 已靜音讚11 萬回覆1,093 分享8,361",2025年7月5日 星期六 下午10:35,,,,,,,https://www.threads.com/@shopee_tw/post/DLwMq2UTakZ,追蹤shopee_tw已驗證 更多抱歉抱歉 這是我們的招財貓讚2.8 萬回覆88 分享135,2025年7月6日 星期日 下午12:34,,,,,,
almakuo_94,https://www.threads.com/@almakuo_94/post/DLsotzDTAMm,"
太扯了吧",2025年7月5日 星期六 上午3:22,@shopee_tw,No photo description available.,8,1,0,1,https://www.threads.com/@shopee_tw/post/DLso5NRzdI6,有加碼,2025年7月5日 星期六 上午3:23,,,1,0,0,0
hee_______yun,https://www.threads.com/@hee_______yun/post/DLsoeMzSSB_,"
真的救命🥲蝦皮你欠我一次免運",2025年7月5日 星期六 上午3:20,@shopee_tw,No photo description available.,15,2,0,0,https://www.threads.com/@shopee_tw/post/DLsokG0z0Pk,快點重新整理啊,2025年7月5日 星期六 上午3:21,,,14,1,0,3
a5a5aa5ooooeaeaa5oooo._.1221,https://www.threads.com/@a5a5aa5ooooeaeaa5oooo._.1221/post/DLsnftbzWuX,"
小編我好怕 快安慰我",2025年7月5日 星期六 上午3:11,@shopee_tw,,2,1,0,1,https://www.threads.com/@shopee_tw/post/DLsnv6-zE9r,不要怕 我唱歌給你聽 a5a5aa5ooooeaeaa5oooo,2025年7月5日 星期六 上午3:13,,,13,0,0,0
wei_wei.gk,https://www.threads.com/@wei_wei.gk/post/DLsnlZbhtjd,"
沒發生也會有優惠卷嗎慶祝一下",2025年7月5日 星期六 上午3:12,@shopee_tw,,8,1,0,0,https://www.threads.com/@shopee_tw/post/DLsnoRIT-tb,還活著就會,2025年7月5日 星期六 上午3:12,,,12,0,0,0
rc.__.jr,https://www.threads.com/@rc.__.jr/post/DLsWobSJrfw,"
Donut 吃起來就donut 有差嗎",2025年7月5日 星期六 上午12:44,@shopee_tw,,2,1,0,0,https://www.threads.com/@shopee_tw/post/DLsYPR1Tgm7,誰買的,2025年7月5日 星期六 上午12:58,,,0,0,0,0
_.ychiyan,https://www.threads.com/@_.ychiyan/post/DLruzSfB5MY,"
有規定滿多少才能用嗎",2025年7月4日 星期五 下午6:56,@shopee_tw,,2,1,0,0,https://www.threads.com/@shopee_tw/post/DLsNv-KTfcO,低門檻,2025年7月4日 星期五 下午11:26,,,2,0,0,0
suwei_3.3,https://www.threads.com/@suwei_3.3/post/DLr4vS8xZo1,"
敢不敢1折 蝦皮世界末日
敢不敢！",2025年7月4日 星期五 下午8:23,@shopee_tw,,48,1,0,0,https://www.threads.com/@shopee_tw/post/DLsNtJiz8QY,不敢 1折的話我薪水捐出來都不夠,2025年7月4日 星期五 下午11:26,,,72,0,0,0
fu_cheng_foodcity,https://www.threads.com/@fu_cheng_foodcity/post/DLrri2Bh_m5,"
太讚了 318張XDD",2025年7月4日 星期五 下午6:27,@shopee_tw,,42,1,0,1,https://www.threads.com/@shopee_tw/post/DLsMUkTTAxF,是有裝竊聽器是不是,2025年7月4日 星期五 下午11:14,,,19,1,0,0
linxuan_020416,https://www.threads.com/@linxuan_020416/post/DLr8gDkzls-,"
如果真的世界末日了 還有人幫我出貨嗎😂😂😂",2025年7月4日 星期五 下午8:56,@shopee_tw,,4,1,0,0,https://www.threads.com/@shopee_tw/post/DLsHRBgz1ri,我也發不出去,2025年7月4日 星期五 下午10:30,,,2,1,0,0
smin0326,https://www.threads.com/@smin0326/post/DLr5fP9SjB5,"這是回覆已無法顯示的貼文
小編 你要調3:18 我們跟日本有時差❤️",2025年7月4日 星期五 下午8:29,,,13,1,0,0,https://www.threads.com/@shopee_tw/post/DLsDSJDzcfC,已更新3:18,2025年7月4日 星期五 下午9:55,,,7,0,0,0
abc.pace,https://www.threads.com/@abc.pace/post/DLrtWFpThkM,"
可以發打一折的優惠券嗎？
慶祝一下，明天平安",2025年7月4日 星期五 下午6:43,@shopee_tw,,53,2,0,1,https://www.threads.com/@shopee_tw/post/DLruy9_zC7c,發一折 我下禮拜一會不平安,2025年7月4日 星期五 下午6:56,,,184,1,0,1
midnight_lumiere.13,https://www.threads.com/@midnight_lumiere.13/post/DLrtOWIJLYE,"
你優惠卷要不要直接免單？",2025年7月4日 星期五 下午6:42,@shopee_tw,,5,1,0,0,https://www.threads.com/@shopee_tw/post/DLrt19NTx2i,免單的話我下禮拜會被開除,2025年7月4日 星期五 下午6:47,,,55,3,0,4
lzi._11,https://www.threads.com/@lzi._11/post/DLrs5B5z5wB,"
可以4:18買多少都免錢嗎",2025年7月4日 星期五 下午6:39,@shopee_tw,,229,1,2,3,https://www.threads.com/@shopee_tw/post/DLrtGX6TBjD,那可能真的要世界末日,2025年7月4日 星期五 下午6:41,,,440,0,0,6
allennlai,https://www.threads.com/@allennlai/post/DLrppJ1yV5k,"
00後整頓職場：上班偷電偷水還偷發優惠券",2025年7月4日 星期五 下午6:11,@shopee_tw,,932,1,1,12,https://www.threads.com/@shopee_tw/post/DLrs2NvT6Gl,我在自言自語,2025年7月4日 星期五 下午6:39,,,294,0,0,0
tama0915,https://www.threads.com/@tama0915/post/DLrqaqpyXCA,"
最好是發那種不用滿額折抵的
才對得起世界末日",2025年7月4日 星期五 下午6:18,@shopee_tw,,281,1,0,0,https://www.threads.com/@shopee_tw/post/DLrsuojTNtU,免運券,2025年7月4日 星期五 下午6:38,,,205,0,0,1
fuck.__________.067,https://www.threads.com/@fuck.__________.067/post/DLrshnGBNpX,"
你廢了今晚我一定盯著你主頁一直刷新",2025年7月4日 星期五 下午6:36,@shopee_tw,,104,1,0,0,https://www.threads.com/@shopee_tw/post/DLrssrjzVj3,開回覆通知就好了,2025年7月4日 星期五 下午6:37,,,64,0,0,0
ya._.oxo,https://www.threads.com/@ya._.oxo/post/DLrrqjXzPhg,"
不過我聽說取消了欸👀",2025年7月4日 星期五 下午6:28,@shopee_tw,,16,1,0,1,https://www.threads.com/@shopee_tw/post/DLrsDeRTqf5,我不想上班了,2025年7月4日 星期五 下午6:32,,,45,1,0,3
shu_ang_0821,https://www.threads.com/@shu_ang_0821/post/DLrqn1qRQFQ,"
小編
是無限量的嗎",2025年7月4日 星期五 下午6:19,@shopee_tw,,33,1,0,0,https://www.threads.com/@shopee_tw/post/DLrrBeMTB1r,不是 重點是我們要活著啊,2025年7月4日 星期五 下午6:23,,,70,2,0,0
fu_cheng_foodcity,https://www.threads.com/@fu_cheng_foodcity/post/DLrqfCqBdJS,"
是不是要發個418張免運XD",2025年7月4日 星期五 下午6:18,@shopee_tw,,160,1,0,3,https://www.threads.com/@shopee_tw/post/DLrq-1ZztNO,你怎麼知道,2025年7月4日 星期五 下午6:22,,,147,0,0,0
poko._.1999,https://www.threads.com/@poko._.1999/post/DLrp_F-vgR1,"
小編不要以為我不知道你會偷偷設排程發文喔🥴",2025年7月4日 星期五 下午6:14,@shopee_tw,,93,1,0,1,https://www.threads.com/@shopee_tw/post/DLrqL2BzpqW,直接發在這篇留言區置頂😑👍🏻,2025年7月4日 星期五 下午6:15,,,77,0,0,2
waynechne911,https://www.threads.com/@waynechne911/post/DLrpPJivm-5,"這是回覆已無法顯示的貼文
乾脆辦活動",2025年7月4日 星期五 下午6:07,,,84,1,0,0,https://www.threads.com/@shopee_tw/post/DLrpWXaT5lJ,太招搖了 小聲,2025年7月4日 星期五 下午6:08,,,182,0,0,0
ktgn556412,https://www.threads.com/@ktgn556412/post/DLpzujNzbG9,"同事： 你到底在幹嘛？？？
我：沒事 網友會懂",2025年7月4日 星期五 上午1:01,,,43000,300,2057,5541,https://www.threads.com/@shopee_tw/post/DLrJofYT6Zk,這題 我也會,2025年7月4日 星期五 下午1:31,,No photo description available.,180,2,0,1
syrinxcat,https://www.threads.com/@syrinxcat/post/DLpb8IHTpi8,"
所以你老闆是女生！你是男生！
（好像發現新大陸但其實也沒什麼🤷🏻‍♀️)",2025年7月3日 星期四 下午9:33,@shopee_tw,,4,1,0,0,https://www.threads.com/@shopee_tw/post/DLq7uTUTCo0,賓果,2025年7月4日 星期五 上午11:30,,,1,0,0,0
1108.zw,https://www.threads.com/@1108.zw/post/DLmMZNwP_Sh,"我剛看到一篇文說threads可以傳訊息了
說多了一個可以偷吃聊天的地方
我就傳訊息給我男友：
？？？？",2025年7月2日 星期三 下午3:19,,No photo description available.,6909,65,168,2211,https://www.threads.com/@shopee_tw/post/DLmxMTmT3s_,,2025年7月2日 星期三 下午8:41,,No photo description available.,2812,8,4,43
jjjjiangg,https://www.threads.com/@jjjjiangg/post/DLj1sldhpBA,白癡喔,2025年7月1日 星期二 下午5:22,,No photo description available.,32000,347,2215,6307,https://www.threads.com/@shopee_tw/post/DLkmgAPTRJF,原來這是打火機嗎⋯,2025年7月2日 星期三 上午12:29,,No photo description available.,3527,4,11,63
skuuuuuui,https://www.threads.com/@skuuuuuui/post/DLjY_M3PXn9,"敬告各位家長：
我的暑假是拿來休息的，不是拿來彎道超車的！！！！",2025年7月1日 星期二 下午1:11,,,24000,122,1158,543,https://www.threads.com/@shopee_tw/post/DLkjKf5TKcE,贏要贏在起跑線，輸要輸per idol的笑容,2025年7月1日 星期二 下午11:59,,,671,1,8,30
harrychanga.k.a,https://www.threads.com/@harrychanga.k.a/post/DLfzU-jTI8H,魷魚遊戲在台灣要玩什麼？,2025年6月30日 星期一 上午3:45,,,18000,1357,1247,4695,https://www.threads.com/@shopee_tw/post/DLh87u1zJn7,把衛生紙完整打開不能爆開,2025年6月30日 星期一 下午11:47,,No photo description available.,1639,7,0,13
burri3188,https://www.threads.com/@burri3188/post/DLfmm7qzAGK,"把想買的東西截圖放進「30天後再買」相簿
結果30天後看到都覺得：我當時在想什麼？
已經幫我省下3萬塊",2025年6月30日 星期一 上午1:53,,,27000,132,1004,2608,https://www.threads.com/@shopee_tw/post/DLhd3LSTq3i,,2025年6月30日 星期一 下午7:15,,,0,0,0,0
zxc6406z,https://www.threads.com/@zxc6406z/post/DLgdey2PMBj,"上班感覺很忙，又很認真，一直加班
但卻什麼事都沒完成，不知道在幹嘛的人
黃sir",2025年6月30日 星期一 上午9:53,,No photo description available.,5713,77,171,1582,https://www.threads.com/@shopee_tw/post/DLhdlgITGsT,"坐個船，ㄞ了一槍，潛個水，獲得456億
黃sir",2025年6月30日 星期一 下午7:13,,,227,4,1,10
daniel76308,https://www.threads.com/@daniel76308/post/DLd4KjYzE0b,來分享有橘色的照片🟠,2025年6月29日 星期日 上午9:48,,No photo description available. | No photo description available. | No photo description available. | No photo description available. | No photo description available. | No photo description available. | No photo description available. | No photo description available.,4649,492,63,76,https://www.threads.com/@shopee_tw/post/DLebvCETOdW,,2025年6月29日 星期日 下午2:59,,No photo description available.,253,1,0,3
latticelan,https://www.threads.com/@latticelan/post/DLbfqPGTHk8,"有時候
你已經不是父母心中的小孩了
你只是
家裡的水果和衛生紙神偷",2025年6月28日 星期六 上午11:36,,,34000,204,2337,3059,https://www.threads.com/@shopee_tw/post/DLeaelUTpLE,每次暑假回家的我：,2025年6月29日 星期日 下午2:48,,No photo description available.,157,0,0,4
kccc._.h,https://www.threads.com/@kccc._.h/post/DLcKaSzRFl6,"有什麼很好哭的動漫嗎
虐死我的那種",2025年6月28日 星期六 下午5:49,,,3159,565,122,212,https://www.threads.com/@shopee_tw/post/DLeYSr9z1oM,86跟進巨吧 看完哭暈在廁所,2025年6月29日 星期日 下午2:29,,,37,1,0,0
c.c.lemon_165,https://www.threads.com/@c.c.lemon_165/post/DLaxTklzQXK,說一個最燒錢又戒不掉的愛好是什麼,2025年6月28日 星期六 上午4:51,,,8485,1571,189,277,https://www.threads.com/@shopee_tw/post/DLeXg4OT38F,戒不掉菸 戒不掉你 該怎麼辦,2025年6月29日 星期日 下午2:22,,,42,1,0,2
feat.yunccc,https://www.threads.com/@feat.yunccc/post/DLb98UzyUJf,"人性之善：賢珠
人性之惡：333
人性之蠢：黃刑警🥹
可以告訴我他忙了這兩年到底在幹嘛嗎？？？？氣到不行",2025年6月28日 星期六 下午4:00,,,7218,131,225,382,https://www.threads.com/@shopee_tw/post/DLc9ZxPzxCJ,跟我一樣上班在潛水,2025年6月29日 星期日 上午1:15,,,85,0,0,2
chengzi11011,https://www.threads.com/@chengzi11011/post/DLbeRAiSGFA,"魷魚遊戲第三季
最終勝者出爐兩個躺贏狗",2025年6月28日 星期六 上午11:23,,No photo description available.,13000,86,385,1063,https://www.threads.com/@shopee_tw/post/DLcfWMFTCf-,：我老爸得了MVP！,2025年6月28日 星期六 下午8:52,,,543,2,5,8
netflixtw,https://www.threads.com/@netflixtw/post/DLbVCQgPsJM,"既然你都問了，我就好奇你們看完第3季了沒
我不暴雷但你可以在留言區跟我討論🦑",2025年6月28日 星期六 上午10:03,,No photo description available.,4467,307,17,60,https://www.threads.com/@shopee_tw/post/DLccQjVTBOC,兩位小孩：我老爸得了MVP！,2025年6月28日 星期六 下午8:25,,,306,2,0,5
netflixtw,https://www.threads.com/@netflixtw/post/DLZS5L9PkGp,在看完第三季結局前我什麼都不要做了，請不要跟我老闆說，謝謝,2025年6月27日 星期五 下午3:06,,,4152,66,36,83,https://www.threads.com/@shopee_tw/post/DLakLDqTcDg,那一天的魷魚 憂鬱起來,2025年6月28日 星期六 上午2:56,,,257,0,0,16
rickyhsiaoofficial,https://www.threads.com/@rickyhsiaoofficial/post/DLZ8pOzyuH7,猜猜我開什麼車😎,2025年6月27日 星期五 下午9:10,,No photo description available.,7089,447,77,740,https://www.threads.com/@shopee_tw/post/DLaiemzTi-U,購物車,2025年6月28日 星期六 上午2:41,,No photo description available.,424,1,1,1
omaimaimai0401,https://www.threads.com/@omaimaimai0401/post/DLaItlfJ9Gi,"如果我用蝦皮買了一個洗面乳
那去智取店拿的時候
算不算是一種智取其乳
🤔",2025年6月27日 星期五 下午10:56,,,9164,69,236,459,https://www.threads.com/@shopee_tw/post/DLaiFSdTdGi,你錄取了 我說的,2025年6月28日 星期六 上午2:38,,,2319,11,5,12
oxoox._.11,https://www.threads.com/@oxoox._.11/post/DLWdIGop5Tm,"「欸妳知道aespa嗎！」
「我知道！我都買他們家的產品，香水也不錯」
那是Aesop",2025年6月26日 星期四 下午12:37,,,11000,48,339,1066,https://www.threads.com/@shopee_tw/post/DLXVB8Ozplh,「不知道耶，我只知道aespo。」,2025年6月26日 星期四 下午8:46,,,235,0,2,1
hp__0620,https://www.threads.com/@hp__0620/post/DLSEougvx3S,"
女生跳的都很棒 男生都四肢健全",2025年6月24日 星期二 下午7:46,@shopee_tw,,38,1,0,2,https://www.threads.com/@shopee_tw/post/DLVJtmxzg_D,男生都有穿衣服,2025年6月26日 星期四 上午12:28,,,1,0,0,0
ktbiker_tw,https://www.threads.com/@ktbiker_tw/post/DLUCl1uxBI6,,2025年6月25日 星期三 下午2:07,@shopee_tw,,0,1,0,0,https://www.threads.com/@shopee_tw/post/DLUYTtxzYer,,2025年6月25日 星期三 下午5:17,,,1,1,0,0
damian.feng,https://www.threads.com/@damian.feng/post/DLUHVNPyjmB,"
我扭～～～～～～～～～～～～～～",2025年6月25日 星期三 下午2:48,@shopee_tw,,0,1,0,0,https://www.threads.com/@shopee_tw/post/DLUYOhlz90q,好俏皮～～～～,2025年6月25日 星期三 下午5:16,,,1,1,0,0
meimeijia.tw,https://www.threads.com/@meimeijia.tw/post/DLUQwOfyx5t,追蹤meimeijia.tw已驗證 更多正在回覆@shopee_tw真的唷～讚1 轉發分享,2025年6月25日 星期三 下午4:11,,,,,,,https://www.threads.com/@shopee_tw/post/DLUYHJ0zK08,追蹤shopee_tw已驗證 更多對呦～～～讚1回覆轉發分享,2025年6月25日 星期三 下午5:15,,,,,,
hotcake.app,https://www.threads.com/@hotcake.app/post/DLUOqUDPc8B,"好！
收到！
沒問題！讚1回覆1轉發分享",2025年6月25日 星期三 下午3:52,,,,,,,https://www.threads.com/@shopee_tw/post/DLUYEJ0zUpO,追蹤shopee_tw已驗證 更多覺得很有精神！！！！！！讚1回覆轉發分享,2025年6月25日 星期三 下午5:15,,,,,,
day_jiajia,https://www.threads.com/@day_jiajia/post/DLUFOj9hsZH,追蹤day_jiajia 更多正在回覆@shopee_tw是嗎~~~~~~~~~~讚回覆1轉發分享,2025年6月25日 星期三 下午2:30,,,,,,,https://www.threads.com/@shopee_tw/post/DLUYBGWTTrM,追蹤shopee_tw已驗證 更多是啊～～～～～～～讚1回覆轉發分享,2025年6月25日 星期三 下午5:14,,,,,,
kiwi_brothers.29,https://www.threads.com/@kiwi_brothers.29/post/DLUTBqryOde,追蹤kiwi_brothers.29 更多正在回覆@shopee_tw鹽酥雞店一定要很髒，污垢一堆才好吃讚3 轉發分享,2025年6月25日 星期三 下午4:31,,,,,,,https://www.threads.com/@shopee_tw/post/DLUX_L-z4Ti,追蹤shopee_tw已驗證 更多這樣會吃壞肚子吧～～～～讚2回覆轉發分享,2025年6月25日 星期三 下午5:14,,,,,,
putishin1998,https://www.threads.com/@putishin1998/post/DLUCrKeJoa0,追蹤putishin1998 更多正在回覆@shopee_tw還好啦~~~~~~~~~~~~~~~~~~~~~~~~~~~~~~~~~~~~~~~~~~~~~~~~~~~~~~~~~~~~~~~~~~~~~~~~~~~~~~~~~~~~~~~~~~~~~~~~~~~~~~~~~~~~~~~~~~~~~~~~~~~~~~~~~~~~~~~~~~~~~讚2 轉發分享,2025年6月25日 星期三 下午2:08,,,,,,,https://www.threads.com/@shopee_tw/post/DLUX7uQz5Ge,追蹤shopee_tw已驗證 更多太多了～～～～～～～～～～～讚2 轉發分享,2025年6月25日 星期三 下午5:13,,,,,,
sunsay_khc,https://www.threads.com/@sunsay_khc/post/DLUMI6oy4qX,認為一定是個帥哥～讚3回覆1轉發分享,2025年6月25日 星期三 下午3:30,,,,,,,https://www.threads.com/@shopee_tw/post/DLUX6IyTU3c,追蹤shopee_tw已驗證 更多真的嗎～讚回覆轉發分享,2025年6月25日 星期三 下午5:13,,,,,,
maodaxian.tw,https://www.threads.com/@maodaxian.tw/post/DLUCZgeTizT,追蹤maodaxian.tw 更多正在回覆@shopee_tw真～的～是這～樣嗎🥹讚回覆1轉發分享,2025年6月25日 星期三 下午2:05,,,,,,,https://www.threads.com/@shopee_tw/post/DLUX0ttzQnW,追蹤shopee_tw已驗證 更多是～啊～～讚回覆轉發分享,2025年6月25日 星期三 下午5:13,,,,,,
mr.wish_tw,https://www.threads.com/@mr.wish_tw/post/DLUKib3Tt_f,追蹤mr.wish_tw 更多正在回覆@shopee_tw是不是在說我~~~~~~~~~~讚4 轉發分享,2025年6月25日 星期三 下午3:16,,,,,,,https://www.threads.com/@shopee_tw/post/DLUXxm7zsz1,追蹤shopee_tw已驗證 更多是～～～～～讚1 轉發分享,2025年6月25日 星期三 下午5:12,,,,,,
drbeckmanntw,https://www.threads.com/@drbeckmanntw/post/DLUPpRCRfIY,追蹤drbeckmanntw 更多正在回覆@shopee_tw洗衣服會檢查口袋的人一定值得信賴～～～～～～～～🌞讚2 轉發分享,2025年6月25日 星期三 下午4:01,,,,,,,https://www.threads.com/@shopee_tw/post/DLUXuM7zCXD,追蹤shopee_tw已驗證 更多這倒是～～讚1回覆轉發分享,2025年6月25日 星期三 下午5:12,,,,,,
1111.com.tw,https://www.threads.com/@1111.com.tw/post/DLUEPWpzSNp,追蹤1111.com.tw 更多正在回覆@shopee_tw吃鐵板燒如果店員有包手，就覺得炒的菜一定很夠味讚44 轉發分享,2025年6月25日 星期三 下午2:21,,No photo description available.,,,,,https://www.threads.com/@shopee_tw/post/DLUXpsgTfoO,追蹤shopee_tw已驗證 更多挑師傅一定要看手（？讚3回覆轉發分享,2025年6月25日 星期三 下午5:11,,,,,,
tenlandtw,https://www.threads.com/@tenlandtw/post/DLUCyuFyPeb,"
有語助詞的都不會難相處唷😆",2025年6月25日 星期三 下午2:09,@shopee_tw,,1,1,0,0,https://www.threads.com/@shopee_tw/post/DLUYM3JThnd,真的捏～～～～,2025年6月25日 星期三 下午5:16,,,1,0,0,0
natgeoapparel_tw,https://www.threads.com/@natgeoapparel_tw/post/DLUCrb8SxhK,"
有國家地理的品牌，ㄧ定超愛生態🌏（小編好認真",2025年6月25日 星期三 下午2:08,@shopee_tw,,19,1,0,0,https://www.threads.com/@shopee_tw/post/DLUXiEZzsms,也愛爬山⛰️,2025年6月25日 星期三 下午5:10,,,4,1,0,0
npm_south,https://www.threads.com/@npm_south/post/DLUCU0FJACm,"
蝦~",2025年6月25日 星期三 下午2:05,@shopee_tw,No photo description available.,104,2,1,0,https://www.threads.com/@shopee_tw/post/DLUXYErTow5,院～💖,2025年6月25日 星期三 下午5:09,,,5,0,0,0
mokiyi,https://www.threads.com/@mokiyi/post/DLSFjfCxbcz,"來領個蝦皮包裹
搞得跟玩電流急急棒一樣
是誰啦！🤣買那麼多
我這樣要怎麼領啦～～～",2025年6月24日 星期二 下午7:54,,No photo description available.,2568,284,23,317,https://www.threads.com/@shopee_tw/post/DLT5V7TTDeu,路線攻略,2025年6月25日 星期三 下午12:46,,,1050,18,1,34
rrr_h.m,https://www.threads.com/@rrr_h.m/post/DLRlyaTPZWE,,2025年6月24日 星期二 下午3:17,@shopee_tw,No photo description available.,125,1,0,1,https://www.threads.com/@shopee_tw/post/DLSXkYaReN1,不是 你聽我說 對不起,2025年6月24日 星期二 下午10:32,,,56,0,0,0
ylw._.1030,https://www.threads.com/@ylw._.1030/post/DLMo7yKSkgs,"我的蝦皮消費方式be like:
衝動 → 計算 → 掙扎 → 買 →後悔 → 罵人 → 放下 → 再買一單!",2025年6月22日 星期日 下午5:08,,,746,5,65,20,https://www.threads.com/@shopee_tw/post/DLSALjuT7Sf,,2025年6月24日 星期二 下午7:07,,,0,0,0,0
youshitei_,https://www.threads.com/@youshitei_/post/DLPk7rxSH4p,「謝謝你的出現 很喜歡 但無緣」,2025年6月23日 星期一 下午8:31,,,20000,82,4323,1877,https://www.threads.com/@shopee_tw/post/DLQ-VkgTNsE,不是，哥們🦐這條刪了吧，因為我一個朋友可能有點汗流浹背了，他不太舒服想睡了，當然不是我哈，我一直都是沒感覺的，就是為朋友感到不平，也不是那麼輕易破防的，求你了，刪了吧,2025年6月24日 星期二 上午9:32,,,278,2,1,6
yujieez,https://www.threads.com/@yujieez/post/DLMYNWQPfnv,打一句有聲的句子,2025年6月22日 星期日 下午2:42,,,9363,2978,108,378,https://www.threads.com/@shopee_tw/post/DLPjElMT_Ji,,2025年6月23日 星期一 下午8:15,,,0,0,0,0
dadadasumi,https://www.threads.com/@dadadasumi/post/DLNcsjkBaVQ,"
一朝被蛇咬，處處聞啼鳥
畢恭畢敬畢書盡",2025年6月23日 星期一 上午12:40,@shopee_tw,,15,1,0,0,https://www.threads.com/@shopee_tw/post/DLNio4wTbx-,老師 這個人在胡說 哈哈哈哈,2025年6月23日 星期一 上午1:32,,,14,1,0,1
____zzzzzzm,https://www.threads.com/@____zzzzzzm/post/DLNSXwdJ9pE,（意指己沒有凸出去，已有凸出去）讚7回覆2轉發分享,2025年6月22日 星期日 下午11:10,,,,,,,https://www.threads.com/@shopee_tw/post/DLNilpKTFNN,追蹤shopee_tw已驗證 更多小時候 我都背 巳滿己空已在中間 欸讚8回覆轉發分享,2025年6月23日 星期一 上午1:32,,,,,,
lenokang,https://www.threads.com/@lenokang/post/DLMyu6yzLZo,追蹤lenokang 更多正在回覆@shopee_tw上次公司請消防局來教大家CPR，我同事大喊「我知道，沖脫泡蓋送！」讚11 轉發分享,2025年6月22日 星期日 下午6:34,,,,,,,https://www.threads.com/@shopee_tw/post/DLNiVgZTpuA,追蹤shopee_tw已驗證 更多哈哈哈 是濕搓沖捧擦啦～讚11回覆轉發分享,2025年6月23日 星期一 上午1:30,,,,,,
hom.x.da,https://www.threads.com/@hom.x.da/post/DLMsjJAzJDy,追蹤hom.x.da 更多正在回覆@shopee_tw二a分之負b加減根號b平方減4ac 回覆1轉發分享,2025年6月22日 星期日 下午5:40,,,,,,,https://www.threads.com/@shopee_tw/post/DLNiBu-TgYZ,追蹤shopee_tw已驗證 更多我只記得 上底加下底乘高除2 回覆轉發分享,2025年6月23日 星期一 上午1:27,,,,,,
shuenshuen56789,https://www.threads.com/@shuenshuen56789/post/DLM6FAnhqQB,追蹤shuenshuen56789 更多正在回覆@shopee_tw山窮水復疑無路 make後面不加to 回覆1 分享2,2025年6月22日 星期日 下午7:38,,,,,,,https://www.threads.com/@shopee_tw/post/DLNhwDRTGEK,追蹤shopee_tw已驗證 更多獨樂樂不如眾樂樂 home的前面不加the 回覆轉發1分享,2025年6月23日 星期一 上午1:25,,,,,,
hcy_03_17,https://www.threads.com/@hcy_03_17/post/DLM3gElB0i2,追蹤hcy_03_17 原作者說讚更多正在回覆@shopee_tw蝦皮周三免運讚6 轉發分享,2025年6月22日 星期日 下午7:15,,,,,,,https://www.threads.com/@shopee_tw/post/DLNhj1wTl9X,追蹤shopee_tw已驗證 更多太感人了😭 一天唸四次 三餐飯後加睡前👍讚3回覆轉發分享,2025年6月23日 星期一 上午1:23,,,,,,
1111studentjobs,https://www.threads.com/@1111studentjobs/post/DJq60g2yTn8,"希望這些複習口訣能幫助到你
大家來按讚集氣 💪 1/2讚109回覆1轉發2分享17",2025年5月15日 星期四 下午6:19,,No photo description available. | No photo description available. | No photo description available. | No photo description available. | No photo description available.,,,,,https://www.threads.com/@shopee_tw/post/DLNhbWlTK9L,追蹤shopee_tw已驗證 更多你這什麼大全 根本考前衝刺必讀啦讚15回覆轉發分享,2025年6月23日 星期一 上午1:22,,,,,,
littledream976,https://www.threads.com/@littledream976/post/DLMt9U-TL-B,追蹤littledream976 原作者說讚更多正在回覆@shopee_tw大大武花大武花讚139 轉發分享,2025年6月22日 星期日 下午5:52,,,,,,,https://www.threads.com/@shopee_tw/post/DLMzOi1TLWn,追蹤shopee_tw已驗證 更多吃貨圈最實用口訣讚12回覆轉發分享,2025年6月22日 星期日 下午6:38,,,,,,
chshouse_vjspe,https://www.threads.com/@chshouse_vjspe/post/DLMlYl5pJUE,追蹤chshouse_vjspe 更多正在回覆@shopee_tw摳三等於四摳三減三摳讚1 轉發分享,2025年6月22日 星期日 下午4:37,,,,,,,https://www.threads.com/@shopee_tw/post/DLMzExKTFTK,追蹤shopee_tw已驗證 更多這是我的緊箍咒 每唸必頭痛🤦讚2 轉發分享,2025年6月22日 星期日 下午6:37,,,,,,
__do_mi__,https://www.threads.com/@__do_mi__/post/DLMgeFMRD12,"
一月大二月小三月大四月小…
活了二十幾年還是不知道這個月有幾天",2025年6月22日 星期日 下午3:54,@shopee_tw,,168,4,0,3,https://www.threads.com/@shopee_tw/post/DLMy45IzL0d,我也還是每次都還是從頭開始算,2025年6月22日 星期日 下午6:35,,,27,1,0,0
sakiiii._.love,https://www.threads.com/@sakiiii._.love/post/DLIiPCRTm3L,"最後說一次
你只有爆一篇文而已
你他媽不是網紅",2025年6月21日 星期六 上午2:53,,,6697,183,153,54,https://www.threads.com/@shopee_tw/post/DLK_Sb1zzOj,對不起,2025年6月22日 星期日 上午1:45,,No photo description available.,567,2,0,6
neuropathy32,https://www.threads.com/@neuropathy32/post/DLHQxM9xDkN,追蹤neuropathy32 原作者說讚更多正在回覆@shopee_tw這是我在大便都想不出來的劇本讚343 轉發分享,2025年6月20日 星期五 下午3:01,,,,,,,https://www.threads.com/@shopee_tw/post/DLHT0DMz2B_,追蹤shopee_tw已驗證 原作者說讚更多讚223 轉發分享2,2025年6月20日 星期五 下午3:27,,No photo description available.,,,,
19971008.ke,https://www.threads.com/@19971008.ke/post/DLHNvOuBKxR,追蹤19971008.ke 原作者說讚更多正在回覆@shopee_tw上班沒開聲音看 但腦子的旋律根本卡不掉🥲讚47 轉發分享,2025年6月20日 星期五 下午2:34,,,,,,,https://www.threads.com/@shopee_tw/post/DLHSO-mzShR,追蹤shopee_tw已驗證 原作者說讚更多罰你下班開聲音再看一次讚15回覆轉發分享,2025年6月20日 星期五 下午3:14,,,,,,
yilan1101,https://www.threads.com/@yilan1101/post/DLHAvbMxLAu,追蹤yilan1101 原作者說讚更多正在回覆@shopee_tw你們連這個梗都不放過讚26 轉發分享,2025年6月20日 星期五 下午12:41,,,,,,,https://www.threads.com/@shopee_tw/post/DLHSI2jzaVb,追蹤shopee_tw已驗證 原作者說讚更多沒有要放過梗 也沒有要放過大家讚22回覆轉發分享,2025年6月20日 星期五 下午3:13,,,,,,
sstbar___,https://www.threads.com/@sstbar___/post/DLHF1LoxSxY,追蹤sstbar___ 原作者說讚更多正在回覆@shopee_tw雖然key不太對，但真的很瘋😂讚391 轉發分享,2025年6月20日 星期五 下午1:25,,,,,,,https://www.threads.com/@shopee_tw/post/DLHQk2wTdzY,追蹤shopee_tw已驗證 原作者說讚更多學長編要加油讚69回覆轉發分享,2025年6月20日 星期五 下午2:59,,,,,,
huya._.hota0614,https://www.threads.com/@huya._.hota0614/post/DLGppVeT-7H,"追蹤huya._.hota0614Kpop 更多當我第一次買小卡： 讚3.1 萬回覆169 分享3,754",2025年6月20日 星期五 上午9:19,,No photo description available.,,,,,https://www.threads.com/@shopee_tw/post/DLHBNbMzkbt,"追蹤shopee_tw已驗證 原作者說讚更多沒問題，全收速匯👌🏻讚2,508 轉發2",2025年6月20日 星期五 下午12:45,,,,,,
aaa___8u,https://www.threads.com/@aaa___8u/post/DLFEYBMyet2,"追蹤aaa___8u 更多超好笑 已靜音讚5.5 萬回覆1,134 分享2.4 萬",2025年6月19日 星期四 下午6:35,,,,,,,https://www.threads.com/@shopee_tw/post/DLFYnSGzgVy,已驗證 已編輯原作者說讚更多,2025年6月19日 星期四 下午9:31,,,0,0,0,0
zhxccn,https://www.threads.com/@zhxccn/post/DLDT3gHSMEB,"滿頭大汗 異常口渴 看到外面的天色黑黑的
手機沒訊息 只有蝦皮購物 感覺被全世界拋棄了讚2.2 萬回覆70轉發1,520分享379",2025年6月19日 星期四 上午2:11,,,,,,,https://www.threads.com/@shopee_tw/post/DLFT4mFTuis,"追蹤shopee_tw已驗證 更多或許我 不該問 讓妳平靜的心再起漣漪～讚1,550 轉發1",2025年6月19日 星期四 下午8:49,,,,,,
___kkzzz,https://www.threads.com/@___kkzzz/post/DLCgVvkSsRQ,追蹤___kkzzz 更多正在回覆@shopee_tw算你厲害 但我已經下完單了你才發😤讚1 轉發分享,2025年6月18日 星期三 下午6:41,,,,,,,https://www.threads.com/@shopee_tw/post/DLCiKjzz70i,追蹤shopee_tw已驗證 更多沒有什麼是再下一單不能解決的讚5 轉發分享,2025年6月18日 星期三 下午6:57,,,,,,
fssh.water.4f,https://www.threads.com/@fssh.water.4f/post/DLBdNQCS123,,2025年6月18日 星期三 上午8:54,@shopee_tw,No photo description available.,138,1,0,0,https://www.threads.com/@shopee_tw/post/DLCgU0MzWp5,我來了～,2025年6月18日 星期三 下午6:40,,,9,0,0,0
___kkzzz,https://www.threads.com/@___kkzzz/post/DLCA--6yGcK,"
蝦皮你再發一次算你厲害",2025年6月18日 星期三 下午2:07,@shopee_tw,No photo description available.,27,1,0,1,https://www.threads.com/@shopee_tw/post/DLCgNCmTGYB,我來了齁～,2025年6月18日 星期三 下午6:39,,,4,0,0,0
juice.0318,https://www.threads.com/@juice.0318/post/DLBud5fz1Vt,"
謝謝蝦皮 我117學測還很久",2025年6月18日 星期三 上午11:25,@shopee_tw,,68,1,0,0,https://www.threads.com/@shopee_tw/post/DLCezYUzioH,想贏就要贏在起跑點，想輸就要輸peridol的笑容,2025年6月18日 星期三 下午6:27,,,19,0,1,1
www_dietloft,https://www.threads.com/@www_dietloft/post/DLBsQfOyRBQ,📣我宣佈第一屆手殘大賽正式開始,2025年6月18日 星期三 上午11:06,,No photo description available.,27000,1018,1365,3568,https://www.threads.com/@shopee_tw/post/DLB6Xb_Thbm,,2025年6月18日 星期三 下午1:09,,No photo description available.,950,3,0,10
juice.0318,https://www.threads.com/@juice.0318/post/DK_VWjjzAe_,我爸說我今年的畢業禮物從蝦皮自己選一個東西他出錢 啊我不知道我要選什麼 求救,2025年6月17日 星期二 下午1:07,,,6710,241,18,161,https://www.threads.com/@shopee_tw/post/DLBtefITeY_,國中畢業快樂,2025年6月18日 星期三 上午11:16,,No photo description available.,586,6,5,11
qwb7096,https://www.threads.com/@qwb7096/post/DLA5kfNzi0l,"
那可以說晚安你好或晚安大家好不要說晚上好嗎 🥲",2025年6月18日 星期三 上午3:43,@shopee_tw,,62,2,0,1,https://www.threads.com/@shopee_tw/post/DLBXw5bzV02,那早安 😂,2025年6月18日 星期三 上午8:06,,,9,0,0,0
elacheln,https://www.threads.com/@elacheln/post/DLAhCPvzCY9,"
你越來越貼心🩷",2025年6月18日 星期三 上午12:08,@shopee_tw,,13,1,0,1,https://www.threads.com/@shopee_tw/post/DLAhaYvTQVT,不要愛上我😎,2025年6月18日 星期三 上午12:11,,,25,1,0,0
kanghao_0720,https://www.threads.com/@kanghao_0720/post/DK8eD9VT1sM,,2025年6月16日 星期一 上午10:25,,,0,0,0,0,https://www.threads.com/@shopee_tw/post/DK8qQJjztPP,"：說說為什麼今天遲到？
：因為，你很漂亮
現在被趕出去公司了怎麼辦",2025年6月16日 星期一 下午12:12,,,395,1,0,15
kanghao_0720,https://www.threads.com/@kanghao_0720/post/DK7LgYCTVNr,,2025年6月15日 星期日 下午10:24,,,0,0,0,0,https://www.threads.com/@shopee_tw/post/DK7UMi-TE1-,XD,2025年6月15日 星期日 下午11:40,,,32,0,0,0
chengjing.media,https://www.threads.com/@chengjing.media/post/DK4ICNdvd3Q,一週年 男友買了這個蛋糕⋯,2025年6月14日 星期六 下午5:56,,No photo description available.,21000,1350,322,3655,https://www.threads.com/@shopee_tw/post/DK7IR3OzBWq,Superidol的笑容都霉你的甜,2025年6月15日 星期日 下午9:56,,,707,4,4,20
day7586,https://www.threads.com/@day7586/post/DK4mbDSySLN,根本就一樣。要怎麼選？,2025年6月14日 星期六 下午10:21,,No photo description available.,3174,42,164,1371,https://www.threads.com/@shopee_tw/post/DK7IG2_z1r-,答了三天還沒答對,2025年6月15日 星期日 下午9:54,,No photo description available.,19,0,0,4
lx_0220,https://www.threads.com/@lx_0220/post/DK6OItXuD8U,,2025年6月15日 星期日 下午1:28,@shopee_tw,No photo description available.,3,1,0,0,https://www.threads.com/@shopee_tw/post/DK6PMQMzcpe,林娜璉! 俞定延! Momo醬! Sana醬! 朴志效! Mina醬! 金多賢! 孫彩瑛! 周子瑜! One in a million 世界上獨一無二的 Twice!,2025年6月15日 星期日 下午1:37,,,5,0,0,1
ann_522_,https://www.threads.com/@ann_522_/post/DK3kCXgzTYq,"想看大家用emoji拼出來的名字
我先來🧪🧩💤",2025年6月14日 星期六 下午12:41,,,6231,1226,36,81,https://www.threads.com/@shopee_tw/post/DK4wUcKTJNX,🦐（怎麼好像有點簡單,2025年6月14日 星期六 下午11:48,,,172,2,0,0
tkbdiplomacy,https://www.threads.com/@tkbdiplomacy/post/DK13kZ9TicJ,"
我先站你預言家",2025年6月13日 星期五 下午8:53,@shopee_tw,,1,1,0,0,https://www.threads.com/@shopee_tw/post/DK4bvB6zRGC,我肯定不撼跳😏,2025年6月14日 星期六 下午8:48,,,2,0,0,0
madmora_,https://www.threads.com/@madmora_/post/DK2PJCizG6A,"戴耳機≠在聽音樂
戴耳機=不想說話",2025年6月14日 星期六 上午12:19,,,11000,14,1035,176,https://www.threads.com/@shopee_tw/post/DK4aetlz2dl,希望我主管可以看到這篇,2025年6月14日 星期六 下午8:37,,,56,1,0,0
nuczieoy,https://www.threads.com/@nuczieoy/post/DK3pbflBq7N,超可憐 你在便利貼放歌用歌名暗示他也不會回來,2025年6月14日 星期六 下午1:28,,,10000,142,1349,890,https://www.threads.com/@shopee_tw/post/DK4Vr3ZzuAh,刪掉,2025年6月14日 星期六 下午7:55,,,663,1,2,16
laolaosuancaiyu,https://www.threads.com/@laolaosuancaiyu/post/DK1eLXnROEf,"
我都說笑鼠",2025年6月13日 星期五 下午5:12,@shopee_tw,,1,1,0,0,https://www.threads.com/@shopee_tw/post/DK4UDqazSqw,要確欸 這個我好像要聽到那群年輕人 的蔑笑聲 😭,2025年6月14日 星期六 下午7:41,,,1,0,0,0
ginopizza_taiwan,https://www.threads.com/@ginopizza_taiwan/post/DK1Bb8VqZgv,"他研墨下筆
直接給我四個字 __ __ __ __",2025年6月13日 星期五 下午1:00,,,823,349,5,15,https://www.threads.com/@shopee_tw/post/DK4Sn51z0wT,蝦皮購物,2025年6月14日 星期六 下午7:28,,,58,0,0,0
yu._0605,https://www.threads.com/@yu._0605/post/DK3yamOyllb,"
那一天的……..",2025年6月14日 星期六 下午2:47,@shopee_tw,No photo description available.,8,1,0,0,https://www.threads.com/@shopee_tw/post/DK3y1GmzN5d,那一天的寂寞寂寞起來,2025年6月14日 星期六 下午2:51,,,7,0,0,0
allennlai,https://www.threads.com/@allennlai/post/DK3wPlXSGeF,"
五個字 湖人總冠軍",2025年6月14日 星期六 下午2:28,@shopee_tw,No photo description available.,10,1,0,0,https://www.threads.com/@shopee_tw/post/DK3w--SzLl1,給你一個T,2025年6月14日 星期六 下午2:34,,No photo description available.,8,0,0,0
sweet_but_not_greasy,https://www.threads.com/@sweet_but_not_greasy/post/DK3wi0DzOIv,"
死裝🐶",2025年6月14日 星期六 下午2:31,@shopee_tw,No photo description available. | No photo description available.,4,1,0,3,https://www.threads.com/@shopee_tw/post/DK3wqAxTSVE,看到第二張有時候真的很後悔辦網路,2025年6月14日 星期六 下午2:32,,,8,0,0,0
let.is_have_fun,https://www.threads.com/@let.is_have_fun/post/DK1c-cjzY6v,"
笑到「黑菇」",2025年6月13日 星期五 下午5:01,@shopee_tw,,3,1,0,0,https://www.threads.com/@shopee_tw/post/DK1nvouTnvv,也有可能是 笑到 並軌,2025年6月13日 星期五 下午6:35,,,4,0,0,0
pow_vedan,https://www.threads.com/@pow_vedan/post/DK1dmunR1mp,"
我覺會變成 超笑",2025年6月13日 星期五 下午5:07,@shopee_tw,,0,1,0,0,https://www.threads.com/@shopee_tw/post/DK1nrHKTyOX,最後 就變 翹,2025年6月13日 星期五 下午6:35,,,1,0,0,1
dolly_kyu,https://www.threads.com/@dolly_kyu/post/DK1Y8WkhaPI,"
超級無敵好笑太長了 會被簡寫 超笑 之類的
但我還是 笑死",2025年6月13日 星期五 下午4:26,@shopee_tw,,12,2,0,0,https://www.threads.com/@shopee_tw/post/DK1dB15TDdh,那我改猜 翹 更短,2025年6月13日 星期五 下午5:02,,,4,0,0,0
andau_560,https://www.threads.com/@andau_560/post/DK0nilRPySe,"有沒有一種可能
財神來敲你家門的時候
你已經在公司上班了
所以導致你一直沒有發財",2025年6月13日 星期五 上午9:14,,,5271,33,88,315,https://www.threads.com/@shopee_tw/post/DK1chFETcGH,ok下週不去上班了,2025年6月13日 星期五 下午4:57,,,68,1,0,0
good.morning.my.dear.friend,https://www.threads.com/@good.morning.my.dear.friend/post/DK1URe7vckl,"
法喜充滿",2025年6月13日 星期五 下午3:45,@shopee_tw,,6,1,0,0,https://www.threads.com/@shopee_tw/post/DK1UY3ATUgx,or 喜顏歡騰,2025年6月13日 星期五 下午3:46,,,2,0,0,0
__1zyuuu,https://www.threads.com/@__1zyuuu/post/DKzcDPuR-BG,人生建議：不要跟異性穩聊,2025年6月12日 星期四 下午10:15,,,9388,66,578,502,https://www.threads.com/@shopee_tw/post/DK1TWBDTO67,從今天開始不回主管訊息了,2025年6月13日 星期五 下午3:37,,,1315,1,11,31
yuchen_1211,https://www.threads.com/@yuchen_1211/post/DKxEBTqSVdK,"正常心跳：___/\_____/\___
看見你時候的心跳：_/\__/\__/\_
和你聊天時候的心跳：/\/\/\/\/\/\/\
摸口袋發現沒有手機錢包時的心跳：________",2025年6月12日 星期四 上午12:06,,,30000,59,1608,792,https://www.threads.com/@shopee_tw/post/DK1TIKKTUl3,看到包裹到貨通知：/\/\/\/\/\/\/\/\/\/\/\/\/\/\,2025年6月13日 星期五 下午3:35,,,31,0,0,0
lorobert090306,https://www.threads.com/@lorobert090306/post/DKyil7HTViZ,來看看我發明的東西好了🍋‍🟩🍵,2025年6月12日 星期四 下午1:53,,,320,42,5,41,https://www.threads.com/@shopee_tw/post/DK00miRTCz1,用這個,2025年6月13日 星期五 上午11:08,,No photo description available.,28,0,0,0
zingala_0card,https://www.threads.com/@zingala_0card/post/DKy9t4SqEVZ,"聽說脆上的人文筆很好
「橡皮擦越擦越小，_________。」",2025年6月12日 星期四 下午5:49,,,1959,304,5,51,https://www.threads.com/@shopee_tw/post/DKznhLIzoyJ,下單免運越運越多 🥵,2025年6月12日 星期四 下午11:55,,,55,1,0,1
paperplane.guide,https://www.threads.com/@paperplane.guide/post/DKwkZ5xTSJQ,"
要不要去喝（9）",2025年6月11日 星期三 下午7:30,@shopee_tw,,1,1,0,0,https://www.threads.com/@shopee_tw/post/DKzlbl7zMqt,喝到翻過（7）,2025年6月12日 星期四 下午11:36,,,1,0,0,0
natgeoapparel_tw,https://www.threads.com/@natgeoapparel_tw/post/DKzXKr1z1Yi,"
總是把國家地理跟discovery 搞錯（小編傷心💔",2025年6月12日 星期四 下午9:32,@shopee_tw,,9,1,0,0,https://www.threads.com/@shopee_tw/post/DKzlWf7TCnp,沒事的 我也常把 活動launch 說成 活動Lunch 更恥⋯,2025年6月12日 星期四 下午11:36,,,2,0,0,0
hazukaxi___,https://www.threads.com/@hazukaxi___/post/DKywjunv6ty,"
在開會的時候手機發出「shopee!」的通知聲算嗎😳",2025年6月12日 星期四 下午3:54,@shopee_tw,,4,1,0,0,https://www.threads.com/@shopee_tw/post/DKyyJZZzi__,算 而且如果是公雞版的更完蛋,2025年6月12日 星期四 下午4:08,,,4,0,0,0
rurubaby0608,https://www.threads.com/@rurubaby0608/post/DKnCZqfSq-E,"
道歉有用的話，要警察幹嘛
薰衣草的花語是等待愛情
不要輕言放棄，否則對不起自己
要打去練舞室打",2025年6月8日 星期日 上午2:40,@shopee_tw,,7,1,0,0,https://www.threads.com/@shopee_tw/post/DKo3OGITu63,台劇系 無誤,2025年6月8日 星期日 下午7:40,,,0,0,0,0
kk_drama.movie_luv,https://www.threads.com/@kk_drama.movie_luv/post/DKmKKi3hTEh,"
五萬九千九、五萬九千九，還加能量水、還加能量水",2025年6月7日 星期六 下午6:28,@shopee_tw,,49,1,0,0,https://www.threads.com/@shopee_tw/post/DKmc4GtTy9I,哈哈哈哈哈哈,2025年6月7日 星期六 下午9:12,,,3,0,0,0
chienchen666,https://www.threads.com/@chienchen666/post/DKllpS9T7gn,"
「留下來，或者我跟妳走。」
「我還沒上車耶🛒」
「📣大笨蛋」",2025年6月7日 星期六 下午1:09,@shopee_tw,,28,1,0,0,https://www.threads.com/@shopee_tw/post/DKmNIXvzDZj,心得就是滿滿的 「哭」,2025年6月7日 星期六 下午6:54,,,1,0,0,0
small_ice_neko,https://www.threads.com/@small_ice_neko/post/DKlhsKjzc50,"
光晞不行，他不能捐",2025年6月7日 星期六 下午12:34,@shopee_tw,,106,5,0,3,https://www.threads.com/@shopee_tw/post/DKlian5ThnT,馬上有慢動作畫面出現欸 哈哈哈,2025年6月7日 星期六 下午12:41,,,11,0,0,0
hs.6.27,https://www.threads.com/@hs.6.27/post/DKj0BtfzRkd,"
我只想知道我的蝦皮特選的7塊衛生紙怎麼沒了😭😭😭",2025年6月6日 星期五 下午8:36,@shopee_tw,,0,1,0,0,https://www.threads.com/@shopee_tw/post/DKj044ZzYnm,會不會有一種可能 618 會重出江湖 我愛也是7元衛生紙愛用者😭,2025年6月6日 星期五 下午8:44,,,1,1,0,0
cococococco,https://www.threads.com/@cococococco/post/DKjtd_eyLby,"
這個驗證我不做了",2025年6月6日 星期五 下午7:39,@shopee_tw,,4,1,0,0,https://www.threads.com/@shopee_tw/post/DKjwUT7T6mo,這個種族太龐大了,2025年6月6日 星期五 下午8:04,,,2,0,0,0
veedachang_,https://www.threads.com/@veedachang_/post/DKhrt4OyWlX,"這是回覆已無法顯示的貼文
吼呦我真的要愛死全體蝦皮員工了（博愛的我
哈哈哈哈哈哈哈哈哈哈哈
為什麼都這麼好笑啦",2025年6月6日 星期五 上午12:45,,,11,1,0,1,https://www.threads.com/@shopee_tw/post/DKhvUguTds5,謝謝🙏🏻我們也愛你,2025年6月6日 星期五 上午1:17,,,0,0,0,0
throne_77yx,https://www.threads.com/@throne_77yx/post/DKhdblvyLhY,"這是回覆已無法顯示的貼文
這個禿頭是真的👨‍🦲",2025年6月5日 星期四 下午10:40,,,5,1,0,1,https://www.threads.com/@shopee_tw/post/DKhgrssz8WZ,已幫Allen下Damn,2025年6月5日 星期四 下午11:09,,No photo description available.,0,0,0,0
muta116,https://www.threads.com/@muta116/post/DKhSrYpBrma,"OG老味道 全台第一家薑母鴨
你們覺得我吃食物簡單
還是玩（修？）車簡單？
@mjfceo
@mj116_tpc
@mjkenzy_16
#拜託你了大淵",2025年6月5日 星期四 下午9:06,,,1008,34,9,144,https://www.threads.com/@shopee_tw/post/DKhX-o9zB4f,大淵！你後面有鴨！！！,2025年6月5日 星期四 下午9:53,,,71,0,0,0
wilsonderlife,https://www.threads.com/@wilsonderlife/post/DKhXj7qT9Zd,"這是回覆已無法顯示的貼文
學長好帥",2025年6月5日 星期四 下午9:49,,,2,1,0,0,https://www.threads.com/@shopee_tw/post/DKhXsllzLNN,受子跟大冤,2025年6月5日 星期四 下午9:50,,,2,0,0,0
shimaru1998,https://www.threads.com/@shimaru1998/post/DKebmYTyA-B,"
會不會是本來是三個提案，最後全部摻在一起做成撒尿牛丸",2025年6月4日 星期三 下午6:27,@dandelionism,,69,1,1,0,https://www.threads.com/@shopee_tw/post/DKfDDb3zd8F,你該不會在我們會議室裝監視器吧,2025年6月5日 星期四 上午12:11,,,34,0,0,0
vitoyang_1993,https://www.threads.com/@vitoyang_1993/post/DKdyG3IhAlG,"
你可以看一下蝦皮的短影，他們不正常",2025年6月4日 星期三 下午12:24,@dandelionism,,392,4,0,5,https://www.threads.com/@shopee_tw/post/DKfC6IkzSJn,,2025年6月5日 星期四 上午12:10,,,26,0,0,0
savor_0108,https://www.threads.com/@savor_0108/post/DKeu31bxDln,"
不愧是協志！！！清唱一樣好聽😍",2025年6月4日 星期三 下午9:15,@shopee_tw,,70,2,0,0,https://www.threads.com/@shopee_tw/post/DKex6SSzJLc,請問你在說哪一個？,2025年6月4日 星期三 下午9:41,,,61,1,0,0
nexttv_drama312,https://www.threads.com/@nexttv_drama312/post/DKeuSYUzKbe,"
蝦皮小編到底要多少迷因梗🤣（是讚美",2025年6月4日 星期三 下午9:10,@shopee_tw,,67,1,0,1,https://www.threads.com/@shopee_tw/post/DKex4HDzJtq,還沒有要結束,2025年6月4日 星期三 下午9:41,,,54,0,0,0
apr.18,https://www.threads.com/@apr.18/post/DKb5G-Syiox,"
巔!!!!!(errrr
（為了你 我去找來截了🌹）",2025年6月3日 星期二 下午6:47,@h.nina158,No photo description available.,46,2,0,0,https://www.threads.com/@shopee_tw/post/DKcC0nph2vP,還真的拍過,2025年6月3日 星期二 下午8:12,,No photo description available. | No photo description available.,11,1,0,0
muta116,https://www.threads.com/@muta116/post/DKbxyXHJfm0,誒！你後面有車！,2025年6月3日 星期二 下午5:43,,,79000,358,3816,3067,https://www.threads.com/@shopee_tw/post/DKcA7XThbsX,後面有車！！！（腳踏車）,2025年6月3日 星期二 下午7:55,,No photo description available.,1076,1,4,14
gina00043,https://www.threads.com/@gina00043/post/DKbk-qAxhe5,"我好像不小心跟上了最近流行的髮型
@shopee_tw",2025年6月3日 星期二 下午3:51,,No photo description available.,36000,306,374,1912,https://www.threads.com/@shopee_tw/post/DKb1JXxh8z4,,2025年6月3日 星期二 下午6:12,,,0,0,0,0
hypesphere,https://www.threads.com/@hypesphere/post/DKZ0cPehFhw,"
真的等很久了",2025年6月2日 星期一 下午11:27,@shopee_tw,,12,1,0,0,https://www.threads.com/@shopee_tw/post/DKa8dAhBStg,Jordan了,2025年6月3日 星期二 上午9:57,,,5,0,0,0
chengyuwu770606,https://www.threads.com/@chengyuwu770606/post/DKYhagwpfmh,"最近一直下雨
我昨天才靠北完我老婆說下雨天出門不會帶傘嗎
結果…靠北….
我以為我帶的是傘…..
有什麼台階比較好下的嗎",2025年6月2日 星期一 上午11:22,,No photo description available. | No photo description available.,61000,1209,3606,15000,https://www.threads.com/@shopee_tw/post/DKa8Q3eBzwX,建議下次帶這把，保證不會淋濕,2025年6月3日 星期二 上午9:55,,No photo description available.,404,3,0,18
sl_s222_79,https://www.threads.com/@sl_s222_79/post/DKZVamvzdEH,七年級的回憶,2025年6月2日 星期一 下午6:58,,,0,0,0,0,https://www.threads.com/@shopee_tw/post/DKa79SNhoA9,下一支，格鬥天王。,2025年6月3日 星期二 上午9:52,,,81,3,0,0
tim27890,https://www.threads.com/@tim27890/post/DKZsGMZTUSM,追蹤tim27890 原作者說讚更多正在回覆@shopee_tw我分不出來讚4 轉發分享,2025年6月2日 星期一 下午10:14,,,,,,,https://www.threads.com/@shopee_tw/post/DKa7n1chD4K,追蹤shopee_tw已驗證 原作者說讚更多很明顯啊最左邊是孫協志讚7 轉發分享,2025年6月3日 星期二 上午9:49,,,,,,
brian711206,https://www.threads.com/@brian711206/post/DKaB51bvM0a,追蹤brian711206 原作者說讚更多正在回覆@shopee_tw先知讚340 轉發分享10,2025年6月3日 星期二 上午1:25,,No photo description available.,,,,,https://www.threads.com/@shopee_tw/post/DKa7e-dBFBe,追蹤shopee_tw已驗證 原作者說讚更多樂咖的心願我們有收到讚86回覆轉發分享,2025年6月3日 星期二 上午9:48,,,,,,
xieyuwenxee615,https://www.threads.com/@xieyuwenxee615/post/DKZliujJUcg,追蹤xieyuwenxee615 原作者說讚更多正在回覆@shopee_tw是孫協志讚6 轉發分享1,2025年6月2日 星期一 下午9:17,,,,,,,https://www.threads.com/@shopee_tw/post/DKZmBxLTD6-,追蹤shopee_tw已驗證 原作者說讚更多讚128回覆轉發分享4,2025年6月2日 星期一 下午9:21,,No photo description available.,,,,
chu_yu_tong,https://www.threads.com/@chu_yu_tong/post/DKYgwcOvGXL,"三個人會不會太像啦🤣 根本分不出來...
蝦皮也太會~居然還有阿彌陀佛姐？！！（骨頭編讚8,241回覆55轉發176分享1,164",2025年6月2日 星期一 上午11:16,,No photo description available. | No photo description available.,,,,,https://www.threads.com/@shopee_tw/post/DKZkvZNzODj,追蹤shopee_tw已驗證 原作者說讚更多很明顯中間是孫協志左邊是姚淳耀右邊是鍾佳播👌🏻讚12 轉發分享1,2025年6月2日 星期一 下午9:10,,,,,,
withfun0708,https://www.threads.com/@withfun0708/post/DKXGLzGTiN_,"追蹤withfun0708 更多很重要‼️所以要看三遍‼️已靜音Instagram logoshopee_tw讚1.5 萬回覆500 分享9,949",2025年6月1日 星期日 下午10:05,,,,,,,https://www.threads.com/@shopee_tw/post/DKZjCQuT5Cx,追蹤shopee_tw已驗證 更多這張也要看三遍👌🏻讚85 轉發1,2025年6月2日 星期一 下午8:55,,No photo description available.,,,,
wuingaction,https://www.threads.com/@wuingaction/post/DKZQe3AS7ZI,"追蹤wuingaction蝦皮 更多你們有想過替身也很像的這一件事嗎？讚2.7 萬回覆309 分享3,843",2025年6月2日 星期一 下午6:13,,No photo description available.,,,,,https://www.threads.com/@shopee_tw/post/DKZhjt0z9d0,"追蹤shopee_tw已驗證 原作者說讚更多經過我長時間的反覆觀察，很明顯左2才是孫協志讚1,046 轉發分享5",2025年6月2日 星期一 下午8:42,,,,,,
miao.captainhostel,https://www.threads.com/@miao.captainhostel/post/DKXfpwgyOfY,追蹤miao.captainhostel 原作者說讚更多正在回覆@shopee_tw居然請到都市傳說阿彌陀佛姐！（什麼！本喵居然是居然人讚5 轉發分享,2025年6月2日 星期一 上午1:47,,,,,,,https://www.threads.com/@shopee_tw/post/DKZS_V9Ttuo,追蹤shopee_tw已驗證 更多居然！我也是居然人！沒想到居然可以在這裡碰面！太居然了（？讚1回覆轉發分享,2025年6月2日 星期一 下午6:35,,,,,,
bujo1104,https://www.threads.com/@bujo1104/post/DKZy7bEzVeU,"
夏于喬跟宋芸樺這組就差一位 蝦皮就可以拍另一個企劃了",2025年6月2日 星期一 下午11:14,@shopee_tw,,264,6,0,0,https://www.threads.com/@shopee_tw/post/DKa7pZjBdcd,已提案,2025年6月3日 星期二 上午9:50,,,39,0,0,0
cat_ouo1208,https://www.threads.com/@cat_ouo1208/post/DKYNbbJz3Il,追蹤cat_ouo1208 更多正在回覆@shopee_tw可以跟我說裡面有哪些梗嗎🤣讚回覆1轉發分享,2025年6月2日 星期一 上午8:27,,,,,,,https://www.threads.com/@shopee_tw/post/DKZS0waTpYD,追蹤shopee_tw已驗證 更多我建議你從 西街少年 這部劇開始看讚回覆轉發分享,2025年6月2日 星期一 下午6:34,,,,,,
eames__0508,https://www.threads.com/@eames__0508/post/DKXgfz9hWwg,追蹤eames__0508 原作者說讚更多正在回覆@winding_road00覺得DK比較像黃品源讚17 轉發分享,2025年6月2日 星期一 上午1:55,,,,,,,https://www.threads.com/@shopee_tw/post/DKZSuiwzk6M,黃品源=孫協志！？老闆～看來我們要拍個續集了吧讚2回覆1轉發1分享,2025年6月2日 星期一 下午6:33,,,,,,
linda831212,https://www.threads.com/@linda831212/post/DKXsiPfhehi,追蹤linda831212已驗證 原作者說讚更多正在回覆@shopee_tw我的童年😍讚57 轉發分享2,2025年6月2日 星期一 上午3:40,,,,,,,https://www.threads.com/@shopee_tw/post/DKZSiDPzt16,追蹤shopee_tw已驗證 更多嗚嗚嗚嗚 找到同溫層了！當時會議上那些兩千年後出生的妹妹們納悶的看著我，當時真是孤單極了讚12回覆轉發分享,2025年6月2日 星期一 下午6:31,,,,,,
ncat_tw,https://www.threads.com/@ncat_tw/post/DKYkPAaT-6e,追蹤ncat_tw 原作者說讚更多正在回覆@shopee_tw我保證我看了十次，還是認不出哪個是孫協志😍😍讚132 轉發分享,2025年6月2日 星期一 上午11:47,,,,,,,https://www.threads.com/@shopee_tw/post/DKZSZDbznrz,追蹤shopee_tw已驗證 更多那你再看10次？讚4回覆轉發分享,2025年6月2日 星期一 下午6:30,,,,,,
raopeisheng,https://www.threads.com/@raopeisheng/post/DKYrsvqzEB7,追蹤raopeisheng已驗證 原作者說讚更多正在回覆@shopee_tw看完才發現原來有三個人😅😅讚21 轉發分享2,2025年6月2日 星期一 下午12:52,,,,,,,https://www.threads.com/@shopee_tw/post/DKZSUozTQJi,追蹤shopee_tw已驗證 更多要沒有一種可能 就那一種 從頭到尾其實是一個人？🤔讚4回覆轉發分享,2025年6月2日 星期一 下午6:29,,,,,,
jen.silhoux_y,https://www.threads.com/@jen.silhoux_y/post/DKZIx-kP6lt,會不會姚淳耀根本沒去拍蝦皮廣告讚255回覆3轉發分享4,2025年6月2日 星期一 下午5:06,,,,,,,https://www.threads.com/@shopee_tw/post/DKZOG58Tq0V,追蹤shopee_tw已驗證 原作者說讚更多確實，可以省成本(沒讚44 轉發分享,2025年6月2日 星期一 下午5:52,,,,,,
plantboy543,https://www.threads.com/@plantboy543/post/DKZG9FpBJnk,我到底看了什麼youtube.com蝦皮購物讚3回覆2轉發分享,2025年6月2日 星期一 下午4:50,,蝦皮購物,,,,,https://www.threads.com/@shopee_tw/post/DKZODf1zZfe,追蹤shopee_tw已驗證 更多看到了三個孫協志讚1 轉發分享,2025年6月2日 星期一 下午5:52,,,,,,
acczeeu,https://www.threads.com/@acczeeu/post/DKYoj53J4Yg,"到底
誰才是#孫協志？？
誰才是#姚淳耀？？救命喔🆘
好屌的企劃，想出來的可以加薪吧！ 1/2讚201回覆6轉發1分享39",2025年6月2日 星期一 下午12:24,,No photo description available.,,,,,https://www.threads.com/@shopee_tw/post/DKZNyW3zNDC,追蹤shopee_tw已驗證 更多謝謝你的觀察，太精闢了讚20回覆轉發分享,2025年6月2日 星期一 下午5:50,,,,,,
jasonzhangzhesheng,https://www.threads.com/@jasonzhangzhesheng/post/DKYjVe-TisM,今昔對照 已編輯更多,2025年6月2日 星期一 上午11:39,,,0,0,0,0,https://www.threads.com/@shopee_tw/post/DKZNnyQz8UD,"【6YQQXKWQUY7X】
P.S 6/3 14:00 開始領取
記得上蝦皮618~:)讚20回覆1轉發分享5",2025年6月2日 星期一 下午5:48,,,,,,
andyko1988,https://www.threads.com/@andyko1988/post/DKYzpucTb9S,,2025年6月2日 星期一 下午2:04,,,0,0,0,0,https://www.threads.com/@shopee_tw/post/DKZMJgSz1FF,我開始準備2026年的提案！,2025年6月2日 星期一 下午5:35,,,764,4,0,4
tigerjiatailu,https://www.threads.com/@tigerjiatailu/post/DKYHPDdzF0_,"欸幹！!
為什麼孫協志可以20年都長一樣啊！？
蝦皮版的西街少年真的屌XD",2025年6月2日 星期一 上午7:33,,No photo description available. | No photo description available.,4748,77,47,251,https://www.threads.com/@shopee_tw/post/DKYc_Yfzh9t,看來協志哥接下來應該會接到保養品廣告!,2025年6月2日 星期一 上午10:43,,,97,1,0,0
qi_feng_lee,https://www.threads.com/@qi_feng_lee/post/DKWJBkDT32K,蝦皮好屌，真的讓他們合體了，然後這九宮格真的難度有點高 😂,2025年6月1日 星期日 下午1:10,,No photo description available. | No photo description available.,482,25,9,220,https://www.threads.com/@shopee_tw/post/DKYcylVTvrZ,這個字，我收下了。,2025年6月2日 星期一 上午10:41,,,25,1,0,0
milklala22,https://www.threads.com/@milklala22/post/DKXLRYmhTz7,,2025年6月1日 星期日 下午10:49,,,0,0,0,0,https://www.threads.com/@shopee_tw/post/DKYcafozUuM,居然~怎麼可能沒看過!,2025年6月2日 星期一 上午10:38,,,46,1,0,1
hwz622,https://www.threads.com/@hwz622/post/DKXhouNS8kV,"第一次看到九宮格先瞪大了眼睛
此時的我還不知道這次的代言人居然有三個！
（喔對，我是居然人😆
深呼吸後，沒事 我火眼金睛難不倒我的
好來！孫協志 鍾佳播easy easy
再繼續看，欸不是！怎麼還有第三個人
為什麼姚淳耀也在裡面！！！！
好瓜張的協志宇宙
居然夢幻聯動了 瘋掉～～好喜歡😍
這波我服蝦皮了
蝦皮是我大哥！！！！",2025年6月2日 星期一 上午2:05,,No photo description available. | No photo description available.,349,14,8,157,https://www.threads.com/@shopee_tw/post/DKYbvyITYgA,大哥來了(沒,2025年6月2日 星期一 上午10:32,,,3,1,0,0
munmunjunjun,https://www.threads.com/@munmunjunjun/post/DKVnTt8zP06,"哦這次蝦皮代言人是孫協志
⋯⋯欸等等不對欸🫷",2025年6月1日 星期日 上午8:16,,No photo description available.,14000,322,1001,6683,https://www.threads.com/@shopee_tw/post/DKXJunazTtW,"抱歉打擾一下😅
正片在這⋯
shopee_tw",2025年6月1日 星期日 下午10:36,,,1059,17,34,380
worldgymtaiwan,https://www.threads.com/@worldgymtaiwan/post/DKMXWg4yzzq,"
粽合評語：此策略加上粽訓 肯定百發百粽！",2025年5月28日 星期三 下午6:03,@shopee_tw,,3,1,0,2,https://www.threads.com/@shopee_tw/post/DKMYgqUTKFy,這端午到底要吃多少顆😭,2025年5月28日 星期三 下午6:13,,,2,0,0,0
yuan____0521,https://www.threads.com/@yuan____0521/post/DKMOJ6kuE9m,"
在台南已經吃了2顆蛋黃粽子的我……",2025年5月28日 星期三 下午4:43,@shopee_tw,,1,1,0,0,https://www.threads.com/@shopee_tw/post/DKMYdidze9w,體重 粽所期盼了,2025年5月28日 星期三 下午6:13,,,1,0,0,0
linnei_fa,https://www.threads.com/@linnei_fa/post/DKMWt7vpvoQ,"
#譁粽取寵：迎合他人口味的粽子越得人寵愛",2025年5月28日 星期三 下午5:58,@shopee_tw,,5,1,0,0,https://www.threads.com/@shopee_tw/post/DKMYZFxTETa,我以為是包裝越華麗的粽子越討人喜歡🫨🫨🫨,2025年5月28日 星期三 下午6:12,,,2,0,0,0
1111.com.tw,https://www.threads.com/@1111.com.tw/post/DKMVqMjTx8v,"
粽望所歸：眾多粽子看向我，只好把他們都歸還回冰箱了🤣",2025年5月28日 星期三 下午5:48,@shopee_tw,,2,1,0,0,https://www.threads.com/@shopee_tw/post/DKMYVD2zEnx,看來塞爆是無可避免的了,2025年5月28日 星期三 下午6:12,,,1,0,0,0
dazzleslim_tw,https://www.threads.com/@dazzleslim_tw/post/DKI51LBTcJz,"
「在」跟「再」 你是哪種人",2025年5月27日 星期二 上午9:47,@shopee_tw,,0,1,0,0,https://www.threads.com/@shopee_tw/post/DKJCTjpTKjx,靠自動選字的人,2025年5月27日 星期二 上午11:01,,,2,0,0,0
hello_matsu,https://www.threads.com/@hello_matsu/post/DKHV35SzyFJ,"
你竟然是居然人！",2025年5月26日 星期一 下午7:14,@shopee_tw,,9,1,0,0,https://www.threads.com/@shopee_tw/post/DKHXsAnT3yo,太ey,2025年5月26日 星期一 下午7:30,,,8,0,0,0
you_shi_hahaha,https://www.threads.com/@you_shi_hahaha/post/DJ0h9XAv6i5,"
噴射機阿嬤
請不要把機漏掉 意思差很多....
我會嚇到",2025年5月19日 星期一 上午11:54,@shopee_tw,,25,1,0,0,https://www.threads.com/@shopee_tw/post/DJ1FvyIT3em,阿嬤 莫名起飛 哈哈哈哈哈,2025年5月19日 星期一 下午5:07,,,2,0,0,0
wuyite,https://www.threads.com/@wuyite/post/DJ03mITxfZY,"
你還沒出門的時候，噴射機阿嬤又拿到200公尺的金牌了！
別忘了他還有跳遠跟三級跳遠的比賽",2025年5月19日 星期一 下午3:03,@shopee_tw,,10,1,0,0,https://www.threads.com/@shopee_tw/post/DJ1FtShTkh2,太猛了 他是機械阿嬤,2025年5月19日 星期一 下午5:06,,,2,0,0,0
tkb_administration,https://www.threads.com/@tkb_administration/post/DJ0gFHbSYsD,"
我花了40分鐘",2025年5月19日 星期一 上午11:38,@shopee_tw,,1,1,0,0,https://www.threads.com/@shopee_tw/post/DJ1FrNRzlw6,最後有到公司 我們就都是冠軍,2025年5月19日 星期一 下午5:06,,,3,0,0,0
rabbitandmoney,https://www.threads.com/@rabbitandmoney/post/DJlgaVoyy3T,"
我今天真的請病假耶！感冒發燒全身痠痛，我跟上潮流了！",2025年5月13日 星期二 下午3:52,@shopee_tw,,0,1,0,0,https://www.threads.com/@shopee_tw/post/DJlueZezpU9,難過但快樂著哈哈哈,2025年5月13日 星期二 下午5:55,,,2,1,0,0
zdbeautyshop,https://www.threads.com/@zdbeautyshop/post/DJY1RdWzQ_T,"
妝編那時候是色色筆芯
還一定要包色的！",2025年5月8日 星期四 下午5:44,@shopee_tw,No photo description available.,54,1,0,0,https://www.threads.com/@shopee_tw/post/DJaueEGzP1W,小時候就懂包😂,2025年5月9日 星期五 上午11:23,,,3,0,0,1
wota_daily,https://www.threads.com/@wota_daily/post/DJZC-esz6MB,追蹤wota_daily 原作者說讚更多正在回覆@shopee_tw我們小時候都是「開學時誰有閃亮亮的全新哈哈書套，誰就是富翁」讚14 轉發分享,2025年5月8日 星期四 下午7:44,,,,,,,https://www.threads.com/@shopee_tw/post/DJauXhVT43O,追蹤shopee_tw已驗證 更多用沒一個禮拜 我的都會破光光⋯讚3回覆轉發分享,2025年5月9日 星期五 上午11:22,,,,,,
zora131,https://www.threads.com/@zora131/post/DJah8abz9iA,追蹤zora131 原作者說讚更多正在回覆@shopee_tw童年炫砲必備讚38 轉發分享,2025年5月9日 星期五 上午9:34,,No photo description available.,,,,,https://www.threads.com/@shopee_tw/post/DJauUbzTfsO,追蹤shopee_tw已驗證 更多就是這個！！讚3回覆轉發分享,2025年5月9日 星期五 上午11:22,,,,,,
momoshopping_,https://www.threads.com/@momoshopping_/post/DJZHJSaP5uN,追蹤momoshopping_已驗證 原作者說讚更多正在回覆@shopee_twmo以為是擦擦筆或是立可帶版的雙面膠？讚10 轉發分享,2025年5月8日 星期四 下午8:20,,,,,,,https://www.threads.com/@shopee_tw/post/DJauTT2z-z7,追蹤shopee_tw已驗證 更多擦擦筆！真的誰有誰唱秋💗讚2回覆轉發分享,2025年5月9日 星期五 上午11:22,,,,,,
viefor_tw,https://www.threads.com/@viefor_tw/post/DJYzo6qT3mZ,（有一說一這個裡面的東西都超難用讚152回覆5轉發1分享,2025年5月8日 星期四 下午5:30,,No photo description available.,,,,,https://www.threads.com/@shopee_tw/post/DJY-RVzTrxs,追蹤shopee_tw已驗證 更多對～～～～～～拿出來的時候 下巴都忍不住抬好高讚18回覆轉發分享,2025年5月8日 星期四 下午7:03,,,,,,
ray._.kuo,https://www.threads.com/@ray._.kuo/post/DJWobd4hfv-,追蹤ray._.kuo 原作者說讚更多正在回覆@ray._.kuo我以為橘色的比綠色的更好用 讚201 轉發分享1,2025年5月7日 星期三 下午9:13,,,,,,,https://www.threads.com/@shopee_tw/post/DJY-MeHz5Q3,追蹤shopee_tw已驗證 更多橘色通常都最好用（指自己讚2回覆轉發分享,2025年5月8日 星期四 下午7:02,,,,,,
korea_moos,https://www.threads.com/@korea_moos/post/DJYyjXNTKAb,還有機會拿出來炫嗎🥹🥹讚27回覆1轉發分享,2025年5月8日 星期四 下午5:20,,,,,,,https://www.threads.com/@shopee_tw/post/DJYy-vfzv75,就超大一盒 裡面還有水彩的那種讚7回覆轉發分享,2025年5月8日 星期四 下午5:24,,,,,,
relight_tm,https://www.threads.com/@relight_tm/post/DJYtuE3vdw-,追蹤relight_tm 原作者說讚更多正在回覆@shopee_tw小編的年代是這個~讚133 轉發分享2,2025年5月8日 星期四 下午4:38,,No photo description available.,,,,,https://www.threads.com/@shopee_tw/post/DJYy5alztvy,追蹤shopee_tw已驗證 更多對！這個才對啊讚25 轉發分享,2025年5月8日 星期四 下午5:23,,,,,,
daqing_jewelry,https://www.threads.com/@daqing_jewelry/post/DJW2ysRS4iE,追蹤daqing_jewelry 原作者說讚更多正在回覆@shopee_tw哈哈哈哈哈哈哈🤣蝦編也開始玩這個了嗎讚1 轉發分享,2025年5月7日 星期三 下午11:19,,,,,,,https://www.threads.com/@shopee_tw/post/DJYhV7HTlIO,追蹤shopee_tw已驗證 更多人在社群身不由己⋯讚2回覆轉發分享,2025年5月8日 星期四 下午2:50,,,,,,
st.self,https://www.threads.com/@st.self/post/DJZpXGuS-ia,"
我的童年是隱形墨水筆！",2025年5月9日 星期五 上午1:19,@shopee_tw,No photo description available.,26,1,0,0,https://www.threads.com/@shopee_tw/post/DJauZHYzyBM,What is this！！！,2025年5月9日 星期五 上午11:22,,,4,0,0,0
pinyuns,https://www.threads.com/@pinyuns/post/DJW7bLShFVO,"
按了會提供下期樂透頭獎號碼嗎？不然沒摳摳養老妞",2025年5月7日 星期三 下午11:59,@shopee_tw,,1,1,0,0,https://www.threads.com/@shopee_tw/post/DJYhUFSTZOF,老妞？ 誰准你這樣說皇太后的😂😂,2025年5月8日 星期四 下午2:50,,,1,1,0,0
doho_life,https://www.threads.com/@doho_life/post/DJV_Cwwvo35,"
沒有親子方案嗎 我媽50多歲多個零 啊我沒有多個零的話這樣我會比較早走欸 會白髮人送黑髮人😂😂",2025年5月7日 星期三 下午3:12,@shopee_tw,,2,1,0,0,https://www.threads.com/@shopee_tw/post/DJWfXjITjGF,你想的太周到了！,2025年5月7日 星期三 下午7:54,,,1,0,0,0
shou979,https://www.threads.com/@shou979/post/DJV0k2ESIYJ,"
爸爸呢",2025年5月7日 星期三 下午1:40,@shopee_tw,,0,1,0,0,https://www.threads.com/@shopee_tw/post/DJWfVxlT7CF,請他努力等等 後面還要父親節😂,2025年5月7日 星期三 下午7:54,,,0,0,0,0
hey_yo_ray,https://www.threads.com/@hey_yo_ray/post/DJWD6h8yt2e,"
我戶頭何時多個0",2025年5月7日 星期三 下午3:54,@shopee_tw,,4,1,0,0,https://www.threads.com/@shopee_tw/post/DJWfBkLTwzC,為了你 我們尾牙季的時候 再搞一篇好不 （你先吃泡麵撐著,2025年5月7日 星期三 下午7:51,,,0,0,0,0
yang_minmins,https://www.threads.com/@yang_minmins/post/DJWSK7FvrGB,"
所以我媽會活到600歲？！",2025年5月7日 星期三 下午5:59,@shopee_tw,,5,1,0,0,https://www.threads.com/@shopee_tw/post/DJWe8S5zmAq,你原本預想年紀 有經過你媽同意嗎😂,2025年5月7日 星期三 下午7:50,,,3,0,0,0
good.morning.my.dear.friend,https://www.threads.com/@good.morning.my.dear.friend/post/DJVtj_VvOIi,"
功德無量🙏🏻",2025年5月7日 星期三 下午12:39,@shopee_tw,No photo description available.,19,1,0,0,https://www.threads.com/@shopee_tw/post/DJVvCxTzZ5d,你匯了嗎,2025年5月7日 星期三 下午12:52,,,5,0,0,0
hola.taiwan,https://www.threads.com/@hola.taiwan/post/DJVtFSXyXJV,,2025年5月7日 星期三 下午12:35,@shopee_tw,,14,1,0,0,https://www.threads.com/@shopee_tw/post/DJVtZYhThzT,恭喜長命百歲,2025年5月7日 星期三 下午12:37,,,4,0,0,0
bounty_huntr,https://www.threads.com/@bounty_huntr/post/DJVs7QHyGEO,"
我在加入購物車了",2025年5月7日 星期三 下午12:33,@shopee_tw,,0,1,0,0,https://www.threads.com/@shopee_tw/post/DJVs_8yThyu,要記得結帳！,2025年5月7日 星期三 下午12:34,,,3,0,0,0
meowstore5,https://www.threads.com/@meowstore5/post/DJVs2lWJA8y,"
媽媽 辛苦了 我在挑禮物了",2025年5月7日 星期三 下午12:33,@shopee_tw,,2,1,0,0,https://www.threads.com/@shopee_tw/post/DJVs-gfzRqU,有需要支援送禮嗎？,2025年5月7日 星期三 下午12:34,,,2,0,0,0
unnnnnnnn93,https://www.threads.com/@unnnnnnnn93/post/DI8zQX8TxC9,東海,2025年4月27日 星期日 下午8:28,,,0,0,0,0,https://www.threads.com/@shopee_tw/post/DJD-5eMTWma,"😳😳😳😳神奇的演算法！
米納桑～我們品牌旗艦單有這條！
搭配目前我們時尚週滿 $3,000 折 $180 的券可以折更多!
時尚週折扣碼奉上 >> FS430F / FS501F / FS502F
然後加入品牌會員再領品牌 $500 優惠券
商品連結：shopee.tw/produ…
shopee.tw
【施華洛世奇SWAROVSKI】Teddy 手鏈 水晶珍珠 粉紅色 鍍玫瑰金色調 小熊 手環 水晶 母親節禮物 官方直營 | 蝦皮購物",2025年4月30日 星期三 下午3:24,,【施華洛世奇SWAROVSKI】Teddy 手鏈 水晶珍珠 粉紅色 鍍玫瑰金色調 小熊 手環 水晶 母親節禮物 官方直營 | 蝦皮購物,6,1,0,1
hai.the.label,https://www.threads.com/@hai.the.label/post/DI_P3KUTH9p,"
「無言薯條」「傻眼貓咪」跟「藍瘦香菇」是ㄧ個set
都是8年前⋯ btw「最夯」聽起來好像也很年代感？！
by懷舊的🦀編",2025年4月28日 星期一 下午7:16,@shopee_tw,No photo description available.,39,1,0,9,https://www.threads.com/@shopee_tw/post/DI_1MPXTWyJ,還是說Hito…..,2025年4月29日 星期二 上午12:42,,,14,0,0,0
momoshopping_,https://www.threads.com/@momoshopping_/post/DI_AN8pPYlh,"
寶寶苦但寶寶不說 也超久！！！",2025年4月28日 星期一 下午4:59,@shopee_tw,,13,1,0,0,https://www.threads.com/@shopee_tw/post/DI_1EQFTnme,久到 寶寶算算都考上高中了吧,2025年4月29日 星期二 上午12:41,,,4,0,0,0
sasa_su1019,https://www.threads.com/@sasa_su1019/post/DI_U7VWP5Wv,"
現在還有人笑會打XD的嗎",2025年4月28日 星期一 下午8:00,@shopee_tw,,94,14,0,2,https://www.threads.com/@shopee_tw/post/DI_0-MZzRsA,老實說 我不知道回啥的時候會用⋯⋯⋯,2025年4月29日 星期二 上午12:40,,,14,0,0,0
typhoon_mi,https://www.threads.com/@typhoon_mi/post/DI_GRhGS6Wj,"
ㄘㄟˊ",2025年4月28日 星期一 下午5:52,@shopee_tw,,505,4,1,10,https://www.threads.com/@shopee_tw/post/DI_OmTMz_cV,Hahahahhahahaah 好舊好舊！,2025年4月28日 星期一 下午7:05,,,11,0,0,0
chichianchichi,https://www.threads.com/@chichianchichi/post/DI_H_wGvNtu,"
我前同事會說koso ⋯⋯⋯我超想調侃他⋯😃",2025年4月28日 星期一 下午6:07,@shopee_tw,,37,3,0,2,https://www.threads.com/@shopee_tw/post/DI_OVY3zs0l,好LKK喔,2025年4月28日 星期一 下午7:03,,,46,1,0,0
super.milk.tea,https://www.threads.com/@super.milk.tea/post/DI-7WXqxadh,追蹤super.milk.tea已驗證 更多正在回覆@shopee_tw...這時候應該要說傻眼貓咪嗎讚196 轉發分享3,2025年4月28日 星期一 下午4:17,,,,,,,https://www.threads.com/@shopee_tw/post/DI_OFb4zbmQ,追蹤shopee_tw已驗證 更多這時候發言都要好小心 一個不注意就老到不行了 好恐怖讚27 轉發分享,2025年4月28日 星期一 下午7:01,,,,,,
tkb_administration,https://www.threads.com/@tkb_administration/post/DI-95_LykgP,追蹤tkb_administration 原作者說讚更多正在回覆@shopee_tw勿忘我😘讚20 轉發分享,2025年4月28日 星期一 下午4:39,,,,,,,https://www.threads.com/@shopee_tw/post/DI--H7FTL7y,追蹤shopee_tw已驗證 更多歐買！還要搭配 百事可樂⋯⋯⋯讚9 轉發分享,2025年4月28日 星期一 下午4:41,,,,,,
hinokilife.tw,https://www.threads.com/@hinokilife.tw/post/DI-9abKPDH6,追蹤hinokilife.tw 原作者說讚更多正在回覆@shopee_tw冰雪奇緣是12年前的產物了😍讚70 轉發分享1,2025年4月28日 星期一 下午4:35,,,,,,,https://www.threads.com/@shopee_tw/post/DI--E-_z_rP,追蹤shopee_tw已驗證 更多真的要Let it go了⋯讚27回覆轉發分享,2025年4月28日 星期一 下午4:41,,,,,,
momobearyo,https://www.threads.com/@momobearyo/post/DI-71AXzCdT,追蹤momobearyo 更多正在回覆@museacgLKK 回覆1轉發分享,2025年4月28日 星期一 下午4:21,,,,,,,https://www.threads.com/@shopee_tw/post/DI-99Q4T26B,追蹤shopee_tw已驗證 更多ㄙㄨㄥˊ ㄅㄧㄚˋ ㄅㄧㄚˋ讚15回覆轉發分享,2025年4月28日 星期一 下午4:40,,,,,,
lemon_ning0223,https://www.threads.com/@lemon_ning0223/post/DI-2rRRpA4r,追蹤lemon_ning0223 原作者說讚更多正在回覆@shopee_tw哈密瓜有種哈味讚222 轉發分享1,2025年4月28日 星期一 下午3:36,,,,,,,https://www.threads.com/@shopee_tw/post/DI-3FoFTIW5,追蹤shopee_tw已驗證 更多歐買尬！誰說誰老個8歲 哈哈哈哈讚25回覆轉發分享1,2025年4月28日 星期一 下午3:40,,,,,,
taog.game,https://www.threads.com/@taog.game/post/DH5YliJheCZ,追蹤taog.game 原作者說讚更多正在回覆@shopee_tw居然還是在按摩室上班讚7 轉發分享,2025年4月1日 星期二 下午4:06,,,,,,,https://www.threads.com/@shopee_tw/post/DH5lN2OzwXQ,追蹤shopee_tw已驗證 更多我們找對的人做對的事！讚6回覆轉發分享,2025年4月1日 星期二 下午5:56,,,,,,
j2285345,https://www.threads.com/@j2285345/post/DH5cb2VPm3P,追蹤j2285345 原作者說讚更多正在回覆@shopee_tw看完了後笑得，我們地獄相見。讚5 轉發分享,2025年4月1日 星期二 下午4:39,,,,,,,https://www.threads.com/@shopee_tw/post/DH5lLOBzmY6,追蹤shopee_tw已驗證 更多我肯定是這台車的車長小姐🙋讚6回覆轉發分享,2025年4月1日 星期二 下午5:56,,,,,,
bying03,https://www.threads.com/@bying03/post/DH5hEp8PZlL,追蹤bying03 原作者說讚更多正在回覆@shopee_tw感謝大家熱情的回覆，蕭老師都看得到讚4 轉發分享,2025年4月1日 星期二 下午5:20,,,,,,,https://www.threads.com/@shopee_tw/post/DH5lGuqzafD,追蹤shopee_tw已驗證 更多大家的真心歡迎肯定一清二楚！讚1回覆轉發分享,2025年4月1日 星期二 下午5:55,,,,,,
middlefat1008,https://www.threads.com/@middlefat1008/post/DH5dpfxxXEL,追蹤middlefat1008 原作者說讚更多正在回覆@shopee_tw小編這麼用心這麼有創意卻有人視而不見讚14 轉發分享,2025年4月1日 星期二 下午4:50,,,,,,,https://www.threads.com/@shopee_tw/post/DH5lCBATrk-,追蹤shopee_tw已驗證 更多對啊 我一定吉讚7回覆轉發分享,2025年4月1日 星期二 下午5:54,,,,,,
wanshun0508,https://www.threads.com/@wanshun0508/post/DI-89g6yph7,"
是誰給你的勇氣
梁靜茹
這個會不會更久...",2025年4月28日 星期一 下午4:31,@shopee_tw,,34,1,0,0,https://www.threads.com/@shopee_tw/post/DI_OSFMzX8a,清光緒年間😂,2025年4月28日 星期一 下午7:02,,,17,0,0,0
qie_3.1415926._,https://www.threads.com/@qie_3.1415926._/post/DI-_dBUJWBi,"
你是我的小啊小蘋果",2025年4月28日 星期一 下午4:53,@shopee_tw,,103,3,0,0,https://www.threads.com/@shopee_tw/post/DI_OO4AzQfU,天啊啊啊啊啊 好恐怖 好老 別再唱了,2025年4月28日 星期一 下午7:02,,,25,0,0,0
1111.com.tw,https://www.threads.com/@1111.com.tw/post/DI-9PSLThcg,"
寶寶心裡苦，但寶寶不說！",2025年4月28日 星期一 下午4:33,@shopee_tw,,79,1,0,0,https://www.threads.com/@shopee_tw/post/DI_OK8PzpDK,寶寶 現在算算可能都讀完大學了⋯,2025年4月28日 星期一 下午7:01,,,47,0,0,0
chienchen666,https://www.threads.com/@chienchen666/post/DH5R3lJTdk2,"
這次的道具相當樸實無華✌️",2025年4月1日 星期二 下午3:07,@shopee_tw,,8,1,0,0,https://www.threads.com/@shopee_tw/post/DH5YBrQzs0E,預算花在刀口上！,2025年4月1日 星期二 下午4:01,,,4,0,0,0
tiger_blue_loop,https://www.threads.com/@tiger_blue_loop/post/DH5U3WzBZ18,"
本次廣告沒有任何人心靈受創（老師只知道本次代言要拿著紙板走來走去）😎",2025年4月1日 星期二 下午3:33,@shopee_tw,,147,1,0,1,https://www.threads.com/@shopee_tw/post/DH5X_45TwOv,紙板的內容 我們可是有給老師看過的喔～,2025年4月1日 星期二 下午4:00,,,217,3,0,6
iampanda134,https://www.threads.com/@iampanda134/post/DH5SqNSzdNF,"
要上車了",2025年4月1日 星期二 下午3:14,@shopee_tw,,21,1,0,0,https://www.threads.com/@shopee_tw/post/DH5X8z4Tj9k,上啊！哪次不上😂,2025年4月1日 星期二 下午4:00,,,1,0,0,0
bency80097,https://www.threads.com/@bency80097/post/DH5PkUbyR-N,"
吃的是葉煌素",2025年4月1日 星期二 下午2:47,@taiwanflyn,,25,1,0,0,https://www.threads.com/@shopee_tw/post/DH5X7QdzUfi,好 給你 都給你 這個留言的冠軍給你,2025年4月1日 星期二 下午4:00,,,4,0,0,0
rickyhsiaoofficial,https://www.threads.com/@rickyhsiaoofficial/post/DHsVP4PSdDr,讓我來看看你們都在做什麼😎,2025年3月27日 星期四 下午2:26,,,26000,815,1397,7292,https://www.threads.com/@shopee_tw/post/DHsvs7STj1c,我在畫畫！老師我畫的怎麼樣～,2025年3月27日 星期四 下午6:17,,No photo description available.,701,4,2,1
y_x05,https://www.threads.com/@y_x05/post/DHamJaESTy1,"
留個言讓我的朋友們看到",2025年3月20日 星期四 下午5:08,@shopee_tw,,2,1,0,0,https://www.threads.com/@shopee_tw/post/DHbFfKvzlv1,嗨你們好,2025年3月20日 星期四 下午9:41,,,0,0,0,0
hangofun,https://www.threads.com/@hangofun/post/DHa5QP6TeOA,"
收到貓貓的抱抱算嗎🫧",2025年3月20日 星期四 下午7:55,@shopee_tw,,2,1,0,0,https://www.threads.com/@shopee_tw/post/DHbFb_vzLW7,當然！還有什麼比那個更幸福的 我真的想不到,2025年3月20日 星期四 下午9:41,,,0,0,0,0
1111.com.tw,https://www.threads.com/@1111.com.tw/post/DHao_ahTex0,"
收到隔壁同事餵食的巧克力！好幸福🥰",2025年3月20日 星期四 下午5:32,@shopee_tw,No photo description available.,7,1,0,2,https://www.threads.com/@shopee_tw/post/DHbFXJATbig,建議確認一下同事的心意比較好,2025年3月20日 星期四 下午9:40,,,2,0,0,0
rakuten_monkeys_mascoten,https://www.threads.com/@rakuten_monkeys_mascoten/post/DHatq8pBVdt,"
收到香蕉🍌",2025年3月20日 星期四 下午6:13,@shopee_tw,,253,5,0,1,https://www.threads.com/@shopee_tw/post/DHbFRCTzPHW,看起來是送到心坎裡面了,2025年3月20日 星期四 下午9:39,,,7,0,0,0
uninn.social,https://www.threads.com/@uninn.social/post/DHXnlJXyRQ1,追蹤uninn.social 更多正在回覆@shopee_tw如果可以冬眠的話，我希望冬天長一點😂讚1 轉發分享,2025年3月19日 星期三 下午1:22,,,,,,,https://www.threads.com/@shopee_tw/post/DHakO6MzMI1,追蹤shopee_tw已驗證 更多如果可以不用上班的話，希望下班可以久一點（是不是哪裡怪怪的讚2 轉發分享,2025年3月20日 星期四 下午4:51,,,,,,
hitobbq.tw,https://www.threads.com/@hitobbq.tw/post/DHDSIyZJjnW,追蹤hitobbq.tw 原作者說讚更多正在回覆@shopee_tw逛蝦皮🤭 不是啦，我在剝蝦殼讚3 轉發分享,2025年3月11日 星期二 下午3:50,,,,,,,https://www.threads.com/@shopee_tw/post/DHDkKWYzb74,追蹤shopee_tw已驗證 更多不用不是啊！逛起來老闆一定也是讚2回覆轉發分享,2025年3月11日 星期二 下午6:28,,,,,,
chienhua__,https://www.threads.com/@chienhua__/post/DHDTuc-BOpt,追蹤chienhua__ 更多正在回覆@shopee_tw我來這個串文找看看有沒有我同事讚5 轉發分享,2025年3月11日 星期二 下午4:04,,,,,,,https://www.threads.com/@shopee_tw/post/DHDkE4OTGpr,追蹤shopee_tw已驗證 更多直接要在這邊聊起來嗎讚3回覆轉發分享,2025年3月11日 星期二 下午6:27,,,,,,
ttshow.tw,https://www.threads.com/@ttshow.tw/post/DHDQpjOyn_H,追蹤ttshow.tw已驗證 更多正在回覆@shopee_tw有沒有一個可能留言的各位都在同個地方🚻讚2 轉發分享,2025年3月11日 星期二 下午3:37,,,,,,,https://www.threads.com/@shopee_tw/post/DHDkAPaTnX1,追蹤shopee_tw已驗證 更多還真的會這樣！難怪我廁所都等超久！裡面又非常安靜哈哈哈哈讚2回覆轉發分享,2025年3月11日 星期二 下午6:26,,,,,,
vvb45123,https://www.threads.com/@vvb45123/post/DHCr758TsMM,追蹤vvb45123 原作者說讚更多正在回覆@shopee_tw領蝦幣阿，（樓主最想聽到的）🤣讚6 轉發分享,2025年3月11日 星期二 上午10:16,,,,,,,https://www.threads.com/@shopee_tw/post/DHCtsJUTX7m,追蹤shopee_tw已驗證 更多來賓請掌聲鼓勵👏讚8回覆轉發分享,2025年3月11日 星期二 上午10:32,,,,,,
hitobbq.tw,https://www.threads.com/@hitobbq.tw/post/DHCreEcygXt,追蹤hitobbq.tw 更多正在回覆@shopee_tw燒炭🔥讚4 轉發分享,2025年3月11日 星期二 上午10:12,,,,,,,https://www.threads.com/@shopee_tw/post/DHCtntnTyHM,追蹤shopee_tw已驗證 更多本來要回你 珍惜生命，後來發現喔 是燒烤店員工啊～讚3回覆轉發分享,2025年3月11日 星期二 上午10:31,,,,,,
dollytai_,https://www.threads.com/@dollytai_/post/DHCsXJtT2qO,但我今天遲到2分鐘讚1回覆1轉發分享,2025年3月11日 星期二 上午10:20,,,,,,,https://www.threads.com/@shopee_tw/post/DHCtiRPzgo7,追蹤shopee_tw已驗證 更多兩分鐘還好啦～～～～～讚1回覆轉發分享,2025年3月11日 星期二 上午10:30,,,,,,
chunxidabianlu,https://www.threads.com/@chunxidabianlu/post/DHCrfN0vpNy,追蹤chunxidabianlu 原作者說讚更多正在回覆@shopee_tw等你發文讚10 轉發分享,2025年3月11日 星期二 上午10:12,,,,,,,https://www.threads.com/@shopee_tw/post/DHCte5UTGx-,追蹤shopee_tw已驗證 更多每天都有人想著我 那我是不是某種渣男🤔讚1回覆轉發分享,2025年3月11日 星期二 上午10:30,,,,,,
chia_06_29,https://www.threads.com/@chia_06_29/post/DHCrh7KzGs4,追蹤chia_06_29 更多正在回覆@shopee_tw打卡後。。。裝水。。打開手機看一下脆。。。一天就去了讚9 轉發分享,2025年3月11日 星期二 上午10:13,,,,,,,https://www.threads.com/@shopee_tw/post/DHCtY_jTUIG,追蹤shopee_tw已驗證 更多脆也看太久好好笑讚9 轉發分享,2025年3月11日 星期二 上午10:29,,,,,,
agme_33,https://www.threads.com/@agme_33/post/DHCrhHbyb31,追蹤agme_33 原作者說讚更多正在回覆@shopee_tw打開所有交易所看資產減少多少 是否這個月吃土讚1 轉發分享,2025年3月11日 星期二 上午10:13,,,,,,,https://www.threads.com/@shopee_tw/post/DHCtVIcT8Re,追蹤shopee_tw已驗證 更多我一早打開，這個月我確定吃土了😭讚1 轉發分享,2025年3月11日 星期二 上午10:29,,,,,,
jsgoodlife_six,https://www.threads.com/@jsgoodlife_six/post/DHCsUzTS9dm,追蹤jsgoodlife_six 原作者說讚更多正在回覆@shopee_tw上個大號先讚1 轉發分享,2025年3月11日 星期二 上午10:20,,,,,,,https://www.threads.com/@shopee_tw/post/DHCtSW-ztaB,追蹤shopee_tw已驗證 更多很讚欸，小編便秘人，覺得可以每天大便很幸福讚1 轉發分享,2025年3月11日 星期二 上午10:28,,,,,,
hsintungyangtw,https://www.threads.com/@hsintungyangtw/post/DHCsbP_vDa4,追蹤hsintungyangtw 原作者說讚更多正在回覆@shopee_tw把電腦開機讚1 轉發分享,2025年3月11日 星期二 上午10:21,,,,,,,https://www.threads.com/@shopee_tw/post/DHCtOvozb1d,追蹤shopee_tw已驗證 更多還要先坐下來哈哈哈讚1回覆轉發分享,2025年3月11日 星期二 上午10:28,,,,,,
bao_____1211,https://www.threads.com/@bao_____1211/post/DHCsj5Jywcp,追蹤bao_____1211 原作者說讚更多正在回覆@shopee_tw賺你們家🦐幣，這樣我可以獲得更多蝦幣嗎讚1 轉發分享,2025年3月11日 星期二 上午10:22,,,,,,,https://www.threads.com/@shopee_tw/post/DHCtK-0TnbO,追蹤shopee_tw已驗證 更多目前我個人只能在座位上給你感動的愛的鼓勵 你太讚讚1 轉發分享1,2025年3月11日 星期二 上午10:27,,,,,,
jct__travel,https://www.threads.com/@jct__travel/post/DHCqyuyyjxd,追蹤jct__travel 更多正在回覆@shopee_tw跟同事聊天XDDD順便聊現在去哪最划算讚2 轉發分享,2025年3月11日 星期二 上午10:06,,,,,,,https://www.threads.com/@shopee_tw/post/DHCtGLDzCDB,追蹤shopee_tw已驗證 更多首推日本！爆買到回來只能繼續好好上班讚3 轉發分享,2025年3月11日 星期二 上午10:27,,,,,,
good.morning.my.dear.friend,https://www.threads.com/@good.morning.my.dear.friend/post/DHCqG4JvnFG,追蹤good.morning.my.dear.friend已驗證 更多正在回覆@shopee_tw念佛讚12 轉發分享2,2025年3月11日 星期二 上午10:00,,,,,,,https://www.threads.com/@shopee_tw/post/DHCs-qkTYY8,追蹤shopee_tw已驗證 更多配一些靜思語會更好😂讚4回覆轉發分享,2025年3月11日 星期二 上午10:25,,,,,,
npm_south,https://www.threads.com/@npm_south/post/DHCqaIkTe3v,追蹤npm_south已驗證 原作者說讚更多正在回覆@shopee_tw看看有沒有人在想我讚68 轉發分享,2025年3月11日 星期二 上午10:03,,,,,,,https://www.threads.com/@shopee_tw/post/DHCs6-HT4z9,追蹤shopee_tw已驗證 更多結果是主管哈哈哈讚8回覆轉發分享,2025年3月11日 星期二 上午10:25,,,,,,
mzp.jpg,https://www.threads.com/@mzp.jpg/post/DG-XE1NvB39,追蹤mzp.jpg已驗證 更多買73個東西 分成73個包裹寄來⋯⋯⋯ 已靜音讚8.6 萬回覆712 分享1.2 萬,2025年3月9日 星期日 下午5:57,,No photo description available.,,,,,https://www.threads.com/@shopee_tw/post/DHA6lLmzi2T,"追蹤shopee_tw已驗證 原作者說讚更多Ok 我以為上次五個就稱王了，我認輸讚1,140 轉發分享8",2025年3月10日 星期一 下午5:46,,,,,,
bottom_blank,https://www.threads.com/@bottom_blank/post/DGx07TESN8X,"
是天在慶祝上班日直到週末",2025年3月4日 星期二 下午9:08,@shopee_tw,,0,1,0,0,https://www.threads.com/@shopee_tw/post/DGzZR1CTHgY,抱歉⋯這個留言的愛心 我按不下去😠,2025年3月5日 星期三 上午11:45,,,1,0,0,0
myvideo_twm,https://www.threads.com/@myvideo_twm/post/DGxkZd5SOxJ,"
樓上的我已逃ಥ_ಥ",2025年3月4日 星期二 下午6:43,@shopee_tw,,5,1,0,0,https://www.threads.com/@shopee_tw/post/DGzZNjEz4Wj,不要走！不要走！留下來⋯⋯⋯⋯,2025年3月5日 星期三 上午11:44,,,1,0,0,0
bestmate.pet,https://www.threads.com/@bestmate.pet/post/DGzXeiUy9JD,"
是想把你困在我懷裡",2025年3月5日 星期三 上午11:29,@shopee_tw,,1,1,0,0,https://www.threads.com/@shopee_tw/post/DGzZJ84zIp9,逼逼逼 維 請問是警察嗎？ 這個人偷竊 偷我的心！,2025年3月5日 星期三 上午11:44,,,0,1,0,0
xuan_0470,https://www.threads.com/@xuan_0470/post/DGzWd1SPYGd,"
是讓你清醒一點",2025年3月5日 星期三 上午11:20,@shopee_tw,,1,1,0,0,https://www.threads.com/@shopee_tw/post/DGzZABfTOGF,好 我看清楚自己的貧窮了,2025年3月5日 星期三 上午11:42,,,0,0,0,0
optimumnutritiontwhkg,https://www.threads.com/@optimumnutritiontwhkg/post/DGyDGiVy9td,"
雨再大🌧️也不能阻撓我們在健身房相見",2025年3月4日 星期二 下午11:12,@shopee_tw,,0,1,0,0,https://www.threads.com/@shopee_tw/post/DGzY8vLzkVg,欸 沒有 我真的左轉騎車回家沒去運動 哈哈哈哈,2025年3月5日 星期三 上午11:42,,,0,1,0,0
hino_profia_tractor,https://www.threads.com/@hino_profia_tractor/post/DGxpKDBRffQ,"
我們司機一樣也在淋雨，送你們的包裹",2025年3月4日 星期二 下午7:25,@shopee_tw,No photo description available.,10,2,0,0,https://www.threads.com/@shopee_tw/post/DGzY47QzGBb,感謝有你😭,2025年3月5日 星期三 上午11:41,,,1,1,0,0
logan_09_28,https://www.threads.com/@logan_09_28/post/DGxtRzMz9Bt,"
：雨下得那麼大，也淋濕不了我想妳的心",2025年3月4日 星期二 下午8:01,@shopee_tw,,5,2,0,0,https://www.threads.com/@shopee_tw/post/DGzY0X9zfPS,好 被撩到了 請負責！,2025年3月5日 星期三 上午11:41,,,1,0,0,0
tw__disaster,https://www.threads.com/@tw__disaster/post/DGxuwhmyh0z,"
讓你繼續上班到明天。（誤",2025年3月4日 星期二 下午8:14,@shopee_tw,,15,1,0,0,https://www.threads.com/@shopee_tw/post/DGzYxNdTNLv,這個人真的太狠了！,2025年3月5日 星期三 上午11:40,,,0,0,0,0
918w_capital,https://www.threads.com/@918w_capital/post/DGyBYp3BOx0,"
雨說：我不能給你桑延 那就給你加班吧",2025年3月4日 星期二 下午10:57,@shopee_tw,No photo description available.,21,1,0,0,https://www.threads.com/@shopee_tw/post/DGzYssbT86b,就讓大雨一直的下 我的心 我的心 已經完全的失去方向 🎵🎵,2025年3月5日 星期三 上午11:40,,,3,0,0,0
typhoon_mi,https://www.threads.com/@typhoon_mi/post/DGxjdJtylM9,"
會下到明早欸，大概都是。",2025年3月4日 星期二 下午6:35,@shopee_tw,,53,1,0,0,https://www.threads.com/@shopee_tw/post/DGzYmJtz3Xt,OK 翻開覆蓋的請假卡😂,2025年3月5日 星期三 上午11:39,,,3,0,0,0
megapxmart,https://www.threads.com/@megapxmart/post/DGe7y1iTZ0v,"
再蓋幾間大潤發😎✨",2025年2月25日 星期二 下午1:02,@shopee_tw,,153,3,1,1,https://www.threads.com/@shopee_tw/post/DGfGsjxzxe2,到底大潤發在哪裡～～～,2025年2月25日 星期二 下午2:38,,,96,1,0,1
bamboogogogo,https://www.threads.com/@bamboogogogo/post/DGe4Xh-SEos,"
別問了🥲",2025年2月25日 星期二 下午12:32,@shopee_tw,,67,1,0,0,https://www.threads.com/@shopee_tw/post/DGe_8nXT3kl,打字打著就哭了,2025年2月25日 星期二 下午1:39,,,25,0,0,0
good.morning.my.dear.friend,https://www.threads.com/@good.morning.my.dear.friend/post/DGe8B2Rv0ts,"
出家",2025年2月25日 星期二 下午1:04,@shopee_tw,,22,1,0,0,https://www.threads.com/@shopee_tw/post/DGe_5cnTwKS,錢財都是浮雲,2025年2月25日 星期二 下午1:38,,,12,1,0,0
727lsw,https://www.threads.com/@727lsw/post/DGe3X1Bz8Aq,"
買下蝦皮",2025年2月25日 星期二 下午12:24,@shopee_tw,,450,4,0,1,https://www.threads.com/@shopee_tw/post/DGe_0pRz6TL,快來,2025年2月25日 星期二 下午1:37,,,109,0,0,0
xinen2244,https://www.threads.com/@xinen2244/post/DGdcoymTVqN,他明明是雞塊,2025年2月24日 星期一 下午11:11,,No photo description available.,204,44,0,11,https://www.threads.com/@shopee_tw/post/DGenx9dzhsW,玉求布滿,2025年2月25日 星期二 上午10:07,,,58,1,0,3
museacg,https://www.threads.com/@museacg/post/DGenR8fzYEr,我要結婚了。,2025年2月25日 星期二 上午10:03,,No photo description available.,889,25,17,23,https://www.threads.com/@shopee_tw/post/DGenssDTX8c,我先飲茶,2025年2月25日 星期二 上午10:07,,,42,1,0,0
bwp8140,https://www.threads.com/@bwp8140/post/DGYFGa2TXSU,"
吼 吼吼 吼吼吼 吼吼
吼吼 吼吼
吼
吼
吼
吼 吼吼 吼吼吼 吼吼
吼吼 吼吼
吼
吼
吼",2025年2月22日 星期六 下午9:09,@shopee_tw,,7,1,0,0,https://www.threads.com/@shopee_tw/post/DGYHisgz2Vn,有聲音的文字,2025年2月22日 星期六 下午9:30,,,3,0,0,0
good.morning.my.dear.friend,https://www.threads.com/@good.morning.my.dear.friend/post/DGX_0vHvj4v,追蹤good.morning.my.dear.friend已驗證 原作者說讚更多正在回覆@shopee_tw 回覆1轉發分享,2025年2月22日 星期六 下午8:23,,No photo description available.,,,,,https://www.threads.com/@shopee_tw/post/DGYHfNjzr3D,追蹤shopee_tw已驗證 更多相信玄學讚6回覆轉發分享,2025年2月22日 星期六 下午9:30,,,,,,
sharonarielshen,https://www.threads.com/@sharonarielshen/post/DGUW5HOzvRi,追蹤sharonarielshen 原作者說讚更多正在回覆@shopee_tw很久沒收到禮物了 謝謝小編讚16 轉發分享,2025年2月21日 星期五 上午10:27,,No photo description available.,,,,,https://www.threads.com/@shopee_tw/post/DGUcf9xzNLK,追蹤shopee_tw已驗證 更多不客氣❤️讚1回覆轉發分享,2025年2月21日 星期五 上午11:16,,,,,,
mentally.ill86,https://www.threads.com/@mentally.ill86/post/DGSgCiohNKw,"追蹤mentally.ill86 更多冷知識：每個喜歡抖腳的人 心中都有一台裁縫機 讚7,216 轉發812",2025年2月20日 星期四 下午5:09,,,,,,,https://www.threads.com/@shopee_tw/post/DGSmAkGzNQG,追蹤shopee_tw已驗證 原作者說讚更多@netflixtw 泰煥讚24 轉發分享2,2025年2月20日 星期四 下午6:01,,,,,,
8yotea,https://www.threads.com/@8yotea/post/DGQgXcwhrF8,已驗證 已編輯原作者說讚更多,2025年2月19日 星期三 下午10:33,,,0,0,0,0,https://www.threads.com/@shopee_tw/post/DGSl6MfTlj0,追蹤shopee_tw已驗證 更多推讚回覆轉發分享,2025年2月20日 星期四 下午6:00,,,,,,
mr_dino_0924,https://www.threads.com/@mr_dino_0924/post/DGPiEeRTZuz,"除了發了自爽之外
如果有店家想用這個來打知名度完全沒意義Threads 的引流方式完全是照話題熱度
即便內文寫再好
推不出去就是推不出去 1/2讚545回覆98轉發5分享5",2025年2月19日 星期三 下午1:29,,,,,,,https://www.threads.com/@shopee_tw/post/DGSl3xMTvY8,追蹤shopee_tw已驗證 更多你說的對，但是讚16 轉發分享,2025年2月20日 星期四 下午6:00,,,,,,
taiwanflyn,https://www.threads.com/@taiwanflyn/post/DGSJ4Q-v7w4,追蹤taiwanflyn 原作者說讚更多正在回覆@shopee_tw小編在嗑什麼？可以給我來一點嗎讚8 轉發分享,2025年2月20日 星期四 下午1:55,,,,,,,https://www.threads.com/@shopee_tw/post/DGSlwtWTE_L,追蹤shopee_tw已驗證 更多吃土👻 翻譯讚7回覆轉發分享,2025年2月20日 星期四 下午5:59,,,,,,
carrefourtaiwan,https://www.threads.com/@carrefourtaiwan/post/DGMz1MLTd4n,"追蹤carrefourtaiwan已驗證家樂福蕃茄季 更多蕃轉.餓運.家樂福蕃茄季讚6,547 轉發167",2025年2月18日 星期二 下午12:06,,No photo description available. | No photo description available. | No photo description available. | No photo description available. | No photo description available.,,,,,https://www.threads.com/@shopee_tw/post/DGSlsjIzoEv,追蹤shopee_tw已驗證 更多我們算是一種絕配讚33回覆轉發分享1,2025年2月20日 星期四 下午5:58,,No photo description available.,,,,
npm_south,https://www.threads.com/@npm_south/post/DGSGWi7JJx2,追蹤npm_south已驗證 原作者說讚更多正在回覆@shopee_tw太蜂了讚238 轉發分享,2025年2月20日 星期四 下午1:24,,No photo description available.,,,,,https://www.threads.com/@shopee_tw/post/DGSa91XTGzQ,追蹤shopee_tw已驗證 更多蜂起來連自己都怕讚11回覆轉發分享,2025年2月20日 星期四 下午4:25,,,,,,
idiotopposition,https://www.threads.com/@idiotopposition/post/DGL69vazqPA,"我獨自升級： 龍傲天番 無聊
無職轉生：噁男 難看
芙莉蓮：好慢 無趣
史萊姆：不戰鬥 政治 好水
…其他太多不贅述這幾部製作上都是T1甚至T0等級
客觀都是一等一
但總有些人主觀偏差太多
讓我看得頭好痛 🥸讚5,910回覆741轉發160分享305",2025年2月18日 星期二 上午3:49,,,,,,,https://www.threads.com/@shopee_tw/post/DGPImnvT1WI,追蹤shopee_tw已驗證 更多？讚147 轉發分享2,2025年2月19日 星期三 上午9:46,,,,,,
szms_95,https://www.threads.com/@szms_95/post/DGJadpZzao5,"追蹤szms_95 更多人生的夢想是去義大利拍一組照片文案寫我不在意你了 我在義大利。讚5.8 萬回覆526 分享7,229",2025年2月17日 星期一 上午4:27,,,,,,,https://www.threads.com/@shopee_tw/post/DGMp1u9T0ts,"文案寫
比起送你花 更想給錢讓你花讚179回覆1轉發分享3",2025年2月18日 星期二 上午10:39,,,,,,
pizzahut.taiwan,https://www.threads.com/@pizzahut.taiwan/post/DGX4PiHSHCc,"
當然是準備好「祝必勝套餐」為球員加油打氣🔥🍕",2025年2月22日 星期六 下午7:17,@shopee_tw,,15,1,0,2,https://www.threads.com/@shopee_tw/post/DGYHg75TCUa,我直接吃爆！！！！！！,2025年2月22日 星期六 下午9:30,,,4,0,0,0
offmode.lab,https://www.threads.com/@offmode.lab/post/DGJ_m-wSm2W,冷知識：沒有孩子的30歲約等於特別有錢的20歲,2025年2月17日 星期一 上午9:52,,,11000,53,261,1256,https://www.threads.com/@shopee_tw/post/DGMjlyATBcT,,2025年2月18日 星期二 上午9:44,,,11,0,0,2
morning_1117,https://www.threads.com/@morning_1117/post/DGEz84rywRw,梗圖分享,2025年2月15日 星期六 上午9:33,,No photo description available.,37000,92,3581,2586,https://www.threads.com/@shopee_tw/post/DGGAHeLTl2R,你是不是忘了誰？,2025年2月15日 星期六 下午8:39,,,4203,27,3,33
yochin19325,https://www.threads.com/@yochin19325/post/DGCy1SDT8SM,"
蝦皮小編怎麼了
再這樣我要買一輩子蝦皮了喔😡",2025年2月14日 星期五 下午2:45,@shopee_tw,,144,1,1,2,https://www.threads.com/@shopee_tw/post/DGC3pWqTfYu,畢竟是一輩子的事,2025年2月14日 星期五 下午3:27,,,101,1,0,0
lauuuu_en,https://www.threads.com/@lauuuu_en/post/DGCJV-fTSwa,"
不可能蝦皮也在Go",2025年2月14日 星期五 上午8:43,@shopee_tw,,4,2,0,3,https://www.threads.com/@shopee_tw/post/DGCWjYszzk8,蝦皮GO物,2025年2月14日 星期五 上午10:38,,,46,1,0,3
museacg,https://www.threads.com/@museacg/post/DGBKKwXhp9u,,2025年2月13日 星期四 下午11:31,@shopee_tw,,878,3,1,16,https://www.threads.com/@shopee_tw/post/DGCWg9Cz6pJ,最新一集圓滿了,2025年2月14日 星期五 上午10:38,,,85,1,0,1
typhoon_mi,https://www.threads.com/@typhoon_mi/post/DF79paES_t9,"
欸乾真的 ㄅ行",2025年2月11日 星期二 下午11:05,@shopee_tw,,43,1,0,1,https://www.threads.com/@shopee_tw/post/DF_vvt1TkK8,,2025年2月13日 星期四 上午10:21,,,0,0,0,0
bu_920,https://www.threads.com/@bu_920/post/DF7-ZVEzH4A,"
你484也這樣覺得",2025年2月11日 星期二 下午11:12,@shopee_tw,No photo description available.,60,1,1,13,https://www.threads.com/@shopee_tw/post/DF_vuQszIK2,懷疑時安有入股Netflix,2025年2月13日 星期四 上午10:20,,,1,0,0,0
1._ying,https://www.threads.com/@1._ying/post/DF_YRGtTncT,追蹤1._ying 原作者說讚更多正在回覆@shopee_tw連3篇都是蝦皮 蝦小編是不是有點愛刷存在感😂😂讚4 轉發分享,2025年2月13日 星期四 上午6:55,,No photo description available.,,,,,https://www.threads.com/@shopee_tw/post/DF_vhZ2T9A0,追蹤shopee_tw已驗證 更多謝謝你的稱讚讚1回覆轉發分享,2025年2月13日 星期四 上午10:19,,,,,,
gbyezen,https://www.threads.com/@gbyezen/post/DF9weYczZbm,（你們認真開募款一定可以的，蝦皮那麼懂流量希望開啟新支線）讚35回覆1轉發分享,2025年2月12日 星期三 下午3:48,,,,,,,https://www.threads.com/@shopee_tw/post/DF_t3i4zthU,追蹤shopee_tw已驗證 更多好的 請賺錢到我的line pay（欸讚2回覆轉發分享,2025年2月13日 星期四 上午10:04,,,,,,
elacheln,https://www.threads.com/@elacheln/post/DF93R3XzNtZ,追蹤elacheln已驗證 原作者說讚更多正在回覆@shopee_tw這個蝦皮你拍的比較好看🤣讚3 轉發分享,2025年2月12日 星期三 下午4:48,,,,,,,https://www.threads.com/@shopee_tw/post/DF_tzR9T7Hx,追蹤shopee_tw已驗證 更多Netflix可以找我們feat.一下讚1回覆轉發分享,2025年2月13日 星期四 上午10:04,,,,,,
e_o2930rene,https://www.threads.com/@e_o2930rene/post/DF-XDCdS2-4,追蹤e_o2930rene 原作者說讚更多正在回覆@shopee_tw冒犯到我了……😕讚2 轉發分享,2025年2月12日 星期三 下午9:25,,,,,,,https://www.threads.com/@shopee_tw/post/DF_tvJVTojq,追蹤shopee_tw已驗證 更多🥹🥹🥹讚2回覆轉發分享,2025年2月13日 星期四 上午10:03,,,,,,
iamrexchou,https://www.threads.com/@iamrexchou/post/DF-PtBBBtsE,追蹤iamrexchou 原作者說讚更多正在回覆@shopee_tw有跟上🫨讚1 轉發分享,2025年2月12日 星期三 下午8:21,,,,,,,https://www.threads.com/@shopee_tw/post/DF-dQPyzaB9,追蹤shopee_tw已驗證 更多快還要更快讚2回覆轉發分享,2025年2月12日 星期三 下午10:20,,,,,,
museacg,https://www.threads.com/@museacg/post/DF97evjx5a3,"追蹤museacg 更多賞巨人 讚2,902 轉發82",2025年2月12日 星期三 下午5:25,,No photo description available.,,,,,https://www.threads.com/@shopee_tw/post/DF9-yjsz4MN,追蹤shopee_tw已驗證 原作者說讚更多那些傢伙竟然沒有無視燈讚46回覆轉發分享1,2025年2月12日 星期三 下午5:54,,,,,,
terry_b.d,https://www.threads.com/@terry_b.d/post/DF9yAb9Phgb,追蹤terry_b.d 原作者說讚更多正在回覆@shopee_tw拜託要播1小時以上讚78 轉發分享,2025年2月12日 星期三 下午4:02,,,,,,,https://www.threads.com/@shopee_tw/post/DF919IyTuJr,追蹤shopee_tw已驗證 更多直接上YT馬拉松讚37回覆轉發分享,2025年2月12日 星期三 下午4:36,,,,,,
183desu,https://www.threads.com/@183desu/post/DF9zgJoyQV7,真的是太厲害太喜歡了😍讚21回覆1轉發分享,2025年2月12日 星期三 下午4:15,,,,,,,https://www.threads.com/@shopee_tw/post/DF914IxTKfA,追蹤shopee_tw已驗證 更多還得是我們讚28回覆轉發分享,2025年2月12日 星期三 下午4:36,,,,,,
meetjp_smile,https://www.threads.com/@meetjp_smile/post/DF9YYLgyvFy,感謝提供這個完美理由🙏🏻🥲讚17回覆1轉發分享,2025年2月12日 星期三 下午12:18,,,,,,,https://www.threads.com/@shopee_tw/post/DF9ZVN-z2Eo,追蹤shopee_tw已驗證 更多必須請讚6回覆轉發分享,2025年2月12日 星期三 下午12:26,,,,,,
vincent_10_15_,https://www.threads.com/@vincent_10_15_/post/DF9V01VB6SS,追蹤vincent_10_15_ 原作者說讚更多正在回覆@shopee_twSuper愛抖真的不行❌讚59 轉發分享,2025年2月12日 星期三 上午11:56,,,,,,,https://www.threads.com/@shopee_tw/post/DF9XBZvT-bj,追蹤shopee_tw已驗證 更多可能以為在刷碟讚10回覆轉發分享,2025年2月12日 星期三 下午12:06,,,,,,
wanpotea.wufeng,https://www.threads.com/@wanpotea.wufeng/post/DF9WD_Dzvdd,追蹤wanpotea.wufeng 原作者說讚更多正在回覆@shopee_tw氣到字越寫越歪讚15 轉發分享1,2025年2月12日 星期三 上午11:58,,,,,,,https://www.threads.com/@shopee_tw/post/DF9W-MgT3f-,追蹤shopee_tw已驗證 更多歪氣扭八讚11回覆轉發分享,2025年2月12日 星期三 下午12:06,,,,,,
good.morning.my.dear.friend,https://www.threads.com/@good.morning.my.dear.friend/post/DF2-gMKvOjD,按讚會加功德欸讚544回覆17轉發2分享1,2025年2月10日 星期一 上午12:36,,,,,,,https://www.threads.com/@shopee_tw/post/DF77iEUTFxz,追蹤shopee_tw已驗證 原作者說讚更多必須讚讚16 轉發分享1,2025年2月11日 星期二 下午10:47,,,,,,
yuchih_tzeng,https://www.threads.com/@yuchih_tzeng/post/DF7o6tVzdhe,"單身即地獄4讚9,930回覆109轉發587分享1,158",2025年2月11日 星期二 下午8:04,,No photo description available. | No photo description available. | No photo description available. | No photo description available. | No photo description available. | No photo description available. | No photo description available.,,,,,https://www.threads.com/@shopee_tw/post/DF75BPCzI4I,追蹤shopee_tw已驗證 原作者說讚更多我放一罐導油在這讚87 轉發分享5,2025年2月11日 星期二 下午10:25,,No photo description available.,,,,
napteazzz,https://www.threads.com/@napteazzz/post/DF7kFstP3jg,"就算熬夜也要把 單身即地獄4 結局追完神預測這季會有3對配對成功
先說我是泰晤派！ 1/2讚782回覆19轉發2分享12",2025年2月11日 星期二 下午7:22,,,,,,,https://www.threads.com/@shopee_tw/post/DF74yRLT62X,追蹤shopee_tw已驗證 原作者說讚更多純愛戰士泰晤值得更好的😭😭😭讚26 轉發分享1,2025年2月11日 星期二 下午10:23,,,,,,
yingsongl,https://www.threads.com/@yingsongl/post/DF7b6E3vRS0,追蹤yingsongl 更多正在回覆@netflixtw 回覆1轉發分享1,2025年2月11日 星期二 下午6:10,,No photo description available.,,,,,https://www.threads.com/@shopee_tw/post/DF74pv3zXJW,追蹤shopee_tw已驗證 更多暴雷母湯讚3回覆轉發分享,2025年2月11日 星期二 下午10:21,,,,,,
maxlykan_tahmg,https://www.threads.com/@maxlykan_tahmg/post/DF7UI4fPA3S,追蹤maxlykan_tahmg 原作者說讚更多正在回覆@shopee_tw男主最後沒有死讚108 轉發分享,2025年2月11日 星期二 下午5:02,,,,,,,https://www.threads.com/@shopee_tw/post/DF74iPvzKR2,追蹤shopee_tw已驗證 更多艾斯死了 翻譯讚15回覆轉發分享,2025年2月11日 星期二 下午10:20,,,,,,
allennlai,https://www.threads.com/@allennlai/post/DF7SWQnS9Wr,追蹤allennlai 原作者說讚更多正在回覆@shopee_tw：先把我加回群組啦(((我不會暴雷讚14 轉發分享,2025年2月11日 星期二 下午4:47,,,,,,,https://www.threads.com/@shopee_tw/post/DF74gSczNy4,追蹤shopee_tw已驗證 更多好讚2回覆轉發分享,2025年2月11日 星期二 下午10:20,,,,,,
netflixtw,https://www.threads.com/@netflixtw/post/DF6xe_NMk1N,"單身即地獄 第4季今天播出最終配對💘讚2,972回覆40轉發116分享714",2025年2月11日 星期二 下午12:00,,No photo description available.,,,,,https://www.threads.com/@shopee_tw/post/DF6z_uGTlPu,追蹤shopee_tw已驗證 更多我們boo了線上會議，歡迎加入讚24回覆轉發分享2,2025年2月11日 星期二 下午12:21,,,,,,
netflixtw,https://www.threads.com/@netflixtw/post/DF6g5HQpt-m,"舞台燈光亮起，出現的竟是⋯？分手擂台2025 原班人馬驚喜回歸
2/13 關注 #NetflixTW 官方社群
有吵、有笑、有熱鬧🔥👀#婚姻不是童話故事已靜音讚1.8 萬回覆892轉發1,251分享1.7 萬",2025年2月11日 星期二 上午10:00,,,,,,,https://www.threads.com/@shopee_tw/post/DF6kknfz7ak,追蹤shopee_tw已驗證 更多等不及的各位，可以先看我們拍的嘻嘻已靜音Instagram logoshopee_tw 回覆11 分享112,2025年2月11日 星期二 上午10:07,,,,,,
jay_e_0908,https://www.threads.com/@jay_e_0908/post/DF99UecSzfJ,"
幫你放ED : 普通和理所當然是什麼呢",2025年2月12日 星期三 下午5:41,@shopee_tw,,2,1,0,0,https://www.threads.com/@shopee_tw/post/DF_vpJBTcLd,"現在是：
拉起白銀絲線傳達的思念 在絲線盡頭 緊懷滿月的話",2025年2月13日 星期四 上午10:20,,,1,0,0,0
ugtea_official,https://www.threads.com/@ugtea_official/post/DF8P7P7Ts7z,"
時安大隊",2025年2月12日 星期三 上午1:45,@shopee_tw,,5,1,0,0,https://www.threads.com/@shopee_tw/post/DF_vip7z_T-,我不懂,2025年2月13日 星期四 上午10:19,,,0,0,0,0
onionman__,https://www.threads.com/@onionman__/post/DFvRqAUyIir,,2025年2月7日 星期五 上午12:50,@shopee_tw,No photo description available.,2060,12,33,42,https://www.threads.com/@shopee_tw/post/DF4cWxMTsCO,感覺接下來要說新年吉祥話,2025年2月10日 星期一 下午2:16,,,0,0,0,0
wcj_1103,https://www.threads.com/@wcj_1103/post/DFvIKLBTRIM,,2025年2月6日 星期四 下午11:27,@shopee_tw,No photo description available.,61,1,0,0,https://www.threads.com/@shopee_tw/post/DFvgbgLzGF-,不要靠近我啊！,2025年2月7日 星期五 上午2:59,,,1,0,0,0
6xyuuz,https://www.threads.com/@6xyuuz/post/DFuonQTzDK3,,2025年2月6日 星期四 下午6:51,@shopee_tw,No photo description available.,772,7,1,12,https://www.threads.com/@shopee_tw/post/DFvgQeZT2UX,擊殺勇者的魔法,2025年2月7日 星期五 上午2:57,,,47,0,0,0
thinkaboutgomi_,https://www.threads.com/@thinkaboutgomi_/post/DFunOboTbsm,,2025年2月6日 星期四 下午6:39,@shopee_tw,No photo description available.,222,5,4,5,https://www.threads.com/@shopee_tw/post/DFvgN5Zz1q0,智將❤️,2025年2月7日 星期五 上午2:57,,,6,0,0,0
quggrrzj,https://www.threads.com/@quggrrzj/post/DFvC8e6hJSH,"
即便隨手還是得畫出樣子",2025年2月6日 星期四 下午10:41,@shopee_tw,No photo description available.,85,2,0,0,https://www.threads.com/@shopee_tw/post/DFvgIbmTH2I,Sakana ～,2025年2月7日 星期五 上午2:56,,,7,0,0,0
ec.wife,https://www.threads.com/@ec.wife/post/DFu6YuLhTP_,"
參戰",2025年2月6日 星期四 下午9:26,@shopee_tw,No photo description available.,372,7,0,13,https://www.threads.com/@shopee_tw/post/DFvGpcQzC6F,不可以…,2025年2月6日 星期四 下午11:14,,,53,1,0,0
athens_ch___,https://www.threads.com/@athens_ch___/post/DFugyRepofF,"
努力過了",2025年2月6日 星期四 下午5:43,@shopee_tw,No photo description available.,297,5,1,8,https://www.threads.com/@shopee_tw/post/DFusCtczLDc,烤蕃薯…,2025年2月6日 星期四 下午7:21,,,62,1,0,2
klooktw,https://www.threads.com/@klooktw/post/DFt8Q0_pRTq,"不懂就問
大家為什麼會想出去玩🤔",2025年2月6日 星期四 下午12:24,,,70,40,2,4,https://www.threads.com/@shopee_tw/post/DFufaRWva-s,懂了就不會是社畜了,2025年2月6日 星期四 下午5:31,,,5,1,0,0
taog.game,https://www.threads.com/@taog.game/post/DFudTICvrCo,,2025年2月6日 星期四 下午5:12,@shopee_tw,No photo description available.,425,4,0,2,https://www.threads.com/@shopee_tw/post/DFufF2Iv1M2,這根本不是隨手畫的！,2025年2月6日 星期四 下午5:28,,,94,1,0,0
davmak_hk,https://www.threads.com/@davmak_hk/post/DFudGlhTT72,,2025年2月6日 星期四 下午5:11,@shopee_tw,No photo description available.,88,2,0,2,https://www.threads.com/@shopee_tw/post/DFufD4lvrlx,有獨,2025年2月6日 星期四 下午5:28,,,3,0,0,0
ouo__0612,https://www.threads.com/@ouo__0612/post/DFubnBSPD3n,,2025年2月6日 星期四 下午4:57,@shopee_tw,No photo description available.,250,10,3,19,https://www.threads.com/@shopee_tw/post/DFue_jVPaZK,一定是皮卡丘,2025年2月6日 星期四 下午5:27,,,49,1,0,0
mepu_dd,https://www.threads.com/@mepu_dd/post/DFuZdiJSxDP,"
對，就是今晚",2025年2月6日 星期四 下午4:39,@shopee_tw,No photo description available.,228,1,2,6,https://www.threads.com/@shopee_tw/post/DFue92KPd1V,偶內該…瓦塔西…,2025年2月6日 星期四 下午5:27,,,45,0,0,1
millet0102,https://www.threads.com/@millet0102/post/DFudvjJydy-,,2025年2月6日 星期四 下午5:16,@shopee_tw,No photo description available.,565,7,4,27,https://www.threads.com/@shopee_tw/post/DFue6pGvn7x,為什麼,2025年2月6日 星期四 下午5:26,,,98,1,0,0
bbq_7321422,https://www.threads.com/@bbq_7321422/post/DFuL-oSBH3O,"
你的名字",2025年2月6日 星期四 下午2:41,@chai.__.0416,,3,2,0,0,https://www.threads.com/@shopee_tw/post/DFue4FevG6q,太扯,2025年2月6日 星期四 下午5:26,,,2,0,0,0
00life_1010,https://www.threads.com/@00life_1010/post/DFuWOqMhp3J,"
好想要免運自由",2025年2月6日 星期四 下午4:10,@shopee_tw,No photo description available.,277,2,0,3,https://www.threads.com/@shopee_tw/post/DFue2f6vk_U,@gu_taiwan,2025年2月6日 星期四 下午5:26,,,146,1,0,5
d_13sjie1491,https://www.threads.com/@d_13sjie1491/post/DFuQhuYztrN,,2025年2月6日 星期四 下午3:21,@shopee_tw,No photo description available.,233,8,6,8,https://www.threads.com/@shopee_tw/post/DFue1EfPSZt,父愛如山,2025年2月6日 星期四 下午5:26,,,30,0,0,1
jerry_fly_pig,https://www.threads.com/@jerry_fly_pig/post/DFuKgGwza5j,"
這我會",2025年2月6日 星期四 下午2:28,@shopee_tw,No photo description available.,180,1,0,2,https://www.threads.com/@shopee_tw/post/DFuezUFvYmw,我鍇他超,2025年2月6日 星期四 下午5:25,,,30,1,0,0
momokids_channel,https://www.threads.com/@momokids_channel/post/DFuOi5HpOTc,"
沒有婆，最強小學生可以嗎?
(劇場版現在有雙語喔~(✧Д✧)ノ)
🖤點編",2025年2月6日 星期四 下午3:03,@shopee_tw,No photo description available.,533,2,1,2,https://www.threads.com/@shopee_tw/post/DFuexxkPOis,太精美了！OUT！,2025年2月6日 星期四 下午5:25,,,76,1,0,1
typhoon_mi,https://www.threads.com/@typhoon_mi/post/DFuP4awy4v6,"
我會我會",2025年2月6日 星期四 下午3:15,@shopee_tw,No photo description available.,421,2,5,8,https://www.threads.com/@shopee_tw/post/DFuevsYvgXb,我兔威武,2025年2月6日 星期四 下午5:25,,,26,1,0,0
yety4381,https://www.threads.com/@yety4381/post/DFuRtMyvndG,"
我開始懷疑這是不是官方了🤔",2025年2月6日 星期四 下午3:31,@museacg,,34,1,0,0,https://www.threads.com/@shopee_tw/post/DFuetfGvsyN,也沒有可能木棉花和蝦皮小編是同一人,2025年2月6日 星期四 下午5:25,,,92,2,0,4
yunn8.18,https://www.threads.com/@yunn8.18/post/DFuKWG_vAuy,"
幫我撐10秒",2025年2月6日 星期四 下午2:27,@shopee_tw,,29,1,0,0,https://www.threads.com/@shopee_tw/post/DFuep5evCMB,太快了,2025年2月6日 星期四 下午5:24,,,3,1,0,0
lulu__0921,https://www.threads.com/@lulu__0921/post/DFsP5zwy0LA,我的蝦子⋯,2025年2月5日 星期三 下午8:37,,,90000,1473,9322,53000,https://www.threads.com/@shopee_tw/post/DFtsKH4yV4v,高歌離席～,2025年2月6日 星期四 上午10:03,,,1160,5,0,7
8yotea,https://www.threads.com/@8yotea/post/DFridwisFu0,"明天就要春酒了，老闆到現在還沒回我
他說今年加碼讓我看著辦🙂
-
請大家一起幫曜頭看著辦
所以這篇文❤️「1顆愛心 5塊錢」當春酒加碼
-
👇按這裡，讓老闆看著辦！！",2025年2月5日 星期三 下午2:00,,No photo description available.,23000,729,289,614,https://www.threads.com/@shopee_tw/post/DFsFMDOv112,不用客氣,2025年2月5日 星期三 下午7:03,,,233,2,0,2
ikemenn5487,https://www.threads.com/@ikemenn5487/post/DFpr1wAT5mj,"日本暴走族用字意思整理：
夜露死苦 = 請多指教
愛死天流 = 我愛你
愛羅武勇 = 我愛你
怒羅衛門 = 哆啦A夢
佛恥義理 = 壓倒性勝利
走死走愛 = 相思相愛
摩武駄致 = 真誠朋友
鬼魔愚零 = 任意隨性
魔暴露死 = 空幻虛假
魔苦怒奈流怒 = 麥當當",2025年2月4日 星期二 下午8:43,,,3078,43,305,744,https://www.threads.com/@shopee_tw/post/DFsBnV9vM24,愛鄙挪華我 = 蝦皮,2025年2月5日 星期三 下午6:32,,,56,0,0,2
museacg,https://www.threads.com/@museacg/post/DFp0kW6SxaH,"看大家都在玩
我們也來玩一下
嗯？？？？？",2025年2月4日 星期二 下午9:59,,No photo description available.,1461,20,7,18,https://www.threads.com/@shopee_tw/post/DFqLa8cSrYN,為什麼有我？,2025年2月5日 星期三 上午1:19,,,241,3,0,3
aray_comix,https://www.threads.com/@aray_comix/post/DFpmB-NzXA4,我已經死了,2025年2月4日 星期二 下午7:52,,No photo description available.,7721,120,905,2115,https://www.threads.com/@shopee_tw/post/DFqChdUSm0f,看起來坐廁所滑蝦皮可以多活一點,2025年2月5日 星期三 上午12:01,,,94,0,0,3
kevin_wang0118,https://www.threads.com/@kevin_wang0118/post/DFkvpbxzv2O,"
所以哪個兒子才是真的？",2025年2月2日 星期日 下午10:40,@shopee_tw,,6,1,0,0,https://www.threads.com/@shopee_tw/post/DFk_D3SSpNF,請見：魷魚遊戲（欸,2025年2月3日 星期一 上午12:55,,,3,1,0,0
zriixe,https://www.threads.com/@zriixe/post/DFibVRqSFUl,"
蝦皮購物日",2025年2月2日 星期日 上午1:04,@shopee_tw,,26,1,0,0,https://www.threads.com/@shopee_tw/post/DFjeUWGvo-H,"你最中肯！
【2.2 購物節】
#人人2張全站免運券
🧧加碼 $69 起免運吃到飽
🧧下單送 5 張蝦幣 11% 回饋券
🧧集點任務換 888 蝦幣
#蝦皮購物 #ShopeeTW #正品保障",2025年2月2日 星期日 上午10:50,,,3,0,0,0
zhan0_0sw,https://www.threads.com/@zhan0_0sw/post/DFiZqRCSDN0,,2025年2月2日 星期日 上午12:50,@shopee_tw,No photo description available.,75,1,0,0,https://www.threads.com/@shopee_tw/post/DFjeOCEPi6T,今天2/2 有加碼免運，正是付錢的時刻,2025年2月2日 星期日 上午10:49,,,23,0,0,0
boyan51214,https://www.threads.com/@boyan51214/post/DFiZNq7SsFi,"
現在2/2 00:45
想到明天要上班了⋯⋯⋯
然後這次刮刮樂有中兩次的五千
噱",2025年2月2日 星期日 上午12:46,@shopee_tw,,13,1,0,0,https://www.threads.com/@shopee_tw/post/DFjeLCjPDgM,太讓人羨慕了吧！,2025年2月2日 星期日 上午10:48,,,2,1,0,0
0uj_ju0,https://www.threads.com/@0uj_ju0/post/DFjcPpQS2Fy,"
星期日…明天開始連上六天",2025年2月2日 星期日 上午10:31,@shopee_tw,,27,1,0,1,https://www.threads.com/@shopee_tw/post/DFjeGKfvrnz,大實話…,2025年2月2日 星期日 上午10:48,,,6,0,0,0
wbk_03.03,https://www.threads.com/@wbk_03.03/post/DFiY-vmTJ7Q,"
2/2 0：43
熬夜大賽現在開始！",2025年2月2日 星期日 上午12:44,@shopee_tw,,66,4,0,0,https://www.threads.com/@shopee_tw/post/DFjeECNPDJA,你還在熬夜嗎,2025年2月2日 星期日 上午10:47,,,17,0,0,0
kaii.w.77,https://www.threads.com/@kaii.w.77/post/DFcq1h_TL88,追蹤kaii.w.77 原作者說讚更多正在回覆@shopee_tw 回覆1轉發分享,2025年1月30日 星期四 下午7:24,,No photo description available.,,,,,https://www.threads.com/@shopee_tw/post/DFc0z1avmph,追蹤shopee_tw已驗證 更多有線條的腿讚6回覆轉發分享,2025年1月30日 星期四 下午8:51,,,,,,
hsin._.chi,https://www.threads.com/@hsin._.chi/post/DFcjsuQp81h,追蹤hsin._.chi 原作者說讚更多正在回覆@shopee_tw要認真審題讚169 轉發分享,2025年1月30日 星期四 下午6:22,,No photo description available.,,,,,https://www.threads.com/@shopee_tw/post/DFc0wg3Pl7p,追蹤shopee_tw已驗證 更多有創意讚9回覆轉發分享,2025年1月30日 星期四 下午8:51,,,,,,
jai._.07_,https://www.threads.com/@jai._.07_/post/DFcbjyvSvKK,追蹤jai._.07_ 原作者說讚更多正在回覆@shopee_tw 回覆2轉發分享8,2025年1月30日 星期四 下午5:11,,No photo description available.,,,,,https://www.threads.com/@shopee_tw/post/DFccCEePDCe,追蹤shopee_tw已驗證 更多怎麼又是羅時豐讚66回覆轉發分享,2025年1月30日 星期四 下午5:15,,,,,,
netflixtw,https://www.threads.com/@netflixtw/post/DFb-4V9pj4-,追蹤netflixtw已驗證 更多正在回覆@shopee_tw那送你花戒指的話，包多少？讚121 轉發分享,2025年1月30日 星期四 下午1:00,,,,,,,https://www.threads.com/@shopee_tw/post/DFcDyL4PV1H,追蹤shopee_tw已驗證 更多我想你讚46回覆轉發分享,2025年1月30日 星期四 下午1:43,,,,,,
chiu_yen_wei,https://www.threads.com/@chiu_yen_wei/post/DFZiXtXSYHC,"我要哭了😭
單身即地獄4已靜音讚4,205回覆28轉發167分享598",2025年1月29日 星期三 下午2:14,,,,,,,https://www.threads.com/@shopee_tw/post/DFcAAXKvkAW,你值得更好的🥺🥺🥺讚8回覆轉發分享,2025年1月30日 星期四 下午1:10,,No photo description available.,,,,
___z.an,https://www.threads.com/@___z.an/post/DFb0bc5y1ng,都超有趣… 我想想還有什麼 1/2讚2.1 萬回覆392轉發382分享469,2025年1月30日 星期四 上午11:29,,,,,,,https://www.threads.com/@shopee_tw/post/DFb9QbsvXme,"追蹤shopee_tw已驗證 原作者說讚更多我們四個不能在一起嗎？讚3,907 轉發分享8",2025年1月30日 星期四 下午12:46,,,,,,
unclelaymen,https://www.threads.com/@unclelaymen/post/DFaUxVTzg1R,追蹤unclelaymen 原作者說讚更多正在回覆@shopee_tw請問現在入職要會演戲嗎讚39 轉發分享,2025年1月29日 星期三 下午9:33,,,,,,,https://www.threads.com/@shopee_tw/post/DFb57LLvoM2,追蹤shopee_tw已驗證 更多小編門檻越來越高讚12回覆轉發分享,2025年1月30日 星期四 下午12:17,,,,,,
hsiaohan.art.studio,https://www.threads.com/@hsiaohan.art.studio/post/DFbp5DfTna3,追蹤hsiaohan.art.studio已驗證 原作者說讚更多正在回覆@shopee_tw我居然因為這個影片決定追蹤了😆讚4 轉發分享,2025年1月30日 星期四 上午9:57,,,,,,,https://www.threads.com/@shopee_tw/post/DFb55FWv-p1,追蹤shopee_tw已驗證 更多所以平台通通追起來！讚回覆轉發分享,2025年1月30日 星期四 下午12:17,,,,,,
slinnn93,https://www.threads.com/@slinnn93/post/DFaF-ozSzbm,追蹤slinnn93 原作者說讚更多正在回覆@shopee_tw現在正是付錢的時刻！讚3 轉發分享,2025年1月29日 星期三 下午7:24,,,,,,,https://www.threads.com/@shopee_tw/post/DFb51iSvD1Y,追蹤shopee_tw已驗證 更多請把你剩餘的壓歲錢交給我。讚2回覆轉發分享,2025年1月30日 星期四 下午12:16,,,,,,
6sulty,https://www.threads.com/@6sulty/post/DFffn_EzGxj,"
每天都好期待，可以一次出完嗎😍😍",2025年1月31日 星期五 下午9:44,@shopee_tw,,2,1,0,0,https://www.threads.com/@shopee_tw/post/DFhVdQ9PIb8,播完拿去YT馬拉松,2025年2月1日 星期六 下午2:54,,,2,0,0,0
wmmkvd,https://www.threads.com/@wmmkvd/post/DFfoBLnSol8,"
不要停在這種吊胃口的地方呀🤣🤣🤣",2025年1月31日 星期五 下午10:57,@shopee_tw,,2,1,0,0,https://www.threads.com/@shopee_tw/post/DFhVaUxvP2r,下集待續～,2025年2月1日 星期六 下午2:53,,,1,0,0,0
diamonddust_hina,https://www.threads.com/@diamonddust_hina/post/DFfUNI7JeZX,我爸每天看蝦皮直播買一些來路不明的石頭 8000一顆 請問我爸是高松燈嗎,2025年1月31日 星期五 下午8:04,,,710,14,38,68,https://www.threads.com/@shopee_tw/post/DFhVDfXvBDo,讓我們一起迷失吧.jpg,2025年2月1日 星期六 下午2:50,,,91,1,1,3
netflixtw,https://www.threads.com/@netflixtw/post/DFc8ue6hPS3,"旁邊有兩個人在看好戲👦👧
魷魚遊戲 第3季 6月27日獨家上線
#NextOnNetflix",2025年1月30日 星期四 下午10:01,,No photo description available.,20000,189,931,9064,https://www.threads.com/@shopee_tw/post/DFc9lrLvy8y,很魷意境,2025年1月30日 星期四 下午10:08,,,807,3,0,4
cleanclean.tw,https://www.threads.com/@cleanclean.tw/post/DFaF4cqPKnt,"
又來搶我錢(;´༎ຶД༎ຶ`)",2025年1月29日 星期三 下午7:23,@shopee_tw,,9,1,0,0,https://www.threads.com/@shopee_tw/post/DFb5tXavzYu,順從你的心～,2025年1月30日 星期四 下午12:15,,,4,0,0,0
netflixtw,https://www.threads.com/@netflixtw/post/DFb4ydey6nq,"今天回娘家的姊姊們的小孩都來找我要紅包，請問我態度是很模糊嗎？
我現在真的 單身即地獄",2025年1月30日 星期四 下午12:07,,,2741,21,19,45,https://www.threads.com/@shopee_tw/post/DFb5IW6Pc42,男生留長髮我一律不包紅包😡,2025年1月30日 星期四 下午12:10,,,217,3,0,6
natzuki._0321,https://www.threads.com/@natzuki._0321/post/DFaF-E4BqBS,"
我真的受不了你們欸，真的很好逛，已下單兩樣
🙄🫵🧡",2025年1月29日 星期三 下午7:24,@shopee_tw,,2,1,0,0,https://www.threads.com/@shopee_tw/post/DFaTLvwvuuz,既然受不了就不要受,2025年1月29日 星期三 下午9:19,,,2,0,0,0
_uwu_owk,https://www.threads.com/@_uwu_owk/post/DFZvdFTTZQc,"
已下單，孩子很喜歡",2025年1月29日 星期三 下午4:07,@shopee_tw,,3,1,0,0,https://www.threads.com/@shopee_tw/post/DFaTJmOv64z,謝謝你的孩子,2025年1月29日 星期三 下午9:19,,,1,0,0,0
museacg,https://www.threads.com/@museacg/post/DFZsE34Sc-L,"
木棉花蝦皮商城 買得好安心",2025年1月29日 星期三 下午3:37,@shopee_tw,,1053,3,3,9,https://www.threads.com/@shopee_tw/post/DFaS5ibvuYi,"你的花語是木棉花
我的花語是給你花
我們簡直天生一對",2025年1月29日 星期三 下午9:17,,,1856,16,49,124
angela860729,https://www.threads.com/@angela860729/post/DFXnnUXT6yV,"
票釀嗎(⁎⁍̴̛ᴗ⁍̴̛⁎)",2025年1月28日 星期二 下午8:20,@shopee_tw,No photo description available. | No photo description available. | No photo description available. | No photo description available. | No photo description available.,22,1,0,0,https://www.threads.com/@shopee_tw/post/DFXqt_APdqn,很會拍,2025年1月28日 星期二 下午8:47,,,2,0,0,0
kkdaytw,https://www.threads.com/@kkdaytw/post/DFXk9HqzaZJ,"
參戰！🤩",2025年1月28日 星期二 下午7:57,@shopee_tw,No photo description available.,35,1,0,0,https://www.threads.com/@shopee_tw/post/DFXqr3hvRtG,那個味道zer 一下就上來了,2025年1月28日 星期二 下午8:47,,,7,0,0,0
chen_yen_shan,https://www.threads.com/@chen_yen_shan/post/DFXpJlLS_Ku,"
高高編感覺很適合演八點檔，好看！",2025年1月28日 星期二 下午8:33,@shopee_tw,,3,1,0,0,https://www.threads.com/@shopee_tw/post/DFXqcZZP0Bj,年後直接轉行,2025年1月28日 星期二 下午8:45,,,3,0,0,0
1eeyo02,https://www.threads.com/@1eeyo02/post/DFXiSBbSXv3,"
小黃瓜炒皮蛋",2025年1月28日 星期二 下午7:33,@shopee_tw,No photo description available.,15,1,0,0,https://www.threads.com/@shopee_tw/post/DFXldyEPOWh,健康！,2025年1月28日 星期二 下午8:01,,,4,0,0,0
bmi48_,https://www.threads.com/@bmi48_/post/DFXfb-cToYN,"
問就是翻桌",2025年1月28日 星期二 下午7:08,@shopee_tw,No photo description available.,180,4,0,8,https://www.threads.com/@shopee_tw/post/DFXlcjgPGOi,碎碎平安…？,2025年1月28日 星期二 下午8:01,,,29,0,0,1
npm_south,https://www.threads.com/@npm_south/post/DFXjLifTKhe,"
抱歉，一不小心就想贏",2025年1月28日 星期二 下午7:41,@shopee_tw,No photo description available. | No photo description available.,775,14,2,1,https://www.threads.com/@shopee_tw/post/DFXlaY7PIXG,全台只有你能吃…,2025年1月28日 星期二 下午8:01,,,44,0,0,1
museacg,https://www.threads.com/@museacg/post/DFXJ_x_SIAN,"
木棉花，你的解語花",2025年1月28日 星期二 下午4:01,@shopee_tw,,847,1,0,1,https://www.threads.com/@shopee_tw/post/DFXc9BRvOYe,晚點甘露寺再去看進巨,2025年1月28日 星期二 下午6:47,,,347,1,0,0
_cc_yen,https://www.threads.com/@_cc_yen/post/DFXbwxpS-Rc,"
參戰～",2025年1月28日 星期二 下午6:36,@shopee_tw,No photo description available.,39,1,0,0,https://www.threads.com/@shopee_tw/post/DFXc2CDvW6f,很澎湃！,2025年1月28日 星期二 下午6:46,,,7,0,0,0
good.morning.my.dear.friend,https://www.threads.com/@good.morning.my.dear.friend/post/DFXcKUfTOqQ,"
太棒了",2025年1月28日 星期二 下午6:40,@shopee_tw,No photo description available.,21,1,0,0,https://www.threads.com/@shopee_tw/post/DFXcsQfPnX8,實在是灣的佛,2025年1月28日 星期二 下午6:44,,,9,0,0,0
yuu_yc713,https://www.threads.com/@yuu_yc713/post/DFXa-Luyrmb,"
快吃完了啊…..",2025年1月28日 星期二 下午6:29,@shopee_tw,No photo description available.,17,1,0,0,https://www.threads.com/@shopee_tw/post/DFXbMAJPSqH,太快了吧！！！,2025年1月28日 星期二 下午6:31,,,3,0,0,0
incrediville_tw,https://www.threads.com/@incrediville_tw/post/DFW5AQQS37b,"【冷知識】 火龍果和曇花同科，所以火龍果的花也跟曇花一樣會「一現」——它們只在夏天的夜晚綻放，而且開得非常狂放，直到太陽升起後逐漸凋零。
​
Photo credit: 李寶琴/葛瑪蘭新聞網",2025年1月28日 星期二 下午1:33,,No photo description available.,1788,22,50,30,https://www.threads.com/@shopee_tw/post/DFXGPe1Pym6,"火龍果的和曇花一樣，只在夏夜綻放
平常都看不到他們開花
算不算一種「龍曇 No See」",2025年1月28日 星期二 下午3:28,,,87,2,0,0
chungshan123,https://www.threads.com/@chungshan123/post/DFW2j1wyMlr,"
新年快樂 去廁所也要快樂🤣",2025年1月28日 星期二 下午1:11,@shopee_tw,,3,1,0,0,https://www.threads.com/@shopee_tw/post/DFW4yz0vHMk,屎屎順利,2025年1月28日 星期二 下午1:31,,,3,0,0,0
jj4567810,https://www.threads.com/@jj4567810/post/DFUdey0Snzt,"Threads 2024年回顧
我的也收到了，你們的在這
請標記朋友來自行認領🤣🤣🤣",2025年1月27日 星期一 下午2:54,,No photo description available. | No photo description available. | No photo description available. | No photo description available. | No photo description available.,913,67,13,61,https://www.threads.com/@shopee_tw/post/DFWw3wHvQCR,偶怎麼沒有🥺🥺🥺,2025年1月28日 星期二 下午12:22,,,34,1,0,0
__185.c__,https://www.threads.com/@__185.c__/post/DFSmdrcTUUy,"各品牌正確唸法：
GU：咕嚕
Uniqlo:優泥咕嚕
Threads:脆筍
Netflix:內福烈斯
Costco:咖市摳",2025年1月26日 星期日 下午9:34,,,5713,26,110,306,https://www.threads.com/@shopee_tw/post/DFULeMxPk1o,Shopee：蝦皮 皮皮皮,2025年1月27日 星期一 下午12:16,,,306,1,0,6
stella3615,https://www.threads.com/@stella3615/post/DFSO4CXPOB3,"阿嬤⋯拜託讓我冰一杯八曜
底下蓋樓：阿嬤的冰箱🈵粗乃",2025年1月26日 星期日 下午6:07,,No photo description available.,477,10,0,14,https://www.threads.com/@shopee_tw/post/DFULXbgPdGI,看了好心疼，再買一台給阿嬤吧,2025年1月27日 星期一 下午12:15,,No photo description available.,241,1,0,6
good.morning.my.dear.friend,https://www.threads.com/@good.morning.my.dear.friend/post/DFQGqsFzIqv,"這算不算是福利蓮請傳給長輩🙏🏻
南無阿彌陀佛🪷讚299回覆15轉發8分享43",2025年1月25日 星期六 下午10:17,,No photo description available.,,,,,https://www.threads.com/@shopee_tw/post/DFRu2WcvIJE,追蹤shopee_tw已驗證 原作者說讚更多這是可以免費看的嗎讚89 轉發分享,2025年1月26日 星期日 下午1:28,,,,,,
good.morning.my.dear.friend,https://www.threads.com/@good.morning.my.dear.friend/post/DFRukdSzYR2,追蹤good.morning.my.dear.friend已驗證 原作者說讚更多正在回覆@shopee_tw藕彌陀佛讚10 轉發分享,2025年1月26日 星期日 下午1:25,,,,,,,https://www.threads.com/@shopee_tw/post/DFRutyOPN5V,追蹤shopee_tw已驗證 更多平安喜樂讚8回覆轉發分享,2025年1月26日 星期日 下午1:26,,,,,,
erinchu0509100,https://www.threads.com/@erinchu0509100/post/DFRuOo3yoVD,追蹤erinchu0509100 原作者說讚更多正在回覆@shopee_twㄨㄟˊ，警察伯伯，有人沒穿褲子🙂讚76 轉發分享,2025年1月26日 星期日 下午1:22,,,,,,,https://www.threads.com/@shopee_tw/post/DFRusVIvcec,追蹤shopee_tw已驗證 更多且慢…讚29回覆轉發分享,2025年1月26日 星期日 下午1:26,,,,,,
planktontsai,https://www.threads.com/@planktontsai/post/DFNnuCDTpno,追蹤planktontsai 原作者說讚更多正在回覆@shopee_tw只有年輕時才能這麼熱血的參加尾牙讚7 轉發分享,2025年1月24日 星期五 下午11:08,,,,,,,https://www.threads.com/@shopee_tw/post/DFNslW3yYGK,追蹤shopee_tw已驗證 更多一輩子熱血！讚5回覆轉發分享,2025年1月24日 星期五 下午11:51,,,,,,
yinhsuan_0912,https://www.threads.com/@yinhsuan_0912/post/DFNkPN0yXk-,追蹤yinhsuan_0912 原作者說讚更多正在回覆@shopee_tw連尾牙都在免運吃到飽⋯這要加薪了吧🥹讚40 轉發分享,2025年1月24日 星期五 下午10:38,,,,,,,https://www.threads.com/@shopee_tw/post/DFNsgghyZDl,追蹤shopee_tw已驗證 更多加薪加到飽（欸讚10回覆轉發分享,2025年1月24日 星期五 下午11:50,,,,,,
crissecheng,https://www.threads.com/@crissecheng/post/DFLctihzMzU,"如果救難包裡面放西莎
地震倒塌被活埋的時候
是不是比較容易被搜救犬發現？讚4.7 萬回覆583轉發850分享3,421",2025年1月24日 星期五 上午2:54,,,,,,,https://www.threads.com/@shopee_tw/post/DFNgeJ7PhN3,追蹤shopee_tw已驗證 原作者說讚更多不說了，我要全部讚70回覆轉發分享,2025年1月24日 星期五 下午10:05,,No photo description available.,,,,
ariel11427,https://www.threads.com/@ariel11427/post/DFLakW1TFnj,追蹤ariel11427 原作者說讚更多正在回覆@shopee_tw欸小編真的中大獎要請客嗎讚1 轉發分享,2025年1月24日 星期五 上午2:35,,,,,,,https://www.threads.com/@shopee_tw/post/DFNKjvSPOhc,追蹤shopee_tw已驗證 更多沒有問題讚回覆轉發分享,2025年1月24日 星期五 下午6:54,,,,,,
moonrmoonrrr,https://www.threads.com/@moonrmoonrrr/post/DFK2lAHy48i,追蹤moonrmoonrrr 原作者說讚更多正在回覆@shopee_tw小編中大獎喔 我只有3600🥲讚1 轉發分享,2025年1月23日 星期四 下午9:20,,,,,,,https://www.threads.com/@shopee_tw/post/DFLA_mDvyNl,追蹤shopee_tw已驗證 更多有中就是讚！讚回覆轉發分享,2025年1月23日 星期四 下午10:52,,,,,,
angela90209,https://www.threads.com/@angela90209/post/DFK7VYdz4f1,追蹤angela90209 原作者說讚更多正在回覆@shopee_tw小編我今天有尾牙我中獎了🤣讚1 轉發分享,2025年1月23日 星期四 下午10:02,,,,,,,https://www.threads.com/@shopee_tw/post/DFLA-UEPLmb,追蹤shopee_tw已驗證 更多恭喜！讚回覆1轉發分享,2025年1月23日 星期四 下午10:51,,,,,,
zhiting_li,https://www.threads.com/@zhiting_li/post/DFKjRjFPqvV,追蹤zhiting_li已驗證 原作者說讚更多正在回覆@shopee_tw集讚11 轉發分享,2025年1月23日 星期四 下午6:32,,,,,,,https://www.threads.com/@shopee_tw/post/DFKpJmwvIbe,追蹤shopee_tw已驗證 更多哇！！！！讚1回覆轉發分享,2025年1月23日 星期四 下午7:23,,,,,,
mainasu_com,https://www.threads.com/@mainasu_com/post/DFSr3HzylOm,"這是我員工，想幫他爭取年終
一個愛心1元
一個IG追蹤10元
01/29 12:00截止",2025年1月26日 星期日 下午10:21,,No photo description available.,11000,86,23,22,https://www.threads.com/@shopee_tw/post/DFULNvnPsNb,已經不用擔心了，因為我來了！,2025年1月27日 星期一 下午12:14,,,552,4,0,1
lunfried0916,https://www.threads.com/@lunfried0916/post/DFSns2ch-UX,,2025年1月26日 星期日 下午9:44,,,0,0,0,0,https://www.threads.com/@shopee_tw/post/DFULIh6vz_a,當兵PTSD都來了⋯⋯,2025年1月27日 星期一 下午12:13,,,22,1,0,0
taiwanflyn,https://www.threads.com/@taiwanflyn/post/DFSsV84TGt5,"
跟我打
最像耶",2025年1月26日 星期日 下午10:25,@shopee_tw,,1,1,0,0,https://www.threads.com/@shopee_tw/post/DFUB3VpvFXB,就是本人.jpg,2025年1月27日 星期一 上午10:52,,,0,0,0,0
daphne_114514,https://www.threads.com/@daphne_114514/post/DFSsQ8ByFBN,"
竟然成為第一個看到大尾鱸鰻3的預告片的人😭",2025年1月26日 星期日 下午10:24,@shopee_tw,,2,1,0,0,https://www.threads.com/@shopee_tw/post/DFUB2FNPIiW,坐等第四集,2025年1月27日 星期一 上午10:52,,,1,0,0,0
daniel76308,https://www.threads.com/@daniel76308/post/DFRXag8SNnX,"【玉爸不能】
米米：我們不是來拿個包裹而已嗎？
我：嗯嗯。（喀擦喀擦📸）",2025年1月26日 星期日 上午10:03,,No photo description available. | No photo description available. | No photo description available. | No photo description available. | No photo description available. | No photo description available. | No photo description available. | No photo description available. | No photo description available.,4432,60,96,388,https://www.threads.com/@shopee_tw/post/DFRwp7_Pw6L,等等我們沒有找人拍雜誌照啊,2025年1月26日 星期日 下午1:43,,,736,2,0,6
atj5e6j,https://www.threads.com/@atj5e6j/post/DFKXHl2ysIW,有中大獎請喝星巴克～～😆讚9回覆1轉發分享,2025年1月23日 星期四 下午4:46,,No photo description available.,,,,,https://www.threads.com/@shopee_tw/post/DFKl4EyvLec,追蹤shopee_tw已驗證 更多好運吉伊！！！讚1回覆轉發分享,2025年1月23日 星期四 下午6:55,,,,,,
goto_kazubi,https://www.threads.com/@goto_kazubi/post/DFKcnWCTOv1,追蹤goto_kazubi 原作者說讚更多正在回覆@shopee_tw蝦皮Go物加油🫶讚3 轉發分享,2025年1月23日 星期四 下午5:34,,No photo description available.,,,,,https://www.threads.com/@shopee_tw/post/DFKl1fev13x,追蹤shopee_tw已驗證 更多一輩子GO 回覆1轉發分享,2025年1月23日 星期四 下午6:54,,,,,,
museacg,https://www.threads.com/@museacg/post/DFKgBHoyEfl,追蹤museacg 原作者說讚更多正在回覆@shopee_tw你們會在尾牙上看動畫嗎？讚29 轉發分享,2025年1月23日 星期四 下午6:03,,,,,,,https://www.threads.com/@shopee_tw/post/DFKltvqPJ-U,追蹤shopee_tw已驗證 更多哈…哈…你不要再說了…讚13 轉發分享,2025年1月23日 星期四 下午6:53,,,,,,
solhelmets,https://www.threads.com/@solhelmets/post/DFKWoJ9yxOe,追蹤solhelmets 原作者說讚更多正在回覆@shopee_tw集啦集啦哪次不集讚5 轉發分享,2025年1月23日 星期四 下午4:41,,,,,,,https://www.threads.com/@shopee_tw/post/DFKap0XPsae,追蹤shopee_tw已驗證 更多讚啦讚1回覆轉發分享,2025年1月23日 星期四 下午5:16,,,,,,
nytpe2018964,https://www.threads.com/@nytpe2018964/post/DFKWme_zHhi,追蹤nytpe2018964 原作者說讚更多正在回覆@shopee_tw祝小編尾牙中大獎，但是人沒到。(逃）讚11 轉發分享,2025年1月23日 星期四 下午4:41,,,,,,,https://www.threads.com/@shopee_tw/post/DFKam-ove7x,追蹤shopee_tw已驗證 更多欸讚3回覆轉發分享,2025年1月23日 星期四 下午5:16,,,,,,
wmmkvd,https://www.threads.com/@wmmkvd/post/DFKZ29zSXfJ,追蹤wmmkvd 原作者說讚更多正在回覆@shopee_tw我幫你按了兩次！讚2 轉發分享,2025年1月23日 星期四 下午5:10,,,,,,,https://www.threads.com/@shopee_tw/post/DFKalhwP8ms,追蹤shopee_tw已驗證 更多真是…謝謝…讚2 轉發分享,2025年1月23日 星期四 下午5:16,,,,,,
the_walden_hotel,https://www.threads.com/@the_walden_hotel/post/DFKWcMATG2U,追蹤the_walden_hotel 原作者說讚更多正在回覆@shopee_tw小編也是今天晚上尾牙 一起加油讚3 轉發分享,2025年1月23日 星期四 下午4:40,,,,,,,https://www.threads.com/@shopee_tw/post/DFKZfYzPaRM,追蹤shopee_tw已驗證 更多加油加油讚回覆轉發分享,2025年1月23日 星期四 下午5:06,,,,,,
_showba_,https://www.threads.com/@_showba_/post/DFDfhxmT6zK,追蹤_showba_ 原作者說讚更多正在回覆@shopee_tw平安！讚16 轉發分享,2025年1月21日 星期二 上午12:44,,,,,,,https://www.threads.com/@shopee_tw/post/DFDhkZtSH4w,追蹤shopee_tw已驗證 更多平安！讚7回覆轉發分享,2025年1月21日 星期二 上午1:02,,,,,,
typhoon_mi,https://www.threads.com/@typhoon_mi/post/DFDddhMv2wp,追蹤typhoon_mi 原作者說讚更多正在回覆@shopee_tw阿彌陀佛讚142 轉發分享,2025年1月21日 星期二 上午12:26,,,,,,,https://www.threads.com/@shopee_tw/post/DFDdozrSoeL,追蹤shopee_tw已驗證 更多🙏🙏🙏讚4回覆轉發分享,2025年1月21日 星期二 上午12:28,,,,,,
moonrmoonrrr,https://www.threads.com/@moonrmoonrrr/post/DFDdEBYyaVO,追蹤moonrmoonrrr 原作者說讚更多正在回覆@shopee_tw我愛蝦皮讚6 轉發分享,2025年1月21日 星期二 上午12:23,,,,,,,https://www.threads.com/@shopee_tw/post/DFDdnKKyUxP,追蹤shopee_tw已驗證 更多謝謝你給的愛讚3回覆轉發分享,2025年1月21日 星期二 上午12:28,,,,,,
taiwanflyn,https://www.threads.com/@taiwanflyn/post/DFDdJk4zmef,"
我愛RJ",2025年1月21日 星期二 上午12:24,@shopee_tw,,3,2,0,0,https://www.threads.com/@shopee_tw/post/DFDdl_5yhqq,我也愛RJ,2025年1月21日 星期二 上午12:27,,,4,0,0,0
_17xinn,https://www.threads.com/@_17xinn/post/DFAMV93SyIE,"大家剛認識我：好安靜
認識久了之後：好 安靜",2025年1月19日 星期日 下午5:59,,,23000,88,2992,2999,https://www.threads.com/@shopee_tw/post/DFCEiXIvOUi,"大家剛認識我：好蝦皮
認識久了之後：好蝦 好皮",2025年1月20日 星期一 上午11:29,,,856,3,4,9
chriskktw,https://www.threads.com/@chriskktw/post/DFAQsp1Slc1,"
版面太美不忍直視",2025年1月19日 星期日 下午6:37,@shopee_tw,No photo description available. | No photo description available. | No photo description available.,130,1,0,1,https://www.threads.com/@shopee_tw/post/DFB0UbJSvsg,,2025年1月20日 星期一 上午9:08,,,0,0,0,0
the_walden_hotel,https://www.threads.com/@the_walden_hotel/post/DFBsQbdTMU-,"
所以你尾牙要穿什麼",2025年1月20日 星期一 上午7:57,@shopee_tw,,1,1,0,0,https://www.threads.com/@shopee_tw/post/DFB0QmkSfbn,還在想…,2025年1月20日 星期一 上午9:07,,,0,0,0,0
_yujin._.07,https://www.threads.com/@_yujin._.07/post/DE_snyxyTbs,不是啊蝦皮 你裝什麼可憐🥺,2025年1月19日 星期日 下午1:22,,No photo description available.,1107,4,2,11,https://www.threads.com/@shopee_tw/post/DFA54hQS6eG,,2025年1月20日 星期一 上午12:37,,,59,2,0,2
jacky_951117,https://www.threads.com/@jacky_951117/post/DFAg5xcyKL_,"
我剛在思考要不要更新看來是不用了",2025年1月19日 星期日 下午8:59,@shopee_tw,No photo description available.,10,1,0,0,https://www.threads.com/@shopee_tw/post/DFA5xO0SzhJ,破房了 刪掉,2025年1月20日 星期一 上午12:36,,,9,1,0,1
kurosumei,https://www.threads.com/@kurosumei/post/DFAcj3YS4DR,"秀泰的巧克力爆米花蠻好吃的
進擊的巨人",2025年1月19日 星期日 下午8:21,,No photo description available. | No photo description available. | No photo description available. | No photo description available. | No photo description available. | No photo description available. | No photo description available. | No photo description available.,3389,35,101,213,https://www.threads.com/@shopee_tw/post/DFAvSt9P7ae,三層加厚，多少眼淚都夠吸（嗚嗚嗚嗚嗚,2025年1月19日 星期日 下午11:04,,No photo description available.,48,1,0,4
1zhen_723,https://www.threads.com/@1zhen_723/post/DE6ZCqyy8oc,蝦皮逐漸人性化⋯,2025年1月17日 星期五 上午11:55,,No photo description available.,17000,36,283,144,https://www.threads.com/@shopee_tw/post/DE7f9nvPf7n,說多了都是淚…,2025年1月17日 星期五 下午10:14,,,2580,5,0,5
as40904,https://www.threads.com/@as40904/post/DE5ac0KzSFY,"
又在Go",2025年1月17日 星期五 上午2:48,@shopee_tw,No photo description available.,163,2,0,2,https://www.threads.com/@shopee_tw/post/DE6MANISj0j,一輩子go,2025年1月17日 星期五 上午10:01,,,26,0,0,0
museacg,https://www.threads.com/@museacg/post/DE4lpeDyxX2,"
你為什麼要寫？！",2025年1月16日 星期四 下午7:06,@shopee_tw,,1763,2,25,53,https://www.threads.com/@shopee_tw/post/DE4qav-vcw5,因為春日影是一首好歌,2025年1月16日 星期四 下午7:48,,,633,1,5,13
mei.tw,https://www.threads.com/@mei.tw/post/DE2sGNSy8Op,"世界上最難說出口的三句話
1、對不起
2、我愛妳
3、南港展覽館觀光官方網站站長",2025年1月16日 星期四 上午1:24,,,10000,195,433,1600,https://www.threads.com/@shopee_tw/post/DE4ickAP4U3,"是時候要來複習這隻片了
instagram.com/reel…
shopee_tw",2025年1月16日 星期四 下午6:38,,,324,4,5,34
cow.yakiniku.sake,https://www.threads.com/@cow.yakiniku.sake/post/DE4O2GczzdC,"現在才發現 櫃檯有這隻牛牛
簡直巨可愛來著😍😍",2025年1月16日 星期四 下午3:47,,No photo description available.,44,48,0,1,https://www.threads.com/@shopee_tw/post/DE4h04pvlTV,這題我會！,2025年1月16日 星期四 下午6:33,,No photo description available.,4,1,0,2
good.morning.my.dear.friend,https://www.threads.com/@good.morning.my.dear.friend/post/DE094YzTOik,追蹤good.morning.my.dear.friend已驗證 原作者說讚更多正在回覆@shopee_tw早安朋友 注意保暖讚16 轉發分享2,2025年1月15日 星期三 上午9:21,,No photo description available.,,,,,https://www.threads.com/@shopee_tw/post/DE0_rOmScIz,追蹤shopee_tw已驗證 更多1月正午的陽光，都沒甜茶甜讚7回覆轉發分享,2025年1月15日 星期三 上午9:37,,,,,,
allennlai,https://www.threads.com/@allennlai/post/DE0-5QWye3P,根本是一個像夏天一個像鬼龍==讚40回覆2轉發分享1,2025年1月15日 星期三 上午9:30,,,,,,,https://www.threads.com/@shopee_tw/post/DE0_lOfSo19,追蹤shopee_tw已驗證 更多夏天是鬼龍？？？？？？讚9回覆轉發分享,2025年1月15日 星期三 上午9:36,,,,,,
lonsihuiway,https://www.threads.com/@lonsihuiway/post/DEsLQsJSklB,"追蹤lonsihuiway 更多蓋一樓存巨人好笑的梗圖 讚3,386 轉發550",2025年1月11日 星期六 下午11:25,,,,,,,https://www.threads.com/@shopee_tw/post/DEtvdUpvNEH,追蹤shopee_tw已驗證 更多讚288 轉發2,2025年1月12日 星期日 下午2:00,,No photo description available.,,,,
hs.0xaaa69420,https://www.threads.com/@hs.0xaaa69420/post/DEsKyQbS9Jq,"追蹤hs.0xaaa69420 更多我宣佈這是最有用的捷徑（ 已靜音讚8,007 轉發1,069",2025年1月11日 星期六 下午11:21,,,,,,,https://www.threads.com/@shopee_tw/post/DEtvR5PPmSA,追蹤shopee_tw已驗證 更多買夠了沒？不夠就上蝦皮讚366 轉發3,2025年1月12日 星期日 下午1:59,,,,,,
netflixtw,https://www.threads.com/@netflixtw/post/DEpK-1fyawW,"全聯魷戲中心已靜音松菸2號倉庫讚7,386回覆84轉發107分享2,268",2025年1月10日 星期五 下午7:26,,,,,,,https://www.threads.com/@shopee_tw/post/DErEZR1vf2-,追蹤shopee_tw已驗證 更多來我們地盤還不揪？讚132回覆轉發1,2025年1月11日 星期六 下午1:06,,,,,,
napteazzz,https://www.threads.com/@napteazzz/post/DEmtLuIygWl,"這個人怎麼只包2,200元長大後包紅包：
今年包600會太少嗎？ 1/2讚1.1 萬回覆117轉發358分享1,677",2025年1月9日 星期四 下午8:26,,No photo description available. | No photo description available.,,,,,https://www.threads.com/@shopee_tw/post/DErD7Qavz2B,追蹤shopee_tw已驗證 更多再包五份，重…讚144回覆轉發分享1,2025年1月11日 星期六 下午1:01,,,,,,
ikea_taiwan,https://www.threads.com/@ikea_taiwan/post/DEpXG40Sqin,追蹤ikea_taiwan已驗證 更多獨家直擊！深入探索懶人禁區！ 已靜音讚154 轉發9,2025年1月10日 星期五 下午9:16,,,,,,,https://www.threads.com/@shopee_tw/post/DErDxvpP0hA,算不算是「一懶無遺」讚19回覆轉發分享1,2025年1月11日 星期六 下午1:00,,,,,,
ian_lin511,https://www.threads.com/@ian_lin511/post/DEo0hqPT4F5,"追蹤ian_lin511 更多跟他擊到掌了😂已靜音讚5.2 萬回覆319 分享8,792",2025年1月10日 星期五 下午4:09,,,,,,,https://www.threads.com/@shopee_tw/post/DErDTHAPba7,追蹤shopee_tw已驗證 更多大哥用這個手不會酸 翻譯讚39回覆轉發分享1,2025年1月11日 星期六 下午12:56,,No photo description available.,,,,
_showba_,https://www.threads.com/@_showba_/post/DEo2iPLTPFI,"這是最近的新寵：龍蛇籃 ( σ̴̶̷̤ .̫ σ̴̶̷̤ )♡ 1/2讚3,064回覆104轉發136分享363",2025年1月10日 星期五 下午4:26,,No photo description available. | No photo description available.,,,,,https://www.threads.com/@shopee_tw/post/DErDF_cPEPn,追蹤shopee_tw已驗證 原作者說讚更多籃蛇的你讚18 轉發分享1,2025年1月11日 星期六 下午12:54,,,,,,
yuchen_1211,https://www.threads.com/@yuchen_1211/post/DEmebBPPLmk,"從努力，到維骨力
從寶貝心肝，到斯斯保肝
從好樂迪狂歡，到京都念慈菴讚1.2 萬回覆145轉發858分享1.7 萬",2025年1月9日 星期四 下午6:17,,,,,,,https://www.threads.com/@shopee_tw/post/DErC9aQPNWf,到月底吃土領免運買蝦皮讚19回覆轉發分享2,2025年1月11日 星期六 下午12:53,,,,,,
meme._.maomao,https://www.threads.com/@meme._.maomao/post/DE33BSeydSH,"
放過你ㄉ同伴...",2025年1月16日 星期四 下午12:19,@shopee_tw,No photo description available.,48,1,0,0,https://www.threads.com/@shopee_tw/post/DE4gwg5v7Ei,是又怎樣.jpg,2025年1月16日 星期四 下午6:23,,,5,0,0,0
meme._.maomao,https://www.threads.com/@meme._.maomao/post/DE31Quiyvil,"午餐幫大家煎了蝦子
要吃自己拿",2025年1月16日 星期四 下午12:03,,No photo description available.,4167,17,80,85,https://www.threads.com/@shopee_tw/post/DE31rZEv4OS,有我的份嗎,2025年1月16日 星期四 下午12:07,,,185,5,0,2
o_0sa.lover,https://www.threads.com/@o_0sa.lover/post/DE2BERVpcNS,我剛剛看到要笑死ㅋㅋㅋㅋㅋㅋ,2025年1月15日 星期三 下午7:08,,No photo description available.,32000,138,1132,2663,https://www.threads.com/@shopee_tw/post/DE3t88qPa5f,幫低調,2025年1月16日 星期四 上午11:00,,,5776,7,6,49
typhoon_mi,https://www.threads.com/@typhoon_mi/post/DE1YcihPL4X,"
豪可怕ㄛ
還要再冷兩天ㄛ",2025年1月15日 星期三 下午1:13,@shopee_tw,,322,1,0,0,https://www.threads.com/@shopee_tw/post/DE3f91MSxvh,太….可…..怕…….,2025年1月16日 星期四 上午8:57,,,2,0,0,0
linyongche,https://www.threads.com/@linyongche/post/DEpkPvayD0c,,2025年1月10日 星期五 下午11:05,@shopee_tw,No photo description available.,1,2,0,0,https://www.threads.com/@shopee_tw/post/DErCIryv7Fl,你的聲音太大了,2025年1月11日 星期六 下午12:46,,,1,0,0,1
yong_han_0802,https://www.threads.com/@yong_han_0802/post/DEpVi6uTszt,追蹤yong_han_0802 原作者說讚更多正在回覆@shopee_tw吉伊卡哇貼紙讚4 轉發分享,2025年1月10日 星期五 下午8:57,,No photo description available.,,,,,https://www.threads.com/@shopee_tw/post/DErCEmWPwLJ,追蹤shopee_tw已驗證 更多拿尼拿尼～讚1回覆轉發分享,2025年1月11日 星期六 下午12:45,,,,,,
y.h_egg,https://www.threads.com/@y.h_egg/post/DEo5RF2Tnju,追蹤y.h_egg 原作者說讚更多正在回覆@shopee_tw今天是蝦皮特選日 必須下單！讚2 轉發分享,2025年1月10日 星期五 下午4:50,,No photo description available.,,,,,https://www.threads.com/@shopee_tw/post/DErCBsMvhx2,追蹤shopee_tw已驗證 更多好買一直買！讚回覆轉發分享,2025年1月11日 星期六 下午12:45,,,,,,
gardenia8633,https://www.threads.com/@gardenia8633/post/DEo_e7RyZ3R,週三下單搭配折扣碼超香～讚3回覆1轉發分享1,2025年1月10日 星期五 下午5:44,,No photo description available.,,,,,https://www.threads.com/@shopee_tw/post/DErB_j2Pqeu,追蹤shopee_tw已驗證 更多小資族4你讚回覆轉發分享,2025年1月11日 星期六 下午12:45,,,,,,
1inujn,https://www.threads.com/@1inujn/post/DEq8Ftiyl0J,@shopee_tw讚60回覆3轉發分享5,2025年1月11日 星期六 上午11:53,,No photo description available.,,,,,https://www.threads.com/@shopee_tw/post/DErBmWZPVwO,追蹤shopee_tw已驗證 原作者說讚更多因為我都E個人momo地哭讚66 轉發分享1,2025年1月11日 星期六 下午12:41,,,,,,
rabbitblack76,https://www.threads.com/@rabbitblack76/post/DEonp0ETpOM,追蹤rabbitblack76 原作者說讚更多正在回覆@shopee_tw購物車常爆200到我讚58 轉發分享,2025年1月10日 星期五 下午2:16,,No photo description available.,,,,,https://www.threads.com/@shopee_tw/post/DEo6Z5FPCyV,追蹤shopee_tw已驗證 更多過年帶這個打麻將🀄️讚17 轉發分享,2025年1月10日 星期五 下午5:00,,,,,,
sj_0316_jj,https://www.threads.com/@sj_0316_jj/post/DEovYmsPO0E,追蹤sj_0316_jjoreocookies 原作者說讚更多正在回覆@shopee_tw沒吃過的Oreo口味，雖說是隔日到貨，但還沒到……😅好奇這些特別的口味市買面上有賣嗎？😕🤔Oreocookies 回覆1轉發分享1,2025年1月10日 星期五 下午3:23,,No photo description available.,,,,,https://www.threads.com/@shopee_tw/post/DEo6VkaP93h,追蹤shopee_tw已驗證 更多竟然有白桃？？？？？？讚23 轉發分享,2025年1月10日 星期五 下午4:59,,,,,,
lonsihuiway,https://www.threads.com/@lonsihuiway/post/DEfC4zKv_uM,"追蹤lonsihuiway 更多動畫作畫換成mappa最大的受惠者： 讚1.2 萬回覆220 分享1,149",2025年1月6日 星期一 下午9:01,,No photo description available. | No photo description available.,,,,,https://www.threads.com/@shopee_tw/post/DEfXFCnyDiu,追蹤shopee_tw已驗證 原作者說讚更多我放一些椅子在這，沒什麼特別意思。讚768 轉發9,2025年1月6日 星期一 下午11:58,,No photo description available.,,,,
yuuui09_,https://www.threads.com/@yuuui09_/post/DEcjMVxybqT,追蹤yuuui09_ 更多翻譯糟糕讚1.9 萬回覆50 分享587,2025年1月5日 星期日 下午9:46,,No photo description available.,,,,,https://www.threads.com/@shopee_tw/post/DEfFF4DP7r5,翻譯翻譯蝦米碗糕讚362回覆1轉發2分享4,2025年1月6日 星期一 下午9:21,,,,,,
good.morning.my.dear.friend,https://www.threads.com/@good.morning.my.dear.friend/post/DEejho-TEHP,"
南無 喝囉怛那 哆囉夜耶
南無阿唎耶
婆盧羯帝爍缽囉耶",2025年1月6日 星期一 下午4:27,@shopee_tw,,301,2,0,4,https://www.threads.com/@shopee_tw/post/DEfDhfWvHpd,字都看得懂，組合在一起就不懂,2025年1月6日 星期一 下午9:07,,,35,0,0,0
typhoon_mi,https://www.threads.com/@typhoon_mi/post/DEWxjlZPVjJ,"
超爽的",2025年1月3日 星期五 下午3:56,@shopee_tw,No photo description available.,30,1,0,0,https://www.threads.com/@shopee_tw/post/DEegtZwPMhb,這佈局可說是堅若磐石,2025年1月6日 星期一 下午4:03,,,3,0,0,0
ykmmmm3.0,https://www.threads.com/@ykmmmm3.0/post/DEXUF3CScuS,"
應該給小編加一隻雞腿🍗",2025年1月3日 星期五 下午8:58,@shopee_tw,,1,1,0,0,https://www.threads.com/@shopee_tw/post/DEegMusvBeB,今晚吃雞腿飯,2025年1月6日 星期一 下午3:58,,,2,0,0,0
7zxhy._,https://www.threads.com/@7zxhy._/post/DEbqt4FShSi,"
這好笑小編有料喔",2025年1月5日 星期日 下午1:33,@shopee_tw,,1,1,0,0,https://www.threads.com/@shopee_tw/post/DEegJ63vZEc,點錯技能的電商小編,2025年1月6日 星期一 下午3:58,,,1,0,0,0
museacg,https://www.threads.com/@museacg/post/DEXB9rGyX-B,,2025年1月3日 星期五 下午6:19,@shopee_tw,,122,1,0,1,https://www.threads.com/@shopee_tw/post/DEXHTNPPoav,,2025年1月3日 星期五 下午7:06,,,61,0,0,0
good.morning.my.dear.friend,https://www.threads.com/@good.morning.my.dear.friend/post/DEW_ZqVTC-p,"
阿彌陀佛",2025年1月3日 星期五 下午5:57,@shopee_tw,,18,1,0,0,https://www.threads.com/@shopee_tw/post/DEW_2PSvSNz,空即是色，色即是空,2025年1月3日 星期五 下午6:01,,,15,1,0,0
icashtw,https://www.threads.com/@icashtw/post/DETqR4WP2C0,"
倒數完愛金編還立刻上蝦皮，真是過分的習慣！",2025年1月2日 星期四 上午10:55,@shopee_tw,,13,1,0,0,https://www.threads.com/@shopee_tw/post/DEWa6jdP5Ps,愛了愛了,2025年1月3日 星期五 下午12:38,,,0,0,0,0
netflixtw,https://www.threads.com/@netflixtw/post/DERM5K_sYK0,"起手式就很有事
珍愛硬起來",2025年1月1日 星期三 下午12:00,,No photo description available.,3828,3,277,399,https://www.threads.com/@shopee_tw/post/DEWawpkPAOq,Wine、TV、Forever,2025年1月3日 星期五 下午12:37,,,1,0,0,0
z7_024,https://www.threads.com/@z7_024/post/DEVHcUqPCzU,追蹤z7_024 原作者說讚更多正在回覆@shopee_tw 回覆1轉發分享,2025年1月3日 星期五 上午12:29,,No photo description available.,,,,,https://www.threads.com/@shopee_tw/post/DEWanOcPLXW,追蹤shopee_tw已驗證 更多偶內該…瓦塔西…讚1回覆轉發分享,2025年1月3日 星期五 下午12:36,,,,,,
sa_fotografer,https://www.threads.com/@sa_fotografer/post/DEUEYwohgiK,追蹤sa_fotografer 更多2025年挑戰只買缺的東西！讚30 轉發分享1,2025年1月2日 星期四 下午2:43,,,,,,,https://www.threads.com/@shopee_tw/post/DEU-8CjvNg-,追蹤shopee_tw已驗證 更多卡讚12 轉發分享,2025年1月2日 星期四 下午11:15,,,,,,
elacheln,https://www.threads.com/@elacheln/post/DETtOh0SJWO,追蹤elacheln已驗證 原作者說讚更多正在回覆@shopee_tw這是畢業後都沒有習慣吧讚2 轉發分享,2025年1月2日 星期四 上午11:21,,,,,,,https://www.threads.com/@shopee_tw/post/DEUmJQ7PCvf,追蹤shopee_tw已驗證 更多你…不要再說了…讚回覆轉發分享,2025年1月2日 星期四 下午7:38,,,,,,
good.morning.my.dear.friend,https://www.threads.com/@good.morning.my.dear.friend/post/DETlQqdTKIP,追蹤good.morning.my.dear.friend已驗證 原作者說讚更多正在回覆@shopee_tw到了2025還是南無阿彌陀佛讚2 轉發分享1,2025年1月2日 星期四 上午10:11,,,,,,,https://www.threads.com/@shopee_tw/post/DEUmGZfvVqg,追蹤shopee_tw已驗證 更多超渡讚2回覆轉發分享,2025年1月2日 星期四 下午7:38,,,,,,
museacg,https://www.threads.com/@museacg/post/DETvoX3y2on,上班時偷逛蝦皮買週邊讚314回覆2轉發分享2,2025年1月2日 星期四 上午11:42,,,,,,,https://www.threads.com/@shopee_tw/post/DEUmE6dPgz9,追蹤shopee_tw已驗證 更多你是不是在我座位裝監視器😡讚4回覆轉發分享,2025年1月2日 星期四 下午7:37,,,,,,
c_uuyun.56,https://www.threads.com/@c_uuyun.56/post/DEOprjES0_n,追蹤c_uuyun.56 原作者說讚更多正在回覆@shopee_tw今天的太陽超大讚3 轉發分享,2024年12月31日 星期二 下午12:13,,,,,,,https://www.threads.com/@shopee_tw/post/DEOrKiUPb3b,追蹤shopee_tw已驗證 更多我這邊超陰讚4回覆轉發分享,2024年12月31日 星期二 下午12:26,,,,,,
lje.929,https://www.threads.com/@lje.929/post/DEOpubSzD-Z,追蹤lje.929 原作者說讚更多正在回覆@shopee_tw愛你讚2 轉發分享,2024年12月31日 星期二 下午12:14,,,,,,,https://www.threads.com/@shopee_tw/post/DEOrIurPLu5,追蹤shopee_tw已驗證 更多我也愛你讚回覆轉發分享,2024年12月31日 星期二 下午12:26,,,,,,
ddt426,https://www.threads.com/@ddt426/post/DEMqbe4PpcK,追蹤ddt426 原作者說讚更多正在回覆@shopee_tw如果他是球迷的話，會不會一輩子只在桃園球場看球讚1 轉發分享,2024年12月30日 星期一 下午5:41,,,,,,,https://www.threads.com/@shopee_tw/post/DEMwXUfvpWh,追蹤shopee_tw已驗證 更多看一輩子的棒球…讚3回覆轉發分享,2024年12月30日 星期一 下午6:33,,,,,,
ee429,https://www.threads.com/@ee429/post/DEFwv0rSmAc,追蹤ee429 原作者說讚更多正在回覆@shopee_tw真的好喜歡蝦皮員工的精神狀態😻讚25 轉發分享,2024年12月28日 星期六 上午1:22,,,,,,,https://www.threads.com/@shopee_tw/post/DEGsmUOyb0Z,追蹤shopee_tw已驗證 更多精神狀態是什麼？能吃嗎🥴讚11回覆轉發分享,2024年12月28日 星期六 上午10:05,,,,,,
jim15908,https://www.threads.com/@jim15908/post/DEFtgaWTNGp,追蹤jim15908 原作者說讚更多正在回覆@shopee_tw我很想知道這次拍了多久🤣讚2 轉發分享,2024年12月28日 星期六 上午12:54,,,,,,,https://www.threads.com/@shopee_tw/post/DEGsjK4yVHF,追蹤shopee_tw已驗證 更多7749遍吧（喘讚8回覆轉發分享,2024年12月28日 星期六 上午10:05,,,,,,
aqc6630,https://www.threads.com/@aqc6630/post/DEFkYVyycBa,"
要加薪！！！！！",2024年12月27日 星期五 下午11:34,@shopee_tw,,1,1,0,0,https://www.threads.com/@shopee_tw/post/DEGsg9OS38O,確實,2024年12月28日 星期六 上午10:04,,,1,0,0,0
sheep0127,https://www.threads.com/@sheep0127/post/DEFiGzvSViJ,"
蝦皮好難歐 😂😂😂 你們太強了",2024年12月27日 星期五 下午11:14,@shopee_tw,,9,1,0,0,https://www.threads.com/@shopee_tw/post/DEGsfnqSdaL,頂的吧！,2024年12月28日 星期六 上午10:04,,,4,0,0,0
borderauthor,https://www.threads.com/@borderauthor/post/DEChg7hSpMt,"滑社群的時候
我超愛幫別人按讚！
因為當過社群小編
多一個讚就能感到很開心
我也想成為讓別人開心的存在❤️
正能量",2024年12月26日 星期四 下午7:11,,,5681,323,20,8,https://www.threads.com/@shopee_tw/post/DEEudNAPeU2,,2024年12月27日 星期五 下午3:43,,,69,1,0,1
fatpetestandup,https://www.threads.com/@fatpetestandup/post/DD9XdzDzQjs,"問一下
當你提出「要不要Netflix & Chill。」的時候
你會選擇看哪一部？
我真的選不來",2024年12月24日 星期二 下午7:07,,,1905,168,34,88,https://www.threads.com/@shopee_tw/post/DD_-UZVPRfr,選不出來可以改成「Shop & Chill」,2024年12月25日 星期三 下午7:25,,,35,0,0,1
a0326_520,https://www.threads.com/@a0326_520/post/DD_nEvHS_Kf,"
@at_last_at_last
樹幹很粗的聖誕樹",2024年12月25日 星期三 下午4:02,@shopee_tw,,4,1,0,0,https://www.threads.com/@shopee_tw/post/DD_9nqlvegg,笑死 萬物皆可樹🌲,2024年12月25日 星期三 下午7:19,,,1,0,0,0
solhelmets,https://www.threads.com/@solhelmets/post/DD_MwRaztt-,"
一定是安全帽贏吧",2024年12月25日 星期三 下午12:12,@shopee_tw,No photo description available.,9,1,0,0,https://www.threads.com/@shopee_tw/post/DD_9k73v293,原來這樣也行！,2024年12月25日 星期三 下午7:19,,,2,0,0,0
bd6_hong,https://www.threads.com/@bd6_hong/post/DD_6Pa8S9vI,"
派每朝出來應戰",2024年12月25日 星期三 下午6:49,@shopee_tw,No photo description available.,3,1,0,0,https://www.threads.com/@shopee_tw/post/DD_9jlSvLo6,很健康哈哈哈哈,2024年12月25日 星期三 下午7:18,,,0,0,0,0
chris81211,https://www.threads.com/@chris81211/post/DD_wqDBTvXy,"
自己的聖誕樹🎄自己畫💫
兩旁還有聖誕小精靈🧚🏻‍♀️
光繪聖誕樹
@yinging1992",2024年12月25日 星期三 下午5:26,@shopee_tw,No photo description available.,2,1,0,0,https://www.threads.com/@shopee_tw/post/DD_9iOmP9j4,好Q,2024年12月25日 星期三 下午7:18,,,0,0,0,0
gardenia8633,https://www.threads.com/@gardenia8633/post/DD_MGtWSwe4,"
志在參加當頭香❤️‍🔥",2024年12月25日 星期三 下午12:06,@shopee_tw,No photo description available.,6,1,0,0,https://www.threads.com/@shopee_tw/post/DD_MKFXvJRO,你很快！,2024年12月25日 星期三 下午12:07,,,0,1,0,0
jioutai_furniture,https://www.threads.com/@jioutai_furniture/post/DD8w-JRTfCm,"
非常快樂",2024年12月24日 星期二 下午1:31,@shopee_tw,,1,1,0,0,https://www.threads.com/@shopee_tw/post/DD82vUivaEF,肯定快樂 一定快樂,2024年12月24日 星期二 下午2:21,,,1,0,0,0
good.morning.my.dear.friend,https://www.threads.com/@good.morning.my.dear.friend/post/DD8qD4ZzYh3,"
藕的聖誕樹",2024年12月24日 星期二 下午12:30,@shopee_tw,No photo description available.,26,3,0,0,https://www.threads.com/@shopee_tw/post/DD82teRvlEW,中式聖誕樹🌲,2024年12月24日 星期二 下午2:21,,,3,0,0,0
npm_south,https://www.threads.com/@npm_south/post/DD583Hshg-4,跟我有一樣的徽章就可以跟我…,2024年12月23日 星期一 上午11:17,,No photo description available. | No photo description available. | No photo description available. | No photo description available. | No photo description available.,1665,66,16,73,https://www.threads.com/@shopee_tw/post/DD6A1s-vY_N,囍囍 不囍囍,2024年12月23日 星期一 上午11:52,,,148,1,0,1
w_xiixxi,https://www.threads.com/@w_xiixxi/post/DD4w4qMyC6S,拿凸透鏡拍照勝過99%老年人,2024年12月23日 星期一 上午12:14,,,45000,186,2683,5702,https://www.threads.com/@shopee_tw/post/DD5sHs7S_Pv,不用謝,2024年12月23日 星期一 上午8:51,,No photo description available.,1033,1,5,44
npm_south,https://www.threads.com/@npm_south/post/DD2KUvBzAmr,當我開始偷偷地想你,2024年12月21日 星期六 下午11:58,,,1328,42,25,24,https://www.threads.com/@shopee_tw/post/DD4eoobPGO8,可以不要偷偷地嗎,2024年12月22日 星期日 下午9:34,,,54,1,0,0
1999s0l,https://www.threads.com/@1999s0l/post/DD4DifzTTQs,"
蕭敬騰的痣會不會太大",2024年12月22日 星期日 下午5:37,@shopee_tw,,56,1,0,0,https://www.threads.com/@shopee_tw/post/DD4GxiXvI_M,胸懷大痣,2024年12月22日 星期日 下午6:05,,,21,0,0,0
super.milk.tea,https://www.threads.com/@super.milk.tea/post/DD36DReyJjM,"
你們不加薪不行欸",2024年12月22日 星期日 下午4:14,@shopee_tw,,216,1,0,0,https://www.threads.com/@shopee_tw/post/DD38Crkvk4H,@老闆,2024年12月22日 星期日 下午4:31,,,37,0,0,0
s60482002,https://www.threads.com/@s60482002/post/DD33cTzpT4c,"
下水道那段太猛了",2024年12月22日 星期日 下午3:51,@shopee_tw,,103,1,0,1,https://www.threads.com/@shopee_tw/post/DD38BT3PL9-,剪輯加薪加起來！,2024年12月22日 星期日 下午4:31,,,28,0,0,0
chienchen666,https://www.threads.com/@chienchen666/post/DD33pYsSo4K,"
還好只是手機殼丟了🤣📱～👌",2024年12月22日 星期日 下午3:53,@shopee_tw,,12,1,0,0,https://www.threads.com/@shopee_tw/post/DD37_i_vG4P,這真的不好說….：）,2024年12月22日 星期日 下午4:31,,,2,0,0,0
black_cat_teacher,https://www.threads.com/@black_cat_teacher/post/DD1SmZozxns,"我剛去烘爐地拜拜。
誠心誠意地跟福德正神祈禱🙏
希望祂保佑我、我的貓、愛我的人、我愛的人、還有我的粉絲跟學生們，全部都可以在2025年平安健康、事事順心、發大財。
接著就抽到上吉，明年穩了！💪",2024年12月21日 星期六 下午3:51,,No photo description available.,792,20,3,4,https://www.threads.com/@shopee_tw/post/DD1boWHv8a_,追追+1,2024年12月21日 星期六 下午5:10,,,12,1,0,0
stonexburger,https://www.threads.com/@stonexburger/post/DDz6GEGza6M,"
原來是我沒追
難怪想說怎麼好像很久沒看到蝦皮小編",2024年12月21日 星期六 上午2:57,@shopee_tw,,11,2,0,0,https://www.threads.com/@shopee_tw/post/DD1CA-kv43j,竟然🥹🥹🥹,2024年12月21日 星期六 下午1:26,,,7,1,0,0
ikea_taiwan,https://www.threads.com/@ikea_taiwan/post/DD09AxepOy9,"今天你要吃花生還是芝麻？
ikea_taiwan",2024年12月21日 星期六 下午12:42,,,181,9,0,14,https://www.threads.com/@shopee_tw/post/DD1B8dFvr9C,問就是：,2024年12月21日 星期六 下午1:25,,No photo description available.,80,2,0,0
motormart.com.tw,https://www.threads.com/@motormart.com.tw/post/DDy3KCsv-Kw,"
摩托市集前來致敬🫡",2024年12月20日 星期五 下午5:12,@shopee_tw,No photo description available. | No photo description available.,5,1,0,0,https://www.threads.com/@shopee_tw/post/DDzig-GPhsW,有CP給推！,2024年12月20日 星期五 下午11:31,,,3,0,0,0
aldebaran.cluster_0919,https://www.threads.com/@aldebaran.cluster_0919/post/DDzg-89T7Aq,"
接的很完美 好評",2024年12月20日 星期五 下午11:18,@shopee_tw,,4,1,0,0,https://www.threads.com/@shopee_tw/post/DDzieymvxr8,,2024年12月20日 星期五 下午11:31,,,2,0,0,0
familymart_tw,https://www.threads.com/@familymart_tw/post/DDyN-qdyXoH,"
全家小編在這👋 (哈囉",2024年12月20日 星期五 上午11:13,@shopee_tw,,3638,9,1,19,https://www.threads.com/@shopee_tw/post/DDzJQqEP2Er,尼好～,2024年12月20日 星期五 下午7:51,,,280,1,0,1
bbq_7321422,https://www.threads.com/@bbq_7321422/post/DDyx939Sr7M,"
我以為合在一起喵喵會跳過去紙箱
結果他還是在外面冷",2024年12月20日 星期五 下午4:27,@shopee_tw,,0,1,0,0,https://www.threads.com/@shopee_tw/post/DDyyPCQPBmx,跳到紙箱裡了❤️❤️❤️,2024年12月20日 星期五 下午4:29,,,3,1,0,0
ch_9188211,https://www.threads.com/@ch_9188211/post/DDv_H8_TmOg,老師說學測前不要玩線上遊戲：,2024年12月19日 星期四 下午2:24,,No photo description available.,6219,111,257,721,https://www.threads.com/@shopee_tw/post/DDyWt2VvWpi,"❌線上遊戲
✅紙上談兵",2024年12月20日 星期五 下午12:29,,,131,0,0,0
7yuna_2,https://www.threads.com/@7yuna_2/post/DDw2NzOTqyF,"剛剛去蝦皮店到店領貨
店員：名字對嗎
我：名字對嗎",2024年12月19日 星期四 下午10:26,,No photo description available.,21000,83,757,1917,https://www.threads.com/@shopee_tw/post/DDyMSvVvhPL,對啊對啊～對啊對啊～,2024年12月20日 星期五 上午10:58,,,3892,5,4,8
berulemyrule,https://www.threads.com/@berulemyrule/post/DDyHuwxyrkL,"最近天氣突然變冷 小編鼻塞到要崩潰🤧
然後活了這麼久才發現喝水可以緩解鼻塞
我決定要幹走公司飲水機了",2024年12月20日 星期五 上午10:18,,,25,14,0,0,https://www.threads.com/@shopee_tw/post/DDyMLvKPoUG,你需要這個和飲水小卡記錄一下,2024年12月20日 星期五 上午10:57,,No photo description available.,11,1,0,1
17.mkc,https://www.threads.com/@17.mkc/post/DDws_Khz5wd,"媽：你帶那麼多錢幹嘛？
我：領貨",2024年12月19日 星期四 下午9:05,,No photo description available.,64000,593,1864,4975,https://www.threads.com/@shopee_tw/post/DDyL045P5H2,我們全家感謝你🙏（但不是全家小編,2024年12月20日 星期五 上午10:54,,,7885,17,11,70
berulemyrule,https://www.threads.com/@berulemyrule/post/DDtFehGye45,"最近好多人都在發:
小編終於實現
「把公司帳號當個帳經營」的這個夢想了
到底誰是始祖阿🤣",2024年12月18日 星期三 上午11:22,,,492,134,2,6,https://www.threads.com/@shopee_tw/post/DDtnOUBvS1J,虫合,2024年12月18日 星期三 下午4:17,,,224,2,0,2
rouge.fu,https://www.threads.com/@rouge.fu/post/DDqC1FQTN_v,"幫老婆領貨？驗證碼輸下去快十個門彈出來的畫面我以為在玩打地鼠？
蝦皮店到店",2024年12月17日 星期二 上午7:01,,No photo description available. | No photo description available. | No photo description available.,10000,86,88,978,https://www.threads.com/@shopee_tw/post/DDrxR5lPWyO,不只扛下了家裡，連包裹也一肩扛起👍👍👍,2024年12月17日 星期二 下午11:06,,,539,1,0,7
fan.fan_0802_,https://www.threads.com/@fan.fan_0802_/post/DDrrK1nyh1a,"講話就好好講話
幹嘛給我疊字字啊🫣🫵🏻
@shopee_tw",2024年12月17日 星期二 下午10:13,,No photo description available.,822,3,3,19,https://www.threads.com/@shopee_tw/post/DDrxDIjvsvX,嗷嗷🥺🥺🥺,2024年12月17日 星期二 下午11:04,,,513,1,0,5
warx.tw,https://www.threads.com/@warx.tw/post/DDq5qLGy2Ye,追蹤warx.tw 原作者說讚更多正在回覆@shopee_tw破防讚28 轉發分享,2024年12月17日 星期二 下午3:00,,No photo description available.,,,,,https://www.threads.com/@shopee_tw/post/DDrENS7PUxn,追蹤shopee_tw已驗證 更多🥹🥹🥹讚3回覆轉發分享,2024年12月17日 星期二 下午4:32,,,,,,
mnewstw,https://www.threads.com/@mnewstw/post/DDqtBixJU7j,追蹤mnewstw已驗證 原作者說讚更多正在回覆@shopee_twchatGPT總是暖到讓人想暈船讚19 轉發分享,2024年12月17日 星期二 下午1:10,,,,,,,https://www.threads.com/@shopee_tw/post/DDrEL4TPdlA,追蹤shopee_tw已驗證 更多我直接暈爛讚7回覆轉發分享,2024年12月17日 星期二 下午4:32,,,,,,
hola.taiwan,https://www.threads.com/@hola.taiwan/post/DDo8LAIzFEb,追蹤hola.taiwan已驗證 原作者說讚更多正在回覆@shopee_tw奇趴讚3 轉發分享,2024年12月16日 星期一 下午8:44,,,,,,,https://www.threads.com/@shopee_tw/post/DDqRpJXSAqc,追蹤shopee_tw已驗證 更多蝦趴讚1回覆轉發分享,2024年12月17日 星期二 上午9:11,,,,,,
netflixtw,https://www.threads.com/@netflixtw/post/DDoem0IzwV3,"追蹤netflixtw已驗證 更多氣溫驟降我的應對方式：已靜音讚2.2 萬回覆195 分享3,407",2024年12月16日 星期一 下午4:25,,No photo description available.,,,,,https://www.threads.com/@shopee_tw/post/DDo3BeGvgb1,追蹤shopee_tw已驗證 更多我可以提供不要的紙箱讚934 轉發分享4,2024年12月16日 星期一 下午7:59,,,,,,
kumiko__lee,https://www.threads.com/@kumiko__lee/post/DDmccwtT4hj,追蹤kumiko__lee 原作者說讚更多正在回覆@shopee_tw我明天特休 我還有24小時才會面對 ✌️讚8 轉發分享,2024年12月15日 星期日 下午9:28,,,,,,,https://www.threads.com/@shopee_tw/post/DDmeS4Fv4HV,追蹤shopee_tw已驗證 更多太狠了讚8回覆轉發分享,2024年12月15日 星期日 下午9:44,,,,,,
le_dahye,https://www.threads.com/@le_dahye/post/DDjEtxnSxuu,追蹤le_dahye已驗證李多慧 更多大家好 我是新同学 ♥ 李多慧讚2.7 萬回覆429 分享367,2024年12月14日 星期六 下午2:03,,No photo description available.,,,,,https://www.threads.com/@shopee_tw/post/DDjhbpgvGJ3,追蹤shopee_tw已驗證 更多我們歡迎李～～～讚127回覆轉發分享1,2024年12月14日 星期六 下午6:14,,,,,,
bonnyread.tw,https://www.threads.com/@bonnyread.tw/post/DDeSgnjPpK8,追蹤bonnyread.tw已驗證 原作者說讚更多正在回覆@shopee_tw這張圖每年都可以拿出來用😍讚8 轉發分享,2024年12月12日 星期四 下午5:27,,,,,,,https://www.threads.com/@shopee_tw/post/DDf4sANPWdk,追蹤shopee_tw已驗證 更多好用一直用！讚回覆轉發分享,2024年12月13日 星期五 上午8:20,,,,,,
npm_south,https://www.threads.com/@npm_south/post/DDeWm6xhKvE,追蹤npm_south已驗證 原作者說讚更多正在回覆@shopee_tw這裡看不到我讚59 轉發分享,2024年12月12日 星期四 下午6:03,,,,,,,https://www.threads.com/@shopee_tw/post/DDewb9xPWYo,追蹤shopee_tw已驗證 更多因為我把你放在心裡讚25回覆轉發分享,2024年12月12日 星期四 下午9:49,,,,,,
good.morning.my.dear.friend,https://www.threads.com/@good.morning.my.dear.friend/post/DDeTTdEzWEt,追蹤good.morning.my.dear.friend已驗證 原作者說讚更多正在回覆@shopee_tw觀世音菩薩顯靈讚75 轉發分享,2024年12月12日 星期四 下午5:34,,No photo description available.,,,,,https://www.threads.com/@shopee_tw/post/DDeT3sTvGvQ,追蹤shopee_tw已驗證 更多娘子啊！快跟牛魔王出來看！！！讚21回覆轉發分享,2024年12月12日 星期四 下午5:39,,,,,,
ebenorganic.tw,https://www.threads.com/@ebenorganic.tw/post/DDbcl7BvSxp,追蹤ebenorganic.tw已驗證 原作者說讚更多正在回覆@shopee_twThreads 經營好困難 沒關係我繼續躺 因為我是個 Chill Guy 😌讚6 轉發分享,2024年12月11日 星期三 下午2:58,,,,,,,https://www.threads.com/@shopee_tw/post/DDbdJiQPRG3,追蹤shopee_tw已驗證 更多我跟你一起躺平😌讚3 轉發分享,2024年12月11日 星期三 下午3:03,,,,,,
fangyu0813,https://www.threads.com/@fangyu0813/post/DDY9wNtSSNM,"追蹤fangyu0813 更多蝦人炒飯讚9,657 轉發668",2024年12月10日 星期二 下午3:50,,No photo description available.,,,,,https://www.threads.com/@shopee_tw/post/DDbXZXtvPV6,追蹤shopee_tw已驗證 更多哥們…？讚645 轉發分享4,2024年12月11日 星期三 下午2:12,,,,,,
kawiuye,https://www.threads.com/@kawiuye/post/DDZhU5-S-pe,"追蹤kawiuye 更多說好要看書的我：讚3.4 萬回覆100 分享2,887",2024年12月10日 星期二 下午9:01,,No photo description available.,,,,,https://www.threads.com/@shopee_tw/post/DDbXUivv9gv,追蹤shopee_tw已驗證 更多說好要看書的我：（購物車逛到99+）讚765 轉發3,2024年12月11日 星期三 下午2:12,,No photo description available.,,,,
ikea_taiwan,https://www.threads.com/@ikea_taiwan/post/DDZn-TNSHKz,追蹤ikea_taiwan已驗證 更多你最近是心冷 還是身體冷？ 讚893 轉發18,2024年12月10日 星期二 下午9:59,,,,,,,https://www.threads.com/@shopee_tw/post/DDZvu6SP0wl,追蹤shopee_tw已驗證 更多暖他一整天讚81 轉發分享3,2024年12月10日 星期二 下午11:06,,,,,,
blackm3284,https://www.threads.com/@blackm3284/post/DDZHOCyPLIe,追蹤blackm3284已驗證 更多八曜和茶大家最推的搭配是什麼？讚48 轉發分享3,2024年12月10日 星期二 下午5:12,,,,,,,https://www.threads.com/@shopee_tw/post/DDZPCPLPD0J,追蹤shopee_tw已驗證 更多八曜 和 茶讚32 轉發分享1,2024年12月10日 星期二 下午6:21,,,,,,
potato_potato_gato_123,https://www.threads.com/@potato_potato_gato_123/post/DDW2M5LTKZP,"2.不要每天喝咖啡、飲料，可以省下一大筆錢
3.不必要的聚餐可以拒絕
4.電影院少去
5.早睡早起
6.多看投資的書
7.多練習英文
8.少滑手機讚1.2 萬回覆448轉發250分享678",2024年12月9日 星期一 下午8:05,,,,,,,https://www.threads.com/@shopee_tw/post/DDY23ahPiEL,追蹤shopee_tw已驗證 更多9. 週三週六有$99起免運省運費讚153 轉發分享4,2024年12月10日 星期二 下午2:50,,,,,,
zheng._.92,https://www.threads.com/@zheng._.92/post/DDXHp_RS9VG,"但真的太丟臉了 很少打開來玩分享的對象好幾個都不讀不回 先哭
以後不跟他們分享了 1/2已靜音讚1.7 萬回覆355轉發511分享3,670",2024年12月9日 星期一 下午10:39,,,,,,,https://www.threads.com/@shopee_tw/post/DDYn1mEPpLp,追蹤shopee_tw已驗證 原作者說讚更多可以分享給我🥹🥹🥹讚178 轉發分享5,2024年12月10日 星期二 下午12:38,,,,,,
good.morning.my.dear.friend,https://www.threads.com/@good.morning.my.dear.friend/post/DDYhkeCT_2R,"2021 把東西加入購物車
2022 把東西加入購物車
2023 把東西加入購物車
2024 把東西加入購物車
2025 確診為貨車讚48回覆1轉發1分享",2024年12月10日 星期二 上午11:43,,,,,,,https://www.threads.com/@shopee_tw/post/DDYnqRvvsUk,追蹤shopee_tw已驗證 更多湯瑪士小貨車🚚讚8回覆轉發分享,2024年12月10日 星期二 下午12:37,,,,,,
warx.tw,https://www.threads.com/@warx.tw/post/DDYiRuAy-oB,追蹤warx.tw 原作者說讚更多正在回覆@shopee_tw難怪上次在土壤裡看到你讚6 轉發分享,2024年12月10日 星期二 上午11:50,,,,,,,https://www.threads.com/@shopee_tw/post/DDYlLKGvyuL,追蹤shopee_tw已驗證 更多月底還會再看到一次讚5回覆轉發分享,2024年12月10日 星期二 下午12:15,,,,,,
pqin.0408_2,https://www.threads.com/@pqin.0408_2/post/DDWeofKS-sT,"追蹤pqin.0408_2 更多這是什麼雙向奔赴的病情？ 讚1.8 萬回覆85 分享2,161",2024年12月9日 星期一 下午4:39,,No photo description available.,,,,,https://www.threads.com/@shopee_tw/post/DDXHeUYvRlj,追蹤shopee_tw已驗證 更多購物車是沒有東西的☺️讚858 轉發2,2024年12月9日 星期一 下午10:36,,,,,,
ff10__01,https://www.threads.com/@ff10__01/post/DDUYNZPTc96,"追蹤ff10__01 更多🤡 讚1.0 萬回覆180 分享3,516",2024年12月8日 星期日 下午9:05,,No photo description available.,,,,,https://www.threads.com/@shopee_tw/post/DDXHTy5veUK,追蹤shopee_tw已驗證 原作者說讚更多再…再買一次就好…讚198 轉發分享7,2024年12月9日 星期一 下午10:35,,,,,,
good.morning.my.dear.friend,https://www.threads.com/@good.morning.my.dear.friend/post/DDV1nelTA_C,追蹤good.morning.my.dear.friend已驗證 原作者說讚更多正在回覆@shopee_twㄋㄥˇ不防讚4 轉發分享,2024年12月9日 星期一 上午10:41,,,,,,,https://www.threads.com/@shopee_tw/post/DDWWb-6PNyN,追蹤shopee_tw已驗證 更多大破房讚4回覆轉發分享,2024年12月9日 星期一 下午3:28,,,,,,
pure.tiful,https://www.threads.com/@pure.tiful/post/DDV5RW-TCHf,追蹤pure.tiful已驗證 原作者說讚更多正在回覆@shopee_tw支持辦公室一人一被窩⋯讚17 轉發分享,2024年12月9日 星期一 上午11:13,,,,,,,https://www.threads.com/@shopee_tw/post/DDWWaOmvQO2,追蹤shopee_tw已驗證 更多開放大家團購…讚8 轉發分享,2024年12月9日 星期一 下午3:27,,,,,,
typhoon_mi,https://www.threads.com/@typhoon_mi/post/DDWGZhfvDem,追蹤typhoon_mi 原作者說讚更多正在回覆@shopee_twㄛ週末你各位就知道嘍讚220 轉發1,2024年12月9日 星期一 下午1:08,,,,,,,https://www.threads.com/@shopee_tw/post/DDWWYpbPOMd,追蹤shopee_tw已驗證 更多欸…讚6回覆轉發分享,2024年12月9日 星期一 下午3:27,,,,,,
noahs_ark_ilan,https://www.threads.com/@noahs_ark_ilan/post/DDMUe--z20J,"
下水道集合了🤪",2024年12月5日 星期四 下午5:58,@shopee_tw,No photo description available.,5,1,0,0,https://www.threads.com/@shopee_tw/post/DDMWmCSvwR5,下水道我來把關,2024年12月5日 星期四 下午6:17,,No photo description available.,5,0,0,1
ugtea_official,https://www.threads.com/@ugtea_official/post/DDMI1y9z8Wm,"排隊口渴嗎？
召喚小編幫你送飲料💚
現場點餐超快速！
周杰倫",2024年12月5日 星期四 下午4:17,,,88,13,0,27,https://www.threads.com/@shopee_tw/post/DDMWIlgPbJ0,我在樓上，可以外送嗎😏,2024年12月5日 星期四 下午6:13,,,5,1,0,1
naz_tw,https://www.threads.com/@naz_tw/post/DDKNWC5zU38,"
馬上去兌發票😍",2024年12月4日 星期三 下午10:17,@shopee_tw,,0,1,0,0,https://www.threads.com/@shopee_tw/post/DDL1szuPQ86,兌完發票繼續哭,2024年12月5日 星期四 下午1:29,,,1,0,0,0
klooktw,https://www.threads.com/@klooktw/post/DDJl3b7Tq1E,"
這位本名叫 Jay Chill 嗎😍",2024年12月4日 星期三 下午4:32,@shopee_tw,,10,1,0,1,https://www.threads.com/@shopee_tw/post/DDJvMRUPZ7H,,2024年12月4日 星期三 下午5:54,,,1,0,0,0
im_wico,https://www.threads.com/@im_wico/post/DDJTU-ITNtB,"
就算看不到演唱會
也能在大巨蛋門口打坐
因為我是個乞丐🥹",2024年12月4日 星期三 下午1:50,@shopee_tw,,21,1,0,1,https://www.threads.com/@shopee_tw/post/DDJk-MVvcDL,Chill丐,2024年12月4日 星期三 下午4:25,,,12,0,0,0
good.morning.my.dear.friend,https://www.threads.com/@good.morning.my.dear.friend/post/DDJK9XtTdRp,"
午安朋友 天涼好個chill",2024年12月4日 星期三 下午12:37,@shopee_tw,No photo description available.,55,1,0,1,https://www.threads.com/@shopee_tw/post/DDJNGwQPGqs,只要你夠秋，就永遠不會進入冬天,2024年12月4日 星期三 下午12:56,,,33,1,1,2
kaixioz__,https://www.threads.com/@kaixioz__/post/DDG50KQTfOq,從12強躲到現在快看到周杰倫了再撐一下肚子超餓,2024年12月3日 星期二 下午3:29,,No photo description available.,41000,153,992,3077,https://www.threads.com/@shopee_tw/post/DDJDBYFP4lB,"這邊視野比較好 還能看到屋頂
shopee_tw
2024-10-23
聽說大巨蛋下水道、通風管已經滿了
這邊推薦一個絕佳景點給大家",2024年12月4日 星期三 上午11:28,,No photo description available.,450,2,1,16
andau_560,https://www.threads.com/@andau_560/post/DDGaZpeTvv8,"香奈兒20萬：好
隆鼻25萬：好
隆乳30萬：好
蝦皮運費60：好貴",2024年12月3日 星期二 上午10:55,,,6525,45,81,252,https://www.threads.com/@shopee_tw/post/DDI4yiwSnMm,週三免運日 $99 起免運：好好買🥳,2024年12月4日 星期三 上午9:59,,No photo description available.,9,0,0,1
weiii1008,https://www.threads.com/@weiii1008/post/DC6guSkyndx,"看看這串能飄多遠꒰⁠⑅⁠ᵕ⁠༚⁠ᵕ⁠꒱⁠˖⁠♡
Reply below with: [Your city + fav local food!]
Let's see how far this can go!讚706回覆228轉發8分享11",2024年11月28日 星期四 下午7:59,,,,,,,https://www.threads.com/@shopee_tw/post/DC6w5ghvRnp,追蹤shopee_tw已驗證 更多台北松菸 土讚35回覆轉發分享4,2024年11月28日 星期四 下午10:20,,,,,,
npm_south,https://www.threads.com/@npm_south/post/DC3qYjmhBif,"追蹤npm_south已驗證 更多愛我就請追我，不要讓演算法阻撓我們的感情，謝謝。讚4,494 轉發35",2024年11月27日 星期三 下午5:26,,,,,,,https://www.threads.com/@shopee_tw/post/DC6YkOsPYB3,追蹤shopee_tw已驗證 原作者說讚更多我在讚14 轉發分享1,2024年11月28日 星期四 下午6:48,,,,,,
_showba_,https://www.threads.com/@_showba_/post/DC33IoQzpB5,追蹤_showba_ 原作者說讚更多正在回覆@shopee_tw買！讚2 轉發分享,2024年11月27日 星期三 下午7:17,,,,,,,https://www.threads.com/@shopee_tw/post/DC6YhMjPMBw,追蹤shopee_tw已驗證 更多買能治百病讚回覆轉發分享,2024年11月28日 星期四 下午6:47,,,,,,
lifang_____,https://www.threads.com/@lifang_____/post/DCy0R78TVRH,追蹤lifang_____ 更多蝦皮真的很棒🤣🤣🤣🤣已靜音Instagram logoshopee_tw 回覆68 分享910,2024年11月25日 星期一 下午8:16,,,,,,,https://www.threads.com/@shopee_tw/post/DC0aG3OPpRr,追蹤shopee_tw已驗證 原作者說讚更多沒看世棒的現在都看完了 不客氣讚404回覆轉發1,2024年11月26日 星期二 上午11:06,,,,,,
mmx0429,https://www.threads.com/@mmx0429/post/DCyzpHZPGa9,追蹤mmx0429 原作者說讚更多正在回覆@shopee_tw太猛了不愧是你們😍😍😍讚8 轉發分享,2024年11月25日 星期一 下午8:10,,,,,,,https://www.threads.com/@shopee_tw/post/DCzLFQNS7if,追蹤shopee_tw已驗證 更多只有蝦皮能超越蝦皮😉讚5回覆轉發分享,2024年11月25日 星期一 下午11:35,,,,,,
rimung531,https://www.threads.com/@rimung531/post/DCzIk0tzra9,追蹤rimung531 原作者說讚更多正在回覆@shopee_tw蝦皮真的要幫你們加薪讚31 轉發分享,2024年11月25日 星期一 下午11:13,,,,,,,https://www.threads.com/@shopee_tw/post/DCzLDFmyaSQ,追蹤shopee_tw已驗證 更多通通加起來！讚6回覆轉發分享,2024年11月25日 星期一 下午11:35,,,,,,
elta_sports,https://www.threads.com/@elta_sports/post/DCwqP5ayVk3,"鎖定愛爾達體育1/2/3/4台
愛爾達體育MAX1-8台
365日任務讚6.2 萬回覆538轉發1,999分享4,560",2024年11月25日 星期一 上午12:10,,No photo description available.,,,,,https://www.threads.com/@shopee_tw/post/DCxoORkSMmR,追蹤shopee_tw已驗證 更多好看一直看！ 好哭一直哭！讚243回覆轉發分享3,2024年11月25日 星期一 上午9:11,,,,,,
care16888,https://www.threads.com/@care16888/post/DCwVpgcyMZm,追蹤care16888 原作者說讚更多正在回覆@shopee_tw憲在開始今日成為國家紀念日讚21 轉發分享,2024年11月24日 星期日 下午9:10,,,,,,,https://www.threads.com/@shopee_tw/post/DCwaBdOvjDM,追蹤shopee_tw已驗證 更多憲在開始放假！讚3回覆轉發分享,2024年11月24日 星期日 下午9:48,,,,,,
museacg,https://www.threads.com/@museacg/post/DC9XfKzSzuH,"婆婆愛吃
膽大黨",2024年11月29日 星期五 下午10:36,,,263,5,10,45,https://www.threads.com/@shopee_tw/post/DC_VeFzPYkh,已購買，小孩愛吃（欸,2024年11月30日 星期六 下午4:57,,,4,1,0,1
typhoon_mi,https://www.threads.com/@typhoon_mi/post/DC-wuyaPH-T,"嗨，冷氣團今天減弱，但晚上的輻射冷卻效應還是會很明顯，尤其是空曠處，像圖中這樣子的地方，現在可能很熱，但晚上肯定冷的要死🙃
許願今天有團會唱台灣尚勇🤣",2024年11月30日 星期六 上午11:36,,No photo description available.,5024,61,26,88,https://www.threads.com/@shopee_tw/post/DC_MQZ-vnPS,這幾天有點難穿衣服，給點建議？,2024年11月30日 星期六 下午3:36,,No photo description available.,96,4,0,1
senseoflawig,https://www.threads.com/@senseoflawig/post/DC6-ytySlKo,"
你們在IG比較紅啦嗚嗚嗚😭",2024年11月29日 星期五 上午12:22,@shopee_tw,,8,1,0,0,https://www.threads.com/@shopee_tw/post/DC7J1pxy5dd,破房了，刪掉,2024年11月29日 星期五 上午1:58,,,13,0,0,0
harry_li_0528,https://www.threads.com/@harry_li_0528/post/DC3ydjJzyl5,,2024年11月27日 星期三 下午6:36,,,0,0,0,0,https://www.threads.com/@shopee_tw/post/DC6xFuyPF66,"很喜歡蝦皮說過的一句話：
蝦↘皮↗皮↗皮↗ ↗ ↗",2024年11月28日 星期四 下午10:22,,,419,2,4,2
benson34583,https://www.threads.com/@benson34583/post/DCwY_MgT4pn,追蹤benson34583 原作者說讚更多正在回覆@shopee_tw不可能這麼敬業讚5 轉發分享,2024年11月24日 星期日 下午9:39,,,,,,,https://www.threads.com/@shopee_tw/post/DCwZ6TXP49i,追蹤shopee_tw已驗證 更多憲在沒有極限讚1回覆轉發分享,2024年11月24日 星期日 下午9:47,,,,,,
npm_south,https://www.threads.com/@npm_south/post/DCwU9WPT1WG,追蹤npm_south已驗證 原作者說讚更多正在回覆@shopee_tw憲在開始發衛生紙讚146 轉發分享1,2024年11月24日 星期日 下午9:04,,,,,,,https://www.threads.com/@shopee_tw/post/DCwY_yHP_3S,追蹤shopee_tw已驗證 更多已發，孩子在哭❤️讚15回覆轉發分享,2024年11月24日 星期日 下午9:39,,,,,,
yga0721,https://www.threads.com/@yga0721/post/DCrPiRFzP8x,"追蹤yga0721已驗證 更多大家不用緊張！日本🇯🇵嘎哥來了😘😘🥰已靜音讚3.5 萬回覆387 分享1,017",2024年11月22日 星期五 下午9:41,,,,,,,https://www.threads.com/@shopee_tw/post/DCrfjGXyQIj,山下智久本來就在日本啊！讚876回覆4轉發分享7,2024年11月23日 星期六 上午12:00,,,,,,
buck20120721,https://www.threads.com/@buck20120721/post/DCp9sbRBEsF,追蹤buck20120721 原作者說讚更多正在回覆@shopee_tw去月球先不要，夜城沒有活著的傳奇。讚1 轉發分享,2024年11月22日 星期五 上午9:45,,,,,,,https://www.threads.com/@shopee_tw/post/DCrbkjdSeWF,追蹤shopee_tw已驗證 更多fly me to the moon 翻譯讚1回覆轉發分享,2024年11月22日 星期五 下午11:25,,,,,,
s92137,https://www.threads.com/@s92137/post/DCrLrUXz7af,追蹤s92137 原作者說讚更多正在回覆@shopee_tw墾丁跟日本那兩層要交換才對讚1 轉發分享,2024年11月22日 星期五 下午9:06,,,,,,,https://www.threads.com/@shopee_tw/post/DCrbcgeylZE,追蹤shopee_tw已驗證 更多你太低估墾丁了讚回覆1轉發分享,2024年11月22日 星期五 下午11:24,,,,,,
benson34583,https://www.threads.com/@benson34583/post/DCrAeTwzwpv,追蹤benson34583 原作者說讚更多正在回覆@shopee_tw怕自己帶賽 所以關掉直播然後分數就進來了的人讚25 轉發分享,2024年11月22日 星期五 下午7:28,,,,,,,https://www.threads.com/@shopee_tw/post/DCrbYGVSW60,追蹤shopee_tw已驗證 更多謝謝 我整個世界賽都不看了讚5回覆轉發分享,2024年11月22日 星期五 下午11:24,,,,,,
typhoon_mi,https://www.threads.com/@typhoon_mi/post/DCq_qnkvIbE,追蹤typhoon_mi 原作者說讚更多正在回覆@shopee_tw我在現場動用法器求佛啦。讚168 轉發分享,2024年11月22日 星期五 下午7:21,,No photo description available.,,,,,https://www.threads.com/@shopee_tw/post/DCrMVr1PWE5,追蹤shopee_tw已驗證 更多吉伊寶寶肯定能帶來好運的！讚7回覆轉發分享,2024年11月22日 星期五 下午9:12,,,,,,
a._.yk_0313,https://www.threads.com/@a._.yk_0313/post/DCooemsyI0R,追蹤a._.yk_0313 原作者說讚更多正在回覆@shopee_tw但是不管哪一層，他們都會上蝦皮買東西讚23 轉發分享,2024年11月21日 星期四 下午9:20,,,,,,,https://www.threads.com/@shopee_tw/post/DCo7KYvyJiG,追蹤shopee_tw已驗證 更多選你正解！讚1回覆轉發分享,2024年11月22日 星期五 上午12:04,,,,,,
wantogo,https://www.threads.com/@wantogo/post/DCoqjJVSP2y,追蹤wantogo已驗證 原作者說讚更多正在回覆@shopee_tw如果覺得有被窩就很快樂，會不會太社畜😳讚39 轉發分享,2024年11月21日 星期四 下午9:38,,,,,,,https://www.threads.com/@shopee_tw/post/DCo7HiNStHD,追蹤shopee_tw已驗證 更多歡迎來到大人的世界讚5回覆轉發分享,2024年11月22日 星期五 上午12:03,,,,,,
super.milk.tea,https://www.threads.com/@super.milk.tea/post/DCouOZwS5Ty,追蹤super.milk.tea已驗證 原作者說讚更多正在回覆@shopee_tw沒關係我們去墾丁就好讚8 轉發分享,2024年11月21日 星期四 下午10:11,,,,,,,https://www.threads.com/@shopee_tw/post/DCo7Fzby7qJ,追蹤shopee_tw已驗證 更多去得了…？讚1回覆轉發分享,2024年11月22日 星期五 上午12:03,,,,,,
museacg,https://www.threads.com/@museacg/post/DCo1WY2yjU_,"
可以找外星人來玩",2024年11月21日 星期四 下午11:13,@shopee_tw,,40,1,0,1,https://www.threads.com/@shopee_tw/post/DCo7EwcSLUN,不要，他會偷走我的OO,2024年11月22日 星期五 上午12:03,,,15,2,0,0
poshupstore.tw,https://www.threads.com/@poshupstore.tw/post/DCnrhj4T0RH,現在小編越來越難當、要露臉、出賣老闆、還要曬爸媽的戀愛史、但以上我一個都沒做、難道這樣就沒流量ㄇ……,2024年11月21日 星期四 下午12:28,,,82,60,0,2,https://www.threads.com/@shopee_tw/post/DComamyvLdT,做了也沒人看 哀,2024年11月21日 星期四 下午9:02,,,40,1,0,1
isnight.tw,https://www.threads.com/@isnight.tw/post/DCodz7BTcb6,"請益 聖誕交換禮物
必須是床上用的到的
請大家來推薦一下～",2024年11月21日 星期四 下午7:47,,,25,61,0,3,https://www.threads.com/@shopee_tw/post/DComVMvvhWl,這個,2024年11月21日 星期四 下午9:02,,No photo description available.,22,2,0,0
annn.1127_,https://www.threads.com/@annn.1127_/post/DCmdZ3pyW30,"別人熬夜腦子不清楚：開始速食愛情
我熬夜腦子不清楚：",2024年11月21日 星期四 上午1:05,,No photo description available.,42000,312,7372,4035,https://www.threads.com/@shopee_tw/post/DCn5jgTvduw,白天就人間清醒了。,2024年11月21日 星期四 下午2:30,,,1945,3,0,6
jamesiscurlytoo,https://www.threads.com/@jamesiscurlytoo/post/DClUzkNzozV,這樣我也是天選之人了吧,2024年11月20日 星期三 下午2:31,,No photo description available.,245,8,1,7,https://www.threads.com/@shopee_tw/post/DCn5epMvInS,看起來是個美少女,2024年11月21日 星期四 下午2:30,,,26,0,0,0
super.milk.tea,https://www.threads.com/@super.milk.tea/post/DCmJa9XSDsx,"
大破防",2024年11月20日 星期三 下午10:10,@shopee_tw,,1,1,0,0,https://www.threads.com/@shopee_tw/post/DCn5Wl4v_dl,,2024年11月21日 星期四 下午2:29,,,1,0,0,0
miyi4100,https://www.threads.com/@miyi4100/post/DCnwI6Rvqaa,"
有梗、會觀察",2024年11月21日 星期四 下午1:08,@shopee_tw,,1,1,0,0,https://www.threads.com/@shopee_tw/post/DCn5UuCP-WY,愛了愛了,2024年11月21日 星期四 下午2:28,,,0,0,0,0
pocketsecurities,https://www.threads.com/@pocketsecurities/post/DCnlsocznBZ,,2024年11月21日 星期四 上午11:37,@shopee_tw,No photo description available.,16,1,0,0,https://www.threads.com/@shopee_tw/post/DCn5ToMvHYg,過於真實。,2024年11月21日 星期四 下午2:28,,,3,1,0,0
tracy101252,https://www.threads.com/@tracy101252/post/DCny63IBttZ,"
懷疑你在臭咒術但我沒有證據w",2024年11月21日 星期四 下午1:32,@shopee_tw,,2,1,0,0,https://www.threads.com/@shopee_tw/post/DCn5SM5Punt,不好說,2024年11月21日 星期四 下午2:28,,,0,0,0,0
kaokaooo16,https://www.threads.com/@kaokaooo16/post/DCjudlqy7px,"
讓大家看一下痣的細節==",2024年11月19日 星期二 下午11:36,@shopee_tw,No photo description available.,16,3,0,1,https://www.threads.com/@shopee_tw/post/DCl1boZvozN,後面怎麼有萬聖節南瓜🎃,2024年11月20日 星期三 下午7:16,,,1,0,0,0
foodpanda_taiwan,https://www.threads.com/@foodpanda_taiwan/post/DCjNKMszqVx,"同事Yuki 有60天免費 pandapro 要送大家
大學生看到賺到 >> pse.is/6py7f…",2024年11月19日 星期二 下午6:45,,No photo description available.,179,28,13,481,https://www.threads.com/@shopee_tw/post/DClK6P8PyPw,我早八都threads過頭 也可以申請嗎,2024年11月20日 星期三 下午1:04,,,18,2,0,1
104jobbank.official,https://www.threads.com/@104jobbank.official/post/C4fP6JSvEmA,"作答這三題，看看你的變化：
1. 小時候的夢想職業
2.你就讀的系所
3.現在的工作
寫完有覺得差很多的舉手🙋‍♀️",2024年3月14日 星期四 下午4:39,,,3079,2221,2754,0,https://www.threads.com/@shopee_tw/post/DClFH5Ovu3c,"1. 海賊王
2. 企管系
3. 海巡署（圓夢了，謝謝",2024年11月20日 星期三 下午12:14,,,66,0,0,1
byebyechuchu,https://www.threads.com/@byebyechuchu/post/DCinRXIRA17,,2024年11月19日 星期二 下午1:15,,,0,0,0,0,https://www.threads.com/@shopee_tw/post/DCi3PAvPxe-,這是可以免費看的嗎⋯⋯,2024年11月19日 星期二 下午3:34,,,64,2,0,2
jp__cinema,https://www.threads.com/@jp__cinema/post/DChPtugBvqY,是個好主意,2024年11月19日 星期二 上午12:29,,,23000,44,749,2039,https://www.threads.com/@shopee_tw/post/DCikyR6vVHJ,"這裡視野也不錯👌
shopee_tw
2024-10-23
聽說大巨蛋下水道、通風管已經滿了
這邊推薦一個絕佳景點給大家",2024年11月19日 星期二 下午12:53,,No photo description available.,870,474,2,19
lnw0914,https://www.threads.com/@lnw0914/post/DCfzN9iTcN3,為啥蝦皮首頁會有吉伊？？？,2024年11月18日 星期一 上午11:01,,No photo description available. | No photo description available.,183,6,2,16,https://www.threads.com/@shopee_tw/post/DCikUcdPQGr,因為很可愛,2024年11月19日 星期二 下午12:49,,,103,1,0,1
kaikumar_,https://www.threads.com/@kaikumar_/post/DCiP3GdzBVn,"只要吸收適量水份 薩摩耶會進化成海豹
薩摩耶",2024年11月19日 星期二 上午9:50,,No photo description available. | No photo description available. | No photo description available.,13000,40,685,1129,https://www.threads.com/@shopee_tw/post/DCikHHQvjlj,"😏薩摩耶
😛薩摩耶斯",2024年11月19日 星期二 下午12:47,,,22,0,0,1
richmary2023,https://www.threads.com/@richmary2023/post/DCieM4UT2t7,"
小編必須加薪！",2024年11月19日 星期二 上午11:55,@shopee_tw,,3,1,0,0,https://www.threads.com/@shopee_tw/post/DCie0YCPNMQ,@老闆,2024年11月19日 星期二 下午12:00,,,1,0,0,0
hahaha.amidofu,https://www.threads.com/@hahaha.amidofu/post/DCgKhSDymfI,喔～更愛你了,2024年11月18日 星期一 下午2:25,,No photo description available.,8386,40,351,734,https://www.threads.com/@shopee_tw/post/DCiPTfbSAYg,,2024年11月19日 星期二 上午9:45,,No photo description available.,45,0,0,0
aesir_porter,https://www.threads.com/@aesir_porter/post/DCf_43yPWc7,"追蹤aesir_porter 更多我判斷一個人的方式：(⁎⁍̴̛ᴗ⁍̴̛⁎)(◐‿◑)� = 國中小🤣 = 18以上 大叔大媽那個年紀最愛用🈹😈🖤🥀🤪 = 弱智🥰😍😳🥵 = 噁男大叔🗣️🔥 💀= 美式男😱 = 新聞媒體騙流量🐔✈️🥚👊 = 雞飛蛋打🤡 = 你讚1.3 萬回覆639 分享2,195",2024年11月18日 星期一 下午12:52,,,,,,,https://www.threads.com/@shopee_tw/post/DCiJW0yyRC6,追蹤shopee_tw已驗證 更多🦐🍺讚75回覆轉發分享1,2024年11月19日 星期二 上午8:53,,,,,,
m__i.urara,https://www.threads.com/@m__i.urara/post/DCg7joiTErT,但我家沒浴缸不知道怎麼養😧讚2回覆1轉發分享,2024年11月18日 星期一 下午9:33,,,,,,,https://www.threads.com/@shopee_tw/post/DCiJLr5S6gg,追蹤shopee_tw已驗證 更多可以先上蝦皮買？讚回覆1轉發分享,2024年11月19日 星期二 上午8:51,,,,,,
nage_egg2021,https://www.threads.com/@nage_egg2021/post/DChAS0Zy4XP,追蹤nage_egg2021 原作者說讚更多正在回覆@shopee_tw我不想要難過的小編啊！讚3 轉發分享,2024年11月18日 星期一 下午10:14,,,,,,,https://www.threads.com/@shopee_tw/post/DChLUB0y0c6,追蹤shopee_tw已驗證 更多小編更難過惹😭😭😭讚1回覆轉發分享,2024年11月18日 星期一 下午11:51,,,,,,
lin._05._20._,https://www.threads.com/@lin._05._20._/post/DChIoZvzdX1,追蹤lin._05._20._ 原作者說讚更多正在回覆@shopee_tw我在箱子裡找到了橘子！謝謝妳我愛吃橘子讚21 轉發分享,2024年11月18日 星期一 下午11:27,,No photo description available.,,,,,https://www.threads.com/@shopee_tw/post/DChLN5pSr3n,追蹤shopee_tw已驗證 更多讚27回覆轉發分享2,2024年11月18日 星期一 下午11:50,,No photo description available.,,,,
super.milk.tea,https://www.threads.com/@super.milk.tea/post/DCgzo-kSFdg,追蹤super.milk.tea已驗證 更多正在回覆@shopee_tw姑姑有多比讚4 轉發分享,2024年11月18日 星期一 下午8:24,,,,,,,https://www.threads.com/@shopee_tw/post/DChIs3mSH0o,追蹤shopee_tw已驗證 更多多比是免費的 歡迎自取～讚2回覆轉發分享,2024年11月18日 星期一 下午11:28,,,,,,
yee_yang0129,https://www.threads.com/@yee_yang0129/post/DCeX3pmzl_Z,"追蹤yee_yang0129 更多什麼啊🤣看到快要笑死讚2,535 轉發216",2024年11月17日 星期日 下午9:43,,No photo description available.,,,,,https://www.threads.com/@shopee_tw/post/DCgy8GLP5Jy,追蹤shopee_tw已驗證 更多原本想說些什麼…還是算了…讚75 轉發分享,2024年11月18日 星期一 下午8:18,,No photo description available.,,,,
diablo_miguel,https://www.threads.com/@diablo_miguel/post/DCfscEsS7yO,@lynx_indexyz0920 1/2讚2.6 萬回覆260轉發294分享392,2024年11月18日 星期一 上午10:02,,No photo description available.,,,,,https://www.threads.com/@shopee_tw/post/DCgy0a6vajL,"追蹤shopee_tw已驗證 原作者說讚更多不用客氣讚1,327 轉發分享11",2024年11月18日 星期一 下午8:17,,,,,,
jelly_2005._,https://www.threads.com/@jelly_2005._/post/DCgXtEnzvx8,追蹤jelly_2005._ 原作者說讚更多正在回覆@shopee_tw水滴魚長得有點像張開眼的李榮浩讚4 轉發分享,2024年11月18日 星期一 下午4:20,,,,,,,https://www.threads.com/@shopee_tw/post/DCglRPwvD19,追蹤shopee_tw已驗證 更多那是她的極限了讚回覆轉發分享,2024年11月18日 星期一 下午6:18,,,,,,
nuevakind,https://www.threads.com/@nuevakind/post/DCgNzZ3zqjG,"
是不是忘了放有折扣嗎的箱子了📦",2024年11月18日 星期一 下午2:53,@shopee_tw,,34,1,0,0,https://www.threads.com/@shopee_tw/post/DCglOPsP5EK,破一萬讚考慮一下（？,2024年11月18日 星期一 下午6:18,,,13,0,0,0
lemon_ning0223,https://www.threads.com/@lemon_ning0223/post/DCge9NHPoWn,"
一次就開箱四隻天線寶寶",2024年11月18日 星期一 下午5:23,@shopee_tw,,1,1,0,0,https://www.threads.com/@shopee_tw/post/DCglGj9vzCO,四隻一次打包帶走,2024年11月18日 星期一 下午6:17,,,0,0,0,0
fluffy.howahowa,https://www.threads.com/@fluffy.howahowa/post/DCgkzbiyNlB,"
救命 難過的小編到底遇到什麼事可以哭成這樣",2024年11月18日 星期一 下午6:14,@shopee_tw,,4,1,0,0,https://www.threads.com/@shopee_tw/post/DCglFCUP3GM,YOASOBI沒中選,2024年11月18日 星期一 下午6:17,,,4,0,0,0
npm_south,https://www.threads.com/@npm_south/post/DCgahB2JPN0,"
發現了蝦小編",2024年11月18日 星期一 下午4:44,@shopee_tw,,67,1,0,0,https://www.threads.com/@shopee_tw/post/DCglDEAvHrk,找到我一點也不南❤️,2024年11月18日 星期一 下午6:16,,,16,0,0,0
sundayright_dub,https://www.threads.com/@sundayright_dub/post/DCgXVCjunGt,"又中了
開放大家吸歐氣",2024年11月18日 星期一 下午4:17,,,641,31,3,12,https://www.threads.com/@shopee_tw/post/DCgYtOevTD9,"天啊！星期天根本是歐洲人！
抽卡直接抽到皇冠超夢，太讓人驚豔了！
歐洲人抽皇冠超夢 歐夢 어머 天啊
諧音韓文小教室，下次見～",2024年11月18日 星期一 下午4:29,,,9,0,0,0
windfoxy,https://www.threads.com/@windfoxy/post/DCgRe5gSA-3,"
啥😧早餐店老闆娘？？",2024年11月18日 星期一 下午3:25,@shopee_tw,No photo description available.,97,1,0,0,https://www.threads.com/@shopee_tw/post/DCgV9pCPbTP,老闆娘單身,2024年11月18日 星期一 下午4:05,,,16,1,0,1
sylus_33109,https://www.threads.com/@sylus_33109/post/DCgJ7pXp1r7,"
我獲得了一個難過的小編……😑",2024年11月18日 星期一 下午2:19,@shopee_tw,,14,1,0,0,https://www.threads.com/@shopee_tw/post/DCgV7YIPOCX,謝謝 希望他可以不再難過,2024年11月18日 星期一 下午4:04,,,3,0,0,0
chienchen666,https://www.threads.com/@chienchen666/post/DCgKyZDStyW,"
我開到的是乂煞氣的魔蝦耶~🦐",2024年11月18日 星期一 下午2:27,@shopee_tw,,15,1,0,0,https://www.threads.com/@shopee_tw/post/DCgPJMRvVfZ,蝦蝦開心,2024年11月18日 星期一 下午3:05,,,0,0,0,0
allennlai,https://www.threads.com/@allennlai/post/DCgOdR3TwtX,"
為什麼有我啊笑死",2024年11月18日 星期一 下午2:59,@shopee_tw,,39,2,0,1,https://www.threads.com/@shopee_tw/post/DCgPEdWPDlZ,是人魚漢頓😍😍😍,2024年11月18日 星期一 下午3:04,,,23,0,0,0
dewei1693,https://www.threads.com/@dewei1693/post/DCgOJr9y7MJ,"
這好屌喔 我要轉發給大家玩
我中的是早餐店阿姨 薛爛
不想努力惹",2024年11月18日 星期一 下午2:56,@shopee_tw,,53,1,0,0,https://www.threads.com/@shopee_tw/post/DCgPARcvVV_,早餐店老闆娘單身（欸,2024年11月18日 星期一 下午3:04,,,18,1,0,0
gofirwhat1002,https://www.threads.com/@gofirwhat1002/post/DCfqa5jzLdw,"
美好的一天叢抽卡開始😌",2024年11月18日 星期一 上午9:44,@shopee_tw,,0,1,0,0,https://www.threads.com/@shopee_tw/post/DCfqpLtya8I,五張白卡，關掉遊戲洗洗睡😌,2024年11月18日 星期一 上午9:46,,,0,0,0,0
elvischung0401,https://www.threads.com/@elvischung0401/post/DCYpHqzSLXe,三包出兩包神包！！！,2024年11月15日 星期五 下午4:18,,No photo description available. | No photo description available.,2474,96,28,307,https://www.threads.com/@shopee_tw/post/DCbOwXzPN59,,2024年11月16日 星期六 下午4:25,,,93,1,0,6
david_der_der,https://www.threads.com/@david_der_der/post/DCY3F0-zgt0,"我下午在全家點了一杯咖啡
付完錢我就走了
這樣算是有提神嗎…？",2024年11月15日 星期五 下午6:20,,,810,170,1,8,https://www.threads.com/@shopee_tw/post/DCZlZpUyCfZ,提心吊膽,2024年11月16日 星期六 上午1:05,,,66,1,0,1
narwhal0525,https://www.threads.com/@narwhal0525/post/DCYtyk2SbQG,當你心情很低落，會做什麼事情讓自己開心呢?,2024年11月15日 星期五 下午4:59,,,123,166,2,1,https://www.threads.com/@shopee_tw/post/DCZlKXsyrXW,買東西。,2024年11月16日 星期六 上午1:03,,,131,2,0,2
littleteddy_1021,https://www.threads.com/@littleteddy_1021/post/DCVo9OeysP2,只有蝦皮會說想我了⋯🥲,2024年11月14日 星期四 下午12:19,,No photo description available.,535,12,18,13,https://www.threads.com/@shopee_tw/post/DCZkpeJydDl,真的不理嗎🥹🥹🥹,2024年11月16日 星期六 上午12:58,,,219,0,0,3
emobaby245,https://www.threads.com/@emobaby245/post/DCYFrw9TZ2U,你會幾個？,2024年11月15日 星期五 上午11:08,,No photo description available.,2525,65,23,111,https://www.threads.com/@shopee_tw/post/DCZjxtgy6Np,"謝謝你的支持，下次附上原圖我們會更開心❤️
shopee_tw",2024年11月16日 星期六 上午12:51,,"Photo by 蝦皮購物Shopee on October 22, 2024.",223,1,0,2
ruixin_0806,https://www.threads.com/@ruixin_0806/post/DCZSdsgyhur,笑瘋 第一次看到有人用蝦皮買麥香,2024年11月15日 星期五 下午10:19,,No photo description available.,361,11,0,32,https://www.threads.com/@shopee_tw/post/DCZiFB2ScGM,美麥喔,2024年11月16日 星期六 上午12:36,,,143,0,0,3
wayumi00414,https://www.threads.com/@wayumi00414/post/DCYfBXohaiS,"
太強了！！！
蝦編們要+雞腿🍗",2024年11月15日 星期五 下午2:50,@shopee_tw,,4,1,0,0,https://www.threads.com/@shopee_tw/post/DCYmJO5PL1z,真的 他們要++,2024年11月15日 星期五 下午3:52,,,4,0,0,0
taiwanflyn,https://www.threads.com/@taiwanflyn/post/DCYdtBaJ5Wr,"
都沒看過男生快速換裝直播，
話說學長是有多愛女裝？",2024年11月15日 星期五 下午2:38,@shopee_tw,,174,2,0,0,https://www.threads.com/@shopee_tw/post/DCYmFx7Pi8k,試過就回不去了,2024年11月15日 星期五 下午3:52,,,58,0,0,0
yilin.yu_1005,https://www.threads.com/@yilin.yu_1005/post/DCYlN7hyxGF,"
很可以啊！節奏感超好！
不愧是成精學長編！",2024年11月15日 星期五 下午3:44,@shopee_tw,,45,1,0,0,https://www.threads.com/@shopee_tw/post/DCYl-e9PaD4,只有學長編能超越學長編,2024年11月15日 星期五 下午3:51,,,23,0,0,0
museacg,https://www.threads.com/@museacg/post/DCW8PIYyCwT,"我目前的狀態：
〇 戀愛
〇 曖昧
⬤ 看完膽大黨第7話哭得一把鼻涕一把眼淚",2024年11月15日 星期五 上午12:27,,No photo description available.,7577,120,725,854,https://www.threads.com/@shopee_tw/post/DCYQPxbvApW,我幫大家支援衛生紙 一起哭嗚嗚嗚嗚嗚嗚,2024年11月15日 星期五 下午12:41,,No photo description available.,78,1,0,2
gofirwhat1002,https://www.threads.com/@gofirwhat1002/post/DCVrad6TriG,"
證件照不露耳？",2024年11月14日 星期四 下午12:40,@shopee_tw,,25,1,0,0,https://www.threads.com/@shopee_tw/post/DCWAfpGPR1B,他…本來就沒有耳朵…,2024年11月14日 星期四 下午3:45,,,57,0,0,1
_angu_.18,https://www.threads.com/@_angu_.18/post/DCO1Kwkv-YC,"
@jason_921106 小編也迷失了嗎",2024年11月11日 星期一 下午8:51,@shopee_tw,No photo description available.,14,1,0,0,https://www.threads.com/@shopee_tw/post/DCS5kXtPs2I,為什麼要演奏春日影.jpg,2024年11月13日 星期三 上午10:46,,,2,0,0,0
pumpkin_soup1207,https://www.threads.com/@pumpkin_soup1207/post/DCOoKsgz_3t,"
小編需要來點嗎",2024年11月11日 星期一 下午6:57,@shopee_tw,No photo description available.,14,1,0,0,https://www.threads.com/@shopee_tw/post/DCS5ayHvs_R,給我來一手,2024年11月13日 星期三 上午10:45,,,0,0,0,0
npm_south,https://www.threads.com/@npm_south/post/DCOa64wp27l,"
暈船了嗎?",2024年11月11日 星期一 下午5:02,@shopee_tw,No photo description available.,144,3,0,0,https://www.threads.com/@shopee_tw/post/DCS5ZaEvm6M,這樣太危險,2024年11月13日 星期三 上午10:45,,,1,0,0,0
c_crob,https://www.threads.com/@c_crob/post/DCSJnMFTSOw,,2024年11月13日 星期三 上午3:47,@shopee_tw,No photo description available.,36,1,0,0,https://www.threads.com/@shopee_tw/post/DCS5P44P9Uw,明明就是初音,2024年11月13日 星期三 上午10:44,,,9,0,0,0
mura0721_,https://www.threads.com/@mura0721_/post/DCS2eDAyB2v,"
第五個步驟
移除購物車內的東西（X",2024年11月13日 星期三 上午10:19,@shopee_tw,,56,1,0,0,https://www.threads.com/@shopee_tw/post/DCS5NiTyT2o,也算是一種清空,2024年11月13日 星期三 上午10:43,,,13,0,0,0
ikun.1018,https://www.threads.com/@ikun.1018/post/DCRvjlYTWSa,,2024年11月13日 星期三 上午12:00,@shopee_tw,No photo description available.,4,1,0,0,https://www.threads.com/@shopee_tw/post/DCS5KzzSmtN,畢竟這是一輩子的事.jpg,2024年11月13日 星期三 上午10:43,,,5,0,0,0
riko10_22yuma,https://www.threads.com/@riko10_22yuma/post/DCRunEiSE6j,"
你是怎麼知道的",2024年11月12日 星期二 下午11:51,@shopee_tw,,146,1,0,0,https://www.threads.com/@shopee_tw/post/DCRwb8FSP0H,這是不能說的秘密,2024年11月13日 星期三 上午12:07,,,63,0,0,0
star._x2,https://www.threads.com/@star._x2/post/DCRn35Sy9Kj,"
吉良吉影比讚👍🏻😺💥",2024年11月12日 星期二 下午10:52,@shopee_tw,,18,1,0,0,https://www.threads.com/@shopee_tw/post/DCRwarCS7zw,皇后殺手來按讚👍,2024年11月13日 星期三 上午12:07,,,5,0,0,0
goto_kazubi,https://www.threads.com/@goto_kazubi/post/DCRkr2rynVC,,2024年11月12日 星期二 下午10:25,@shopee_tw,No photo description available.,62,2,0,0,https://www.threads.com/@shopee_tw/post/DCRwYLwSCiu,是又怎樣.jpg,2024年11月13日 星期三 上午12:07,,,28,2,0,1
netflixtw,https://www.threads.com/@netflixtw/post/DCORjW0g5Q1,"「妳可以叫我的名字嗎？」🥺
獵人獵人",2024年11月11日 星期一 下午4:00,,,3064,72,290,153,https://www.threads.com/@shopee_tw/post/DCOgdqvv1e9,蟻王要的不是蟻后，是小麥,2024年11月11日 星期一 下午5:50,,No photo description available.,177,1,4,9
8yotea,https://www.threads.com/@8yotea/post/DCOeZHsT6KH,"
這長度，是我們第一個轉角",2024年11月11日 星期一 下午5:32,@shopee_tw,,109,2,0,0,https://www.threads.com/@shopee_tw/post/DCOgBbovQRo,轉角遇到愛,2024年11月11日 星期一 下午5:46,,,21,0,0,0
chenwancai50,https://www.threads.com/@chenwancai50/post/DCN-Trxzb9L,"#11/11...晚間...八點...上架...
贈送…2025...檳友...開運...農民曆...乙本...
經典...Logo...微刺繡...精美...低調...
寬鬆...版型...舒適...大方...
尺寸...請確認...售出...不退換...",2024年11月11日 星期一 下午12:52,,No photo description available. | No photo description available. | No photo description available. | No photo description available.,178,3,10,38,https://www.threads.com/@shopee_tw/post/DCOf8Idvn8z,財哥…請低調…我怕…搶不到…,2024年11月11日 星期一 下午5:45,,,6,0,0,0
zhen_12.21,https://www.threads.com/@zhen_12.21/post/DCMS_-GP1jd,"打開蝦皮都不知道要買什麼讚1,696回覆82轉發66分享51",2024年11月10日 星期日 下午9:14,,,,,,,https://www.threads.com/@shopee_tw/post/DCN_VtaPdTZ,追蹤shopee_tw已驗證 更多現在還有9張免運，確定不買🥹🥹🥹讚68 轉發分享1,2024年11月11日 星期一 下午1:01,,,,,,
chocolearsc,https://www.threads.com/@chocolearsc/post/DCIpjO8z-eX,追蹤chocolearsc 更多原來真的有這個單字 讚回覆34轉發分享,2024年11月9日 星期六 上午11:14,,No photo description available.,,,,,https://www.threads.com/@shopee_tw/post/DCI97LDvufg,"追蹤shopee_tw已驗證 原作者說讚更多嘿讚2,557 轉發1",2024年11月9日 星期六 下午2:12,,,,,,
8yotea,https://www.threads.com/@8yotea/post/DCGKv5gosPN,"曜頭帶你走一圈從頭走到尾大概4分鐘
-
大家要小心後方來車！
因為有些顧客們太興奮一次大概點30杯起跳
所以請在稍等片刻呦❤️
-
現場有機會遇到曜頭採訪喔🤫 1/2已靜音讚1.8 萬回覆1,477轉發1,296分享4.0 萬",2024年11月8日 星期五 下午12:11,,,,,,,https://www.threads.com/@shopee_tw/post/DCGNkUdP9F8,追蹤shopee_tw已驗證 更多大巨蛋需要你的應援🥹🥹🥹讚144回覆轉發分享10,2024年11月8日 星期五 下午12:31,,,,,,
museacg,https://www.threads.com/@museacg/post/DCGKOUYyIQF,"《刀劍神域劇場版-序列爭戰》2D/4D現正熱映中
刀劍神域 1/2讚1,523回覆8轉發69分享68",2024年11月8日 星期五 下午12:02,,No photo description available.,,,,,https://www.threads.com/@shopee_tw/post/DCGK34EvTS2,追蹤shopee_tw已驗證 原作者說讚更多摸頭還要哭😭讚38 轉發分享1,2024年11月8日 星期五 下午12:07,,,,,,
eiffel_tower_404,https://www.threads.com/@eiffel_tower_404/post/DB8FUGbSRZR,貼文已分享到聯邦宇宙 更多,2024年11月4日 星期一 下午2:06,,,0,0,0,0,https://www.threads.com/@shopee_tw/post/DCEKwmwvg6m,"這樣的船還要不要暈？讚1,182回覆40轉發71分享129讚332回覆2轉發1分享18",2024年11月7日 星期四 下午5:28,,No photo description available. | No photo description available. | No photo description available. | No photo description available. | No photo description available.,,,,
justfont,https://www.threads.com/@justfont/post/DCDPzQrz6Vp,追蹤justfont 原作者說讚更多正在回覆@shopee_tw蛤讚394 轉發2分享,2024年11月7日 星期四 上午8:53,,,,,,,https://www.threads.com/@shopee_tw/post/DCEKkYSPl8X,追蹤shopee_tw已驗證 更多想看你出手讚7回覆轉發分享,2024年11月7日 星期四 下午5:26,,,,,,
red21_official,https://www.threads.com/@red21_official/post/DCDneFXzQxO,"你卻京華老宋體⋯我原本以為會帶我去
你卻源石黑體。我特別希望你能答應
你卻特高明朝テゴミン我聞到你滿身酒氣味
你卻文泉驛點陣宋體我巴不得馬上找你
你卻851手書體我輕易全款拿下10顆鮮蝦水餃
你卻青松手寫體我賴著你不放
你卻瀨戶字體我認為你非常不好
你卻zen圓體超夯中文字體分享( ´▽｀)讚25回覆1轉發分享",2024年11月7日 星期四 下午12:20,,,,,,,https://www.threads.com/@shopee_tw/post/DCEKixUvMSx,追蹤shopee_tw已驗證 更多很懂讚2回覆轉發分享,2024年11月7日 星期四 下午5:26,,,,,,
naraka.tw,https://www.threads.com/@naraka.tw/post/DCCKiaBStDx,追蹤naraka.tw已驗證 原作者說讚更多正在回覆@shopee_tw夜深了要不要聊點dirty 回覆1轉發分享,2024年11月6日 星期三 下午10:48,,,,,,,https://www.threads.com/@shopee_tw/post/DCCOl_0SF-S,追蹤shopee_tw已驗證 更多譬如：今天加班到幾點嗎？讚回覆1轉發分享,2024年11月6日 星期三 下午11:23,,,,,,
good.morning.my.dear.friend,https://www.threads.com/@good.morning.my.dear.friend/post/DCCBJRlT4Ie,"
這我擅長",2024年11月6日 星期三 下午9:25,@shopee_tw,No photo description available.,37,1,0,0,https://www.threads.com/@shopee_tw/post/DCCIc1PP3vG,容我叫你一聲前輩,2024年11月6日 星期三 下午10:29,,,11,0,0,0
ani3small_yellow,https://www.threads.com/@ani3small_yellow/post/DCBv-Erzrpx,"誰家的浣熊走失了？
據《中央社》報導，桃園市政府動物保護處於10月29日接獲通報，有民眾在八德區發現一隻北美浣熊。這位民眾在田裡工作時偶然發現了牠，便先將浣熊帶回家，但一直沒有飼主前來認領，因此通知了動保處。
動保處指出，這隻浣熊是男生，體型巨大，就跟阿嬤養的一樣。會以飼料與蔬果餵食，但牠很挑食，只對巧克力餅乾情有獨鍾。特別的是，當牠吃Oreo餅乾時，會先將餅乾轉開再享用內餡。
目前在台灣飼養浣熊並不違法。動保處已於10月30日發布認領公告，若至明日仍無飼主出面，將依照相關規定處理。預計將飼養至12月，屆時將以特殊寵物的方式開放指定認養。
🦝anima.com.tw/p3275…",2024年11月6日 星期三 下午6:55,,No photo description available.,641,26,87,268,https://www.threads.com/@shopee_tw/post/DCB3dZTvrcR,這個特徵聽起來很浣轉,2024年11月6日 星期三 下午8:01,,,66,0,0,0
taisun51,https://www.threads.com/@taisun51/post/DB_azPTCqNO,"從哪件事情可以發覺自己變老了？？
“收到網購可以五天後才開箱”",2024年11月5日 星期二 下午9:13,,,2895,50,31,63,https://www.threads.com/@shopee_tw/post/DCAyVC6yA8_,清空購物車…,2024年11月6日 星期三 上午9:57,,,69,2,0,3
npm_south,https://www.threads.com/@npm_south/post/DB-e529zKcV,"
喜歡New 苣絲",2024年11月5日 星期二 下午12:29,@shopee_tw,,32,2,0,0,https://www.threads.com/@shopee_tw/post/DCAx0DgyiZS,你的肉肉+我的菜菜=絕配,2024年11月6日 星期三 上午9:52,,,0,0,0,0
nen_0427,https://www.threads.com/@nen_0427/post/DB9UleGzV5z,"
這是苣錘瑞絲",2024年11月5日 星期二 上午1:39,@shopee_tw,No photo description available.,25,1,0,1,https://www.threads.com/@shopee_tw/post/DB-HhFuy_-n,Aaaaaaaaaaaa,2024年11月5日 星期二 上午9:04,,,0,0,0,0
psychogiraffe_yu,https://www.threads.com/@psychogiraffe_yu/post/DB8p67yzV01,,2024年11月4日 星期一 下午7:26,@shopee_tw,No photo description available.,42,1,0,0,https://www.threads.com/@shopee_tw/post/DB9Rg1QSsuc,先別生氣,2024年11月5日 星期二 上午1:12,,,0,0,0,0
aesir_porter,https://www.threads.com/@aesir_porter/post/DB8ks4JvhnW,,2024年11月4日 星期一 下午6:41,@shopee_tw,No photo description available. | No photo description available.,98,3,2,7,https://www.threads.com/@shopee_tw/post/DB9RfLISpJa,GYM身有益身體健康,2024年11月5日 星期二 上午1:12,,,8,0,0,0
8yotea,https://www.threads.com/@8yotea/post/DB89ynRT6p2,,2024年11月4日 星期一 下午10:20,,,0,0,0,0,https://www.threads.com/@shopee_tw/post/DB9RTJESn_c,一定是皮卡丘,2024年11月5日 星期二 上午1:10,,,2,0,0,0
rr.piao,https://www.threads.com/@rr.piao/post/DB5OdxtyYuG,"
圖片支援",2024年11月3日 星期日 上午11:29,@shopee_tw,No photo description available.,23,1,0,0,https://www.threads.com/@shopee_tw/post/DB7oGbzSFeg,就是，哥們！,2024年11月4日 星期一 上午9:51,,,0,0,0,0
zipsa.0131,https://www.threads.com/@zipsa.0131/post/DB5kWxby8xp,"
我人生也有3冠 新冠 新冠跟 新冠",2024年11月3日 星期日 下午2:40,@shopee_tw,,48,1,0,1,https://www.threads.com/@shopee_tw/post/DB59xA7PkQe,太狠了,2024年11月3日 星期日 下午6:22,,,4,0,0,0
shasha77.daily,https://www.threads.com/@shasha77.daily/post/DB1KO-qzjcA,,2024年11月1日 星期五 下午9:35,,,0,0,0,0,https://www.threads.com/@shopee_tw/post/DB1bezwyi3V,一定是祖克柏搞的鬼.jpg,2024年11月2日 星期六 上午12:05,,,59,0,0,0
8yotea,https://www.threads.com/@8yotea/post/DB04wPbTSXU,我只能說新北三重開幕「我要shampoo！！」,2024年11月1日 星期五 下午7:02,,No photo description available. | No photo description available. | No photo description available. | No photo description available.,2543,116,151,1535,https://www.threads.com/@shopee_tw/post/DB1bPxwShGD,請你免運吃到飽 請我八曜喝到飽🤝,2024年11月2日 星期六 上午12:03,,,40,1,0,0
